# Apple ModelIO OBJ File: blt150_02
mtllib blt150_02.mtl
g 
v 2.18225 2.12769 0.084208
v 2.18227 2.1228 0.101246
v 2.18265 2.13989 0.086659
v 2.18503 2.13135 0.072644
v 2.18349 2.14005 0.099667
v 2.1863 2.12021 0.118126
v 2.18627 2.10953 0.065778
v 2.18835 2.13196 0.067054
v 2.19829 2.13318 0.061334
v 2.18895 2.10892 0.12812
v 2.19152 2.1199 0.131168
v 2.21732 2.10205 0.148092
v 2.23162 2.10526 0.148579
v 2.21824 2.12662 0.146619
v 2.20828 2.12387 0.144238
v 2.26958 2.10999 0.13689
v 2.27978 2.10968 0.130106
v 2.27854 2.13181 0.128931
v 2.28386 2.1106 0.12391
v 2.25128 2.10861 0.144603
v 2.26869 2.13226 0.136243
v 2.25097 2.13211 0.143738
v 2.27688 2.13776 0.129289
v 2.28191 2.13272 0.122109
v 2.26835 2.13989 0.134826
v 2.26714 2.14279 0.130635
v 2.25073 2.14188 0.142198
v 2.2495 2.14478 0.138833
v 2.27788 2.13821 0.123979
v 2.2717 2.14386 0.115913
v 2.23123 2.14172 0.14572
v 2.22885 2.14462 0.142763
v 2.23194 2.12952 0.147248
v 2.21991 2.1405 0.145853
v 2.21145 2.14157 0.141787
v 2.21626 2.14676 0.140276
v 2.19802 2.13593 0.138307
v 2.19863 2.12128 0.139543
v 2.19879 2.14462 0.132418
v 2.20691 2.15149 0.133289
v 2.19287 2.13745 0.130837
v 2.18736 2.13898 0.116601
v 2.19026 2.14569 0.113847
v 2.196 2.15408 0.108672
v 2.18987 2.14401 0.094016
v 2.18783 2.13959 0.077223
v 2.20299 2.1431 0.080078
v 2.18999 2.13745 0.068
v 2.2002 2.13867 0.069726
v 2.21922 2.14127 0.069794
v 2.21915 2.13791 0.065117
v 2.20542 2.13699 0.062639
v 2.21708 2.13043 0.051827
v 2.21892 2.13531 0.058699
v 2.23112 2.11563 0.042659
v 2.22946 2.12769 0.047486
v 2.24169 2.11746 0.044511
v 2.2389 2.1312 0.055588
v 2.23441 2.13608 0.062902
v 2.24647 2.13638 0.068829
v 2.25326 2.11884 0.050445
v 2.25279 2.12769 0.055401
v 2.25046 2.13272 0.064613
v 2.26614 2.11746 0.064436
v 2.26065 2.12967 0.067645
v 2.26136 2.13272 0.074535
v 2.26504 2.13959 0.088213
v 2.27833 2.11487 0.085905
v 2.27275 2.13028 0.086633
v 2.26864 2.13531 0.088287
v 2.28572 2.11212 0.107575
v 2.28064 2.13196 0.107461
v 2.27644 2.13821 0.110617
v 2.24354 2.16568 0.074599
v 2.22106 2.16217 0.073509
v 2.20314 2.15607 0.088067
v 2.1964 2.1489 0.094569
v 2.2007 2.16293 0.0952
v 2.22455 2.19452 0.074605
v 2.20178 2.17316 0.095946
v 2.20954 2.19101 0.086058
v 2.20173 2.18475 0.106111
v 2.20829 2.18475 0.128158
v 2.2069 2.20642 0.123469
v 2.20314 2.19498 0.095694
v 2.20252 2.20673 0.107368
v 2.20538 2.22488 0.106735
v 2.21115 2.22534 0.122173
v 2.20483 2.20993 0.094507
v 2.21129 2.21207 0.085021
v 2.20869 2.22641 0.093995
v 2.20931 2.23831 0.10506
v 2.21126 2.23709 0.118471
v 2.21279 2.23892 0.09454
v 2.21636 2.229 0.083338
v 2.21079 2.2644 0.103787
v 2.21318 2.2673 0.118828
v 2.21566 2.26349 0.093495
v 2.21952 2.23969 0.087147
v 2.21195 2.29248 0.117251
v 2.21816 2.28165 0.123186
v 2.21854 2.29263 0.122888
v 2.21142 2.29248 0.102827
v 2.21148 2.3111 0.116849
v 2.21912 2.3111 0.12268
v 2.21891 2.3381 0.122998
v 2.21199 2.3111 0.102141
v 2.21126 2.32941 0.116684
v 2.21713 2.29248 0.092643
v 2.21385 2.32788 0.099678
v 2.21109 2.3468 0.11667
v 2.21914 2.32437 0.091912
v 2.21271 2.34711 0.101473
v 2.21085 2.36359 0.116916
v 2.21902 2.36313 0.12328
v 2.21387 2.36465 0.099744
v 2.21943 2.35214 0.091806
v 2.21073 2.38159 0.117451
v 2.21932 2.38098 0.123661
v 2.21199 2.38235 0.102141
v 2.2196 2.40051 0.124451
v 2.21888 2.37747 0.09208
v 2.21108 2.40143 0.102789
v 2.21059 2.40082 0.117989
v 2.20998 2.42233 0.118531
v 2.21959 2.42264 0.125755
v 2.20982 2.42264 0.103332
v 2.20865 2.44492 0.119345
v 2.21876 2.44537 0.128406
v 2.21805 2.40173 0.09247
v 2.20898 2.444 0.103712
v 2.20717 2.46719 0.119714
v 2.21611 2.46811 0.1327
v 2.2169 2.42294 0.092886
v 2.21602 2.44339 0.093609
v 2.22346 2.42172 0.089521
v 2.21558 2.46033 0.095066
v 2.22329 2.44186 0.089915
v 2.22381 2.40067 0.089556
v 2.20881 2.46353 0.104593
v 2.20906 2.47971 0.107503
v 2.23308 2.39914 0.089602
v 2.22397 2.38159 0.08958
v 2.22343 2.3642 0.089864
v 2.22461 2.3465 0.089105
v 2.2233 2.32773 0.089507
v 2.23416 2.34573 0.088561
v 2.22421 2.31079 0.088442
v 2.23381 2.36252 0.088934
v 2.23345 2.37991 0.089307
v 2.24063 2.37869 0.092946
v 2.24062 2.35382 0.092054
v 2.23454 2.3288 0.088262
v 2.24098 2.32224 0.090785
v 2.2363 2.30972 0.088187
v 2.22377 2.29233 0.088112
v 2.23623 2.29355 0.087562
v 2.22235 2.26349 0.088226
v 2.2333 2.26379 0.086192
v 2.24132 2.30148 0.089938
v 2.24124 2.28821 0.089721
v 2.23363 2.23984 0.083966
v 2.24169 2.26532 0.091421
v 2.22973 2.2319 0.078158
v 2.24226 2.24182 0.090735
v 2.24838 2.26349 0.100437
v 2.24583 2.29355 0.095194
v 2.24963 2.23953 0.096737
v 2.24286 2.23709 0.08524
v 2.25081 2.26318 0.10848
v 2.24546 2.30972 0.095084
v 2.24636 2.32864 0.097119
v 2.24636 2.35611 0.098011
v 2.25039 2.3288 0.107742
v 2.25061 2.31079 0.107907
v 2.25058 2.29355 0.109619
v 2.24608 2.37823 0.098591
v 2.24946 2.30438 0.11458
v 2.2494 2.3291 0.113953
v 2.24895 2.35413 0.113626
v 2.24972 2.35443 0.10726
v 2.24882 2.37976 0.108799
v 2.24599 2.39746 0.099201
v 2.24841 2.38113 0.113492
v 2.24847 2.39761 0.107385
v 2.2446 2.38052 0.118206
v 2.24052 2.39807 0.093559
v 2.24059 2.41928 0.094184
v 2.24798 2.39777 0.113171
v 2.24734 2.41821 0.112755
v 2.24795 2.41806 0.106852
v 2.24585 2.41837 0.09973
v 2.24546 2.43851 0.100446
v 2.24716 2.43805 0.106
v 2.24044 2.43973 0.095121
v 2.23287 2.42035 0.089924
v 2.23274 2.44049 0.090459
v 2.24518 2.45499 0.102336
v 2.2323 2.45621 0.091502
v 2.24032 2.4556 0.097034
v 2.24532 2.4617 0.104072
v 2.22316 2.45789 0.091336
v 2.23094 2.46689 0.093541
v 2.23765 2.47025 0.099953
v 2.21604 2.47437 0.097658
v 2.22331 2.47314 0.095343
v 2.22721 2.47879 0.096684
v 2.21712 2.48245 0.099296
v 2.22344 2.48825 0.101062
v 2.21977 2.48184 0.098576
v 2.21281 2.49298 0.107117
v 2.20574 2.50092 0.117563
v 2.23404 2.48901 0.105649
v 2.24095 2.48962 0.114831
v 2.23143 2.50275 0.111875
v 2.21282 2.51129 0.115636
v 2.2236 2.50885 0.112686
v 2.22856 2.51587 0.120057
v 2.24456 2.46964 0.11003
v 2.23452 2.50916 0.120818
v 2.2202 2.51953 0.118956
v 2.23332 2.51953 0.128233
v 2.23654 2.51007 0.131288
v 2.22562 2.52594 0.126732
v 2.23242 2.52716 0.13603
v 2.21361 2.53021 0.126716
v 2.23922 2.49466 0.129739
v 2.23696 2.50549 0.137379
v 2.24127 2.47696 0.1251
v 2.23527 2.51648 0.136292
v 2.23666 2.49313 0.136115
v 2.24589 2.4556 0.111003
v 2.24676 2.43835 0.112072
v 2.24232 2.45972 0.122206
v 2.24283 2.44049 0.120478
v 2.24308 2.41974 0.119813
v 2.23294 2.4826 0.136576
v 2.2321 2.46506 0.132495
v 2.23178 2.44385 0.128474
v 2.2188 2.48245 0.140087
v 2.23134 2.42188 0.126357
v 2.23085 2.40005 0.125481
v 2.24343 2.39868 0.11944
v 2.23053 2.38037 0.125025
v 2.22996 2.36282 0.124825
v 2.24363 2.36221 0.119539
v 2.22958 2.34604 0.124645
v 2.24354 2.34589 0.119731
v 2.22961 2.32941 0.124303
v 2.24368 2.32925 0.11968
v 2.22968 2.3111 0.124035
v 2.24365 2.3111 0.119605
v 2.22878 2.29263 0.123797
v 2.24418 2.2937 0.119255
v 2.22771 2.27371 0.123538
v 2.24883 2.28775 0.11553
v 2.24007 2.27188 0.121801
v 2.22692 2.25403 0.123581
v 2.24395 2.26089 0.117721
v 2.24442 2.23984 0.119495
v 2.22494 2.23587 0.124861
v 2.21931 2.22916 0.126344
v 2.23089 2.23389 0.12603
v 2.21612 2.22214 0.128717
v 2.24442 2.2345 0.123061
v 2.21505 2.2084 0.131137
v 2.22573 2.22656 0.129693
v 2.2451 2.22809 0.128496
v 2.22657 2.21069 0.13426
v 2.21512 2.19376 0.133549
v 2.24681 2.21329 0.132746
v 2.21739 2.17331 0.136702
v 2.22509 2.18521 0.136416
v 2.2174 2.15866 0.138489
v 2.22537 2.15332 0.139889
v 2.24841 2.15637 0.135816
v 2.24827 2.18704 0.134089
v 2.26342 2.15637 0.128413
v 2.26429 2.18948 0.125906
v 2.269 2.16141 0.115192
v 2.26958 2.19147 0.116353
v 2.26285 2.16248 0.092903
v 2.26954 2.17743 0.103707
v 2.26886 2.17636 0.100954
v 2.25952 2.19315 0.088187
v 2.24481 2.19299 0.076327
v 2.26947 2.19284 0.106657
v 2.27014 2.20749 0.116553
v 2.26694 2.19284 0.09881
v 2.2694 2.21405 0.109598
v 2.26473 2.21436 0.121775
v 2.26969 2.22488 0.113962
v 2.26099 2.2287 0.11907
v 2.26827 2.22672 0.107818
v 2.26515 2.2142 0.096536
v 2.26292 2.23206 0.109604
v 2.26497 2.22687 0.098303
v 2.25879 2.2139 0.087081
v 2.25782 2.2316 0.094253
v 2.24313 2.21603 0.076618
v 2.23033 2.21039 0.073555
v 2.24178 2.23007 0.079619
v 2.23499 2.22427 0.072512
v 2.21741 2.20337 0.076869
v 2.22553 2.21588 0.074652
v 2.2174 2.21359 0.077277
v 2.22746 2.22565 0.0746
v 2.21864 2.22565 0.07756
v 2.25496 2.23785 0.111845
v 2.25526 2.23328 0.119366
v 2.20552 2.47726 0.113823
v 2.20737 2.47543 0.126057
v 2.2056 2.48886 0.114527
v 2.2055 2.48505 0.122276
v 2.2086 2.47604 0.131696
v 2.20866 2.48886 0.138578
v 2.21226 2.49649 0.14758
v 2.20336 2.50732 0.143187
v 2.20984 2.50763 0.153408
v 2.20625 2.52258 0.161862
v 2.20288 2.50458 0.127601
v 2.19903 2.52594 0.147356
v 2.20208 2.52075 0.131628
v 2.20667 2.51495 0.121926
v 2.20779 2.52167 0.124116
v 2.20378 2.53265 0.134094
v 2.19767 2.5412 0.146307
v 2.20486 2.5473 0.141502
v 2.20219 2.55371 0.147578
v 2.21407 2.54547 0.13693
v 2.21484 2.55493 0.144853
v 2.22205 2.5412 0.13566
v 2.22506 2.54791 0.144386
v 2.22834 2.54913 0.155205
v 2.20367 2.56836 0.154757
v 2.23163 2.53296 0.15085
v 2.225 2.56012 0.158942
v 2.22296 2.5592 0.152458
v 2.21559 2.56653 0.154083
v 2.22148 2.56989 0.162659
v 2.22608 2.55981 0.165041
v 2.22747 2.55188 0.164864
v 2.22435 2.55707 0.175489
v 2.22836 2.53815 0.163316
v 2.23216 2.5177 0.148713
v 2.228 2.52899 0.161415
v 2.23326 2.50153 0.143277
v 2.22111 2.51892 0.161653
v 2.22151 2.54456 0.175714
v 2.2302 2.49023 0.14155
v 2.22099 2.50702 0.154631
v 2.22023 2.49252 0.145822
v 2.20873 2.53174 0.171833
v 2.20175 2.53632 0.172264
v 2.22131 2.52808 0.166687
v 2.21005 2.54425 0.18126
v 2.20039 2.54822 0.181035
v 2.21764 2.55402 0.185153
v 2.20439 2.55585 0.189807
v 2.19421 2.56256 0.187262
v 2.21088 2.55432 0.188013
v 2.20036 2.56714 0.197039
v 2.19245 2.57446 0.198934
v 2.2118 2.56592 0.195476
v 2.20079 2.58026 0.207597
v 2.18993 2.58636 0.207651
v 2.21951 2.56317 0.187643
v 2.21338 2.58331 0.20383
v 2.19329 2.59308 0.216899
v 2.20157 2.59033 0.215102
v 2.22051 2.57843 0.191738
v 2.22392 2.56927 0.173858
v 2.21079 2.59033 0.210539
v 2.20244 2.60681 0.225989
v 2.19025 2.60742 0.226844
v 2.21299 2.60193 0.214368
v 2.21757 2.59735 0.204179
v 2.19578 2.61505 0.234007
v 2.18753 2.61719 0.234984
v 2.21919 2.59277 0.194336
v 2.21231 2.61749 0.220539
v 2.21929 2.5882 0.180338
v 2.21578 2.60864 0.200605
v 2.19168 2.62451 0.241506
v 2.18231 2.63062 0.244753
v 2.19865 2.61475 0.232965
v 2.19139 2.64008 0.253222
v 2.17816 2.64526 0.254785
v 2.2032 2.62329 0.235215
v 2.20696 2.61658 0.229059
v 2.20973 2.62634 0.230406
v 2.20322 2.64069 0.244221
v 2.20943 2.63519 0.231812
v 2.21097 2.63123 0.221752
v 2.19938 2.65015 0.255105
v 2.1924 2.66479 0.268933
v 2.20075 2.65991 0.257532
v 2.20582 2.65167 0.24156
v 2.20884 2.6416 0.232432
v 2.18273 2.65137 0.262454
v 2.18096 2.66449 0.271865
v 2.17502 2.65533 0.262661
v 2.17198 2.66815 0.271724
v 2.16831 2.68188 0.279952
v 2.20501 2.65076 0.227249
v 2.17852 2.67517 0.280795
v 2.20767 2.64191 0.224738
v 2.20991 2.62726 0.206792
v 2.17046 2.68951 0.289884
v 2.16439 2.69379 0.290145
v 2.18801 2.67395 0.278316
v 2.18293 2.68219 0.285352
v 2.1711 2.7002 0.29924
v 2.16261 2.70508 0.298665
v 2.19606 2.67792 0.270518
v 2.16499 2.71271 0.308353
v 2.17146 2.70996 0.307386
v 2.19062 2.68158 0.280132
v 2.18388 2.70142 0.296455
v 2.18027 2.70905 0.303939
v 2.17225 2.72278 0.31627
v 2.16226 2.72308 0.315114
v 2.159 2.7359 0.324012
v 2.18285 2.71942 0.306982
v 2.17275 2.7359 0.323877
v 2.18844 2.71545 0.296918
v 2.18279 2.73682 0.313089
v 2.19256 2.69653 0.284132
v 2.19153 2.71088 0.287102
v 2.19702 2.68951 0.266923
v 2.18747 2.72858 0.294258
v 2.19265 2.7063 0.27233
v 2.20064 2.67334 0.259924
v 2.20228 2.66937 0.246989
v 2.19778 2.6825 0.251143
v 2.19432 2.69165 0.254592
v 2.1938 2.67853 0.238387
v 2.1991 2.66663 0.232886
v 2.19731 2.65015 0.215437
v 2.18752 2.68738 0.243019
v 2.19088 2.67487 0.232139
v 2.19302 2.6651 0.225521
v 2.18557 2.67731 0.233173
v 2.18486 2.66602 0.224506
v 2.18449 2.65411 0.21636
v 2.17688 2.67975 0.236504
v 2.17324 2.6712 0.234089
v 2.17428 2.68707 0.243204
v 2.18472 2.69867 0.251825
v 2.18766 2.70538 0.260832
v 2.1758 2.70294 0.254099
v 2.17614 2.7124 0.262179
v 2.18449 2.71698 0.269528
v 2.18743 2.72034 0.278038
v 2.16686 2.70477 0.258976
v 2.18918 2.72156 0.287794
v 2.1832 2.7301 0.282501
v 2.17681 2.72369 0.272075
v 2.16496 2.72583 0.27387
v 2.1732 2.73529 0.28045
v 2.18279 2.74445 0.2988
v 2.17667 2.74292 0.289098
v 2.16617 2.74658 0.288775
v 2.16381 2.7121 0.26666
v 2.15857 2.73926 0.285768
v 2.15705 2.73041 0.282022
v 2.15502 2.74872 0.294772
v 2.16506 2.69287 0.254023
v 2.15672 2.71698 0.277109
v 2.15985 2.69897 0.266959
v 2.16937 2.67883 0.241336
v 2.16586 2.67792 0.247732
v 2.16815 2.66785 0.238854
v 2.1735 2.65656 0.227654
v 2.15161 2.7359 0.296088
v 2.1584 2.70172 0.27503
v 2.16752 2.66327 0.245587
v 2.1532 2.72125 0.29154
v 2.16163 2.68463 0.267367
v 2.16025 2.69287 0.27518
v 2.15851 2.70325 0.286036
v 2.16229 2.69318 0.283033
v 2.16913 2.66266 0.260747
v 2.1555 2.72308 0.306365
v 2.15176 2.73346 0.309917
v 2.14877 2.74261 0.313281
v 2.15103 2.74597 0.327557
v 2.15384 2.75055 0.336197
v 2.14882 2.74384 0.304495
v 2.14455 2.76184 0.333403
v 2.15122 2.76337 0.345501
v 2.14478 2.77496 0.351014
v 2.14835 2.75513 0.306772
v 2.14468 2.7594 0.318575
v 2.14124 2.77527 0.337689
v 2.13927 2.78442 0.340757
v 2.13954 2.78473 0.355352
v 2.13402 2.8006 0.362061
v 2.14939 2.76489 0.309639
v 2.1448 2.77557 0.322024
v 2.13982 2.78748 0.333333
v 2.13754 2.79572 0.342686
v 2.13137 2.81921 0.367737
v 2.15557 2.76398 0.304307
v 2.15581 2.77222 0.310308
v 2.14489 2.78809 0.328076
v 2.16647 2.7594 0.299453
v 2.16876 2.76886 0.309334
v 2.17387 2.75543 0.298391
v 2.17656 2.75879 0.304883
v 2.17888 2.76123 0.316617
v 2.18213 2.74994 0.31349
v 2.17933 2.76123 0.323678
v 2.17976 2.75452 0.323521
v 2.17977 2.74689 0.323113
v 2.17635 2.76947 0.319485
v 2.17542 2.77039 0.333463
v 2.17286 2.76031 0.33667
v 2.17329 2.74506 0.328481
v 2.16111 2.74658 0.335173
v 2.16181 2.76062 0.345144
v 2.16856 2.77039 0.347649
v 2.1624 2.77039 0.350781
v 2.15509 2.771 0.353925
v 2.16288 2.78015 0.357022
v 2.16992 2.77771 0.348697
v 2.15003 2.78198 0.36234
v 2.14129 2.78931 0.364624
v 2.14883 2.79816 0.376004
v 2.13821 2.80243 0.376285
v 2.13201 2.81586 0.384221
v 2.14155 2.81036 0.388555
v 2.16302 2.79907 0.365898
v 2.15002 2.80914 0.383285
v 2.13683 2.81647 0.395704
v 2.15471 2.82013 0.390837
v 2.1585 2.80914 0.376712
v 2.16091 2.82074 0.380219
v 2.16529 2.81403 0.361007
v 2.16274 2.8363 0.385237
v 2.17085 2.79266 0.35039
v 2.16952 2.80304 0.350299
v 2.17315 2.78717 0.337947
v 2.15921 2.83234 0.367038
v 2.17104 2.7829 0.324989
v 2.15727 2.84485 0.374638
v 2.15317 2.83722 0.366061
v 2.15022 2.84943 0.374444
v 2.16458 2.81036 0.3465
v 2.15765 2.82135 0.352911
v 2.14735 2.83234 0.361197
v 2.14399 2.84363 0.37029
v 2.13266 2.85675 0.379771
v 2.13311 2.84973 0.376523
v 2.12527 2.85187 0.381317
v 2.13402 2.83325 0.366531
v 2.15439 2.81525 0.345732
v 2.13827 2.82043 0.354111
v 2.14563 2.8186 0.34932
v 2.14503 2.80457 0.338749
v 2.13691 2.81158 0.349893
v 2.14109 2.79572 0.33547
v 2.14849 2.79633 0.330833
v 2.15602 2.7829 0.318518
v 2.15653 2.79419 0.327504
v 2.16477 2.78229 0.318903
v 2.16212 2.79205 0.32588
v 2.15782 2.80426 0.336859
v 2.16494 2.79572 0.331429
v 2.16861 2.80121 0.342437
v 2.19942 2.53326 0.164504
v 2.19779 2.53265 0.154213
v 2.1947 2.54669 0.168973
v 2.19567 2.54395 0.154661
v 2.19013 2.56622 0.175594
v 2.19428 2.5589 0.158413
v 2.19474 2.57294 0.163683
v 2.18952 2.57904 0.174348
v 2.19353 2.59094 0.174677
v 2.18996 2.57263 0.190754
v 2.18569 2.58545 0.194655
v 2.18701 2.58301 0.182653
v 2.18596 2.59705 0.185547
v 2.18114 2.60498 0.201342
v 2.18303 2.60315 0.214125
v 2.18221 2.61322 0.226608
v 2.17949 2.62451 0.23433
v 2.18004 2.61322 0.217084
v 2.17861 2.61414 0.209571
v 2.17649 2.6239 0.220238
v 2.17172 2.64496 0.240644
v 2.18141 2.61658 0.201161
v 2.1778 2.62146 0.210431
v 2.17303 2.64038 0.224579
v 2.17716 2.63519 0.213172
v 2.18709 2.61078 0.190009
v 2.18453 2.62848 0.201738
v 2.18887 2.61871 0.192691
v 2.19466 2.60773 0.183596
v 2.17827 2.64526 0.21578
v 2.16884 2.65747 0.238528
v 2.17021 2.65259 0.248096
v 2.17178 2.65259 0.254178
v 2.18435 2.64526 0.211049
v 2.19564 2.64069 0.206384
v 2.19543 2.62787 0.196884
v 2.20254 2.63672 0.20526
v 2.19536 2.6178 0.190002
v 2.20119 2.61658 0.188131
v 2.20406 2.62451 0.196504
v 2.20469 2.63947 0.211617
v 2.21021 2.61078 0.189319
v 2.2148 2.60101 0.184969
v 2.20479 2.60559 0.181056
v 2.21211 2.59827 0.17799
v 2.20471 2.59186 0.170612
v 2.21421 2.58667 0.169927
v 2.21143 2.57935 0.16184
v 2.20432 2.58209 0.163692
v 2.19677 2.5827 0.167498
v 2.12614 2.82562 0.40024
v 2.12672 2.82471 0.387526
v 2.12847 2.82623 0.377157
v 2.12119 2.83203 0.402688
v 2.12166 2.83844 0.389696
v 2.12641 2.83936 0.37863
v 2.12217 2.85614 0.387968
v 2.11849 2.84302 0.394827
v 2.11837 2.85217 0.394052
v 2.1202 2.86072 0.39461
v 2.1184 2.85522 0.403946
v 2.1186 2.84027 0.405415
v 2.12052 2.86804 0.405771
v 2.11702 2.85278 0.433675
v 2.119 2.84302 0.431081
v 2.12135 2.86835 0.396863
v 2.12425 2.86835 0.390126
v 2.11931 2.8891 0.407351
v 2.11951 2.86652 0.426196
v 2.12196 2.88727 0.399896
v 2.13353 2.86896 0.382614
v 2.12583 2.88635 0.394023
v 2.14808 2.87048 0.381958
v 2.15923 2.87048 0.389438
v 2.15862 2.85736 0.382839
v 2.16371 2.86469 0.394142
v 2.16427 2.87415 0.403756
v 2.14648 2.88788 0.38741
v 2.1359 2.88605 0.387767
v 2.15479 2.88971 0.393723
v 2.16205 2.89398 0.407897
v 2.16982 2.89703 0.428851
v 2.16945 2.87872 0.429146
v 2.1768 2.87842 0.451637
v 2.18003 2.89703 0.447548
v 2.18033 2.91443 0.446142
v 2.14482 2.89703 0.391343
v 2.16802 2.91382 0.42926
v 2.1585 2.90955 0.410643
v 2.14888 2.90436 0.397583
v 2.16439 2.92938 0.430421
v 2.17824 2.93091 0.446657
v 2.15261 2.93213 0.416764
v 2.16033 2.94556 0.433108
v 2.17412 2.94769 0.447824
v 2.1477 2.91687 0.403277
v 2.14154 2.90955 0.39659
v 2.16166 2.95624 0.440338
v 2.16918 2.96356 0.449864
v 2.15476 2.94983 0.428961
v 2.13691 2.90283 0.394133
v 2.12441 2.90466 0.399486
v 2.13236 2.91504 0.399032
v 2.13865 2.92267 0.402919
v 2.12341 2.92633 0.404805
v 2.12107 2.89978 0.401027
v 2.11872 2.91565 0.404811
v 2.11469 2.91138 0.409838
v 2.11325 2.92816 0.410765
v 2.11224 2.90314 0.426315
v 2.11776 2.88635 0.423659
v 2.12032 2.88269 0.443191
v 2.11907 2.86591 0.44689
v 2.10722 2.92511 0.419212
v 2.11625 2.89551 0.445394
v 2.1049 2.93579 0.420866
v 2.12381 2.88269 0.462618
v 2.1168 2.85522 0.44512
v 2.11651 2.8476 0.446118
v 2.11654 2.86072 0.45779
v 2.11582 2.85187 0.45538
v 2.12198 2.87567 0.464749
v 2.11369 2.85156 0.478552
v 2.11607 2.86194 0.475739
v 2.12577 2.87964 0.483175
v 2.11706 2.84607 0.457441
v 2.12262 2.8418 0.452176
v 2.11733 2.84393 0.480071
v 2.12742 2.83936 0.472999
v 2.12744 2.83417 0.419005
v 2.13374 2.83997 0.445292
v 2.12975 2.82776 0.408833
v 2.14345 2.83325 0.419271
v 2.13966 2.82471 0.408393
v 2.15378 2.82593 0.401238
v 2.16247 2.83081 0.392071
v 2.16107 2.83783 0.404763
v 2.165 2.8421 0.395043
v 2.16169 2.8537 0.385936
v 2.16527 2.85553 0.395767
v 2.16578 2.85797 0.406541
v 2.16067 2.84576 0.420654
v 2.16665 2.86133 0.430407
v 2.14959 2.84363 0.439289
v 2.16066 2.85461 0.444278
v 2.17383 2.86774 0.455079
v 2.18284 2.86743 0.472255
v 2.15239 2.84698 0.464414
v 2.16417 2.85736 0.460207
v 2.14111 2.8421 0.467779
v 2.15831 2.84698 0.483849
v 2.17055 2.85706 0.478191
v 2.1754 2.85309 0.496471
v 2.16254 2.84668 0.495058
v 2.14877 2.84241 0.487073
v 2.1334 2.83752 0.492584
v 2.12186 2.83875 0.497905
v 2.14057 2.836 0.511407
v 2.1134 2.84637 0.490264
v 2.1276 2.83447 0.516842
v 2.1146 2.84332 0.501608
v 2.11284 2.85431 0.489169
v 2.11289 2.85004 0.50092
v 2.11666 2.83905 0.521555
v 2.11304 2.84882 0.521007
v 2.11397 2.85614 0.4981
v 2.11982 2.86835 0.489156
v 2.13314 2.83142 0.536993
v 2.11467 2.84729 0.540215
v 2.11644 2.85828 0.516037
v 2.12537 2.87292 0.506216
v 2.12009 2.85858 0.533702
v 2.12916 2.87079 0.528704
v 2.12879 2.88025 0.495555
v 2.13198 2.88116 0.511036
v 2.12764 2.88452 0.482983
v 2.13126 2.88513 0.504555
v 2.13474 2.88513 0.527976
v 2.12708 2.86011 0.551135
v 2.13398 2.86957 0.547805
v 2.1322 2.86133 0.560307
v 2.13391 2.8891 0.521699
v 2.13332 2.89337 0.522724
v 2.13066 2.89795 0.508263
v 2.13055 2.90436 0.532988
v 2.12639 2.90131 0.486683
v 2.12716 2.91138 0.513842
v 2.12102 2.89764 0.464768
v 2.12297 2.91473 0.493364
v 2.11359 2.91351 0.46666
v 2.10876 2.91321 0.448445
v 2.10681 2.9306 0.471233
v 2.1074 2.9187 0.429533
v 2.10126 2.93304 0.45149
v 2.10039 2.93915 0.43525
v 2.11908 2.92725 0.495597
v 2.12261 2.92694 0.517849
v 2.10757 2.93854 0.481351
v 2.10147 2.93884 0.466353
v 2.11283 2.94556 0.498517
v 2.12215 2.93121 0.549188
v 2.11579 2.94739 0.520082
v 2.11708 2.94556 0.541043
v 2.11101 2.95959 0.50737
v 2.10719 2.95258 0.492364
v 2.09922 2.94922 0.471797
v 2.09365 2.95624 0.452884
v 2.08876 2.97424 0.469832
v 2.10767 2.96722 0.505745
v 2.1107 2.96326 0.524369
v 2.09677 2.94739 0.443142
v 2.0964 2.95685 0.434105
v 2.09447 2.95715 0.441296
v 2.08641 2.97821 0.455757
v 2.10129 2.95349 0.423879
v 2.09394 2.97119 0.433127
v 2.0909 2.97699 0.438615
v 2.11021 2.94708 0.414475
v 2.09776 2.97302 0.428004
v 2.09268 2.9834 0.43367
v 2.08249 2.99591 0.453449
v 2.08881 2.99225 0.440022
v 2.08341 2.98615 0.464477
v 2.09726 2.98676 0.430216
v 2.09151 2.98523 0.490345
v 2.10106 2.9895 0.509038
v 2.08232 2.99469 0.471766
v 2.08098 2.99652 0.461787
v 2.08871 2.99927 0.494694
v 2.07412 3.01605 0.468823
v 2.08037 3.00934 0.452101
v 2.07738 3.01575 0.458148
v 2.08679 3.01422 0.500586
v 2.06891 3.03741 0.472832
v 2.09617 3.00903 0.513006
v 2.09269 3.02155 0.515485
v 2.09727 3.00903 0.53656
v 2.10355 2.98737 0.530615
v 2.0858 3.03314 0.511254
v 2.09309 3.02338 0.535799
v 2.10333 2.98981 0.556836
v 2.10978 2.96844 0.544184
v 2.09768 3.00934 0.568959
v 2.10922 2.97119 0.57304
v 2.11598 2.95013 0.562147
v 2.10273 2.99255 0.586443
v 2.09761 3.00964 0.596912
v 2.10385 2.9895 0.613638
v 2.11553 2.95197 0.590399
v 2.10791 2.97638 0.60518
v 2.11034 2.97028 0.632865
v 2.09661 3.01453 0.637048
v 2.12447 2.9245 0.57432
v 2.10273 2.9953 0.654795
v 2.11543 2.95349 0.619163
v 2.12055 2.93701 0.601077
v 2.11514 2.95593 0.640221
v 2.12937 2.91046 0.555654
v 2.10917 2.97699 0.673394
v 2.12373 2.92816 0.620532
v 2.13706 2.88483 0.546859
v 2.12004 2.94189 0.655973
v 2.1319 2.90405 0.576003
v 2.1374 2.86713 0.565235
v 2.1291 2.91199 0.599588
v 2.12921 2.9129 0.637863
v 2.1345 2.89703 0.599254
v 2.13769 2.88483 0.565133
v 2.13736 2.88757 0.585223
v 2.14192 2.86713 0.584373
v 2.14231 2.87445 0.611831
v 2.13844 2.88574 0.622174
v 2.13707 2.86224 0.572824
v 2.12751 2.854 0.570619
v 2.14093 2.86133 0.587009
v 2.14365 2.8595 0.603877
v 2.1434 2.8656 0.601859
v 2.14462 2.86438 0.622195
v 2.1446 2.85858 0.612297
v 2.13185 2.85187 0.590628
v 2.13597 2.85065 0.607316
v 2.141 2.85126 0.622055
v 2.12371 2.83722 0.612908
v 2.12028 2.83844 0.596304
v 2.1299 2.83813 0.629493
v 2.11789 2.84058 0.578988
v 2.13846 2.84149 0.646352
v 2.12313 2.83234 0.632284
v 2.11945 2.83051 0.617701
v 2.1176 2.82959 0.604576
v 2.12148 2.82593 0.639374
v 2.14453 2.84912 0.642042
v 2.12848 2.83325 0.650141
v 2.14565 2.86346 0.638867
v 2.14829 2.84943 0.659985
v 2.14601 2.84515 0.663089
v 2.12354 2.8244 0.658435
v 2.13775 2.8891 0.643037
v 2.14175 2.87903 0.666098
v 2.13511 2.89795 0.659912
v 2.1265 2.92389 0.675055
v 2.13885 2.88879 0.684037
v 2.11698 2.95349 0.678354
v 2.13255 2.90924 0.704679
v 2.14623 2.86407 0.658788
v 2.14642 2.86499 0.680316
v 2.15053 2.84973 0.678662
v 2.13816 2.89429 0.719685
v 2.1511 2.85034 0.690946
v 2.15014 2.84698 0.680264
v 2.13601 2.83661 0.668182
v 2.14679 2.8656 0.700963
v 2.15165 2.84882 0.698707
v 2.14245 2.83966 0.685006
v 2.12541 2.82104 0.681452
v 2.1293 2.8241 0.696605
v 2.13453 2.82745 0.713696
v 2.1471 2.84088 0.703606
v 2.15085 2.84149 0.722862
v 2.14609 2.87048 0.723622
v 2.15299 2.8479 0.719818
v 2.14062 2.83081 0.730472
v 2.15381 2.8421 0.743544
v 2.1541 2.84729 0.741651
v 2.14346 2.88055 0.740488
v 2.13075 2.81769 0.739914
v 2.14619 2.83508 0.748911
v 2.1553 2.84302 0.755664
v 2.15452 2.8476 0.757087
v 2.13945 2.89581 0.75136
v 2.15496 2.84729 0.768131
v 2.14946 2.86652 0.766396
v 2.13871 2.90253 0.772091
v 2.13351 2.91412 0.754658
v 2.12889 2.92511 0.737503
v 2.12729 2.93457 0.757235
v 2.12211 2.94281 0.716591
v 2.12556 2.94495 0.778815
v 2.11814 2.96387 0.759752
v 2.12007 2.95319 0.739571
v 2.12675 2.92542 0.695414
v 2.11485 2.96234 0.697961
v 2.11274 2.97272 0.722104
v 2.1112 2.98187 0.741986
v 2.10397 3.00079 0.722535
v 2.10565 2.99225 0.703902
v 2.10446 2.99286 0.683223
v 2.11021 2.99133 0.764264
v 2.10016 3.01056 0.706216
v 2.09608 3.02155 0.689195
v 2.10326 3.00964 0.746489
v 2.10297 3.01758 0.766245
v 2.09809 3.01178 0.665248
v 2.09638 3.03558 0.747201
v 2.09667 3.02795 0.727454
v 2.09516 3.02856 0.707223
v 2.08962 3.05573 0.72726
v 2.09016 3.04749 0.70823
v 2.09198 3.03406 0.672992
v 2.08896 3.0481 0.688368
v 2.08533 3.06885 0.711444
v 2.09221 3.0304 0.647732
v 2.08706 3.05054 0.660809
v 2.09125 3.03253 0.62097
v 2.08411 3.06763 0.68932
v 2.09215 3.02856 0.580543
v 2.08699 3.0481 0.622201
v 2.0927 3.02551 0.550795
v 2.08726 3.04657 0.592556
v 2.08773 3.04413 0.562592
v 2.08257 3.06488 0.603345
v 2.08188 3.07007 0.643859
v 2.08729 3.04382 0.537258
v 2.08312 3.06824 0.670528
v 2.08405 3.0481 0.516274
v 2.08253 3.06183 0.53664
v 2.08031 3.08655 0.698979
v 2.08058 3.06335 0.518344
v 2.08344 3.06061 0.566418
v 2.07592 3.08807 0.534084
v 2.07739 3.08563 0.586395
v 2.07755 3.07617 0.519858
v 2.07759 3.08533 0.61555
v 2.07768 3.08685 0.635
v 2.07351 3.10364 0.625312
v 2.07792 3.08746 0.653094
v 2.07781 3.08228 0.550929
v 2.07852 3.08777 0.671711
v 2.0736 3.10638 0.654175
v 2.07501 3.10608 0.683051
v 2.06961 3.12714 0.665531
v 2.07338 3.10333 0.597268
v 2.07368 3.10242 0.579308
v 2.0688 3.12469 0.607862
v 2.06931 3.12469 0.636095
v 2.07355 3.10089 0.553052
v 2.06994 3.12073 0.573515
v 2.07072 3.10333 0.531426
v 2.06982 3.12042 0.5553
v 2.06693 3.12164 0.533945
v 2.06616 3.14117 0.55728
v 2.06568 3.14178 0.596175
v 2.05863 3.10577 0.509765
v 2.05619 3.12042 0.516907
v 2.06048 3.09021 0.501462
v 2.05176 3.11462 0.501143
v 2.06341 3.07098 0.496101
v 2.05278 3.10272 0.495007
v 2.05713 3.09418 0.484169
v 2.06813 3.05298 0.493004
v 2.0616 3.07343 0.479054
v 2.07043 3.0423 0.490867
v 2.06586 3.05511 0.479623
v 2.0692 3.04321 0.486123
v 2.06664 3.04932 0.471944
v 2.07294 3.03436 0.461133
v 2.06469 3.06213 0.470142
v 2.0692 3.05328 0.464685
v 2.07901 3.02185 0.452353
v 2.07807 3.03192 0.453343
v 2.08476 3.01117 0.4454
v 2.09299 2.99408 0.434535
v 2.09685 3.00385 0.434014
v 2.08515 3.02582 0.445577
v 2.07675 3.04718 0.455536
v 2.06928 3.06915 0.464901
v 2.08471 3.04169 0.448416
v 2.06378 3.07373 0.471208
v 2.06279 3.09052 0.473834
v 2.0761 3.06305 0.458207
v 2.09673 3.0191 0.437231
v 2.08401 3.05878 0.452725
v 2.0762 3.07465 0.460277
v 2.07141 3.0838 0.465422
v 2.08251 3.08167 0.459772
v 2.09578 3.03741 0.442691
v 2.09534 3.05664 0.449501
v 2.09088 3.06946 0.454208
v 2.10292 3.05023 0.447567
v 2.09959 3.06335 0.452266
v 2.1066 3.0365 0.442973
v 2.10755 3.05695 0.451812
v 2.11122 3.0188 0.436912
v 2.11677 3.03741 0.446832
v 2.1094 3.00262 0.430115
v 2.11924 3.02032 0.439765
v 2.10521 3.06976 0.456556
v 2.12152 3.05695 0.460769
v 2.09625 3.07617 0.457376
v 2.10359 3.08258 0.462825
v 2.09131 3.0954 0.464768
v 2.11151 3.07648 0.464492
v 2.11092 3.0896 0.471844
v 2.13168 3.07526 0.482486
v 2.10265 3.09631 0.470064
v 2.1116 3.10303 0.480854
v 2.11057 3.11493 0.488294
v 2.13123 3.06366 0.473646
v 2.1416 3.06061 0.481643
v 2.13127 3.05023 0.465268
v 2.1586 3.03467 0.480169
v 2.12239 3.04413 0.453802
v 2.13211 3.03772 0.458226
v 2.12448 3.02551 0.445243
v 2.15573 3.02185 0.469604
v 2.18009 3.0127 0.483894
v 2.17048 3.0011 0.469521
v 2.14302 3.01147 0.452477
v 2.15037 3.00262 0.453943
v 2.1692 2.98431 0.459762
v 2.1367 2.99744 0.439101
v 2.16119 2.98096 0.451556
v 2.16169 2.96814 0.445766
v 2.14378 2.98096 0.436282
v 2.15406 2.96173 0.435066
v 2.1361 2.98706 0.432989
v 2.122 2.99622 0.430397
v 2.13679 2.97455 0.427298
v 2.12949 2.97974 0.425973
v 2.11572 2.98859 0.424732
v 2.10936 2.99347 0.426874
v 2.10005 2.99744 0.430745
v 2.10934 2.98096 0.422825
v 2.10939 2.96448 0.418022
v 2.11866 2.97882 0.421632
v 2.13029 2.96692 0.419681
v 2.12357 2.96112 0.415952
v 2.12231 2.9422 0.409346
v 2.13834 2.96082 0.4213
v 2.1324 2.95441 0.414766
v 2.13497 2.94098 0.409778
v 2.14706 2.94189 0.41715
v 2.14745 2.92969 0.410189
v 2.14811 2.83417 0.529936
v 2.16483 2.84088 0.523688
v 2.15542 2.83264 0.547815
v 2.14949 2.82959 0.556949
v 2.15818 2.84302 0.504029
v 2.16822 2.84637 0.506635
v 2.18717 2.85248 0.514111
v 2.17528 2.84576 0.519818
v 2.17338 2.83936 0.540956
v 2.18744 2.84393 0.541211
v 2.16174 2.83081 0.563861
v 2.18371 2.83875 0.555069
v 2.19622 2.84973 0.531849
v 2.20067 2.84485 0.550362
v 2.20434 2.86255 0.505521
v 2.19301 2.8653 0.488616
v 2.20178 2.87292 0.48461
v 2.21353 2.86835 0.500883
v 2.22663 2.87872 0.496688
v 2.2333 2.86987 0.513744
v 2.22135 2.86621 0.510777
v 2.21697 2.86041 0.521062
v 2.22934 2.86438 0.5216
v 2.24658 2.8653 0.53238
v 2.22333 2.85492 0.54034
v 2.21205 2.84332 0.566039
v 2.23014 2.85065 0.558644
v 2.24985 2.86041 0.548078
v 2.26277 2.86499 0.547924
v 2.2552 2.85492 0.569509
v 2.23377 2.84576 0.578435
v 2.24329 2.84424 0.595266
v 2.2208 2.8421 0.577625
v 2.18978 2.83508 0.57445
v 2.19741 2.83203 0.592299
v 2.17417 2.82959 0.5811
v 2.2238 2.8363 0.602837
v 2.20319 2.82928 0.610007
v 2.16179 2.82776 0.578291
v 2.18508 2.82654 0.604407
v 2.22914 2.83386 0.620219
v 2.24688 2.84149 0.61409
v 2.21413 2.82867 0.625831
v 2.20219 2.82562 0.62514
v 2.22199 2.82776 0.64165
v 2.23428 2.83234 0.637502
v 2.25267 2.84088 0.631798
v 2.2396 2.83173 0.65571
v 2.25755 2.84088 0.650154
v 2.24498 2.83234 0.674533
v 2.23464 2.82715 0.677803
v 2.24987 2.83447 0.692889
v 2.22892 2.82715 0.658941
v 2.21258 2.8244 0.64523
v 2.21954 2.82379 0.662179
v 2.19696 2.81982 0.651394
v 2.20317 2.8183 0.668462
v 2.22556 2.82349 0.680945
v 2.19087 2.82166 0.635095
v 2.17729 2.81464 0.65984
v 2.16692 2.81769 0.634871
v 2.20949 2.81738 0.686782
v 2.1837 2.81281 0.676994
v 2.18867 2.81097 0.695157
v 2.17094 2.80945 0.683419
v 2.22969 2.82349 0.699894
v 2.19869 2.81097 0.712455
v 2.23848 2.82806 0.696868
v 2.25574 2.84027 0.710396
v 2.24076 2.8299 0.715192
v 2.2322 2.82471 0.717984
v 2.21554 2.81738 0.705205
v 2.23053 2.82471 0.733039
v 2.23695 2.82959 0.736866
v 2.22092 2.81891 0.722241
v 2.20445 2.81158 0.729196
v 2.20839 2.81281 0.746278
v 2.2255 2.8241 0.758083
v 2.2346 2.83081 0.755425
v 2.22571 2.82562 0.767583
v 2.23585 2.8363 0.773154
v 2.2099 2.81464 0.763421
v 2.19814 2.80823 0.75114
v 2.22541 2.82898 0.781492
v 2.23654 2.8421 0.789788
v 2.21683 2.82104 0.778438
v 2.19991 2.80853 0.76137
v 2.2003 2.80945 0.772273
v 2.22507 2.83386 0.799798
v 2.23519 2.84637 0.804398
v 2.21442 2.82288 0.79506
v 2.19936 2.81128 0.787543
v 2.2242 2.83905 0.815702
v 2.23376 2.85217 0.820997
v 2.21424 2.82684 0.809737
v 2.20543 2.81891 0.805149
v 2.22311 2.84393 0.831026
v 2.2324 2.85858 0.837394
v 2.21316 2.83173 0.826855
v 2.20387 2.82257 0.82276
v 2.18948 2.81128 0.809964
v 2.22355 2.85156 0.845645
v 2.23101 2.86407 0.85186
v 2.21095 2.83722 0.847138
v 2.20263 2.82532 0.837659
v 2.19626 2.82013 0.832186
v 2.20038 2.82928 0.852438
v 2.19523 2.8241 0.847661
v 2.18192 2.81616 0.837398
v 2.21 2.84027 0.858845
v 2.21741 2.85278 0.86492
v 2.23246 2.87201 0.860752
v 2.20271 2.83783 0.870914
v 2.2094 2.84668 0.874163
v 2.21802 2.8598 0.878658
v 2.22325 2.87018 0.880982
v 2.23541 2.88361 0.870232
v 2.23189 2.88849 0.884663
v 2.22274 2.87994 0.896107
v 2.2283 2.89368 0.89847
v 2.21714 2.86835 0.894565
v 2.20803 2.85248 0.891387
v 2.19976 2.84119 0.887411
v 2.21937 2.88513 0.910971
v 2.22688 2.9071 0.913765
v 2.21102 2.86682 0.908974
v 2.20572 2.85706 0.907813
v 2.19895 2.8476 0.903455
v 2.18989 2.83112 0.877198
v 2.1936 2.84058 0.898578
v 2.19778 2.85309 0.917678
v 2.19116 2.84515 0.913756
v 2.18217 2.83783 0.90419
v 2.19106 2.82745 0.865241
v 2.2059 2.86621 0.921708
v 2.18611 2.82379 0.858762
v 2.18441 2.82684 0.871072
v 2.17774 2.8299 0.88486
v 2.17166 2.82196 0.863692
v 2.16566 2.81555 0.844924
v 2.16401 2.82684 0.880594
v 2.17691 2.81067 0.820055
v 2.15619 2.8244 0.87337
v 2.15818 2.81006 0.827023
v 2.16147 2.83051 0.890611
v 2.15063 2.8183 0.85494
v 2.15346 2.82806 0.883288
v 2.1467 2.82623 0.874061
v 2.16856 2.83844 0.910113
v 2.14829 2.83722 0.901243
v 2.14409 2.83234 0.884748
v 2.1543 2.84332 0.918221
v 2.1443 2.84546 0.917474
v 2.17308 2.84485 0.923411
v 2.16321 2.84576 0.926178
v 2.18538 2.84485 0.91796
v 2.1874 2.84973 0.926643
v 2.15179 2.8479 0.926925
v 2.17537 2.84943 0.931505
v 2.15978 2.85126 0.935065
v 2.14459 2.85095 0.926782
v 2.19628 2.8598 0.933652
v 2.17849 2.85736 0.94368
v 2.14951 2.85889 0.943008
v 2.19089 2.8595 0.939823
v 2.16461 2.86194 0.951492
v 2.1541 2.86377 0.952056
v 2.19591 2.86682 0.945148
v 2.14507 2.86652 0.949986
v 2.2006 2.86865 0.938411
v 2.2102 2.87567 0.923719
v 2.18994 2.8656 0.949266
v 2.18098 2.8656 0.95366
v 2.21599 2.89093 0.925351
v 2.20926 2.88361 0.935423
v 2.22095 2.90558 0.926464
v 2.23189 2.92572 0.917294
v 2.21512 2.90375 0.939467
v 2.22151 2.92908 0.940548
v 2.227 2.94586 0.938234
v 2.19935 2.87415 0.949251
v 2.20326 2.88483 0.952863
v 2.20854 2.90283 0.955328
v 2.22007 2.94373 0.951298
v 2.22349 2.96783 0.954927
v 2.21227 2.92053 0.957547
v 2.20003 2.88727 0.961836
v 2.20401 2.90222 0.96655
v 2.20571 2.91107 0.968538
v 2.19435 2.87384 0.955133
v 2.20846 2.92511 0.968509
v 2.20415 2.92023 0.976735
v 2.19892 2.90619 0.977986
v 2.21226 2.94342 0.968264
v 2.20723 2.9422 0.980319
v 2.21675 2.96631 0.96809
v 2.22734 2.9892 0.956124
v 2.21099 2.96478 0.97993
v 2.20089 2.94312 0.995456
v 2.22079 2.98798 0.967602
v 2.23033 3.00903 0.958122
v 2.2173 3.00598 0.979426
v 2.21992 3.0249 0.979931
v 2.21445 2.98645 0.979164
v 2.20791 3.00171 0.998257
v 2.21284 3.02307 0.99306
v 2.20669 2.98401 0.996261
v 2.20394 2.96356 0.996291
v 2.19836 2.96417 1.00952
v 2.20038 2.98218 1.01105
v 2.20426 3.01056 1.00835
v 2.20841 3.04108 1.00587
v 2.20134 2.99194 1.01104
v 2.19367 2.98676 1.0234
v 2.19954 3.02032 1.02305
v 2.20197 3.03955 1.02168
v 2.19816 3.0011 1.02014
v 2.19292 3.02246 1.03877
v 2.1945 3.03894 1.03998
v 2.19134 3.00659 1.03577
v 2.18804 3.04352 1.05126
v 2.1903 3.05939 1.05303
v 2.18338 3.02887 1.05004
v 2.18976 2.99469 1.03278
v 2.18315 3.01117 1.04362
v 2.17879 3.03833 1.05706
v 2.17016 3.03101 1.05744
v 2.18131 3.0484 1.05907
v 2.17077 3.05206 1.06581
v 2.18373 3.06488 1.06306
v 2.18425 3.08167 1.06807
v 2.17186 3.07068 1.07241
v 2.17386 3.08685 1.07703
v 2.1808 3.1012 1.07824
v 2.15893 3.07343 1.07792
v 2.15915 3.08563 1.08254
v 2.16955 3.09326 1.08168
v 2.17343 3.10577 1.08433
v 2.16013 3.11035 1.09193
v 2.18305 3.11615 1.08132
v 2.1482 3.09052 1.08636
v 2.16133 3.12897 1.0988
v 2.17489 3.12286 1.08965
v 2.17376 3.14453 1.09818
v 2.1843 3.13293 1.08428
v 2.16277 3.14545 1.10412
v 2.17633 3.16101 1.10211
v 2.18539 3.15277 1.0855
v 2.17817 3.17871 1.10631
v 2.17215 3.1543 1.10315
v 2.17368 3.16528 1.106
v 2.17513 3.1842 1.1118
v 2.17607 3.20251 1.11617
v 2.16476 3.16925 1.11183
v 2.16636 3.18878 1.11758
v 2.16678 3.20801 1.1223
v 2.15162 3.19153 1.12392
v 2.17651 3.22266 1.1178
v 2.15039 3.17169 1.11787
v 2.14878 3.14484 1.10807
v 2.16537 3.22876 1.12558
v 2.16538 3.24585 1.12606
v 2.17635 3.24432 1.11737
v 2.17589 3.25714 1.11655
v 2.15846 3.22479 1.1289
v 2.16079 3.23883 1.12951
v 2.15324 3.21228 1.12836
v 2.15397 3.2309 1.13085
v 2.1593 3.25134 1.12989
v 2.16581 3.26385 1.12411
v 2.17482 3.27362 1.11451
v 2.15598 3.26416 1.13012
v 2.15428 3.24677 1.13172
v 2.17179 3.28369 1.11286
v 2.16211 3.28125 1.12286
v 2.15017 3.27881 1.12932
v 2.15777 3.29742 1.11762
v 2.16246 3.30139 1.1104
v 2.17131 3.29498 1.10037
v 2.16581 3.31085 1.09327
v 2.15229 3.32581 1.09315
v 2.15471 3.33038 1.07571
v 2.15478 3.30475 1.11432
v 2.14832 3.29529 1.12333
v 2.15239 3.31451 1.10594
v 2.13854 3.34717 1.07007
v 2.13654 3.35297 1.05651
v 2.14815 3.3252 1.09742
v 2.14254 3.31726 1.1092
v 2.14631 3.33069 1.09143
v 2.13316 3.33862 1.08744
v 2.13951 3.32642 1.10088
v 2.14549 3.30719 1.11689
v 2.12788 3.31879 1.11355
v 2.13473 3.2959 1.12746
v 2.1309 3.30963 1.12008
v 2.12466 3.32764 1.10514
v 2.11946 3.33923 1.09128
v 2.11264 3.32642 1.10691
v 2.11892 3.30872 1.12151
v 2.11595 3.31726 1.11512
v 2.12186 3.29865 1.12694
v 2.11272 3.30719 1.12231
v 2.12426 3.28461 1.13175
v 2.11333 3.30139 1.12533
v 2.10798 3.30536 1.12224
v 2.10859 3.31573 1.11585
v 2.10658 3.3252 1.10766
v 2.1081 3.33801 1.09265
v 2.10183 3.32336 1.1071
v 2.10276 3.33099 1.10028
v 2.10091 3.31116 1.11394
v 2.0952 3.32947 1.09377
v 2.11451 3.28766 1.12993
v 2.09607 3.31726 1.09881
v 2.10151 3.29102 1.11827
v 2.09817 3.30383 1.10552
v 2.10857 3.28979 1.12608
v 2.10191 3.29132 1.10821
v 2.10328 3.26782 1.11957
v 2.10982 3.26965 1.12774
v 2.11515 3.26935 1.13214
v 2.12626 3.26904 1.1341
v 2.1159 3.25012 1.13154
v 2.11278 3.2486 1.12829
v 2.10467 3.25165 1.11939
v 2.11646 3.237 1.13037
v 2.10652 3.24158 1.11823
v 2.10564 3.26538 1.114
v 2.11621 3.26904 1.09393
v 2.11854 3.25684 1.09275
v 2.10843 3.29041 1.09399
v 2.11227 3.27362 1.07327
v 2.09588 3.31512 1.09385
v 2.10952 3.29254 1.0733
v 2.09268 3.32367 1.0864
v 2.09995 3.31604 1.07645
v 2.10633 3.29346 1.05693
v 2.09089 3.32764 1.07878
v 2.0895 3.33496 1.07765
v 2.10286 3.31421 1.059
v 2.09613 3.34106 1.08515
v 2.08481 3.33862 1.06117
v 2.08519 3.3374 1.05681
v 2.10021 3.3136 1.04146
v 2.10166 3.34351 1.08428
v 2.08931 3.34595 1.0722
v 2.09455 3.34839 1.07501
v 2.1093 3.34534 1.08296
v 2.10206 3.349 1.07602
v 2.11622 3.34595 1.0819
v 2.11228 3.35205 1.07197
v 2.12352 3.34595 1.08056
v 2.12675 3.35052 1.0698
v 2.10449 3.36121 1.05322
v 2.13561 3.35114 1.06333
v 2.12119 3.35876 1.05315
v 2.13288 3.3548 1.0554
v 2.12577 3.36304 1.03493
v 2.13622 3.35693 1.036
v 2.11199 3.36609 1.03409
v 2.11661 3.36914 1.01016
v 2.13351 3.35815 1.0089
v 2.1086 3.37158 0.984996
v 2.13059 3.35907 0.993232
v 2.12279 3.36426 0.970425
v 2.10936 3.37006 1.01167
v 2.1024 3.37311 0.966141
v 2.11836 3.36731 0.958235
v 2.10527 3.3725 0.987015
v 2.10226 3.37341 0.973819
v 2.09562 3.37372 0.947494
v 2.11091 3.36975 0.938204
v 2.09235 3.37402 0.971093
v 2.09898 3.37372 0.961212
v 2.08912 3.37311 0.928271
v 2.10393 3.37036 0.918994
v 2.0838 3.37433 0.95293
v 2.09694 3.37311 0.991342
v 2.07778 3.37341 0.98061
v 2.10124 3.37097 1.01299
v 2.07708 3.37341 0.934911
v 2.07253 3.37311 0.963036
v 2.10325 3.36914 1.02655
v 2.09029 3.37097 1.01681
v 2.08377 3.3728 0.998882
v 2.07186 3.37006 0.988443
v 2.09983 3.36548 1.04127
v 2.0961 3.36792 1.03191
v 2.08159 3.36823 1.02192
v 2.08747 3.36639 1.03408
v 2.08795 3.36365 1.0412
v 2.07643 3.36945 1.00593
v 2.07932 3.36548 1.0255
v 2.09429 3.35815 1.05773
v 2.09009 3.35297 1.06494
v 2.08379 3.35846 1.04808
v 2.08347 3.34991 1.05566
v 2.07811 3.36121 1.03066
v 2.0817 3.34381 1.04721
v 2.07817 3.35388 1.03664
v 2.08708 3.33679 1.03746
v 2.07909 3.34717 1.03647
v 2.07279 3.35632 1.01602
v 2.07293 3.36151 1.01371
v 2.08701 3.33588 1.01719
v 2.07442 3.36609 1.01024
v 2.06942 3.3606 1.00183
v 2.09465 3.31451 1.01767
v 2.08483 3.33588 1.00581
v 2.06882 3.35815 1.00107
v 2.06989 3.36578 0.994193
v 2.0736 3.35266 1.01557
v 2.0678 3.35724 0.995113
v 2.07976 3.33679 0.984274
v 2.0905 3.31238 0.997737
v 2.08652 3.31177 0.978734
v 2.09274 3.29376 0.996763
v 2.08853 3.29437 0.97849
v 2.08259 3.31177 0.960349
v 2.09821 3.28125 1.01491
v 2.09494 3.2724 0.996122
v 2.10285 3.28064 1.0353
v 2.09999 3.24738 1.00419
v 2.1078 3.27362 1.0525
v 2.10556 3.25409 1.03205
v 2.11161 3.25378 1.05939
v 2.11395 3.23334 1.0587
v 2.12149 3.23578 1.09152
v 2.12331 3.22021 1.0907
v 2.10953 3.22205 1.11714
v 2.12442 3.20099 1.09062
v 2.10875 3.22876 1.03056
v 2.11692 3.21655 1.06152
v 2.11381 3.21838 1.04804
v 2.12175 3.19458 1.06497
v 2.11273 3.19946 1.11565
v 2.12694 3.17413 1.08727
v 2.11772 3.19733 1.04986
v 2.12713 3.18481 1.07843
v 2.1207 3.18024 1.0509
v 2.11573 3.18054 1.11229
v 2.11267 3.20251 1.0306
v 2.12633 3.17566 1.06995
v 2.1308 3.16864 1.08181
v 2.11981 3.15186 1.09359
v 2.12859 3.15887 1.06816
v 2.13117 3.16559 1.0815
v 2.12741 3.15155 1.0819
v 2.13083 3.13965 1.06313
v 2.1206 3.1369 1.09038
v 2.12482 3.15735 1.05151
v 2.11594 3.18146 1.03022
v 2.12797 3.1369 1.05036
v 2.11928 3.1601 1.03047
v 2.10962 3.19092 1.00881
v 2.11429 3.16284 1.01004
v 2.12297 3.13843 1.03124
v 2.13073 3.11798 1.04903
v 2.13114 3.11584 1.06447
v 2.12628 3.11707 1.03052
v 2.1322 3.09998 1.05305
v 2.12106 3.11859 1.00855
v 2.1175 3.14117 1.00903
v 2.11347 3.14209 0.990367
v 2.12889 3.09723 1.02697
v 2.11698 3.12042 0.989741
v 2.11031 3.16315 0.991515
v 2.1202 3.10028 0.989218
v 2.12452 3.09814 1.00827
v 2.13159 3.08075 1.02502
v 2.12804 3.07892 1.00813
v 2.11641 3.10181 0.970308
v 2.11126 3.11951 0.960165
v 2.12165 3.08502 0.982033
v 2.13461 3.07312 1.0512
v 2.13641 3.05786 1.02667
v 2.13843 3.06732 1.04298
v 2.13281 3.05634 1.05786
v 2.13904 3.05115 1.04017
v 2.13978 3.03864 1.02301
v 2.13193 3.05878 1.00719
v 2.12686 3.06213 0.985661
v 2.13549 3.03894 1.00493
v 2.13621 3.03162 1.04265
v 2.12258 3.06458 0.966277
v 2.14221 3.02216 1.02343
v 2.13889 3.02155 1.00401
v 2.13205 3.03345 0.982966
v 2.14214 3.00415 1.00268
v 2.12719 3.03802 0.962006
v 2.12037 3.05725 0.945479
v 2.13857 3.00415 0.984822
v 2.13253 3.01025 0.959733
v 2.1407 2.99713 1.02641
v 2.14624 2.9837 1.00102
v 2.13647 3.01758 1.04338
v 2.14207 2.97943 1.01813
v 2.14287 2.9837 0.985035
v 2.12668 3.02124 0.939135
v 2.13701 2.99011 0.960872
v 2.14662 2.96234 0.98465
v 2.13234 2.995 0.937728
v 2.14233 2.96722 0.961207
v 2.14878 2.96722 0.999944
v 2.15072 2.93732 0.978938
v 2.14759 2.95013 0.998907
v 2.14268 2.96753 1.01936
v 2.14697 2.93701 0.997187
v 2.14926 2.93701 0.962423
v 2.13878 2.966 0.936685
v 2.13437 2.96967 0.912964
v 2.14404 2.94434 0.938666
v 2.15254 2.93091 0.975029
v 2.15172 2.92328 0.963805
v 2.14898 2.91962 0.980389
v 2.15015 2.91718 0.973794
v 2.14906 2.92358 0.93863
v 2.13917 2.95197 0.915432
v 2.15078 2.90283 0.941579
v 2.1512 2.90771 0.957493
v 2.1457 2.92572 0.914197
v 2.1352 2.95807 0.896916
v 2.14752 2.89978 0.969227
v 2.14729 2.89459 0.955668
v 2.15033 2.90466 0.985898
v 2.14773 2.88361 0.968499
v 2.14933 2.89124 0.936253
v 2.14397 2.88025 0.952331
v 2.15005 2.88788 0.925279
v 2.14218 2.87384 0.936255
v 2.15156 2.90436 0.922302
v 2.14711 2.87384 0.914495
v 2.15231 2.88727 0.910499
v 2.15048 2.90405 0.909055
v 2.14282 2.92664 0.891539
v 2.14883 2.90527 0.890653
v 2.13839 2.93549 0.873509
v 2.15281 2.88513 0.891325
v 2.15133 2.87872 0.908257
v 2.13984 2.86163 0.933373
v 2.14261 2.86377 0.905255
v 2.15345 2.8714 0.960093
v 2.13847 2.8476 0.910826
v 2.13676 2.85492 0.910147
v 2.14037 2.84332 0.908016
v 2.13553 2.85217 0.898741
v 2.13482 2.84515 0.895426
v 2.13598 2.84058 0.895493
v 2.13386 2.84058 0.884731
v 2.13959 2.85553 0.893362
v 2.15138 2.87537 0.895896
v 2.15217 2.86957 0.874829
v 2.14555 2.85553 0.872694
v 2.13708 2.82959 0.868141
v 2.14578 2.85187 0.859458
v 2.13436 2.83783 0.869132
v 2.15369 2.86438 0.861128
v 2.142 2.82379 0.862938
v 2.13467 2.83447 0.852132
v 2.13427 2.82684 0.847895
v 2.14537 2.81433 0.83867
v 2.13717 2.82043 0.846511
v 2.13416 2.82898 0.838676
v 2.13889 2.83752 0.841833
v 2.13342 2.82196 0.834404
v 2.1341 2.8186 0.834477
v 2.13404 2.82349 0.826709
v 2.14093 2.81189 0.822905
v 2.13998 2.83447 0.828774
v 2.15324 2.85309 0.828168
v 2.14898 2.83875 0.804392
v 2.15419 2.86041 0.845529
v 2.14932 2.84241 0.815145
v 2.15387 2.86682 0.826323
v 2.15446 2.86774 0.850292
v 2.1543 2.8717 0.864152
v 2.15575 2.85431 0.818981
v 2.15476 2.84882 0.805541
v 2.15462 2.86041 0.818581
v 2.15274 2.86591 0.809846
v 2.1482 2.88757 0.829034
v 2.15111 2.86591 0.786576
v 2.15153 2.88422 0.859646
v 2.15256 2.88452 0.87323
v 2.14807 2.89551 0.85505
v 2.1467 2.90558 0.868699
v 2.14261 2.91321 0.851195
v 2.14052 2.91382 0.832473
v 2.13291 2.94647 0.853091
v 2.1482 2.88147 0.807605
v 2.13503 2.92542 0.813358
v 2.13399 2.9361 0.834195
v 2.13309 2.95593 0.875923
v 2.12713 2.95746 0.83003
v 2.14414 2.89032 0.791055
v 2.13639 2.91534 0.79387
v 2.1305 2.93427 0.795525
v 2.15476 2.84729 0.785899
v 2.15344 2.84241 0.799689
v 2.15219 2.84119 0.789109
v 2.14395 2.83386 0.796805
v 2.13382 2.82013 0.806011
v 2.13612 2.81006 0.805174
v 2.13225 2.81677 0.785152
v 2.13737 2.82562 0.780045
v 2.15076 2.83936 0.766412
v 2.13225 2.8183 0.761936
v 2.13072 2.81464 0.771578
v 2.13385 2.80853 0.783752
v 2.13166 2.81067 0.772375
v 2.1329 2.8067 0.766401
v 2.13435 2.80518 0.775292
v 2.13697 2.80487 0.786999
v 2.14024 2.80548 0.800432
v 2.1475 2.80334 0.794059
v 2.14397 2.80701 0.812056
v 2.1407 2.80304 0.778016
v 2.13818 2.80304 0.761726
v 2.14911 2.80853 0.821721
v 2.15269 2.8064 0.811493
v 2.16053 2.80792 0.817413
v 2.17356 2.80792 0.810398
v 2.17002 2.80518 0.800642
v 2.18339 2.80823 0.804389
v 2.19023 2.80884 0.79817
v 2.18534 2.8067 0.794107
v 2.19323 2.80762 0.784088
v 2.16395 2.80212 0.784833
v 2.18118 2.80365 0.777753
v 2.1946 2.80701 0.77044
v 2.1577 2.8006 0.769402
v 2.19 2.80518 0.755556
v 2.1755 2.80182 0.762123
v 2.18492 2.80457 0.738888
v 2.1942 2.80762 0.734058
v 2.16947 2.80151 0.745971
v 2.1885 2.80762 0.717458
v 2.17916 2.80518 0.72215
v 2.18289 2.80792 0.704727
v 2.17589 2.80823 0.69526
v 2.16285 2.80212 0.729544
v 2.15197 2.8006 0.753631
v 2.14616 2.80151 0.737226
v 2.13555 2.80396 0.74287
v 2.13073 2.80884 0.744783
v 2.13253 2.80609 0.723837
v 2.14029 2.80396 0.719719
v 2.15558 2.80396 0.712217
v 2.12864 2.81769 0.720709
v 2.12902 2.81036 0.724463
v 2.12616 2.81738 0.702289
v 2.12454 2.81677 0.692003
v 2.12722 2.8125 0.703851
v 2.13019 2.80792 0.710241
v 2.12489 2.81525 0.692525
v 2.12742 2.81311 0.682509
v 2.12809 2.81097 0.696884
v 2.13367 2.80762 0.701505
v 2.13237 2.80945 0.685422
v 2.14854 2.8064 0.694643
v 2.16303 2.80792 0.687589
v 2.15461 2.80945 0.676041
v 2.13933 2.81067 0.669741
v 2.15821 2.81097 0.668073
v 2.15184 2.81311 0.651886
v 2.12568 2.81586 0.663008
v 2.13615 2.81219 0.659203
v 2.14496 2.81586 0.634736
v 2.12299 2.81891 0.643537
v 2.13073 2.81555 0.640723
v 2.11963 2.82318 0.624457
v 2.11782 2.82593 0.61456
v 2.12531 2.82013 0.622232
v 2.1209 2.82471 0.605164
v 2.13859 2.8186 0.616758
v 2.1574 2.82135 0.609113
v 2.15092 2.82379 0.590848
v 2.13317 2.82196 0.598268
v 2.12045 2.82776 0.582931
v 2.12876 2.82562 0.579421
v 2.14608 2.82715 0.570362
v 2.13589 2.82898 0.555719
v 2.11702 2.83264 0.582868
v 2.11987 2.82959 0.570151
v 2.12516 2.82898 0.560597
v 2.12721 2.8299 0.547022
v 2.12011 2.83203 0.556102
v 2.11931 2.83539 0.542264
v 2.1165 2.83478 0.563576
v 2.11415 2.83875 0.550397
v 2.11547 2.84241 0.561193
v 2.11372 2.8421 0.549658
v 2.11998 2.85095 0.555735
v 2.2609 2.84149 0.668751
v 2.26247 2.84302 0.687819
v 2.26954 2.84729 0.665279
v 2.26312 2.84485 0.701224
v 2.27092 2.84943 0.684261
v 2.26566 2.84882 0.711335
v 2.25548 2.84332 0.729324
v 2.25532 2.84546 0.739606
v 2.2483 2.84149 0.749797
v 2.26381 2.85065 0.726784
v 2.25924 2.85217 0.749067
v 2.24634 2.84363 0.764471
v 2.2459 2.84821 0.778917
v 2.26092 2.8595 0.764851
v 2.27933 2.87292 0.743555
v 2.24556 2.85431 0.794949
v 2.26032 2.8653 0.780169
v 2.27362 2.87506 0.764941
v 2.24457 2.86072 0.810565
v 2.25854 2.87018 0.794933
v 2.27724 2.88452 0.774018
v 2.24277 2.86621 0.826158
v 2.25653 2.87567 0.809953
v 2.27612 2.89093 0.788384
v 2.28733 2.88574 0.749082
v 2.24013 2.8714 0.841246
v 2.24997 2.87872 0.829872
v 2.24756 2.88513 0.844706
v 2.24853 2.89368 0.853611
v 2.26146 2.8952 0.827976
v 2.26493 2.89032 0.813404
v 2.27782 2.89978 0.797513
v 2.28044 2.91107 0.806945
v 2.29231 2.91199 0.781535
v 2.29329 2.90436 0.767697
v 2.29034 2.89459 0.758703
v 2.29928 2.90222 0.747986
v 2.30399 2.92084 0.765436
v 2.31145 2.91931 0.74486
v 2.31418 2.91504 0.72959
v 2.30089 2.89642 0.73279
v 2.29251 2.88391 0.729349
v 2.30988 2.90466 0.722214
v 2.30655 2.8952 0.711254
v 2.32205 2.91534 0.706112
v 2.32848 2.93549 0.722923
v 2.32602 2.92542 0.713914
v 2.31764 2.93335 0.748942
v 2.33943 2.93793 0.695412
v 2.33101 2.94495 0.730774
v 2.32006 2.90558 0.691246
v 2.33411 2.95593 0.736625
v 2.33933 2.95258 0.718824
v 2.34175 2.94769 0.704463
v 2.34693 2.96021 0.707133
v 2.33584 2.92816 0.687777
v 2.33281 2.91992 0.678985
v 2.34354 2.9361 0.675894
v 2.34868 2.95441 0.692699
v 2.35034 2.94952 0.677644
v 2.34461 2.93121 0.658299
v 2.35051 2.94373 0.664262
v 2.35477 2.96082 0.680898
v 2.35722 2.97272 0.689424
v 2.3547 2.95441 0.669081
v 2.36144 2.97089 0.666632
v 2.3585 2.9538 0.646911
v 2.36359 2.96967 0.651561
v 2.34926 2.93671 0.650107
v 2.36503 2.98523 0.66938
v 2.35809 2.9483 0.631959
v 2.34422 2.92603 0.643821
v 2.36216 2.9599 0.637791
v 2.36432 2.96875 0.642371
v 2.35239 2.9364 0.627873
v 2.36042 2.95288 0.62543
v 2.33648 2.91779 0.656049
v 2.36413 2.96661 0.630257
v 2.3569 2.94312 0.617945
v 2.3594 2.95013 0.608758
v 2.32827 2.90955 0.668291
v 2.32804 2.90527 0.654245
v 2.31964 2.89673 0.665096
v 2.33683 2.91321 0.636443
v 2.34392 2.92297 0.632725
v 2.32782 2.90222 0.640696
v 2.35079 2.93091 0.607835
v 2.33594 2.90924 0.62102
v 2.34141 2.91626 0.611073
v 2.35516 2.93945 0.606895
v 2.34837 2.92755 0.593614
v 2.33456 2.90649 0.60609
v 2.32638 2.89764 0.617512
v 2.35024 2.93243 0.589359
v 2.34215 2.91809 0.590351
v 2.32426 2.89429 0.597822
v 2.34524 2.92419 0.583217
v 2.33289 2.90436 0.593877
v 2.33774 2.91504 0.57507
v 2.34568 2.9306 0.57592
v 2.3207 2.89215 0.578665
v 2.35575 2.94739 0.593359
v 2.33984 2.92206 0.568785
v 2.32904 2.90192 0.576126
v 2.33388 2.91534 0.562672
v 2.32362 2.90009 0.561688
v 2.31579 2.89124 0.562917
v 2.3368 2.92786 0.559984
v 2.3409 2.92908 0.566773
v 2.34843 2.94556 0.577675
v 2.34314 2.94006 0.567586
v 2.33965 2.94373 0.563333
v 2.32422 2.91199 0.548158
v 2.34501 2.94952 0.572746
v 2.35045 2.95471 0.584571
v 2.35592 2.95959 0.597849
v 2.34547 2.96021 0.580699
v 2.35377 2.96722 0.600419
v 2.36065 2.96478 0.613985
v 2.36434 2.97424 0.634404
v 2.35794 2.96936 0.610098
v 2.36169 2.9715 0.622214
v 2.35605 2.97791 0.618743
v 2.36539 2.97638 0.644894
v 2.3647 2.98187 0.653264
v 2.3614 2.98187 0.637909
v 2.3624 2.99713 0.677318
v 2.35925 2.99561 0.660608
v 2.35301 2.99561 0.642095
v 2.34448 2.99561 0.623106
v 2.34466 3.00598 0.644151
v 2.35234 3.00507 0.663928
v 2.32865 3.02521 0.648341
v 2.32953 3.01331 0.625295
v 2.33371 2.99652 0.604623
v 2.34697 2.97882 0.602243
v 2.33568 2.97882 0.584587
v 2.32148 2.99652 0.58617
v 2.30642 3.03009 0.609509
v 2.31634 2.99225 0.57424
v 2.30159 3.02277 0.591294
v 2.2938 3.01666 0.574313
v 2.32383 2.97821 0.569411
v 2.33459 2.95959 0.5655
v 2.31549 2.98462 0.56611
v 2.31898 2.97119 0.557861
v 2.32111 2.95868 0.550747
v 2.30889 2.97852 0.553732
v 2.29205 3.00171 0.557904
v 2.29355 3.00995 0.566933
v 2.31261 2.96478 0.547027
v 2.32785 2.94189 0.548298
v 2.31466 2.95197 0.540601
v 2.32846 2.92633 0.547756
v 2.31524 2.94128 0.536814
v 2.31449 2.92511 0.53432
v 2.31247 2.91046 0.536364
v 2.30547 2.9248 0.527374
v 2.30616 2.94098 0.529719
v 2.30465 2.95868 0.536279
v 2.29043 2.9422 0.519041
v 2.28984 2.97974 0.538416
v 2.28492 2.95868 0.522181
v 2.28711 2.97028 0.529993
v 2.29085 2.99072 0.547465
v 2.27201 2.97943 0.525087
v 2.27704 3.00018 0.543388
v 2.26192 2.99774 0.530381
v 2.2559 2.97729 0.512916
v 2.25682 2.98828 0.520379
v 2.26614 3.01849 0.549137
v 2.26327 3.00934 0.539465
v 2.24281 3.02216 0.534557
v 2.23564 3.00171 0.515247
v 2.23315 3.01575 0.52314
v 2.20781 3.01178 0.503441
v 2.21413 3.03284 0.52217
v 2.24625 3.03162 0.544021
v 2.22664 3.04474 0.539625
v 2.24807 3.04199 0.553915
v 2.19957 3.0545 0.527226
v 2.26781 3.02856 0.559086
v 2.28069 3.01941 0.56284
v 2.26874 3.0365 0.567023
v 2.25094 3.05084 0.563588
v 2.22244 3.05817 0.546833
v 2.23181 3.06305 0.557878
v 2.25119 3.05908 0.571455
v 2.27677 3.04077 0.580183
v 2.23247 3.0722 0.566405
v 2.2827 3.04443 0.592478
v 2.25843 3.06335 0.583762
v 2.23434 3.08105 0.57644
v 2.21553 3.08441 0.562655
v 2.20525 3.07434 0.546421
v 2.27901 3.05298 0.59885
v 2.25412 3.0722 0.588892
v 2.23438 3.08746 0.583246
v 2.25936 3.07526 0.60063
v 2.21661 3.10364 0.581743
v 2.23351 3.09479 0.590701
v 2.28405 3.05695 0.614064
v 2.24164 3.09753 0.605929
v 2.26625 3.07831 0.618255
v 2.27467 3.07709 0.635165
v 2.2926 3.05634 0.630439
v 2.31013 3.03558 0.627311
v 2.30007 3.05603 0.649643
v 2.31404 3.04016 0.647
v 2.28241 3.07678 0.65557
v 2.30813 3.05573 0.671387
v 2.32311 3.03802 0.666591
v 2.2898 3.07648 0.677238
v 2.31913 3.05084 0.690936
v 2.33579 3.02429 0.666207
v 2.34088 3.02704 0.688711
v 2.358 3.00537 0.682649
v 2.3497 3.01636 0.686155
v 2.35534 3.01575 0.703906
v 2.3608 3.00629 0.698846
v 2.36257 2.99988 0.692513
v 2.35741 3.01758 0.719879
v 2.34835 3.02582 0.707915
v 2.36042 3.00568 0.711159
v 2.36171 2.98706 0.689262
v 2.36161 3.00049 0.701956
v 2.36069 2.99316 0.699855
v 2.35864 2.98248 0.697354
v 2.3579 2.99011 0.707848
v 2.35153 2.97424 0.711303
v 2.34618 2.96875 0.720715
v 2.35064 2.98218 0.723148
v 2.34329 2.97485 0.735079
v 2.35376 2.99377 0.725921
v 2.34827 2.99469 0.742525
v 2.33512 2.96753 0.747461
v 2.34038 2.98126 0.748965
v 2.32149 2.94708 0.757289
v 2.32782 2.9718 0.76846
v 2.34238 3.00293 0.764304
v 2.31144 2.93488 0.765815
v 2.31016 2.94922 0.784624
v 2.30045 2.93243 0.78831
v 2.2926 2.91992 0.790843
v 2.2921 2.93579 0.80953
v 2.281 2.91931 0.81519
v 2.26851 2.91046 0.831744
v 2.27553 2.92938 0.836329
v 2.26433 2.91565 0.845272
v 2.25193 2.91077 0.865208
v 2.26201 2.92816 0.861215
v 2.24128 2.89673 0.872972
v 2.23994 2.90924 0.888066
v 2.24774 2.9245 0.885393
v 2.23366 2.90802 0.900256
v 2.24323 2.92877 0.897098
v 2.25526 2.94678 0.886883
v 2.24089 2.94617 0.912567
v 2.26953 2.94617 0.860918
v 2.24926 2.96814 0.909685
v 2.23306 2.96753 0.937489
v 2.24101 2.98889 0.933461
v 2.26337 2.96722 0.885075
v 2.25817 2.98889 0.90515
v 2.24902 3.00964 0.929096
v 2.23721 3.02704 0.953356
v 2.26419 3.01239 0.906535
v 2.22681 3.02612 0.968987
v 2.25367 3.02979 0.929841
v 2.22267 3.04504 0.979911
v 2.2725 2.98859 0.881597
v 2.27939 2.96539 0.855877
v 2.28143 3.00964 0.878023
v 2.28375 2.94647 0.834812
v 2.28746 2.98798 0.856192
v 2.29469 2.96906 0.830994
v 2.29605 2.95074 0.814596
v 2.29761 2.99072 0.840321
v 2.30895 2.96906 0.804545
v 2.31923 2.97424 0.788148
v 2.29822 3.0069 0.849193
v 2.30516 2.98828 0.825402
v 2.33101 2.98798 0.775906
v 2.31719 2.98676 0.802198
v 2.32895 3.0011 0.790785
v 2.33944 3.0127 0.778527
v 2.31587 3.01056 0.82135
v 2.32685 3.01422 0.80421
v 2.33611 3.02063 0.79127
v 2.3443 3.03223 0.781633
v 2.32964 3.03192 0.810984
v 2.31166 3.03253 0.842364
v 2.29102 3.0304 0.873571
v 2.32249 3.05328 0.83599
v 2.3394 3.03375 0.793149
v 2.33645 3.04657 0.807372
v 2.33166 3.05359 0.819667
v 2.34036 3.0484 0.798492
v 2.33722 3.05542 0.80905
v 2.34556 3.04443 0.781982
v 2.33876 3.05969 0.80167
v 2.3369 3.06061 0.809973
v 2.33324 3.06641 0.81958
v 2.33599 3.06671 0.806572
v 2.34221 3.05481 0.784827
v 2.34838 3.03009 0.770084
v 2.34638 3.01788 0.767237
v 2.34961 3.01086 0.752912
v 2.35297 3.02643 0.752338
v 2.34746 3.04199 0.773345
v 2.34623 3.04749 0.774441
v 2.35306 3.00537 0.739644
v 2.35467 3.01483 0.741815
v 2.35636 3.00873 0.731305
v 2.35495 3.02155 0.7435
v 2.35636 3.02094 0.73487
v 2.35457 3.02734 0.740233
v 2.34925 3.03986 0.76263
v 2.35324 3.02612 0.72627
v 2.35009 3.03528 0.745756
v 2.34601 3.04596 0.764454
v 2.33834 3.03741 0.710733
v 2.34594 3.03558 0.729411
v 2.34143 3.05298 0.77196
v 2.34249 3.04657 0.752094
v 2.33696 3.04626 0.732835
v 2.32433 3.05298 0.713719
v 2.31979 3.06488 0.736968
v 2.32092 3.07007 0.757497
v 2.30153 3.07312 0.70415
v 2.30527 3.08014 0.739477
v 2.33136 3.06549 0.776428
v 2.29822 3.09296 0.760713
v 2.3356 3.0658 0.793881
v 2.32164 3.07556 0.779153
v 2.33081 3.07526 0.813325
v 2.32855 3.07404 0.797262
v 2.30587 3.09143 0.78131
v 2.32873 3.07831 0.827234
v 2.32497 3.08563 0.832984
v 2.32409 3.08472 0.819823
v 2.31559 3.08777 0.801801
v 2.32654 3.07953 0.835976
v 2.32742 3.07068 0.834358
v 2.32236 3.08533 0.845455
v 2.32695 3.06274 0.83307
v 2.32031 3.07343 0.848306
v 2.31248 3.07098 0.86025
v 2.31642 3.08105 0.85768
v 2.31659 3.08899 0.859073
v 2.30843 3.09265 0.873243
v 2.31529 3.09662 0.860845
v 2.30981 3.10394 0.870795
v 2.31747 3.09601 0.852106
v 2.31262 3.10425 0.858411
v 2.31952 3.09357 0.838527
v 2.31653 3.09265 0.822727
v 2.30966 3.10547 0.847143
v 2.29048 3.11157 0.805085
v 2.30038 3.10791 0.825191
v 2.28429 3.11218 0.784929
v 2.26379 3.13232 0.7893
v 2.27847 3.1131 0.765785
v 2.25809 3.13385 0.770913
v 2.27275 3.11401 0.746914
v 2.2751 3.12622 0.80743
v 2.25243 3.13477 0.752679
v 2.2915 3.09448 0.742216
v 2.24716 3.13568 0.734134
v 2.29153 3.08868 0.721745
v 2.26596 3.11462 0.724218
v 2.28479 3.09143 0.708117
v 2.26352 3.11218 0.707249
v 2.27642 3.09174 0.681943
v 2.26284 3.10638 0.68525
v 2.26466 3.09692 0.661213
v 2.24443 3.13141 0.707846
v 2.24242 3.12836 0.688935
v 2.24724 3.11676 0.666893
v 2.25738 3.09723 0.640311
v 2.23042 3.1366 0.673327
v 2.24961 3.09784 0.622036
v 2.23998 3.11768 0.646475
v 2.23246 3.11829 0.62713
v 2.22232 3.13873 0.652403
v 2.2244 3.11829 0.610739
v 2.21447 3.14026 0.633019
v 2.21712 3.11493 0.595199
v 2.19998 3.13629 0.60029
v 2.207 3.13934 0.615602
v 2.19963 3.12408 0.585479
v 2.19476 3.11035 0.567607
v 2.18396 3.15643 0.605794
v 2.19719 3.16162 0.638161
v 2.18336 3.14148 0.587178
v 2.17661 3.15277 0.592718
v 2.18393 3.12653 0.57268
v 2.16563 3.14758 0.575926
v 2.21146 3.0957 0.569338
v 2.18886 3.10089 0.554494
v 2.17459 3.12073 0.559031
v 2.18457 3.08594 0.538678
v 2.15754 3.14148 0.562142
v 2.16836 3.10699 0.54141
v 2.14751 3.13354 0.545253
v 2.14096 3.16101 0.564751
v 2.15905 3.0899 0.519383
v 2.1764 3.06793 0.51843
v 2.19318 3.03925 0.511438
v 2.15369 3.07678 0.504608
v 2.16798 3.0545 0.50152
v 2.143 3.09082 0.505161
v 2.15586 3.10211 0.526226
v 2.14677 3.11737 0.530253
v 2.13068 3.10974 0.507446
v 2.16174 3.04596 0.490157
v 2.17561 3.03772 0.496149
v 2.12045 3.09631 0.486001
v 2.12048 3.10699 0.494108
v 2.12541 3.1192 0.509448
v 2.11387 3.1366 0.510311
v 2.09961 3.13599 0.491628
v 2.13718 3.12317 0.526195
v 2.09855 3.14819 0.498992
v 2.11407 3.14636 0.520707
v 2.13237 3.13629 0.532645
v 2.10012 3.15491 0.506871
v 2.12701 3.14819 0.5389
v 2.13417 3.15338 0.550992
v 2.11975 3.1543 0.536337
v 2.10194 3.17749 0.535106
v 2.08588 3.18024 0.510578
v 2.08863 3.19305 0.523952
v 2.1167 3.17566 0.554735
v 2.08447 3.20221 0.528135
v 2.09905 3.18634 0.541021
v 2.10876 3.18756 0.55925
v 2.10243 3.19611 0.560571
v 2.08173 3.22754 0.552345
v 2.10174 3.22021 0.583718
v 2.0825 3.23975 0.569195
v 2.11514 3.19672 0.575921
v 2.13437 3.17322 0.570723
v 2.15655 3.16559 0.586208
v 2.14326 3.1781 0.585833
v 2.15954 3.1723 0.597133
v 2.14059 3.18909 0.595902
v 2.12423 3.20312 0.594218
v 2.13263 3.20221 0.603495
v 2.11765 3.21594 0.602452
v 2.09403 3.23395 0.587499
v 2.07824 3.24585 0.573096
v 2.14335 3.20648 0.623147
v 2.09257 3.24615 0.598253
v 2.07365 3.26721 0.603344
v 2.0816 3.27179 0.615879
v 2.1078 3.2309 0.609764
v 2.11293 3.23456 0.622998
v 2.12765 3.2132 0.612126
v 2.10484 3.25714 0.647206
v 2.08357 3.28033 0.633349
v 2.1282 3.22601 0.632389
v 2.11835 3.24158 0.645054
v 2.09244 3.28033 0.65285
v 2.08696 3.28888 0.655165
v 2.11469 3.25317 0.66181
v 2.12604 3.23883 0.652813
v 2.13891 3.22418 0.646678
v 2.10545 3.27728 0.684161
v 2.07922 3.30231 0.678108
v 2.08491 3.3075 0.694221
v 2.10677 3.26904 0.675733
v 2.11504 3.26904 0.694476
v 2.12092 3.25562 0.678048
v 2.13171 3.24615 0.678683
v 2.12564 3.25745 0.691923
v 2.14225 3.22845 0.661213
v 2.13827 3.24371 0.68782
v 2.13647 3.25317 0.706988
v 2.09259 3.31085 0.713998
v 2.0833 3.30994 0.698712
v 2.09123 3.31451 0.715629
v 2.09794 3.31604 0.733652
v 2.12367 3.27118 0.719099
v 2.10899 3.29681 0.738565
v 2.14171 3.25409 0.724078
v 2.10793 3.30811 0.757131
v 2.08862 3.33405 0.758469
v 2.12491 3.27423 0.730992
v 2.12735 3.2782 0.750236
v 2.09492 3.3374 0.775819
v 2.09359 3.33862 0.776146
v 2.09838 3.34045 0.789341
v 2.10166 3.33771 0.794799
v 2.10363 3.33893 0.805128
v 2.11735 3.30078 0.776767
v 2.11817 3.28979 0.75357
v 2.10598 3.3374 0.81385
v 2.08793 3.35449 0.817324
v 2.12436 3.29681 0.79337
v 2.11464 3.32062 0.814437
v 2.09747 3.35815 0.844051
v 2.09443 3.35754 0.83656
v 2.09973 3.35876 0.850701
v 2.11431 3.32855 0.834527
v 2.10218 3.35907 0.857449
v 2.12982 3.29529 0.811518
v 2.12573 3.31543 0.855223
v 2.13659 3.28735 0.814088
v 2.13562 3.29254 0.82971
v 2.12348 3.31146 0.832494
v 2.13231 3.30536 0.857694
v 2.13207 3.30872 0.870452
v 2.10809 3.35632 0.870561
v 2.10651 3.35907 0.869347
v 2.10902 3.35907 0.878498
v 2.11258 3.35785 0.892303
v 2.138 3.29468 0.850114
v 2.14045 3.29651 0.871619
v 2.13381 3.31146 0.892217
v 2.12509 3.32764 0.894577
v 2.12973 3.32306 0.90734
v 2.12202 3.34503 0.913387
v 2.13725 3.31207 0.912396
v 2.14831 3.29071 0.896365
v 2.13505 3.31818 0.920186
v 2.12692 3.34167 0.934013
v 2.14239 3.30963 0.932776
v 2.13187 3.33862 0.954781
v 2.14618 3.30872 0.952177
v 2.13491 3.34106 0.977862
v 2.1524 3.2959 0.944237
v 2.14945 3.30902 0.973227
v 2.14391 3.32855 1.00041
v 2.14619 3.32886 1.01516
v 2.15335 3.30841 0.994216
v 2.1595 3.29071 0.969576
v 2.16412 3.28705 0.987217
v 2.1564 3.30994 1.01648
v 2.15085 3.32642 1.03247
v 2.15459 3.32397 1.04946
v 2.16092 3.30688 1.03871
v 2.16261 3.3075 1.05677
v 2.16339 3.31177 1.0737
v 2.16505 3.29132 1.01123
v 2.16733 3.29163 1.03135
v 2.17136 3.2962 1.08801
v 2.16877 3.29407 1.05631
v 2.17206 3.27728 1.00772
v 2.17574 3.27393 1.02634
v 2.17933 3.26996 1.04517
v 2.17352 3.28491 1.10379
v 2.17857 3.27393 1.07435
v 2.17671 3.26508 1.10944
v 2.18226 3.26294 1.03177
v 2.18357 3.26141 1.05013
v 2.18387 3.25592 1.06836
v 2.18097 3.24127 1.0988
v 2.18486 3.24463 1.07645
v 2.18709 3.25043 1.05891
v 2.18077 3.22266 1.10407
v 2.18579 3.23517 1.07724
v 2.18844 3.23914 1.06442
v 2.18038 3.19885 1.10568
v 2.1862 3.22327 1.07791
v 2.18656 3.21014 1.07891
v 2.18595 3.17688 1.08303
v 2.18638 3.19275 1.08109
v 2.19041 3.20374 1.06582
v 2.19034 3.22388 1.06293
v 2.19557 3.22418 1.04561
v 2.19091 3.1543 1.0645
v 2.19153 3.18054 1.06265
v 2.19694 3.20557 1.04446
v 2.19763 3.18268 1.04323
v 2.2031 3.1839 1.02972
v 2.18819 3.13263 1.07086
v 2.19763 3.15857 1.04323
v 2.19652 3.13782 1.04509
v 2.18552 3.1134 1.07425
v 2.20296 3.1604 1.02977
v 2.19469 3.11615 1.049
v 2.20204 3.13904 1.03123
v 2.18422 3.09692 1.07246
v 2.19273 3.09509 1.05345
v 2.19136 3.07556 1.05459
v 2.20079 3.11829 1.03316
v 2.19957 3.09845 1.03474
v 2.19785 3.07709 1.03714
v 2.19593 3.05756 1.03946
v 2.20426 3.0603 1.01906
v 2.20609 3.08136 1.01694
v 2.21049 3.06183 1.00494
v 2.21213 3.08258 1.00452
v 2.217 3.04321 0.989759
v 2.21751 3.06305 0.992501
v 2.21327 3.10303 1.0041
v 2.20742 3.1012 1.01613
v 2.21905 3.10303 0.994535
v 2.2141 3.12317 1.00412
v 2.20823 3.12103 1.01567
v 2.2185 3.08319 0.993439
v 2.22438 3.06366 0.981064
v 2.22753 3.08258 0.979442
v 2.23057 3.06396 0.972167
v 2.24112 3.04626 0.953394
v 2.24822 3.06488 0.948376
v 2.25291 3.04871 0.937586
v 2.26228 3.04718 0.923625
v 2.26355 3.03009 0.915046
v 2.27428 3.03101 0.899454
v 2.28354 3.0542 0.895441
v 2.26824 3.06946 0.922598
v 2.29291 3.05237 0.881002
v 2.28077 3.07098 0.905701
v 2.30281 3.05054 0.865381
v 2.29473 3.0722 0.886498
v 2.29984 3.09204 0.885782
v 2.27607 3.08716 0.917317
v 2.25475 3.08594 0.944867
v 2.24246 3.08472 0.960216
v 2.23836 3.10516 0.969007
v 2.26244 3.11005 0.940124
v 2.28428 3.11218 0.912216
v 2.30394 3.10089 0.882344
v 2.29642 3.11096 0.895143
v 2.30373 3.10822 0.883558
v 2.30218 3.11523 0.88509
v 2.30445 3.11462 0.877933
v 2.29903 3.12286 0.88446
v 2.30612 3.11279 0.864666
v 2.29548 3.12286 0.896133
v 2.28866 3.12744 0.908188
v 2.29069 3.13202 0.900801
v 2.29702 3.12286 0.870898
v 2.2922 3.13141 0.890675
v 2.28492 3.13873 0.909067
v 2.28551 3.12714 0.850407
v 2.28871 3.1308 0.873921
v 2.28242 3.14148 0.896825
v 2.27014 3.14697 0.876443
v 2.27441 3.13141 0.828302
v 2.25896 3.15094 0.853717
v 2.25956 3.14117 0.811131
v 2.25379 3.15125 0.833676
v 2.24394 3.15247 0.795856
v 2.24894 3.16833 0.888692
v 2.24245 3.15887 0.817667
v 2.23636 3.16986 0.842448
v 2.23963 3.15308 0.777292
v 2.24498 3.16498 0.85767
v 2.23221 3.16589 0.8011
v 2.22488 3.17871 0.825189
v 2.22746 3.16711 0.782692
v 2.21918 3.18146 0.806811
v 2.23925 3.14911 0.757471
v 2.22107 3.16895 0.758395
v 2.23407 3.15002 0.739211
v 2.23036 3.15918 0.761179
v 2.21825 3.16864 0.743501
v 2.22846 3.15094 0.718853
v 2.20852 3.19061 0.789088
v 2.2085 3.18665 0.770263
v 2.19391 3.19977 0.749754
v 2.19556 3.20251 0.77042
v 2.1977 3.20862 0.812012
v 2.18754 3.21747 0.793466
v 2.18092 3.22174 0.772986
v 2.20801 3.17688 0.726934
v 2.20691 3.20068 0.831562
v 2.1775 3.23547 0.818542
v 2.1701 3.24066 0.796398
v 2.1852 3.22876 0.837503
v 2.21353 3.19641 0.851564
v 2.16408 3.24371 0.777149
v 2.19646 3.21777 0.855979
v 2.22526 3.18237 0.84632
v 2.20316 3.21289 0.875292
v 2.21869 3.19397 0.86933
v 2.22928 3.18176 0.86499
v 2.24077 3.172 0.872018
v 2.23742 3.17902 0.887368
v 2.22319 3.19153 0.882145
v 2.23053 3.19153 0.914863
v 2.21831 3.19885 0.892845
v 2.20855 3.20923 0.891037
v 2.21475 3.2074 0.917032
v 2.20081 3.22021 0.900992
v 2.19169 3.2312 0.900901
v 2.20663 3.21716 0.920145
v 2.21887 3.2077 0.939072
v 2.19751 3.22693 0.91648
v 2.2006 3.22845 0.945551
v 2.18947 3.23853 0.92654
v 2.1866 3.24493 0.941871
v 2.18528 3.23639 0.88196
v 2.18021 3.25012 0.924713
v 2.17434 3.255 0.907684
v 2.17402 3.24707 0.858122
v 2.16784 3.2608 0.888457
v 2.16436 3.27332 0.927549
v 2.15835 3.27881 0.91058
v 2.15866 3.27332 0.886432
v 2.15695 3.27209 0.869199
v 2.16549 3.25531 0.840442
v 2.14947 3.27789 0.845947
v 2.15926 3.25958 0.820629
v 2.14465 3.28064 0.829993
v 2.14778 3.27026 0.802884
v 2.13855 3.27698 0.786425
v 2.14862 3.26477 0.785532
v 2.12924 3.28949 0.790297
v 2.12385 3.28979 0.770987
v 2.13518 3.27545 0.768658
v 2.15124 3.255 0.761034
v 2.13537 3.26874 0.746832
v 2.14955 3.25165 0.742984
v 2.16234 3.24066 0.757171
v 2.16398 3.23273 0.735783
v 2.17436 3.2251 0.753612
v 2.1867 3.20374 0.729486
v 2.15578 3.23669 0.717665
v 2.16778 3.22174 0.713623
v 2.15069 3.23578 0.699213
v 2.17025 3.21228 0.692276
v 2.1797 3.20679 0.709782
v 2.14876 3.22998 0.679136
v 2.19991 3.18085 0.705523
v 2.1917 3.18451 0.683833
v 2.21482 3.16223 0.70189
v 2.21324 3.15735 0.67876
v 2.16071 3.21564 0.673175
v 2.22473 3.15186 0.70592
v 2.23351 3.13995 0.696558
v 2.20471 3.16071 0.657993
v 2.18596 3.18665 0.669354
v 2.18583 3.17535 0.64131
v 2.1784 3.19366 0.665118
v 2.15869 3.20892 0.653291
v 2.17086 3.19458 0.648377
v 2.15456 3.20404 0.63612
v 2.17048 3.18756 0.633908
v 2.15721 3.18787 0.614376
v 2.16572 3.18573 0.622644
v 2.16959 3.17322 0.610036
v 2.17796 3.17596 0.626805
v 2.18515 3.16467 0.619807
v 2.19 3.1662 0.631357
v 2.19347 3.15735 0.622137
v 2.19139 2.89642 0.459166
v 2.18992 2.91382 0.45467
v 2.19097 2.87903 0.468734
v 2.20236 2.88605 0.472383
v 2.20262 2.89581 0.468153
v 2.21159 2.883 0.481692
v 2.21988 2.89459 0.480391
v 2.22972 2.88818 0.490041
v 2.24019 2.88422 0.499633
v 2.23063 2.89886 0.485411
v 2.21872 2.91168 0.474484
v 2.24211 2.89398 0.494637
v 2.23111 2.91107 0.482238
v 2.20323 2.9129 0.464037
v 2.24688 2.91016 0.491678
v 2.23081 2.92725 0.480965
v 2.21845 2.92816 0.473761
v 2.20355 2.92938 0.464484
v 2.18905 2.9306 0.455389
v 2.20276 2.94586 0.467207
v 2.18796 2.94739 0.458221
v 2.22132 2.94373 0.478081
v 2.20071 2.96295 0.471845
v 2.186 2.96417 0.462667
v 2.24771 2.92603 0.490814
v 2.22186 2.96051 0.484055
v 2.199 2.97363 0.475637
v 2.24658 2.9425 0.492192
v 2.26996 2.92511 0.503836
v 2.18368 2.98035 0.468301
v 2.20203 2.98279 0.482167
v 2.18151 2.99561 0.474856
v 2.19366 3.0014 0.486836
v 2.18965 3.02399 0.498604
v 2.2071 2.99377 0.491686
v 2.22566 2.96967 0.490463
v 2.22487 2.99561 0.504391
v 2.22838 2.98004 0.497508
v 2.23898 2.96234 0.494956
v 2.25062 2.96722 0.504206
v 2.25238 2.95471 0.49967
v 2.27153 2.9425 0.507236
v 2.26203 2.96021 0.50793
v 2.28007 2.94861 0.514197
v 2.28077 2.93732 0.511676
v 2.29484 2.9248 0.519555
v 2.28079 2.9248 0.510372
v 2.27987 2.90924 0.512323
v 2.26946 2.90955 0.505561
v 2.30408 2.90955 0.529338
v 2.29245 2.90924 0.52058
v 2.27935 2.901 0.51446
v 2.25426 2.89948 0.499477
v 2.267 2.89551 0.50953
v 2.28544 2.8952 0.522309
v 2.25409 2.8894 0.504806
v 2.26511 2.88574 0.514601
v 2.25218 2.88147 0.510298
v 2.26035 2.87384 0.526076
v 2.27697 2.88391 0.524909
v 2.26697 2.86926 0.540716
v 2.28409 2.87811 0.538229
v 2.28812 2.88788 0.530105
v 2.30227 2.89581 0.536004
v 2.29411 2.88605 0.537185
v 2.28049 2.86896 0.556914
v 2.29038 2.87476 0.553317
v 2.2713 2.86346 0.561551
v 2.28873 2.86835 0.574696
v 2.261 2.85248 0.588179
v 2.27946 2.86255 0.579525
v 2.25654 2.84607 0.610749
v 2.26668 2.85126 0.606896
v 2.26262 2.84576 0.628829
v 2.29413 2.86804 0.594003
v 2.28499 2.86194 0.598784
v 2.27181 2.85095 0.625492
v 2.26712 2.84637 0.647006
v 2.27572 2.85187 0.643394
v 2.2886 2.86194 0.618092
v 2.27932 2.85431 0.660917
v 2.29655 2.87354 0.570718
v 2.28399 2.86041 0.678213
v 2.29086 2.86407 0.655584
v 2.28328 2.86285 0.696814
v 2.29123 2.8656 0.667304
v 2.29587 2.87201 0.67698
v 2.29011 2.86224 0.636535
v 2.29984 2.87201 0.652161
v 2.29829 2.86926 0.632263
v 2.29697 2.86835 0.613423
v 2.30169 2.87415 0.589311
v 2.30571 2.87598 0.607981
v 2.31013 2.88025 0.625524
v 2.30998 2.88208 0.648317
v 2.31048 2.88483 0.661764
v 2.31795 2.88879 0.628696
v 2.31682 2.88635 0.614007
v 2.31597 2.88544 0.601816
v 2.31891 2.89185 0.644744
v 2.31327 2.88422 0.582335
v 2.3109 2.88879 0.675899
v 2.30889 2.88391 0.564933
v 2.30271 2.88422 0.550137
v 2.30978 2.89185 0.549513
v 2.30587 2.88757 0.693316
v 2.29088 2.8717 0.699413
v 2.29469 2.88086 0.713935
v 2.28358 2.86652 0.709697
v 2.28347 2.86957 0.720129
v 2.27481 2.86072 0.723108
v 2.27447 2.86438 0.735574
v 2.31079 2.901 0.540221
v 2.31677 2.89978 0.549079
v 2.183 2.87354 0.962343
v 2.19263 2.8833 0.96695
v 2.19595 2.89215 0.971597
v 2.18739 2.89764 0.982006
v 2.18536 2.8833 0.971061
v 2.17175 2.86652 0.956846
v 2.1757 2.88422 0.974411
v 2.1687 2.87598 0.967209
v 2.16149 2.86804 0.959434
v 2.15862 2.87872 0.969416
v 2.16544 2.88574 0.977002
v 2.1573 2.8894 0.977844
v 2.1746 2.89612 0.983899
v 2.16263 2.89825 0.985812
v 2.18383 2.90588 0.98964
v 2.17354 2.90771 0.993051
v 2.15921 2.9129 0.995172
v 2.17881 2.91504 0.996816
v 2.19179 2.90558 0.985611
v 2.18929 2.91229 0.991711
v 2.19604 2.91351 0.987958
v 2.19813 2.92511 0.991904
v 2.19123 2.93213 1.00286
v 2.19552 2.94678 1.00617
v 2.18 2.93549 1.00905
v 2.18834 2.9425 1.01008
v 2.19268 2.96967 1.01889
v 2.19045 2.95197 1.01321
v 2.1812 2.95563 1.01949
v 2.18219 2.97699 1.02936
v 2.18696 2.98523 1.03087
v 2.1828 2.99255 1.03596
v 2.17579 2.98523 1.03542
v 2.16974 3.01483 1.05093
v 2.16992 2.99469 1.04161
v 2.16938 2.97821 1.03386
v 2.16595 2.98767 1.03916
v 2.15981 3.00049 1.04593
v 2.15791 3.03345 1.06172
v 2.15651 3.01392 1.05249
v 2.16894 2.95685 1.02281
v 2.1584 2.97577 1.03313
v 2.17363 2.94556 1.01608
v 2.16021 2.96356 1.02695
v 2.16396 2.94983 1.01894
v 2.16542 2.9361 1.01045
v 2.16706 2.92084 1.00158
v 2.1561 2.92542 1.00312
v 2.15541 2.94006 1.01149
v 2.15583 2.95441 1.02027
v 2.1512 2.91595 0.994998
v 2.15185 2.92877 1.00304
v 2.14765 2.94769 1.01204
v 2.14915 2.91321 0.99071
v 2.14775 2.92053 0.992199
v 2.14829 2.97424 1.02853
v 2.1404 2.97516 1.02247
v 2.14529 2.98462 1.03367
v 2.15401 2.99408 1.04204
v 2.13923 3.00415 1.04026
v 2.15109 3.00659 1.04878
v 2.14659 2.99805 1.04262
v 2.14352 2.99347 1.03822
v 2.14643 3.01117 1.04933
v 2.14941 3.0191 1.05442
v 2.14054 3.02979 1.05635
v 2.13579 3.04504 1.06116
v 2.14902 3.03436 1.06138
v 2.15337 3.04352 1.06663
v 2.14165 3.05267 1.06747
v 2.15858 3.05389 1.07024
v 2.15087 3.0542 1.07094
v 2.14669 3.07343 1.07863
v 2.14057 3.06549 1.07387
v 2.1345 3.05084 1.06342
v 2.13955 3.07983 1.08042
v 2.13622 3.06946 1.07351
v 2.13123 3.06213 1.06558
v 2.12854 3.07709 1.06801
v 2.13303 3.08777 1.08082
v 2.13946 3.09326 1.08645
v 2.12833 3.10364 1.0853
v 2.12768 3.08929 1.06832
v 2.12937 3.10486 1.06674
v 2.12375 3.12164 1.08923
v 2.13543 3.11066 1.09279
v 2.14327 3.10211 1.09157
v 2.12984 3.12836 1.09839
v 2.14858 3.11249 1.09547
v 2.14087 3.1134 1.09568
v 2.14874 3.13141 1.10305
v 2.1358 3.13293 1.10272
v 2.12764 3.13934 1.10309
v 2.13639 3.15094 1.11062
v 2.14044 3.15735 1.11369
v 2.12092 3.1311 1.09173
v 2.11866 3.14667 1.09401
v 2.12347 3.14575 1.10232
v 2.1193 3.16223 1.10693
v 2.12781 3.15002 1.10757
v 2.12797 3.16803 1.11514
v 2.13306 3.16345 1.11573
v 2.13772 3.17078 1.11875
v 2.13158 3.17627 1.12016
v 2.1398 3.19183 1.12578
v 2.12453 3.18878 1.12175
v 2.1303 3.19153 1.12469
v 2.14022 3.21259 1.13099
v 2.12071 3.20862 1.12687
v 2.1284 3.21045 1.12927
v 2.14747 3.21991 1.13127
v 2.13632 3.22266 1.13321
v 2.12582 3.2312 1.132
v 2.14048 3.22968 1.13349
v 2.13448 3.23578 1.13485
v 2.12437 3.24951 1.13382
v 2.14053 3.2486 1.13493
v 2.1333 3.24921 1.13561
v 2.13271 3.26294 1.13533
v 2.14871 3.26447 1.13245
v 2.13895 3.26691 1.1342
v 2.13437 3.27454 1.13408
v 2.14494 3.27332 1.13236
v 2.1376 3.28003 1.13226
v 2.08164 3.09601 0.464952
v 2.08861 3.10669 0.469409
v 2.07051 3.10028 0.469654
v 2.06993 3.11798 0.475623
v 2.06193 3.10669 0.477315
v 2.06166 3.12256 0.48147
v 2.05548 3.11096 0.485906
v 2.0526 3.10333 0.493613
v 2.05139 3.11401 0.493405
v 2.05524 3.12805 0.48794
v 2.04745 3.13293 0.503115
v 2.05004 3.13202 0.494618
v 2.05342 3.12775 0.518639
v 2.04552 3.15125 0.505846
v 2.05025 3.14819 0.497871
v 2.0642 3.13995 0.54118
v 2.0469 3.15338 0.524828
v 2.06079 3.15552 0.547867
v 2.06365 3.15674 0.558436
v 2.05781 3.16589 0.553983
v 2.04202 3.16589 0.523026
v 2.06646 3.14087 0.565288
v 2.06417 3.15521 0.561652
v 2.06319 3.15979 0.573702
v 2.06224 3.16223 0.592063
v 2.05929 3.18237 0.574547
v 2.06626 3.13721 0.61073
v 2.05966 3.18481 0.594786
v 2.06526 3.14423 0.636586
v 2.06186 3.16284 0.610225
v 2.06554 3.14514 0.655647
v 2.06156 3.16498 0.646049
v 2.05968 3.17871 0.602897
v 2.05835 3.20099 0.598348
v 2.0589 3.18634 0.613246
v 2.05858 3.18481 0.633823
v 2.05765 3.20282 0.615168
v 2.04915 3.2132 0.593572
v 2.05489 3.19702 0.577199
v 2.04382 3.19794 0.562387
v 2.03785 3.21259 0.567397
v 2.05114 3.18268 0.557057
v 2.0389 3.19336 0.546161
v 2.04226 3.17993 0.54112
v 2.04058 3.17657 0.527123
v 2.03694 3.21259 0.553281
v 2.0407 3.18939 0.529676
v 2.04455 3.16864 0.513019
v 2.04107 3.17749 0.519967
v 2.04161 3.18329 0.520984
v 2.04354 3.19153 0.524507
v 2.04777 3.18359 0.516064
v 2.05149 3.16284 0.502624
v 2.05281 3.17474 0.507175
v 2.0586 3.14209 0.489561
v 2.05897 3.15796 0.495521
v 2.06259 3.13385 0.484463
v 2.06966 3.14056 0.484731
v 2.05861 3.17719 0.505229
v 2.0552 3.18451 0.510607
v 2.0688 3.17352 0.501122
v 2.06347 3.1842 0.507443
v 2.06945 3.15521 0.491298
v 2.07517 3.18054 0.506108
v 2.07693 3.1665 0.497592
v 2.07908 3.15491 0.491865
v 2.08088 3.17169 0.501763
v 2.09032 3.1543 0.496461
v 2.07985 3.18451 0.509193
v 2.09237 3.1424 0.490035
v 2.08322 3.13507 0.482729
v 2.09351 3.12866 0.481991
v 2.07655 3.12836 0.478653
v 2.08609 3.11981 0.47543
v 2.09466 3.11432 0.475326
v 2.08128 3.11432 0.472475
v 2.08935 3.06732 0.751544
v 2.08515 3.08746 0.753399
v 2.09178 3.06732 0.772088
v 2.08285 3.08746 0.732317
v 2.08743 3.08868 0.775298
v 2.08249 3.10516 0.763941
v 2.07869 3.1076 0.73383
v 2.07672 3.1076 0.712786
v 2.07579 3.12714 0.744619
v 2.07277 3.12775 0.714869
v 2.07126 3.12744 0.694638
v 2.06969 3.1485 0.727842
v 2.06722 3.14758 0.696439
v 2.06615 3.14667 0.676525
v 2.06347 3.172 0.708026
v 2.06242 3.16681 0.677881
v 2.07295 3.1485 0.757342
v 2.05931 3.18573 0.679179
v 2.07553 3.14789 0.777835
v 2.06043 3.18604 0.699225
v 2.067 3.16864 0.738727
v 2.06919 3.16925 0.759041
v 2.07167 3.16925 0.779726
v 2.06586 3.1897 0.76106
v 2.06356 3.18878 0.740464
v 2.06186 3.18756 0.720134
v 2.06988 3.18665 0.790441
v 2.06374 3.21167 0.771736
v 2.0609 3.2077 0.742079
v 2.05935 3.20557 0.721695
v 2.05797 3.20312 0.697364
v 2.05901 3.22357 0.741788
v 2.05744 3.22144 0.72093
v 2.06259 3.2254 0.776205
v 2.05746 3.24097 0.739755
v 2.06047 3.24432 0.77438
v 2.06392 3.2431 0.803973
v 2.06567 3.22815 0.804315
v 2.06824 3.20984 0.803379
v 2.07115 3.20953 0.823424
v 2.0675 3.23639 0.824101
v 2.07406 3.19 0.822045
v 2.0595 3.25989 0.774403
v 2.06491 3.25775 0.822775
v 2.05645 3.25958 0.739633
v 2.0734 3.22754 0.855077
v 2.05551 3.25958 0.719194
v 2.07434 3.20923 0.843372
v 2.06794 3.25317 0.842294
v 2.07776 3.21198 0.866642
v 2.07155 3.25104 0.86338
v 2.07734 3.18939 0.841792
v 2.07709 3.23456 0.883122
v 2.08071 3.18878 0.861346
v 2.08068 3.16833 0.84026
v 2.06649 3.27911 0.84947
v 2.08261 3.19855 0.881766
v 2.07415 3.25806 0.883053
v 2.07181 3.27606 0.881958
v 2.07644 3.26538 0.901864
v 2.08251 3.23273 0.91054
v 2.08394 3.16772 0.859523
v 2.08486 3.20618 0.90092
v 2.08746 3.16711 0.879026
v 2.08956 3.1781 0.901319
v 2.08453 3.14667 0.838369
v 2.08761 3.14636 0.857542
v 2.09098 3.14606 0.877097
v 2.08669 3.12775 0.82866
v 2.09132 3.12531 0.855703
v 2.07969 3.15002 0.810743
v 2.07753 3.16895 0.820453
v 2.07444 3.16956 0.800309
v 2.07968 3.12653 0.776326
v 2.08244 3.12592 0.796431
v 2.08627 3.10577 0.794883
v 2.09218 3.07495 0.790615
v 2.08921 3.10516 0.814594
v 2.09339 3.1073 0.846673
v 2.09297 3.08594 0.812896
v 2.09604 3.04779 0.770383
v 2.09845 3.04749 0.790453
v 2.09891 3.05542 0.80912
v 2.10285 3.02856 0.788687
v 2.10965 3.00079 0.785084
v 2.11752 2.97272 0.781248
v 2.10511 3.02856 0.808325
v 2.11636 2.98431 0.803097
v 2.1095 3.01056 0.806081
v 2.10561 3.03711 0.827133
v 2.11175 3.01086 0.825235
v 2.12478 2.9538 0.798091
v 2.12161 2.97211 0.818407
v 2.11631 2.99255 0.822598
v 2.11211 3.02002 0.844582
v 2.11851 2.99316 0.841611
v 2.12342 2.97455 0.839496
v 2.12573 2.97485 0.858788
v 2.11896 3.00201 0.862066
v 2.12611 2.98431 0.880406
v 2.11291 3.02917 0.865073
v 2.13098 2.97363 0.896013
v 2.12931 2.995 0.918695
v 2.12648 2.99438 0.899753
v 2.12556 3.013 0.920868
v 2.12028 3.03619 0.92019
v 2.12263 3.01239 0.901644
v 2.11955 3.01178 0.881983
v 2.11887 3.03009 0.903816
v 2.11588 3.02917 0.883964
v 2.11356 3.05389 0.903472
v 2.11531 3.0658 0.927517
v 2.1157 3.0838 0.949135
v 2.11209 3.08411 0.929828
v 2.11266 3.10242 0.951048
v 2.10891 3.10303 0.931792
v 2.10866 3.08441 0.910123
v 2.11212 3.04718 0.88614
v 2.10679 3.07373 0.887099
v 2.10525 3.10364 0.912344
v 2.1092 3.04718 0.866912
v 2.10553 3.12317 0.93367
v 2.10184 3.12378 0.914551
v 2.10623 3.04749 0.848021
v 2.10543 3.0661 0.868601
v 2.10241 3.06641 0.849569
v 2.09964 3.06641 0.830773
v 2.09983 3.09296 0.868846
v 2.09869 3.08533 0.851409
v 2.09582 3.08563 0.832322
v 2.10163 3.10394 0.892549
v 2.09459 3.125 0.874975
v 2.09826 3.12439 0.894911
v 2.0946 3.14545 0.896891
v 2.09831 3.14484 0.916481
v 2.09676 3.16315 0.925165
v 2.10369 3.14209 0.942457
v 2.10961 3.1427 0.972129
v 2.10437 3.16376 0.963969
v 2.10125 3.18329 0.96477
v 2.10621 3.19061 0.993165
v 2.09356 3.18542 0.928442
v 2.09909 3.21472 0.978058
v 2.0886 3.20526 0.919693
v 2.09426 3.20374 0.947341
v 2.09376 3.23273 0.966038
v 2.10253 3.21533 0.994184
v 2.10574 3.22296 1.01331
v 2.0883 3.23151 0.938953
v 2.09183 3.26355 0.977291
v 2.08858 3.24951 0.95314
v 2.08548 3.25592 0.941933
v 2.08481 3.27362 0.949477
v 2.08455 3.29407 0.959477
v 2.07998 3.26508 0.920547
v 2.08072 3.29407 0.940897
v 2.07635 3.29529 0.91992
v 2.07247 3.29651 0.899899
v 2.06931 3.29742 0.880917
v 2.06675 3.29803 0.862686
v 2.06353 3.32214 0.881073
v 2.06907 3.31787 0.900806
v 2.07308 3.32123 0.922564
v 2.07826 3.31665 0.942601
v 2.06966 3.33435 0.919423
v 2.07387 3.33984 0.966283
v 2.07319 3.3313 0.929995
v 2.06647 3.34412 0.947704
v 2.0637 3.35785 0.975822
v 2.06088 3.34595 0.928307
v 2.05979 3.35754 0.955656
v 2.06562 3.36639 0.973496
v 2.06772 3.37006 0.970785
v 2.06406 3.36914 0.953124
v 2.06183 3.36517 0.954582
v 2.06767 3.37219 0.945641
v 2.06072 3.36761 0.935015
v 2.05824 3.36334 0.935758
v 2.06286 3.37006 0.928396
v 2.05652 3.36517 0.91138
v 2.05661 3.35632 0.934404
v 2.0553 3.36243 0.914747
v 2.05528 3.34839 0.910201
v 2.05378 3.3548 0.913674
v 2.05179 3.35876 0.897021
v 2.05098 3.3551 0.895698
v 2.05391 3.36212 0.891707
v 2.04948 3.35632 0.886666
v 2.05142 3.35114 0.89245
v 2.06403 3.33679 0.903456
v 2.05971 3.33832 0.891548
v 2.05517 3.33832 0.879076
v 2.05972 3.32306 0.863463
v 2.05059 3.33771 0.865153
v 2.04861 3.35205 0.875779
v 2.0489 3.3316 0.84483
v 2.0655 3.30048 0.852106
v 2.04622 3.33649 0.845961
v 2.05053 3.35754 0.87524
v 2.06447 3.31482 0.851501
v 2.06408 3.29895 0.84061
v 2.06317 3.31482 0.840771
v 2.06241 3.29651 0.821248
v 2.06319 3.27759 0.821613
v 2.05873 3.31482 0.824532
v 2.06015 3.29651 0.802097
v 2.06138 3.27393 0.801001
v 2.0623 3.25806 0.801315
v 2.05978 3.27454 0.78275
v 2.04488 3.32977 0.826637
v 2.05221 3.31512 0.810174
v 2.0438 3.31696 0.795535
v 2.05735 3.29651 0.784121
v 2.04112 3.33252 0.806907
v 2.04062 3.31757 0.784997
v 2.04363 3.33496 0.828559
v 2.04414 3.3432 0.831291
v 2.04596 3.34595 0.850599
v 2.04277 3.34137 0.816372
v 2.04522 3.34717 0.824898
v 2.04837 3.35388 0.852322
v 2.04153 3.33466 0.813406
v 2.04602 3.34595 0.80967
v 2.04242 3.34015 0.805135
v 2.04266 3.33801 0.788812
v 2.05426 3.3609 0.86496
v 2.05129 3.35663 0.846066
v 2.04848 3.35175 0.827607
v 2.06031 3.35846 0.83516
v 2.05894 3.36426 0.879165
v 2.06516 3.36243 0.852071
v 2.05649 3.35358 0.818367
v 2.0457 3.3429 0.794038
v 2.05261 3.34808 0.800123
v 2.0711 3.35327 0.80899
v 2.06341 3.34808 0.792304
v 2.076 3.35785 0.826043
v 2.05702 3.34442 0.782773
v 2.08037 3.36243 0.845235
v 2.08001 3.35144 0.802668
v 2.07054 3.34656 0.786466
v 2.05002 3.34351 0.788083
v 2.05898 3.34137 0.772974
v 2.08463 3.3493 0.798881
v 2.07953 3.34442 0.781255
v 2.07572 3.33832 0.763645
v 2.07221 3.33252 0.747707
v 2.08744 3.36487 0.861989
v 2.07066 3.36639 0.869873
v 2.09351 3.367 0.879591
v 2.09715 3.37006 0.89986
v 2.07553 3.37006 0.893107
v 2.0818 3.37189 0.909012
v 2.07164 3.37158 0.917247
v 2.06997 3.36853 0.885382
v 2.06697 3.36914 0.897677
v 2.05803 3.3667 0.910181
v 2.06007 3.36578 0.887201
v 2.05582 3.36456 0.894259
v 2.0678 3.18909 0.511307
v 2.05957 3.19397 0.515915
v 2.07421 3.19794 0.519125
v 2.06416 3.20282 0.521398
v 2.05118 3.19641 0.521888
v 2.05475 3.20435 0.52587
v 2.0464 3.19946 0.527926
v 2.04209 3.20404 0.536152
v 2.04504 3.21472 0.542058
v 2.05091 3.21442 0.537659
v 2.06092 3.21259 0.531256
v 2.04854 3.22388 0.548098
v 2.06993 3.20892 0.527013
v 2.05603 3.22388 0.543256
v 2.0659 3.22174 0.539597
v 2.08503 3.19 0.51762
v 2.07352 3.21991 0.538687
v 2.0739 3.22662 0.546425
v 2.06337 3.22845 0.547824
v 2.07736 3.23181 0.554177
v 2.06682 3.24036 0.562232
v 2.05202 3.23334 0.556812
v 2.05627 3.2428 0.565821
v 2.0649 3.24768 0.571698
v 2.06925 3.25409 0.581885
v 2.05841 3.2608 0.593134
v 2.0493 3.24371 0.571196
v 2.06703 3.26599 0.601206
v 2.04254 3.24188 0.574057
v 2.04579 3.25043 0.582536
v 2.04583 3.26294 0.600953
v 2.05453 3.2663 0.603471
v 2.07521 3.27057 0.609436
v 2.06382 3.27057 0.60984
v 2.07823 3.27454 0.617754
v 2.04934 3.27454 0.620456
v 2.06788 3.27972 0.627677
v 2.05425 3.28308 0.636204
v 2.07718 3.28461 0.639885
v 2.06549 3.28461 0.637643
v 2.0707 3.28766 0.644836
v 2.07561 3.29529 0.660584
v 2.05946 3.29132 0.652334
v 2.06176 3.3017 0.675204
v 2.04619 3.29498 0.663161
v 2.04144 3.28308 0.640702
v 2.03908 3.27637 0.630196
v 2.03774 3.28278 0.643502
v 2.05073 3.30353 0.681479
v 2.0722 3.30444 0.682933
v 2.03984 3.26874 0.615301
v 2.06613 3.30719 0.688544
v 2.05489 3.31085 0.696045
v 2.07403 3.3139 0.704029
v 2.06012 3.31879 0.714436
v 2.04393 3.3136 0.706519
v 2.07706 3.32275 0.725323
v 2.08219 3.32886 0.742131
v 2.04695 3.3197 0.720199
v 2.0679 3.32336 0.725568
v 2.05633 3.32275 0.724579
v 2.05551 3.33557 0.756703
v 2.0517 3.32886 0.740871
v 2.04897 3.32336 0.728882
v 2.04125 3.32336 0.73802
v 2.04306 3.32886 0.749704
v 2.03867 3.31696 0.728241
v 2.04538 3.33527 0.765905
v 2.03873 3.32336 0.744936
v 2.04735 3.34045 0.780287
v 2.04093 3.33221 0.771086
v 2.03898 3.32886 0.786734
v 2.03798 3.32397 0.769242
v 2.03784 3.31512 0.765718
v 2.03713 3.32031 0.751689
v 2.03675 3.31787 0.739494
v 2.03631 3.31085 0.746304
v 2.04387 3.30048 0.760441
v 2.03525 3.31055 0.735814
v 2.03784 3.3017 0.742502
v 2.03466 3.3075 0.727912
v 2.05481 3.28705 0.750297
v 2.0567 3.28888 0.758215
v 2.05873 3.29132 0.770947
v 2.05883 3.28064 0.772542
v 2.05731 3.28064 0.758973
v 2.05578 3.27942 0.740047
v 2.04456 3.28888 0.735517
v 2.05292 3.27759 0.725012
v 2.0372 3.29407 0.723744
v 2.04508 3.27576 0.709677
v 2.03394 3.28979 0.701381
v 2.05239 3.26752 0.705233
v 2.03667 3.27759 0.693251
v 2.03376 3.30414 0.708918
v 2.03813 3.31116 0.711553
v 2.03768 3.30566 0.696937
v 2.03512 3.29987 0.68943
v 2.03957 3.3017 0.682452
v 2.03252 3.28796 0.684533
v 2.03485 3.29529 0.677517
v 2.03755 3.29468 0.670681
v 2.03328 3.28674 0.663798
v 2.03262 3.28705 0.671826
v 2.03345 3.27728 0.679481
v 2.03165 3.2785 0.668284
v 2.03234 3.27454 0.659427
v 2.03721 3.27026 0.677308
v 2.03477 3.28217 0.649615
v 2.03664 3.27789 0.636433
v 2.03196 3.27118 0.64187
v 2.03673 3.27026 0.621952
v 2.0345 3.26813 0.625197
v 2.03264 3.25623 0.633026
v 2.03779 3.26324 0.609235
v 2.03435 3.26355 0.615838
v 2.03265 3.25623 0.61922
v 2.0331 3.25775 0.612398
v 2.03378 3.24738 0.614259
v 2.0337 3.25134 0.602433
v 2.03979 3.25348 0.591941
v 2.03774 3.2431 0.581408
v 2.03459 3.23273 0.590587
v 2.0431 3.24158 0.632786
v 2.03871 3.23578 0.570661
v 2.03548 3.22998 0.576059
v 2.04221 3.22357 0.554377
v 2.03666 3.22815 0.566372
v 2.03508 3.22021 0.562894
v 2.03598 3.21991 0.571651
v 2.03778 3.22083 0.583744
v 2.04287 3.22235 0.596834
v 2.03869 3.23761 0.61394
v 2.05199 3.22357 0.620141
v 2.05673 3.20282 0.636761
v 2.0474 3.23547 0.62896
v 2.05481 3.22357 0.6373
v 2.05734 3.19153 0.643359
v 2.0561 3.20343 0.649334
v 2.0587 3.18481 0.657805
v 2.05685 3.20282 0.679097
v 2.05373 3.23669 0.641916
v 2.05479 3.23669 0.647531
v 2.05526 3.22266 0.64704
v 2.05494 3.22052 0.658203
v 2.05365 3.23853 0.656884
v 2.05501 3.22113 0.678956
v 2.05596 3.22174 0.698092
v 2.05423 3.23944 0.678591
v 2.05576 3.23669 0.710498
v 2.05503 3.24219 0.699569
v 2.05523 3.25897 0.708582
v 2.05523 3.26019 0.701442
v 2.05341 3.25623 0.680347
v 2.04924 3.25348 0.665306
v 2.03566 3.25714 0.648484
v 2.27364 3.15002 0.900825
v 2.27635 3.15002 0.915427
v 2.25479 3.16742 0.905237
v 2.26692 3.15979 0.921612
v 2.25598 3.17108 0.928181
v 2.27534 3.14941 0.922933
v 2.25999 3.16711 0.938747
v 2.27925 3.14178 0.920705
v 2.26798 3.15704 0.932589
v 2.27184 3.14575 0.932485
v 2.2822 3.12958 0.917684
v 2.27135 3.13141 0.932501
v 2.26145 3.1311 0.945025
v 2.26227 3.1601 0.942783
v 2.26537 3.14789 0.941494
v 2.2594 3.16589 0.943825
v 2.25373 3.16406 0.955473
v 2.2552 3.14941 0.954607
v 2.25027 3.1778 0.945524
v 2.25064 3.17474 0.95367
v 2.24384 3.17932 0.964905
v 2.24679 3.16681 0.964975
v 2.24182 3.14819 0.970515
v 2.24392 3.18451 0.95708
v 2.23579 3.19061 0.934712
v 2.234 3.19519 0.954354
v 2.22188 3.20801 0.959408
v 2.20497 3.22662 0.964256
v 2.23692 3.19122 0.965964
v 2.22675 3.20312 0.973715
v 2.21004 3.22266 0.982224
v 2.19177 3.24249 0.966786
v 2.23385 3.19153 0.975847
v 2.23807 3.18207 0.974475
v 2.24086 3.16772 0.972808
v 2.22783 3.18542 0.988751
v 2.22579 3.19916 0.986237
v 2.21929 3.20923 0.990713
v 2.22714 3.16895 0.989968
v 2.22928 3.14575 0.985137
v 2.24091 3.12531 0.968897
v 2.23098 3.12256 0.980454
v 2.21948 3.15125 0.997943
v 2.22826 3.10272 0.981444
v 2.21924 3.12347 0.995925
v 2.22154 3.17627 0.997366
v 2.21483 3.14362 1.00435
v 2.21688 3.16681 1.00327
v 2.2214 3.18695 0.997417
v 2.21546 3.18665 1.00655
v 2.21966 3.20221 0.997558
v 2.20891 3.14148 1.01576
v 2.20888 3.16284 1.01657
v 2.20826 3.18573 1.01843
v 2.20718 3.20648 1.01995
v 2.21363 3.20435 1.00819
v 2.20218 3.20648 1.03118
v 2.2052 3.22083 1.01986
v 2.20006 3.22266 1.03342
v 2.19717 3.23425 1.03349
v 2.19361 3.23914 1.04112
v 2.18707 3.25409 1.04188
v 2.1939 3.24371 1.03209
v 2.19891 3.23578 1.02085
v 2.19073 3.2489 1.02382
v 2.1884 3.25134 1.00534
v 2.19804 3.23792 1.00282
v 2.20584 3.22632 1.00956
v 2.21123 3.21625 1.00696
v 2.20582 3.22754 0.999663
v 2.21813 3.20801 0.997786
v 2.2127 3.21808 0.995376
v 2.19529 3.24066 0.984986
v 2.18388 3.25531 0.986206
v 2.17758 3.26782 1.00684
v 2.17086 3.27667 0.991918
v 2.17905 3.25958 0.967991
v 2.1718 3.27057 0.965924
v 2.17641 3.2608 0.952713
v 2.16639 3.27484 0.947917
vn -0.9942 0.0516 -0.094
vn -0.9839 0.0761 0.162
vn -0.8095 0.5685 -0.1467
vn -0.8732 0.345 -0.3443
vn -0.8734 0.4797 0.0842
vn -0.9418 0.0888 0.3241
vn -0.5051 0.0957 -0.8577
vn -0.6415 0.2399 -0.7287
vn -0.3407 0.5199 -0.7833
vn -0.9216 0.1122 0.3714
vn -0.8854 0.0776 0.4583
vn -0.0986 0.0633 0.9931
vn 0.0514 0.0534 0.9972
vn -0.1573 0.0688 0.9851
vn -0.3277 0.1049 0.9389
vn 0.4791 0.0544 0.8761
vn 0.6995 0.0771 0.7105
vn 0.7587 0.1272 0.6389
vn 0.9294 0.0922 0.3575
vn 0.2838 0.0398 0.958
vn 0.4875 0.1087 0.8663
vn 0.2846 0.101 0.9533
vn 0.6825 0.5314 0.5018
vn 0.9251 0.3474 0.1534
vn 0.4636 0.5283 0.7113
vn 0.5721 0.6544 0.4945
vn 0.2702 0.4989 0.8235
vn 0.2639 0.5591 0.786
vn 0.7019 0.7045 0.1049
vn 0.8549 0.5188 -0.0001
vn 0.0704 0.4617 0.8842
vn 0.0149 0.5528 0.8332
vn 0.0651 0.0823 0.9945
vn -0.1879 0.4506 0.8727
vn -0.3501 0.4212 0.8367
vn -0.2639 0.3339 0.9049
vn -0.5907 0.2639 0.7625
vn -0.6295 0.0393 0.776
vn -0.6107 0.5797 0.5394
vn -0.6368 0.3352 0.6944
vn -0.8317 0.3023 0.4657
vn -0.9042 0.2908 0.3127
vn -0.7721 0.5913 0.2328
vn -0.9009 0.4239 0.0932
vn -0.5459 0.8195 -0.1745
vn -0.4889 0.802 -0.343
vn -0.3486 0.7581 -0.5511
vn -0.4951 0.6941 -0.5226
vn -0.0933 0.9434 -0.3181
vn -0.1678 0.6225 -0.7644
vn -0.0076 0.8809 -0.4732
vn -0.1222 0.8642 -0.488
vn -0.0613 0.8067 -0.5878
vn 0.0115 0.8769 -0.4805
vn 0.0951 0.3812 -0.9196
vn 0.1739 0.7223 -0.6693
vn 0.2275 0.537 -0.8123
vn 0.2 0.7973 -0.5695
vn 0.1413 0.8864 -0.4408
vn 0.3439 0.6523 -0.6755
vn 0.5094 0.4407 -0.7391
vn 0.4382 0.6555 -0.6151
vn 0.3044 0.8558 -0.4183
vn 0.7582 0.4484 -0.4734
vn 0.6 0.6571 -0.4563
vn 0.4812 0.7609 -0.4353
vn 0.7641 0.4418 -0.47
vn 0.8637 0.354 -0.3587
vn 0.7725 0.4867 -0.4079
vn 0.6784 0.6336 -0.3719
vn 0.9688 0.2127 -0.1272
vn 0.867 0.4368 -0.2397
vn 0.702 0.6807 -0.2095
vn 0.3742 0.1061 -0.9213
vn -0.3408 0.1329 -0.9307
vn -0.7256 0.2867 -0.6256
vn -0.7341 0.6724 -0.0944
vn -0.9225 0.1734 -0.345
vn -0.2504 -0.0291 -0.9677
vn -0.9374 0.127 -0.3241
vn -0.7462 0.0281 -0.6652
vn -0.9924 0.095 0.0788
vn -0.8214 0.0907 0.5632
vn -0.864 0.1215 0.4886
vn -0.9393 0.0547 -0.3387
vn -0.9925 0.0992 0.0719
vn -0.9671 0.2471 0.0598
vn -0.7906 0.2698 0.5497
vn -0.9238 0.1258 -0.3617
vn -0.8155 0.1019 -0.5697
vn -0.8914 0.2516 -0.3769
vn -0.9858 0.154 -0.067
vn -0.8302 0.1265 0.543
vn -0.8665 0.2069 -0.4542
vn -0.6895 0.3841 -0.614
vn -0.9876 0.0228 -0.1553
vn -0.7965 -0.0283 0.604
vn -0.7862 0.0474 -0.6162
vn -0.517 0.2909 -0.805
vn -0.9 0.0027 0.4358
vn -0.3865 -0.0038 0.9223
vn -0.3869 0.0212 0.9219
vn -0.9712 0.014 -0.2379
vn -0.9041 0.0008 0.4272
vn -0.3782 0.0038 0.9257
vn -0.3992 -0.0121 0.9168
vn -0.9535 0.0315 -0.2997
vn -0.9299 0.0072 0.3677
vn -0.7326 0.0201 -0.6804
vn -0.9235 0.018 -0.3832
vn -0.9324 -0.0119 0.3612
vn -0.6857 0.0162 -0.7277
vn -0.9433 0.0037 -0.3319
vn -0.9314 -0.0275 0.363
vn -0.3881 -0.0121 0.9216
vn -0.9211 -0.0202 -0.3887
vn -0.6572 0.0034 -0.7537
vn -0.9073 -0.0205 0.4199
vn -0.3664 -0.023 0.9302
vn -0.9416 -0.0316 -0.3352
vn -0.3508 -0.0358 0.9358
vn -0.6553 -0.0086 -0.7553
vn -0.949 -0.0354 -0.3134
vn -0.8941 -0.0329 0.4467
vn -0.89 -0.0548 0.4527
vn -0.3445 -0.0764 0.9357
vn -0.9549 -0.0388 -0.2943
vn -0.9089 -0.0737 0.4104
vn -0.3797 -0.144 0.9138
vn -0.6604 -0.0166 -0.7507
vn -0.9479 -0.0186 -0.318
vn -0.966 -0.1611 0.2022
vn -0.3916 -0.3525 0.8499
vn -0.6611 -0.0116 -0.7502
vn -0.6521 0.0249 -0.7578
vn -0.2147 0.0091 -0.9766
vn -0.6234 0.1039 -0.7749
vn -0.1997 0.0461 -0.9788
vn -0.2289 -0.0033 -0.9734
vn -0.9258 0.0493 -0.3749
vn -0.8362 0.0795 -0.5427
vn 0.2451 0.0148 -0.9694
vn -0.2375 0.0031 -0.9714
vn -0.2731 0.0027 -0.962
vn -0.2505 0.0121 -0.968
vn -0.3198 0.0211 -0.9472
vn 0.1874 0.0252 -0.982
vn -0.2938 0.0222 -0.9556
vn 0.1926 0.0214 -0.981
vn 0.2219 0.0224 -0.9748
vn 0.5964 0.0271 -0.8022
vn 0.587 0.0326 -0.8089
vn 0.1464 0.0275 -0.9888
vn 0.5848 0.0369 -0.8103
vn 0.1968 0.0328 -0.9799
vn -0.3254 0.0256 -0.9452
vn 0.1902 0.0259 -0.9814
vn -0.4097 0.0536 -0.9107
vn 0.1715 0.0406 -0.9843
vn 0.5915 0.0251 -0.8059
vn 0.6118 -0.0135 -0.7909
vn 0.1467 0.3991 -0.9051
vn 0.6855 0.0027 -0.7281
vn -0.0922 0.5963 -0.7974
vn 0.6193 0.3681 -0.6935
vn 0.894 0.045 -0.4458
vn 0.8681 -0.0024 -0.4964
vn 0.7363 0.4919 -0.4646
vn 0.4319 0.6098 -0.6645
vn 0.9876 0.0408 0.1518
vn 0.8486 0.0231 -0.5286
vn 0.8587 0.0136 -0.5123
vn 0.8513 0.0311 -0.5237
vn 0.9945 0.0121 -0.1042
vn 0.9947 0.0056 -0.1026
vn 0.9998 -0.0086 -0.0175
vn 0.8694 0.0222 -0.4936
vn 0.8681 0.0082 0.4963
vn 0.8927 0.0159 0.4504
vn 0.9104 0.0178 0.4133
vn 0.9927 0.0303 -0.117
vn 0.9955 0.0239 -0.0918
vn 0.8642 0.0161 -0.5029
vn 0.9269 0.0279 0.3742
vn 0.994 0.0181 -0.1077
vn 0.6254 0.0056 0.7803
vn 0.6029 0.0251 -0.7974
vn 0.6148 0.0278 -0.7882
vn 0.9381 0.0231 0.3456
vn 0.9514 0.0301 0.3066
vn 0.9954 0.0289 -0.0916
vn 0.8672 0.0261 -0.4973
vn 0.8645 0.0511 -0.5
vn 0.9925 0.0419 -0.1149
vn 0.6361 0.0638 -0.7689
vn 0.2731 0.021 -0.9618
vn 0.2997 0.0519 -0.9526
vn 0.8658 0.0905 -0.4922
vn 0.3211 0.1505 -0.935
vn 0.653 0.1613 -0.74
vn 0.8988 0.2162 -0.3814
vn -0.185 0.1469 -0.9717
vn 0.3099 0.2809 -0.9083
vn 0.6522 0.3367 -0.6791
vn -0.5463 0.2058 -0.8119
vn -0.1386 0.2645 -0.9544
vn 0.2486 0.4414 -0.8622
vn -0.443 0.3306 -0.8333
vn 0.0657 0.4557 -0.8877
vn -0.1038 0.3477 -0.9318
vn -0.551 0.3173 -0.7718
vn -0.8469 0.1672 -0.5048
vn 0.5507 0.3827 -0.7418
vn 0.9136 0.2892 -0.286
vn 0.5221 0.4692 -0.7123
vn -0.3564 0.4298 -0.8296
vn 0.1229 0.5218 -0.8441
vn 0.4924 0.5475 -0.6766
vn 0.9599 0.2237 -0.169
vn 0.7996 0.4242 -0.4251
vn 0.092 0.5679 -0.8179
vn 0.8052 0.4412 -0.3962
vn 0.9718 0.227 -0.0645
vn 0.4482 0.5879 -0.6734
vn 0.8658 0.398 -0.3032
vn -0.1371 0.5546 -0.8207
vn 0.9752 0.0782 0.2069
vn 0.959 0.0483 0.2793
vn 0.9183 -0.0055 0.3959
vn 0.9794 0.1944 0.0541
vn 0.8309 -0.1417 0.5381
vn 0.9889 0.0709 0.1304
vn 0.9714 0.0364 0.2346
vn 0.8545 -0.029 0.5186
vn 0.7732 -0.0286 0.6335
vn 0.6923 -0.0201 0.7213
vn 0.503 -0.3065 0.8081
vn 0.3254 -0.198 0.9246
vn 0.2726 -0.1377 0.9522
vn -0.0818 -0.5009 0.8616
vn 0.2164 -0.0757 0.9734
vn 0.1805 -0.0283 0.9832
vn 0.637 -0.0071 0.7709
vn 0.1653 -0.0266 0.9859
vn 0.1227 -0.0042 0.9924
vn 0.5634 0.0149 0.8261
vn 0.0994 -0.0124 0.995
vn 0.5451 0.0074 0.8383
vn 0.0946 -0.0134 0.9954
vn 0.5208 0.0024 0.8537
vn 0.0972 -0.0111 0.9952
vn 0.4838 -0.0072 0.8752
vn 0.0925 0.0051 0.9957
vn 0.4812 0.0123 0.8765
vn 0.0497 -0.0068 0.9987
vn 0.8233 -0.0184 0.5673
vn 0.4072 -0.0515 0.9119
vn 0.0155 0.026 0.9995
vn 0.6182 -0.0367 0.7851
vn 0.4015 0.3651 0.8399
vn -0.1227 0.2644 0.9566
vn -0.3617 0.4288 0.8278
vn 0.0217 0.5435 0.8391
vn -0.4902 0.3082 0.8153
vn 0.2328 0.5919 0.7717
vn -0.5114 0.1624 0.8439
vn -0.1225 0.3927 0.9115
vn 0.2457 0.443 0.8622
vn -0.0978 0.1769 0.9794
vn -0.4718 0.1067 0.8752
vn 0.2784 0.192 0.9411
vn -0.3677 0.124 0.9216
vn -0.0362 0.0966 0.9947
vn -0.3046 0.129 0.9437
vn 0.0116 0.2002 0.9797
vn 0.2883 0.1683 0.9426
vn 0.2785 0.0595 0.9586
vn 0.7074 0.1579 0.689
vn 0.6847 0.0467 0.7273
vn 0.9948 0.0227 0.099
vn 0.9704 -0.0199 0.2409
vn 0.8489 0.0443 -0.5267
vn 0.9901 -0.0337 -0.1362
vn 0.921 -0.0706 -0.3832
vn 0.7325 -0.005 -0.6807
vn 0.3875 0.0151 -0.9217
vn 0.9862 0.0244 -0.1637
vn 0.9502 0.0467 0.3081
vn 0.8948 0.0351 -0.4452
vn 0.9784 0.0329 -0.2039
vn 0.6245 0.1806 0.7599
vn 0.8797 0.376 0.2911
vn 0.5562 0.5252 0.6441
vn 0.8812 0.4335 -0.1885
vn 0.8926 0.0513 -0.4479
vn 0.6375 0.7678 0.0642
vn 0.8007 0.4112 -0.4357
vn 0.6969 0.1231 -0.7066
vn 0.6404 0.5728 -0.5117
vn 0.465 0.0763 -0.882
vn -0.0201 -0.0339 -0.9992
vn 0.4396 0.4546 -0.7746
vn 0.1739 0.2568 -0.9507
vn -0.5531 -0.0355 -0.8324
vn -0.2728 0.0249 -0.9617
vn -0.5854 0.0569 -0.8088
vn -0.2525 0.3169 -0.9142
vn -0.561 0.3619 -0.7445
vn 0.7416 0.6181 0.2608
vn 0.4822 0.6444 0.5936
vn -0.9334 -0.204 -0.2952
vn -0.9733 -0.1226 0.194
vn -0.9333 0.0565 -0.3546
vn -0.9891 -0.1195 0.0863
vn -0.7796 -0.3273 0.5339
vn -0.742 -0.4084 0.5317
vn -0.4195 -0.4917 0.763
vn -0.8979 -0.3205 0.3018
vn -0.4691 -0.5049 0.7246
vn -0.5352 -0.5962 0.5985
vn -0.9907 -0.0667 -0.1185
vn -0.9708 -0.232 0.0606
vn -0.9219 0.1071 -0.3723
vn -0.7085 0.2843 -0.6459
vn -0.5367 0.4167 -0.7337
vn -0.6561 0.3483 -0.6695
vn -0.9003 0.1167 -0.4193
vn -0.4322 0.5107 -0.7432
vn -0.5016 0.4284 -0.7516
vn -0.0413 0.6007 -0.7984
vn 0.0983 0.6115 -0.7851
vn 0.4188 0.5533 -0.7201
vn 0.6699 0.5315 -0.5183
vn 0.9472 0.2915 -0.1335
vn -0.2688 0.502 -0.822
vn 0.986 0.0943 0.1377
vn 0.8926 0.3846 -0.2354
vn 0.657 0.5225 -0.5434
vn 0.3021 0.6055 -0.7363
vn 0.7737 0.482 -0.4111
vn 0.9673 0.2535 0.0014
vn 0.98 0.1147 0.1626
vn 0.9325 -0.0638 0.3554
vn 0.9206 -0.0676 0.3847
vn 0.8886 -0.0947 0.4489
vn 0.8075 -0.2569 0.5311
vn 0.746 -0.201 0.6349
vn 0.3125 -0.5028 0.8059
vn 0.6486 -0.3412 0.6803
vn 0.4799 -0.371 0.795
vn 0.1936 -0.4879 0.8512
vn 0.0919 -0.5073 0.8569
vn -0.1329 -0.6269 0.7677
vn -0.5869 -0.539 0.6042
vn 0.426 -0.4546 0.7822
vn 0.0521 -0.598 0.7998
vn -0.5489 -0.5686 0.6127
vn 0.5848 -0.4284 0.6888
vn -0.2059 -0.5838 0.7853
vn -0.7455 -0.5055 0.4343
vn 0.2042 -0.5492 0.8104
vn -0.2398 -0.6262 0.7418
vn -0.6216 -0.5513 0.5566
vn 0.3436 -0.4867 0.8032
vn -0.0033 -0.6101 0.7923
vn -0.6456 -0.5589 0.5204
vn 0.7692 -0.2701 0.5791
vn 0.6143 -0.3813 0.6908
vn -0.3342 -0.5867 0.7376
vn 0.1822 -0.5736 0.7986
vn 0.9281 -0.0786 0.364
vn 0.982 0.1891 -0.0023
vn 0.5393 -0.4571 0.7072
vn 0.3157 -0.5421 0.7788
vn -0.2841 -0.659 0.6965
vn 0.7676 -0.2654 0.5834
vn 0.9523 -0.0333 0.3034
vn 0.0842 -0.6158 0.7834
vn -0.3201 -0.6365 0.7017
vn 0.9866 0.1591 0.0367
vn 0.9464 -0.0502 0.319
vn 0.8921 0.3682 -0.2619
vn 0.9465 0.3016 -0.1145
vn 0.1007 -0.5927 0.7991
vn -0.4198 -0.6039 0.6775
vn 0.3406 -0.5073 0.7916
vn 0.2082 -0.5809 0.7869
vn -0.5015 -0.6292 0.5938
vn 0.5329 -0.3996 0.7459
vn 0.6513 -0.3651 0.6653
vn 0.8561 -0.1712 0.4876
vn 0.7573 -0.274 0.5928
vn 0.9557 0.0151 0.2941
vn 0.9766 0.2144 -0.0168
vn 0.6592 -0.3899 0.643
vn 0.5039 -0.4453 0.7401
vn 0.8553 -0.1651 0.4912
vn 0.9819 0.0749 0.174
vn 0.9774 0.2024 0.0603
vn -0.1266 -0.6027 0.7879
vn -0.0451 -0.6182 0.7847
vn -0.4911 -0.6015 0.6301
vn -0.5272 -0.5469 0.6504
vn -0.6551 -0.5694 0.4966
vn 0.8658 0.4078 -0.2899
vn -0.1717 -0.6376 0.751
vn 0.9191 0.3458 -0.1892
vn 0.8363 0.4314 -0.3384
vn -0.2929 -0.6464 0.7045
vn -0.6609 -0.5486 0.5121
vn 0.439 -0.5052 0.743
vn 0.2374 -0.5229 0.8187
vn -0.1005 -0.631 0.7692
vn -0.652 -0.5526 0.5192
vn 0.8611 -0.1486 0.4862
vn -0.3999 -0.582 0.708
vn 0.0499 -0.6083 0.7922
vn 0.6745 -0.3405 0.6551
vn 0.5278 -0.4237 0.7361
vn 0.4422 -0.496 0.7473
vn 0.2059 -0.5257 0.8254
vn -0.4156 -0.5805 0.7002
vn -0.3774 -0.6354 0.6737
vn 0.7065 -0.2869 0.6469
vn 0.3543 -0.446 0.8219
vn 0.9074 -0.0769 0.4132
vn 0.893 -0.1117 0.436
vn 0.885 -0.1281 0.4476
vn 0.9799 0.1177 0.1609
vn 0.981 0.1798 0.0725
vn 0.9672 0.2526 -0.0266
vn 0.904 0.3785 -0.1986
vn 0.9657 0.0651 0.2514
vn 0.9418 0.3137 -0.121
vn 0.8775 0.4045 -0.2576
vn 0.7845 0.4959 -0.3724
vn 0.6541 0.5662 -0.5015
vn 0.7471 0.4986 -0.4397
vn 0.4259 0.6287 -0.6507
vn 0.2765 0.6762 -0.6829
vn 0.3653 0.6071 -0.7056
vn 0.3751 0.5792 -0.7238
vn 0.022 0.6475 -0.7618
vn -0.1077 0.5672 -0.8165
vn -0.2529 0.5434 -0.8005
vn -0.3436 0.5481 -0.7626
vn -0.6115 0.3505 -0.7094
vn -0.304 0.5627 -0.7687
vn 0.3202 0.6183 -0.7178
vn 0.5808 0.6079 -0.5414
vn -0.0971 0.6122 -0.7848
vn 0.0231 0.6433 -0.7653
vn 0.5467 0.5868 -0.5973
vn 0.8137 0.4742 -0.3362
vn -0.4916 0.507 -0.708
vn 0.9372 0.3333 -0.1026
vn 0.6833 0.5477 -0.4828
vn 0.2065 0.6503 -0.7311
vn -0.2824 0.5295 -0.7999
vn 0.2096 0.6145 -0.7606
vn 0.8505 0.4335 -0.2979
vn 0.4688 0.6157 -0.6333
vn -0.0273 0.6226 -0.7821
vn -0.5797 0.3951 -0.7127
vn -0.4529 0.4988 -0.739
vn -0.741 0.3014 -0.6001
vn -0.6175 0.3839 -0.6865
vn -0.7708 0.2753 -0.5745
vn -0.8976 0.0942 -0.4307
vn -0.9533 0.0299 -0.3006
vn -0.7018 0.333 -0.6297
vn -0.9463 0.0364 -0.3212
vn -0.9095 0.0795 -0.4081
vn -0.8026 0.2079 -0.5591
vn -0.9662 0.0098 -0.2576
vn -0.9833 -0.1672 -0.0722
vn -0.9844 -0.1716 -0.0399
vn -0.9818 -0.1884 -0.0244
vn -0.9562 -0.281 0.0819
vn -0.954 -0.2818 0.1023
vn -0.9156 -0.3531 0.1923
vn -0.8493 -0.4501 0.276
vn -0.8653 -0.4106 0.2874
vn -0.8102 -0.4528 0.3721
vn -0.897 -0.3648 0.2497
vn -0.9164 -0.3749 0.1398
vn -0.7334 -0.5623 0.382
vn -0.4751 -0.584 0.6582
vn -0.9739 -0.1266 -0.1886
vn -0.8872 -0.3875 0.2505
vn -0.4494 -0.6248 0.6385
vn -0.7038 -0.5592 0.4381
vn -0.8867 0.1478 -0.4381
vn -0.9824 -0.0645 -0.1752
vn -0.9741 -0.2227 0.0392
vn -0.9711 -0.2363 -0.0326
vn -0.8536 -0.4735 0.2171
vn -0.9542 -0.2896 0.0746
vn -0.7333 0.358 -0.578
vn -0.846 0.1951 -0.4962
vn -0.9097 0.0677 -0.4097
vn -0.9574 0.0267 -0.2875
vn -0.9693 -0.0319 -0.2438
vn -0.2918 0.5791 -0.7612
vn -0.2244 0.5814 -0.7821
vn -0.583 0.3948 -0.7101
vn 0.0926 0.6682 -0.7382
vn 0.3956 0.6398 -0.6589
vn 0.4524 0.6075 -0.6529
vn 0.6974 0.5866 -0.4117
vn 0.8893 0.4087 -0.2053
vn 0.9822 0.1723 0.0746
vn 0.9707 0.197 0.1374
vn 0.9407 0.0126 0.3391
vn 0.8364 -0.1977 0.5112
vn 0.863 0.4028 -0.305
vn 0.9632 0.0343 0.2666
vn 0.7476 -0.2533 0.614
vn 0.478 -0.4705 0.7417
vn 0.0459 -0.6538 0.7553
vn 0.2047 -0.5765 0.7911
vn 0.6705 -0.3636 0.6467
vn 0.3504 -0.5002 0.7918
vn -0.048 -0.6122 0.7892
vn 0.4914 -0.4322 0.7561
vn 0.8343 -0.1854 0.5192
vn -0.1138 -0.6633 0.7397
vn -0.5983 -0.5864 0.546
vn 0.1473 -0.6378 0.756
vn -0.5806 -0.6489 0.4918
vn -0.8118 -0.5599 0.1659
vn -0.0785 -0.7232 0.6862
vn 0.7833 -0.2025 0.5878
vn 0.4293 -0.5757 0.6959
vn -0.189 -0.8532 0.4862
vn 0.567 -0.6365 0.5229
vn 0.7417 -0.3917 0.5445
vn 0.896 -0.2971 0.33
vn 0.9819 0.1607 0.1004
vn 0.9849 0.0243 -0.1714
vn 0.9455 0.0271 0.3245
vn 0.9554 0.2863 0.0719
vn 0.9675 0.2454 -0.0615
vn 0.7671 0.4818 -0.4236
vn 0.7126 0.5222 -0.4686
vn 0.6906 0.4053 -0.599
vn 0.3398 0.5909 -0.7317
vn 0.1818 0.5129 -0.839
vn 0.6617 0.5924 -0.4595
vn 0.3624 0.6728 -0.645
vn -0.0718 0.6308 -0.7726
vn -0.0777 0.5951 -0.7999
vn -0.3535 0.3629 -0.8622
vn -0.3267 0.4316 -0.8409
vn -0.7155 0.2934 -0.634
vn -0.6084 0.3442 -0.7151
vn 0.1254 0.6495 -0.7499
vn -0.6042 0.4855 -0.6319
vn -0.2018 0.6242 -0.7548
vn -0.3341 0.5684 -0.7518
vn -0.7973 0.2949 -0.5267
vn -0.6934 0.366 -0.6207
vn -0.3318 0.5655 -0.7551
vn -0.1434 0.5954 -0.7905
vn -0.0532 0.651 -0.7572
vn 0.3137 0.6095 -0.7281
vn 0.2687 0.6346 -0.7246
vn 0.1294 0.6808 -0.7209
vn 0.5109 0.6256 -0.5896
vn 0.8208 0.4614 -0.3367
vn -0.8234 -0.4761 0.3088
vn -0.9598 -0.2688 0.0808
vn -0.9203 -0.3357 0.2009
vn -0.9846 -0.114 -0.1328
vn -0.9786 -0.2053 -0.0174
vn -0.8834 0.1247 -0.4517
vn -0.6914 0.3212 -0.6472
vn -0.9033 0.102 -0.4168
vn -0.5529 0.3924 -0.735
vn -0.8773 -0.4113 0.2473
vn -0.9447 -0.3053 0.1193
vn -0.9783 -0.0884 -0.1875
vn -0.866 0.1364 -0.4811
vn -0.9839 -0.1363 -0.1152
vn -0.8348 -0.4413 0.3291
vn -0.7274 -0.533 0.4322
vn -0.774 -0.4977 0.3913
vn -0.9241 -0.3409 0.1728
vn -0.9775 -0.1919 -0.0874
vn -0.9585 -0.2781 0.0622
vn -0.9218 -0.3494 0.1677
vn -0.8759 0.1293 -0.4649
vn -0.9654 -0.0469 -0.2566
vn -0.9758 -0.0571 -0.2111
vn -0.858 0.1419 -0.4936
vn -0.6753 0.3303 -0.6595
vn -0.5771 0.3671 -0.7295
vn -0.5065 0.4514 -0.7346
vn -0.2995 0.4954 -0.8154
vn -0.6891 0.3392 -0.6404
vn -0.9767 -0.1165 -0.1803
vn -0.9395 -0.3116 0.1424
vn -0.801 -0.4936 0.3389
vn -0.3711 0.4767 -0.7969
vn 0.0918 0.6188 -0.7802
vn -0.0571 0.5901 -0.8053
vn 0.4928 0.5805 -0.6482
vn -0.2023 0.5449 -0.8137
vn 0.1524 0.5904 -0.7926
vn 0.4589 0.5985 -0.6567
vn 0.7466 0.5331 -0.3981
vn 0.6531 0.5517 -0.5188
vn 0.7983 0.4721 -0.3739
vn 0.1702 0.617 -0.7683
vn 0.5358 0.5561 -0.6353
vn -0.0276 0.5885 -0.808
vn 0.5498 0.5722 -0.6086
vn 0.2735 0.5745 -0.7715
vn -0.1732 0.5594 -0.8106
vn -0.4574 0.4739 -0.7524
vn -0.6746 -0.6972 0.2426
vn -0.8948 -0.4284 -0.1255
vn -0.9494 -0.251 -0.189
vn -0.846 -0.5263 0.0854
vn -0.9262 -0.1874 -0.3273
vn -0.8885 -0.0081 -0.4589
vn -0.8066 0.1934 -0.5585
vn -0.9595 -0.1382 -0.2454
vn -0.9573 0.0563 -0.2836
vn -0.9368 0.223 -0.2695
vn -0.9946 0.095 -0.0413
vn -0.9828 -0.1847 -0.0061
vn -0.9961 0.0578 -0.0667
vn -0.9989 0.0031 -0.0478
vn -0.8624 -0.5034 0.0534
vn -0.959 0.1218 -0.256
vn -0.7731 0.2039 -0.6006
vn -0.9661 -0.0916 -0.2414
vn -0.9976 0.0663 -0.0202
vn -0.8949 0.0521 -0.4432
vn -0.3538 0.2577 -0.8991
vn -0.6693 0.193 -0.7175
vn 0.2286 0.3193 -0.9197
vn 0.7263 0.2973 -0.6198
vn 0.651 0.3324 -0.6824
vn 0.923 0.1985 -0.3297
vn 0.9605 0.1133 -0.2542
vn 0.2305 0.3614 -0.9035
vn -0.2765 0.3176 -0.907
vn 0.6598 0.3459 -0.6671
vn 0.8697 0.227 -0.4382
vn 0.9187 0.0207 -0.3944
vn 0.9668 -0.1046 -0.2333
vn 0.8288 -0.327 -0.454
vn 0.7861 -0.171 -0.594
vn 0.7393 0.0484 -0.6716
vn 0.2139 0.4076 -0.8878
vn 0.8329 0.1864 -0.521
vn 0.7602 0.3208 -0.5649
vn 0.5353 0.4172 -0.7344
vn 0.7613 0.2636 -0.5924
vn 0.6775 0.1705 -0.7155
vn 0.6918 0.3584 -0.6268
vn 0.7094 0.3124 -0.6318
vn 0.6319 0.255 -0.7318
vn 0.5158 0.4124 -0.7509
vn 0.1839 0.419 -0.8891
vn 0.6621 0.3317 -0.672
vn 0.5935 0.3187 -0.7391
vn 0.6611 0.3716 -0.6518
vn -0.1775 0.3456 -0.9214
vn -0.4655 0.2 -0.8622
vn -0.1545 0.3409 -0.9273
vn 0.1722 0.4323 -0.8851
vn -0.2571 0.264 -0.9296
vn -0.7731 0.0332 -0.6334
vn -0.6199 0.1041 -0.7778
vn -0.8777 -0.1177 -0.4645
vn -0.6677 0.0341 -0.7436
vn -0.9516 -0.2933 -0.0915
vn -0.979 -0.202 -0.0282
vn -0.9855 -0.1291 0.1098
vn -0.9805 0.1965 -0.0101
vn -0.9059 -0.1809 -0.383
vn -0.9269 -0.3474 0.1423
vn -0.8852 -0.1215 -0.449
vn -0.9864 0.0102 0.1638
vn -0.9913 0.1182 -0.057
vn -0.9355 -0.3529 -0.0172
vn -0.9692 0.2367 -0.0683
vn -0.9972 -0.0463 -0.0583
vn -0.9426 0.3312 0.0428
vn -0.9882 -0.1144 -0.1019
vn -0.9393 0.3427 -0.0126
vn -0.8964 0.4204 0.1402
vn -0.8212 -0.5696 -0.0338
vn -0.4542 -0.8907 0.0193
vn -0.6959 -0.7085 -0.1175
vn -0.1716 -0.9822 -0.077
vn -0.314 -0.8934 0.3212
vn 0.1075 -0.9826 0.1514
vn -0.3947 -0.783 0.4807
vn 0.2679 -0.8615 0.4315
vn 0.0497 -0.8186 0.5723
vn 0.5367 -0.6911 0.4841
vn 0.907 -0.3747 0.1922
vn 0.8143 -0.4574 0.3574
vn 0.9917 -0.1284 -0.0029
vn 0.8913 0.1425 -0.4304
vn 0.9791 0.0565 -0.1955
vn 0.998 -0.0629 0.0029
vn 0.7879 -0.5782 0.2121
vn 0.9425 -0.3311 -0.045
vn 0.4897 -0.8455 0.2128
vn 0.7225 -0.6889 0.0589
vn 0.799 -0.5301 -0.2839
vn 0.5793 -0.7017 -0.4147
vn 0.5029 -0.8613 -0.0724
vn 0.6428 -0.7536 -0.1377
vn 0.2926 -0.9542 -0.0621
vn 0.4759 -0.8601 -0.1834
vn 0.5384 -0.8035 -0.2542
vn 0.4411 -0.8439 -0.3054
vn 0.4292 -0.8755 -0.2221
vn 0.3292 -0.9338 -0.1403
vn 0.0599 -0.991 -0.1196
vn -0.405 -0.9086 -0.1023
vn 0.1812 -0.9709 -0.1565
vn -0.8907 -0.4479 -0.0778
vn -0.2109 -0.9709 -0.1136
vn -0.8045 -0.5919 -0.0493
vn -0.9826 0.1853 -0.0157
vn -0.9994 -0.029 0.0204
vn -0.7261 -0.6867 -0.0332
vn -0.9975 0.0197 0.0682
vn -0.9269 0.3695 0.0661
vn -0.8659 0.4933 0.0828
vn -0.0824 -0.9832 -0.1627
vn -0.9847 0.1586 0.0717
vn -0.8594 0.4982 0.1147
vn -0.8179 0.5583 0.1392
vn -0.7919 0.5757 0.2036
vn -0.8343 0.5172 0.1907
vn -0.908 0.3884 0.1571
vn -0.938 0.3111 0.1532
vn -0.9755 0.101 0.1955
vn -0.9849 0.02 0.1722
vn -0.9935 0.062 0.0954
vn -0.73 0.6351 0.2527
vn -0.8737 0.4289 0.2296
vn -0.7373 0.6278 0.2496
vn -0.9874 -0.0928 0.1283
vn -0.9765 -0.2075 0.0587
vn -0.9697 -0.2016 0.1381
vn -0.9618 -0.2725 0.0277
vn -0.9446 -0.2437 0.22
vn -0.9479 -0.3036 0.0966
vn -0.9147 -0.3085 0.261
vn -0.9099 -0.3448 0.2306
vn -0.8663 -0.4173 0.2746
vn -0.919 -0.3761 0.1179
vn -0.8698 -0.3987 0.2906
vn -0.9516 -0.2926 -0.094
vn -0.9325 -0.3543 0.0706
vn -0.95 -0.269 -0.1582
vn -0.9009 -0.3415 0.2677
vn -0.9463 -0.3121 0.0843
vn -0.8542 -0.3589 0.3762
vn -0.9012 -0.3677 0.2293
vn -0.8987 -0.3273 0.292
vn -0.9478 -0.3181 0.0203
vn -0.9485 -0.3069 0.0788
vn -0.9486 -0.3155 0.0259
vn -0.9266 -0.319 0.199
vn -0.8594 -0.3329 0.388
vn -0.8971 -0.3372 0.2856
vn -0.9492 -0.3137 0.0243
vn -0.9112 -0.349 0.219
vn -0.9028 -0.3408 0.2624
vn -0.9484 -0.3126 0.0523
vn -0.9533 -0.2809 -0.1105
vn -0.935 -0.1971 -0.2948
vn -0.952 -0.2416 -0.1879
vn -0.9541 -0.2847 -0.0931
vn -0.827 -0.0574 -0.5592
vn -0.8841 -0.1174 -0.4523
vn -0.9303 -0.1491 -0.3351
vn -0.5404 0.1069 -0.8346
vn -0.7038 0.0411 -0.7092
vn -0.7929 0.0075 -0.6093
vn -0.9481 -0.1944 -0.2517
vn -0.8631 -0.0409 -0.5034
vn -0.9538 -0.2927 0.0677
vn -0.5539 0.1379 -0.8211
vn -0.8587 -0.3455 0.3785
vn -0.9055 -0.3066 0.2933
vn -0.9271 -0.3067 0.2156
vn -0.9638 -0.2546 -0.079
vn -0.8658 -0.2907 0.4073
vn -0.9657 -0.2586 0.0218
vn -0.9093 -0.1323 -0.3946
vn -0.9336 -0.171 -0.3147
vn -0.8632 -0.283 0.418
vn -0.9651 -0.2617 0.0026
vn -0.9158 -0.2943 0.2734
vn -0.8999 -0.3663 0.2367
vn -0.9596 -0.2795 0.0323
vn -0.9547 -0.2935 0.0496
vn -0.8915 -0.3047 0.3353
vn -0.9564 -0.2877 0.0508
vn -0.9573 -0.2889 0.0118
vn -0.9506 -0.3084 0.0366
vn -0.9527 -0.3033 0.0182
vn -0.9595 -0.2817 0.0078
vn -0.9535 -0.3012 0.0089
vn -0.9493 -0.314 0.012
vn -0.9562 -0.2928 0.007
vn -0.9595 -0.2817 0.0062
vn -0.9549 -0.2966 0.0124
vn -0.9512 -0.3084 0.0092
vn -0.9525 -0.3043 0.013
vn -0.951 -0.3086 0.0182
vn -0.9593 -0.2821 0.0164
vn -0.9455 -0.3255 0.0058
vn -0.9574 -0.2877 0.0247
vn -0.9522 -0.3049 0.0171
vn -0.952 -0.3057 0.0166
vn -0.9488 -0.3157 0.0108
vn -0.9513 -0.3073 0.0223
vn -0.9502 -0.3105 0.0262
vn -0.9514 -0.3071 0.0221
vn -0.9523 -0.3035 0.0309
vn -0.948 -0.318 0.015
vn -0.9916 -0.0771 0.1041
vn -0.9497 -0.3122 0.0259
vn -0.9469 -0.3212 0.0147
vn -0.9306 0.2897 0.2237
vn -0.9427 -0.3336 0.0081
vn -0.9458 -0.3242 0.0198
vn -0.9453 -0.3262 0.0098
vn -0.9836 -0.1715 0.0564
vn -0.9617 -0.2728 0.0278
vn -0.9863 0.0422 0.1593
vn -0.9677 -0.2519 0.0138
vn -0.9528 -0.3035 -0.0018
vn -0.796 0.5587 0.2328
vn -0.6898 0.6917 0.2137
vn -0.8393 0.4984 0.217
vn -0.9124 0.3737 0.167
vn -0.9917 -0.1061 0.0733
vn -0.9986 -0.0479 0.0222
vn -0.959 0.2766 0.0625
vn -0.6801 0.7016 0.2126
vn -0.6855 0.6963 0.2127
vn -0.8267 0.5402 0.1573
vn -0.717 0.6695 0.1941
vn -0.8031 0.5663 0.1854
vn -0.6413 0.7439 0.1877
vn -0.9061 0.4006 0.1358
vn -0.6665 0.7298 0.152
vn -0.7707 0.6152 0.166
vn -0.8955 0.4218 0.1417
vn -0.9957 -0.0923 0.0073
vn -0.9815 0.1324 0.1385
vn -0.8818 0.4355 0.1808
vn -0.693 0.7034 0.1581
vn -0.9905 -0.1195 0.0681
vn -0.9542 0.2603 0.1473
vn -0.742 0.6586 0.1256
vn -0.9668 0.217 0.135
vn -0.9503 -0.31 0.0277
vn -0.9425 -0.3334 0.0222
vn -0.9508 -0.309 0.0235
vn -0.9446 -0.3272 0.0261
vn -0.9473 -0.3189 0.0303
vn -0.949 -0.3144 0.0251
vn -0.9504 -0.3092 0.0336
vn -0.9468 -0.3201 0.0347
vn -0.9514 -0.3057 0.0365
vn -0.9718 -0.2318 0.0428
vn -0.9576 -0.2871 0.0258
vn -0.995 0.0091 0.0999
vn -0.9497 -0.3106 0.0408
vn -0.9904 -0.128 0.0513
vn -0.8696 0.4874 0.0797
vn -0.6813 0.7208 0.1272
vn -0.9555 -0.2936 0.028
vn -0.9841 0.1595 0.0786
vn -0.6989 0.7083 0.099
vn -0.9731 0.2256 0.0466
vn -0.8008 0.5893 0.1072
vn -0.7465 0.6552 0.1156
vn -0.7527 0.6443 0.1353
vn -0.8192 0.5637 0.1057
vn -0.9521 -0.3036 0.0372
vn -0.9974 0.021 0.0694
vn -0.7185 0.6887 0.0971
vn -0.8856 0.4589 0.0721
vn -0.9911 -0.122 0.0527
vn -0.9535 -0.2975 0.0482
vn -0.9276 0.3612 0.0956
vn -0.7121 0.7013 0.033
vn -0.9407 0.3392 -0.0038
vn -0.9715 -0.2341 0.0367
vn -0.9508 -0.3041 0.0592
vn -0.9964 0.0837 -0.0137
vn -0.9571 -0.2826 0.0632
vn -0.9492 -0.3065 0.0714
vn -0.9486 -0.3096 0.0658
vn -0.9501 -0.306 0.06
vn -0.9515 -0.3002 0.0675
vn -0.949 -0.3117 0.0467
vn -0.9493 -0.31 0.0513
vn -0.9517 -0.2954 0.0835
vn -0.9526 -0.2939 0.0788
vn -0.9516 -0.3014 0.0602
vn -0.9489 -0.3136 0.0354
vn -0.9512 -0.3057 0.0425
vn -0.951 -0.3038 0.0572
vn -0.9535 -0.2927 0.0723
vn -0.9568 -0.2831 0.0661
vn -0.9518 -0.3028 0.0497
vn -0.9498 -0.3097 0.0453
vn -0.9526 -0.3024 0.0321
vn -0.9555 -0.281 0.09
vn -0.9552 -0.2922 0.0461
vn -0.9551 -0.2923 0.048
vn -0.9553 -0.292 0.0462
vn -0.9551 -0.2924 0.0481
vn -0.9571 -0.2873 0.0365
vn -0.961 -0.273 0.0437
vn -0.9597 -0.2753 0.0557
vn -0.9584 -0.2728 0.0845
vn -0.9613 -0.2559 0.1024
vn -0.9585 -0.2834 0.031
vn -0.9653 -0.2435 0.0942
vn -0.9625 -0.2604 0.0765
vn -0.9634 -0.2611 0.0603
vn -0.9691 -0.232 0.0841
vn -0.9672 -0.2455 0.0655
vn -0.9635 -0.2653 0.0363
vn -0.9674 -0.2482 0.0499
vn -0.9713 -0.2265 0.0722
vn -0.962 -0.2721 0.0227
vn -0.967 -0.2531 0.0305
vn -0.963 -0.2692 0.0101
vn -0.9711 -0.2325 0.0539
vn -0.9626 -0.2709 0.0063
vn -0.9671 -0.2541 0.0122
vn -0.9627 -0.2702 0.0114
vn -0.9661 -0.2579 0.005
vn -0.9654 -0.2606 0.0125
vn -0.9698 -0.2439 0.0079
vn -0.9719 -0.2346 0.0187
vn -0.9629 -0.2643 0.0544
vn -0.9709 -0.2372 0.0337
vn -0.9722 -0.2324 0.0294
vn -0.9722 -0.2322 0.0296
vn -0.9712 -0.2339 0.0461
vn -0.9165 -0.2494 0.3126
vn -0.9677 -0.247 0.0505
vn -0.9732 -0.2199 0.0667
vn -0.9142 -0.2586 0.3121
vn -0.9686 -0.2481 0.0125
vn -0.9367 -0.3158 0.1516
vn -0.9736 -0.2284 0.005
vn -0.8881 -0.3305 0.3196
vn -0.9719 -0.235 0.014
vn -0.9725 -0.232 0.0205
vn -0.976 -0.2169 0.0173
vn -0.9726 -0.2314 0.021
vn -0.9707 -0.2386 0.0301
vn -0.9704 -0.2392 0.035
vn -0.9706 -0.2383 0.0343
vn -0.9773 -0.2105 0.0224
vn -0.9747 -0.219 0.0453
vn -0.9774 -0.2087 0.0347
vn -0.9755 -0.2118 0.0597
vn -0.9733 -0.2249 0.0451
vn -0.9736 -0.2238 0.0449
vn -0.9759 -0.2136 0.0451
vn -0.9786 -0.2045 0.0246
vn -0.9761 -0.2125 0.0454
vn -0.9764 -0.2159 0.0009
vn -0.978 -0.2086 0.0035
vn -0.9795 -0.2012 0.0015
vn -0.9782 -0.2062 0.0248
vn -0.9746 -0.2154 0.061
vn -0.9823 -0.1872 -0.0002
vn -0.9203 -0.2491 0.3017
vn -0.9802 -0.1871 0.0652
vn -0.8989 -0.2608 0.3521
vn -0.9776 -0.1885 0.0936
vn -0.9842 -0.176 -0.0169
vn -0.8607 -0.3115 0.4026
vn -0.8476 -0.3391 0.4081
vn -0.891 -0.3257 0.3163
vn -0.9389 -0.2468 0.24
vn -0.9145 -0.2648 0.3058
vn -0.9332 -0.3199 0.1634
vn -0.9578 -0.1672 -0.2338
vn -0.9091 -0.2662 0.3204
vn -0.9792 -0.1831 -0.0874
vn -0.8537 -0.4211 0.3065
vn -0.9754 -0.209 0.0704
vn -0.9547 -0.2432 0.1718
vn -0.9722 -0.1773 -0.1531
vn -0.904 -0.1234 -0.4093
vn -0.9218 -0.1045 -0.3732
vn -0.8398 -0.0633 -0.5393
vn -0.8488 -0.0674 -0.5244
vn -0.7828 0.0016 -0.6223
vn -0.7598 0.0064 -0.6502
vn -0.675 0.1143 -0.7289
vn -0.4546 0.2022 -0.8674
vn -0.6341 0.0836 -0.7687
vn -0.6954 0.0664 -0.7155
vn -0.6951 0.071 -0.7154
vn -0.504 0.1695 -0.8469
vn -0.8636 -0.0113 -0.504
vn -0.7668 0.0725 -0.6378
vn -0.5821 0.1351 -0.8018
vn -0.2769 0.2538 -0.9268
vn -0.3576 0.2384 -0.9029
vn -0.4886 0.203 -0.8486
vn -0.5393 0.1725 -0.8242
vn -0.2081 0.3126 -0.9268
vn -0.1537 0.2872 -0.9455
vn -0.0672 0.3308 -0.9413
vn -0.0805 0.3403 -0.9369
vn 0.1656 0.3555 -0.9199
vn 0.147 0.3761 -0.9149
vn 0.1649 0.3512 -0.9217
vn 0.3729 0.3903 -0.8418
vn 0.1352 0.3615 -0.9225
vn 0.3923 0.4051 -0.8258
vn -0.0145 0.3538 -0.9352
vn 0.3566 0.3786 -0.8541
vn 0.368 0.4136 -0.8328
vn 0.5553 0.4201 -0.7178
vn 0.134 0.4123 -0.9011
vn 0.3949 0.4359 -0.8087
vn 0.171 0.4032 -0.899
vn 0.5482 0.4275 -0.7188
vn 0.5736 0.4297 -0.6973
vn 0.6248 0.4521 -0.6366
vn 0.4484 0.4463 -0.7744
vn 0.5955 0.4515 -0.6644
vn 0.6358 0.4419 -0.6328
vn 0.6137 0.4403 -0.6553
vn 0.6123 0.4483 -0.6512
vn 0.6059 0.4226 -0.674
vn 0.5879 0.4357 -0.6816
vn 0.5147 0.4292 -0.7422
vn 0.5938 0.4093 -0.6927
vn 0.5034 0.3944 -0.7688
vn 0.5895 0.4169 -0.6918
vn 0.5523 0.4383 -0.7092
vn 0.5678 0.4003 -0.7192
vn 0.6019 0.3941 -0.6946
vn 0.5988 0.3884 -0.7004
vn 0.5678 0.3696 -0.7356
vn 0.583 0.4075 -0.7029
vn 0.531 0.3937 -0.7504
vn 0.6035 0.3655 -0.7087
vn 0.5946 0.3502 -0.7237
vn 0.6224 0.3421 -0.704
vn 0.6053 0.369 -0.7053
vn 0.6381 0.3648 -0.678
vn 0.5099 0.3972 -0.7631
vn 0.3399 0.4017 -0.8504
vn 0.5189 0.388 -0.7617
vn 0.3776 0.4062 -0.8321
vn 0.1212 0.3594 -0.9253
vn -0.1604 0.3191 -0.934
vn -0.3718 0.2577 -0.8918
vn -0.2338 0.2706 -0.9339
vn -0.346 0.2226 -0.9114
vn 0.1201 0.3429 -0.9317
vn 0.3352 0.3936 -0.856
vn 0.0636 0.3404 -0.9381
vn -0.1016 0.2832 -0.9537
vn 0.5221 0.3945 -0.7562
vn 0.2918 0.3734 -0.8806
vn 0.2418 0.3774 -0.8939
vn 0.554 0.4107 -0.7241
vn 0.5276 0.4057 -0.7464
vn 0.2071 -0.9628 -0.1733
vn 0.3084 -0.9255 -0.2197
vn 0.2204 -0.9545 -0.2007
vn 0.1321 -0.9747 -0.1801
vn 0.3367 -0.9229 -0.1868
vn 0.3902 -0.8883 -0.2424
vn 0.3695 -0.8777 -0.3052
vn 0.3425 -0.912 -0.2255
vn 0.3567 -0.8976 -0.2589
vn 0.2849 -0.9293 -0.2348
vn 0.2917 -0.9151 -0.2783
vn 0.2266 -0.9503 -0.2137
vn 0.2587 -0.9327 -0.2514
vn 0.2995 -0.9026 -0.3091
vn 0.2672 -0.919 -0.2899
vn 0.326 -0.8707 -0.3681
vn 0.422 -0.8157 -0.3957
vn 0.472 -0.6863 -0.5534
vn 0.3784 -0.7956 -0.4731
vn 0.4268 -0.6821 -0.5938
vn 0.361 -0.7942 -0.4888
vn 0.3335 -0.8461 -0.4158
vn 0.2868 -0.8908 -0.3524
vn 0.3105 -0.8643 -0.3957
vn 0.3053 -0.8717 -0.3834
vn 0.3 -0.8868 -0.3515
vn 0.2592 -0.9088 -0.3271
vn 0.2866 -0.898 -0.3339
vn 0.2589 -0.925 -0.2782
vn 0.2941 -0.9078 -0.299
vn 0.2472 -0.9192 -0.3064
vn 0.2921 -0.9003 -0.3227
vn 0.321 -0.8896 -0.3249
vn 0.3163 -0.9101 -0.2678
vn 0.2868 -0.9215 -0.2621
vn 0.317 -0.9224 -0.2208
vn 0.2552 -0.9224 -0.2899
vn 0.277 -0.9198 -0.278
vn 0.2329 -0.9383 -0.2556
vn 0.2309 -0.934 -0.2728
vn 0.2454 -0.9327 -0.2642
vn 0.2089 -0.9509 -0.2282
vn 0.23 -0.9458 -0.2292
vn 0.2775 -0.9285 -0.2467
vn 0.2622 -0.9376 -0.2284
vn 0.246 -0.9395 -0.2382
vn 0.2328 -0.9474 -0.2194
vn 0.1631 -0.9678 -0.192
vn 0.1827 -0.9621 -0.2024
vn 0.2918 -0.9364 -0.1948
vn 0.3582 -0.9163 -0.1789
vn 0.2536 -0.9477 -0.194
vn 0.2173 -0.9567 -0.1935
vn 0.2858 -0.9443 -0.1633
vn 0.3348 -0.9301 -0.151
vn 0.4032 -0.9054 -0.1331
vn 0.3863 -0.9146 -0.1193
vn 0.4634 -0.8819 -0.0865
vn 0.4626 -0.8853 -0.0472
vn 0.393 -0.9163 -0.077
vn 0.5286 -0.8485 0.0254
vn 0.3259 -0.9362 -0.1317
vn 0.2517 -0.9533 -0.1669
vn 0.2894 -0.9481 -0.1314
vn 0.1972 -0.966 -0.1673
vn 0.2313 -0.9612 -0.1501
vn 0.3332 -0.9378 -0.0969
vn 0.1728 -0.968 -0.1818
vn 0.1797 -0.9684 -0.1729
vn 0.1264 -0.975 -0.1829
vn 0.2888 -0.95 -0.1184
vn 0.1885 -0.9687 -0.1616
vn 0.2233 -0.9625 -0.1543
vn 0.1378 -0.9768 -0.164
vn 0.4059 -0.9131 -0.039
vn 0.2845 -0.9533 -0.1012
vn 0.4892 -0.8721 -0.0078
vn 0.6005 -0.7928 0.1038
vn 0.5659 -0.8225 0.0571
vn 0.4842 -0.8747 0.0228
vn 0.3618 -0.9292 -0.0748
vn 0.5278 -0.8465 0.0702
vn 0.6021 -0.7907 0.111
vn 0.4394 -0.8982 -0.0117
vn 0.3554 -0.9332 -0.054
vn 0.4565 -0.8896 0.0134
vn 0.5645 -0.8193 0.1005
vn 0.6378 -0.7554 0.1501
vn 0.6111 -0.7773 0.1498
vn 0.6719 -0.7124 0.2027
vn 0.5317 -0.8438 0.0726
vn 0.3541 -0.9343 -0.0407
vn 0.6545 -0.7299 0.1971
vn 0.7007 -0.6736 0.235
vn 0.5803 -0.8006 0.1496
vn 0.4129 -0.9105 0.0226
vn 0.4626 -0.8818 0.092
vn 0.6808 -0.6952 0.2304
vn 0.7222 -0.6377 0.2679
vn 0.6034 -0.7746 0.1896
vn 0.491 -0.8556 0.1635
vn 0.7024 -0.6651 0.2535
vn 0.7167 -0.6367 0.2845
vn 0.6387 -0.7343 0.23
vn 0.5322 -0.8213 0.2055
vn 0.7447 -0.6044 0.2831
vn 0.7255 -0.6311 0.2746
vn 0.7558 -0.5831 0.298
vn 0.6751 -0.6966 0.2429
vn 0.5615 -0.8006 0.2091
vn 0.3618 -0.9046 0.2252
vn 0.7477 -0.6006 0.2833
vn 0.7668 -0.5635 0.3075
vn 0.6993 -0.6674 0.2562
vn 0.5855 -0.7724 0.2461
vn 0.4314 -0.8727 0.2288
vn 0.595 -0.7546 0.2768
vn 0.4389 -0.857 0.2699
vn 0.2466 -0.9323 0.2647
vn 0.7108 -0.6541 0.2587
vn 0.7678 -0.5781 0.2762
vn 0.7988 -0.5034 0.3294
vn 0.6358 -0.7207 0.2763
vn 0.7415 -0.6137 0.2713
vn 0.7909 -0.5395 0.2887
vn 0.8213 -0.4702 0.323
vn 0.8151 -0.4626 0.3487
vn 0.8318 -0.4225 0.36
vn 0.8401 -0.4288 0.3321
vn 0.8477 -0.3781 0.372
vn 0.8249 -0.4761 0.3048
vn 0.76 -0.5864 0.2803
vn 0.6426 -0.7159 0.273
vn 0.8583 -0.3826 0.3418
vn 0.8646 -0.3257 0.3826
vn 0.8336 -0.458 0.3088
vn 0.7661 -0.5659 0.3046
vn 0.677 -0.6706 0.3032
vn 0.4278 -0.8513 0.3036
vn 0.511 -0.8002 0.314
vn 0.6691 -0.6543 0.3525
vn 0.489 -0.7922 0.365
vn 0.2402 -0.9038 0.3541
vn 0.4401 -0.8517 0.2843
vn 0.8022 -0.501 0.3246
vn 0.2753 -0.9245 0.2638
vn 0.2692 -0.9154 0.2993
vn 0.1857 -0.9257 0.3296
vn 0.1304 -0.9485 0.2888
vn 0.096 -0.9545 0.2822
vn 0.0466 -0.9422 0.3319
vn 0.174 -0.9559 0.2367
vn -0.0543 -0.9459 0.32
vn 0.0452 -0.9641 0.2619
vn -0.0162 -0.9259 0.3774
vn -0.1288 -0.9419 0.3101
vn -0.17 -0.9145 0.3671
vn -0.3299 -0.8753 0.3536
vn 0.0276 -0.9204 0.3901
vn -0.2637 -0.8898 0.3724
vn -0.4545 -0.8249 0.3362
vn -0.1576 -0.902 0.4019
vn -0.46 -0.7849 0.4152
vn 0.1133 -0.8913 0.439
vn -0.0423 -0.8858 0.4621
vn 0.2593 -0.8748 0.4093
vn 0.3778 -0.8147 0.44
vn -0.2365 -0.8482 0.4739
vn 0.1225 -0.8591 0.4969
vn -0.0883 -0.8418 0.5324
vn -0.5489 -0.697 0.4614
vn 0.6522 -0.6582 0.3761
vn 0.1683 -0.8176 0.5507
vn -0.3941 -0.7653 0.5089
vn 0.4293 -0.7597 0.4883
vn -0.0191 -0.8145 0.5799
vn -0.2406 -0.7647 0.5978
vn 0.625 -0.6329 0.457
vn -0.7109 -0.4988 0.4957
vn 0.7944 -0.5014 0.3428
vn 0.8501 -0.413 0.3269
vn 0.3985 -0.7231 0.5642
vn 0.2157 -0.7619 0.6107
vn 0.8737 -0.3422 0.3457
vn 0.8666 -0.372 0.3325
vn 0.8783 -0.2977 0.3741
vn 0.8588 -0.2837 0.4265
vn 0.8916 -0.2826 0.3539
vn 0.8873 -0.2325 0.3983
vn 0.8646 -0.2246 0.4495
vn 0.751 -0.5075 0.4224
vn 0.8506 -0.379 0.3646
vn 0.8956 -0.2743 0.3501
vn 0.875 -0.2273 0.4274
vn 0.8914 -0.1903 0.4114
vn 0.8747 -0.1882 0.4466
vn 0.9017 -0.2112 0.3772
vn 0.7582 -0.4456 0.476
vn 0.8548 -0.3083 0.4174
vn 0.8851 -0.2352 0.4015
vn 0.5429 -0.618 0.5686
vn 0.906 -0.184 0.3812
vn 0.885 -0.2256 0.4073
vn 0.7723 -0.3646 0.5202
vn 0.9026 -0.1748 0.3933
vn 0.9102 -0.1678 0.3785
vn 0.8885 -0.1674 0.4271
vn 0.8559 -0.1802 0.4847
vn 0.9034 -0.1455 0.4035
vn 0.873 -0.1997 0.4449
vn 0.8687 -0.1506 0.4719
vn 0.8401 -0.171 0.5147
vn 0.8789 -0.1396 0.456
vn 0.8675 -0.123 0.4821
vn 0.8919 -0.1276 0.4338
vn 0.9057 -0.107 0.4101
vn 0.8872 -0.0982 0.4507
vn 0.9145 -0.1174 0.3872
vn 0.9118 -0.1323 0.3888
vn 0.9118 -0.1521 0.3813
vn 0.8455 -0.1859 0.5005
vn 0.8869 -0.1176 0.4467
vn 0.9121 -0.0989 0.3979
vn 0.9074 -0.085 0.4116
vn 0.8959 -0.1005 0.4327
vn 0.8145 -0.1978 0.5454
vn 0.9172 -0.1057 0.3841
vn 0.923 -0.0778 0.3769
vn 0.8946 -0.1394 0.4246
vn 0.8192 -0.1647 0.5493
vn 0.8908 -0.1044 0.4422
vn 0.7509 -0.2263 0.6205
vn 0.728 -0.2129 0.6517
vn 0.8431 -0.1455 0.5177
vn 0.5507 -0.2975 0.7799
vn 0.6606 -0.2966 0.6896
vn 0.4743 -0.3222 0.8193
vn 0.4753 -0.3334 0.8142
vn 0.3132 -0.3689 0.8751
vn 0.5754 -0.2681 0.7727
vn 0.347 -0.3398 0.8741
vn 0.6471 -0.2508 0.72
vn 0.7186 -0.2091 0.6633
vn 0.4046 -0.3124 0.8595
vn 0.4501 -0.313 0.8363
vn 0.6195 -0.2676 0.738
vn 0.189 -0.3627 0.9126
vn 0.2499 -0.3479 0.9036
vn 0.3929 -0.3361 0.856
vn 0.4604 -0.2985 0.836
vn 0.2887 -0.3524 0.8902
vn 0.7825 -0.1914 0.5925
vn 0.0269 -0.3968 0.9175
vn 0.3348 -0.3291 0.8829
vn 0.5033 -0.2925 0.8131
vn 0.545 -0.2949 0.7849
vn 0.8655 -0.1317 0.4834
vn 0.3485 -0.3264 0.8786
vn 0.7204 -0.2351 0.6525
vn 0.928 -0.0572 0.3681
vn 0.8447 -0.1623 0.5101
vn 0.5054 -0.3022 0.8082
vn 0.5535 -0.27 0.7879
vn 0.6067 -0.24 0.7578
vn 0.7205 -0.1319 0.6808
vn 0.373 -0.3005 0.8778
vn 0.389 -0.2571 0.8847
vn 0.4333 -0.165 0.886
vn 0.2444 -0.2621 0.9336
vn 0.7919 -0.0314 0.6098
vn 0.2096 -0.3192 0.9242
vn 0.1295 -0.3629 0.9228
vn 0.5295 -0.074 0.8451
vn 0.595 0.0437 0.8025
vn 0.8387 0.0466 0.5426
vn 0.8485 0.0885 0.5218
vn 0.3568 -0.1286 0.9253
vn 0.4495 -0.0374 0.8925
vn 0.273 -0.1995 0.9411
vn 0.2449 -0.0881 0.9655
vn 0.4685 0.0848 0.8794
vn 0.576 0.1421 0.805
vn 0.8422 0.2335 0.486
vn 0.4249 0.1438 0.8938
vn 0.2694 -0.0026 0.963
vn 0.7943 0.3473 0.4984
vn 0.536 0.2813 0.796
vn 0.3533 0.2759 0.8939
vn 0.5002 0.4469 0.7416
vn 0.6696 0.5151 0.535
vn 0.9096 0.3594 0.2084
vn 0.8382 0.5082 0.198
vn 0.5914 0.6857 0.4243
vn 0.7985 0.598 0.0695
vn 0.4557 0.5743 0.6801
vn 0.3404 0.4243 0.8391
vn 0.4816 0.6421 0.5965
vn 0.4671 0.8103 0.3539
vn 0.6163 0.7695 0.1676
vn 0.4061 0.7038 0.5828
vn 0.3279 0.6626 0.6734
vn 0.3916 0.7655 0.5106
vn 0.2637 0.7945 0.5471
vn 0.2917 0.7381 0.6084
vn 0.3132 0.5724 0.7578
vn 0.1484 0.6591 0.7373
vn 0.1651 0.4104 0.8968
vn 0.1637 0.5584 0.8132
vn 0.133 0.7476 0.6507
vn 0.0934 0.7945 0.6001
vn -0.021 0.7219 0.6917
vn 0.0148 0.5415 0.8406
vn -0.0144 0.6298 0.7766
vn 0.0007 0.3985 0.9172
vn -0.1046 0.5104 0.8536
vn -0.0477 0.2346 0.9709
vn -0.1643 0.366 0.916
vn -0.4674 0.3352 0.818
vn -0.2501 0.563 0.7877
vn -0.1837 0.6742 0.7153
vn -0.0694 0.7825 0.6188
vn -0.6101 0.4757 0.6336
vn -0.3488 0.6891 0.6352
vn -0.7749 0.2573 0.5774
vn -0.8304 0.288 0.477
vn -0.3145 0.1785 0.9323
vn -0.958 0.0187 0.286
vn -0.9212 -0.0202 0.3887
vn -0.9794 -0.2016 0.0128
vn -0.6286 0.0947 0.7719
vn -0.9333 -0.2648 -0.2424
vn -0.9725 -0.1102 0.2054
vn -0.7065 -0.016 0.7076
vn -0.414 0.0249 0.9099
vn -0.1438 0.0714 0.987
vn -0.4842 -0.0669 0.8724
vn -0.7289 -0.0982 0.6776
vn -0.9933 -0.1148 -0.0097
vn -0.5431 -0.1471 0.8267
vn -0.9836 -0.1712 0.056
vn -0.8993 -0.1536 -0.4095
vn -0.9542 -0.2354 -0.1848
vn -0.9798 -0.1388 -0.1438
vn -0.9154 -0.3522 -0.1951
vn -0.9752 -0.1641 0.1482
vn -0.9443 -0.3251 -0.0514
vn -0.9604 -0.2763 0.037
vn -0.9567 -0.28 0.0802
vn -0.8809 -0.4557 -0.1276
vn -0.9704 -0.1766 0.1645
vn -0.9164 -0.3981 0.0418
vn -0.934 0.0728 0.3497
vn -0.9241 -0.382 0.0106
vn -0.5525 0.6005 0.5781
vn -0.9649 -0.1877 0.1836
vn -0.8652 -0.5014 0.0042
vn -0.9296 -0.3303 0.1638
vn -0.1654 0.7936 0.5855
vn -0.7983 0.3879 0.4607
vn -0.3584 0.7606 0.5414
vn -0.0421 0.828 0.5591
vn -0.1017 0.8546 0.5092
vn 0.0545 0.8411 0.5382
vn 0.045 0.8909 0.4519
vn 0.18 0.8458 0.5023
vn 0.1971 0.8902 0.4106
vn 0.0188 0.927 0.3747
vn 0.3404 0.8765 0.3403
vn 0.1878 0.9239 0.3334
vn 0.3115 0.9071 0.283
vn 0.3556 0.9214 0.1566
vn 0.7264 0.6868 0.026
vn 0.1646 0.9593 0.2296
vn 0.3495 0.9365 0.0297
vn 0.7682 0.6345 -0.0852
vn 0.3722 0.9281 -0.0057
vn 0.7599 0.6406 -0.1104
vn 0.7045 0.7034 -0.0943
vn 0.1469 0.9838 0.103
vn 0.2482 0.9685 -0.0208
vn 0.6385 0.7636 -0.0955
vn 0.1899 0.981 0.0404
vn 0.1796 0.9837 -0.0013
vn 0.145 0.9885 -0.0422
vn 0.5517 0.8231 -0.1349
vn 0.0268 0.9994 0.0227
vn 0.1515 0.9882 -0.0231
vn 0.0772 0.9947 -0.0676
vn 0.4583 0.8799 -0.1255
vn -0.031 0.9995 -0.0106
vn 0.0549 0.9968 0.0578
vn -0.2032 0.9763 0.0749
vn 0.082 0.9914 0.1015
vn -0.1007 0.9938 -0.0477
vn -0.2895 0.9564 0.0393
vn 0.098 0.9779 0.1847
vn -0.0778 0.983 0.1661
vn -0.1439 0.9841 0.1042
vn -0.5805 0.7981 0.1616
vn -0.0161 0.9476 0.3192
vn -0.055 0.9683 0.2436
vn -0.3688 0.8959 0.2477
vn -0.2712 0.9121 0.3075
vn -0.3013 0.8795 0.3683
vn -0.5037 0.8434 0.1868
vn -0.6452 0.7015 0.3028
vn -0.1935 0.8835 0.4266
vn -0.5245 0.7105 0.4692
vn -0.6679 0.6285 0.3987
vn -0.918 0.2044 0.34
vn -0.8537 0.4213 0.3062
vn -0.9469 -0.3052 0.1017
vn -0.9605 0.0543 0.273
vn -0.8511 -0.5248 0.0125
vn -0.9136 -0.3814 0.1408
vn -0.9674 -0.0349 0.2507
vn -0.9061 0.3235 0.2727
vn -0.8492 -0.5169 0.1083
vn -0.7748 0.5845 0.2409
vn -0.9384 0.2796 0.203
vn -0.9494 -0.25 0.19
vn -0.8666 -0.4692 0.1698
vn -0.9811 -0.0193 0.1925
vn -0.8675 0.457 0.1964
vn -0.8974 -0.4143 0.1518
vn -0.9711 -0.1693 0.1684
vn -0.8789 -0.4381 0.1889
vn -0.9537 -0.2105 0.2148
vn -0.9567 -0.2061 0.2055
vn -0.9692 -0.1176 0.2163
vn -0.9702 -0.1164 0.2126
vn -0.9583 -0.2103 0.1934
vn -0.9686 -0.1192 0.2183
vn -0.9687 -0.1162 0.2194
vn -0.9674 -0.1224 0.2218
vn -0.9673 -0.1227 0.2222
vn -0.9689 -0.1188 0.2171
vn -0.969 -0.1193 0.2163
vn -0.9706 -0.115 0.2115
vn -0.9669 -0.1343 0.2168
vn -0.9846 -0.119 -0.1282
vn -0.9889 -0.0871 -0.1203
vn -0.9857 -0.146 0.0842
vn -0.9805 -0.1018 -0.168
vn -0.9704 -0.1341 0.201
vn -0.9649 -0.1349 0.2254
vn -0.9679 -0.1491 0.2025
vn -0.9683 -0.1532 0.1972
vn -0.9683 -0.1452 0.2031
vn -0.9607 -0.1868 0.2052
vn -0.9695 -0.1776 0.1686
vn -0.9076 -0.0416 -0.4177
vn -0.9635 -0.1555 0.2178
vn -0.9799 -0.1822 0.0818
vn -0.961 -0.1614 0.2246
vn -0.934 -0.2253 0.2774
vn -0.9657 -0.1478 0.2136
vn -0.9536 -0.1596 0.2553
vn -0.9711 -0.1099 -0.2118
vn -0.9069 0.1307 -0.4006
vn -0.9869 -0.0822 0.1388
vn -0.9722 0.0164 -0.2334
vn -0.93 0.1614 -0.3302
vn -0.9975 -0.0681 -0.0198
vn -0.9432 -0.0313 -0.3306
vn -0.9582 -0.1679 0.2316
vn -0.9644 -0.1541 0.2151
vn -0.9587 -0.158 0.2366
vn -0.9611 -0.1473 0.2338
vn -0.9588 -0.155 0.2382
vn -0.9647 -0.149 0.2171
vn -0.9646 -0.153 0.2149
vn -0.9656 -0.1525 0.2106
vn -0.9587 -0.155 0.2384
vn -0.962 -0.1559 0.2243
vn -0.9842 -0.0794 0.158
vn -0.9848 0.0034 -0.1739
vn -0.9667 -0.1442 0.2116
vn -0.9979 -0.0485 -0.0439
vn -0.9651 -0.1605 0.2067
vn -0.9655 -0.1554 0.2089
vn -0.9668 -0.1596 0.1994
vn -0.9689 -0.1705 0.1796
vn -0.9679 -0.1616 0.1927
vn -0.9662 -0.1562 0.205
vn -0.9656 -0.1735 0.1935
vn -0.9623 -0.1706 0.2119
vn -0.9657 -0.1913 0.1755
vn -0.9638 -0.1782 0.1984
vn -0.9619 -0.1827 0.2034
vn -0.9677 -0.1728 0.1838
vn -0.9669 -0.1745 0.1863
vn -0.9653 -0.1831 0.186
vn -0.9669 -0.1339 -0.2172
vn -0.9674 -0.1743 0.1837
vn -0.9745 -0.2052 -0.0905
vn -0.9792 -0.1187 -0.1643
vn -0.9911 0.0033 -0.1331
vn -0.9895 -0.1333 0.0566
vn -0.9588 -0.1966 0.2051
vn -0.9625 -0.1924 0.1913
vn -0.9576 -0.1966 0.2107
vn -0.9899 -0.0131 -0.1411
vn -0.9671 -0.1845 0.1749
vn -0.9947 -0.0745 -0.0707
vn -0.9628 -0.1893 0.1929
vn -0.962 -0.197 0.1888
vn -0.9871 -0.1415 0.0751
vn -0.9645 -0.1976 0.1754
vn -0.9654 -0.197 0.1708
vn -0.9612 -0.2019 0.1882
vn -0.964 -0.2044 0.1703
vn -0.993 -0.118 -0.0063
vn -0.9842 -0.1732 -0.0358
vn -0.9526 -0.2178 0.2125
vn -0.9898 -0.0193 -0.1413
vn -0.9632 -0.1858 0.1942
vn -0.9646 -0.2082 0.1621
vn -0.9648 -0.2087 0.1602
vn -0.9829 -0.1405 0.1188
vn -0.9641 -0.2176 0.1519
vn -0.9666 -0.2158 0.1383
vn -0.997 -0.0433 -0.0643
vn -0.9913 -0.1029 -0.0819
vn -0.9835 0.0326 -0.1779
vn -0.9113 -0.3169 0.2628
vn -0.9941 -0.0981 0.0472
vn -0.9704 -0.1978 0.1388
vn -0.9645 -0.2196 0.147
vn -0.9628 -0.2327 0.1374
vn -0.9655 -0.2244 0.132
vn -0.988 -0.058 -0.143
vn -0.9987 -0.0289 0.043
vn -0.9874 0.0507 -0.15
vn -0.9685 0.1746 -0.1774
vn -0.9822 -0.1494 0.114
vn -0.9621 -0.2434 0.1227
vn -0.9979 0.0602 -0.0257
vn -0.9853 0.1577 -0.0653
vn -0.9681 -0.2305 0.0984
vn -0.9607 -0.2488 0.1233
vn -0.9965 0.0817 0.0185
vn -0.9782 0.2047 -0.0347
vn -0.7458 -0.386 0.5429
vn -0.7819 -0.3573 0.5109
vn -0.9575 0.2597 -0.1258
vn -0.9876 0.1063 0.1155
vn -0.9612 0.2325 -0.1484
vn -0.9571 0.2751 -0.0907
vn -0.9917 -0.1277 -0.0171
vn -0.8971 0.4074 -0.1712
vn -0.9939 0.0696 -0.0856
vn -0.9814 -0.1718 0.0856
vn -0.9601 -0.2595 0.1041
vn -0.9717 -0.2247 0.0732
vn -0.9566 -0.2726 0.103
vn -0.9986 -0.0531 -0.0066
vn -0.9316 0.2977 -0.2085
vn -0.9559 -0.1872 0.2262
vn -0.8429 0.5219 -0.131
vn -0.3236 -0.6752 0.6628
vn -0.859 -0.4148 0.3002
vn -0.9851 0.1582 0.067
vn -0.6031 -0.7153 0.353
vn -0.9503 0.309 -0.0381
vn -0.9766 -0.0984 0.1915
vn -0.7586 -0.5811 0.2947
vn -0.9875 -0.1554 0.0253
vn -0.827 0.5132 -0.2298
vn -0.9384 0.3286 -0.1069
vn -0.9488 0.2634 -0.1744
vn -0.8468 0.4888 -0.2099
vn -0.7744 -0.5921 0.2229
vn -0.8172 0.5546 -0.1568
vn -0.9878 0.1461 -0.0533
vn -0.9357 0.3231 -0.1416
vn -0.4802 -0.8236 0.3017
vn -0.957 0.2878 -0.0377
vn -0.9609 -0.2238 0.1633
vn -0.2538 -0.9283 0.2718
vn -0.664 -0.6892 0.2901
vn -0.9442 0.3148 -0.0969
vn -0.811 0.5569 -0.1792
vn -0.9959 -0.0848 0.0322
vn -0.823 -0.5585 0.1034
vn -0.9881 0.0828 -0.1299
vn -0.5715 -0.7896 0.2233
vn -0.8206 0.5315 -0.2101
vn -0.922 0.3513 -0.1628
vn -0.7779 0.6172 -0.1179
vn -0.9554 0.2841 -0.0806
vn -0.8148 0.5524 -0.1758
vn -0.9873 -0.1575 0.0198
vn -0.9972 -0.0731 0.0126
vn -0.9977 -0.0204 -0.0652
vn -0.986 0.1515 -0.0697
vn -0.9813 0.183 -0.059
vn -0.98 -0.1793 0.0868
vn -0.9739 -0.2114 0.0824
vn -0.9588 -0.2742 0.0745
vn -0.969 -0.2411 0.054
vn -0.97 -0.2315 0.0744
vn -0.9883 -0.1516 0.0167
vn -0.9595 -0.2677 0.0873
vn -0.9611 -0.2618 0.0876
vn -0.9551 -0.2788 0.0999
vn -0.953 -0.2881 0.0938
vn -0.9551 -0.2757 0.1085
vn -0.9562 -0.2823 0.0776
vn -0.9502 -0.2974 0.0932
vn -0.9526 -0.2867 0.1014
vn -0.9594 -0.2554 0.1195
vn -0.9581 -0.2618 0.116
vn -0.9572 -0.2624 0.122
vn -0.9575 -0.2609 0.1226
vn -0.9545 -0.2782 0.1072
vn -0.9538 -0.2906 0.0762
vn -0.9484 -0.3038 0.0907
vn -0.9498 -0.3028 0.079
vn -0.9514 -0.2969 0.0814
vn -0.9501 -0.3023 0.0775
vn -0.9502 -0.2977 0.0919
vn -0.9951 0.0993 0.0035
vn -0.8546 0.5079 -0.1077
vn -0.8161 0.5779 0.0027
vn -0.7466 0.6653 0.0067
vn -0.9769 0.2129 0.017
vn -0.8217 -0.5416 0.1776
vn -0.9814 0.1749 0.0793
vn -0.7987 0.6018 0.0037
vn -0.7897 0.6121 -0.0412
vn -0.9377 0.3474 0.0004
vn -0.9944 0.1058 0.0024
vn -0.9102 -0.3893 0.1411
vn -0.9556 -0.2873 0.0658
vn -0.855 -0.5182 -0.0193
vn -0.6843 -0.7253 0.0756
vn -0.5443 -0.8293 0.1267
vn -0.3949 -0.9006 0.1815
vn -0.088 -0.9875 0.1308
vn -0.2597 -0.9369 0.2342
vn -0.2225 -0.9733 0.0565
vn -0.3496 -0.9367 0.0185
vn -0.1342 -0.9561 0.2605
vn 0.0054 -0.9822 0.1877
vn 0.0833 -0.9749 0.2066
vn 0.1313 -0.9665 0.2208
vn 0.1066 -0.9772 0.1836
vn 0.2168 -0.9536 0.2088
vn 0.3659 -0.9109 0.1909
vn 0.2237 -0.9629 0.1512
vn 0.3557 -0.9266 0.1217
vn 0.0676 -0.9908 0.1174
vn 0.1957 -0.9773 0.0816
vn 0.3153 -0.9475 0.0538
vn -0.0117 -0.999 0.0439
vn 0.2752 -0.9613 -0.0138
vn 0.1531 -0.9881 0.0175
vn 0.218 -0.974 -0.062
vn 0.3194 -0.9456 -0.0621
vn 0.1002 -0.9937 -0.0504
vn 0.2675 -0.9592 -0.0919
vn 0.2413 -0.9646 -0.1065
vn 0.1626 -0.9805 -0.1105
vn 0.1939 -0.9707 -0.1419
vn 0.1532 -0.9756 -0.1571
vn 0.0587 -0.9936 -0.0961
vn -0.07 -0.9975 -0.0095
vn -0.1225 -0.9909 -0.0565
vn -0.4726 -0.8813 -0.0025
vn -0.9346 -0.3497 0.0654
vn -0.546 -0.8377 -0.0145
vn -0.1743 -0.9797 -0.0992
vn 0.0025 -0.992 -0.1265
vn -0.9464 0.3017 0.1152
vn -0.9374 -0.342 0.0653
vn -0.9744 0.1861 0.1259
vn -0.9965 0.0816 0.0194
vn -0.9246 -0.3769 0.0558
vn -0.6125 -0.7896 -0.0382
vn -0.919 -0.3943 -0.0042
vn -0.7543 -0.6427 -0.1337
vn -0.6667 -0.7442 -0.0397
vn -0.2772 -0.9542 -0.1126
vn -0.3507 -0.9249 -0.1469
vn -0.0508 -0.9905 -0.1274
vn 0.0739 -0.9848 -0.1573
vn 0.0263 -0.9852 -0.1692
vn -0.152 -0.9792 -0.1341
vn 0.0363 -0.9865 -0.1594
vn 0.1076 -0.9767 -0.186
vn 0.1159 -0.979 -0.1677
vn 0.0452 -0.9859 -0.1613
vn -0.7502 -0.6612 -0.0085
vn -0.1906 -0.9761 -0.1047
vn 0.0046 -0.985 -0.1727
vn -0.7895 -0.6137 0.0082
vn -0.2479 -0.959 -0.1374
vn -0.8274 -0.5614 0.0164
vn -0.9391 -0.3435 0.009
vn -0.3405 -0.9301 -0.1378
vn -0.5614 -0.817 -0.1316
vn -0.0671 -0.986 -0.1526
vn 0.1139 -0.9778 -0.1761
vn 0.0843 -0.98 -0.1803
vn -0.1323 -0.9796 -0.1515
vn -0.5845 -0.8062 -0.0917
vn -0.1499 -0.9775 -0.1482
vn 0.0555 -0.9856 -0.1596
vn 0.0128 -0.9918 -0.1268
vn -0.9716 -0.2364 -0.0037
vn -0.5907 -0.8013 -0.0949
vn -0.2318 -0.9638 -0.1315
vn -0.2385 -0.9517 -0.1935
vn -0.5777 -0.8057 -0.1306
vn -0.6583 -0.7281 -0.1913
vn -0.9184 -0.3956 0.0032
vn -0.9101 -0.4052 -0.087
vn -0.9564 0.2445 0.1596
vn -0.9959 0.0885 0.0183
vn -0.7643 0.6204 0.1758
vn 0.5231 -0.852 -0.0197
vn 0.5826 -0.8116 0.0442
vn 0.577 -0.8167 0.0102
vn 0.6329 -0.7676 0.1012
vn 0.6476 -0.7583 0.0747
vn 0.6721 -0.7264 0.1437
vn 0.6442 -0.7507 0.1468
vn 0.6725 -0.7185 0.1775
vn 0.6626 -0.7287 0.1731
vn 0.6936 -0.6979 0.1786
vn 0.7111 -0.6704 0.2117
vn 0.6855 -0.6962 0.2129
vn 0.7112 -0.6596 0.243
vn 0.7281 -0.6405 0.2442
vn 0.7508 -0.6149 0.2414
vn 0.7301 -0.6274 0.271
vn 0.7455 -0.6068 0.2756
vn 0.7631 -0.582 0.2811
vn 0.7473 -0.6112 0.2607
vn 0.7471 -0.5978 0.2908
vn 0.7605 -0.5775 0.2967
vn 0.7396 -0.6049 0.295
vn 0.774 -0.5588 0.2978
vn 0.7613 -0.5686 0.3115
vn 0.7476 -0.5852 0.314
vn 0.7729 -0.5455 0.3241
vn 0.7849 -0.529 0.3226
vn 0.7727 -0.5747 0.2694
vn 0.7809 -0.5348 0.3229
vn 0.7936 -0.5121 0.3285
vn 0.7802 -0.5244 0.3409
vn 0.7936 -0.493 0.3566
vn 0.808 -0.4529 0.3768
vn 0.7956 -0.484 0.3644
vn 0.7888 -0.5075 0.3468
vn 0.7964 -0.4941 0.3487
vn 0.8091 -0.4575 0.3687
vn 0.8101 -0.4746 0.3443
vn 0.8002 -0.5083 0.3182
vn 0.7865 -0.5442 0.2921
vn 0.7969 -0.5297 0.2906
vn 0.819 -0.4625 0.3396
vn 0.8178 -0.4869 0.3069
vn 0.8126 -0.5124 0.2776
vn 0.7876 -0.5567 0.2642
vn 0.7644 -0.5992 0.2381
vn 0.802 -0.5407 0.254
vn 0.7835 -0.5763 0.2325
vn 0.8099 -0.5305 0.2502
vn 0.8332 -0.4674 0.2955
vn 0.824 -0.4763 0.3068
vn 0.823 -0.5012 0.2674
vn 0.8309 -0.4491 0.3284
vn 0.8432 -0.4733 0.2548
vn 0.838 -0.4436 0.3177
vn 0.7979 -0.5623 0.2171
vn 0.85 -0.4076 0.3338
vn 0.8513 -0.4266 0.3056
vn 0.8521 -0.4424 0.2796
vn 0.8683 -0.4048 0.2865
vn 0.8272 -0.5131 0.229
vn 0.8202 -0.5353 0.202
vn 0.8476 -0.4887 0.2066
vn 0.8718 -0.4209 0.2506
vn 0.8719 -0.4373 0.2203
vn 0.8439 -0.5076 0.1739
vn 0.8715 -0.4569 0.1783
vn 0.9024 -0.3707 0.2197
vn 0.8927 -0.37 0.2574
vn 0.8926 -0.3706 0.2568
vn 0.8927 -0.37 0.2573
vn 0.923 -0.3191 0.2152
vn 0.901 -0.3925 0.1847
vn 0.9349 -0.3091 0.1743
vn 0.9074 -0.394 0.1464
vn 0.9608 -0.2464 0.127
vn 0.8688 -0.4732 0.1455
vn 0.9984 -0.0103 0.0559
vn 0.9037 -0.4158 0.102
vn 0.8429 -0.5197 0.1395
vn 0.9461 -0.3141 0.0787
vn 0.9753 -0.2125 0.0602
vn 0.8694 -0.4846 0.0967
vn 0.9476 -0.3184 0.0253
vn 0.8193 -0.5494 0.1638
vn 0.9915 -0.0867 -0.0974
vn 0.9092 -0.415 0.0332
vn 0.9722 -0.1938 -0.1317
vn 0.8061 -0.5645 0.1776
vn 0.7949 -0.5902 0.1408
vn 0.7808 -0.6052 0.1553
vn 0.8089 -0.5756 0.1201
vn 0.8414 -0.531 0.1
vn 0.7781 -0.6193 0.105
vn 0.8669 -0.4984 0.0108
vn 0.7965 -0.6004 0.0712
vn 0.8323 -0.5537 0.0261
vn 0.9138 -0.4025 -0.0538
vn 0.871 -0.4869 -0.0659
vn 0.7913 -0.6113 0.0139
vn 0.7594 -0.6484 0.0532
vn 0.9161 -0.3552 -0.186
vn 0.8279 -0.5563 -0.0712
vn 0.7413 -0.6709 -0.0209
vn 0.8681 -0.4607 -0.185
vn 0.7901 -0.6111 -0.0473
vn 0.8252 -0.5284 -0.1994
vn 0.9019 -0.2429 -0.3572
vn 0.7174 -0.6857 -0.1231
vn 0.9477 -0.0817 -0.3084
vn 0.8555 -0.3706 -0.3615
vn 0.7789 -0.6085 -0.1518
vn 0.8207 -0.424 -0.383
vn 0.7511 -0.5875 -0.3012
vn 0.6912 -0.6776 -0.2512
vn 0.8349 -0.1686 -0.524
vn 0.8694 -0.1955 -0.4538
vn 0.8909 0.0219 -0.4537
vn 0.8588 -0.0084 -0.5122
vn 0.7752 0.1784 -0.606
vn 0.7567 -0.365 -0.5424
vn 0.7714 0.2747 -0.5739
vn 0.8464 0.2591 -0.4653
vn 0.8853 0.2479 -0.3935
vn 0.7462 0.4203 -0.5162
vn 0.7912 0.4353 -0.4296
vn 0.9496 0.1283 -0.2861
vn 0.941 0.2633 -0.2125
vn 0.8251 0.391 -0.4077
vn 0.8916 0.35 -0.2873
vn 0.7614 0.5456 -0.3502
vn 0.9946 0.0996 -0.0302
vn 0.9759 0.2021 -0.0824
vn 0.8253 0.4976 -0.267
vn 0.8938 0.4249 -0.1435
vn 0.8051 0.55 -0.2223
vn 0.7465 0.5985 -0.2909
vn 0.7186 0.5992 -0.353
vn 0.7139 0.641 -0.282
vn 0.7367 0.6333 -0.2371
vn 0.706 0.6527 -0.2747
vn 0.6981 0.633 -0.3348
vn 0.692 0.5946 -0.4093
vn 0.7265 0.5464 -0.4168
vn 0.6909 0.5282 -0.4936
vn 0.662 0.5849 -0.4686
vn 0.6837 0.622 -0.3818
vn 0.6342 0.561 -0.5321
vn 0.6578 0.5948 -0.462
vn 0.6243 0.5767 -0.5269
vn 0.6538 0.5138 -0.5555
vn 0.7036 0.4057 -0.5835
vn 0.6169 0.5343 -0.578
vn 0.6279 0.4891 -0.6054
vn 0.6479 0.4106 -0.6415
vn 0.592 0.5072 -0.6264
vn 0.5834 0.538 -0.6084
vn 0.6041 0.5585 -0.5684
vn 0.5908 0.4598 -0.663
vn 0.7158 0.2001 -0.669
vn 0.6061 0.3585 -0.71
vn 0.7629 -0.0994 -0.6388
vn 0.6316 0.1866 -0.7525
vn 0.652 -0.0541 -0.7563
vn 0.6575 -0.2866 -0.6968
vn 0.602 -0.0341 -0.7977
vn 0.5777 0.2051 -0.79
vn 0.5628 0.3998 -0.7235
vn 0.5576 0.222 -0.7999
vn 0.5442 0.4832 -0.6858
vn 0.5263 0.3707 -0.7652
vn 0.5241 0.4514 -0.7222
vn 0.5325 0.4013 -0.7452
vn 0.5596 0.5168 -0.648
vn 0.5101 0.4579 -0.7281
vn 0.54 0.5142 -0.6663
vn 0.5065 0.4918 -0.7082
vn 0.4899 0.4347 -0.7557
vn 0.4902 0.4767 -0.7297
vn 0.5478 0.5295 -0.6477
vn 0.5314 0.5087 -0.6774
vn 0.4865 0.5028 -0.7145
vn 0.5037 0.5481 -0.6677
vn 0.4844 0.4814 -0.7305
vn 0.4898 0.5007 -0.7137
vn 0.4978 0.5136 -0.6989
vn 0.4986 0.4744 -0.7255
vn 0.4999 0.4992 -0.7077
vn 0.5174 0.5294 -0.6724
vn 0.5397 0.5329 -0.6517
vn 0.5129 0.5068 -0.6929
vn 0.5004 0.5146 -0.6963
vn 0.5036 0.5175 -0.6917
vn 0.5309 0.5374 -0.6553
vn 0.5237 0.5035 -0.6872
vn 0.5537 0.5462 -0.6286
vn 0.5926 0.5559 -0.583
vn 0.5606 0.5358 -0.6314
vn 0.5813 0.5612 -0.5892
vn 0.5515 0.5492 -0.6278
vn 0.5109 0.5246 -0.681
vn 0.5361 0.5404 -0.6485
vn 0.5773 0.5712 -0.5834
vn 0.6248 0.5814 -0.5213
vn 0.5541 0.563 -0.6132
vn 0.6548 0.6022 -0.4567
vn 0.6205 0.5897 -0.5169
vn 0.5758 0.5778 -0.5785
vn 0.5392 0.5529 -0.6352
vn 0.5427 0.5557 -0.6298
vn 0.5164 0.5418 -0.6632
vn 0.5165 0.5415 -0.6633
vn 0.5159 0.5328 -0.6708
vn 0.5158 0.5313 -0.6721
vn 0.5276 0.519 -0.6725
vn 0.6633 0.6184 -0.4215
vn 0.6288 0.6055 -0.4878
vn 0.5986 0.5929 -0.5386
vn 0.662 0.6239 -0.4153
vn 0.5794 0.5884 -0.564
vn 0.6202 0.6121 -0.4905
vn 0.6827 0.6377 -0.3566
vn 0.6608 0.6346 -0.4008
vn 0.688 0.6452 -0.3323
vn 0.6951 0.6632 -0.2775
vn 0.6969 0.6517 -0.2995
vn 0.698 0.6428 -0.3156
vn 0.7019 0.6639 -0.2581
vn 0.6994 0.6604 -0.2731
vn 0.6988 0.6731 -0.2421
vn 0.7005 0.6728 -0.2379
vn 0.7065 0.664 -0.2448
vn 0.6985 0.6791 -0.2259
vn 0.7024 0.6743 -0.2278
vn 0.7152 0.654 -0.2464
vn 0.7167 0.6568 -0.2346
vn 0.7777 0.592 -0.2114
vn 0.7317 0.641 -0.2316
vn 0.7797 0.5959 -0.1923
vn 0.9135 0.4007 -0.0698
vn 0.9922 0.1186 0.0383
vn 0.908 0.4098 -0.0869
vn 0.7416 0.6346 -0.2177
vn 0.9892 0.0031 0.1464
vn 0.9612 -0.2039 0.1856
vn 0.9858 -0.0754 0.1497
vn 0.962 -0.1865 0.1996
vn 0.9269 -0.2895 0.239
vn 0.9309 -0.2541 0.2624
vn 0.8982 -0.3369 0.2824
vn 0.8928 -0.3694 0.2578
vn 0.8724 -0.3762 0.312
vn 0.8947 -0.3291 0.3019
vn 0.8679 -0.365 0.3369
vn 0.9185 -0.2819 0.2774
vn 0.8826 -0.3243 0.3402
vn 0.8595 -0.38 0.3418
vn 0.8682 -0.3509 0.3508
vn 0.8486 -0.3987 0.3476
vn 0.8353 -0.4211 0.3536
vn 0.8527 -0.3673 0.3714
vn 0.8448 -0.3844 0.3722
vn 0.8694 -0.3198 0.3766
vn 0.8556 -0.3494 0.382
vn 0.8276 -0.4334 0.3567
vn 0.8419 -0.364 0.3984
vn 0.8364 -0.3835 0.3916
vn 0.8265 -0.4211 0.3736
vn 0.8176 -0.4422 0.3687
vn 0.8264 -0.3919 0.4044
vn 0.8192 -0.4222 0.388
vn 0.8109 -0.4336 0.3929
vn 0.8232 -0.3792 0.4226
vn 0.8133 -0.4103 0.4125
vn 0.8221 -0.4007 0.4044
vn 0.8269 -0.3505 0.4398
vn 0.8239 -0.3813 0.4193
vn 0.8243 -0.4175 0.3824
vn 0.8383 -0.3722 0.3984
vn 0.8376 -0.3348 0.4317
vn 0.845 -0.3459 0.4078
vn 0.8429 -0.3075 0.4415
vn 0.8353 -0.2971 0.4626
vn 0.8467 -0.2648 0.4615
vn 0.8297 -0.322 0.456
vn 0.8365 -0.2536 0.4857
vn 0.8488 -0.2201 0.4808
vn 0.8349 -0.2149 0.5068
vn 0.8304 -0.2795 0.482
vn 0.828 -0.245 0.5044
vn 0.8241 -0.2109 0.5257
vn 0.8243 -0.1818 0.5362
vn 0.818 -0.2378 0.5238
vn 0.8399 -0.148 0.5222
vn 0.8121 -0.2085 0.5449
vn 0.8289 -0.1321 0.5436
vn 0.8522 -0.1062 0.5123
vn 0.8246 -0.2688 0.4978
vn 0.8295 -0.3037 0.4686
vn 0.818 -0.2637 0.5112
vn 0.8283 -0.3442 0.4421
vn 0.8255 -0.2934 0.4823
vn 0.8285 -0.3164 0.4619
vn 0.8331 -0.3622 0.418
vn 0.8357 -0.3308 0.4384
vn 0.8354 -0.3312 0.4387
vn 0.8285 -0.3384 0.4461
vn 0.8278 -0.2974 0.4757
vn 0.836 -0.3445 0.4271
vn 0.8283 -0.3385 0.4464
vn 0.8385 -0.352 0.416
vn 0.8275 -0.2939 0.4784
vn 0.8189 -0.2895 0.4955
vn 0.8291 -0.3146 0.4622
vn 0.8468 -0.3446 0.4053
vn 0.8339 -0.3313 0.4414
vn 0.8404 -0.3306 0.4296
vn 0.8598 -0.3087 0.4068
vn 0.8262 -0.31 0.4704
vn 0.8334 -0.3152 0.454
vn 0.8546 -0.2967 0.4261
vn 0.9053 -0.1976 0.376
vn 0.8385 -0.2895 0.4615
vn 0.8185 -0.2837 0.4996
vn 0.8105 -0.2612 0.5242
vn 0.8294 -0.2572 0.496
vn 0.875 -0.2494 0.415
vn 0.8799 -0.2169 0.4227
vn 0.8709 -0.1946 0.4512
vn 0.942 -0.07 0.3283
vn 0.9356 -0.061 0.3477
vn 0.9664 0.071 0.2469
vn 0.9654 0.1907 0.178
vn 0.9585 0.1118 0.2624
vn 0.9471 0.0686 0.3134
vn 0.9104 0.4082 0.0673
vn 0.8834 0.4684 -0.0148
vn 0.9457 -0.1219 0.3014
vn 0.8992 -0.2605 0.3514
vn 0.9056 -0.2517 0.3415
vn 0.9734 -0.0076 0.2288
vn 0.9785 0.1119 0.1735
vn 0.9096 0.4147 0.0244
vn 0.9114 -0.2686 0.3119
vn 0.9511 -0.1522 0.269
vn 0.9586 -0.1635 0.2332
vn 0.9802 0.0064 0.1979
vn 0.9885 0.1097 0.1038
vn 0.9326 0.3609 0.0048
vn 0.9413 0.3369 0.0218
vn 0.7954 0.5798 -0.1764
vn 0.7936 0.5893 -0.151
vn 0.8031 0.5806 -0.1339
vn 0.709 0.6687 -0.224
vn 0.729 0.6538 -0.2029
vn 0.7538 0.6394 -0.1514
vn 0.7354 0.6466 -0.2027
vn 0.709 0.6719 -0.2143
vn 0.6987 0.6805 -0.2206
vn 0.6931 0.6887 -0.2129
vn 0.7026 0.6873 -0.1843
vn 0.6889 0.6942 -0.2086
vn 0.6966 0.6841 -0.2163
vn 0.6889 0.6956 -0.2037
vn 0.7112 0.6749 -0.1969
vn 0.6811 0.7059 -0.1945
vn 0.7709 0.6224 -0.1356
vn 0.6821 0.7038 -0.1985
vn 0.8127 0.5787 -0.0677
vn 0.7021 0.6877 -0.1849
vn 0.6741 0.7131 -0.1926
vn 0.9325 0.3367 0.1307
vn 0.8763 0.479 0.0516
vn 0.7291 0.6681 -0.1485
vn 0.6718 0.7145 -0.1954
vn 0.94 0.1773 0.2914
vn 0.9084 -0.0547 0.4145
vn 0.937 0.1344 0.3226
vn 0.8708 -0.1795 0.4577
vn 0.8665 -0.1386 0.4795
vn 0.8183 -0.2155 0.5328
vn 0.8623 -0.1356 0.4879
vn 0.8952 -0.0238 0.445
vn 0.8482 -0.0983 0.5204
vn 0.9203 0.2131 0.3281
vn 0.922 0.168 0.3489
vn 0.9086 0.3946 0.137
vn 0.8456 0.5318 0.0453
vn 0.7724 0.6306 -0.0757
vn 0.6713 0.7172 -0.1869
vn 0.6855 0.7101 -0.1609
vn 0.663 0.7248 -0.1874
vn 0.6535 0.733 -0.1885
vn 0.6702 0.7213 -0.175
vn 0.675 0.7206 -0.1584
vn 0.6785 0.7136 -0.1745
vn 0.684 0.7107 -0.1642
vn 0.6836 0.7077 -0.1786
vn 0.6616 0.7306 -0.1687
vn 0.689 0.7048 -0.1692
vn 0.6873 0.7002 -0.1932
vn 0.6947 0.6981 -0.1731
vn 0.6928 0.692 -0.2029
vn 0.6885 0.6992 -0.1924
vn 0.6934 0.69 -0.2078
vn 0.692 0.6938 -0.1997
vn 0.6952 0.6846 -0.2192
vn 0.6957 0.687 -0.2099
vn 0.6981 0.6784 -0.229
vn 0.7019 0.688 -0.1845
vn 0.7076 0.6794 -0.1943
vn 0.7052 0.6756 -0.2152
vn 0.6995 0.6675 -0.2554
vn 0.7196 0.6645 -0.2018
vn 0.6894 0.6548 -0.3098
vn 0.7071 0.6658 -0.2383
vn 0.6963 0.6542 -0.2952
vn 0.7224 0.6533 -0.2265
vn 0.6653 0.6395 -0.3854
vn 0.7068 0.6466 -0.2868
vn 0.6235 0.615 -0.4828
vn 0.6252 0.6218 -0.4718
vn 0.6698 0.6391 -0.378
vn 0.5854 0.5925 -0.5534
vn 0.5554 0.5579 -0.6166
vn 0.6206 0.6307 -0.4659
vn 0.712 0.641 -0.2867
vn 0.5808 0.6014 -0.5486
vn 0.582 0.6165 -0.5302
vn 0.5629 0.5711 -0.5974
vn 0.5694 0.5908 -0.5716
vn 0.5511 0.5662 -0.6129
vn 0.5493 0.537 -0.6402
vn 0.5606 0.5492 -0.6197
vn 0.5545 0.5123 -0.6558
vn 0.5698 0.5645 -0.5972
vn 0.5687 0.5278 -0.6309
vn 0.5786 0.549 -0.6032
vn 0.5782 0.574 -0.5798
vn 0.5822 0.4981 -0.6426
vn 0.565 0.4873 -0.6658
vn 0.5342 0.4819 -0.6945
vn 0.5921 0.4778 -0.6489
vn 0.5781 0.4717 -0.6658
vn 0.6134 0.476 -0.6302
vn 0.588 0.5073 -0.63
vn 0.5897 0.5325 -0.6073
vn 0.6367 0.4823 -0.6016
vn 0.5863 0.4485 -0.6746
vn 0.5634 0.457 -0.6883
vn 0.6514 0.4405 -0.6177
vn 0.6827 0.4198 -0.598
vn 0.6609 0.4525 -0.5987
vn 0.6568 0.4844 -0.5779
vn 0.6913 0.4841 -0.5365
vn 0.6304 0.4407 -0.6391
vn 0.6142 0.5412 -0.5744
vn 0.648 0.4721 -0.5977
vn 0.7058 0.4952 -0.5067
vn 0.6245 0.5414 -0.5629
vn 0.7063 0.4699 -0.5295
vn 0.6229 0.5444 -0.5618
vn 0.587 0.5575 -0.5871
vn 0.6693 0.5315 -0.5192
vn 0.7479 0.5012 -0.4352
vn 0.5878 0.4923 -0.6419
vn 0.699 0.5141 -0.4972
vn 0.6277 0.5788 -0.5206
vn 0.5988 0.5618 -0.5708
vn 0.782 0.4963 -0.377
vn 0.6453 0.5843 -0.4922
vn 0.7308 0.5095 -0.4542
vn 0.6201 0.5901 -0.5169
vn 0.7272 0.5193 -0.4489
vn 0.6633 0.6263 -0.4095
vn 0.6171 0.576 -0.5361
vn 0.5857 0.5955 -0.5499
vn 0.5889 0.5889 -0.5535
vn 0.5767 0.6102 -0.5432
vn 0.585 0.6052 -0.5399
vn 0.5878 0.6135 -0.5273
vn 0.585 0.6264 -0.5152
vn 0.592 0.6324 -0.4996
vn 0.6198 0.6132 -0.4898
vn 0.6061 0.6387 -0.4739
vn 0.6488 0.6208 -0.44
vn 0.7583 0.5234 -0.3887
vn 0.4523 0.7447 -0.4908
vn 0.6089 0.6644 -0.4333
vn 0.7249 0.5534 -0.4103
vn 0.2667 0.8069 -0.5271
vn 0.5753 0.6844 -0.4478
vn 0.7169 0.5631 -0.411
vn 0.6862 0.6181 -0.3836
vn 0.6134 0.6484 -0.451
vn 0.7498 0.5674 -0.3404
vn 0.498 0.7653 -0.4078
vn 0.62 0.6769 -0.3967
vn 0.6458 0.675 -0.3569
vn 0.7776 0.545 -0.3135
vn 0.5495 0.76 -0.3472
vn 0.6924 0.6448 -0.3238
vn 0.6201 0.7008 -0.3526
vn 0.6288 0.6866 -0.3649
vn 0.7767 0.5612 -0.286
vn 0.3434 0.8654 -0.3649
vn 0.4734 0.7819 -0.4057
vn 0.7755 0.5571 -0.297
vn 0.7219 0.6196 -0.3082
vn 0.654 0.6811 -0.3292
vn 0.646 0.6965 -0.3125
vn 0.6631 0.6868 -0.2976
vn 0.6464 0.6905 -0.3247
vn 0.6693 0.6878 -0.2811
vn 0.6872 0.6761 -0.2656
vn 0.7687 0.5227 -0.3686
vn 0.2727 0.8862 -0.3746
vn 0.5734 0.7162 -0.3979
vn 0.735 0.6174 -0.2803
vn 0.7283 0.6326 -0.2635
vn 0.8127 0.5357 -0.229
vn 0.7138 0.6604 -0.233
vn 0.8248 0.5204 -0.2212
vn 0.4543 0.8211 -0.3456
vn 0.7311 0.6409 -0.2338
vn 0.7293 0.6509 -0.2106
vn 0.7046 0.6297 -0.3272
vn 0.4239 0.8483 -0.3173
vn 0.6467 0.7151 -0.2655
vn 0.838 0.4939 -0.2321
vn 0.8039 0.5665 -0.1811
vn 0.8173 0.529 -0.2287
vn 0.7778 0.5913 -0.2131
vn 0.8085 0.5652 -0.164
vn 0.3505 0.8937 -0.2802
vn 0.8111 0.5508 -0.197
vn 0.8586 0.4845 -0.1673
vn 0.4978 0.8373 -0.226
vn 0.4743 0.8352 -0.2784
vn 0.5773 0.7764 -0.2527
vn 0.8559 0.4886 -0.1695
vn 0.6034 0.7644 -0.2273
vn 0.8053 0.5632 -0.185
vn 0.8547 0.4983 -0.1456
vn 0.7774 0.6081 -0.1607
vn 0.805 0.5726 -0.1553
vn 0.8406 0.5182 -0.1575
vn 0.8341 0.5332 -0.1411
vn 0.8489 0.5099 -0.1387
vn 0.8814 0.4011 -0.2494
vn 0.6858 0.6858 -0.2437
vn 0.7508 0.6331 -0.1882
vn 0.793 0.5927 -0.1408
vn 0.8115 0.5656 -0.147
vn 0.8194 0.5577 -0.132
vn 0.8495 0.5103 -0.1341
vn 0.8917 0.4328 -0.1323
vn 0.8663 0.4315 -0.2518
vn 0.8733 0.4642 -0.1476
vn 0.8487 0.5049 -0.1576
vn 0.8255 0.549 -0.1309
vn 0.8836 0.4451 -0.1457
vn 0.8763 0.4547 -0.1593
vn 0.8628 0.4815 -0.1538
vn 0.8871 0.4323 -0.1619
vn 0.87 0.4709 -0.146
vn 0.8871 0.4374 -0.1473
vn 0.8991 0.4062 -0.1629
vn 0.8455 0.5173 -0.1325
vn 0.8769 0.4594 -0.1416
vn 0.8992 0.4127 -0.1452
vn 0.8921 0.4266 -0.1487
vn 0.8688 0.4728 -0.1472
vn 0.8492 0.5134 -0.1239
vn 0.8564 0.4975 -0.1381
vn 0.8616 0.4948 -0.1128
vn 0.8816 0.4517 -0.1372
vn 0.887 0.4376 -0.1477
vn 0.8876 0.4487 -0.1039
vn 0.8994 0.4228 -0.1114
vn 0.9027 0.4125 -0.1226
vn 0.904 0.4113 -0.1167
vn 0.8841 0.4535 -0.1124
vn 0.8928 0.4382 -0.1039
vn 0.942 0.3354 -0.0152
vn 0.9002 0.4221 -0.1072
vn 0.9036 0.418 -0.0932
vn 0.8692 0.4858 -0.0917
vn 0.8883 0.4493 -0.0953
vn 0.8824 0.4629 -0.0846
vn 0.9009 0.4305 -0.0547
vn 0.9594 0.2478 0.1349
vn 0.9583 0.2821 0.0449
vn 0.9783 0.133 0.159
vn 0.8688 0.4939 -0.035
vn 0.9201 0.3913 0.0189
vn 0.9604 0.2498 0.1234
vn 0.9759 0.0666 0.208
vn 0.9699 0.1618 0.1819
vn 0.9431 0.299 0.1455
vn 0.9682 0.0231 0.2489
vn 0.976 0.1121 0.1867
vn 0.9742 0.0628 0.2166
vn 0.9622 0.174 0.2093
vn 0.9463 -0.0423 0.3204
vn 0.9776 0.0439 0.2059
vn 0.9754 0.0227 0.2193
vn 0.9602 -0.0066 0.2794
vn 0.972 0.0103 0.2347
vn 0.9621 0.0243 0.2714
vn 0.9659 0.0054 0.2589
vn 0.9623 0.0468 0.2678
vn 0.9625 0.0465 0.2674
vn 0.9625 0.047 0.2674
vn 0.9588 0.0926 0.2687
vn 0.9637 0.0415 0.2636
vn 0.953 0.0898 0.2893
vn 0.947 0.1261 0.2953
vn 0.9561 0.0452 0.2895
vn 0.9576 0.0231 0.2873
vn 0.9594 -0.0203 0.2813
vn 0.9592 0.0037 0.2826
vn 0.9422 0.0298 0.3337
vn 0.9407 0.005 0.3391
vn 0.919 0.0044 0.3943
vn 0.952 -0.0565 0.3008
vn 0.9421 -0.0106 0.335
vn 0.9465 -0.0234 0.3217
vn 0.9294 -0.0825 0.3597
vn 0.9213 -0.0097 0.3887
vn 0.941 -0.0244 0.3376
vn 0.9199 -0.0155 0.3918
vn 0.9293 -0.0117 0.369
vn 0.8488 -0.1422 0.5093
vn 0.9298 -0.0416 0.3658
vn 0.9059 -0.0827 0.4154
vn 0.9254 -0.0241 0.3782
vn 0.9341 -0.0232 0.3562
vn 0.9322 -0.0347 0.3603
vn 0.9311 -0.0458 0.362
vn 0.9234 -0.0535 0.3801
vn 0.9202 -0.0509 0.3882
vn 0.9136 -0.0394 0.4046
vn 0.8973 -0.0668 0.4364
vn 0.8853 -0.0497 0.4623
vn 0.8752 -0.0932 0.4748
vn 0.865 -0.0794 0.4955
vn 0.8788 -0.0381 0.4756
vn 0.9114 -0.0376 0.4098
vn 0.8389 -0.0496 0.542
vn 0.8718 -0.0384 0.4883
vn 0.9076 -0.03 0.4188
vn 0.854 -0.063 0.5164
vn 0.8359 -0.0961 0.5404
vn 0.8129 -0.0911 0.5752
vn 0.8108 -0.1071 0.5754
vn 0.8039 -0.1506 0.5754
vn 0.8167 -0.167 0.5524
vn 0.813 -0.1664 0.558
vn 0.8132 -0.1662 0.5578
vn 0.8168 -0.1672 0.5521
vn 0.7954 -0.1452 0.5885
vn 0.8071 -0.169 0.5658
vn 0.8052 -0.1977 0.5591
vn 0.8112 -0.2213 0.5413
vn 0.811 -0.2354 0.5356
vn 0.8054 -0.2333 0.5449
vn 0.7886 -0.1698 0.591
vn 0.8061 -0.1897 0.5606
vn 0.8037 -0.2393 0.5448
vn 0.7933 -0.2173 0.5688
vn 0.7937 -0.2167 0.5684
vn 0.796 -0.2148 0.5659
vn 0.8087 -0.2514 0.5318
vn 0.8044 -0.2058 0.5573
vn 0.7964 -0.2146 0.5654
vn 0.8063 -0.1668 0.5676
vn 0.7982 -0.1804 0.5748
vn 0.8014 -0.1771 0.5713
vn 0.8008 -0.1776 0.572
vn 0.7976 -0.1811 0.5753
vn 0.7904 -0.1498 0.594
vn 0.7827 -0.136 0.6073
vn 0.7854 -0.1185 0.6075
vn 0.7782 -0.0963 0.6205
vn 0.7792 -0.1185 0.6154
vn 0.7999 -0.1139 0.5893
vn 0.8484 -0.0966 0.5205
vn 0.8331 -0.0582 0.55
vn 0.8805 0.0236 0.4735
vn 0.8976 0.2266 0.3782
vn 0.8945 0.4171 0.1606
vn 0.836 0.5425 0.0823
vn 0.7487 0.6586 -0.0757
vn 0.8988 0.1909 0.3945
vn 0.8637 0.0895 0.496
vn 0.8682 0.4306 0.2468
vn 0.6724 0.7234 -0.1567
vn 0.741 0.6705 -0.0378
vn 0.862 0.4664 0.1985
vn 0.6407 0.7436 -0.191
vn 0.6391 0.7468 -0.184
vn 0.688 0.7185 -0.102
vn 0.6387 0.7465 -0.1864
vn 0.6525 0.7384 -0.1702
vn 0.6598 0.7315 -0.1719
vn 0.6709 0.7235 -0.1625
vn 0.6632 0.7317 -0.1575
vn 0.671 0.7235 -0.1618
vn 0.6962 0.7023 -0.1486
vn 0.6596 0.7302 -0.1779
vn 0.6853 0.7135 -0.1459
vn 0.6843 0.7147 -0.1445
vn 0.6853 0.7135 -0.1458
vn 0.7049 0.6935 -0.149
vn 0.6783 0.7183 -0.1548
vn 0.6863 0.7122 -0.1472
vn 0.7048 0.6939 -0.1476
vn 0.6751 0.7202 -0.1599
vn 0.722 0.6768 -0.1438
vn 0.7329 0.6677 -0.1306
vn 0.72 0.6817 -0.1299
vn 0.7335 0.665 -0.1408
vn 0.7503 0.6484 -0.1291
vn 0.6983 0.6975 -0.161
vn 0.7442 0.6504 -0.1524
vn 0.7145 0.6804 -0.1631
vn 0.7318 0.6617 -0.1632
vn 0.708 0.6863 -0.1666
vn 0.7496 0.6438 -0.1538
vn 0.7275 0.665 -0.1692
vn 0.7634 0.6321 -0.133
vn 0.7644 0.6297 -0.1386
vn 0.7689 0.6217 -0.1494
vn 0.7724 0.6198 -0.1384
vn 0.7733 0.6228 -0.1188
vn 0.7786 0.6143 -0.1279
vn 0.7762 0.6145 -0.141
vn 0.7582 0.6316 -0.1619
vn 0.7646 0.6346 -0.1128
vn 0.786 0.6075 -0.1151
vn 0.7801 0.6115 -0.1321
vn 0.7843 0.611 -0.1078
vn 0.7508 0.6497 -0.119
vn 0.7672 0.6224 -0.1547
vn 0.7752 0.6225 -0.108
vn 0.7285 0.6726 -0.13
vn 0.7639 0.6361 -0.1092
vn 0.7361 0.6651 -0.1252
vn 0.7122 0.6872 -0.1434
vn 0.6928 0.7045 -0.1544
vn 0.6779 0.719 -0.1532
vn 0.6773 0.7164 -0.1674
vn 0.6839 0.7115 -0.1614
vn 0.7079 0.6917 -0.143
vn 0.6801 0.7174 -0.151
vn 0.7174 0.6826 -0.1395
vn 0.7478 0.6529 -0.1204
vn 0.7201 0.6799 -0.1383
vn 0.7575 0.6421 -0.1183
vn 0.7787 0.6188 -0.1038
vn 0.7404 0.6602 -0.1261
vn 0.7083 0.6945 -0.126
vn 0.7553 0.6449 -0.1167
vn 0.7517 0.6493 -0.1156
vn 0.7772 0.6193 -0.1114
vn 0.7676 0.6307 -0.114
vn 0.784 0.6108 -0.1108
vn 0.7874 0.6082 -0.1004
vn 0.7986 0.5919 -0.1091
vn 0.8053 0.5837 -0.1038
vn 0.7932 0.5997 -0.106
vn 0.8052 0.5833 -0.107
vn 0.8261 0.5513 -0.1169
vn 0.8244 0.5534 -0.1188
vn 0.8153 0.5664 -0.1202
vn 0.8082 0.5773 -0.1159
vn 0.7939 0.5975 -0.1124
vn 0.8 0.5863 -0.1276
vn 0.7851 0.606 -0.128
vn 0.7883 0.5986 -0.1425
vn 0.7719 0.6169 -0.1538
vn 0.7562 0.6272 -0.1864
vn 0.7558 0.6322 -0.1706
vn 0.7704 0.6083 -0.191
vn 0.763 0.6049 -0.2279
vn 0.7405 0.6413 -0.2007
vn 0.7484 0.6385 -0.1794
vn 0.7168 0.664 -0.2127
vn 0.7373 0.6445 -0.2024
vn 0.7571 0.6305 -0.1711
vn 0.7469 0.6389 -0.1844
vn 0.7649 0.6235 -0.162
vn 0.7635 0.6245 -0.1646
vn 0.7228 0.6586 -0.2096
vn 0.74 0.6435 -0.1959
vn 0.6986 0.6716 -0.2469
vn 0.7255 0.652 -0.2203
vn 0.7519 0.6323 -0.1866
vn 0.6778 0.6809 -0.2774
vn 0.7575 0.6285 -0.1765
vn 0.7507 0.6315 -0.1941
vn 0.7479 0.6392 -0.1791
vn 0.7416 0.6425 -0.193
vn 0.6901 0.673 -0.2662
vn 0.7358 0.6548 -0.1729
vn 0.7143 0.6751 -0.1844
vn 0.7356 0.6389 -0.2253
vn 0.7367 0.6369 -0.2272
vn 0.6961 0.6523 -0.3
vn 0.7136 0.6519 -0.2565
vn 0.6636 0.6761 -0.3201
vn 0.6785 0.6662 -0.3095
vn 0.6315 0.6759 -0.3798
vn 0.66 0.6608 -0.3574
vn 0.5954 0.6552 -0.465
vn 0.6257 0.6581 -0.4187
vn 0.608 0.641 -0.4684
vn 0.6556 0.6517 -0.3814
vn 0.6405 0.6396 -0.425
vn 0.6945 0.6439 -0.321
vn 0.6657 0.6506 -0.3655
vn 0.6701 0.6451 -0.367
vn 0.668 0.6479 -0.3661
vn 0.6767 0.634 -0.3744
vn 0.6704 0.645 -0.3667
vn 0.6527 -0.2415 -0.7181
vn 0.6283 -0.0405 -0.7769
vn 0.6018 -0.5117 -0.6132
vn 0.5283 -0.4699 -0.7071
vn 0.5601 -0.275 -0.7814
vn 0.4842 -0.5565 -0.6752
vn 0.5131 -0.3431 -0.7868
vn 0.47 -0.4934 -0.7319
vn 0.4313 -0.6084 -0.6662
vn 0.499 -0.3057 -0.8109
vn 0.533 -0.1376 -0.8348
vn 0.4864 -0.3892 -0.7823
vn 0.5107 -0.1472 -0.8471
vn 0.5551 -0.1068 -0.8249
vn 0.5016 -0.1766 -0.8469
vn 0.5104 0.0451 -0.8588
vn 0.5214 0.0641 -0.8509
vn 0.5388 0.0943 -0.8371
vn 0.5809 0.1287 -0.8037
vn 0.5208 0.2218 -0.8243
vn 0.5558 0.2266 -0.7998
vn 0.5013 0.207 -0.8401
vn 0.5109 0.3196 -0.798
vn 0.5441 0.3142 -0.778
vn 0.5022 0.0187 -0.8646
vn 0.4887 0.3217 -0.8109
vn 0.5146 0.3667 -0.7751
vn 0.4924 0.1964 -0.8479
vn 0.5153 -0.0003 -0.857
vn 0.534 0.3704 -0.76
vn 0.5136 0.3941 -0.7622
vn 0.5371 0.4108 -0.7367
vn 0.5206 0.4414 -0.7308
vn 0.5357 0.4615 -0.7072
vn 0.5026 0.4436 -0.7421
vn 0.4787 0.3762 -0.7933
vn 0.4825 0.4576 -0.7469
vn 0.4868 0.4327 -0.7588
vn 0.4923 0.3971 -0.7746
vn 0.4775 0.4261 -0.7684
vn 0.4771 0.349 -0.8066
vn 0.4819 0.3903 -0.7845
vn 0.4866 0.3117 -0.8162
vn 0.4995 0.2069 -0.8413
vn 0.4994 0.3592 -0.7884
vn 0.5195 0.2965 -0.8014
vn 0.5249 0.1473 -0.8383
vn 0.5761 -0.014 -0.8173
vn 0.5313 -0.0249 -0.8468
vn 0.5319 -0.1876 -0.8258
vn 0.5186 -0.2018 -0.8309
vn 0.6086 -0.2802 -0.7423
vn 0.5695 -0.2481 -0.7837
vn 0.5204 -0.3557 -0.7763
vn 0.4929 -0.3338 -0.8035
vn 0.4966 -0.4063 -0.767
vn 0.5416 -0.4599 -0.7037
vn 0.469 -0.4951 -0.7314
vn 0.4564 -0.5954 -0.6612
vn 0.404 -0.6773 -0.6148
vn 0.3688 -0.7873 -0.4941
vn 0.4631 -0.643 -0.61
vn 0.352 -0.8538 -0.3835
vn 0.4546 -0.7687 -0.4499
vn 0.5215 -0.5829 -0.6231
vn 0.6011 -0.5077 -0.6172
vn 0.5481 -0.6493 -0.5272
vn 0.401 -0.8722 -0.2801
vn 0.3564 -0.8801 -0.3137
vn 0.4697 -0.8259 -0.312
vn 0.3711 -0.8883 -0.2705
vn 0.4584 -0.8684 -0.189
vn 0.3706 -0.9061 -0.204
vn 0.4294 -0.8822 -0.1934
vn 0.3812 -0.9088 -0.1696
vn 0.4227 -0.8923 -0.1584
vn 0.429 -0.8961 -0.1141
vn 0.5435 -0.8315 -0.1149
vn 0.4841 -0.8649 -0.1326
vn 0.4854 -0.8683 -0.1022
vn 0.4941 -0.8675 -0.0575
vn 0.5599 -0.828 -0.0305
vn 0.5559 -0.8286 -0.0656
vn 0.6237 -0.7806 0.0408
vn 0.5328 -0.8248 -0.1892
vn 0.6729 -0.7326 0.1024
vn 0.6564 -0.7526 0.0519
vn 0.7003 -0.6987 0.1465
vn 0.688 -0.7187 0.1006
vn 0.7232 -0.6765 0.1386
vn 0.6183 -0.7859 0.0107
vn 0.701 -0.7092 0.0757
vn 0.6735 -0.7389 0.0232
vn 0.6193 -0.784 -0.0424
vn 0.6091 -0.7871 -0.0978
vn 0.6593 -0.7513 -0.0307
vn 0.7021 -0.7111 0.0376
vn 0.7301 -0.6782 0.0842
vn 0.7454 -0.6538 0.1301
vn 0.748 -0.6604 0.0661
vn 0.7215 -0.692 0.0254
vn 0.6939 -0.7196 -0.0272
vn 0.7652 -0.6362 0.0982
vn 0.6622 -0.7423 -0.1021
vn 0.7604 -0.6263 0.172
vn 0.6293 -0.7475 -0.2125
vn 0.586 -0.7165 -0.3784
vn 0.6551 -0.6236 -0.4266
vn 0.7637 -0.6162 0.1925
vn 0.7377 -0.6512 0.178
vn 0.7576 -0.6156 0.2169
vn 0.724 -0.6643 0.1859
vn 0.7433 -0.6355 0.2089
vn 0.7118 -0.6758 0.1917
vn 0.7263 -0.651 0.2209
vn 0.6416 -0.4815 -0.5971
vn 0.7025 -0.5501 -0.4515
vn 0.2573 -0.7076 0.6582
vn 0.5134 -0.5985 0.6149
vn 0.6343 -0.4843 0.6027
vn 0.333 -0.5892 0.7362
vn 0.2912 -0.6406 0.7105
vn 0.0922 -0.7611 0.642
vn 0.1411 -0.6537 0.7435
vn 0.0486 -0.7082 0.7044
vn -0.0871 -0.7445 0.662
vn -0.2011 -0.6672 0.7172
vn -0.0415 -0.6398 0.7674
vn -0.2823 -0.5864 0.7592
vn 0.1099 -0.6059 0.7879
vn -0.1353 -0.5759 0.8062
vn 0.2528 -0.5641 0.786
vn 0.0562 -0.5683 0.8209
vn -0.1715 -0.5697 0.8038
vn 0.1812 -0.5153 0.8377
vn 0.5076 -0.5207 0.6865
vn 0.3858 -0.4975 0.7769
vn 0.6766 -0.4125 0.6099
vn 0.7927 -0.2894 0.5365
vn 0.5033 -0.4237 0.7531
vn 0.7319 -0.2925 0.6154
vn 0.1945 -0.4984 0.8449
vn 0.4397 -0.4136 0.7972
vn 0.6767 -0.2704 0.6848
vn 0.543 -0.348 0.7643
vn 0.295 -0.4208 0.8579
vn 0.3673 -0.409 0.8354
vn 0.5485 -0.3449 0.7617
vn 0.3945 -0.3605 0.8452
vn 0.289 -0.4009 0.8693
vn 0.2586 -0.389 0.8842
vn 0.2328 -0.4047 0.8843
vn 0.1615 -0.4483 0.8792
vn 0.1035 -0.441 0.8915
vn 0.045 -0.4471 0.8934
vn 0.0878 -0.413 0.9065
vn 0.0346 -0.4243 0.9048
vn 0.1146 -0.4666 0.877
vn -0.1328 -0.4703 0.8725
vn 0.1213 -0.4943 0.8608
vn -0.1192 -0.4777 0.8704
vn -0.0556 -0.5164 0.8545
vn -0.0291 -0.5174 0.8553
vn -0.0159 -0.531 0.8473
vn -0.2398 -0.5095 0.8264
vn -0.2677 -0.4953 0.8265
vn -0.3129 -0.4859 0.8161
vn -0.5408 -0.4605 0.7039
vn -0.6488 -0.3921 0.6522
vn -0.7017 -0.4175 0.5773
vn -0.8588 -0.3191 0.4008
vn -0.9622 -0.166 0.2159
vn -0.4402 -0.4855 0.7553
vn -0.9715 -0.1384 0.1922
vn -0.6734 -0.4033 0.6195
vn -0.1384 -0.4916 0.8597
vn -0.8533 -0.3211 0.4108
vn -0.1719 -0.4499 0.8764
vn -0.3765 -0.4533 0.808
vn -0.6072 -0.4391 0.6622
vn -0.4627 -0.4079 0.7871
vn -0.196 -0.4226 0.8849
vn -0.5082 -0.4136 0.7554
vn -0.7498 -0.358 0.5564
vn -0.2061 -0.4159 0.8858
vn -0.0546 -0.4042 0.913
vn -0.3094 -0.4291 0.8486
vn 0.1728 -0.3654 0.9147
vn -0.09 -0.3983 0.9128
vn -0.0593 -0.4025 0.9135
vn -0.3076 -0.4129 0.8573
vn -0.6881 -0.3895 0.6122
vn -0.2867 -0.4043 0.8685
vn -0.5709 -0.3558 0.74
vn -0.9004 -0.2643 0.3457
vn -0.9708 -0.1967 0.137
vn -0.5801 -0.3817 0.7195
vn -0.2832 -0.4046 0.8695
vn -0.8251 -0.2974 0.4804
vn -0.9931 -0.0203 -0.1152
vn -0.9801 0.0598 -0.1895
vn -0.9084 -0.3117 0.2787
vn -0.4023 -0.3716 0.8367
vn -0.1079 -0.3933 0.9131
vn -0.4617 -0.4128 0.7851
vn 0.1029 -0.3688 0.9238
vn -0.1567 -0.3707 0.9154
vn 0.0891 -0.3539 0.931
vn -0.1843 -0.3886 0.9028
vn -0.4769 -0.3794 0.7929
vn -0.138 -0.4083 0.9024
vn 0.0173 -0.3738 0.9273
vn -0.9463 -0.29 0.1433
vn -0.9885 -0.0482 -0.1436
vn -0.7186 -0.3141 0.6205
vn -0.8081 -0.2973 0.5085
vn -0.4293 -0.3634 0.8269
vn -0.4633 -0.3379 0.8192
vn -0.2294 -0.3665 0.9017
vn 0.0033 -0.3324 0.9431
vn -0.2377 -0.3272 0.9146
vn 0.0211 -0.2723 0.962
vn -0.4374 -0.3097 0.8442
vn -0.2042 -0.2785 0.9385
vn 0.049 -0.2257 0.973
vn -0.4893 -0.2198 0.8439
vn -0.1873 -0.2132 0.9589
vn 0.2081 -0.1498 0.9666
vn -0.0454 -0.161 0.9859
vn -0.2498 -0.1424 0.9578
vn 0.1571 -0.0941 0.9831
vn -0.0571 -0.102 0.9931
vn -0.2346 -0.0452 0.9711
vn 0.1596 -0.0076 0.9872
vn -0.0494 -0.0172 0.9986
vn -0.0075 0.0441 0.999
vn 0.2571 0.0858 0.9626
vn 0.1621 0.0801 0.9835
vn 0.0545 0.1716 0.9837
vn 0.2476 0.1832 0.9514
vn 0.1605 0.2819 0.9459
vn -0.1241 0.3432 -0.931
vn 0.1713 0.4078 -0.8969
vn -0.4343 0.2407 -0.868
vn -0.3001 0.3221 -0.8979
vn -0.6743 0.1435 -0.7244
vn -0.538 0.2329 -0.8101
vn -0.8509 0.0082 -0.5252
vn -0.9703 -0.1893 -0.1504
vn -0.9628 -0.0872 -0.2559
vn -0.6999 0.1348 -0.7014
vn -0.9886 -0.148 0.0289
vn -0.8677 0.0312 -0.496
vn -0.8618 -0.3409 0.3755
vn -0.9637 -0.0031 -0.267
vn -0.7113 0.2201 -0.6676
vn -0.8926 -0.2949 0.341
vn -0.8856 -0.3307 0.3261
vn -0.8476 -0.3774 0.3731
vn -0.9187 -0.3878 0.0756
vn -0.8514 -0.4005 0.3387
vn -0.9763 -0.2048 0.0703
vn -0.9866 -0.1629 0.0085
vn -0.9598 -0.2771 0.0454
vn -0.9784 -0.2033 0.0376
vn -0.9878 -0.1543 -0.0188
vn -0.9345 -0.2719 0.2296
vn -0.9823 -0.1872 -0.0018
vn -0.9958 -0.0909 -0.0128
vn -0.9813 -0.1919 0.0179
vn -0.9876 -0.1571 -0.0049
vn -0.9813 -0.1895 0.0338
vn -0.9857 -0.1677 0.0178
vn -0.9781 -0.2063 0.0272
vn -0.994 -0.1059 -0.0276
vn -0.9333 -0.352 0.0714
vn -0.9966 -0.0798 -0.0185
vn -0.9923 -0.1216 -0.0245
vn -0.9919 -0.1243 -0.0242
vn -0.9752 -0.2202 0.0242
vn -0.7835 -0.561 0.2671
vn -0.8252 -0.4263 0.3706
vn -0.7762 -0.4635 0.4273
vn -0.8872 -0.4 0.2299
vn -0.7948 -0.4394 0.4187
vn -0.952 -0.2556 0.1685
vn -0.8566 -0.3805 0.3484
vn -0.9942 -0.1071 -0.0051
vn -0.9595 0.1448 -0.2415
vn -0.95 0.1842 -0.2522
vn -0.8604 0.1484 -0.4875
vn -0.9474 -0.002 -0.3201
vn -0.8451 0.2554 -0.4696
vn -0.7224 0.4504 -0.5247
vn -0.5923 0.3848 -0.7078
vn -0.6398 0.3005 -0.7073
vn -0.5657 0.3586 -0.7426
vn -0.4772 0.2949 -0.8278
vn -0.388 0.3778 -0.8407
vn -0.4313 0.3059 -0.8488
vn -0.1473 0.4005 -0.9044
vn -0.3231 0.4233 -0.8464
vn -0.4292 0.4805 -0.7648
vn -0.0527 0.4866 -0.872
vn -0.1164 0.5407 -0.8331
vn -0.0922 0.4303 -0.898
vn 0.1659 0.5361 -0.8277
vn 0.1734 0.475 -0.8627
vn 0.2036 0.4556 -0.8666
vn 0.3332 0.5078 -0.7945
vn 0.4875 0.485 -0.7261
vn 0.3445 0.5315 -0.7739
vn 0.4395 0.4728 -0.7637
vn 0.1648 0.4647 -0.87
vn 0.4145 0.4465 -0.793
vn -0.0297 0.4137 -0.9099
vn 0.1662 0.4345 -0.8852
vn 0.4157 0.4272 -0.803
vn -0.031 0.3968 -0.9174
vn -0.9701 -0.2195 0.1035
vn -0.9711 -0.213 0.1073
vn -0.9692 -0.2194 0.1117
vn -0.9721 -0.215 0.0933
vn -0.9708 -0.2096 0.1163
vn -0.9722 -0.204 0.1149
vn -0.9741 -0.2046 0.0959
vn -0.9745 -0.2092 0.081
vn -0.9744 -0.1987 0.1055
vn -0.9764 -0.1994 0.0826
vn -0.9752 -0.2081 0.076
vn -0.9775 -0.2027 0.0575
vn -0.9776 -0.2026 0.0575
vn -0.9777 -0.2018 0.0575
vn -0.9768 -0.1914 0.0957
vn -0.9778 -0.2017 0.0575
vn -0.9756 -0.2035 0.0828
vn -0.9783 -0.2011 0.0491
vn -0.9801 -0.1867 0.0675
vn -0.9795 -0.1943 0.0539
vn -0.9811 -0.1768 0.0784
vn -0.9832 -0.1755 0.0505
vn -0.975 -0.1915 0.1129
vn -0.9871 -0.1528 0.0472
vn -0.9731 -0.1929 0.1257
vn -0.986 -0.153 0.0665
vn -0.978 -0.181 0.1038
vn -0.9773 -0.179 0.1134
vn -0.9755 -0.1815 0.1243
vn -0.9792 -0.1664 0.1161
vn -0.9813 -0.1627 0.1027
vn -0.9837 -0.1578 0.0864
vn -0.9777 -0.1632 0.1321
vn -0.9817 -0.1511 0.116
vn -0.9809 -0.1456 0.1292
vn -0.9862 -0.1317 0.1007
vn -0.9861 -0.1239 0.1107
vn -0.9884 -0.1292 0.0802
vn -0.9902 -0.1241 0.0641
vn -0.9906 -0.0985 0.0945
vn -0.9931 -0.0918 0.073
vn -0.9882 -0.1064 0.1105
vn -0.995 -0.062 0.0777
vn -0.9914 -0.0786 0.1048
vn -0.9876 -0.0994 0.1213
vn -0.9854 -0.1209 0.1197
vn -0.9832 -0.124 0.1341
vn -0.9807 -0.1447 0.1314
vn -0.98 -0.1451 0.1361
vn -0.978 -0.1476 0.1477
vn -0.9819 -0.1252 0.1418
vn -0.9745 -0.167 0.1499
vn -0.9941 -0.0509 0.0956
vn -0.9882 -0.0908 0.1234
vn -0.9968 -0.0444 0.0665
vn -0.9772 -0.1421 0.1575
vn -0.9917 -0.1049 0.0744
vn -0.9753 -0.1548 0.1578
vn -0.9834 -0.1153 0.1397
vn -0.9735 -0.1561 0.1669
vn -0.9793 -0.1226 0.1611
vn -0.9736 -0.163 0.1597
vn -0.9747 -0.1402 0.174
vn -0.9727 -0.1629 0.1651
vn -0.972 -0.1765 0.1552
vn -0.9825 -0.0985 0.1582
vn -0.9883 -0.0793 0.1304
vn -0.9718 -0.1597 0.1733
vn -0.9784 -0.1196 0.1687
vn -0.9814 -0.109 0.1582
vn -0.9769 -0.1214 0.1761
vn -0.972 -0.1433 0.1861
vn -0.9712 -0.1733 0.1635
vn -0.9715 -0.1544 0.1796
vn -0.9697 -0.1729 0.1727
vn -0.9694 -0.1668 0.1803
vn -0.9708 -0.1863 0.1512
vn -0.9709 -0.1819 0.1557
vn -0.9693 -0.1824 0.1647
vn -0.971 -0.1906 0.1443
vn -0.9695 -0.1849 0.161
vn -0.9718 -0.189 0.1408
vn -0.9729 -0.1788 0.1468
vn -0.9733 -0.1817 0.1399
vn -0.9725 -0.1975 0.1237
vn -0.9724 -0.1928 0.1318
vn -0.9712 -0.1996 0.1304
vn -0.9697 -0.2114 0.1221
vn -0.9701 -0.1991 0.1387
vn -0.9695 -0.1948 0.1488
vn -0.9699 -0.2023 0.1357
vn -0.9677 -0.2275 0.1087
vn -0.9662 -0.2296 0.117
vn -0.9672 -0.2218 0.1235
vn -0.9642 -0.2401 0.1126
vn -0.9578 -0.268 0.1041
vn -0.9547 -0.2825 0.0939
vn -0.9628 -0.2402 0.1237
vn -0.9545 -0.2811 0.0993
vn -0.9617 -0.2487 0.1148
vn -0.9577 -0.2634 0.1155
vn -0.9577 -0.2635 0.1154
vn -0.9576 -0.2635 0.1164
vn -0.9633 -0.2337 0.1321
vn -0.9576 -0.2636 0.1165
vn -0.9652 -0.2339 0.1169
vn -0.9636 -0.2345 0.1282
vn -0.965 -0.2341 0.1179
vn -0.9537 -0.2846 0.097
vn -0.9553 -0.2728 0.1137
vn -0.9613 -0.2547 0.1051
vn -0.956 -0.2709 0.1127
vn -0.9561 -0.2707 0.1118
vn -0.9557 -0.2585 0.1407
vn -0.9635 -0.2344 0.1294
vn -0.9549 -0.2704 0.1226
vn -0.9629 -0.2422 0.119
vn -0.9619 -0.2428 0.1257
vn -0.9628 -0.2423 0.1196
vn -0.9564 -0.2672 0.1179
vn -0.9569 -0.2621 0.1251
vn -0.9606 -0.2416 0.1375
vn -0.9618 -0.2428 0.1264
vn -0.9599 -0.246 0.1344
vn -0.9602 -0.2544 0.1156
vn -0.9645 -0.2252 0.1381
vn -0.9646 -0.2215 0.1428
vn -0.9607 -0.2419 0.1358
vn -0.9596 -0.2533 0.1221
vn -0.9629 -0.2233 0.1515
vn -0.9633 -0.2267 0.1438
vn -0.9635 -0.2179 0.1553
vn -0.9639 -0.2091 0.165
vn -0.9623 -0.2239 0.1547
vn -0.9624 -0.2279 0.1479
vn -0.9625 -0.2187 0.1604
vn -0.9633 -0.2207 0.1528
vn -0.9653 -0.2031 0.1639
vn -0.965 -0.194 0.1765
vn -0.9653 -0.1904 0.1788
vn -0.9685 -0.1821 0.1698
vn -0.9672 -0.1772 0.1821
vn -0.9671 -0.1812 0.1785
vn -0.9673 -0.19 0.1678
vn -0.9651 -0.2107 0.1555
vn -0.967 -0.1976 0.1609
vn -0.9666 -0.1875 0.175
vn -0.9668 -0.2096 0.1459
vn -0.9668 -0.1795 0.182
vn -0.9674 -0.1811 0.1771
vn -0.9632 -0.225 0.1469
vn -0.9631 -0.225 0.1478
vn -0.9643 -0.2244 0.1406
vn -0.9645 -0.2243 0.1397
vn -0.9669 -0.2067 0.1494
vn -0.9669 -0.2062 0.1504
vn -0.9696 -0.2065 0.131
vn -0.9673 -0.2035 0.1512
vn -0.9663 -0.2147 0.1418
vn -0.9665 -0.2135 0.1423
vn -0.9674 -0.207 0.146
vn -0.9691 -0.2049 0.1374
vn -0.9679 -0.1957 0.1577
vn -0.9683 -0.2037 0.1442
vn -0.9693 -0.204 0.1376
vn -0.9684 -0.1862 0.1658
vn -0.9673 -0.1892 0.1691
vn -0.9682 -0.1835 0.1699
vn -0.9685 -0.1774 0.1747
vn -0.9684 -0.173 0.1799
vn -0.968 -0.1674 0.1872
vn -0.9672 -0.1765 0.1826
vn -0.966 -0.168 0.1967
vn -0.966 -0.1676 0.1966
vn -0.9674 -0.1604 0.1958
vn -0.9659 -0.1603 0.2031
vn -0.9651 -0.1554 0.2108
vn -0.9679 -0.1636 0.1907
vn -0.9663 -0.1499 0.2091
vn -0.9698 -0.1557 0.188
vn -0.9679 -0.1551 0.1978
vn -0.9679 -0.1475 0.2037
vn -0.9655 -0.1516 0.2118
vn -0.9642 -0.1469 0.2206
vn -0.9648 -0.1472 0.2178
vn -0.9649 -0.1455 0.2186
vn -0.9702 -0.1437 0.1949
vn -0.968 -0.1372 0.2102
vn -0.9693 -0.1181 0.2155
vn -0.9716 -0.1347 0.1948
vn -0.9723 -0.1283 0.1953
vn -0.972 -0.1213 0.2015
vn -0.9723 -0.1117 0.2053
vn -0.9725 -0.1213 0.1988
vn -0.9727 -0.1112 0.2038
vn -0.9741 -0.1188 0.1922
vn -0.9713 -0.1248 0.2025
vn -0.973 -0.1301 0.1905
vn -0.9733 -0.1461 0.1768
vn -0.9754 -0.1678 0.1428
vn -0.9788 -0.1663 0.1196
vn -0.9285 -0.3111 0.2028
vn -0.9542 -0.2043 0.2187
vn -0.9632 -0.1605 0.2157
vn -0.959 -0.2278 0.1684
vn -0.8687 -0.4588 0.1869
vn -0.8638 -0.4603 0.2048
vn -0.914 -0.3868 0.1226
vn -0.8447 -0.5079 0.1689
vn -0.9689 -0.1483 0.198
vn -0.8093 -0.5638 0.1647
vn -0.9749 -0.1278 0.1824
vn -0.8842 0.4314 0.1791
vn -0.6366 0.7612 0.1235
vn -0.7035 0.7033 0.1026
vn -0.9037 0.4028 0.145
vn -0.3783 0.9255 0.0161
vn -0.7548 0.65 0.0881
vn -0.9237 0.3632 0.1215
vn -0.4685 0.8835 -0.0042
vn -0.7912 0.6091 0.0543
vn -0.979 -0.13 0.1572
vn -0.9298 0.3501 0.114
vn -0.8637 -0.4809 0.1507
vn -0.9863 -0.072 0.1486
vn -0.9232 0.3711 0.0999
vn -0.9849 -0.0532 0.1649
vn -0.7563 0.6527 -0.045
vn -0.9695 0.2323 0.0776
vn -0.9194 -0.3571 0.165
vn -0.8426 -0.4935 0.2157
vn -0.8379 -0.4875 0.2455
vn -0.8251 -0.4931 0.2758
vn -0.8853 -0.44 0.1505
vn -0.8694 -0.43 0.2433
vn -0.9957 0.0359 0.086
vn -0.7901 -0.577 0.2067
vn -0.9916 -0.109 0.0695
vn -0.9373 -0.2976 0.1814
vn -0.8163 0.5774 -0.0165
vn -0.9461 -0.3218 -0.0352
vn -0.9918 -0.0647 0.11
vn -0.9047 -0.3967 0.1556
vn -0.9852 -0.1147 0.1276
vn -0.9918 -0.0613 0.1123
vn -0.832 -0.4919 0.2564
vn -0.9437 -0.2823 0.1727
vn -0.9932 -0.0617 0.0984
vn -0.9908 -0.077 0.1109
vn -0.9948 -0.0561 0.0853
vn -0.9945 -0.0692 0.0781
vn -0.9942 -0.0386 0.1008
vn -0.8523 -0.4896 0.1839
vn -0.7888 -0.5233 0.3225
vn -0.8339 -0.4761 0.2793
vn -0.8905 -0.4234 0.1665
vn -0.9864 -0.1202 0.1125
vn -0.9062 -0.3756 0.1943
vn -0.982 -0.1274 0.1392
vn -0.9826 0.1663 0.0821
vn -0.9921 0.0959 0.0813
vn -0.9517 0.3065 0.0174
vn -0.8769 0.4801 -0.024
vn -0.8668 0.4986 -0.0075
vn -0.9958 -0.0178 0.0898
vn -0.6889 0.7152 -0.1179
vn -0.9247 0.3779 -0.0467
vn -0.8457 0.5253 -0.0939
vn -0.5261 0.8468 -0.0787
vn -0.5804 0.8065 -0.1127
vn -0.6265 0.7699 -0.122
vn -0.2433 0.9502 -0.1947
vn -0.4376 0.8927 -0.1075
vn -0.1909 0.9674 -0.1662
vn -0.298 0.9289 -0.2199
vn -0.6398 0.7506 -0.1649
vn -0.3484 0.9126 -0.2139
vn -0.0464 0.9661 -0.2538
vn -0.1 0.9565 -0.274
vn -0.0044 0.9699 -0.2434
vn -0.2266 0.922 -0.314
vn 0.0671 0.9769 -0.2027
vn 0.0894 0.9521 -0.2924
vn 0.0019 0.9484 -0.3171
vn -0.3652 0.8962 -0.2519
vn -0.1347 0.939 -0.3164
vn 0.3076 0.903 -0.3001
vn 0.1525 0.9329 -0.3261
vn 0.0878 0.9362 -0.3403
vn 0.0526 0.9298 -0.3643
vn 0.1757 0.9669 -0.185
vn -0.1245 0.9812 -0.1475
vn 0.2395 0.9534 -0.1836
vn 0.2911 0.9454 -0.1466
vn -0.0492 0.9915 -0.1207
vn -0.0013 0.9962 -0.0869
vn -0.1893 0.9794 -0.0707
vn -0.1863 0.974 -0.1292
vn -0.2572 0.9631 -0.0794
vn -0.5332 0.8458 -0.0203
vn -0.3591 0.927 -0.1082
vn -0.6066 0.7931 -0.0551
vn 0.049 0.6054 -0.7944
vn -0.2415 0.583 -0.7757
vn 0.2561 0.6173 -0.7439
vn -0.0752 0.6308 -0.7723
vn -0.4778 0.5184 -0.7092
vn -0.3687 0.6066 -0.7043
vn -0.621 0.4798 -0.6198
vn -0.7663 0.3891 -0.5113
vn -0.6152 0.5378 -0.5765
vn -0.4151 0.6074 -0.6774
vn -0.1823 0.6783 -0.7118
vn -0.4837 0.6388 -0.5983
vn 0.1489 0.669 -0.7282
vn -0.2531 0.708 -0.6593
vn -0.0033 0.7355 -0.6775
vn 0.4778 0.5804 -0.6595
vn 0.2642 0.6962 -0.6675
vn 0.223 0.7411 -0.6332
vn -0.0416 0.7746 -0.6311
vn 0.3273 0.7406 -0.5869
vn 0.0743 0.7865 -0.6131
vn -0.3261 0.7198 -0.6128
vn -0.1949 0.776 -0.5999
vn 0.0319 0.8196 -0.572
vn 0.099 0.8343 -0.5424
vn -0.1012 0.8472 -0.5216
vn -0.382 0.7291 -0.5678
vn -0.0018 0.8519 -0.5237
vn -0.5078 0.6717 -0.5394
vn -0.3792 0.7532 -0.5375
vn -0.3186 0.8067 -0.4977
vn -0.1423 0.8627 -0.4853
vn 0.1776 0.8522 -0.4921
vn -0.0666 0.871 -0.4868
vn -0.0457 0.8886 -0.4564
vn 0.2149 0.8658 -0.4519
vn -0.1843 0.8706 -0.4562
vn 0.0171 0.9006 -0.4344
vn -0.106 0.8918 -0.4399
vn 0.1474 0.9017 -0.4064
vn 0.0038 0.9008 -0.4343
vn 0.0875 0.904 -0.4184
vn 0.1352 0.8926 -0.4302
vn -0.0417 0.9069 -0.4193
vn -0.022 0.9159 -0.4007
vn -0.2176 0.8887 -0.4035
vn -0.279 0.8593 -0.4287
vn -0.4243 0.7955 -0.4327
vn -0.5615 0.7463 -0.3575
vn -0.1337 0.9037 -0.4069
vn 0.0563 0.9278 -0.3687
vn -0.4246 0.7845 -0.452
vn 0.0528 0.9166 -0.3963
vn -0.0685 0.9133 -0.4015
vn 0.1086 0.9096 -0.401
vn -0.0301 0.9217 -0.3868
vn -0.3608 0.8713 -0.3328
vn 0.146 0.9065 -0.396
vn 0.273 0.8844 -0.3784
vn -0.3206 0.8855 -0.3362
vn 0.0171 0.9219 -0.3871
vn -0.0742 0.9251 -0.3725
vn -0.1595 0.9313 -0.3276
vn -0.2051 0.912 -0.3552
vn -0.251 0.9065 -0.3396
vn -0.5492 0.7814 -0.2963
vn -0.516 0.8156 -0.2617
vn -0.763 0.6007 -0.2389
vn -0.4971 0.834 -0.2393
vn -0.8115 0.5648 -0.1501
vn -0.4755 0.8474 -0.2365
vn -0.8317 0.5447 -0.1075
vn -0.9918 0.1157 0.0548
vn -0.9886 0.1457 0.0368
vn -0.9675 -0.2089 0.1425
vn -0.9748 0.223 0.0056
vn -0.9425 0.3258 -0.0753
vn -0.9937 -0.07 0.0877
vn -0.756 -0.6063 0.2468
vn -0.9971 0.0203 0.0736
vn -0.8845 -0.4176 0.208
vn -0.9959 0.0877 0.02
vn -0.7255 -0.6087 0.3213
vn -0.8602 -0.4543 0.2316
vn -0.9039 -0.4076 0.1295
vn -0.9975 -0.0371 0.0606
vn -0.9937 -0.0418 0.1036
vn -0.9141 -0.349 0.2063
vn -0.7257 -0.6283 0.2803
vn -0.8366 -0.4815 0.2612
vn -0.8728 -0.436 0.2193
vn -0.6961 -0.6371 0.331
vn -0.9668 -0.2153 0.1377
vn -0.8274 -0.527 0.194
vn -0.8304 -0.492 0.2615
vn -0.956 0.2859 -0.0657
vn -0.712 0.6769 -0.1867
vn -0.6806 0.6915 -0.2422
vn -0.8851 0.4412 -0.1481
vn -0.4523 0.8218 -0.3466
vn -0.9983 0.0215 0.0542
vn -0.834 0.5165 -0.1943
vn -0.549 0.7518 -0.3651
vn -0.9017 0.3856 -0.1956
vn -0.9849 0.1706 -0.0277
vn -0.9395 -0.3078 0.1506
vn -0.9957 -0.091 0.0194
vn -0.9829 -0.1717 0.067
vn -0.7709 -0.6077 0.191
vn -0.8634 0.4601 -0.2071
vn -0.7417 0.5873 -0.3239
vn -0.9787 0.1769 -0.1038
vn -0.686 0.64 -0.346
vn -0.9288 0.3267 -0.175
vn -0.9592 -0.2699 0.0842
vn -0.633 0.6315 -0.4477
vn -0.8715 0.4219 -0.2501
vn -0.9991 0.0292 -0.0309
vn -0.974 0.1732 -0.146
vn -0.9532 -0.2796 0.1147
vn -0.9554 0.2174 -0.1998
vn -0.5897 0.661 -0.464
vn -0.8267 0.4314 -0.3611
vn -0.9793 -0.1922 0.0628
vn -0.7253 -0.6351 0.2659
vn -0.7399 0.5098 -0.4389
vn -0.9933 0.0753 -0.0877
vn -0.6715 0.5163 -0.5315
vn -0.8963 0.3224 -0.3044
vn -0.9883 0.0511 -0.1436
vn -0.9817 -0.1654 0.094
vn -0.8626 -0.4441 0.2422
vn -0.7658 -0.5574 0.3207
vn -0.8119 -0.5056 0.2917
vn -0.8879 -0.4074 0.2136
vn -0.9931 -0.1148 -0.0236
vn -0.766 -0.5533 0.3272
vn -0.9758 -0.1566 0.1529
vn -0.9928 -0.1191 -0.0148
vn -0.9959 -0.0908 -0.0031
vn -0.9886 -0.1474 0.0293
vn -0.9921 -0.1187 0.0409
vn -0.7993 -0.5508 0.2401
vn -0.8726 -0.4856 0.0522
vn -0.999 -0.0456 -0.003
vn -0.9973 -0.0723 -0.0097
vn -0.9376 -0.3203 0.1349
vn -0.9967 -0.074 0.0322
vn -0.9953 -0.079 0.0556
vn -0.9982 -0.048 0.0373
vn -0.9974 -0.0458 0.056
vn -0.9982 -0.0297 0.0514
vn -0.9882 -0.1524 0.0156
vn -0.9736 -0.2194 0.0623
vn -0.8917 -0.405 0.202
vn -0.7773 -0.5203 0.3538
vn -0.8308 -0.4601 0.3132
vn 0.6529 0.7414 -0.155
vn 0.7591 0.6505 0.0251
vn 0.6545 0.7372 -0.1681
vn 0.7206 0.6925 -0.0326
vn 0.6918 0.7172 -0.0842
vn 0.8365 0.4706 0.2807
vn 0.7834 0.6111 0.113
vn 0.8729 0.2238 0.4336
vn 0.8504 0.4614 0.2529
vn 0.8425 0.1286 0.5231
vn 0.8203 -0.0176 0.5716
vn 0.7918 -0.0646 0.6073
vn 0.7779 -0.0816 0.6231
vn 0.8509 0.2665 0.4527
vn 0.8121 0.0393 0.5822
vn 0.8289 0.4481 0.3348
vn 0.8328 0.1817 0.5229
vn 0.7815 -0.0174 0.6237
vn 0.7579 0.6506 0.0481
vn 0.8466 0.4394 0.3003
vn 0.8548 0.3385 0.3934
vn 0.8112 0.0864 0.5783
vn 0.7689 -0.0543 0.6371
vn 0.7971 0.5821 0.1606
vn 0.6851 0.7187 -0.1186
vn 0.7224 0.6905 -0.038
vn 0.7238 0.6865 -0.0693
vn 0.7463 0.66 -0.0859
vn 0.805 0.5715 0.1593
vn 0.7898 0.605 0.1008
vn 0.7749 0.632 -0.003
vn 0.7765 0.6237 -0.0895
vn 0.8366 0.4101 0.3634
vn 0.8371 0.2142 0.5034
vn 0.7947 0.0203 0.6066
vn 0.8238 0.1121 0.5557
vn 0.8714 0.3541 0.3395
vn 0.8327 0.5267 0.1706
vn 0.7834 -0.0168 0.6213
vn 0.7711 -0.0671 0.6332
vn 0.7666 -0.0861 0.6363
vn 0.7788 -0.075 0.6227
vn 0.8123 -0.0521 0.5809
vn 0.7966 -0.0788 0.5994
vn 0.8234 -0.0512 0.5651
vn 0.7725 -0.0489 0.6331
vn 0.8144 -0.0128 0.5801
vn 0.859 -0.0351 0.5108
vn 0.8406 -0.0427 0.54
vn 0.8217 0.0503 0.5677
vn 0.8508 0.0147 0.5253
vn 0.87 0.1595 0.4665
vn 0.903 -0.0218 0.4292
vn 0.8907 -0.0208 0.4542
vn 0.8843 -0.0009 0.4669
vn 0.8942 0.0758 0.4413
vn 0.8814 0.1233 0.456
vn 0.925 0.0479 0.377
vn 0.9154 0.2479 0.317
vn 0.9321 0.1523 0.3286
vn 0.9253 0.2923 0.2414
vn 0.9328 0.2907 0.2131
vn 0.8976 0.4376 0.0538
vn 0.8882 0.4453 0.1128
vn 0.8833 0.4574 0.1026
vn 0.8451 0.5345 -0.0035
vn 0.8187 0.5722 -0.0478
vn 0.8131 0.5821 -0.0044
vn 0.8622 0.4828 0.1535
vn 0.8934 0.3464 0.2861
vn 0.8055 0.5913 0.0382
vn 0.8724 0.3559 0.335
vn 0.8348 0.5403 0.106
vn 0.7822 0.6204 -0.0572
vn 0.8134 0.5765 -0.0775
vn 0.8463 0.5286 -0.066
vn 0.8493 0.5212 -0.0842
vn 0.8206 0.5639 -0.0934
vn 0.8377 0.5353 -0.1078
vn 0.8178 0.5654 -0.1071
vn 0.8314 0.5419 -0.1228
vn 0.8362 0.534 -0.125
vt 0.74292 0.951172
vt 0.743408 0.951172
vt 0.742432 0.951416
vt 0.742188 0.950928
vt 0.742676 0.95166
vt 0.744141 0.951416
vt 0.742676 0.950439
vt 0.741943 0.950928
vt 0.741455 0.950928
vt 0.744873 0.951416
vt 0.744385 0.95166
vt 0.74585 0.952148
vt 0.74585 0.952393
vt 0.744629 0.952393
vt 0.744629 0.952148
vt 0.745605 0.953613
vt 0.745605 0.953857
vt 0.744385 0.954102
vt 0.745361 0.954102
vt 0.745605 0.953125
vt 0.744385 0.953857
vt 0.744385 0.953369
vt 0.744141 0.954102
vt 0.744141 0.954346
vt 0.743896 0.953857
vt 0.743652 0.954102
vt 0.743896 0.953613
vt 0.743652 0.953613
vt 0.743896 0.954346
vt 0.743164 0.95459
vt 0.743896 0.953125
vt 0.743652 0.953125
vt 0.744629 0.952881
vt 0.743896 0.952637
vt 0.743652 0.952637
vt 0.743408 0.952881
vt 0.743896 0.952148
vt 0.744629 0.951904
vt 0.743408 0.952148
vt 0.74292 0.952637
vt 0.743652 0.952148
vt 0.743408 0.951904
vt 0.742676 0.951904
vt 0.742188 0.952148
vt 0.742188 0.95166
vt 0.741943 0.951416
vt 0.741211 0.95166
vt 0.741699 0.951172
vt 0.741211 0.951416
vt 0.740234 0.95166
vt 0.740234 0.951172
vt 0.740967 0.951172
vt 0.740723 0.950684
vt 0.740234 0.950928
vt 0.741211 0.957031
vt 0.740723 0.957031
vt 0.741699 0.956787
vt 0.740234 0.957275
vt 0.740234 0.957031
vt 0.741211 0.956543
vt 0.740967 0.956543
vt 0.740234 0.956787
vt 0.741455 0.956055
vt 0.742188 0.956543
vt 0.741943 0.956299
vt 0.741699 0.956055
vt 0.74292 0.956055
vt 0.742432 0.956055
vt 0.742432 0.955811
vt 0.742676 0.955078
vt 0.744141 0.955322
vt 0.743408 0.955322
vt 0.74292 0.955322
vt 0.744629 0.954834
vt 0.743652 0.954834
vt 0.743408 0.954834
vt 0.914307 0.987305
vt 0.915527 0.987305
vt 0.914551 0.988281
vt 0.914551 0.986084
vt 0.915283 0.986328
vt 0.915283 0.985107
vt 0.914551 0.985107
vt 0.914551 0.984619
vt 0.915039 0.984863
vt 0.915283 0.984375
vt 0.915527 0.984863
vt 0.916504 0.986328
vt 0.915771 0.984863
vt 0.916504 0.985596
vt 0.91626 0.984619
vt 0.915283 0.983643
vt 0.916504 0.983887
vt 0.917236 0.984375
vt 0.916748 0.985107
vt 0.916992 0.984863
vt 0.917725 0.985107
vt 0.917969 0.984375
vt 0.917236 0.985352
vt 0.917236 0.98584
vt 0.917725 0.985596
vt 0.918213 0.985107
vt 0.918457 0.984619
vt 0.918213 0.985596
vt 0.917725 0.986084
vt 0.919189 0.985352
vt 0.919434 0.984619
vt 0.919189 0.98584
vt 0.918213 0.986084
vt 0.92041 0.984863
vt 0.920166 0.984375
vt 0.92041 0.984375
vt 0.920166 0.985352
vt 0.921143 0.984863
vt 0.921143 0.984375
vt 0.922119 0.984619
vt 0.920898 0.985352
vt 0.921631 0.984863
vt 0.920166 0.98584
vt 0.921631 0.985352
vt 0.922363 0.984863
vt 0.921387 0.98584
vt 0.922363 0.985352
vt 0.923096 0.984863
vt 0.923096 0.984619
vt 0.922852 0.985596
vt 0.922363 0.98584
vt 0.923584 0.984863
vt 0.923828 0.984619
vt 0.923584 0.985352
vt 0.924561 0.984619
vt 0.92334 0.98584
vt 0.924316 0.985352
vt 0.924316 0.984863
vt 0.925293 0.984863
vt 0.925293 0.984619
vt 0.925049 0.985352
vt 0.926025 0.984863
vt 0.92627 0.984619
vt 0.924316 0.98584
vt 0.925781 0.985352
vt 0.927002 0.985107
vt 0.927002 0.984619
vt 0.925049 0.985596
vt 0.925537 0.98584
vt 0.924805 0.986084
vt 0.92627 0.98584
vt 0.925537 0.986084
vt 0.924072 0.986084
vt 0.926514 0.985352
vt 0.927246 0.985596
vt 0.924072 0.986572
vt 0.92334 0.986084
vt 0.922852 0.986328
vt 0.922119 0.986328
vt 0.921387 0.986084
vt 0.922119 0.986816
vt 0.920898 0.986328
vt 0.922852 0.986816
vt 0.92334 0.986816
vt 0.92334 0.987305
vt 0.922363 0.987305
vt 0.921631 0.986816
vt 0.921387 0.987305
vt 0.920898 0.987061
vt 0.920166 0.986328
vt 0.920166 0.987061
vt 0.919189 0.986328
vt 0.919189 0.986816
vt 0.920654 0.987305
vt 0.920166 0.987305
vt 0.918213 0.987061
vt 0.919189 0.987549
vt 0.917969 0.986816
vt 0.918457 0.987549
vt 0.919189 0.988037
vt 0.92041 0.987793
vt 0.918213 0.988037
vt 0.918213 0.987305
vt 0.919434 0.988525
vt 0.920898 0.987549
vt 0.921631 0.987793
vt 0.922607 0.987793
vt 0.921631 0.988281
vt 0.921143 0.988281
vt 0.92041 0.988281
vt 0.92334 0.987549
vt 0.920898 0.988525
vt 0.921875 0.988525
vt 0.922607 0.988281
vt 0.922607 0.988037
vt 0.923584 0.988037
vt 0.924072 0.987549
vt 0.923584 0.988281
vt 0.924316 0.987793
vt 0.923828 0.988281
vt 0.924072 0.987061
vt 0.924805 0.987061
vt 0.924316 0.988037
vt 0.925049 0.988037
vt 0.925049 0.987793
vt 0.924805 0.987305
vt 0.925537 0.987305
vt 0.925781 0.987549
vt 0.925537 0.986816
vt 0.924805 0.986572
vt 0.925537 0.986572
vt 0.92627 0.987305
vt 0.926025 0.986572
vt 0.926025 0.986816
vt 0.926514 0.987305
vt 0.92627 0.986084
vt 0.926514 0.986328
vt 0.926758 0.986816
vt 0.926758 0.98584
vt 0.926758 0.986084
vt 0.927002 0.986328
vt 0.927246 0.98584
vt 0.92749 0.986084
vt 0.927002 0.98584
vt 0.927734 0.98584
vt 0.928223 0.985352
vt 0.92749 0.986572
vt 0.92749 0.987061
vt 0.927979 0.986572
vt 0.928467 0.98584
vt 0.928223 0.986328
vt 0.928467 0.986572
vt 0.926758 0.987305
vt 0.928223 0.987061
vt 0.928711 0.986328
vt 0.928711 0.987061
vt 0.928467 0.987549
vt 0.928955 0.986572
vt 0.929199 0.987305
vt 0.929199 0.986084
vt 0.927979 0.987793
vt 0.928467 0.987793
vt 0.927246 0.987793
vt 0.928711 0.987549
vt 0.927979 0.988037
vt 0.92627 0.987549
vt 0.925781 0.987793
vt 0.926758 0.987793
vt 0.926025 0.988037
vt 0.925293 0.988281
vt 0.927734 0.988281
vt 0.927002 0.988281
vt 0.92627 0.988525
vt 0.92627 0.98877
vt 0.927246 0.98877
vt 0.925537 0.989014
vt 0.927734 0.98877
vt 0.925293 0.988525
vt 0.924805 0.989014
vt 0.924561 0.98877
vt 0.924316 0.988281
vt 0.923828 0.98877
vt 0.924072 0.989258
vt 0.92334 0.989258
vt 0.92334 0.989014
vt 0.923096 0.988525
vt 0.922607 0.989014
vt 0.922363 0.989502
vt 0.922363 0.988525
vt 0.921875 0.989258
vt 0.921387 0.989502
vt 0.921875 0.98877
vt 0.921387 0.989258
vt 0.920654 0.989746
vt 0.921143 0.98877
vt 0.920654 0.989258
vt 0.92041 0.989746
vt 0.92041 0.98877
vt 0.919922 0.989502
vt 0.920166 0.98877
vt 0.919678 0.989014
vt 0.919189 0.989502
vt 0.919678 0.98999
vt 0.919434 0.98877
vt 0.918457 0.989014
vt 0.918457 0.989746
vt 0.918701 0.990234
vt 0.918213 0.98999
vt 0.918213 0.990234
vt 0.917969 0.990234
vt 0.918457 0.989258
vt 0.91748 0.990479
vt 0.91748 0.990234
vt 0.917969 0.989502
vt 0.91748 0.98999
vt 0.916992 0.990479
vt 0.916748 0.990723
vt 0.91748 0.989502
vt 0.91626 0.990479
vt 0.915527 0.990967
vt 0.916748 0.990234
vt 0.915771 0.990723
vt 0.915283 0.990967
vt 0.915527 0.990479
vt 0.915039 0.990723
vt 0.915039 0.990234
vt 0.915527 0.98999
vt 0.916504 0.989746
vt 0.915283 0.989502
vt 0.916504 0.989258
vt 0.914795 0.989746
vt 0.914551 0.989258
vt 0.915283 0.989014
vt 0.916504 0.989014
vt 0.915283 0.988281
vt 0.915771 0.98877
vt 0.915771 0.988525
vt 0.916504 0.988037
vt 0.916504 0.987305
vt 0.916504 0.98877
vt 0.916992 0.989014
vt 0.916504 0.988525
vt 0.917236 0.98877
vt 0.917236 0.989014
vt 0.917725 0.98877
vt 0.917969 0.989014
vt 0.917725 0.988525
vt 0.917236 0.988281
vt 0.917969 0.98877
vt 0.917725 0.988281
vt 0.917236 0.988037
vt 0.917969 0.988037
vt 0.917236 0.987305
vt 0.916992 0.986816
vt 0.917725 0.987305
vt 0.91748 0.987061
vt 0.916748 0.986084
vt 0.917236 0.986572
vt 0.917236 0.986328
vt 0.91748 0.986572
vt 0.917725 0.986328
vt 0.918457 0.98877
vt 0.918213 0.989014
vt 0.927246 0.985352
vt 0.927246 0.984863
vt 0.927734 0.985352
vt 0.927734 0.985107
vt 0.92749 0.984863
vt 0.927734 0.984619
vt 0.927979 0.984863
vt 0.928467 0.984619
vt 0.928711 0.984863
vt 0.928955 0.984619
vt 0.929443 0.984375
vt 0.928467 0.985107
vt 0.929443 0.984863
vt 0.928955 0.985352
vt 0.928711 0.985596
vt 0.928955 0.985596
vt 0.929443 0.985596
vt 0.929932 0.985107
vt 0.930176 0.98584
vt 0.93042 0.985596
vt 0.929932 0.986328
vt 0.93042 0.986328
vt 0.929688 0.986572
vt 0.929932 0.987061
vt 0.930176 0.987549
vt 0.930908 0.98584
vt 0.929688 0.987793
vt 0.930664 0.987305
vt 0.930664 0.987061
vt 0.930908 0.986572
vt 0.931152 0.987061
vt 0.930908 0.987549
vt 0.93042 0.987793
vt 0.930908 0.988037
vt 0.930176 0.988037
vt 0.929199 0.988037
vt 0.929688 0.988037
vt 0.928467 0.988037
vt 0.929443 0.988525
vt 0.93042 0.988281
vt 0.927979 0.988281
vt 0.928955 0.988525
vt 0.928223 0.988525
vt 0.928467 0.98877
vt 0.928955 0.98877
vt 0.929688 0.98877
vt 0.930176 0.98877
vt 0.930176 0.989014
vt 0.929932 0.988281
vt 0.930664 0.98877
vt 0.930908 0.989014
vt 0.931152 0.988281
vt 0.931152 0.98877
vt 0.931396 0.989014
vt 0.931152 0.988525
vt 0.931885 0.98877
vt 0.932129 0.989014
vt 0.931641 0.988525
vt 0.932373 0.98877
vt 0.932617 0.989014
vt 0.931396 0.988281
vt 0.932373 0.988281
vt 0.933105 0.989014
vt 0.932861 0.98877
vt 0.931885 0.988037
vt 0.931396 0.987549
vt 0.932861 0.988281
vt 0.933594 0.988525
vt 0.933594 0.989014
vt 0.933105 0.988281
vt 0.932861 0.987793
vt 0.934082 0.98877
vt 0.934326 0.989014
vt 0.932373 0.987793
vt 0.933838 0.988037
vt 0.931885 0.987305
vt 0.933105 0.987549
vt 0.93457 0.98877
vt 0.934814 0.989014
vt 0.934082 0.988525
vt 0.935303 0.988525
vt 0.935547 0.989014
vt 0.934326 0.988281
vt 0.933838 0.988281
vt 0.934326 0.988037
vt 0.935059 0.988037
vt 0.93457 0.987793
vt 0.934326 0.987549
vt 0.935547 0.988281
vt 0.936279 0.988281
vt 0.935791 0.988037
vt 0.935303 0.987793
vt 0.934814 0.987793
vt 0.935791 0.98877
vt 0.936523 0.98877
vt 0.936035 0.989014
vt 0.936523 0.989014
vt 0.937256 0.989014
vt 0.935059 0.987305
vt 0.937012 0.98877
vt 0.93457 0.987305
vt 0.933838 0.987061
vt 0.937744 0.989014
vt 0.937744 0.989258
vt 0.936768 0.988525
vt 0.937256 0.988525
vt 0.938232 0.98877
vt 0.938477 0.989014
vt 0.936768 0.988037
vt 0.938721 0.989014
vt 0.938721 0.98877
vt 0.937012 0.988281
vt 0.937988 0.988281
vt 0.938477 0.988281
vt 0.939209 0.988525
vt 0.939209 0.989014
vt 0.939941 0.98877
vt 0.938965 0.988037
vt 0.939697 0.988281
vt 0.938477 0.988037
vt 0.939453 0.987793
vt 0.937744 0.988037
vt 0.938232 0.987793
vt 0.937012 0.987549
vt 0.938721 0.987549
vt 0.937744 0.987305
vt 0.936279 0.987793
vt 0.936035 0.987549
vt 0.936523 0.987305
vt 0.936768 0.987061
vt 0.936035 0.986816
vt 0.935547 0.986816
vt 0.934814 0.986572
vt 0.936523 0.986572
vt 0.935791 0.986572
vt 0.935303 0.986572
vt 0.936035 0.986328
vt 0.935547 0.986084
vt 0.934814 0.98584
vt 0.936279 0.98584
vt 0.935791 0.985596
vt 0.936523 0.98584
vt 0.937012 0.986572
vt 0.9375 0.986816
vt 0.937256 0.986084
vt 0.937744 0.986328
vt 0.937988 0.986816
vt 0.938232 0.987061
vt 0.9375 0.985596
vt 0.938477 0.987305
vt 0.938721 0.986816
vt 0.938232 0.986328
vt 0.938477 0.98584
vt 0.938721 0.986328
vt 0.939453 0.987061
vt 0.939209 0.986572
vt 0.939453 0.986084
vt 0.937988 0.985596
vt 0.939209 0.985596
vt 0.938721 0.985352
vt 0.939697 0.985596
vt 0.937012 0.985352
vt 0.938232 0.985107
vt 0.9375 0.985107
vt 0.936279 0.985352
vt 0.936523 0.985107
vt 0.936035 0.985107
vt 0.935303 0.985352
vt 0.939209 0.985107
vt 0.937744 0.984863
vt 0.935791 0.984863
vt 0.938721 0.984863
vt 0.937012 0.984619
vt 0.9375 0.984619
vt 0.937988 0.984619
vt 0.937744 0.984375
vt 0.937256 0.984131
vt 0.937744 0.984131
vt 0.938232 0.984131
vt 0.936279 0.984375
vt 0.936523 0.984131
vt 0.936035 0.984131
vt 0.938965 0.984375
vt 0.938721 0.983887
vt 0.939209 0.983887
vt 0.939941 0.984131
vt 0.939453 0.984619
vt 0.939941 0.984619
vt 0.940186 0.984375
vt 0.940674 0.984131
vt 0.939697 0.985107
vt 0.940918 0.984619
vt 0.941162 0.984131
vt 0.94165 0.984375
vt 0.940186 0.985352
vt 0.94043 0.984863
vt 0.941406 0.984863
vt 0.941895 0.984863
vt 0.942139 0.984375
vt 0.942871 0.984619
vt 0.94043 0.985596
vt 0.941162 0.985352
vt 0.94165 0.985352
vt 0.942139 0.985107
vt 0.943359 0.984863
vt 0.940186 0.98584
vt 0.940674 0.98584
vt 0.94165 0.985596
vt 0.939941 0.986328
vt 0.94043 0.986572
vt 0.939697 0.986572
vt 0.939941 0.986816
vt 0.94043 0.987305
vt 0.939941 0.987549
vt 0.94043 0.987549
vt 0.940186 0.987793
vt 0.940186 0.988037
vt 0.940674 0.987061
vt 0.940918 0.987549
vt 0.940918 0.988037
vt 0.940186 0.988281
vt 0.94043 0.98877
vt 0.940674 0.989014
vt 0.941162 0.988525
vt 0.941162 0.98877
vt 0.941406 0.988037
vt 0.941406 0.988281
vt 0.94165 0.988525
vt 0.94165 0.989014
vt 0.941895 0.988281
vt 0.94165 0.987793
vt 0.942139 0.988525
vt 0.942627 0.98877
vt 0.942139 0.989014
vt 0.942871 0.989014
vt 0.942871 0.988525
vt 0.943115 0.98877
vt 0.943848 0.98877
vt 0.943604 0.989258
vt 0.943604 0.988525
vt 0.942627 0.987793
vt 0.943359 0.988281
vt 0.944092 0.988525
vt 0.943848 0.988037
vt 0.943115 0.988037
vt 0.943604 0.987793
vt 0.942871 0.987305
vt 0.944092 0.987305
vt 0.942139 0.987549
vt 0.942383 0.987305
vt 0.94165 0.987305
vt 0.943604 0.986816
vt 0.941162 0.986816
vt 0.944092 0.986816
vt 0.943848 0.986572
vt 0.944336 0.986572
vt 0.942627 0.986816
vt 0.943115 0.986572
vt 0.943604 0.986084
vt 0.944092 0.986084
vt 0.944824 0.98584
vt 0.94458 0.985596
vt 0.944824 0.985352
vt 0.943848 0.985596
vt 0.942627 0.986328
vt 0.943115 0.985596
vt 0.942871 0.98584
vt 0.942383 0.98584
vt 0.942871 0.985352
vt 0.941895 0.985352
vt 0.941895 0.98584
vt 0.941162 0.986084
vt 0.94165 0.986084
vt 0.941162 0.986572
vt 0.94165 0.986328
vt 0.942139 0.986328
vt 0.94165 0.986572
vt 0.942139 0.987061
vt 0.929932 0.984619
vt 0.930176 0.984375
vt 0.929932 0.984863
vt 0.930664 0.984619
vt 0.930664 0.984375
vt 0.931396 0.984375
vt 0.930176 0.984863
vt 0.931396 0.984863
vt 0.930664 0.985107
vt 0.931396 0.985352
vt 0.931641 0.985107
vt 0.932129 0.985596
vt 0.931885 0.984375
vt 0.932617 0.984375
vt 0.932373 0.984619
vt 0.932129 0.984863
vt 0.932617 0.985352
vt 0.933105 0.984863
vt 0.93335 0.984375
vt 0.932861 0.984131
vt 0.933594 0.984131
vt 0.933838 0.984375
vt 0.934082 0.984131
vt 0.934326 0.984375
vt 0.934814 0.984131
vt 0.933594 0.984619
vt 0.935547 0.984131
vt 0.933594 0.984863
vt 0.934082 0.984619
vt 0.935303 0.984619
vt 0.933594 0.985107
vt 0.933838 0.984863
vt 0.934814 0.984863
vt 0.934326 0.985352
vt 0.933105 0.985596
vt 0.933838 0.985596
vt 0.93335 0.985596
vt 0.932861 0.98584
vt 0.93457 0.985596
vt 0.935547 0.984863
vt 0.935547 0.984375
vt 0.935791 0.984375
vt 0.93457 0.98584
vt 0.934326 0.986328
vt 0.933594 0.986084
vt 0.934082 0.986572
vt 0.933105 0.986084
vt 0.933105 0.986328
vt 0.933594 0.986572
vt 0.934326 0.986816
vt 0.932861 0.986816
vt 0.932617 0.987061
vt 0.932617 0.986328
vt 0.932373 0.986816
vt 0.931885 0.986328
vt 0.931641 0.986816
vt 0.931396 0.986572
vt 0.931641 0.986084
vt 0.931641 0.985596
vt 0.397705 0.976318
vt 0.398193 0.976318
vt 0.397705 0.976562
vt 0.398438 0.976562
vt 0.398193 0.976807
vt 0.397949 0.977051
vt 0.397461 0.977051
vt 0.398682 0.976562
vt 0.398438 0.977051
vt 0.398193 0.977295
vt 0.397705 0.977295
vt 0.398438 0.977539
vt 0.398926 0.977539
vt 0.398438 0.977783
vt 0.398682 0.977051
vt 0.398926 0.977295
vt 0.39917 0.977539
vt 0.39917 0.977295
vt 0.398926 0.976807
vt 0.399658 0.977539
vt 0.400146 0.976562
vt 0.399902 0.976318
vt 0.399414 0.977783
vt 0.39917 0.977783
vt 0.400146 0.978271
vt 0.400146 0.977051
vt 0.399658 0.978271
vt 0.398682 0.978271
vt 0.399658 0.978516
vt 0.398438 0.978516
vt 0.397949 0.978027
vt 0.398193 0.979004
vt 0.397705 0.978516
vt 0.397949 0.979004
vt 0.397949 0.979492
vt 0.398926 0.979004
vt 0.39917 0.97876
vt 0.398682 0.979248
vt 0.398682 0.97998
vt 0.398438 0.980713
vt 0.397705 0.980469
vt 0.397217 0.981201
vt 0.397949 0.981445
vt 0.398438 0.981689
vt 0.39917 0.979248
vt 0.398926 0.980957
vt 0.39917 0.980225
vt 0.39917 0.979492
vt 0.399414 0.981445
vt 0.398926 0.982178
vt 0.399658 0.980713
vt 0.399902 0.981689
vt 0.399658 0.982422
vt 0.399658 0.97998
vt 0.399658 0.979492
vt 0.400146 0.982178
vt 0.400146 0.982666
vt 0.400146 0.981689
vt 0.399658 0.979248
vt 0.399902 0.979004
vt 0.399902 0.979492
vt 0.399902 0.97998
vt 0.400391 0.979736
vt 0.400146 0.97876
vt 0.400391 0.979248
vt 0.400635 0.979004
vt 0.400879 0.979492
vt 0.400879 0.978271
vt 0.400635 0.977783
vt 0.401123 0.977295
vt 0.400879 0.976562
vt 0.401123 0.979248
vt 0.401367 0.977783
vt 0.401367 0.979492
vt 0.401611 0.976807
vt 0.400391 0.976318
vt 0.400391 0.976074
vt 0.400879 0.976318
vt 0.400635 0.976074
vt 0.401611 0.976562
vt 0.401367 0.975342
vt 0.401611 0.97583
vt 0.4021 0.976318
vt 0.400635 0.97583
vt 0.400391 0.975586
vt 0.401123 0.975098
vt 0.400635 0.974854
vt 0.39917 0.976074
vt 0.399902 0.975342
vt 0.398682 0.976318
vt 0.398926 0.975586
vt 0.398438 0.976074
vt 0.398193 0.97583
vt 0.397705 0.97583
vt 0.397705 0.975586
vt 0.397217 0.97583
vt 0.397461 0.975586
vt 0.398193 0.975342
vt 0.397705 0.975342
vt 0.397217 0.975098
vt 0.396973 0.975342
vt 0.396973 0.975098
vt 0.396729 0.975342
vt 0.397461 0.974854
vt 0.397461 0.975098
vt 0.397949 0.974854
vt 0.397461 0.974609
vt 0.398438 0.975098
vt 0.398438 0.974365
vt 0.397949 0.974121
vt 0.399414 0.975098
vt 0.39917 0.974365
vt 0.398926 0.973633
vt 0.398438 0.973633
vt 0.39917 0.9729
vt 0.399902 0.974365
vt 0.399414 0.973877
vt 0.400146 0.974609
vt 0.400146 0.973633
vt 0.399658 0.973389
vt 0.400146 0.972656
vt 0.400391 0.973145
vt 0.400635 0.973877
vt 0.401123 0.974365
vt 0.401611 0.974365
vt 0.401367 0.973633
vt 0.401611 0.975098
vt 0.401855 0.973877
vt 0.401855 0.974609
vt 0.401611 0.975342
vt 0.401855 0.974854
vt 0.402344 0.974121
vt 0.402588 0.974365
vt 0.4021 0.975098
vt 0.4021 0.97583
vt 0.402344 0.973145
vt 0.403076 0.973877
vt 0.402588 0.974854
vt 0.402588 0.975586
vt 0.403076 0.974365
vt 0.40332 0.975098
vt 0.402588 0.976074
vt 0.403076 0.97583
vt 0.402344 0.976562
vt 0.403076 0.976074
vt 0.403809 0.975586
vt 0.403809 0.974121
vt 0.404053 0.974609
vt 0.404053 0.974121
vt 0.403564 0.97583
vt 0.403809 0.97583
vt 0.40332 0.976318
vt 0.404297 0.976074
vt 0.402832 0.977051
vt 0.403809 0.976807
vt 0.4021 0.977295
vt 0.40332 0.977295
vt 0.402344 0.977783
vt 0.401855 0.978271
vt 0.402832 0.978516
vt 0.401367 0.97876
vt 0.402344 0.979004
vt 0.4021 0.979492
vt 0.403564 0.977783
vt 0.404297 0.977295
vt 0.40332 0.978516
vt 0.402832 0.97876
vt 0.404053 0.978271
vt 0.405273 0.976807
vt 0.404785 0.977783
vt 0.405273 0.977295
vt 0.404541 0.978516
vt 0.404053 0.978516
vt 0.40332 0.979004
vt 0.402832 0.979736
vt 0.403809 0.97998
vt 0.404785 0.97876
vt 0.405273 0.978271
vt 0.402344 0.979492
vt 0.402344 0.97998
vt 0.402588 0.97998
vt 0.40332 0.980469
vt 0.401855 0.980225
vt 0.402588 0.980469
vt 0.402832 0.980713
vt 0.401367 0.980225
vt 0.402344 0.980713
vt 0.402832 0.980957
vt 0.403809 0.980957
vt 0.403076 0.981201
vt 0.403809 0.980469
vt 0.402588 0.981201
vt 0.404541 0.979736
vt 0.405273 0.979492
vt 0.404297 0.980713
vt 0.404053 0.980957
vt 0.405029 0.980225
vt 0.404541 0.981445
vt 0.404053 0.981445
vt 0.404297 0.981689
vt 0.405518 0.980469
vt 0.405273 0.981934
vt 0.405762 0.97998
vt 0.40625 0.980469
vt 0.406494 0.979492
vt 0.406006 0.979004
vt 0.40625 0.980957
vt 0.406982 0.97998
vt 0.406738 0.978516
vt 0.406006 0.978027
vt 0.407471 0.979004
vt 0.406982 0.977539
vt 0.406006 0.977051
vt 0.407715 0.978027
vt 0.408447 0.978271
vt 0.408447 0.977295
vt 0.406982 0.976562
vt 0.407959 0.977051
vt 0.408691 0.976318
vt 0.409668 0.977783
vt 0.406006 0.976074
vt 0.409912 0.976807
vt 0.407959 0.976074
vt 0.406982 0.97583
vt 0.408691 0.97583
vt 0.405029 0.97583
vt 0.410156 0.97583
vt 0.407471 0.975098
vt 0.404297 0.975098
vt 0.408936 0.974854
vt 0.405518 0.975342
vt 0.404541 0.974121
vt 0.406494 0.975098
vt 0.407715 0.974365
vt 0.40625 0.974609
vt 0.404785 0.974854
vt 0.405518 0.974365
vt 0.405029 0.973877
vt 0.406006 0.973633
vt 0.406738 0.973633
vt 0.404541 0.973877
vt 0.404297 0.973633
vt 0.405029 0.973633
vt 0.405518 0.973145
vt 0.405518 0.973389
vt 0.40625 0.9729
vt 0.405762 0.9729
vt 0.404785 0.973145
vt 0.405273 0.972656
vt 0.406006 0.972656
vt 0.405029 0.972168
vt 0.404541 0.972412
vt 0.405762 0.971924
vt 0.404053 0.9729
vt 0.406494 0.97168
vt 0.405518 0.971436
vt 0.405029 0.97168
vt 0.404541 0.971924
vt 0.405518 0.971191
vt 0.406494 0.972168
vt 0.40625 0.971191
vt 0.406738 0.972656
vt 0.406982 0.97168
vt 0.406982 0.971436
vt 0.40625 0.970703
vt 0.407471 0.973389
vt 0.407959 0.972656
vt 0.407959 0.973389
vt 0.40918 0.973877
vt 0.408691 0.972656
vt 0.409912 0.974854
vt 0.409668 0.9729
vt 0.407227 0.972168
vt 0.407959 0.971924
vt 0.407715 0.971436
vt 0.409912 0.972168
vt 0.407959 0.971191
vt 0.407715 0.971191
vt 0.406982 0.970947
vt 0.408691 0.971436
vt 0.408203 0.970947
vt 0.407471 0.970947
vt 0.406982 0.970215
vt 0.407471 0.969971
vt 0.408203 0.969727
vt 0.408203 0.970703
vt 0.408936 0.970215
vt 0.409424 0.971191
vt 0.408936 0.970459
vt 0.408691 0.969727
vt 0.409424 0.969971
vt 0.409668 0.970215
vt 0.410156 0.971191
vt 0.408691 0.968994
vt 0.409424 0.969482
vt 0.409912 0.969727
vt 0.410156 0.969727
vt 0.410889 0.971436
vt 0.4104 0.969482
vt 0.410645 0.970215
vt 0.411621 0.971191
vt 0.411377 0.971924
vt 0.411133 0.972656
vt 0.411865 0.972656
vt 0.410645 0.973633
vt 0.412842 0.972412
vt 0.412598 0.973633
vt 0.411621 0.973633
vt 0.409668 0.973633
vt 0.410645 0.974854
vt 0.411621 0.974609
vt 0.412354 0.974609
vt 0.412109 0.975586
vt 0.411377 0.975586
vt 0.410645 0.976074
vt 0.41333 0.974365
vt 0.411865 0.976074
vt 0.411621 0.976807
vt 0.413086 0.975342
vt 0.413818 0.975098
vt 0.410645 0.977051
vt 0.413574 0.976074
vt 0.412842 0.976318
vt 0.412354 0.976807
vt 0.41333 0.977051
vt 0.412598 0.977295
vt 0.411377 0.977539
vt 0.412109 0.977783
vt 0.41333 0.977783
vt 0.4104 0.978027
vt 0.411377 0.978271
vt 0.409668 0.978516
vt 0.412598 0.978271
vt 0.408447 0.979248
vt 0.410156 0.979004
vt 0.407471 0.979736
vt 0.40918 0.979736
vt 0.408203 0.980225
vt 0.409912 0.97998
vt 0.411133 0.979248
vt 0.407471 0.980713
vt 0.411865 0.97876
vt 0.406738 0.981201
vt 0.407715 0.981201
vt 0.41333 0.97876
vt 0.407227 0.981689
vt 0.408691 0.980713
vt 0.408203 0.982178
vt 0.409912 0.980957
vt 0.407471 0.981934
vt 0.410645 0.980469
vt 0.411377 0.97998
vt 0.411377 0.980713
vt 0.411865 0.979736
vt 0.408691 0.981689
vt 0.412354 0.979248
vt 0.412354 0.980225
vt 0.413086 0.979736
vt 0.413086 0.980713
vt 0.4104 0.981201
vt 0.409912 0.981689
vt 0.411377 0.981689
vt 0.412109 0.981201
vt 0.40918 0.982178
vt 0.410156 0.982422
vt 0.408447 0.982666
vt 0.409668 0.982666
vt 0.408936 0.983154
vt 0.410156 0.983398
vt 0.411377 0.982666
vt 0.407959 0.983398
vt 0.408447 0.983643
vt 0.407227 0.983154
vt 0.407715 0.983887
vt 0.406738 0.982666
vt 0.407471 0.983643
vt 0.406738 0.983643
vt 0.40625 0.982178
vt 0.40625 0.983154
vt 0.406006 0.981689
vt 0.405762 0.982422
vt 0.405762 0.981934
vt 0.405518 0.982422
vt 0.404785 0.982178
vt 0.405762 0.98291
vt 0.405273 0.982666
vt 0.404297 0.981934
vt 0.404541 0.982178
vt 0.403809 0.981689
vt 0.403076 0.981445
vt 0.403076 0.981689
vt 0.404053 0.982178
vt 0.404785 0.982666
vt 0.405518 0.983154
vt 0.404297 0.982666
vt 0.406006 0.983154
vt 0.406494 0.983643
vt 0.405029 0.983154
vt 0.40332 0.982178
vt 0.404785 0.983398
vt 0.405518 0.983643
vt 0.405762 0.983643
vt 0.405518 0.983887
vt 0.403809 0.98291
vt 0.404297 0.983398
vt 0.404785 0.983887
vt 0.404053 0.983398
vt 0.404541 0.983887
vt 0.403564 0.983154
vt 0.404053 0.983887
vt 0.403076 0.982666
vt 0.40332 0.983398
vt 0.402588 0.981934
vt 0.402832 0.98291
vt 0.404541 0.984131
vt 0.403809 0.984375
vt 0.405029 0.984131
vt 0.405029 0.984619
vt 0.405762 0.984619
vt 0.404785 0.984619
vt 0.405029 0.985107
vt 0.404297 0.985596
vt 0.405518 0.985107
vt 0.405518 0.98584
vt 0.406006 0.986084
vt 0.403809 0.985107
vt 0.403564 0.985352
vt 0.40332 0.984619
vt 0.402344 0.985107
vt 0.40332 0.983887
vt 0.403076 0.984131
vt 0.402832 0.983398
vt 0.4021 0.984375
vt 0.401123 0.985107
vt 0.401123 0.984131
vt 0.4021 0.983398
vt 0.401611 0.983398
vt 0.400635 0.983643
vt 0.401855 0.982666
vt 0.400635 0.983154
vt 0.400391 0.982666
vt 0.401123 0.982422
vt 0.400391 0.981934
vt 0.401611 0.982178
vt 0.4021 0.982178
vt 0.401123 0.981934
vt 0.401611 0.981689
vt 0.4021 0.981689
vt 0.402344 0.981689
vt 0.402832 0.981689
vt 0.4021 0.981201
vt 0.401611 0.980713
vt 0.401855 0.981445
vt 0.401123 0.981445
vt 0.401123 0.980957
vt 0.400879 0.980225
vt 0.400879 0.981445
vt 0.400879 0.980957
vt 0.400391 0.980469
vt 0.400146 0.980957
vt 0.399902 0.980469
vt 0.401855 0.9729
vt 0.401123 0.972412
vt 0.4021 0.972168
vt 0.402588 0.972168
vt 0.400879 0.973145
vt 0.400635 0.972656
vt 0.400391 0.971924
vt 0.400879 0.972168
vt 0.401367 0.97168
vt 0.401123 0.971191
vt 0.402344 0.971436
vt 0.401611 0.970947
vt 0.400635 0.970947
vt 0.401367 0.970459
vt 0.399658 0.971436
vt 0.399414 0.972168
vt 0.398926 0.971924
vt 0.399414 0.971191
vt 0.398926 0.970703
vt 0.399414 0.969971
vt 0.399658 0.970703
vt 0.400146 0.970459
vt 0.399902 0.969971
vt 0.400146 0.968994
vt 0.400635 0.969727
vt 0.401611 0.969482
vt 0.401123 0.968994
vt 0.400635 0.968506
vt 0.400391 0.968018
vt 0.401123 0.967773
vt 0.401855 0.968262
vt 0.402344 0.967529
vt 0.401855 0.96875
vt 0.4021 0.970215
vt 0.402588 0.969482
vt 0.402588 0.970459
vt 0.402832 0.968018
vt 0.40332 0.96875
vt 0.402832 0.971191
vt 0.40332 0.969482
vt 0.40332 0.967285
vt 0.402832 0.966797
vt 0.403564 0.967773
vt 0.403809 0.968262
vt 0.404053 0.967285
vt 0.403809 0.966797
vt 0.403564 0.966064
vt 0.404541 0.966064
vt 0.404053 0.965576
vt 0.405029 0.965332
vt 0.405273 0.96582
vt 0.405762 0.964844
vt 0.404785 0.966553
vt 0.404297 0.967529
vt 0.404785 0.966797
vt 0.404785 0.968018
vt 0.405273 0.967285
vt 0.405518 0.966064
vt 0.404297 0.968506
vt 0.405273 0.968506
vt 0.404541 0.969482
vt 0.405762 0.966553
vt 0.405762 0.968018
vt 0.40625 0.967285
vt 0.406006 0.968262
vt 0.40625 0.965576
vt 0.406738 0.966553
vt 0.406006 0.965088
vt 0.40625 0.964111
vt 0.406738 0.9646
vt 0.406738 0.964844
vt 0.406494 0.966064
vt 0.407471 0.9646
vt 0.407471 0.964111
vt 0.406982 0.965332
vt 0.407227 0.966064
vt 0.407959 0.965332
vt 0.408447 0.964355
vt 0.408203 0.963867
vt 0.408691 0.964111
vt 0.408936 0.963379
vt 0.408691 0.965088
vt 0.408203 0.96582
vt 0.409424 0.963867
vt 0.409668 0.963135
vt 0.40918 0.964355
vt 0.408447 0.965576
vt 0.408936 0.965332
vt 0.410156 0.963623
vt 0.4104 0.962891
vt 0.409912 0.964355
vt 0.409424 0.965088
vt 0.410889 0.963379
vt 0.411133 0.962646
vt 0.4104 0.964111
vt 0.410156 0.9646
vt 0.411621 0.963135
vt 0.411865 0.962402
vt 0.411133 0.963867
vt 0.410889 0.964355
vt 0.4104 0.965332
vt 0.412109 0.962891
vt 0.412598 0.962402
vt 0.412109 0.963623
vt 0.411621 0.964355
vt 0.411377 0.9646
vt 0.412109 0.964111
vt 0.411865 0.9646
vt 0.411621 0.965332
vt 0.412598 0.963623
vt 0.413086 0.963135
vt 0.413086 0.962158
vt 0.413086 0.963867
vt 0.41333 0.963623
vt 0.413574 0.962891
vt 0.414062 0.962646
vt 0.413818 0.961914
vt 0.414551 0.961914
vt 0.414795 0.962646
vt 0.415283 0.962158
vt 0.414551 0.962891
vt 0.414062 0.963623
vt 0.413818 0.964111
vt 0.415527 0.962646
vt 0.41626 0.962158
vt 0.415039 0.963379
vt 0.414795 0.963623
vt 0.414551 0.964111
vt 0.413086 0.9646
vt 0.414062 0.964355
vt 0.415039 0.964111
vt 0.414795 0.964355
vt 0.414307 0.964844
vt 0.412598 0.9646
vt 0.415527 0.963623
vt 0.412354 0.964844
vt 0.412842 0.964844
vt 0.413574 0.965088
vt 0.412598 0.965332
vt 0.411865 0.96582
vt 0.41333 0.965576
vt 0.410889 0.965576
vt 0.413086 0.96582
vt 0.411133 0.966309
vt 0.413818 0.965576
vt 0.412354 0.966309
vt 0.413574 0.96582
vt 0.413086 0.966309
vt 0.414551 0.965332
vt 0.414307 0.966064
vt 0.413574 0.966309
vt 0.415039 0.96582
vt 0.415039 0.966064
vt 0.415283 0.965088
vt 0.415283 0.965332
vt 0.415039 0.9646
vt 0.415283 0.9646
vt 0.415283 0.96582
vt 0.415527 0.965088
vt 0.415771 0.965576
vt 0.415527 0.966309
vt 0.415771 0.964111
vt 0.41626 0.965088
vt 0.416016 0.966064
vt 0.416016 0.9646
vt 0.416504 0.965576
vt 0.416504 0.966064
vt 0.416504 0.964355
vt 0.416504 0.966309
vt 0.41626 0.964111
vt 0.415771 0.963379
vt 0.416504 0.9646
vt 0.416748 0.965088
vt 0.41626 0.962891
vt 0.416504 0.963379
vt 0.416504 0.962646
vt 0.416992 0.961914
vt 0.416992 0.963135
vt 0.417725 0.962891
vt 0.418213 0.962402
vt 0.416748 0.964111
vt 0.416992 0.964111
vt 0.417725 0.963623
vt 0.418701 0.962891
vt 0.419434 0.962891
vt 0.418213 0.963623
vt 0.41748 0.964355
vt 0.417969 0.964111
vt 0.418213 0.964111
vt 0.416992 0.9646
vt 0.418701 0.963867
vt 0.418945 0.964355
vt 0.418457 0.9646
vt 0.419189 0.963623
vt 0.419678 0.964111
vt 0.419922 0.963379
vt 0.420166 0.962891
vt 0.420166 0.964111
vt 0.419922 0.964844
vt 0.420654 0.963379
vt 0.420898 0.962646
vt 0.421631 0.963623
vt 0.422119 0.963623
vt 0.420898 0.963867
vt 0.421875 0.9646
vt 0.422607 0.964111
vt 0.421387 0.9646
vt 0.420654 0.964844
vt 0.421143 0.965332
vt 0.421631 0.965332
vt 0.422607 0.965088
vt 0.42334 0.964844
vt 0.421875 0.965332
vt 0.421875 0.96582
vt 0.423096 0.965576
vt 0.423828 0.965576
vt 0.422363 0.965576
vt 0.42334 0.966309
vt 0.424072 0.966309
vt 0.422852 0.966309
vt 0.424072 0.966797
vt 0.424805 0.967041
vt 0.423584 0.967041
vt 0.422363 0.966309
vt 0.423096 0.966797
vt 0.424072 0.967285
vt 0.423584 0.967529
vt 0.424316 0.967285
vt 0.424316 0.968018
vt 0.425049 0.967529
vt 0.425537 0.967773
vt 0.425049 0.968262
vt 0.425537 0.968262
vt 0.42627 0.968262
vt 0.425049 0.96875
vt 0.425293 0.968994
vt 0.425781 0.96875
vt 0.42627 0.96875
vt 0.42627 0.969482
vt 0.426758 0.968506
vt 0.425293 0.969482
vt 0.427002 0.969727
vt 0.427002 0.968994
vt 0.427734 0.969238
vt 0.42749 0.968506
vt 0.42749 0.969971
vt 0.428223 0.969482
vt 0.428223 0.96875
vt 0.428955 0.969727
vt 0.427979 0.969727
vt 0.428467 0.969727
vt 0.428955 0.969971
vt 0.429688 0.970215
vt 0.428467 0.970215
vt 0.429199 0.970459
vt 0.429688 0.970947
vt 0.428955 0.971191
vt 0.43042 0.970703
vt 0.428223 0.970703
vt 0.427246 0.970459
vt 0.43042 0.971436
vt 0.431152 0.971924
vt 0.431396 0.971436
vt 0.431885 0.972168
vt 0.430176 0.97168
vt 0.430664 0.971924
vt 0.429688 0.971436
vt 0.43042 0.971924
vt 0.431152 0.972412
vt 0.431641 0.972656
vt 0.432373 0.9729
vt 0.431396 0.9729
vt 0.430908 0.972412
vt 0.432617 0.973633
vt 0.432129 0.973633
vt 0.431641 0.973877
vt 0.432373 0.974609
vt 0.432617 0.975098
vt 0.433105 0.974609
vt 0.432861 0.976074
vt 0.432617 0.977051
vt 0.432861 0.978027
vt 0.432373 0.975098
vt 0.431885 0.974609
vt 0.432373 0.976074
vt 0.432129 0.979004
vt 0.431641 0.97998
vt 0.432373 0.976807
vt 0.432129 0.976318
vt 0.432373 0.977295
vt 0.431885 0.978027
vt 0.432129 0.977051
vt 0.432129 0.975342
vt 0.431641 0.976562
vt 0.431641 0.975098
vt 0.431641 0.97583
vt 0.431641 0.977051
vt 0.431396 0.978027
vt 0.431152 0.977295
vt 0.431396 0.976074
vt 0.431152 0.976562
vt 0.431152 0.975586
vt 0.431152 0.976074
vt 0.431152 0.974854
vt 0.430908 0.97583
vt 0.430908 0.976074
vt 0.430908 0.976562
vt 0.430908 0.977295
vt 0.430908 0.978027
vt 0.430664 0.977295
vt 0.430664 0.977539
vt 0.430664 0.976562
vt 0.43042 0.977783
vt 0.430908 0.975342
vt 0.43042 0.977295
vt 0.43042 0.97583
vt 0.430176 0.976562
vt 0.430664 0.975586
vt 0.429932 0.976074
vt 0.429932 0.975098
vt 0.430176 0.974854
vt 0.43042 0.974609
vt 0.430664 0.974121
vt 0.430176 0.973877
vt 0.429932 0.973877
vt 0.429688 0.974365
vt 0.429688 0.973389
vt 0.429443 0.974121
vt 0.429688 0.975098
vt 0.428955 0.975586
vt 0.428711 0.975342
vt 0.429443 0.976318
vt 0.428467 0.976318
vt 0.430176 0.977295
vt 0.428955 0.977051
vt 0.430176 0.977783
vt 0.429443 0.977783
vt 0.428467 0.977295
vt 0.429932 0.978027
vt 0.429932 0.978271
vt 0.428955 0.978027
vt 0.43042 0.978271
vt 0.429688 0.97876
vt 0.429443 0.979004
vt 0.428467 0.978271
vt 0.430664 0.978516
vt 0.430176 0.97876
vt 0.43042 0.97876
vt 0.430908 0.978516
vt 0.430664 0.97876
vt 0.431152 0.978516
vt 0.430908 0.979004
vt 0.431396 0.97876
vt 0.431641 0.979248
vt 0.43042 0.97998
vt 0.431885 0.979492
vt 0.431152 0.97998
vt 0.430908 0.980957
vt 0.431396 0.981201
vt 0.43042 0.980957
vt 0.429932 0.981934
vt 0.430664 0.982422
vt 0.429199 0.982666
vt 0.429932 0.98291
vt 0.429199 0.983643
vt 0.429932 0.981689
vt 0.428467 0.98291
vt 0.428711 0.983887
vt 0.429199 0.982422
vt 0.428711 0.982666
vt 0.427734 0.983398
vt 0.427734 0.984131
vt 0.428223 0.982666
vt 0.428223 0.983154
vt 0.427002 0.983643
vt 0.427002 0.984375
vt 0.42749 0.98291
vt 0.428955 0.982178
vt 0.428223 0.981934
vt 0.429688 0.981445
vt 0.427002 0.983154
vt 0.42749 0.982178
vt 0.429932 0.980957
vt 0.429443 0.980957
vt 0.428711 0.981445
vt 0.428223 0.981445
vt 0.430176 0.980469
vt 0.429932 0.980713
vt 0.429199 0.980713
vt 0.429688 0.980469
vt 0.429688 0.980225
vt 0.428711 0.980957
vt 0.429199 0.980469
vt 0.430176 0.979492
vt 0.430176 0.979248
vt 0.429688 0.979736
vt 0.429688 0.979248
vt 0.429199 0.980225
vt 0.429199 0.979248
vt 0.429199 0.97998
vt 0.428711 0.979248
vt 0.428955 0.979736
vt 0.428467 0.980469
vt 0.428711 0.980713
vt 0.428223 0.979492
vt 0.428223 0.980957
vt 0.427734 0.97876
vt 0.427734 0.979736
vt 0.428223 0.980713
vt 0.428223 0.981201
vt 0.428467 0.980225
vt 0.427979 0.980957
vt 0.427246 0.980225
vt 0.427002 0.979248
vt 0.426514 0.979736
vt 0.426514 0.97876
vt 0.426025 0.979004
vt 0.426025 0.97998
vt 0.427002 0.978027
vt 0.426025 0.978027
vt 0.42749 0.977539
vt 0.425781 0.977051
vt 0.427979 0.976807
vt 0.426758 0.976807
vt 0.427734 0.976074
vt 0.427246 0.975342
vt 0.428223 0.974609
vt 0.427979 0.974365
vt 0.428955 0.973633
vt 0.42749 0.973633
vt 0.42627 0.97583
vt 0.427002 0.974854
vt 0.426514 0.975342
vt 0.426514 0.974121
vt 0.428223 0.9729
vt 0.427002 0.9729
vt 0.42627 0.974609
vt 0.426758 0.973389
vt 0.425781 0.973877
vt 0.427734 0.972412
vt 0.425781 0.975098
vt 0.42627 0.973389
vt 0.426514 0.9729
vt 0.426758 0.971924
vt 0.426025 0.9729
vt 0.426514 0.972656
vt 0.42627 0.972168
vt 0.425537 0.972412
vt 0.42627 0.971436
vt 0.425537 0.973145
vt 0.425293 0.974365
vt 0.425049 0.972656
vt 0.424805 0.973877
vt 0.424805 0.975342
vt 0.424316 0.974365
vt 0.424316 0.973145
vt 0.424561 0.971924
vt 0.425049 0.97168
vt 0.424072 0.972412
vt 0.424316 0.971436
vt 0.42334 0.9729
vt 0.423828 0.973633
vt 0.42334 0.974121
vt 0.423584 0.971924
vt 0.422852 0.973389
vt 0.423584 0.974854
vt 0.422363 0.9729
vt 0.422852 0.972412
vt 0.423096 0.971436
vt 0.422607 0.97168
vt 0.421875 0.973389
vt 0.421875 0.974121
vt 0.421875 0.972412
vt 0.423828 0.970459
vt 0.422852 0.970459
vt 0.42334 0.970459
vt 0.423584 0.969727
vt 0.423096 0.969971
vt 0.422363 0.969971
vt 0.422119 0.971191
vt 0.421631 0.97168
vt 0.421631 0.970459
vt 0.422852 0.969238
vt 0.420898 0.972168
vt 0.421875 0.969482
vt 0.421387 0.969971
vt 0.420898 0.970703
vt 0.420898 0.969482
vt 0.42041 0.971436
vt 0.420166 0.972412
vt 0.42041 0.969971
vt 0.419678 0.970703
vt 0.421631 0.968506
vt 0.42041 0.96875
vt 0.422363 0.96875
vt 0.420898 0.968262
vt 0.419922 0.969238
vt 0.419189 0.971436
vt 0.419434 0.969971
vt 0.419434 0.968506
vt 0.418701 0.970703
vt 0.418945 0.969238
vt 0.420166 0.968262
vt 0.418945 0.968018
vt 0.419678 0.967773
vt 0.420654 0.967773
vt 0.419434 0.967529
vt 0.418213 0.968262
vt 0.417969 0.969727
vt 0.41748 0.970459
vt 0.417725 0.968994
vt 0.418701 0.967773
vt 0.417969 0.967773
vt 0.418457 0.967285
vt 0.418213 0.967285
vt 0.417236 0.968506
vt 0.417236 0.969727
vt 0.416992 0.967773
vt 0.41748 0.967529
vt 0.416504 0.968994
vt 0.416748 0.970459
vt 0.417725 0.967041
vt 0.417236 0.967041
vt 0.418457 0.966797
vt 0.41748 0.966553
vt 0.416504 0.967529
vt 0.416748 0.966797
vt 0.416016 0.967529
vt 0.41626 0.966797
vt 0.41626 0.968262
vt 0.415527 0.967285
vt 0.415527 0.967773
vt 0.416016 0.968506
vt 0.415771 0.969482
vt 0.415283 0.96875
vt 0.415527 0.970215
vt 0.415039 0.968262
vt 0.415283 0.967773
vt 0.415771 0.966553
vt 0.415039 0.967285
vt 0.416992 0.966064
vt 0.414795 0.966553
vt 0.415039 0.966797
vt 0.414551 0.966309
vt 0.414551 0.966797
vt 0.414307 0.966797
vt 0.414062 0.966553
vt 0.413818 0.966797
vt 0.414307 0.967041
vt 0.415039 0.967773
vt 0.414062 0.968018
vt 0.413818 0.967529
vt 0.413086 0.966797
vt 0.41333 0.967773
vt 0.41333 0.967041
vt 0.413574 0.968262
vt 0.412842 0.966553
vt 0.412598 0.967285
vt 0.412354 0.967041
vt 0.411865 0.966553
vt 0.412109 0.966797
vt 0.412109 0.967285
vt 0.412354 0.967529
vt 0.411865 0.967285
vt 0.411865 0.967041
vt 0.411621 0.967285
vt 0.411133 0.967041
vt 0.411865 0.967773
vt 0.412354 0.968506
vt 0.411377 0.968506
vt 0.413086 0.968506
vt 0.411621 0.968506
vt 0.412598 0.968994
vt 0.41333 0.968506
vt 0.413818 0.968262
vt 0.412109 0.96875
vt 0.411621 0.96875
vt 0.412354 0.968994
vt 0.412109 0.969238
vt 0.413086 0.969482
vt 0.411377 0.969727
vt 0.414062 0.96875
vt 0.414307 0.968506
vt 0.414062 0.969238
vt 0.414795 0.969238
vt 0.414307 0.969971
vt 0.413818 0.970459
vt 0.415039 0.970947
vt 0.412354 0.969971
vt 0.41333 0.971191
vt 0.414307 0.970947
vt 0.416016 0.970703
vt 0.414551 0.971924
vt 0.412109 0.970459
vt 0.412598 0.971191
vt 0.413086 0.971924
vt 0.410889 0.969238
vt 0.411377 0.96875
vt 0.410889 0.968994
vt 0.410889 0.968506
vt 0.410889 0.967773
vt 0.410645 0.967285
vt 0.410156 0.968018
vt 0.410156 0.968506
vt 0.410156 0.969238
vt 0.409424 0.968506
vt 0.409668 0.968262
vt 0.409912 0.967773
vt 0.409668 0.968018
vt 0.409424 0.968018
vt 0.409668 0.967773
vt 0.409912 0.967529
vt 0.4104 0.967285
vt 0.410156 0.967041
vt 0.410889 0.967041
vt 0.409668 0.967529
vt 0.40918 0.968018
vt 0.411133 0.966797
vt 0.410645 0.966553
vt 0.410889 0.966309
vt 0.4104 0.96582
vt 0.410156 0.966064
vt 0.410156 0.965576
vt 0.409912 0.965332
vt 0.409912 0.965576
vt 0.409424 0.965332
vt 0.409668 0.966553
vt 0.40918 0.966064
vt 0.408936 0.965576
vt 0.40918 0.967041
vt 0.408447 0.966064
vt 0.408691 0.966553
vt 0.407715 0.966553
vt 0.407471 0.966309
vt 0.408203 0.967041
vt 0.406982 0.966797
vt 0.407227 0.967041
vt 0.406494 0.967285
vt 0.40625 0.967773
vt 0.407715 0.967529
vt 0.408691 0.967529
vt 0.408203 0.968018
vt 0.408447 0.968262
vt 0.408691 0.968506
vt 0.407959 0.96875
vt 0.407715 0.96875
vt 0.407227 0.968262
vt 0.408203 0.969238
vt 0.407959 0.968994
vt 0.407471 0.969727
vt 0.407227 0.969971
vt 0.407471 0.969482
vt 0.407471 0.969238
vt 0.407227 0.969727
vt 0.406738 0.969971
vt 0.407227 0.969482
vt 0.407227 0.969238
vt 0.406738 0.969727
vt 0.406738 0.968994
vt 0.40625 0.968506
vt 0.406006 0.968994
vt 0.406006 0.969727
vt 0.405762 0.969238
vt 0.405273 0.969727
vt 0.40625 0.970459
vt 0.405762 0.969971
vt 0.404785 0.970215
vt 0.405518 0.970947
vt 0.405273 0.970703
vt 0.405029 0.971436
vt 0.404785 0.97168
vt 0.404785 0.971191
vt 0.404541 0.97168
vt 0.404297 0.970947
vt 0.403809 0.970459
vt 0.40332 0.971191
vt 0.404053 0.971436
vt 0.403809 0.972412
vt 0.403564 0.972168
vt 0.402832 0.971924
vt 0.402832 0.972412
vt 0.404053 0.972656
vt 0.403564 0.972656
vt 0.403076 0.972656
vt 0.402832 0.9729
vt 0.403076 0.9729
vt 0.402832 0.973389
vt 0.403564 0.9729
vt 0.403076 0.973389
vt 0.403564 0.973389
vt 0.403076 0.973633
vt 0.403564 0.973633
vt 0.010742 0.304688
vt 0.011963 0.304932
vt 0.01123 0.305176
vt 0.010498 0.305664
vt 0.01001 0.305176
vt 0.011475 0.30542
vt 0.009766 0.305908
vt 0.009277 0.305664
vt 0.010742 0.305908
vt 0.009521 0.306152
vt 0.008789 0.306152
vt 0.008789 0.30542
vt 0.008057 0.305664
vt 0.008301 0.306396
vt 0.007812 0.306396
vt 0.007324 0.305908
vt 0.009033 0.306396
vt 0.008057 0.306885
vt 0.007324 0.306641
vt 0.006836 0.306396
vt 0.006836 0.307129
vt 0.006348 0.306885
vt 0.007568 0.307373
vt 0.008789 0.307617
vt 0.006348 0.307617
vt 0.005859 0.307373
vt 0.00708 0.307861
vt 0.008057 0.308105
vt 0.005859 0.308105
vt 0.005371 0.307861
vt 0.006592 0.30835
vt 0.007812 0.308594
vt 0.005371 0.308594
vt 0.004883 0.30835
vt 0.006104 0.308594
vt 0.007324 0.309082
vt 0.008789 0.30835
vt 0.004883 0.309082
vt 0.004395 0.308838
vt 0.00415 0.309326
vt 0.005615 0.309082
vt 0.005127 0.30957
vt 0.004883 0.310059
vt 0.00415 0.309814
vt 0.005859 0.309814
vt 0.006348 0.309326
vt 0.00708 0.30957
vt 0.006836 0.310059
vt 0.008057 0.309814
vt 0.008301 0.309326
vt 0.008545 0.308838
vt 0.009033 0.308838
vt 0.008789 0.309814
vt 0.009521 0.30957
vt 0.01001 0.309326
vt 0.009521 0.308594
vt 0.009521 0.307861
vt 0.010254 0.308838
vt 0.010498 0.308105
vt 0.010986 0.309082
vt 0.010742 0.310059
vt 0.010986 0.30957
vt 0.009521 0.310303
vt 0.011963 0.309814
vt 0.010498 0.310303
vt 0.011475 0.30835
vt 0.010498 0.310791
vt 0.01123 0.310547
vt 0.011719 0.310303
vt 0.011719 0.310791
vt 0.011963 0.309326
vt 0.012207 0.308838
vt 0.012695 0.30957
vt 0.012207 0.310303
vt 0.012695 0.310059
vt 0.013184 0.309082
vt 0.013184 0.30957
vt 0.012695 0.310547
vt 0.012695 0.311035
vt 0.013184 0.310059
vt 0.013428 0.310791
vt 0.01416 0.309814
vt 0.01416 0.310547
vt 0.013672 0.309326
vt 0.013672 0.311279
vt 0.014648 0.30957
vt 0.013916 0.308838
vt 0.014404 0.310059
vt 0.014404 0.310303
vt 0.014648 0.309082
vt 0.014893 0.309814
vt 0.013184 0.308594
vt 0.014893 0.310303
vt 0.015137 0.309326
vt 0.015625 0.30957
vt 0.012451 0.30835
vt 0.012939 0.308105
vt 0.012451 0.307861
vt 0.013916 0.308105
vt 0.01416 0.308594
vt 0.013672 0.307861
vt 0.015381 0.308838
vt 0.014648 0.307861
vt 0.015137 0.308105
vt 0.015625 0.309082
vt 0.015869 0.308594
vt 0.015137 0.307861
vt 0.014648 0.307373
vt 0.016113 0.308838
vt 0.016113 0.30835
vt 0.015381 0.307373
vt 0.016357 0.308594
vt 0.015869 0.307617
vt 0.016846 0.308105
vt 0.016846 0.308838
vt 0.016357 0.307129
vt 0.016113 0.309326
vt 0.01709 0.30835
vt 0.016602 0.307617
vt 0.017334 0.308105
vt 0.017334 0.307617
vt 0.017334 0.307129
vt 0.017578 0.308594
vt 0.01709 0.308594
vt 0.016846 0.309326
vt 0.017334 0.309082
vt 0.017578 0.309326
vt 0.018066 0.308105
vt 0.01709 0.309326
vt 0.016602 0.30957
vt 0.016113 0.309814
vt 0.016846 0.309814
vt 0.016113 0.310059
vt 0.015381 0.310059
vt 0.014893 0.310547
vt 0.015625 0.310303
vt 0.015137 0.310303
vt 0.015381 0.310547
vt 0.014404 0.310791
vt 0.01416 0.311035
vt 0.014648 0.310791
vt 0.013428 0.311768
vt 0.01416 0.311523
vt 0.014893 0.311523
vt 0.015625 0.311523
vt 0.014893 0.312012
vt 0.01416 0.312012
vt 0.015137 0.312988
vt 0.015869 0.312256
vt 0.016357 0.311523
vt 0.016113 0.310547
vt 0.01709 0.310547
vt 0.017334 0.311523
vt 0.016846 0.312988
vt 0.017822 0.311279
vt 0.017578 0.312744
vt 0.018066 0.3125
vt 0.017822 0.310791
vt 0.017578 0.309814
vt 0.018066 0.311035
vt 0.018066 0.310303
vt 0.018311 0.309814
vt 0.018555 0.310791
vt 0.018799 0.311768
vt 0.018311 0.312256
vt 0.018555 0.310303
vt 0.018311 0.309326
vt 0.018799 0.30957
vt 0.018066 0.308594
vt 0.018799 0.309326
vt 0.018799 0.308594
vt 0.018799 0.308105
vt 0.019287 0.308594
vt 0.019287 0.309326
vt 0.019043 0.310059
vt 0.02002 0.30957
vt 0.019287 0.311035
vt 0.02002 0.310303
vt 0.019775 0.310547
vt 0.019043 0.311523
vt 0.020264 0.311035
vt 0.019531 0.312012
vt 0.020264 0.312012
vt 0.020996 0.311279
vt 0.020752 0.311523
vt 0.019531 0.312744
vt 0.02002 0.3125
vt 0.020508 0.312988
vt 0.02124 0.312256
vt 0.020996 0.312988
vt 0.022217 0.312988
vt 0.021484 0.313721
vt 0.02002 0.313477
vt 0.020752 0.314209
vt 0.019775 0.313965
vt 0.021729 0.314697
vt 0.019287 0.313232
vt 0.018799 0.312744
vt 0.018799 0.313477
vt 0.019287 0.314209
vt 0.020508 0.314697
vt 0.02002 0.314941
vt 0.019043 0.314453
vt 0.018311 0.313721
vt 0.019775 0.315186
vt 0.017822 0.313721
vt 0.018555 0.314697
vt 0.019287 0.315674
vt 0.02002 0.315918
vt 0.020752 0.31543
vt 0.017578 0.314209
vt 0.018555 0.315186
vt 0.019043 0.315918
vt 0.018066 0.315186
vt 0.019531 0.31665
vt 0.018799 0.316162
vt 0.01709 0.314453
vt 0.018311 0.316406
vt 0.017334 0.31543
vt 0.016602 0.31543
vt 0.016357 0.314453
vt 0.016113 0.313477
vt 0.015625 0.314453
vt 0.015381 0.313721
vt 0.015869 0.31543
vt 0.014893 0.314453
vt 0.014648 0.313721
vt 0.014893 0.315674
vt 0.013916 0.314453
vt 0.014404 0.312988
vt 0.013428 0.313232
vt 0.013428 0.312256
vt 0.013428 0.312744
vt 0.012695 0.312744
vt 0.012695 0.312256
vt 0.012939 0.312012
vt 0.012207 0.312988
vt 0.012695 0.313232
vt 0.012207 0.3125
vt 0.012939 0.311523
vt 0.012451 0.312012
vt 0.012451 0.311523
vt 0.012207 0.311768
vt 0.011719 0.311279
vt 0.011475 0.311279
vt 0.011475 0.311768
vt 0.010986 0.311523
vt 0.011475 0.312256
vt 0.010986 0.3125
vt 0.010254 0.311523
vt 0.010498 0.312012
vt 0.009521 0.310791
vt 0.009521 0.312012
vt 0.010254 0.312988
vt 0.009033 0.310547
vt 0.008545 0.311279
vt 0.008057 0.310791
vt 0.007812 0.310303
vt 0.007324 0.311035
vt 0.006836 0.310547
vt 0.006104 0.310547
vt 0.006104 0.311279
vt 0.005615 0.310791
vt 0.004639 0.311035
vt 0.005127 0.311523
vt 0.00415 0.310547
vt 0.003662 0.310303
vt 0.003906 0.311279
vt 0.003174 0.310791
vt 0.00415 0.311768
vt 0.003418 0.311279
vt 0.00293 0.311523
vt 0.00293 0.312256
vt 0.003906 0.312256
vt 0.004395 0.312744
vt 0.003418 0.312988
vt 0.002441 0.313477
vt 0.005371 0.312256
vt 0.003906 0.313965
vt 0.00293 0.314209
vt 0.002197 0.314697
vt 0.002441 0.31543
vt 0.003418 0.315186
vt 0.002686 0.316406
vt 0.004883 0.313477
vt 0.004395 0.314697
vt 0.003906 0.315918
vt 0.003174 0.316895
vt 0.004883 0.31543
vt 0.002686 0.317139
vt 0.002197 0.317383
vt 0.00415 0.31665
vt 0.002686 0.318115
vt 0.001709 0.317627
vt 0.005371 0.314209
vt 0.005859 0.312988
vt 0.005859 0.314941
vt 0.006592 0.311768
vt 0.006348 0.313721
vt 0.00708 0.312744
vt 0.007324 0.311768
vt 0.00708 0.313721
vt 0.008057 0.312256
vt 0.008789 0.312256
vt 0.00708 0.314453
vt 0.007568 0.313232
vt 0.009521 0.312744
vt 0.008545 0.312988
vt 0.009277 0.313232
vt 0.01001 0.313477
vt 0.008057 0.314209
vt 0.008789 0.313965
vt 0.009521 0.313965
vt 0.010254 0.314453
vt 0.009033 0.314697
vt 0.007812 0.315186
vt 0.006592 0.315674
vt 0.008545 0.315918
vt 0.009766 0.314453
vt 0.009521 0.315186
vt 0.009033 0.315674
vt 0.009766 0.315186
vt 0.009521 0.315674
vt 0.010254 0.314697
vt 0.009766 0.315674
vt 0.009277 0.316162
vt 0.009766 0.315918
vt 0.010254 0.315186
vt 0.010498 0.314209
vt 0.010498 0.313721
vt 0.010742 0.313232
vt 0.01123 0.313721
vt 0.010498 0.314697
vt 0.010742 0.314697
vt 0.01123 0.312744
vt 0.01123 0.313232
vt 0.011719 0.312744
vt 0.011475 0.313477
vt 0.011719 0.313232
vt 0.011475 0.313721
vt 0.010986 0.314453
vt 0.011963 0.313477
vt 0.011475 0.313965
vt 0.010986 0.314697
vt 0.012939 0.313965
vt 0.012207 0.313965
vt 0.010742 0.314941
vt 0.011475 0.314697
vt 0.012207 0.314453
vt 0.013184 0.314697
vt 0.012451 0.31543
vt 0.011719 0.315918
vt 0.013916 0.315674
vt 0.012695 0.316162
vt 0.010986 0.315674
vt 0.011963 0.316895
vt 0.010254 0.315918
vt 0.010986 0.316162
vt 0.009766 0.316406
vt 0.010254 0.316162
vt 0.01123 0.317139
vt 0.009277 0.31665
vt 0.009033 0.317139
vt 0.009521 0.316895
vt 0.010498 0.316895
vt 0.009033 0.316895
vt 0.008789 0.316406
vt 0.008789 0.317139
vt 0.008789 0.316162
vt 0.008301 0.316895
vt 0.007812 0.316895
vt 0.008057 0.317383
vt 0.008301 0.317627
vt 0.007812 0.317871
vt 0.008301 0.317871
vt 0.008057 0.318359
vt 0.008545 0.317627
vt 0.008545 0.318115
vt 0.009033 0.317383
vt 0.009766 0.317383
vt 0.009033 0.318115
vt 0.010742 0.318359
vt 0.009766 0.318115
vt 0.011475 0.318115
vt 0.011719 0.319092
vt 0.012207 0.318115
vt 0.012451 0.319092
vt 0.012939 0.317871
vt 0.010986 0.319092
vt 0.013184 0.319092
vt 0.012939 0.316895
vt 0.013916 0.318848
vt 0.013428 0.316406
vt 0.013916 0.317871
vt 0.01416 0.31665
vt 0.014404 0.317627
vt 0.015137 0.316406
vt 0.015137 0.317139
vt 0.015869 0.316406
vt 0.014893 0.318604
vt 0.015625 0.318115
vt 0.016113 0.317627
vt 0.016846 0.316406
vt 0.016357 0.318604
vt 0.017578 0.316406
vt 0.016846 0.317383
vt 0.017822 0.317383
vt 0.01709 0.318359
vt 0.018311 0.317383
vt 0.017822 0.318359
vt 0.019043 0.317139
vt 0.019287 0.318115
vt 0.018555 0.318359
vt 0.019775 0.317627
vt 0.020264 0.317139
vt 0.019287 0.319092
vt 0.018066 0.319336
vt 0.02002 0.318359
vt 0.02002 0.319092
vt 0.020508 0.317871
vt 0.020752 0.318848
vt 0.02002 0.316406
vt 0.020996 0.31665
vt 0.020996 0.317627
vt 0.021484 0.316162
vt 0.02124 0.318604
vt 0.021729 0.317139
vt 0.021973 0.318359
vt 0.021484 0.31958
vt 0.022705 0.316406
vt 0.022461 0.31543
vt 0.022217 0.314209
vt 0.023193 0.315918
vt 0.022949 0.314941
vt 0.023438 0.31665
vt 0.022461 0.316895
vt 0.022461 0.317627
vt 0.023438 0.317383
vt 0.02417 0.31543
vt 0.024414 0.316162
vt 0.023438 0.314697
vt 0.023926 0.314209
vt 0.023193 0.314209
vt 0.023438 0.313232
vt 0.024414 0.316895
vt 0.025146 0.316895
vt 0.024658 0.317383
vt 0.02417 0.317383
vt 0.024414 0.317871
vt 0.023682 0.317871
vt 0.023682 0.318604
vt 0.024658 0.318604
vt 0.022949 0.318115
vt 0.024414 0.319092
vt 0.023438 0.319092
vt 0.022705 0.318604
vt 0.02417 0.319336
vt 0.022705 0.319092
vt 0.021973 0.319336
vt 0.022949 0.319336
vt 0.023193 0.320312
vt 0.02417 0.320557
vt 0.023682 0.321045
vt 0.022217 0.320312
vt 0.023682 0.321289
vt 0.022949 0.320801
vt 0.022217 0.320801
vt 0.022461 0.321289
vt 0.022949 0.32251
vt 0.021729 0.322266
vt 0.022461 0.322998
vt 0.021729 0.321289
vt 0.021484 0.320068
vt 0.020508 0.31958
vt 0.020752 0.320312
vt 0.02002 0.319824
vt 0.020508 0.320801
vt 0.020996 0.321533
vt 0.020508 0.321289
vt 0.020752 0.322021
vt 0.021729 0.322754
vt 0.022217 0.323242
vt 0.019531 0.321533
vt 0.02124 0.323242
vt 0.021484 0.324463
vt 0.020996 0.324463
vt 0.020752 0.322754
vt 0.020264 0.322998
vt 0.020264 0.322021
vt 0.019531 0.323975
vt 0.020508 0.324951
vt 0.019531 0.32251
vt 0.019287 0.323242
vt 0.019531 0.324951
vt 0.019775 0.325439
vt 0.018799 0.323975
vt 0.019043 0.323242
vt 0.019043 0.32251
vt 0.018311 0.325195
vt 0.019043 0.326172
vt 0.018555 0.326416
vt 0.018555 0.324707
vt 0.017822 0.324707
vt 0.018311 0.324219
vt 0.018066 0.32373
vt 0.017822 0.324219
vt 0.018311 0.322754
vt 0.017578 0.323486
vt 0.01709 0.323975
vt 0.017578 0.32666
vt 0.018311 0.32666
vt 0.017578 0.326904
vt 0.016846 0.326904
vt 0.016846 0.324951
vt 0.016602 0.326172
vt 0.016357 0.324219
vt 0.015869 0.326904
vt 0.016357 0.327881
vt 0.016357 0.325195
vt 0.015869 0.325439
vt 0.015625 0.328125
vt 0.015137 0.328369
vt 0.014893 0.328369
vt 0.014404 0.328369
vt 0.015137 0.32666
vt 0.015869 0.326172
vt 0.013916 0.328369
vt 0.013916 0.329346
vt 0.014404 0.32666
vt 0.013916 0.327881
vt 0.013184 0.32959
vt 0.013428 0.32959
vt 0.013184 0.329834
vt 0.013184 0.328125
vt 0.012939 0.329834
vt 0.013672 0.32666
vt 0.012207 0.327881
vt 0.013428 0.326416
vt 0.012939 0.32666
vt 0.013184 0.327637
vt 0.012207 0.327637
vt 0.011719 0.327881
vt 0.012207 0.32959
vt 0.012207 0.329834
vt 0.011963 0.329834
vt 0.011475 0.329834
vt 0.012207 0.327148
vt 0.011475 0.327393
vt 0.010986 0.328125
vt 0.010986 0.328857
vt 0.010498 0.328857
vt 0.010498 0.32959
vt 0.010742 0.330811
vt 0.010254 0.328369
vt 0.01001 0.330811
vt 0.010498 0.327393
vt 0.01001 0.328613
vt 0.009766 0.32959
vt 0.009033 0.330811
vt 0.009521 0.328369
vt 0.009033 0.329834
vt 0.008545 0.330811
vt 0.008789 0.328613
vt 0.008057 0.330078
vt 0.007812 0.330811
vt 0.008789 0.328125
vt 0.007812 0.328857
vt 0.00708 0.329834
vt 0.00708 0.331055
vt 0.006592 0.329834
vt 0.006104 0.331299
vt 0.00708 0.328857
vt 0.007812 0.328125
vt 0.00708 0.328125
vt 0.006348 0.329346
vt 0.005859 0.330078
vt 0.005371 0.330078
vt 0.005371 0.331299
vt 0.004395 0.330566
vt 0.005371 0.329346
vt 0.004883 0.32959
vt 0.004395 0.329834
vt 0.003662 0.330078
vt 0.006348 0.328369
vt 0.005615 0.328613
vt 0.003662 0.329346
vt 0.004639 0.329102
vt 0.006104 0.327881
vt 0.003174 0.32959
vt 0.005371 0.327881
vt 0.004639 0.327881
vt 0.00293 0.329346
vt 0.002686 0.329346
vt 0.002441 0.328857
vt 0.003662 0.328369
vt 0.002441 0.328613
vt 0.002197 0.328369
vt 0.005127 0.327637
vt 0.004395 0.327637
vt 0.003662 0.327637
vt 0.002441 0.327637
vt 0.001953 0.328125
vt 0.003418 0.327393
vt 0.003906 0.327393
vt 0.001953 0.327148
vt 0.001709 0.327393
vt 0.003174 0.327148
vt 0.003662 0.327148
vt 0.001709 0.326416
vt 0.001221 0.32666
vt 0.00293 0.32666
vt 0.001221 0.325684
vt 0.002686 0.326416
vt 0.001953 0.325195
vt 0.002197 0.325684
vt 0.001221 0.324463
vt 0.00293 0.325928
vt 0.003418 0.326416
vt 0.00415 0.326172
vt 0.001953 0.323975
vt 0.000977 0.323486
vt 0.002686 0.324951
vt 0.003662 0.325684
vt 0.003174 0.324707
vt 0.003906 0.324463
vt 0.001465 0.323242
vt 0.000732 0.322754
vt 0.002686 0.32373
vt 0.002197 0.322998
vt 0.000977 0.32251
vt 0.003174 0.32373
vt 0.001709 0.322266
vt 0.002686 0.322998
vt 0.000488 0.322021
vt 0.000488 0.322266
vt 0.000488 0.321289
vt 0.001221 0.321533
vt 0.000732 0.320801
vt 0.000488 0.320068
vt 0.002197 0.322021
vt 0.001953 0.321289
vt 0.001465 0.320557
vt 0.000977 0.319824
vt 0.000488 0.319092
vt 0.001709 0.31958
vt 0.001221 0.318848
vt 0.002197 0.320312
vt 0.002197 0.319336
vt 0.001709 0.318604
vt 0.002441 0.320068
vt 0.002197 0.318359
vt 0.002686 0.319092
vt 0.00293 0.321045
vt 0.002441 0.321045
vt 0.003174 0.320801
vt 0.003418 0.321777
vt 0.00293 0.321777
vt 0.00293 0.320068
vt 0.00293 0.318848
vt 0.003418 0.31958
vt 0.003418 0.318848
vt 0.003662 0.317627
vt 0.00415 0.318359
vt 0.004395 0.317383
vt 0.004883 0.317139
vt 0.004883 0.316406
vt 0.005371 0.316162
vt 0.006104 0.316895
vt 0.005371 0.318115
vt 0.006592 0.31665
vt 0.006104 0.317627
vt 0.007324 0.316162
vt 0.006836 0.317383
vt 0.007324 0.318115
vt 0.005859 0.318604
vt 0.004883 0.319092
vt 0.00415 0.319336
vt 0.004395 0.320312
vt 0.005615 0.319824
vt 0.006592 0.319336
vt 0.007568 0.318359
vt 0.007324 0.319092
vt 0.007812 0.318604
vt 0.007812 0.319092
vt 0.008057 0.318848
vt 0.007812 0.319336
vt 0.008545 0.318604
vt 0.007568 0.31958
vt 0.00708 0.319824
vt 0.007568 0.319824
vt 0.008301 0.319092
vt 0.007812 0.319824
vt 0.007324 0.320312
vt 0.009277 0.319336
vt 0.008545 0.31958
vt 0.007812 0.320312
vt 0.008789 0.320557
vt 0.010254 0.319336
vt 0.009766 0.320557
vt 0.01123 0.319824
vt 0.010498 0.320557
vt 0.011963 0.320312
vt 0.008789 0.321777
vt 0.01123 0.320801
vt 0.010498 0.321533
vt 0.012695 0.320068
vt 0.009766 0.321289
vt 0.011963 0.321045
vt 0.01123 0.321777
vt 0.012695 0.320801
vt 0.011963 0.321777
vt 0.013428 0.319824
vt 0.013672 0.320801
vt 0.013916 0.31958
vt 0.013428 0.320312
vt 0.01416 0.320557
vt 0.014893 0.31958
vt 0.012939 0.322021
vt 0.013428 0.321533
vt 0.014404 0.322021
vt 0.013672 0.322266
vt 0.012207 0.322998
vt 0.013184 0.323242
vt 0.013916 0.323242
vt 0.014893 0.320801
vt 0.011475 0.322754
vt 0.012451 0.324219
vt 0.013428 0.324219
vt 0.011719 0.324219
vt 0.010742 0.322754
vt 0.01416 0.324219
vt 0.010742 0.323975
vt 0.010498 0.322266
vt 0.01001 0.32373
vt 0.01001 0.322998
vt 0.009766 0.322266
vt 0.009521 0.321777
vt 0.009033 0.322266
vt 0.009521 0.322998
vt 0.008057 0.323242
vt 0.009033 0.323242
vt 0.009277 0.32373
vt 0.008301 0.323975
vt 0.009277 0.324463
vt 0.009277 0.324951
vt 0.008545 0.324463
vt 0.007568 0.324219
vt 0.008789 0.324951
vt 0.007568 0.325195
vt 0.008545 0.325439
vt 0.008057 0.325928
vt 0.010254 0.324951
vt 0.008789 0.325928
vt 0.009521 0.325928
vt 0.01123 0.325195
vt 0.010254 0.325928
vt 0.009033 0.326904
vt 0.009766 0.326904
vt 0.010498 0.32666
vt 0.01123 0.326416
vt 0.011963 0.325195
vt 0.012207 0.326416
vt 0.012695 0.325195
vt 0.012695 0.326172
vt 0.013672 0.325684
vt 0.014404 0.325684
vt 0.01416 0.325195
vt 0.014404 0.326416
vt 0.015137 0.326172
vt 0.014893 0.325439
vt 0.014893 0.324463
vt 0.015625 0.324951
vt 0.015625 0.324219
vt 0.014893 0.323975
vt 0.015625 0.323242
vt 0.014648 0.323242
vt 0.015381 0.322021
vt 0.016357 0.323486
vt 0.016113 0.322754
vt 0.01709 0.323242
vt 0.016846 0.322021
vt 0.016113 0.322021
vt 0.017822 0.322754
vt 0.015869 0.320801
vt 0.016846 0.320801
vt 0.015625 0.319824
vt 0.016357 0.31958
vt 0.017578 0.322021
vt 0.015381 0.31958
vt 0.015381 0.318848
vt 0.017334 0.31958
vt 0.017334 0.320801
vt 0.018311 0.320068
vt 0.017578 0.321045
vt 0.018311 0.321777
vt 0.018311 0.321045
vt 0.019043 0.321533
vt 0.018799 0.320557
vt 0.019531 0.320557
vt 0.019287 0.320557
vt 0.019531 0.319824
vt 0.018799 0.320068
vt 0.018799 0.31958
vt 0.018555 0.31958
vt 0.018555 0.319092
vt 0.024902 0.308105
vt 0.024902 0.308838
vt 0.02417 0.308594
vt 0.024414 0.309326
vt 0.024902 0.30957
vt 0.023926 0.307861
vt 0.02417 0.307373
vt 0.023438 0.307373
vt 0.023682 0.308105
vt 0.023682 0.30835
vt 0.023193 0.307617
vt 0.022217 0.307373
vt 0.022949 0.308105
vt 0.022461 0.307861
vt 0.021729 0.307373
vt 0.02124 0.306396
vt 0.022461 0.30835
vt 0.023193 0.309082
vt 0.021973 0.307861
vt 0.022461 0.308838
vt 0.023682 0.309082
vt 0.021973 0.308594
vt 0.022705 0.30957
vt 0.023193 0.30957
vt 0.023682 0.309814
vt 0.024414 0.310059
vt 0.024902 0.310303
vt 0.024902 0.310791
vt 0.023682 0.310547
vt 0.02417 0.310791
vt 0.024658 0.311523
vt 0.022949 0.310303
vt 0.023438 0.311035
vt 0.023926 0.311279
vt 0.024414 0.312256
vt 0.021973 0.309326
vt 0.022705 0.310791
vt 0.023438 0.311523
vt 0.021973 0.309814
vt 0.020996 0.309082
vt 0.023926 0.312012
vt 0.022949 0.312012
vt 0.023682 0.3125
vt 0.023926 0.312988
vt 0.022949 0.312744
vt 0.022705 0.313721
vt 0.022705 0.312256
vt 0.022217 0.311279
vt 0.021973 0.312256
vt 0.021973 0.311523
vt 0.021973 0.310791
vt 0.02124 0.310791
vt 0.021484 0.310303
vt 0.020752 0.30957
vt 0.020996 0.310547
vt 0.020508 0.309814
vt 0.020508 0.309326
vt 0.019775 0.308838
vt 0.020508 0.308838
vt 0.020508 0.30835
vt 0.020996 0.30835
vt 0.019287 0.308105
vt 0.019775 0.308105
vt 0.020264 0.307861
vt 0.021484 0.308105
vt 0.020752 0.307861
vt 0.019775 0.307617
vt 0.02124 0.307617
vt 0.020508 0.307373
vt 0.020996 0.307129
vt 0.02002 0.306641
vt 0.019775 0.305908
vt 0.019775 0.307129
vt 0.019043 0.306152
vt 0.018555 0.305908
vt 0.019043 0.306641
vt 0.019287 0.307129
vt 0.018799 0.307373
vt 0.018799 0.307129
vt 0.017822 0.306152
vt 0.017822 0.306396
vt 0.017334 0.305664
vt 0.01709 0.305176
vt 0.016602 0.306152
vt 0.015625 0.305176
vt 0.015137 0.304688
vt 0.016113 0.305664
vt 0.014404 0.304932
vt 0.01416 0.304688
vt 0.014648 0.305176
vt 0.013184 0.305176
vt 0.012939 0.304688
vt 0.015381 0.306152
vt 0.014893 0.305664
vt 0.013428 0.30542
vt 0.012451 0.305176
vt 0.012695 0.305664
vt 0.013916 0.305908
vt 0.011963 0.305908
vt 0.016846 0.306396
vt 0.01123 0.306396
vt 0.012207 0.306152
vt 0.010498 0.306641
vt 0.011719 0.306396
vt 0.011475 0.306885
vt 0.013184 0.306152
vt 0.012451 0.306641
vt 0.013428 0.306396
vt 0.014404 0.306152
vt 0.015625 0.306396
vt 0.014648 0.306396
vt 0.013916 0.306885
vt 0.012939 0.306885
vt 0.012451 0.307373
vt 0.013916 0.307129
vt 0.014648 0.306885
vt 0.015137 0.306885
vt 0.013184 0.307373
vt 0.016113 0.306885
vt 0.011719 0.307617
vt 0.01709 0.306885
vt 0.018066 0.306885
vt 0.018066 0.307129
vt 0.010986 0.307617
vt 0.010498 0.307129
vt 0.01001 0.307617
vt 0.01001 0.306885
vt 0.009521 0.307129
vt 0.009277 0.306885
vt 0.009033 0.307129
vt 0.018555 0.307617
vt 0.018066 0.307617
vt 0.417236 0.965088
vt 0.41748 0.9646
vt 0.417969 0.9646
vt 0.418457 0.965088
vt 0.417725 0.965088
vt 0.416748 0.965332
vt 0.417725 0.965332
vt 0.417236 0.965576
vt 0.416992 0.96582
vt 0.41748 0.966064
vt 0.417725 0.96582
vt 0.417969 0.966309
vt 0.418457 0.965576
vt 0.418457 0.966064
vt 0.418701 0.965332
vt 0.418945 0.96582
vt 0.418945 0.966553
vt 0.419189 0.96582
vt 0.418701 0.965088
vt 0.419189 0.965332
vt 0.418945 0.964844
vt 0.419434 0.964844
vt 0.419922 0.965332
vt 0.42041 0.965332
vt 0.419922 0.96582
vt 0.42041 0.965576
vt 0.421387 0.96582
vt 0.420654 0.965576
vt 0.420898 0.966064
vt 0.421631 0.966309
vt 0.422119 0.966309
vt 0.422363 0.966553
vt 0.421875 0.966797
vt 0.423096 0.967285
vt 0.422363 0.967041
vt 0.421631 0.967041
vt 0.421875 0.967285
vt 0.422363 0.967529
vt 0.423584 0.968262
vt 0.422852 0.968018
vt 0.420898 0.966553
vt 0.421387 0.967285
vt 0.42041 0.966309
vt 0.420898 0.967041
vt 0.42041 0.966797
vt 0.419922 0.966553
vt 0.419434 0.966309
vt 0.419434 0.966797
vt 0.419922 0.967041
vt 0.420654 0.967041
vt 0.418945 0.966797
vt 0.419434 0.967041
vt 0.420166 0.967285
vt 0.418701 0.966797
vt 0.418945 0.967041
vt 0.421143 0.967773
vt 0.420898 0.968018
vt 0.421631 0.968018
vt 0.422119 0.967773
vt 0.422119 0.968506
vt 0.422607 0.968018
vt 0.422119 0.968018
vt 0.421875 0.968262
vt 0.422607 0.968262
vt 0.422852 0.968262
vt 0.423096 0.96875
vt 0.423584 0.969238
vt 0.423584 0.968506
vt 0.423828 0.968506
vt 0.424072 0.968994
vt 0.424316 0.968506
vt 0.424316 0.96875
vt 0.424805 0.969238
vt 0.424316 0.969482
vt 0.423828 0.969238
vt 0.424805 0.969727
vt 0.424561 0.969727
vt 0.424072 0.969727
vt 0.424316 0.970215
vt 0.425049 0.970215
vt 0.425293 0.969971
vt 0.425293 0.970703
vt 0.424561 0.970703
vt 0.424805 0.971191
vt 0.426025 0.971191
vt 0.425781 0.970459
vt 0.425781 0.969971
vt 0.42627 0.970947
vt 0.426025 0.969971
vt 0.426025 0.970215
vt 0.426758 0.970215
vt 0.426758 0.970703
vt 0.426758 0.971191
vt 0.427246 0.970947
vt 0.42749 0.970947
vt 0.426514 0.97168
vt 0.426758 0.971436
vt 0.427246 0.971924
vt 0.427002 0.971191
vt 0.427734 0.97168
vt 0.427734 0.971436
vt 0.427979 0.971191
vt 0.428223 0.97168
vt 0.428711 0.97168
vt 0.428467 0.972168
vt 0.428467 0.971924
vt 0.429443 0.972168
vt 0.428955 0.972656
vt 0.429199 0.972412
vt 0.429932 0.971924
vt 0.429688 0.972412
vt 0.429688 0.9729
vt 0.429932 0.972412
vt 0.429932 0.9729
vt 0.430176 0.973633
vt 0.430664 0.9729
vt 0.43042 0.973145
vt 0.430664 0.973633
vt 0.431152 0.973145
vt 0.431152 0.973633
vt 0.431152 0.974121
vt 0.431396 0.973633
vt 0.431396 0.974121
vt 0.406006 0.984375
vt 0.406006 0.984863
vt 0.40625 0.984131
vt 0.406738 0.984619
vt 0.406738 0.984131
vt 0.407227 0.984619
vt 0.407227 0.984131
vt 0.407227 0.983643
vt 0.407471 0.984131
vt 0.407715 0.984619
vt 0.408203 0.984375
vt 0.407959 0.984619
vt 0.408691 0.983887
vt 0.408691 0.984863
vt 0.408447 0.985107
vt 0.409668 0.983643
vt 0.409424 0.984619
vt 0.410156 0.983887
vt 0.4104 0.983643
vt 0.410645 0.984131
vt 0.409668 0.985107
vt 0.4104 0.983154
vt 0.410645 0.983643
vt 0.411133 0.983643
vt 0.411621 0.983154
vt 0.411621 0.984131
vt 0.411621 0.982178
vt 0.412109 0.983887
vt 0.412598 0.981689
vt 0.412109 0.98291
vt 0.413086 0.981445
vt 0.41333 0.982178
vt 0.412354 0.983643
vt 0.412598 0.984375
vt 0.412842 0.983643
vt 0.41333 0.983154
vt 0.413086 0.984131
vt 0.412842 0.984863
vt 0.411865 0.984619
vt 0.411621 0.985107
vt 0.412109 0.985596
vt 0.411133 0.984619
vt 0.410889 0.985352
vt 0.4104 0.985107
vt 0.409912 0.985352
vt 0.411621 0.98584
vt 0.4104 0.985596
vt 0.409424 0.985352
vt 0.409912 0.985596
vt 0.410156 0.98584
vt 0.409668 0.98584
vt 0.408936 0.985352
vt 0.40918 0.98584
vt 0.407959 0.985107
vt 0.408447 0.985596
vt 0.407471 0.984863
vt 0.407715 0.985352
vt 0.40918 0.986084
vt 0.409424 0.986084
vt 0.408936 0.986328
vt 0.409424 0.986328
vt 0.408203 0.98584
vt 0.40918 0.986572
vt 0.408447 0.986328
vt 0.407959 0.986084
vt 0.408691 0.986572
vt 0.407959 0.986572
vt 0.408936 0.987061
vt 0.407959 0.987061
vt 0.407471 0.986816
vt 0.40918 0.986816
vt 0.407227 0.986328
vt 0.406982 0.986328
vt 0.407227 0.985596
vt 0.406738 0.98584
vt 0.406982 0.985352
vt 0.406494 0.985352
vt 0.40625 0.985352
vt 0.406494 0.984863
vt 0.414307 0.977051
vt 0.414795 0.977539
vt 0.415039 0.976562
vt 0.414307 0.978027
vt 0.415527 0.977051
vt 0.415527 0.977783
vt 0.414795 0.978516
vt 0.414062 0.979004
vt 0.415527 0.979004
vt 0.414551 0.979736
vt 0.414062 0.97998
vt 0.415527 0.97998
vt 0.414551 0.980713
vt 0.413818 0.980957
vt 0.415283 0.981201
vt 0.414307 0.981689
vt 0.41626 0.979492
vt 0.414795 0.982178
vt 0.416992 0.979004
vt 0.415283 0.981934
vt 0.41626 0.980469
vt 0.416748 0.97998
vt 0.41748 0.979492
vt 0.417236 0.980713
vt 0.416748 0.980957
vt 0.416016 0.981445
vt 0.418213 0.97998
vt 0.417969 0.981201
vt 0.416992 0.981689
vt 0.416504 0.981934
vt 0.415771 0.982422
vt 0.41748 0.982178
vt 0.416748 0.982422
vt 0.418457 0.981445
vt 0.417725 0.982666
vt 0.418945 0.981934
vt 0.419678 0.981445
vt 0.419434 0.980957
vt 0.418945 0.980469
vt 0.419678 0.97998
vt 0.420166 0.980713
vt 0.419189 0.979248
vt 0.419189 0.982422
vt 0.420654 0.981445
vt 0.418213 0.983154
vt 0.420898 0.979736
vt 0.41748 0.983643
vt 0.420166 0.979492
vt 0.421143 0.980957
vt 0.420898 0.979004
vt 0.421631 0.980225
vt 0.419678 0.979004
vt 0.421875 0.979492
vt 0.420166 0.978516
vt 0.419189 0.978271
vt 0.421875 0.981445
vt 0.421143 0.978271
vt 0.422363 0.97998
vt 0.422852 0.980713
vt 0.423096 0.97998
vt 0.422607 0.97876
vt 0.419678 0.977783
vt 0.421875 0.978027
vt 0.42041 0.977295
vt 0.421143 0.977295
vt 0.418701 0.977539
vt 0.419189 0.977295
vt 0.419922 0.976807
vt 0.417969 0.977295
vt 0.418701 0.976562
vt 0.417969 0.978271
vt 0.418701 0.97876
vt 0.417969 0.979248
vt 0.416504 0.978271
vt 0.416992 0.977783
vt 0.416504 0.977295
vt 0.415771 0.976318
vt 0.417236 0.976807
vt 0.418213 0.976074
vt 0.416748 0.976318
vt 0.414551 0.976074
vt 0.415283 0.975586
vt 0.416016 0.975342
vt 0.414795 0.974854
vt 0.414062 0.974121
vt 0.41333 0.973389
vt 0.415283 0.974609
vt 0.414307 0.973145
vt 0.414795 0.974121
vt 0.416016 0.974365
vt 0.415527 0.973633
vt 0.413574 0.972412
vt 0.414551 0.972656
vt 0.415039 0.973145
vt 0.41626 0.973389
vt 0.415771 0.972656
vt 0.415283 0.972168
vt 0.415771 0.97168
vt 0.416504 0.972412
vt 0.416748 0.97168
vt 0.416992 0.973389
vt 0.416992 0.970947
vt 0.418213 0.970947
vt 0.41748 0.971436
vt 0.418457 0.97168
vt 0.418945 0.972412
vt 0.417969 0.971924
vt 0.417236 0.972412
vt 0.418213 0.972412
vt 0.417725 0.9729
vt 0.418701 0.973145
vt 0.419678 0.973145
vt 0.420898 0.973145
vt 0.420166 0.973633
vt 0.421143 0.973633
vt 0.420654 0.974121
vt 0.419678 0.974121
vt 0.418213 0.973389
vt 0.418701 0.974121
vt 0.420166 0.974609
vt 0.41748 0.973877
vt 0.421143 0.974854
vt 0.420654 0.975342
vt 0.416992 0.974365
vt 0.417969 0.974365
vt 0.41748 0.974854
vt 0.416748 0.975342
vt 0.418457 0.975342
vt 0.417725 0.975342
vt 0.417236 0.97583
vt 0.419434 0.975098
vt 0.419434 0.976074
vt 0.419922 0.975586
vt 0.42041 0.976318
vt 0.421143 0.97583
vt 0.421631 0.976318
vt 0.421875 0.975098
vt 0.422607 0.974609
vt 0.422852 0.975342
vt 0.42334 0.976074
vt 0.424316 0.975586
vt 0.422119 0.976807
vt 0.424316 0.976562
vt 0.422363 0.977783
vt 0.423096 0.977051
vt 0.424316 0.977539
vt 0.424805 0.976318
vt 0.425537 0.976074
vt 0.423584 0.978027
vt 0.425293 0.978271
vt 0.424316 0.978271
vt 0.424072 0.97876
vt 0.424805 0.979004
vt 0.425537 0.979492
vt 0.423584 0.979492
vt 0.425049 0.97998
vt 0.424316 0.980469
vt 0.423828 0.980957
vt 0.423096 0.981445
vt 0.422607 0.981689
vt 0.423828 0.982178
vt 0.424316 0.981445
vt 0.425049 0.981201
vt 0.425537 0.980469
vt 0.425049 0.981689
vt 0.426758 0.980713
vt 0.425293 0.981201
vt 0.42627 0.981445
vt 0.42749 0.981445
vt 0.425781 0.981934
vt 0.426758 0.981689
vt 0.42749 0.981689
vt 0.42749 0.981934
vt 0.427002 0.982178
vt 0.427002 0.981934
vt 0.427002 0.982422
vt 0.426514 0.982666
vt 0.42627 0.982422
vt 0.42627 0.98291
vt 0.425537 0.98291
vt 0.426025 0.982178
vt 0.425781 0.98291
vt 0.425293 0.982422
vt 0.425537 0.982666
vt 0.425049 0.983154
vt 0.424805 0.98291
vt 0.425049 0.983398
vt 0.424805 0.983154
vt 0.424805 0.982178
vt 0.424316 0.982422
vt 0.424072 0.982666
vt 0.42334 0.982666
vt 0.423584 0.983154
vt 0.424316 0.983398
vt 0.422852 0.983398
vt 0.422363 0.982178
vt 0.423096 0.983643
vt 0.424316 0.983643
vt 0.422607 0.982422
vt 0.422119 0.982178
vt 0.422363 0.982666
vt 0.421387 0.982666
vt 0.420898 0.981934
vt 0.421875 0.983154
vt 0.420898 0.983154
vt 0.42041 0.982422
vt 0.419922 0.981934
vt 0.419678 0.98291
vt 0.422363 0.983887
vt 0.421631 0.983643
vt 0.421143 0.984131
vt 0.42041 0.983398
vt 0.421875 0.984375
vt 0.420898 0.984375
vt 0.422607 0.983887
vt 0.422852 0.984131
vt 0.42334 0.983643
vt 0.422363 0.984375
vt 0.422607 0.984375
vt 0.423584 0.983887
vt 0.422119 0.984131
vt 0.422363 0.984619
vt 0.421875 0.984619
vt 0.421387 0.984863
vt 0.424316 0.983887
vt 0.423584 0.984131
vt 0.422852 0.984375
vt 0.42334 0.984863
vt 0.424805 0.983887
vt 0.424072 0.984619
vt 0.422852 0.984863
vt 0.421631 0.984863
vt 0.422119 0.985107
vt 0.422607 0.985596
vt 0.422119 0.985596
vt 0.42334 0.985596
vt 0.421631 0.985596
vt 0.424072 0.985352
vt 0.42334 0.986084
vt 0.422607 0.986084
vt 0.421875 0.986084
vt 0.421631 0.985352
vt 0.421143 0.98584
vt 0.422607 0.986328
vt 0.422852 0.987061
vt 0.422363 0.987061
vt 0.424072 0.98584
vt 0.424561 0.98584
vt 0.425049 0.98584
vt 0.421875 0.986328
vt 0.421875 0.987061
vt 0.421143 0.986572
vt 0.421143 0.987061
vt 0.42041 0.986572
vt 0.424805 0.985107
vt 0.425537 0.985596
vt 0.424805 0.984375
vt 0.425537 0.984863
vt 0.425781 0.985596
vt 0.42627 0.984619
vt 0.42627 0.985352
vt 0.425537 0.984131
vt 0.42627 0.983887
vt 0.42627 0.983398
vt 0.425293 0.984131
vt 0.425537 0.983643
vt 0.425781 0.983154
vt 0.425049 0.983643
vt 0.409424 0.986572
vt 0.409912 0.986328
vt 0.409912 0.987061
vt 0.410156 0.986816
vt 0.410156 0.986084
vt 0.4104 0.986572
vt 0.4104 0.986084
vt 0.410889 0.986084
vt 0.411377 0.986328
vt 0.411133 0.986572
vt 0.410889 0.986816
vt 0.411621 0.986572
vt 0.4104 0.987061
vt 0.411377 0.986816
vt 0.411133 0.987061
vt 0.410156 0.987549
vt 0.409668 0.987549
vt 0.409424 0.987305
vt 0.411133 0.987305
vt 0.411621 0.987793
vt 0.411377 0.987549
vt 0.411621 0.987061
vt 0.411865 0.987793
vt 0.412354 0.988037
vt 0.412842 0.987793
vt 0.412354 0.987549
vt 0.412109 0.986816
vt 0.412598 0.987061
vt 0.412842 0.987305
vt 0.41333 0.987549
vt 0.414307 0.987793
vt 0.413818 0.987305
vt 0.412842 0.986816
vt 0.414307 0.987549
vt 0.412842 0.986572
vt 0.41333 0.986816
vt 0.414062 0.986816
vt 0.414307 0.987061
vt 0.414551 0.987793
vt 0.414795 0.988037
vt 0.414551 0.987549
vt 0.415039 0.988037
vt 0.415771 0.988037
vt 0.415039 0.986816
vt 0.415527 0.987549
vt 0.415771 0.987061
vt 0.416016 0.987793
vt 0.416748 0.988281
vt 0.416016 0.987549
vt 0.41626 0.987549
vt 0.416992 0.987793
vt 0.417725 0.987793
vt 0.416504 0.987061
vt 0.41748 0.987061
vt 0.416748 0.986572
vt 0.415771 0.986572
vt 0.415283 0.986572
vt 0.416016 0.986328
vt 0.417725 0.986572
vt 0.417969 0.987305
vt 0.418457 0.987793
vt 0.418457 0.987549
vt 0.414795 0.986572
vt 0.417969 0.987061
vt 0.418213 0.986572
vt 0.418701 0.987305
vt 0.419189 0.987793
vt 0.418945 0.986572
vt 0.418457 0.986084
vt 0.419678 0.987061
vt 0.42041 0.987061
vt 0.420166 0.987793
vt 0.419189 0.986084
vt 0.419434 0.986816
vt 0.419434 0.986328
vt 0.420654 0.98584
vt 0.419922 0.986084
vt 0.419434 0.986084
vt 0.419678 0.985596
vt 0.420166 0.985596
vt 0.419189 0.985596
vt 0.420654 0.985352
vt 0.419922 0.985352
vt 0.421387 0.985352
vt 0.420898 0.985107
vt 0.421143 0.984619
vt 0.420654 0.984863
vt 0.420166 0.984619
vt 0.419922 0.985107
vt 0.419434 0.985352
vt 0.419678 0.985107
vt 0.419678 0.984375
vt 0.419189 0.985107
vt 0.419189 0.984863
vt 0.418945 0.985352
vt 0.419189 0.983887
vt 0.419434 0.983887
vt 0.419678 0.983643
vt 0.419678 0.983154
vt 0.419189 0.983398
vt 0.418701 0.983887
vt 0.418701 0.984375
vt 0.418213 0.984131
vt 0.418457 0.984863
vt 0.417725 0.984619
vt 0.417725 0.985352
vt 0.417236 0.984131
vt 0.417236 0.985107
vt 0.418213 0.985596
vt 0.418457 0.98584
vt 0.417969 0.98584
vt 0.417725 0.98584
vt 0.41748 0.986084
vt 0.417236 0.985596
vt 0.417236 0.986084
vt 0.416992 0.986084
vt 0.416504 0.986084
vt 0.416748 0.98584
vt 0.416748 0.985352
vt 0.416504 0.985596
vt 0.41626 0.985596
vt 0.416504 0.985107
vt 0.416016 0.986084
vt 0.415527 0.986328
vt 0.415527 0.98584
vt 0.415039 0.986328
vt 0.415039 0.986084
vt 0.415039 0.985596
vt 0.414307 0.986572
vt 0.414551 0.986328
vt 0.414551 0.98584
vt 0.414307 0.986084
vt 0.414307 0.98584
vt 0.414062 0.986084
vt 0.413574 0.986572
vt 0.413086 0.986328
vt 0.41333 0.98584
vt 0.414551 0.985107
vt 0.412598 0.986328
vt 0.412598 0.986084
vt 0.411865 0.986328
vt 0.412354 0.986084
vt 0.412109 0.98584
vt 0.412354 0.98584
vt 0.412598 0.985596
vt 0.413086 0.985107
vt 0.414062 0.985352
vt 0.413818 0.984619
vt 0.413818 0.983643
vt 0.414307 0.984863
vt 0.414307 0.984375
vt 0.413818 0.983154
vt 0.414307 0.983398
vt 0.414062 0.982666
vt 0.415039 0.982666
vt 0.414795 0.984619
vt 0.415039 0.984375
vt 0.414551 0.984131
vt 0.414795 0.983643
vt 0.415283 0.984375
vt 0.415527 0.983398
vt 0.416016 0.98291
vt 0.416016 0.983887
vt 0.416748 0.983154
vt 0.416504 0.983643
vt 0.417236 0.983887
vt 0.416992 0.984131
vt 0.41626 0.984375
vt 0.415771 0.984619
vt 0.415527 0.985352
vt 0.007812 0.320801
vt 0.007324 0.320801
vt 0.008057 0.321777
vt 0.007324 0.321533
vt 0.007324 0.322021
vt 0.00708 0.321045
vt 0.006836 0.322021
vt 0.00708 0.320557
vt 0.006836 0.321533
vt 0.006592 0.321045
vt 0.006836 0.320068
vt 0.006348 0.320557
vt 0.005859 0.320801
vt 0.006592 0.321777
vt 0.006348 0.321289
vt 0.006592 0.322021
vt 0.006104 0.322266
vt 0.005859 0.321777
vt 0.006836 0.322754
vt 0.006348 0.32251
vt 0.006104 0.322998
vt 0.005859 0.32251
vt 0.005127 0.322021
vt 0.006348 0.322998
vt 0.007324 0.323242
vt 0.006836 0.32373
vt 0.006836 0.324219
vt 0.006836 0.325195
vt 0.006348 0.323486
vt 0.006104 0.324219
vt 0.006104 0.325195
vt 0.00708 0.325928
vt 0.005859 0.32373
vt 0.005859 0.323242
vt 0.005615 0.322754
vt 0.005371 0.32373
vt 0.005615 0.324219
vt 0.005615 0.324707
vt 0.004883 0.323242
vt 0.004639 0.322266
vt 0.004639 0.321045
vt 0.00415 0.321289
vt 0.00415 0.322754
vt 0.003662 0.320557
vt 0.003662 0.321533
vt 0.004883 0.32373
vt 0.003662 0.32251
vt 0.004395 0.323486
vt 0.005127 0.323975
vt 0.004639 0.324219
vt 0.005371 0.324463
vt 0.003418 0.322754
vt 0.003662 0.323486
vt 0.00415 0.324463
vt 0.004639 0.325195
vt 0.004883 0.324951
vt 0.00415 0.325439
vt 0.004883 0.325684
vt 0.004395 0.325928
vt 0.004639 0.326416
vt 0.004395 0.32666
vt 0.004639 0.327393
vt 0.004883 0.32666
vt 0.005127 0.326172
vt 0.005127 0.326904
vt 0.005859 0.32666
vt 0.005859 0.326172
vt 0.005371 0.325684
vt 0.005127 0.325195
vt 0.005615 0.325684
vt 0.005371 0.324707
vt 0.005615 0.325195
vt 0.006348 0.326172
vt 0.006592 0.32666
vt 0.006104 0.327393
vt 0.006836 0.327637
vt 0.007324 0.32666
vt 0.007568 0.327148
vt 0.008057 0.32666
vt 0.008301 0.327148
usemtl tripo_mat_36cdd4a4-d861-4834-acdf-ce8a7d82f620.012
f 1/1/1 2/2/2 3/3/3
f 1/1/1 3/3/3 4/4/4
f 3/3/3 2/2/2 5/5/5
f 2/2/2 6/6/6 5/5/5
f 7/7/7 8/8/8 9/9/9
f 10/10/10 11/11/11 6/6/6
f 12/12/12 13/13/13 14/14/14
f 12/12/12 14/14/14 15/15/15
f 16/16/16 17/17/17 18/18/18
f 18/18/18 17/17/17 19/19/19
f 20/20/20 16/16/16 21/21/21
f 21/21/21 16/16/16 18/18/18
f 20/20/20 21/21/21 22/22/22
f 20/20/20 22/22/22 13/13/13
f 21/21/21 18/18/18 23/23/23
f 18/18/18 19/19/19 24/24/24
f 18/18/18 24/24/24 23/23/23
f 21/21/21 23/23/23 25/25/25
f 21/21/21 25/25/25 22/22/22
f 25/25/25 23/23/23 26/26/26
f 22/22/22 25/25/25 27/27/27
f 25/25/25 26/26/26 28/28/28
f 25/25/25 28/28/28 27/27/27
f 26/26/26 23/23/23 29/29/29
f 29/29/29 23/23/23 24/24/24
f 26/26/26 29/29/29 30/30/30
f 27/27/27 28/28/28 31/31/31
f 27/27/27 31/31/31 22/22/22
f 31/31/31 28/28/28 32/32/32
f 22/22/22 31/31/31 33/33/33
f 22/22/22 33/33/33 13/13/13
f 13/13/13 33/33/33 14/14/14
f 33/33/33 31/31/31 34/34/34
f 33/33/33 34/34/34 14/14/14
f 34/34/34 31/31/31 32/32/32
f 14/14/14 34/34/34 15/15/15
f 34/34/34 32/32/32 35/35/35
f 34/34/34 35/35/35 15/15/15
f 35/35/35 32/32/32 36/36/36
f 15/15/15 35/35/35 37/37/37
f 15/15/15 37/37/37 38/38/38
f 35/35/35 36/36/36 39/39/39
f 35/35/35 39/39/39 37/37/37
f 38/38/38 37/37/37 11/11/11
f 39/39/39 36/36/36 40/40/40
f 11/11/11 37/37/37 41/41/41
f 41/41/41 37/37/37 39/39/39
f 11/11/11 41/41/41 42/42/42
f 42/42/42 41/41/41 39/39/39
f 11/11/11 42/42/42 6/6/6
f 6/6/6 42/42/42 5/5/5
f 42/42/42 39/39/39 43/43/43
f 43/43/43 39/39/39 40/40/40
f 42/42/42 43/43/43 5/5/5
f 43/43/43 40/40/40 44/44/44
f 43/43/43 44/44/44 45/45/45
f 43/43/43 45/45/45 5/5/5
f 5/5/5 45/45/45 3/3/3
f 3/3/3 45/45/45 46/46/46
f 3/3/3 46/46/46 4/4/4
f 46/46/46 45/45/45 47/47/47
f 4/4/4 46/46/46 48/48/48
f 4/4/4 48/48/48 8/8/8
f 8/8/8 48/48/48 9/9/9
f 46/46/46 47/47/47 49/49/49
f 46/46/46 49/49/49 48/48/48
f 49/49/49 47/47/47 50/50/50
f 49/49/49 50/50/50 51/51/51
f 48/48/48 49/49/49 52/52/52
f 48/48/48 52/52/52 9/9/9
f 52/52/52 49/49/49 51/51/51
f 9/9/9 52/52/52 53/53/53
f 52/52/52 51/51/51 54/54/54
f 52/52/52 54/54/54 53/53/53
f 55/55/55 56/56/56 57/57/57
f 56/56/56 53/58/53 54/59/54
f 56/56/56 54/59/54 58/60/58
f 56/56/56 58/60/58 57/57/57
f 58/60/58 54/59/54 59/61/59
f 59/61/59 54/59/54 51/62/51
f 59/61/59 51/62/51 50/62/50
f 59/61/59 50/62/50 60/63/60
f 61/64/61 57/57/57 62/65/62
f 62/65/62 57/57/57 58/60/58
f 58/60/58 59/61/59 63/66/63
f 63/66/63 59/61/59 60/63/60
f 58/60/58 63/66/63 62/65/62
f 61/64/61 62/65/62 64/67/64
f 62/65/62 63/66/63 65/68/65
f 62/65/62 65/68/65 64/67/64
f 63/66/63 60/63/60 66/69/66
f 63/66/63 66/69/66 65/68/65
f 66/69/66 60/63/60 67/70/67
f 64/67/64 65/68/65 68/71/68
f 65/68/65 66/69/66 69/72/69
f 65/68/65 69/72/69 68/71/68
f 66/69/66 67/70/67 70/73/70
f 66/69/66 70/73/70 69/72/69
f 70/73/70 67/70/67 30/30/30
f 71/74/71 68/71/68 69/72/69
f 19/19/19 71/74/71 24/24/24
f 71/74/71 69/72/69 72/75/72
f 71/74/71 72/75/72 24/24/24
f 72/75/72 69/72/69 70/73/70
f 24/24/24 72/75/72 73/76/73
f 73/76/73 72/75/72 70/73/70
f 73/76/73 70/73/70 30/30/30
f 24/24/24 73/76/73 29/29/29
f 29/29/29 73/76/73 30/30/30
f 60/77/60 74/78/74 67/79/67
f 74/78/74 60/77/60 50/80/50
f 74/78/74 50/80/50 75/81/75
f 75/81/75 50/80/50 76/82/76
f 76/82/76 50/80/50 47/83/47
f 76/82/76 47/83/47 45/84/45
f 76/82/76 45/84/45 77/85/77
f 77/85/77 45/84/45 44/86/44
f 76/82/76 77/85/77 78/87/78
f 78/87/78 77/85/77 44/86/44
f 75/81/75 76/82/76 79/88/79
f 75/81/75 79/88/79 74/78/74
f 76/82/76 78/87/78 80/89/80
f 80/89/80 78/87/78 44/86/44
f 76/82/76 80/89/80 81/90/81
f 76/82/76 81/90/81 79/88/79
f 80/89/80 44/86/44 82/91/82
f 40/92/40 83/93/83 44/86/44
f 44/86/44 83/93/83 82/91/82
f 82/91/82 83/93/83 84/94/84
f 80/89/80 82/91/82 85/95/85
f 80/89/80 85/95/85 81/90/81
f 82/91/82 84/94/84 86/96/86
f 82/91/82 86/96/86 85/95/85
f 86/96/86 84/94/84 87/97/87
f 87/97/87 84/94/84 88/98/88
f 85/95/85 86/96/86 89/99/89
f 89/99/89 86/96/86 87/97/87
f 81/90/81 85/95/85 90/100/90
f 90/100/90 85/95/85 89/99/89
f 89/99/89 87/97/87 91/101/91
f 89/99/89 91/101/91 90/100/90
f 87/97/87 88/98/88 92/102/92
f 92/102/92 88/98/88 93/103/93
f 91/101/91 87/97/87 94/104/94
f 94/104/94 87/97/87 92/102/92
f 91/101/91 94/104/94 95/105/95
f 91/101/91 95/105/95 90/100/90
f 92/102/92 93/103/93 96/106/96
f 96/106/96 93/103/93 97/107/97
f 94/104/94 92/102/92 98/108/98
f 98/108/98 92/102/92 96/106/96
f 95/105/95 94/104/94 99/109/99
f 99/109/99 94/104/94 98/108/98
f 96/106/96 97/107/97 100/110/100
f 100/110/100 97/107/97 101/111/101
f 100/110/100 101/111/101 102/112/102
f 96/106/96 100/110/100 103/113/103
f 96/106/96 103/113/103 98/108/98
f 100/110/100 102/112/102 104/114/104
f 100/110/100 104/114/104 103/113/103
f 104/114/104 102/112/102 105/115/105
f 104/114/104 105/115/105 106/116/106
f 103/113/103 104/114/104 107/117/107
f 104/114/104 106/116/106 108/118/108
f 104/114/104 108/118/108 107/117/107
f 103/113/103 107/117/107 109/119/109
f 103/113/103 109/119/109 98/108/98
f 107/117/107 108/118/108 110/120/110
f 108/118/108 106/116/106 111/121/111
f 108/118/108 111/121/111 110/120/110
f 107/117/107 110/120/110 112/122/112
f 107/117/107 112/122/112 109/119/109
f 110/120/110 111/121/111 113/123/113
f 110/120/110 113/123/113 112/122/112
f 111/121/111 106/116/106 114/124/114
f 114/124/114 106/116/106 115/125/115
f 113/123/113 111/121/111 116/126/116
f 116/126/116 111/121/111 114/124/114
f 112/122/112 113/123/113 117/127/117
f 117/127/117 113/123/113 116/126/116
f 114/124/114 115/125/115 118/128/118
f 118/128/118 115/125/115 119/129/119
f 116/126/116 114/124/114 120/130/120
f 120/130/120 114/124/114 118/128/118
f 118/128/118 119/129/119 121/131/121
f 116/126/116 120/130/120 122/132/122
f 116/126/116 122/132/122 117/127/117
f 120/130/120 118/128/118 123/133/123
f 120/130/120 123/133/123 122/132/122
f 118/128/118 121/131/121 124/134/124
f 118/128/118 124/134/124 123/133/123
f 124/134/124 121/131/121 125/135/125
f 125/135/125 121/131/121 126/136/126
f 123/133/123 124/134/124 127/137/127
f 127/137/127 124/134/124 125/135/125
f 125/135/125 126/136/126 128/138/128
f 125/135/125 128/138/128 127/137/127
f 128/138/128 126/136/126 129/139/129
f 123/133/123 127/137/127 130/140/130
f 123/133/123 130/140/130 122/132/122
f 127/137/127 128/138/128 131/141/131
f 128/138/128 129/139/129 132/142/132
f 128/138/128 132/142/132 131/141/131
f 132/142/132 129/139/129 133/143/133
f 130/140/130 127/137/127 134/144/134
f 134/144/134 127/137/127 131/141/131
f 134/144/134 131/141/131 135/145/135
f 130/140/130 134/144/134 136/146/136
f 135/145/135 131/141/131 137/147/137
f 134/144/134 135/145/135 138/148/138
f 134/144/134 138/148/138 136/146/136
f 138/148/138 135/145/135 137/147/137
f 130/140/130 136/146/136 139/149/139
f 130/140/130 139/149/139 122/132/122
f 137/147/137 131/141/131 140/150/140
f 140/150/140 131/141/131 132/142/132
f 137/147/137 140/150/140 141/151/141
f 141/151/141 140/150/140 132/142/132
f 139/149/139 136/146/136 142/152/142
f 122/132/122 139/149/139 143/153/143
f 143/153/143 139/149/139 142/152/142
f 122/132/122 143/153/143 144/154/144
f 122/132/122 144/154/144 117/127/117
f 117/127/117 144/154/144 145/155/145
f 117/127/117 145/155/145 146/156/146
f 145/155/145 144/154/144 147/157/147
f 145/155/145 147/157/147 146/156/146
f 117/127/117 146/156/146 112/122/112
f 112/122/112 146/156/146 148/158/148
f 112/122/112 148/158/148 109/119/109
f 149/159/149 144/154/144 143/153/143
f 144/154/144 149/159/149 147/157/147
f 149/159/149 143/153/143 150/160/150
f 150/160/150 143/153/143 142/152/142
f 149/159/149 150/160/150 151/161/151
f 151/161/151 150/160/150 142/152/142
f 147/157/147 149/159/149 152/162/152
f 152/162/152 149/159/149 151/161/151
f 153/163/153 146/156/146 147/157/147
f 146/156/146 153/163/153 148/158/148
f 147/157/147 152/162/152 154/164/154
f 147/157/147 154/164/154 153/163/153
f 148/158/148 153/163/153 155/165/155
f 155/165/155 153/163/153 154/164/154
f 156/166/156 109/119/109 148/158/148
f 109/119/109 156/166/156 98/108/98
f 148/158/148 155/165/155 157/167/157
f 148/158/148 157/167/157 156/166/156
f 98/108/98 156/166/156 158/168/158
f 98/108/98 158/168/158 99/109/99
f 158/168/158 156/166/156 159/169/159
f 158/168/158 159/169/159 99/109/99
f 159/169/159 156/166/156 157/167/157
f 157/167/157 155/165/155 160/170/160
f 160/170/160 155/165/155 154/164/154
f 159/169/159 157/167/157 161/171/161
f 161/171/161 157/167/157 160/170/160
f 99/109/99 159/169/159 162/172/162
f 159/169/159 161/171/161 163/173/163
f 159/169/159 163/173/163 162/172/162
f 99/109/99 162/172/162 164/174/164
f 99/109/99 164/174/164 95/105/95
f 162/172/162 163/173/163 165/175/165
f 163/173/163 161/171/161 166/176/166
f 163/173/163 166/176/166 165/175/165
f 166/176/166 161/171/161 167/177/167
f 167/177/167 161/171/161 160/170/160
f 165/175/165 166/176/166 168/178/168
f 162/172/162 165/175/165 169/179/169
f 169/179/169 165/175/165 168/178/168
f 162/172/162 169/179/169 164/174/164
f 168/178/168 166/176/166 170/180/170
f 170/180/170 166/176/166 167/177/167
f 167/177/167 160/170/160 171/181/171
f 171/181/171 160/170/160 154/164/154
f 171/181/171 154/164/154 172/182/172
f 172/182/172 154/164/154 173/183/173
f 173/183/173 154/164/154 152/162/152
f 171/181/171 172/182/172 174/184/174
f 174/184/174 172/182/172 173/183/173
f 167/177/167 171/181/171 175/185/175
f 175/185/175 171/181/171 174/184/174
f 167/177/167 175/185/175 176/186/176
f 167/177/167 176/186/176 170/180/170
f 173/183/173 152/162/152 151/161/151
f 173/183/173 151/161/151 177/187/177
f 176/186/176 175/185/175 178/188/178
f 175/185/175 174/184/174 179/189/179
f 175/185/175 179/189/179 178/188/178
f 179/189/179 174/184/174 180/190/180
f 181/191/181 174/184/174 173/183/173
f 174/184/174 181/191/181 180/190/180
f 173/183/173 177/187/177 182/192/182
f 173/183/173 182/192/182 181/191/181
f 182/192/182 177/187/177 183/193/183
f 183/193/183 177/187/177 151/161/151
f 181/191/181 182/192/182 184/194/184
f 181/191/181 184/194/184 180/190/180
f 184/194/184 182/192/182 185/195/185
f 185/195/185 182/192/182 183/193/183
f 180/190/180 184/194/184 186/196/186
f 183/193/183 151/161/151 187/197/187
f 187/197/187 151/161/151 142/152/142
f 183/193/183 187/197/187 188/198/188
f 188/198/188 187/197/187 142/152/142
f 184/194/184 185/195/185 189/199/189
f 184/194/184 189/199/189 186/196/186
f 189/199/189 185/195/185 190/200/190
f 191/201/191 185/195/185 183/193/183
f 185/195/185 191/201/191 190/200/190
f 191/201/191 183/193/183 192/202/192
f 192/202/192 183/193/183 188/198/188
f 191/201/191 192/202/192 193/203/193
f 193/203/193 192/202/192 188/198/188
f 191/201/191 193/203/193 194/204/194
f 191/201/191 194/204/194 190/200/190
f 193/203/193 188/198/188 195/205/195
f 196/206/196 188/198/188 142/152/142
f 196/206/196 142/152/142 136/146/136
f 196/206/196 136/146/136 138/148/138
f 188/198/188 196/206/196 197/207/197
f 197/207/197 196/206/196 138/148/138
f 188/198/188 197/207/197 195/205/195
f 193/203/193 195/205/195 198/208/198
f 193/203/193 198/208/198 194/204/194
f 195/205/195 197/207/197 199/209/199
f 199/209/199 197/207/197 138/148/138
f 198/208/198 195/205/195 200/210/200
f 200/210/200 195/205/195 199/209/199
f 194/204/194 198/208/198 201/211/201
f 201/211/201 198/208/198 200/210/200
f 199/209/199 138/148/138 202/212/202
f 202/212/202 138/148/138 137/147/137
f 200/210/200 199/209/199 203/213/203
f 203/213/203 199/209/199 202/212/202
f 201/211/201 200/210/200 204/214/204
f 204/214/204 200/210/200 203/213/203
f 202/212/202 137/147/137 205/215/205
f 205/215/205 137/147/137 141/151/141
f 203/213/203 202/212/202 206/216/206
f 206/216/206 202/212/202 205/215/205
f 204/214/204 203/213/203 207/217/207
f 207/217/207 203/213/203 206/216/206
f 206/216/206 205/215/205 208/218/208
f 208/218/208 205/215/205 141/151/141
f 207/217/207 206/216/206 209/219/209
f 207/217/207 209/219/209 204/214/204
f 206/216/206 208/218/208 210/220/210
f 206/216/206 210/220/210 209/219/209
f 209/219/209 210/220/210 208/218/208
f 208/218/208 141/151/141 211/221/211
f 208/218/208 211/221/211 209/219/209
f 211/221/211 141/151/141 212/222/212
f 204/214/204 209/219/209 213/223/213
f 204/214/204 213/223/213 214/224/214
f 213/223/213 209/219/209 215/225/215
f 213/223/213 215/225/215 214/224/214
f 209/219/209 211/221/211 216/226/216
f 215/225/215 209/219/209 217/227/217
f 217/227/217 209/219/209 216/226/216
f 215/225/215 217/227/217 218/228/218
f 204/214/204 214/224/214 219/229/219
f 204/214/204 219/229/219 201/211/201
f 214/224/214 215/225/215 220/230/220
f 220/230/220 215/225/215 218/228/218
f 218/228/218 217/227/217 221/231/221
f 221/231/221 217/227/217 216/226/216
f 220/230/220 218/228/218 222/232/222
f 214/224/214 220/230/220 223/233/223
f 223/233/223 220/230/220 222/232/222
f 222/232/222 218/228/218 224/234/224
f 224/234/224 218/228/218 221/231/221
f 222/232/222 224/234/224 225/235/225
f 222/232/222 225/235/225 223/233/223
f 224/234/224 221/231/221 226/236/226
f 226/236/226 221/231/221 216/226/216
f 214/224/214 223/233/223 227/237/227
f 214/224/214 227/237/227 219/229/219
f 227/237/227 223/233/223 228/238/228
f 219/229/219 227/237/227 229/239/229
f 228/238/228 223/233/223 230/240/230
f 230/240/230 223/233/223 225/235/225
f 227/237/227 228/238/228 231/241/231
f 227/237/227 231/241/231 229/239/229
f 219/229/219 229/239/229 232/242/232
f 219/229/219 232/242/232 201/211/201
f 201/211/201 232/242/232 194/204/194
f 194/204/194 232/242/232 233/243/233
f 194/204/194 233/243/233 190/200/190
f 232/242/232 229/239/229 234/244/234
f 232/242/232 234/244/234 233/243/233
f 190/200/190 233/243/233 235/245/235
f 235/245/235 233/243/233 234/244/234
f 190/200/190 235/245/235 236/246/236
f 190/200/190 236/246/236 189/199/189
f 234/244/234 229/239/229 237/247/237
f 237/247/237 229/239/229 231/241/231
f 235/245/235 234/244/234 238/248/238
f 238/248/238 234/244/234 237/247/237
f 235/245/235 238/248/238 239/249/239
f 235/245/235 239/249/239 236/246/236
f 239/249/239 238/248/238 129/250/129
f 129/250/129 238/248/238 133/251/133
f 133/251/133 238/248/238 237/247/237
f 239/249/239 129/250/129 126/252/126
f 133/251/133 237/247/237 240/253/240
f 239/249/239 126/252/126 241/254/241
f 239/249/239 241/254/241 236/246/236
f 241/254/241 126/252/126 121/255/121
f 236/246/236 241/254/241 242/256/242
f 242/256/242 241/254/241 121/255/121
f 236/246/236 242/256/242 243/257/243
f 236/246/236 243/257/243 189/199/189
f 242/256/242 121/255/121 244/258/244
f 242/256/242 244/258/244 243/257/243
f 189/199/189 243/257/243 186/196/186
f 186/196/186 243/257/243 244/258/244
f 244/258/244 121/255/121 119/259/119
f 244/258/244 119/259/119 115/260/115
f 186/196/186 244/258/244 245/261/245
f 245/261/245 244/258/244 115/260/115
f 186/196/186 245/261/245 246/262/246
f 186/196/186 246/262/246 180/190/180
f 245/261/245 115/260/115 247/263/247
f 245/261/245 247/263/247 246/262/246
f 247/263/247 115/260/115 106/264/106
f 180/190/180 246/262/246 248/265/248
f 248/265/248 246/262/246 247/263/247
f 180/190/180 248/265/248 179/189/179
f 247/263/247 106/264/106 249/266/249
f 247/263/247 249/266/249 248/265/248
f 249/266/249 106/264/106 105/267/105
f 179/189/179 248/265/248 250/268/250
f 250/268/250 248/265/248 249/266/249
f 179/189/179 250/268/250 178/188/178
f 249/266/249 105/267/105 251/269/251
f 249/266/249 251/269/251 250/268/250
f 251/269/251 105/267/105 102/270/102
f 178/188/178 250/268/250 252/271/252
f 252/271/252 250/268/250 251/269/251
f 251/269/251 102/270/102 253/272/253
f 251/269/251 253/272/253 252/271/252
f 253/272/253 102/270/102 101/273/101
f 178/188/178 252/271/252 254/274/254
f 254/274/254 252/271/252 253/272/253
f 253/272/253 101/273/101 255/275/255
f 178/188/178 254/274/254 256/276/256
f 178/188/178 256/276/256 176/186/176
f 254/274/254 253/272/253 257/277/257
f 257/277/257 253/272/253 255/275/255
f 254/274/254 257/277/257 256/276/256
f 255/275/255 101/273/101 258/278/258
f 255/275/255 258/278/258 257/277/257
f 258/278/258 101/273/101 97/279/97
f 176/186/176 256/276/256 170/180/170
f 256/276/256 257/277/257 259/280/259
f 256/276/256 259/280/259 170/180/170
f 259/280/259 257/277/257 258/278/258
f 170/180/170 259/280/259 260/281/260
f 260/281/260 259/280/259 258/278/258
f 258/278/258 97/279/97 261/282/261
f 258/278/258 261/282/261 260/281/260
f 261/282/261 97/279/97 93/283/93
f 261/282/261 93/283/93 262/284/262
f 262/284/262 93/283/93 88/285/88
f 261/282/261 262/284/262 263/282/263
f 261/282/261 263/282/263 260/281/260
f 262/284/262 88/285/88 264/286/264
f 260/281/260 263/282/263 265/287/265
f 264/286/264 88/285/88 84/288/84
f 264/286/264 84/288/84 266/289/266
f 263/282/263 262/284/262 267/284/267
f 267/284/267 262/284/262 264/286/264
f 265/287/265 263/282/263 268/290/268
f 268/290/268 263/282/263 267/284/267
f 267/284/267 264/286/264 269/291/269
f 269/291/269 264/286/264 266/289/266
f 267/284/267 269/291/269 268/290/268
f 270/292/270 266/289/266 84/288/84
f 266/289/266 270/292/270 269/291/269
f 270/292/270 84/288/84 83/293/83
f 268/290/268 269/291/269 271/294/271
f 270/292/270 83/293/83 272/295/272
f 272/295/272 83/293/83 40/296/40
f 269/291/269 270/292/270 273/297/273
f 273/297/273 270/292/270 272/295/272
f 269/291/269 273/297/273 271/294/271
f 272/295/272 40/296/40 274/298/274
f 272/295/272 274/298/274 273/297/273
f 274/298/274 40/296/40 36/299/36
f 274/298/274 36/299/36 275/300/275
f 274/298/274 275/300/275 273/297/273
f 275/300/275 36/299/36 32/301/32
f 275/300/275 32/301/32 28/302/28
f 273/297/273 275/300/275 276/303/276
f 276/303/276 275/300/275 28/302/28
f 273/297/273 276/303/276 277/304/277
f 273/297/273 277/304/277 271/294/271
f 276/303/276 28/302/28 278/305/278
f 277/304/277 276/303/276 279/306/279
f 277/304/277 279/306/279 271/294/271
f 279/306/279 276/303/276 278/305/278
f 278/305/278 28/302/28 26/307/26
f 278/305/278 26/307/26 30/308/30
f 278/305/278 30/308/30 280/309/280
f 280/309/280 30/308/30 67/79/67
f 279/306/279 278/305/278 281/310/281
f 281/310/281 278/305/278 280/309/280
f 280/309/280 67/79/67 282/311/282
f 282/311/282 67/79/67 74/78/74
f 281/310/281 280/309/280 283/312/283
f 280/309/280 282/311/282 284/313/284
f 280/309/280 284/313/284 283/312/283
f 282/311/282 74/78/74 285/314/285
f 282/311/282 285/314/285 284/313/284
f 285/314/285 74/78/74 286/315/286
f 286/315/286 74/78/74 79/88/79
f 281/310/281 283/312/283 287/316/287
f 287/316/287 283/312/283 284/313/284
f 281/310/281 287/316/287 288/317/288
f 281/310/281 288/317/288 279/306/279
f 287/316/287 284/313/284 289/318/289
f 289/318/289 284/313/284 285/314/285
f 288/317/288 287/316/287 290/319/290
f 290/319/290 287/316/287 289/318/289
f 279/306/279 288/317/288 291/320/291
f 279/306/279 291/320/291 271/294/271
f 291/320/291 288/317/288 292/321/292
f 292/321/292 288/317/288 290/319/290
f 271/294/271 291/320/291 293/322/293
f 293/322/293 291/320/291 292/321/292
f 271/294/271 293/322/293 268/290/268
f 292/321/292 290/319/290 294/323/294
f 295/324/295 290/319/290 289/318/289
f 292/321/292 294/323/294 296/325/296
f 292/321/292 296/325/296 293/322/293
f 294/323/294 290/319/290 297/326/297
f 297/326/297 290/319/290 295/324/295
f 294/323/294 297/326/297 296/325/296
f 295/324/295 289/318/289 298/327/298
f 295/324/295 298/327/298 297/326/297
f 298/327/298 289/318/289 285/314/285
f 298/327/298 285/314/285 286/315/286
f 297/326/297 298/327/298 299/328/299
f 297/326/297 299/328/299 296/325/296
f 298/327/298 286/315/286 300/329/300
f 296/325/296 299/328/299 168/178/168
f 300/329/300 286/315/286 301/330/301
f 168/178/168 299/328/299 169/179/169
f 301/330/301 286/315/286 79/88/79
f 299/328/299 298/327/298 302/331/302
f 299/328/299 302/331/302 169/179/169
f 302/331/302 298/327/298 300/329/300
f 169/179/169 302/331/302 164/174/164
f 302/331/302 300/329/300 303/332/303
f 302/331/302 303/332/303 164/174/164
f 303/332/303 300/329/300 301/330/301
f 301/330/301 79/88/79 304/333/304
f 304/333/304 79/88/79 81/90/81
f 304/333/304 81/90/81 90/100/90
f 301/330/301 304/333/304 305/334/305
f 301/330/301 305/334/305 303/332/303
f 304/333/304 90/100/90 306/335/306
f 304/333/304 306/335/306 305/334/305
f 303/332/303 305/334/305 307/336/307
f 307/336/307 305/334/305 306/335/306
f 303/332/303 307/336/307 164/174/164
f 306/335/306 90/100/90 308/337/308
f 306/335/306 308/337/308 307/336/307
f 307/336/307 308/337/308 164/174/164
f 308/337/308 90/100/90 95/105/95
f 308/337/308 95/105/95 164/174/164
f 309/338/309 168/178/168 170/180/170
f 309/338/309 170/180/170 260/281/260
f 168/178/168 309/338/309 296/325/296
f 309/338/309 260/281/260 310/339/310
f 309/338/309 310/339/310 296/325/296
f 310/339/310 260/281/260 265/287/265
f 296/325/296 310/339/310 293/322/293
f 310/339/310 265/287/265 268/290/268
f 310/339/310 268/290/268 293/322/293
f 311/340/311 141/151/141 132/142/132
f 311/340/311 132/142/132 312/341/312
f 141/151/141 311/340/311 313/342/313
f 311/340/311 312/341/312 314/343/314
f 311/340/311 314/343/314 313/342/313
f 141/151/141 313/342/313 212/222/212
f 312/341/312 132/142/132 315/344/315
f 312/341/312 315/344/315 314/343/314
f 315/344/315 132/142/132 133/143/133
f 315/344/315 133/143/133 240/345/240
f 315/344/315 240/345/240 316/346/316
f 315/344/315 316/346/316 314/343/314
f 316/346/316 240/345/240 317/347/317
f 316/346/316 317/347/317 318/348/318
f 316/346/316 318/348/318 314/343/314
f 318/348/318 317/347/317 319/349/319
f 318/348/318 319/349/319 320/350/320
f 314/343/314 318/348/318 321/351/321
f 314/343/314 321/351/321 313/342/313
f 313/342/313 321/351/321 212/222/212
f 321/351/321 318/348/318 322/352/322
f 322/352/322 318/348/318 320/350/320
f 212/222/212 321/351/321 323/353/323
f 323/353/323 321/351/321 322/352/322
f 212/222/212 323/353/323 324/354/324
f 212/222/212 324/354/324 211/221/211
f 211/221/211 324/354/324 216/226/216
f 216/226/216 324/354/324 325/355/325
f 216/226/216 325/355/325 226/236/226
f 325/355/325 324/354/324 326/356/326
f 326/356/326 324/354/324 323/353/323
f 325/355/325 326/356/326 226/236/226
f 326/356/326 323/353/323 327/357/327
f 327/357/327 323/353/323 322/352/322
f 226/236/226 326/356/326 328/358/328
f 326/356/326 327/357/327 329/359/329
f 326/356/326 329/359/329 328/358/328
f 226/236/226 328/358/328 330/360/330
f 330/360/330 328/358/328 331/361/331
f 331/361/331 328/358/328 329/359/329
f 226/236/226 330/360/330 332/362/332
f 332/362/332 330/360/330 331/361/331
f 226/236/226 332/362/332 224/234/224
f 224/234/224 332/362/332 225/235/225
f 225/235/225 332/362/332 333/363/333
f 333/363/333 332/362/332 331/361/331
f 225/235/225 333/363/333 334/364/334
f 331/361/331 329/359/329 335/365/335
f 225/235/225 334/364/334 336/366/336
f 225/235/225 336/366/336 230/240/230
f 334/364/334 333/363/333 337/367/337
f 333/363/333 331/361/331 338/368/338
f 333/363/333 338/368/338 337/367/337
f 338/368/338 331/361/331 339/369/339
f 339/369/339 331/361/331 335/365/335
f 337/367/337 338/368/338 340/370/340
f 340/370/340 338/368/338 339/369/339
f 334/364/334 337/367/337 341/371/341
f 341/371/341 337/367/337 340/370/340
f 334/364/334 341/371/341 342/372/342
f 334/364/334 342/372/342 336/366/336
f 342/372/342 341/371/341 343/373/343
f 336/366/336 342/372/342 344/374/344
f 344/374/344 342/372/342 343/373/343
f 345/375/345 230/240/230 336/366/336
f 230/240/230 345/375/345 228/238/228
f 336/366/336 344/374/344 346/376/346
f 336/366/336 346/376/346 345/375/345
f 228/238/228 345/375/345 347/377/347
f 228/238/228 347/377/347 231/241/231
f 345/375/345 346/376/346 348/378/348
f 345/375/345 348/378/348 347/377/347
f 346/376/346 344/374/344 349/379/349
f 349/379/349 344/374/344 343/373/343
f 231/241/231 347/377/347 350/380/350
f 231/241/231 350/380/350 237/247/237
f 350/380/350 347/377/347 351/381/351
f 351/381/351 347/377/347 348/378/348
f 237/247/237 350/380/350 352/382/352
f 352/382/352 350/380/350 351/381/351
f 237/247/237 352/382/352 240/253/240
f 240/253/240 352/382/352 317/383/317
f 317/383/317 352/382/352 351/381/351
f 317/383/317 351/381/351 319/384/319
f 319/384/319 351/381/351 320/385/320
f 320/385/320 351/381/351 348/378/348
f 320/385/320 348/378/348 353/386/353
f 320/385/320 353/386/353 354/387/354
f 353/386/353 348/378/348 355/388/355
f 355/388/355 348/378/348 346/376/346
f 355/388/355 346/376/346 349/379/349
f 353/386/353 355/388/355 356/389/356
f 353/386/353 356/389/356 354/387/354
f 356/389/356 355/388/355 349/379/349
f 354/387/354 356/389/356 357/390/357
f 356/389/356 349/379/349 358/391/358
f 357/390/357 356/389/356 359/392/359
f 357/390/357 359/392/359 360/393/360
f 359/392/359 356/389/356 361/394/361
f 361/394/361 356/389/356 358/391/358
f 360/393/360 359/392/359 362/395/362
f 360/393/360 362/395/362 363/396/363
f 359/392/359 361/394/361 364/397/364
f 364/397/364 361/394/361 358/391/358
f 359/392/359 364/397/364 362/395/362
f 349/379/349 343/373/343 358/391/358
f 363/396/363 362/395/362 365/398/365
f 365/398/365 362/395/362 364/397/364
f 363/396/363 365/398/365 366/399/366
f 364/397/364 358/391/358 367/400/367
f 367/400/367 358/391/358 343/373/343
f 364/397/364 367/400/367 368/401/368
f 364/397/364 368/401/368 365/398/365
f 366/399/366 365/398/365 369/402/369
f 369/402/369 365/398/365 370/403/370
f 367/400/367 343/373/343 371/404/371
f 367/400/367 371/404/371 368/401/368
f 371/404/371 343/373/343 372/405/372
f 372/405/372 343/373/343 341/371/341
f 372/405/372 341/371/341 340/370/340
f 370/403/370 365/398/365 373/406/373
f 373/406/373 365/398/365 368/401/368
f 369/402/369 370/403/370 374/407/374
f 374/407/374 370/403/370 373/406/373
f 369/402/369 374/407/374 375/408/375
f 373/406/373 368/401/368 376/409/376
f 373/406/373 376/409/376 374/407/374
f 376/409/376 368/401/368 377/410/377
f 377/410/377 368/401/368 371/404/371
f 375/408/375 374/407/374 378/411/378
f 375/408/375 378/411/378 379/412/379
f 377/410/377 371/404/371 380/413/380
f 380/413/380 371/404/371 372/405/372
f 376/409/376 377/410/377 381/414/381
f 380/413/380 372/405/372 382/415/382
f 377/410/377 380/413/380 383/416/383
f 377/410/377 383/416/383 381/414/381
f 383/416/383 380/413/380 382/415/382
f 382/415/382 372/405/372 340/370/340
f 384/417/384 379/412/379 378/411/378
f 379/412/379 384/417/384 385/418/385
f 384/417/384 378/411/378 386/419/386
f 386/419/386 378/411/378 374/407/374
f 385/418/385 384/417/384 387/420/387
f 385/418/385 387/420/387 388/421/388
f 384/417/384 386/419/386 389/422/389
f 384/417/384 389/422/389 387/420/387
f 386/419/386 374/407/374 390/423/390
f 386/419/386 390/423/390 389/422/389
f 390/423/390 374/407/374 376/409/376
f 390/423/390 376/409/376 381/414/381
f 389/422/389 390/423/390 391/424/391
f 391/424/391 390/423/390 381/414/381
f 389/422/389 391/424/391 392/425/392
f 389/422/389 392/425/392 387/420/387
f 391/424/391 381/414/381 393/426/393
f 391/424/391 393/426/393 392/425/392
f 393/426/393 381/414/381 394/427/394
f 387/420/387 392/425/392 395/428/395
f 394/427/394 381/414/381 383/416/383
f 387/420/387 395/428/395 396/429/396
f 395/428/395 392/425/392 397/430/397
f 395/428/395 397/430/397 396/429/396
f 392/425/392 393/426/393 398/431/398
f 392/425/392 398/431/398 397/430/397
f 393/426/393 394/427/394 399/432/399
f 393/426/393 399/432/399 398/431/398
f 387/420/387 396/429/396 400/433/400
f 387/420/387 400/433/400 388/421/388
f 388/421/388 400/433/400 401/434/401
f 401/434/401 400/433/400 396/429/396
f 388/421/388 401/434/401 402/435/402
f 402/435/402 401/434/401 403/436/403
f 403/436/403 401/434/401 404/437/404
f 405/438/405 398/431/398 399/432/399
f 404/437/404 401/434/401 406/439/406
f 407/440/407 399/432/399 394/427/394
f 399/432/399 407/440/407 405/438/405
f 407/440/407 394/427/394 408/441/408
f 408/441/408 394/427/394 383/416/383
f 404/437/404 406/439/406 409/442/409
f 404/437/404 409/442/409 410/443/410
f 406/439/406 401/434/401 411/444/411
f 411/444/411 401/434/401 396/429/396
f 409/442/409 406/439/406 412/445/412
f 412/445/412 406/439/406 411/444/411
f 410/443/410 409/442/409 413/446/413
f 413/446/413 409/442/409 412/445/412
f 410/443/410 413/446/413 414/447/414
f 411/444/411 396/429/396 415/448/415
f 414/447/414 413/446/413 416/449/416
f 415/448/415 396/429/396 397/430/397
f 416/449/416 413/446/413 417/450/417
f 412/445/412 411/444/411 418/451/418
f 418/451/418 411/444/411 415/448/415
f 413/446/413 412/445/412 419/452/419
f 419/452/419 412/445/412 418/451/418
f 417/450/417 413/446/413 420/453/420
f 420/453/420 413/446/413 419/452/419
f 416/449/416 417/450/417 421/454/421
f 421/454/421 417/450/417 420/453/420
f 416/449/416 421/454/421 422/455/422
f 422/455/422 421/454/421 423/456/423
f 421/454/421 420/453/420 424/457/424
f 424/457/424 420/453/420 419/452/419
f 423/456/423 421/454/421 425/458/425
f 425/458/425 421/454/421 424/457/424
f 424/457/424 419/452/419 426/459/426
f 425/458/425 424/457/424 427/460/427
f 427/460/427 424/457/424 426/459/426
f 426/459/426 419/452/419 428/461/428
f 428/461/428 419/452/419 418/451/418
f 428/461/428 418/451/418 415/448/415
f 426/459/426 428/461/428 429/462/429
f 428/461/428 415/448/415 430/463/430
f 428/461/428 430/463/430 429/462/429
f 426/459/426 429/462/429 431/464/431
f 426/459/426 431/464/431 427/460/427
f 429/462/429 430/463/430 432/465/432
f 430/463/430 415/448/415 433/466/433
f 433/466/433 415/448/415 397/430/397
f 433/466/433 397/430/397 398/431/398
f 433/466/433 398/431/398 434/467/434
f 433/466/433 434/467/434 430/463/430
f 434/467/434 398/431/398 405/438/405
f 430/463/430 434/467/434 435/468/435
f 430/463/430 435/468/435 436/469/436
f 430/463/430 436/469/436 432/465/432
f 435/468/435 434/467/434 437/470/437
f 435/468/435 437/470/437 436/469/436
f 434/467/434 405/438/405 438/471/438
f 434/467/434 438/471/438 437/470/437
f 438/471/438 405/438/405 439/472/439
f 436/469/436 437/470/437 440/473/440
f 437/470/437 438/471/438 441/474/441
f 437/470/437 441/474/441 440/473/440
f 441/474/441 438/471/438 442/475/442
f 442/475/442 438/471/438 439/472/439
f 440/473/440 441/474/441 443/476/443
f 441/474/441 442/475/442 444/477/444
f 441/474/441 444/477/444 443/476/443
f 444/477/444 442/475/442 445/478/445
f 445/478/445 442/475/442 439/472/439
f 443/476/443 444/477/444 446/479/446
f 446/479/446 444/477/444 447/480/447
f 447/480/447 444/477/444 445/478/445
f 443/476/443 446/479/446 448/481/448
f 443/476/443 448/481/448 440/473/440
f 448/481/448 446/479/446 447/480/447
f 449/482/449 436/469/436 440/473/440
f 449/482/449 440/473/440 448/481/448
f 436/469/436 449/482/449 450/483/450
f 436/469/436 450/483/450 432/465/432
f 449/482/449 448/481/448 451/484/451
f 450/483/450 449/482/449 452/485/452
f 452/485/452 449/482/449 451/484/451
f 432/465/432 450/483/450 453/486/453
f 453/486/453 450/483/450 452/485/452
f 432/465/432 453/486/453 454/487/454
f 451/484/451 448/481/448 455/488/455
f 451/484/451 455/488/455 452/485/452
f 432/465/432 454/487/454 456/489/456
f 432/465/432 456/489/456 429/462/429
f 429/462/429 456/489/456 431/464/431
f 456/489/456 454/487/454 457/490/457
f 457/490/457 454/487/454 453/486/453
f 456/489/456 457/490/457 431/464/431
f 458/491/458 453/486/453 452/485/452
f 453/486/453 458/491/458 457/490/457
f 458/491/458 452/485/452 459/492/459
f 457/490/457 458/491/458 460/493/460
f 460/493/460 458/491/458 459/492/459
f 431/464/431 457/490/457 461/494/461
f 457/490/457 460/493/460 462/495/462
f 457/490/457 462/495/462 461/494/461
f 462/495/462 460/493/460 463/496/463
f 463/496/463 460/493/460 459/492/459
f 464/497/464 459/492/459 452/485/452
f 464/497/464 452/485/452 455/488/455
f 463/496/463 459/492/459 465/498/465
f 465/498/465 459/492/459 466/499/466
f 466/499/466 459/492/459 464/497/464
f 465/498/465 466/499/466 467/500/467
f 465/498/465 467/500/467 463/496/463
f 464/497/464 455/488/455 468/501/468
f 468/501/468 455/488/455 448/481/448
f 466/499/466 464/497/464 469/502/469
f 464/497/464 468/501/468 470/503/470
f 464/497/464 470/503/470 469/502/469
f 468/501/468 448/481/448 471/504/471
f 471/504/471 448/481/448 447/480/447
f 468/501/468 471/504/471 472/505/472
f 468/501/468 472/505/472 470/503/470
f 471/504/471 447/480/447 473/506/473
f 471/504/471 473/506/473 472/505/472
f 473/506/473 447/480/447 474/507/474
f 475/508/475 466/499/466 469/502/469
f 466/499/466 475/508/475 467/500/467
f 476/509/476 469/502/469 470/503/470
f 472/505/472 473/506/473 477/510/477
f 469/502/469 476/509/476 478/511/478
f 469/502/469 478/511/478 475/508/475
f 479/512/479 470/503/470 472/505/472
f 479/512/479 472/505/472 477/510/477
f 476/509/476 470/503/470 480/513/480
f 480/513/480 470/503/470 479/512/479
f 478/511/478 476/509/476 481/514/481
f 481/514/481 476/509/476 480/513/480
f 480/513/480 479/512/479 482/515/482
f 480/513/480 482/515/482 481/514/481
f 482/515/482 479/512/479 404/516/404
f 481/514/481 482/515/482 410/517/410
f 410/517/410 482/515/482 404/516/404
f 481/514/481 410/517/410 414/518/414
f 404/516/404 479/512/479 483/519/483
f 404/516/404 483/519/483 403/520/403
f 483/519/483 479/512/479 477/510/477
f 403/520/403 483/519/483 402/521/402
f 481/514/481 414/518/414 484/522/484
f 481/514/481 484/522/484 478/511/478
f 484/522/484 414/518/414 416/523/416
f 484/522/484 416/523/416 422/524/422
f 484/522/484 422/524/422 423/525/423
f 478/511/478 484/522/484 485/526/485
f 485/526/485 484/522/484 423/525/423
f 478/511/478 485/526/485 475/508/475
f 485/526/485 423/525/423 486/527/486
f 485/526/485 486/527/486 475/508/475
f 486/527/486 423/525/423 487/528/487
f 487/528/487 423/525/423 488/529/488
f 475/508/475 486/527/486 489/530/489
f 487/528/487 488/529/488 490/531/490
f 487/528/487 490/531/490 486/527/486
f 490/531/490 488/529/488 491/532/491
f 490/531/490 491/532/491 492/533/492
f 475/508/475 489/530/489 493/534/493
f 475/508/475 493/534/493 467/500/467
f 489/530/489 486/527/486 494/535/494
f 494/535/494 486/527/486 490/531/490
f 489/530/489 494/535/494 493/534/493
f 490/531/490 492/533/492 495/536/495
f 490/531/490 495/536/495 494/535/494
f 495/536/495 492/533/492 496/537/496
f 496/537/496 492/533/492 497/538/497
f 496/537/496 497/538/497 498/539/498
f 493/534/493 494/535/494 499/540/499
f 493/534/493 499/540/499 467/500/467
f 494/535/494 495/536/495 500/541/500
f 494/535/494 500/541/500 499/540/499
f 495/536/495 496/537/496 501/542/501
f 495/536/495 501/542/501 500/541/500
f 496/537/496 498/539/498 502/543/502
f 496/537/496 502/543/502 501/542/501
f 502/543/502 498/539/498 503/544/503
f 504/545/504 467/500/467 499/540/499
f 467/500/467 504/545/504 463/496/463
f 505/546/505 499/540/499 500/541/500
f 499/540/499 505/546/505 504/545/504
f 505/546/505 500/541/500 506/547/506
f 506/547/506 500/541/500 501/542/501
f 463/496/463 504/545/504 507/548/507
f 504/545/504 505/546/505 508/549/508
f 504/545/504 508/549/508 507/548/507
f 463/496/463 507/548/507 509/550/509
f 509/550/509 507/548/507 508/549/508
f 463/496/463 509/550/509 462/495/462
f 462/495/462 509/550/509 461/494/461
f 461/494/461 509/550/509 510/551/510
f 510/551/510 509/550/509 508/549/508
f 461/494/461 510/551/510 511/552/511
f 511/552/511 510/551/510 508/549/508
f 461/494/461 511/552/511 512/553/512
f 461/494/461 512/553/512 431/464/431
f 431/464/431 512/553/512 427/460/427
f 512/553/512 511/552/511 513/554/513
f 427/460/427 512/553/512 514/555/514
f 514/555/514 512/553/512 513/554/513
f 427/460/427 514/555/514 515/556/515
f 427/460/427 515/556/515 425/458/425
f 513/554/513 511/552/511 516/557/516
f 516/557/516 511/552/511 508/549/508
f 514/555/514 513/554/513 517/558/517
f 517/558/517 513/554/513 516/557/516
f 515/556/515 514/555/514 518/559/518
f 518/559/518 514/555/514 517/558/517
f 425/458/425 515/556/515 519/560/519
f 519/560/519 515/556/515 518/559/518
f 425/458/425 519/560/519 423/456/423
f 423/456/423 519/560/519 520/561/520
f 423/456/423 520/561/520 488/562/488
f 520/561/520 519/560/519 521/563/521
f 520/561/520 521/563/521 488/562/488
f 521/563/521 519/560/519 518/559/518
f 488/562/488 521/563/521 491/564/491
f 521/563/521 518/559/518 522/565/522
f 522/565/522 518/559/518 517/558/517
f 521/563/521 522/565/522 523/566/523
f 491/564/491 521/563/521 524/567/524
f 524/567/524 521/563/521 523/566/523
f 491/564/491 524/567/524 492/568/492
f 523/566/523 522/565/522 525/569/525
f 523/566/523 525/569/525 524/567/524
f 522/565/522 517/558/517 526/570/526
f 522/565/522 526/570/526 525/569/525
f 492/568/492 524/567/524 527/571/527
f 527/571/527 524/567/524 525/569/525
f 492/568/492 527/571/527 528/572/528
f 492/568/492 528/572/528 497/573/497
f 497/573/497 528/572/528 498/574/498
f 528/572/528 527/571/527 529/575/529
f 529/575/529 527/571/527 525/569/525
f 498/574/498 528/572/528 530/576/530
f 530/576/530 528/572/528 529/575/529
f 498/574/498 530/576/530 531/577/531
f 498/574/498 531/577/531 503/578/503
f 531/577/531 530/576/530 532/579/532
f 532/579/532 530/576/530 529/575/529
f 529/575/529 525/569/525 533/580/533
f 533/580/533 525/569/525 526/570/526
f 532/579/532 529/575/529 534/581/534
f 532/579/532 534/581/534 535/582/535
f 535/582/535 534/581/534 536/583/536
f 534/581/534 529/575/529 537/584/537
f 534/581/534 537/584/537 536/583/536
f 537/584/537 529/575/529 533/580/533
f 536/583/536 537/584/537 538/585/538
f 538/585/538 537/584/537 539/586/539
f 539/586/539 537/584/537 533/580/533
f 538/585/538 539/586/539 540/587/540
f 541/588/541 533/580/533 526/570/526
f 541/588/541 526/570/526 517/558/517
f 539/586/539 533/580/533 542/589/542
f 542/589/542 533/580/533 541/588/541
f 541/588/541 517/558/517 543/590/543
f 541/588/541 543/590/543 542/589/542
f 543/590/543 517/558/517 516/557/516
f 544/591/544 540/587/540 539/586/539
f 543/590/543 516/557/516 545/592/545
f 540/587/540 544/591/544 546/593/546
f 545/592/545 516/557/516 508/549/508
f 546/593/546 544/591/544 547/594/547
f 546/593/546 547/594/547 548/595/548
f 544/591/544 539/586/539 549/596/549
f 549/596/549 539/586/539 542/589/542
f 547/594/547 544/591/544 550/597/550
f 550/597/550 544/591/544 549/596/549
f 548/595/548 547/594/547 551/598/551
f 551/598/551 547/594/547 550/597/550
f 548/595/548 551/598/551 552/599/552
f 548/595/548 552/599/552 553/600/553
f 553/600/553 552/599/552 554/601/554
f 554/601/554 552/599/552 551/598/551
f 553/600/553 554/601/554 555/602/555
f 555/602/555 554/601/554 556/603/556
f 556/603/556 554/601/554 551/598/551
f 551/598/551 550/597/550 557/604/557
f 557/604/557 550/597/550 549/596/549
f 556/603/556 551/598/551 558/605/558
f 551/598/551 557/604/557 559/606/559
f 551/598/551 559/606/559 558/605/558
f 556/603/556 558/605/558 503/544/503
f 559/606/559 557/604/557 560/607/560
f 559/606/559 560/607/560 558/605/558
f 503/544/503 558/605/558 561/608/561
f 561/608/561 558/605/558 560/607/560
f 503/544/503 561/608/561 502/543/502
f 502/543/502 561/608/561 562/609/562
f 562/609/562 561/608/561 560/607/560
f 502/543/502 562/609/562 501/542/501
f 501/542/501 562/609/562 506/547/506
f 506/547/506 562/609/562 560/607/560
f 506/547/506 560/607/560 563/610/563
f 506/547/506 563/610/563 564/611/564
f 506/547/506 564/611/564 505/546/505
f 563/610/563 560/607/560 565/612/565
f 563/610/563 565/612/565 564/611/564
f 505/546/505 564/611/564 508/549/508
f 508/549/508 564/611/564 566/613/566
f 508/549/508 566/613/566 545/592/545
f 566/613/566 564/611/564 567/614/567
f 567/614/567 564/611/564 565/612/565
f 566/613/566 567/614/567 545/592/545
f 568/615/568 565/612/565 560/607/560
f 565/612/565 568/615/568 567/614/567
f 568/615/568 560/607/560 557/604/557
f 568/615/568 557/604/557 549/596/549
f 567/614/567 568/615/568 569/616/569
f 567/614/567 569/616/569 545/592/545
f 569/616/569 568/615/568 549/596/549
f 545/592/545 569/616/569 570/617/570
f 570/617/570 569/616/569 549/596/549
f 545/592/545 570/617/570 543/590/543
f 570/617/570 549/596/549 542/589/542
f 570/617/570 542/589/542 543/590/543
f 571/618/571 322/352/322 320/350/320
f 571/618/571 320/350/320 354/619/354
f 322/352/322 571/618/571 572/620/572
f 571/618/571 354/619/354 573/621/573
f 571/618/571 573/621/573 572/620/572
f 573/621/573 354/619/354 357/622/357
f 573/621/573 357/622/357 360/623/360
f 322/352/322 572/620/572 574/624/574
f 574/624/574 572/620/572 573/621/573
f 322/352/322 574/624/574 327/357/327
f 573/621/573 360/623/360 575/625/575
f 573/621/573 575/625/575 574/624/574
f 327/357/327 574/624/574 576/626/576
f 576/626/576 574/624/574 575/625/575
f 327/357/327 576/626/576 329/359/329
f 329/359/329 576/626/576 577/627/577
f 329/359/329 577/627/577 335/365/335
f 577/627/577 576/626/576 578/628/578
f 578/628/578 576/626/576 575/625/575
f 577/627/577 578/628/578 579/629/579
f 580/630/580 575/625/575 360/623/360
f 580/630/580 360/623/360 363/630/363
f 580/630/580 363/630/363 366/631/366
f 575/625/575 580/630/580 581/632/581
f 581/632/581 580/630/580 366/631/366
f 578/628/578 575/625/575 582/633/582
f 582/633/582 575/625/575 581/632/581
f 578/628/578 582/633/582 583/634/583
f 578/628/578 583/634/583 579/629/579
f 582/633/582 581/632/581 584/635/584
f 582/633/582 584/635/584 583/634/583
f 581/632/581 366/631/366 585/636/585
f 581/632/581 585/636/585 584/635/584
f 585/636/585 366/631/366 369/637/369
f 585/636/585 369/637/369 375/638/375
f 585/636/585 375/638/375 586/639/586
f 586/639/586 375/638/375 379/640/379
f 586/639/586 379/640/379 587/641/587
f 587/641/587 379/640/379 385/642/385
f 585/636/585 586/639/586 588/643/588
f 588/643/588 586/639/586 587/641/587
f 587/641/587 385/642/385 388/644/388
f 585/636/585 588/643/588 589/645/589
f 585/636/585 589/645/589 584/635/584
f 588/643/588 587/641/587 590/646/590
f 588/643/588 590/646/590 589/645/589
f 587/641/587 388/644/388 591/647/591
f 587/641/587 591/647/591 590/646/590
f 584/635/584 589/645/589 592/648/592
f 584/635/584 592/648/592 583/634/583
f 589/645/589 590/646/590 593/649/593
f 589/645/589 593/649/593 592/648/592
f 593/649/593 590/646/590 594/650/594
f 594/650/594 590/646/590 591/647/591
f 593/649/593 594/650/594 595/651/595
f 593/649/593 595/651/595 592/648/592
f 583/634/583 592/648/592 596/652/596
f 583/634/583 596/652/596 579/629/579
f 592/648/592 595/651/595 597/653/597
f 596/652/596 592/648/592 598/654/598
f 598/654/598 592/648/592 597/653/597
f 579/629/579 596/652/596 599/655/599
f 599/655/599 596/652/596 598/654/598
f 594/650/594 474/507/474 595/651/595
f 597/653/597 595/651/595 600/656/600
f 600/656/600 595/651/595 474/507/474
f 474/507/474 594/650/594 601/657/601
f 601/657/601 594/650/594 591/647/591
f 474/507/474 601/657/601 473/506/473
f 473/506/473 601/657/601 477/510/477
f 477/510/477 601/657/601 591/647/591
f 477/510/477 591/647/591 602/658/602
f 477/510/477 602/658/602 483/519/483
f 602/658/602 591/647/591 603/659/603
f 602/658/602 603/659/603 483/519/483
f 603/659/603 591/647/591 388/644/388
f 483/519/483 603/659/603 402/521/402
f 402/521/402 603/659/603 388/644/388
f 445/478/445 600/656/600 474/507/474
f 445/478/445 474/507/474 447/480/447
f 600/656/600 445/478/445 604/660/604
f 600/656/600 604/660/604 597/653/597
f 604/660/604 445/478/445 605/661/605
f 605/661/605 445/478/445 439/472/439
f 597/653/597 604/660/604 606/662/606
f 606/662/606 604/660/604 605/661/605
f 597/653/597 606/662/606 598/654/598
f 605/661/605 439/472/439 607/663/607
f 605/661/605 607/663/607 606/662/606
f 598/654/598 606/662/606 608/664/608
f 598/654/598 608/664/608 599/655/599
f 608/664/608 606/662/606 609/665/609
f 608/664/608 609/665/609 599/655/599
f 606/662/606 607/663/607 610/666/610
f 606/662/606 610/666/610 609/665/609
f 611/667/611 607/663/607 439/472/439
f 611/667/611 439/472/439 405/438/405
f 611/667/611 405/438/405 407/440/407
f 611/667/611 407/440/407 408/441/408
f 611/667/611 408/441/408 607/663/607
f 607/663/607 408/441/408 610/666/610
f 610/666/610 408/441/408 612/668/612
f 610/666/610 612/668/612 609/665/609
f 612/668/612 408/441/408 383/416/383
f 612/668/612 383/416/383 613/669/613
f 613/669/613 383/416/383 382/415/382
f 609/665/609 612/668/612 614/670/614
f 609/665/609 614/670/614 599/655/599
f 612/668/612 613/669/613 615/671/615
f 615/671/615 613/669/613 382/415/382
f 612/668/612 615/671/615 614/670/614
f 599/655/599 614/670/614 616/672/616
f 616/672/616 614/670/614 615/671/615
f 599/655/599 616/672/616 579/629/579
f 615/671/615 382/415/382 617/673/617
f 615/671/615 617/673/617 616/672/616
f 617/673/617 382/415/382 340/370/340
f 617/673/617 340/370/340 618/674/618
f 617/673/617 618/674/618 616/672/616
f 618/674/618 340/370/340 339/369/339
f 618/674/618 339/369/339 335/365/335
f 616/672/616 618/674/618 619/675/619
f 619/675/619 618/674/618 335/365/335
f 620/676/620 579/629/579 616/672/616
f 620/676/620 616/672/616 619/675/619
f 620/676/620 619/675/619 335/365/335
f 579/629/579 620/676/620 577/627/577
f 577/627/577 620/676/620 335/365/335
f 532/677/532 535/678/535 531/679/531
f 531/679/531 535/678/535 621/680/621
f 531/679/531 621/680/621 622/681/622
f 531/679/531 622/681/622 623/682/623
f 531/679/531 623/682/623 503/683/503
f 622/681/622 621/680/621 624/684/624
f 623/682/623 622/681/622 625/685/625
f 625/685/625 622/681/622 624/684/624
f 503/683/503 623/682/623 626/686/626
f 626/686/626 623/682/623 625/685/625
f 503/683/503 626/686/626 556/687/556
f 556/687/556 626/686/626 555/688/555
f 555/688/555 626/686/626 625/685/625
f 555/688/555 625/685/625 627/689/627
f 555/688/555 627/689/627 553/690/553
f 625/685/625 624/684/624 628/691/628
f 625/685/625 628/691/628 627/689/627
f 627/689/627 628/691/628 629/692/629
f 627/689/627 629/692/629 630/693/630
f 629/692/629 628/691/628 631/694/631
f 629/692/629 631/694/631 630/693/630
f 631/694/631 628/691/628 632/695/632
f 632/695/632 628/691/628 624/684/624
f 630/693/630 631/694/631 633/696/633
f 631/694/631 632/695/632 634/697/634
f 631/694/631 634/697/634 633/696/633
f 632/695/632 624/684/624 635/698/635
f 632/695/632 635/698/635 634/697/634
f 636/699/636 627/689/627 630/693/630
f 636/699/636 630/693/630 633/696/633
f 627/689/627 636/699/636 637/700/637
f 627/689/627 637/700/637 553/690/553
f 636/699/636 633/696/633 638/701/638
f 639/702/639 633/696/633 634/697/634
f 633/696/633 639/702/639 638/701/638
f 637/700/637 636/699/636 640/703/640
f 640/703/640 636/699/636 638/701/638
f 553/690/553 637/700/637 641/704/641
f 637/700/637 640/703/640 642/705/642
f 637/700/637 642/705/642 641/704/641
f 553/690/553 641/704/641 643/706/643
f 553/690/553 643/706/643 548/707/548
f 548/707/548 643/706/643 644/708/644
f 548/707/548 644/708/644 645/709/645
f 645/709/645 644/708/644 646/710/646
f 646/710/646 644/708/644 647/711/647
f 643/706/643 641/704/641 648/712/648
f 643/706/643 648/712/648 644/708/644
f 648/712/648 641/704/641 649/713/649
f 649/713/649 641/704/641 642/705/642
f 644/708/644 648/712/648 650/714/650
f 647/711/647 644/708/644 651/715/651
f 651/715/651 644/708/644 650/714/650
f 647/711/647 651/715/651 652/716/652
f 647/711/647 652/716/652 653/717/653
f 653/717/653 652/716/652 654/718/654
f 654/718/654 652/716/652 655/719/655
f 655/719/655 652/716/652 656/720/656
f 657/721/657 650/714/650 648/712/648
f 657/721/657 648/712/648 649/713/649
f 656/720/656 652/716/652 658/722/658
f 658/722/658 652/716/652 651/715/651
f 659/723/659 651/715/651 650/714/650
f 651/715/651 659/723/659 658/722/658
f 650/714/650 657/721/657 660/724/660
f 650/714/650 660/724/660 659/723/659
f 656/720/656 658/722/658 661/725/661
f 661/725/661 658/722/658 659/723/659
f 656/720/656 661/725/661 662/726/662
f 661/725/661 659/723/659 663/727/663
f 662/726/662 661/725/661 664/728/664
f 664/728/664 661/725/661 663/727/663
f 662/726/662 664/728/664 665/729/665
f 666/730/666 659/723/659 660/724/660
f 659/723/659 666/730/666 663/727/663
f 666/730/666 660/724/660 667/731/667
f 667/731/667 660/724/660 657/721/657
f 665/729/665 664/728/664 668/732/668
f 665/729/665 668/732/668 669/733/669
f 670/734/670 664/728/664 663/727/663
f 664/728/664 670/734/670 668/732/668
f 667/731/667 657/721/657 671/735/671
f 671/735/671 657/721/657 649/713/649
f 671/735/671 649/713/649 672/736/672
f 672/736/672 649/713/649 642/705/642
f 667/731/667 671/735/671 673/737/673
f 673/737/673 671/735/671 672/736/672
f 667/731/667 673/737/673 674/738/674
f 667/731/667 674/738/674 666/730/666
f 673/737/673 672/736/672 675/739/675
f 673/737/673 675/739/675 674/738/674
f 672/736/672 642/705/642 676/740/676
f 676/740/676 642/705/642 640/703/640
f 676/740/676 640/703/640 638/701/638
f 672/736/672 676/740/676 677/741/677
f 672/736/672 677/741/677 675/739/675
f 676/740/676 638/701/638 678/742/678
f 676/740/676 678/742/678 677/741/677
f 677/741/677 678/742/678 679/743/679
f 677/741/677 679/743/679 675/739/675
f 678/742/678 638/701/638 680/744/680
f 680/744/680 638/701/638 681/745/681
f 681/745/681 638/701/638 639/702/639
f 681/745/681 639/702/639 682/746/682
f 681/745/681 682/746/682 680/744/680
f 682/746/682 639/702/639 683/747/683
f 678/742/678 680/744/680 684/748/684
f 678/742/678 684/748/684 679/743/679
f 680/744/680 682/746/682 685/749/685
f 679/743/679 684/748/684 686/750/686
f 682/746/682 683/747/683 687/751/687
f 682/746/682 687/751/687 685/749/685
f 683/747/683 639/702/639 688/752/688
f 688/752/688 639/702/639 634/697/634
f 688/752/688 634/697/634 689/753/689
f 689/753/689 634/697/634 635/698/635
f 683/747/683 688/752/688 690/754/690
f 688/752/688 689/753/689 691/755/691
f 688/752/688 691/755/691 690/754/690
f 683/747/683 690/754/690 692/756/692
f 683/747/683 692/756/692 687/751/687
f 690/754/690 691/755/691 693/757/693
f 692/756/692 690/754/690 694/758/694
f 694/758/694 690/754/690 693/757/693
f 692/756/692 694/758/694 695/759/695
f 692/756/692 695/759/695 687/751/687
f 696/760/696 691/755/691 689/753/689
f 691/755/691 696/760/696 693/757/693
f 696/760/696 689/753/689 697/761/697
f 697/761/697 689/753/689 635/698/635
f 693/757/693 696/760/696 698/762/698
f 696/760/696 697/761/697 699/763/699
f 696/760/696 699/763/699 698/762/698
f 697/761/697 635/698/635 700/764/700
f 700/764/700 635/698/635 624/684/624
f 697/761/697 700/764/700 701/765/701
f 697/761/697 701/765/701 699/763/699
f 700/764/700 624/684/624 702/766/702
f 702/766/702 624/684/624 621/680/621
f 702/766/702 621/680/621 535/678/535
f 700/764/700 702/766/702 703/767/703
f 700/764/700 703/767/703 701/765/701
f 702/766/702 535/678/535 704/768/704
f 702/766/702 704/768/704 703/767/703
f 704/768/704 535/678/535 705/769/705
f 704/768/704 705/769/705 703/767/703
f 705/769/705 535/678/535 536/770/536
f 705/769/705 536/770/536 706/771/706
f 706/771/706 536/770/536 538/772/538
f 706/771/706 538/772/538 540/773/540
f 705/769/705 706/771/706 707/774/707
f 705/769/705 707/774/707 703/767/703
f 706/771/706 540/773/540 708/775/708
f 706/771/706 708/775/708 707/774/707
f 708/775/708 540/773/540 709/776/709
f 709/776/709 540/773/540 546/777/546
f 709/776/709 546/777/546 645/778/645
f 645/778/645 546/777/546 548/779/548
f 709/776/709 645/778/645 646/780/646
f 708/775/708 709/776/709 710/781/710
f 710/781/710 709/776/709 646/780/646
f 708/775/708 710/781/710 711/782/711
f 711/782/711 710/781/710 646/780/646
f 708/775/708 711/782/711 707/774/707
f 711/782/711 646/780/646 647/783/647
f 707/774/707 711/782/711 712/784/712
f 707/774/707 712/784/712 703/767/703
f 711/782/711 647/783/647 713/785/713
f 711/782/711 713/785/713 712/784/712
f 713/785/713 647/783/647 653/786/653
f 703/767/703 712/784/712 714/787/714
f 703/767/703 714/787/714 701/765/701
f 712/784/712 713/785/713 715/788/715
f 712/784/712 715/788/715 714/787/714
f 713/785/713 653/786/653 716/789/716
f 713/785/713 716/789/716 715/788/715
f 716/789/716 653/786/653 654/790/654
f 716/789/716 654/790/654 717/791/717
f 701/765/701 714/787/714 718/792/718
f 718/792/718 714/787/714 715/788/715
f 715/788/715 716/789/716 719/793/719
f 715/788/715 719/793/719 718/792/718
f 719/793/719 716/789/716 717/791/717
f 701/765/701 718/792/718 720/794/720
f 701/765/701 720/794/720 699/763/699
f 718/792/718 719/793/719 721/795/721
f 718/792/718 721/795/721 720/794/720
f 719/793/719 717/791/717 722/796/722
f 719/793/719 722/796/722 721/795/721
f 722/796/722 717/791/717 723/797/723
f 721/795/721 722/796/722 724/798/724
f 724/798/724 722/796/722 723/797/723
f 720/794/720 721/795/721 725/799/725
f 725/799/725 721/795/721 724/798/724
f 726/800/726 699/763/699 720/794/720
f 726/800/726 720/794/720 725/799/725
f 699/763/699 726/800/726 727/801/727
f 699/763/699 727/801/727 698/762/698
f 726/800/726 725/799/725 728/802/728
f 698/762/698 727/801/727 729/803/729
f 698/762/698 729/803/729 693/757/693
f 727/801/727 726/800/726 730/804/730
f 730/804/730 726/800/726 728/802/728
f 729/803/729 727/801/727 731/805/731
f 731/805/731 727/801/727 730/804/730
f 693/757/693 729/803/729 732/806/732
f 693/757/693 732/806/732 694/758/694
f 729/803/729 731/805/731 733/807/733
f 729/803/729 733/807/733 732/806/732
f 731/805/731 730/804/730 734/808/734
f 733/807/733 731/805/731 735/809/735
f 735/809/735 731/805/731 734/808/734
f 732/806/732 733/807/733 736/810/736
f 736/810/736 733/807/733 735/809/735
f 737/811/737 694/758/694 732/806/732
f 737/811/737 732/806/732 736/810/736
f 694/758/694 737/811/737 695/759/695
f 738/812/738 734/808/734 730/804/730
f 738/812/738 730/804/730 728/802/728
f 739/813/739 735/809/735 734/808/734
f 740/814/740 736/810/736 735/809/735
f 740/814/740 735/809/735 739/813/739
f 736/810/736 740/814/740 741/815/741
f 736/810/736 741/815/741 737/811/737
f 740/814/740 739/813/739 742/816/742
f 741/815/741 740/814/740 743/817/743
f 743/817/743 740/814/740 742/816/742
f 737/811/737 741/815/741 744/818/744
f 737/811/737 744/818/744 695/759/695
f 744/818/744 741/815/741 745/819/745
f 745/819/745 741/815/741 743/817/743
f 695/759/695 744/818/744 746/820/746
f 695/759/695 746/820/746 687/751/687
f 744/818/744 745/819/745 747/821/747
f 744/818/744 747/821/747 746/820/746
f 745/819/745 743/817/743 748/822/748
f 745/819/745 748/822/748 747/821/747
f 749/823/749 743/817/743 742/816/742
f 749/823/749 742/816/742 739/813/739
f 743/817/743 749/823/749 750/824/750
f 743/817/743 750/824/750 748/822/748
f 750/824/750 749/823/749 751/825/751
f 747/821/747 748/822/748 752/826/752
f 747/821/747 752/826/752 753/827/753
f 753/827/753 752/826/752 748/822/748
f 747/821/747 753/827/753 754/828/754
f 747/821/747 754/828/754 746/820/746
f 753/827/753 748/822/748 755/829/755
f 746/820/746 754/828/754 756/830/756
f 753/827/753 755/829/755 757/831/757
f 753/827/753 757/831/757 754/828/754
f 746/820/746 756/830/756 758/832/758
f 746/820/746 758/832/758 687/751/687
f 687/751/687 758/832/758 685/749/685
f 756/830/756 754/828/754 759/833/759
f 756/830/756 759/833/759 758/832/758
f 759/833/759 754/828/754 757/831/757
f 685/749/685 758/832/758 760/834/760
f 760/834/760 758/832/758 759/833/759
f 685/749/685 760/834/760 761/835/761
f 685/749/685 761/835/761 680/744/680
f 760/834/760 759/833/759 762/836/762
f 680/744/680 761/835/761 763/837/763
f 680/744/680 763/837/763 684/748/684
f 761/835/761 760/834/760 764/838/764
f 761/835/761 764/838/764 763/837/763
f 764/838/764 760/834/760 762/836/762
f 684/748/684 763/837/763 765/839/765
f 765/839/765 763/837/763 764/838/764
f 684/748/684 765/839/765 686/750/686
f 766/840/766 762/836/762 759/833/759
f 766/840/766 759/833/759 767/841/767
f 767/841/767 759/833/759 757/831/757
f 762/836/762 766/840/766 768/842/768
f 769/843/769 764/838/764 762/836/762
f 769/843/769 762/836/762 768/842/768
f 768/842/768 766/840/766 770/844/770
f 770/844/770 766/840/766 767/841/767
f 767/841/767 757/831/757 771/845/771
f 771/845/771 757/831/757 755/829/755
f 770/844/770 767/841/767 772/846/772
f 772/846/772 767/841/767 773/847/773
f 773/847/773 767/841/767 771/845/771
f 770/844/770 772/846/772 774/848/774
f 768/842/768 770/844/770 775/849/775
f 775/849/775 770/844/770 774/848/774
f 768/842/768 775/849/775 776/850/776
f 768/842/768 776/850/776 769/843/769
f 769/843/769 776/850/776 777/851/777
f 769/843/769 777/851/777 764/838/764
f 776/850/776 775/849/775 778/852/778
f 776/850/776 778/852/778 777/851/777
f 775/849/775 774/848/774 779/853/779
f 775/849/775 779/853/779 778/852/778
f 780/854/780 774/848/774 772/846/772
f 774/848/774 780/854/780 779/853/779
f 780/854/780 772/846/772 773/847/773
f 781/855/781 764/838/764 777/851/777
f 764/838/764 781/855/781 765/839/765
f 765/839/765 781/855/781 782/856/782
f 765/839/765 782/856/782 686/750/686
f 781/855/781 777/851/777 783/857/783
f 781/855/781 783/857/783 782/856/782
f 783/857/783 777/851/777 784/858/784
f 784/858/784 777/851/777 778/852/778
f 686/750/686 782/856/782 785/859/785
f 686/750/686 785/859/785 679/743/679
f 782/856/782 783/857/783 786/860/786
f 782/856/782 786/860/786 785/859/785
f 783/857/783 784/858/784 787/861/787
f 783/857/783 787/861/787 786/860/786
f 679/743/679 785/859/785 788/862/788
f 679/743/679 788/862/788 675/739/675
f 785/859/785 786/860/786 789/863/789
f 785/859/785 789/863/789 788/862/788
f 786/860/786 787/861/787 790/864/790
f 786/860/786 790/864/790 789/863/789
f 791/865/791 787/861/787 784/858/784
f 790/864/790 787/861/787 792/866/792
f 792/866/792 787/861/787 791/865/791
f 791/865/791 784/858/784 793/867/793
f 793/867/793 784/858/784 778/852/778
f 789/863/789 790/864/790 794/868/794
f 793/867/793 778/852/778 795/869/795
f 795/869/795 778/852/778 779/853/779
f 795/869/795 779/853/779 796/870/796
f 793/867/793 795/869/795 797/871/797
f 796/870/796 779/853/779 780/854/780
f 793/867/793 797/871/797 798/872/798
f 793/867/793 798/872/798 791/865/791
f 797/871/797 795/869/795 799/873/799
f 799/873/799 795/869/795 796/870/796
f 798/872/798 797/871/797 800/874/800
f 800/874/800 797/871/797 799/873/799
f 791/865/791 798/872/798 801/875/801
f 791/865/791 801/875/801 792/866/792
f 798/872/798 800/874/800 802/876/802
f 798/872/798 802/876/802 801/875/801
f 800/874/800 799/873/799 803/877/803
f 802/876/802 800/874/800 804/878/804
f 804/878/804 800/874/800 803/877/803
f 803/877/803 799/873/799 805/879/805
f 805/879/805 799/873/799 796/870/796
f 803/877/803 805/879/805 806/880/806
f 805/879/805 796/870/796 807/881/807
f 805/879/805 807/881/807 806/880/806
f 807/881/807 796/870/796 808/882/808
f 808/882/808 796/870/796 780/854/780
f 803/877/803 806/880/806 809/883/809
f 803/877/803 809/883/809 804/878/804
f 809/883/809 806/880/806 810/884/810
f 810/884/810 806/880/806 807/881/807
f 808/882/808 780/854/780 811/885/811
f 808/882/808 811/885/811 807/881/807
f 811/885/812 780/854/812 812/886/812
f 812/886/813 780/854/780 773/847/773
f 807/881/807 811/885/811 813/887/814
f 812/886/813 773/847/773 814/888/815
f 812/886/813 814/888/815 811/885/811
f 814/888/815 773/847/773 815/889/816
f 815/889/816 773/847/773 771/845/771
f 811/885/811 814/888/815 816/890/817
f 813/887/814 811/885/811 817/891/818
f 817/891/818 811/885/811 816/890/817
f 816/890/817 814/888/815 818/892/819
f 816/890/817 818/892/819 817/891/818
f 814/888/815 815/889/816 819/893/820
f 819/893/820 815/889/816 771/845/771
f 818/892/819 814/888/815 820/894/821
f 820/894/821 814/888/815 819/893/820
f 818/892/819 820/894/821 821/895/822
f 821/895/822 820/894/821 819/893/820
f 817/891/818 818/892/819 822/896/823
f 819/893/820 771/845/771 823/897/824
f 822/896/823 818/892/819 824/898/825
f 824/898/826 818/892/819 821/895/822
f 821/895/822 819/893/820 825/899/827
f 825/899/827 819/893/820 826/900/828
f 826/900/828 819/893/820 823/897/824
f 821/895/822 825/899/827 827/901/829
f 823/897/824 771/845/771 828/902/830
f 828/902/830 771/845/771 755/829/755
f 828/902/830 755/829/755 748/822/748
f 821/895/822 827/901/829 829/903/831
f 821/895/822 829/903/831 824/898/832
f 827/901/829 825/899/827 830/904/833
f 830/904/833 825/899/827 826/900/828
f 828/902/830 748/822/748 831/905/834
f 827/901/829 830/904/833 832/906/835
f 827/901/829 832/906/835 829/903/831
f 831/905/834 748/822/748 750/824/750
f 828/902/830 831/905/834 833/907/836
f 828/902/830 833/907/836 823/897/824
f 831/905/834 750/824/750 834/908/837
f 835/909/838 826/900/828 823/897/824
f 826/900/828 835/909/838 830/904/833
f 835/909/838 823/897/824 833/907/836
f 830/904/833 835/909/838 836/910/839
f 830/904/833 836/910/839 832/906/835
f 835/909/838 833/907/836 837/911/840
f 835/909/838 837/911/840 836/910/839
f 838/912/841 833/907/836 831/905/834
f 838/912/841 831/905/834 834/908/837
f 837/911/840 833/907/836 839/913/842
f 839/913/842 833/907/836 838/912/841
f 834/908/837 750/824/750 751/825/751
f 839/913/842 838/912/841 840/914/843
f 840/914/843 838/912/841 834/908/837
f 837/911/840 839/913/842 841/915/844
f 841/915/844 839/913/842 840/914/843
f 837/911/840 841/915/844 842/916/845
f 837/911/840 842/916/845 836/910/839
f 834/908/837 751/825/751 843/917/846
f 834/908/837 843/917/846 840/914/843
f 843/917/846 751/825/751 844/918/847
f 840/914/843 843/917/846 845/919/848
f 845/919/848 843/917/846 844/918/847
f 840/914/843 845/919/848 846/920/849
f 847/921/850 841/915/844 840/914/843
f 847/921/850 840/914/843 846/920/849
f 841/915/844 847/921/850 848/922/851
f 841/915/844 848/922/851 842/916/845
f 847/921/850 846/920/849 849/923/852
f 847/921/850 849/923/852 848/922/851
f 846/920/849 845/919/848 850/924/853
f 850/924/853 845/919/848 844/918/847
f 846/920/849 850/924/853 851/925/854
f 849/923/852 846/920/849 852/926/855
f 852/926/855 846/920/849 851/925/854
f 849/923/852 852/926/855 848/922/851
f 851/925/854 850/924/853 853/927/856
f 851/925/854 853/927/856 852/926/855
f 850/924/853 844/918/847 854/928/857
f 850/924/853 854/928/857 853/927/856
f 852/926/855 853/927/856 855/929/858
f 854/928/857 844/918/847 856/930/859
f 852/926/855 855/929/858 857/931/860
f 855/929/858 853/927/856 858/932/861
f 855/929/858 858/932/861 857/931/860
f 853/927/856 854/928/857 859/933/862
f 853/927/856 859/933/862 858/932/861
f 859/933/862 854/928/857 860/934/863
f 860/934/863 854/928/857 856/930/859
f 858/932/861 859/933/862 861/935/864
f 852/926/855 857/931/860 862/936/865
f 852/926/855 862/936/865 848/922/851
f 863/937/866 857/931/860 858/932/861
f 848/922/851 862/936/865 864/938/867
f 862/936/865 857/931/860 865/939/868
f 862/936/865 865/939/868 864/938/867
f 865/939/868 857/931/860 866/940/869
f 866/940/869 857/931/860 863/937/866
f 863/937/866 858/932/861 867/941/870
f 867/941/870 858/932/861 861/935/864
f 848/922/851 864/938/867 868/942/871
f 848/922/851 868/942/871 842/916/845
f 842/916/872 868/942/872 836/910/872
f 868/942/871 864/938/867 869/943/873
f 836/910/839 868/942/871 870/944/874
f 870/944/874 868/942/871 869/943/873
f 836/910/839 870/944/874 871/945/875
f 836/910/839 871/945/875 832/906/835
f 870/944/874 869/943/873 872/946/876
f 832/906/835 871/945/875 873/947/877
f 870/944/874 872/946/876 874/948/878
f 870/944/874 874/948/878 871/945/875
f 832/906/835 873/947/877 829/903/879
f 875/949/880 869/943/873 864/938/867
f 875/949/880 864/938/867 865/939/868
f 872/946/876 869/943/873 876/950/881
f 876/950/881 869/943/873 875/949/880
f 875/949/880 865/939/868 877/951/882
f 875/949/880 877/951/882 876/950/881
f 877/951/882 865/939/868 866/940/869
f 872/946/876 876/950/881 878/952/883
f 872/946/876 878/952/883 874/948/878
f 876/950/881 877/951/882 879/953/884
f 877/951/882 866/940/869 880/954/885
f 877/951/882 880/954/885 879/953/884
f 880/954/885 866/940/869 881/955/886
f 881/955/886 866/940/869 863/937/866
f 876/950/881 879/953/884 882/956/887
f 876/950/881 882/956/887 878/952/883
f 879/953/884 880/954/885 883/957/888
f 879/953/884 883/957/888 882/956/887
f 880/954/885 881/955/886 884/958/889
f 880/954/885 884/958/889 883/957/888
f 881/955/886 863/937/866 885/959/890
f 884/958/889 881/955/886 886/960/891
f 886/960/891 881/955/886 885/959/890
f 885/959/890 863/937/866 867/941/870
f 884/958/889 886/960/891 887/961/892
f 883/957/888 884/958/889 888/962/893
f 888/962/893 884/958/889 887/961/892
f 883/957/888 888/962/893 889/963/894
f 889/963/894 888/962/893 887/961/892
f 890/964/895 882/956/887 883/957/888
f 882/956/887 890/964/895 878/952/883
f 883/957/888 889/963/894 891/965/896
f 883/957/888 891/965/896 890/964/895
f 889/963/894 887/961/892 892/966/897
f 891/965/896 889/963/894 893/967/898
f 893/967/898 889/963/894 892/966/897
f 891/965/896 893/967/898 894/968/899
f 891/965/896 894/968/899 890/964/895
f 890/964/895 894/968/899 895/969/900
f 890/964/895 895/969/900 878/952/883
f 892/966/897 887/961/892 896/970/901
f 893/967/898 892/966/897 897/971/902
f 897/971/902 892/966/897 896/970/901
f 894/968/899 893/967/898 898/972/903
f 898/972/903 893/967/898 897/971/902
f 894/968/899 898/972/903 899/973/904
f 894/968/899 899/973/904 895/969/900
f 900/974/905 878/952/883 895/969/900
f 899/973/904 898/972/903 901/975/906
f 895/969/900 899/973/904 902/976/907
f 902/976/907 899/973/904 901/975/906
f 895/969/900 902/976/907 903/977/908
f 895/969/900 903/977/908 900/974/905
f 878/952/883 900/974/905 904/978/909
f 904/978/909 900/974/905 903/977/908
f 878/952/883 904/978/909 905/979/910
f 878/952/883 905/979/910 874/948/878
f 905/979/910 904/978/909 906/980/911
f 874/948/912 905/979/910 907/981/913
f 906/980/911 904/978/909 908/982/914
f 908/982/914 904/978/909 903/977/908
f 905/979/910 906/980/911 909/983/915
f 909/983/915 906/980/911 908/982/914
f 907/981/913 905/979/910 910/984/916
f 910/984/916 905/979/910 909/983/915
f 874/948/912 907/981/913 911/985/917
f 874/948/878 911/985/917 871/945/875
f 871/945/875 911/985/917 912/986/918
f 912/986/918 911/985/917 907/981/913
f 871/945/875 912/986/918 873/947/877
f 873/947/877 912/986/918 829/903/879
f 912/986/918 907/981/913 913/987/919
f 914/988/920 907/981/913 910/984/916
f 907/981/913 914/988/920 913/987/919
f 914/988/920 910/984/916 909/983/915
f 912/986/918 913/987/919 915/989/921
f 915/989/921 913/987/919 914/988/920
f 829/903/879 912/986/918 916/990/922
f 916/990/922 912/986/918 915/989/921
f 829/903/923 916/990/923 917/991/923
f 829/903/831 917/991/924 824/898/832
f 914/988/920 909/983/915 918/992/925
f 917/991/926 916/990/927 919/993/928
f 919/993/928 916/990/927 915/989/929
f 824/898/825 917/991/930 920/994/931
f 920/994/931 917/991/930 919/993/932
f 921/995/933 915/989/921 914/988/920
f 914/988/920 918/992/925 922/996/934
f 914/988/920 922/996/934 921/995/933
f 824/898/825 920/994/931 923/997/935
f 824/898/825 923/997/935 822/896/823
f 915/989/921 921/995/933 924/998/936
f 924/998/936 921/995/933 922/996/934
f 925/999/937 919/993/932 915/989/921
f 925/999/937 915/989/921 924/998/936
f 919/993/932 925/999/937 926/1000/938
f 919/993/932 926/1000/938 920/994/931
f 926/1000/938 925/999/937 927/1001/939
f 927/1001/939 925/999/937 924/998/936
f 920/994/931 926/1000/938 928/1002/940
f 928/1002/940 926/1000/938 927/1001/939
f 929/1003/941 923/997/935 920/994/931
f 923/997/935 929/1003/941 822/896/823
f 920/994/931 928/1002/940 930/1004/942
f 920/994/931 930/1004/942 929/1003/941
f 930/1004/942 928/1002/940 931/1005/943
f 931/1005/943 928/1002/940 927/1001/939
f 822/896/823 929/1003/941 932/1006/944
f 929/1003/941 930/1004/942 933/1007/945
f 929/1003/941 933/1007/945 932/1006/944
f 822/896/823 932/1006/944 934/1008/946
f 934/1008/946 932/1006/944 933/1007/945
f 822/896/823 934/1008/946 817/891/818
f 930/1004/942 931/1005/943 935/1009/947
f 930/1004/942 935/1009/947 933/1007/945
f 817/891/818 934/1008/946 936/1010/948
f 817/891/818 936/1010/948 813/887/814
f 813/887/814 936/1010/948 807/881/807
f 934/1008/946 933/1007/945 937/1011/949
f 934/1008/946 937/1011/949 936/1010/948
f 807/881/807 936/1010/948 938/1012/950
f 807/881/807 938/1012/950 810/884/810
f 936/1010/948 937/1011/949 939/1013/951
f 938/1012/950 936/1010/948 940/1014/952
f 940/1014/952 936/1010/948 939/1013/951
f 938/1012/950 940/1014/952 810/884/810
f 939/1013/951 937/1011/949 941/1015/953
f 939/1013/951 941/1015/953 940/1014/952
f 942/1016/954 937/1011/949 933/1007/945
f 937/1011/949 942/1016/954 941/1015/953
f 810/884/810 940/1014/952 943/1017/955
f 942/1016/956 933/1007/957 944/1018/958
f 944/1018/959 933/1007/945 935/1009/947
f 810/884/810 943/1017/955 945/1019/960
f 810/884/810 945/1019/960 809/883/809
f 943/1017/955 940/1014/952 946/1020/961
f 944/1018/959 935/1009/947 947/1021/962
f 947/1021/962 935/1009/947 931/1005/943
f 945/1019/960 943/1017/955 948/1022/963
f 948/1022/963 943/1017/955 946/1020/961
f 946/1020/961 940/1014/952 949/1023/964
f 949/1023/964 940/1014/952 941/1015/953
f 946/1020/961 949/1023/964 950/1024/965
f 946/1020/961 950/1024/965 948/1022/963
f 949/1023/964 941/1015/953 951/1025/966
f 948/1022/963 950/1024/965 952/1026/967
f 951/1025/966 941/1015/953 953/1027/968
f 953/1027/968 941/1015/953 954/1028/969
f 954/1028/969 941/1015/953 942/1016/954
f 953/1027/968 954/1028/969 955/1029/970
f 953/1027/968 955/1029/970 951/1025/966
f 954/1028/969 942/1016/954 956/1030/971
f 949/1023/964 951/1025/966 957/1031/972
f 949/1023/964 957/1031/972 950/1024/965
f 956/1030/973 942/1016/956 958/1032/974
f 958/1032/974 942/1016/956 944/1018/958
f 954/1028/969 956/1030/971 959/1033/975
f 954/1028/969 959/1033/975 955/1029/970
f 958/1032/976 944/1018/959 947/1021/962
f 956/1030/977 958/1032/976 960/1034/978
f 956/1030/979 960/1034/980 959/1033/981
f 960/1034/978 958/1032/976 947/1021/962
f 955/1029/970 959/1033/975 961/1035/982
f 961/1035/983 959/1033/981 960/1034/980
f 962/1036/984 951/1025/966 955/1029/970
f 951/1025/966 962/1036/984 963/1037/985
f 951/1025/966 963/1037/985 957/1031/972
f 962/1036/984 955/1029/970 964/1038/986
f 962/1036/984 964/1038/986 963/1037/985
f 955/1029/970 961/1035/982 965/1039/987
f 955/1029/970 965/1039/987 964/1038/986
f 957/1031/972 963/1037/985 966/1040/988
f 963/1037/985 964/1038/986 967/1041/989
f 963/1037/985 967/1041/989 966/1040/988
f 957/1031/972 966/1040/988 968/1042/990
f 957/1031/972 968/1042/990 950/1024/965
f 966/1040/988 967/1041/989 969/1043/991
f 968/1042/990 966/1040/988 970/1044/992
f 970/1044/992 966/1040/988 969/1043/991
f 969/1043/991 967/1041/989 971/1045/993
f 969/1043/991 971/1045/993 970/1044/992
f 972/1046/994 967/1041/989 964/1038/986
f 950/1024/965 968/1042/990 973/1047/995
f 968/1042/990 970/1044/992 974/1048/996
f 968/1042/990 974/1048/996 973/1047/995
f 950/1024/965 973/1047/995 975/1049/997
f 950/1024/965 975/1049/997 952/1026/967
f 973/1047/995 974/1048/996 976/1050/998
f 952/1026/967 975/1049/997 977/1051/999
f 952/1026/967 977/1051/999 948/1022/963
f 975/1049/997 973/1047/995 978/1052/1000
f 978/1052/1000 973/1047/995 976/1050/998
f 977/1051/999 975/1049/997 979/1053/1001
f 979/1053/1001 975/1049/997 978/1052/1000
f 948/1022/963 977/1051/999 980/1054/1002
f 948/1022/963 980/1054/1002 945/1019/960
f 980/1054/1002 977/1051/999 981/1055/1003
f 981/1055/1003 977/1051/999 979/1053/1001
f 945/1019/960 980/1054/1002 982/1056/1004
f 945/1019/960 982/1056/1004 809/883/809
f 809/883/809 982/1056/1004 804/878/804
f 982/1056/1004 980/1054/1002 983/1057/1005
f 983/1057/1005 980/1054/1002 981/1055/1003
f 804/878/804 982/1056/1004 984/1058/1006
f 984/1058/1006 982/1056/1004 983/1057/1005
f 804/878/804 984/1058/1006 985/1059/1007
f 985/1059/1007 984/1058/1006 983/1057/1005
f 804/878/804 985/1059/1007 986/1060/1008
f 804/878/804 986/1060/1008 802/876/802
f 985/1059/1007 983/1057/1005 987/1061/1009
f 987/1061/1009 983/1057/1005 981/1055/1003
f 986/1060/1008 985/1059/1007 988/1062/1010
f 988/1062/1010 985/1059/1007 987/1061/1009
f 802/876/802 986/1060/1008 989/1063/1011
f 802/876/802 989/1063/1011 801/875/801
f 986/1060/1008 988/1062/1010 990/1064/1012
f 986/1060/1008 990/1064/1012 989/1063/1011
f 801/875/801 989/1063/1011 991/1065/1013
f 991/1065/1013 989/1063/1011 990/1064/1012
f 801/875/801 991/1065/1013 792/866/792
f 792/866/792 991/1065/1013 992/1066/1014
f 792/866/792 992/1066/1014 790/864/790
f 790/864/790 992/1066/1014 794/868/794
f 992/1066/1014 991/1065/1013 993/1067/1015
f 992/1066/1014 993/1067/1015 794/868/794
f 991/1065/1013 990/1064/1012 994/1068/1016
f 991/1065/1013 994/1068/1016 993/1067/1015
f 994/1068/1016 990/1064/1012 995/1069/1017
f 995/1069/1017 990/1064/1012 988/1062/1010
f 995/1069/1017 988/1062/1010 996/1070/1018
f 996/1070/1018 988/1062/1010 987/1061/1009
f 994/1068/1016 995/1069/1017 997/1071/1019
f 996/1070/1018 987/1061/1009 998/1072/1020
f 998/1072/1020 987/1061/1009 981/1055/1003
f 998/1072/1020 981/1055/1003 979/1053/1001
f 998/1072/1020 979/1053/1001 999/1073/1021
f 998/1072/1020 999/1073/1021 996/1070/1018
f 995/1069/1017 996/1070/1018 1000/1074/1022
f 995/1069/1017 1000/1074/1022 997/1071/1019
f 994/1068/1016 997/1071/1019 1001/1075/1023
f 994/1068/1016 1001/1075/1023 993/1067/1015
f 997/1071/1019 1000/1074/1022 1002/1076/1024
f 1000/1074/1022 996/1070/1018 1003/1077/1025
f 1000/1074/1022 1003/1077/1025 1002/1076/1024
f 1003/1077/1025 996/1070/1018 1004/1078/1026
f 1004/1078/1026 996/1070/1018 999/1073/1021
f 1003/1077/1025 1004/1078/1026 1005/1079/1027
f 1003/1077/1025 1005/1079/1027 1002/1076/1024
f 997/1071/1019 1002/1076/1024 1006/1080/1028
f 997/1071/1019 1006/1080/1028 1001/1075/1023
f 1006/1080/1028 1002/1076/1024 1007/1081/1029
f 1007/1081/1029 1002/1076/1024 1008/1082/1030
f 1008/1082/1030 1002/1076/1024 1005/1079/1027
f 1006/1080/1028 1007/1081/1029 1009/1083/1031
f 1007/1081/1029 1008/1082/1030 1010/1084/1032
f 1007/1081/1029 1010/1084/1032 1009/1083/1031
f 1006/1080/1028 1009/1083/1031 1011/1085/1033
f 1006/1080/1028 1011/1085/1033 1001/1075/1023
f 1009/1083/1031 1010/1084/1032 1012/1086/1034
f 1001/1075/1023 1011/1085/1033 1013/1087/1035
f 1009/1083/1031 1012/1086/1034 1014/1088/1036
f 1009/1083/1031 1014/1088/1036 1011/1085/1033
f 1001/1075/1023 1013/1087/1035 1015/1089/1037
f 1013/1087/1035 1011/1085/1033 1016/1090/1038
f 1013/1087/1035 1016/1090/1038 1015/1089/1037
f 1016/1090/1038 1011/1085/1033 1014/1088/1036
f 1001/1075/1023 1015/1089/1037 993/1067/1015
f 1017/1091/1039 1012/1086/1034 1010/1084/1032
f 1018/1092/1040 1014/1088/1036 1012/1086/1034
f 1018/1092/1040 1012/1086/1034 1017/1091/1039
f 1017/1091/1039 1010/1084/1032 1019/1093/1041
f 1019/1093/1041 1010/1084/1032 1008/1082/1030
f 1019/1093/1041 1008/1082/1030 1005/1079/1027
f 1017/1091/1039 1019/1093/1041 1020/1094/1042
f 1019/1093/1041 1005/1079/1027 1021/1095/1043
f 1019/1093/1041 1021/1095/1043 1020/1094/1042
f 1017/1091/1039 1020/1094/1042 1022/1096/1044
f 1017/1091/1039 1022/1096/1044 1018/1092/1040
f 1022/1096/1044 1020/1094/1042 1023/1097/1045
f 1022/1096/1044 1023/1097/1045 1024/1098/1046
f 1023/1097/1045 1020/1094/1042 1025/1099/1047
f 1025/1099/1047 1020/1094/1042 1021/1095/1043
f 1023/1097/1045 1025/1099/1047 1026/1100/1048
f 1026/1100/1048 1025/1099/1047 1027/1101/1049
f 1022/1096/1044 1024/1098/1046 1028/1102/1050
f 1022/1096/1044 1028/1102/1050 1018/1092/1040
f 1028/1102/1050 1024/1098/1046 1029/1103/1051
f 1028/1102/1050 1029/1103/1051 1030/1104/1052
f 1028/1102/1050 1030/1104/1052 1018/1092/1040
f 1030/1104/1052 1029/1103/1051 1031/1105/1053
f 1018/1092/1040 1030/1104/1052 1032/1106/1054
f 1018/1092/1040 1032/1106/1054 1014/1088/1036
f 1030/1104/1052 1031/1105/1053 1033/1107/1055
f 1030/1104/1052 1033/1107/1055 1032/1106/1054
f 1014/1088/1036 1032/1106/1054 1034/1108/1056
f 1034/1108/1056 1032/1106/1054 1033/1107/1055
f 1014/1088/1036 1034/1108/1056 1016/1090/1038
f 1033/1107/1055 1031/1105/1053 1035/1109/1057
f 1035/1109/1057 1031/1105/1053 1036/1110/1058
f 1035/1109/1057 1036/1110/1058 1037/1111/1059
f 1033/1107/1055 1035/1109/1057 1038/1112/1060
f 1033/1107/1055 1038/1112/1060 1034/1108/1056
f 1035/1109/1057 1037/1111/1059 1039/1113/1061
f 1035/1109/1057 1039/1113/1061 1038/1112/1060
f 1039/1113/1061 1037/1111/1059 1040/1114/1062
f 1034/1108/1063 1038/1112/1063 1041/1115/1063
f 1041/1115/1064 1038/1112/1060 1039/1113/1061
f 1034/1108/1056 1041/1115/1064 1016/1090/1038
f 1039/1113/1061 1040/1114/1062 1042/1116/1065
f 1039/1113/1061 1042/1116/1065 1041/1115/1064
f 1042/1116/1066 1040/1114/1066 1043/1117/1066
f 1043/1117/1067 1040/1114/1062 669/733/669
f 1043/1117/1067 669/733/669 668/732/668
f 1042/1116/1065 1043/1117/1067 1044/1118/1068
f 1042/1116/1065 1044/1118/1068 1041/1115/1064
f 1043/1117/1067 668/732/668 1045/1119/1069
f 1043/1117/1067 1045/1119/1069 1044/1118/1068
f 1045/1119/1069 668/732/668 670/734/670
f 1041/1115/1064 1044/1118/1068 1046/1120/1070
f 1047/1121/1071 1016/1090/1038 1041/1115/1064
f 1047/1121/1071 1041/1115/1064 1046/1120/1070
f 1016/1090/1038 1047/1121/1071 1015/1089/1037
f 1046/1120/1070 1044/1118/1068 1048/1122/1072
f 1048/1122/1072 1044/1118/1068 1045/1119/1069
f 1047/1121/1071 1046/1120/1070 1049/1123/1073
f 1049/1123/1073 1046/1120/1070 1048/1122/1072
f 1015/1089/1037 1047/1121/1071 1050/1124/1074
f 1050/1124/1074 1047/1121/1071 1049/1123/1073
f 1015/1089/1037 1050/1124/1074 1051/1125/1075
f 1015/1089/1037 1051/1125/1075 993/1067/1015
f 993/1067/1015 1051/1125/1075 1052/1126/1076
f 993/1067/1015 1052/1126/1076 794/868/794
f 1052/1126/1076 1051/1125/1075 1053/1127/1077
f 1052/1126/1076 1053/1127/1077 794/868/794
f 1053/1127/1077 1051/1125/1075 1050/1124/1074
f 794/868/794 1053/1127/1077 1054/1128/1078
f 794/868/794 1054/1128/1078 789/863/789
f 1053/1127/1077 1050/1124/1074 1055/1129/1079
f 1055/1129/1079 1050/1124/1074 1049/1123/1073
f 1053/1127/1077 1055/1129/1079 1054/1128/1078
f 789/863/789 1054/1128/1078 788/862/788
f 1055/1129/1079 1049/1123/1073 1056/1130/1080
f 1056/1130/1080 1049/1123/1073 1048/1122/1072
f 1054/1128/1078 1055/1129/1079 1057/1131/1081
f 1057/1131/1081 1055/1129/1079 1056/1130/1080
f 788/862/788 1054/1128/1078 1058/1132/1082
f 1058/1132/1082 1054/1128/1078 1057/1131/1081
f 788/862/788 1058/1132/1082 675/739/675
f 1056/1130/1080 1048/1122/1072 1059/1133/1083
f 1059/1133/1083 1048/1122/1072 1045/1119/1069
f 1059/1133/1083 1045/1119/1069 670/734/670
f 1057/1131/1081 1056/1130/1080 1060/1134/1084
f 1057/1131/1081 1060/1134/1084 1058/1132/1082
f 1060/1134/1084 1056/1130/1080 1059/1133/1083
f 675/739/675 1058/1132/1082 1061/1135/1085
f 1061/1135/1085 1058/1132/1082 1060/1134/1084
f 675/739/675 1061/1135/1085 674/738/674
f 1060/1134/1084 1059/1133/1083 1062/1136/1086
f 1062/1136/1086 1059/1133/1083 670/734/670
f 1060/1134/1084 1062/1136/1086 1061/1135/1085
f 1062/1136/1086 670/734/670 663/727/663
f 674/738/674 1061/1135/1085 1063/1137/1087
f 1063/1137/1087 1061/1135/1085 1062/1136/1086
f 1063/1137/1087 1062/1136/1086 663/727/663
f 674/738/674 1063/1137/1087 666/730/666
f 666/730/666 1063/1137/1087 663/727/663
f 1064/1138/1088 738/812/738 728/802/728
f 1064/1138/1088 728/802/728 1065/1139/1089
f 738/812/738 1064/1138/1088 1066/1140/1090
f 1066/1140/1090 1064/1138/1088 1065/1139/1089
f 738/812/738 1066/1140/1090 1067/1141/1091
f 1065/1139/1089 728/802/728 1068/1142/1092
f 1068/1142/1092 728/802/728 725/799/725
f 1068/1142/1092 725/799/725 724/798/724
f 1068/1142/1092 724/798/724 1069/1143/1093
f 1068/1142/1092 1069/1143/1093 1065/1139/1089
f 1069/1143/1093 724/798/724 723/797/723
f 1069/1143/1093 723/797/723 1070/1144/1094
f 1065/1139/1095 1069/1143/1095 1071/1145/1095
f 1071/1145/1096 1069/1143/1093 1070/1144/1094
f 1065/1139/1089 1071/1145/1096 1072/1146/1097
f 1065/1139/1089 1072/1146/1097 1066/1140/1090
f 1072/1146/1097 1071/1145/1096 1073/1147/1098
f 1073/1147/1098 1071/1145/1096 1070/1144/1094
f 1066/1140/1090 1072/1146/1097 1074/1148/1099
f 1066/1140/1090 1074/1148/1099 1067/1141/1091
f 1072/1146/1097 1073/1147/1098 1075/1149/1100
f 1072/1146/1097 1075/1149/1100 1074/1148/1099
f 1073/1147/1098 1070/1144/1094 1076/1150/1101
f 1075/1149/1100 1073/1147/1098 1077/1151/1102
f 1077/1151/1102 1073/1147/1098 1076/1150/1101
f 1076/1150/1101 1070/1144/1094 1078/1152/1103
f 1079/1153/1104 1070/1144/1094 723/797/723
f 1070/1144/1094 1079/1153/1104 1078/1152/1103
f 1079/1153/1104 723/797/723 717/791/717
f 1079/1153/1104 717/791/717 1080/1154/1105
f 1079/1153/1104 1080/1154/1105 1081/1155/1106
f 1079/1153/1104 1081/1155/1106 1078/1152/1103
f 1081/1155/1106 1080/1154/1105 1082/1156/1107
f 1081/1155/1106 1082/1156/1107 1083/1157/1108
f 1078/1152/1103 1081/1155/1106 1084/1158/1109
f 1084/1158/1109 1081/1155/1106 1083/1157/1108
f 1085/1159/1110 1076/1150/1101 1078/1152/1103
f 1085/1159/1110 1078/1152/1103 1084/1158/1109
f 1076/1150/1101 1085/1159/1110 1077/1151/1102
f 1084/1158/1109 1083/1157/1108 1086/1160/1111
f 1084/1158/1109 1086/1160/1111 1085/1159/1110
f 1086/1160/1111 1083/1157/1108 1087/1161/1112
f 1085/1159/1113 1086/1160/1113 1088/1162/1113
f 1085/1159/1110 1088/1162/1114 1077/1151/1102
f 1088/1162/1115 1086/1160/1111 1087/1161/1112
f 1077/1151/1102 1088/1162/1114 1089/1163/1116
f 1088/1162/1115 1087/1161/1112 1090/1164/1117
f 1088/1162/1118 1090/1164/1118 1089/1163/1118
f 1090/1164/1117 1087/1161/1112 1091/1165/1119
f 1091/1165/1119 1087/1161/1112 1092/1166/1120
f 1091/1165/1119 1092/1166/1120 1093/1167/1121
f 1091/1165/1119 1093/1167/1121 1094/1168/1122
f 1091/1165/1119 1094/1168/1122 1090/1164/1117
f 1094/1168/1122 1093/1167/1121 1095/1169/1123
f 1089/1163/1124 1090/1164/1124 1096/1170/1124
f 1096/1170/1125 1090/1164/1125 1094/1168/1125
f 1097/1171/1126 1077/1151/1102 1089/1163/1116
f 1077/1151/1102 1097/1171/1126 1075/1149/1100
f 1089/1163/1127 1096/1170/1127 1098/1172/1127
f 1089/1163/1128 1098/1172/1128 1097/1171/1128
f 1075/1149/1100 1097/1171/1126 1099/1173/1129
f 1099/1173/1129 1097/1171/1126 1098/1172/1130
f 1075/1149/1100 1099/1173/1129 1074/1148/1099
f 1100/1174/1131 1096/1170/1131 1094/1168/1131
f 1100/1174/1132 1094/1168/1122 1095/1169/1123
f 1098/1172/1130 1096/1170/1133 1101/1175/1134
f 1101/1175/1134 1096/1170/1133 1100/1174/1132
f 1074/1148/1099 1099/1173/1129 1102/1176/1135
f 1099/1173/1129 1098/1172/1130 1103/1177/1136
f 1103/1177/1136 1098/1172/1130 1101/1175/1134
f 1099/1173/1129 1103/1177/1136 1102/1176/1135
f 1100/1174/1132 1095/1169/1123 1104/1178/1137
f 1104/1178/1137 1095/1169/1123 1105/1179/1138
f 1101/1175/1134 1100/1174/1132 1106/1180/1139
f 1106/1180/1139 1100/1174/1132 1104/1178/1137
f 1101/1175/1134 1106/1180/1139 1107/1181/1140
f 1101/1175/1134 1107/1181/1140 1103/1177/1136
f 1106/1180/1139 1104/1178/1137 1108/1182/1141
f 1106/1180/1139 1108/1182/1141 1107/1181/1140
f 1104/1178/1137 1105/1179/1138 1109/1183/1142
f 1104/1178/1137 1109/1183/1142 1108/1182/1141
f 1109/1183/1142 1105/1179/1138 1110/1184/1143
f 1109/1183/1142 1110/1184/1143 1111/1185/1144
f 1109/1183/1142 1111/1185/1144 1108/1182/1141
f 1111/1185/1144 1110/1184/1143 1112/1186/1145
f 1111/1185/1144 1112/1186/1145 1113/1187/1146
f 1111/1185/1144 1113/1187/1146 1114/1188/1147
f 1114/1188/1147 1113/1187/1146 1115/1189/1148
f 1108/1182/1141 1111/1185/1144 1116/1190/1149
f 1116/1190/1149 1111/1185/1144 1114/1188/1147
f 1108/1182/1141 1116/1190/1149 1117/1191/1150
f 1108/1182/1141 1117/1191/1150 1107/1181/1140
f 1117/1191/1150 1116/1190/1149 1118/1192/1151
f 1118/1192/1151 1116/1190/1149 1114/1188/1147
f 1107/1181/1140 1117/1191/1150 1119/1193/1152
f 1117/1191/1150 1118/1192/1151 1120/1194/1153
f 1117/1191/1150 1120/1194/1153 1119/1193/1152
f 1118/1192/1151 1114/1188/1147 1121/1195/1154
f 1107/1181/1140 1119/1193/1152 1122/1196/1155
f 1107/1181/1140 1122/1196/1155 1103/1177/1136
f 1122/1196/1155 1119/1193/1152 1123/1197/1156
f 1123/1197/1156 1119/1193/1152 1120/1194/1153
f 1103/1177/1136 1122/1196/1155 1124/1198/1157
f 1124/1198/1157 1122/1196/1155 1123/1197/1156
f 1118/1192/1151 1121/1195/1154 1125/1199/1158
f 1118/1192/1151 1125/1199/1158 1120/1194/1153
f 1123/1197/1156 1120/1194/1153 1126/1200/1159
f 1126/1200/1159 1120/1194/1153 1127/1201/1160
f 1127/1201/1160 1120/1194/1153 1125/1199/1158
f 1123/1197/1156 1126/1200/1159 1128/1202/1161
f 1128/1202/1161 1126/1200/1159 1127/1201/1160
f 1125/1199/1158 1121/1195/1154 1129/1203/1162
f 1129/1203/1162 1121/1195/1154 1114/1188/1147
f 1127/1201/1160 1125/1199/1158 1130/1204/1163
f 1129/1203/1162 1114/1188/1147 1131/1205/1164
f 1131/1205/1164 1114/1188/1147 1115/1189/1148
f 1131/1205/1164 1115/1189/1148 1132/1206/1165
f 1131/1205/1164 1132/1206/1165 1133/1207/1166
f 1129/1203/1162 1131/1205/1164 1134/1208/1167
f 1134/1208/1167 1131/1205/1164 1133/1207/1166
f 1135/1209/1168 1125/1199/1158 1129/1203/1162
f 1135/1209/1168 1129/1203/1162 1134/1208/1167
f 1125/1199/1158 1135/1209/1168 1130/1204/1163
f 1134/1208/1167 1133/1207/1166 1136/1210/1169
f 1136/1210/1169 1133/1207/1166 1137/1211/1170
f 1135/1209/1168 1134/1208/1167 1138/1212/1171
f 1138/1212/1171 1134/1208/1167 1136/1210/1169
f 1130/1204/1163 1135/1209/1168 1139/1213/1172
f 1139/1213/1172 1135/1209/1168 1138/1212/1171
f 1138/1212/1171 1136/1210/1169 1140/1214/1173
f 1138/1212/1171 1140/1214/1173 1139/1213/1172
f 1136/1210/1169 1137/1211/1170 1141/1215/1174
f 1136/1210/1169 1141/1215/1174 1140/1214/1173
f 1141/1215/1174 1137/1211/1170 1142/1216/1175
f 1141/1215/1174 1142/1216/1175 1143/1217/1176
f 1143/1217/1176 1142/1216/1175 1144/1218/1177
f 1140/1214/1173 1141/1215/1174 1145/1219/1178
f 1145/1219/1178 1141/1215/1174 1143/1217/1176
f 1146/1220/1179 1139/1213/1172 1140/1214/1173
f 1143/1217/1176 1144/1218/1177 1147/1221/1180
f 1147/1221/1180 1144/1218/1177 1148/1222/1181
f 1145/1219/1178 1143/1217/1176 1149/1223/1182
f 1149/1223/1182 1143/1217/1176 1147/1221/1180
f 1140/1214/1173 1145/1219/1178 1150/1224/1183
f 1140/1214/1173 1150/1224/1183 1146/1220/1179
f 1145/1219/1178 1149/1223/1182 1151/1225/1184
f 1145/1219/1178 1151/1225/1184 1150/1224/1183
f 1147/1221/1180 1148/1222/1181 1152/1226/1185
f 1152/1226/1185 1148/1222/1181 1153/1227/1186
f 1149/1223/1182 1147/1221/1180 1154/1228/1187
f 1154/1228/1187 1147/1221/1180 1152/1226/1185
f 1151/1225/1184 1149/1223/1182 1155/1229/1188
f 1155/1229/1188 1149/1223/1182 1154/1228/1187
f 1152/1226/1185 1153/1227/1186 1156/1230/1189
f 1156/1230/1190 1153/1227/1190 1157/1231/1190
f 1154/1228/1187 1152/1226/1185 1158/1232/1191
f 1158/1232/1191 1152/1226/1185 1156/1230/1189
f 1155/1229/1188 1154/1228/1187 1159/1233/1192
f 1159/1233/1192 1154/1228/1187 1158/1232/1191
f 1156/1230/1189 1157/1231/1193 1160/1234/1194
f 1160/1234/1194 1157/1231/1193 1161/1235/1195
f 1158/1232/1191 1156/1230/1189 1162/1236/1196
f 1162/1236/1196 1156/1230/1189 1160/1234/1194
f 1159/1233/1192 1158/1232/1191 1163/1237/1197
f 1163/1237/1197 1158/1232/1191 1162/1236/1196
f 1159/1233/1192 1163/1237/1197 1164/1238/1198
f 1160/1234/1194 1161/1235/1195 1165/1239/1199
f 1165/1239/1199 1161/1235/1195 1166/1240/1200
f 1162/1236/1196 1160/1234/1194 1167/1241/1201
f 1167/1241/1201 1160/1234/1194 1165/1239/1199
f 1163/1237/1197 1162/1236/1196 1168/1242/1202
f 1168/1242/1202 1162/1236/1196 1167/1241/1201
f 1163/1237/1197 1168/1242/1202 1169/1243/1203
f 1163/1237/1197 1169/1243/1203 1164/1238/1198
f 1168/1242/1202 1167/1241/1201 1170/1244/1204
f 1169/1243/1203 1168/1242/1202 1171/1245/1205
f 1171/1245/1205 1168/1242/1202 1170/1244/1204
f 1169/1243/1203 1171/1245/1205 1172/1246/1206
f 1169/1243/1203 1172/1246/1206 1164/1238/1198
f 1173/1247/1207 1167/1241/1201 1165/1239/1199
f 1167/1241/1201 1173/1247/1207 1170/1244/1204
f 1174/1248/1208 1165/1239/1199 1166/1240/1200
f 1165/1239/1199 1174/1248/1208 1173/1247/1207
f 1174/1248/1208 1166/1240/1200 1175/1249/1209
f 1170/1244/1204 1173/1247/1207 1176/1250/1210
f 1173/1247/1207 1174/1248/1208 1177/1251/1211
f 1173/1247/1207 1177/1251/1211 1176/1250/1210
f 1174/1248/1208 1175/1249/1209 1178/1252/1212
f 1174/1248/1208 1178/1252/1212 1177/1251/1211
f 1178/1252/1212 1175/1249/1209 1179/1253/1213
f 1179/1253/1213 1175/1249/1209 1180/1254/1214
f 1179/1253/1213 1180/1254/1214 1181/1255/1215
f 1179/1253/1213 1181/1255/1215 1182/1256/1216
f 1182/1256/1216 1181/1255/1215 1183/1257/1217
f 1178/1252/1212 1179/1253/1213 1184/1258/1218
f 1184/1258/1218 1179/1253/1213 1182/1256/1216
f 1185/1259/1219 1177/1251/1211 1178/1252/1212
f 1185/1259/1219 1178/1252/1212 1184/1258/1218
f 1177/1251/1211 1185/1259/1219 1186/1260/1220
f 1177/1251/1211 1186/1260/1220 1176/1250/1210
f 1182/1256/1216 1183/1257/1217 1187/1261/1221
f 1187/1261/1221 1183/1257/1217 1188/1262/1222
f 1184/1258/1218 1182/1256/1216 1189/1263/1223
f 1189/1263/1223 1182/1256/1216 1187/1261/1221
f 1185/1259/1219 1184/1258/1218 1190/1264/1224
f 1190/1264/1224 1184/1258/1218 1189/1263/1223
f 1185/1259/1219 1190/1264/1224 1191/1265/1225
f 1185/1259/1219 1191/1265/1225 1186/1260/1220
f 1192/1266/1226 1176/1250/1210 1186/1260/1220
f 1176/1250/1210 1192/1266/1226 1170/1244/1204
f 1186/1260/1220 1191/1265/1225 1193/1267/1227
f 1186/1260/1220 1193/1267/1227 1192/1266/1226
f 1191/1265/1225 1190/1264/1224 1194/1268/1228
f 1193/1267/1227 1191/1265/1225 1195/1269/1229
f 1195/1269/1229 1191/1265/1225 1194/1268/1228
f 1193/1267/1227 1195/1269/1229 1196/1270/1230
f 1193/1267/1227 1196/1270/1230 1192/1266/1226
f 1197/1271/1231 1170/1244/1204 1192/1266/1226
f 1170/1244/1204 1197/1271/1231 1171/1245/1205
f 1194/1268/1228 1190/1264/1224 1198/1272/1232
f 1198/1272/1232 1190/1264/1224 1189/1263/1223
f 1171/1245/1205 1197/1271/1231 1199/1273/1233
f 1171/1245/1205 1199/1273/1233 1172/1246/1206
f 1197/1271/1231 1192/1266/1226 1200/1274/1234
f 1197/1271/1231 1200/1274/1234 1199/1273/1233
f 1200/1274/1234 1192/1266/1226 1201/1275/1235
f 1201/1275/1235 1192/1266/1226 1196/1270/1230
f 1199/1273/1233 1200/1274/1234 1202/1276/1236
f 1202/1276/1236 1200/1274/1234 1201/1275/1235
f 1172/1246/1206 1199/1273/1233 1203/1277/1237
f 1203/1277/1237 1199/1273/1233 1202/1276/1236
f 1202/1276/1236 1201/1275/1235 1204/1278/1238
f 1172/1246/1206 1203/1277/1237 1205/1279/1239
f 1172/1246/1206 1205/1279/1239 1164/1238/1198
f 1203/1277/1237 1202/1276/1236 1206/1280/1240
f 1206/1280/1240 1202/1276/1236 1204/1278/1238
f 1205/1279/1239 1203/1277/1237 1207/1281/1241
f 1204/1278/1238 1201/1275/1235 1208/1282/1242
f 1203/1277/1237 1206/1280/1240 1209/1283/1243
f 1203/1277/1237 1209/1283/1243 1207/1281/1241
f 1206/1280/1240 1204/1278/1238 1210/1284/1244
f 1210/1284/1244 1204/1278/1238 1208/1282/1242
f 1209/1283/1243 1206/1280/1240 1211/1285/1245
f 1211/1285/1245 1206/1280/1240 1210/1284/1244
f 1208/1282/1242 1201/1275/1235 1212/1286/1246
f 1212/1286/1246 1201/1275/1235 1196/1270/1230
f 1210/1284/1244 1208/1282/1242 1213/1287/1247
f 1211/1285/1245 1210/1284/1244 1214/1288/1248
f 1214/1288/1248 1210/1284/1244 1213/1287/1247
f 1213/1287/1247 1208/1282/1242 1215/1289/1249
f 1215/1289/1249 1208/1282/1242 1212/1286/1246
f 1213/1287/1247 1215/1289/1249 1216/1290/1250
f 1212/1286/1246 1196/1270/1230 1217/1291/1251
f 1215/1289/1249 1212/1286/1246 1218/1292/1252
f 1218/1292/1252 1212/1286/1246 1217/1291/1251
f 1217/1291/1251 1196/1270/1230 1219/1293/1253
f 1219/1293/1253 1196/1270/1230 1195/1269/1229
f 1219/1293/1253 1195/1269/1229 1220/1294/1254
f 1219/1293/1253 1220/1294/1254 1217/1291/1251
f 1220/1294/1254 1195/1269/1229 1194/1268/1228
f 1215/1289/1249 1218/1292/1252 1221/1295/1255
f 1215/1289/1249 1221/1295/1255 1216/1290/1250
f 1218/1292/1252 1217/1291/1251 1222/1296/1256
f 1222/1296/1256 1217/1291/1251 1220/1294/1254
f 1221/1295/1255 1218/1292/1252 1223/1297/1257
f 1223/1297/1257 1218/1292/1252 1222/1296/1256
f 1216/1290/1250 1221/1295/1255 1224/1298/1258
f 1220/1294/1254 1194/1268/1228 1225/1299/1259
f 1225/1299/1259 1194/1268/1228 1198/1272/1232
f 1222/1296/1256 1220/1294/1254 1226/1300/1260
f 1224/1298/1258 1221/1295/1255 1227/1301/1261
f 1227/1301/1261 1221/1295/1255 1223/1297/1257
f 1220/1294/1254 1225/1299/1259 1228/1302/1262
f 1220/1294/1254 1228/1302/1262 1226/1300/1260
f 1229/1303/1263 1223/1297/1257 1222/1296/1256
f 1229/1303/1263 1222/1296/1256 1226/1300/1260
f 1227/1301/1261 1223/1297/1257 1230/1304/1264
f 1230/1304/1264 1223/1297/1257 1229/1303/1263
f 1228/1302/1262 1225/1299/1259 1231/1305/1265
f 1227/1301/1261 1230/1304/1264 1232/1306/1266
f 1233/1307/1267 1225/1299/1259 1198/1272/1232
f 1225/1299/1259 1233/1307/1267 1231/1305/1265
f 1233/1307/1267 1198/1272/1232 1234/1308/1268
f 1234/1308/1268 1198/1272/1232 1189/1263/1223
f 1234/1308/1268 1189/1263/1223 1187/1261/1221
f 1228/1302/1262 1231/1305/1265 1235/1309/1269
f 1228/1302/1262 1235/1309/1269 1226/1300/1260
f 1226/1300/1260 1235/1309/1269 1236/1310/1270
f 1234/1308/1268 1187/1261/1221 1237/1311/1271
f 1237/1311/1271 1187/1261/1221 1188/1262/1222
f 1234/1308/1268 1237/1311/1271 1238/1312/1272
f 1234/1308/1268 1238/1312/1272 1233/1307/1267
f 1237/1311/1271 1188/1262/1222 1239/1313/1273
f 1239/1313/1273 1188/1262/1222 1240/1314/1274
f 1238/1312/1272 1237/1311/1271 1241/1315/1275
f 1241/1315/1275 1237/1311/1271 1239/1313/1273
f 1239/1313/1273 1240/1314/1274 1242/1316/1276
f 1239/1313/1273 1242/1316/1276 1241/1315/1275
f 1242/1316/1276 1240/1314/1274 1243/1317/1277
f 1244/1318/1278 1233/1307/1267 1238/1312/1272
f 1233/1307/1267 1244/1318/1278 1231/1305/1265
f 1238/1312/1272 1241/1315/1275 1245/1319/1279
f 1238/1312/1272 1245/1319/1279 1244/1318/1278
f 1241/1315/1275 1242/1316/1276 1246/1320/1280
f 1241/1315/1275 1246/1320/1280 1245/1319/1279
f 1242/1316/1281 1243/1317/1281 1247/1321/1281
f 1247/1321/1282 1243/1317/1277 1248/1322/1283
f 1246/1320/1280 1242/1316/1276 1249/1323/1284
f 1249/1323/1284 1242/1316/1276 1247/1321/1282
f 1244/1318/1278 1245/1319/1279 1250/1324/1285
f 1245/1319/1279 1246/1320/1280 1251/1325/1286
f 1245/1319/1279 1251/1325/1286 1250/1324/1285
f 1251/1325/1286 1246/1320/1280 1252/1326/1287
f 1252/1326/1287 1246/1320/1280 1249/1323/1284
f 1253/1327/1288 1231/1305/1265 1244/1318/1278
f 1253/1327/1288 1244/1318/1278 1250/1324/1285
f 1231/1305/1265 1253/1327/1288 1235/1309/1269
f 1252/1326/1287 1249/1323/1284 1254/1328/1289
f 1254/1328/1289 1249/1323/1284 1247/1321/1282
f 1251/1325/1286 1252/1326/1287 1255/1329/1290
f 1255/1329/1290 1252/1326/1287 1254/1328/1289
f 1256/1330/1291 1250/1324/1285 1251/1325/1286
f 1256/1330/1291 1251/1325/1286 1255/1329/1290
f 1254/1328/1289 1247/1321/1282 1257/1331/1292
f 1257/1331/1292 1247/1321/1282 1248/1322/1283
f 1255/1329/1290 1254/1328/1289 1258/1332/1293
f 1258/1332/1293 1254/1328/1289 1257/1331/1292
f 1257/1331/1292 1248/1322/1283 1259/1333/1294
f 1259/1333/1294 1248/1322/1283 1260/1334/1295
f 1258/1332/1293 1257/1331/1292 1261/1335/1296
f 1261/1335/1296 1257/1331/1292 1259/1333/1294
f 1255/1329/1290 1258/1332/1293 1262/1336/1297
f 1262/1336/1297 1258/1332/1293 1261/1335/1296
f 1259/1333/1294 1260/1334/1295 1263/1337/1298
f 1259/1333/1294 1263/1337/1298 1261/1335/1296
f 1263/1337/1298 1260/1334/1295 1264/1338/1299
f 1263/1337/1298 1264/1338/1299 1265/1339/1300
f 1265/1339/1300 1264/1338/1299 1266/1340/1301
f 1261/1335/1296 1263/1337/1298 1267/1341/1302
f 1267/1341/1302 1263/1337/1298 1265/1339/1300
f 1265/1339/1300 1266/1340/1301 1268/1342/1303
f 1265/1339/1300 1268/1342/1303 1267/1341/1302
f 1268/1342/1303 1266/1340/1301 1269/1343/1304
f 1261/1335/1296 1267/1341/1302 1270/1344/1305
f 1270/1344/1305 1267/1341/1302 1268/1342/1303
f 1261/1335/1296 1270/1344/1305 1271/1345/1306
f 1261/1335/1307 1271/1345/1307 1262/1336/1307
f 1271/1345/1306 1270/1344/1305 1272/1346/1308
f 1271/1345/1306 1272/1346/1308 1262/1336/1297
f 1270/1344/1305 1268/1342/1303 1273/1347/1309
f 1270/1344/1305 1273/1347/1309 1272/1346/1308
f 1274/1348/1310 1268/1342/1303 1269/1343/1304
f 1274/1348/1310 1269/1343/1304 1275/1349/1311
f 1273/1347/1309 1268/1342/1303 1276/1350/1312
f 1276/1350/1312 1268/1342/1303 1274/1348/1310
f 1272/1346/1308 1273/1347/1309 1277/1351/1313
f 1277/1351/1313 1273/1347/1309 1276/1350/1312
f 1274/1348/1310 1275/1349/1311 1278/1352/1314
f 1278/1352/1314 1275/1349/1311 1279/1353/1315
f 1276/1350/1312 1274/1348/1310 1280/1354/1316
f 1280/1354/1316 1274/1348/1310 1278/1352/1314
f 1276/1350/1312 1280/1354/1316 1277/1351/1313
f 1278/1352/1314 1279/1353/1315 1281/1355/1317
f 1278/1352/1314 1281/1355/1317 1280/1354/1316
f 1281/1355/1317 1279/1353/1315 1282/1356/1318
f 1280/1354/1316 1281/1355/1317 1283/1357/1319
f 1280/1354/1316 1283/1357/1319 1277/1351/1313
f 1281/1355/1317 1282/1356/1318 1284/1358/1320
f 1284/1358/1320 1282/1356/1318 1285/1359/1321
f 1283/1357/1319 1281/1355/1317 1286/1360/1322
f 1286/1360/1322 1281/1355/1317 1284/1358/1320
f 1277/1351/1313 1283/1357/1319 1287/1361/1323
f 1283/1357/1319 1286/1360/1322 1288/1362/1324
f 1283/1357/1319 1288/1362/1324 1287/1361/1323
f 1286/1360/1322 1284/1358/1320 1289/1363/1325
f 1288/1362/1324 1286/1360/1322 1290/1364/1326
f 1290/1364/1326 1286/1360/1322 1289/1363/1325
f 1289/1363/1325 1284/1358/1320 1291/1365/1327
f 1291/1365/1327 1284/1358/1320 1285/1359/1321
f 1289/1363/1325 1291/1365/1327 1292/1366/1328
f 1289/1363/1325 1292/1366/1328 1290/1364/1326
f 1291/1365/1327 1285/1359/1321 1293/1367/1329
f 1293/1367/1329 1285/1359/1321 1294/1368/1330
f 1292/1366/1328 1291/1365/1327 1295/1369/1331
f 1295/1369/1331 1291/1365/1327 1293/1367/1329
f 1293/1367/1329 1294/1368/1330 1296/1370/1332
f 1293/1367/1329 1296/1370/1332 1295/1369/1331
f 1296/1370/1332 1294/1368/1330 1297/1371/1333
f 1292/1366/1328 1295/1369/1331 1298/1372/1334
f 1295/1369/1331 1296/1370/1332 1299/1373/1335
f 1295/1369/1331 1299/1373/1335 1298/1372/1334
f 1296/1370/1332 1297/1371/1333 1300/1374/1336
f 1296/1370/1332 1300/1374/1336 1299/1373/1335
f 1300/1374/1336 1297/1371/1333 1301/1375/1337
f 1299/1373/1335 1300/1374/1336 1302/1376/1338
f 1302/1376/1338 1300/1374/1336 1301/1375/1337
f 1301/1375/1337 1297/1371/1333 1303/1377/1339
f 1299/1373/1335 1302/1376/1338 1304/1378/1340
f 1299/1373/1335 1304/1378/1340 1298/1372/1334
f 1302/1376/1338 1301/1375/1337 1305/1379/1341
f 1301/1375/1337 1303/1377/1339 1306/1380/1342
f 1301/1375/1337 1306/1380/1342 1305/1379/1341
f 1306/1380/1342 1303/1377/1339 1307/1381/1343
f 1307/1381/1343 1303/1377/1339 1308/1382/1344
f 1305/1379/1341 1306/1380/1342 1309/1383/1345
f 1309/1383/1345 1306/1380/1342 1307/1381/1343
f 1307/1381/1343 1308/1382/1344 1310/1384/1346
f 1310/1384/1346 1308/1382/1344 1311/1385/1347
f 1310/1384/1346 1311/1385/1347 1312/1386/1348
f 1307/1381/1343 1310/1384/1346 1313/1387/1349
f 1307/1381/1343 1313/1387/1349 1309/1383/1345
f 1310/1384/1346 1312/1386/1348 1314/1388/1350
f 1310/1384/1346 1314/1388/1350 1313/1387/1349
f 1314/1388/1350 1312/1386/1348 1315/1389/1351
f 1315/1389/1351 1312/1386/1348 1316/1390/1352
f 1313/1387/1349 1314/1388/1350 1317/1391/1353
f 1313/1387/1349 1317/1391/1353 1309/1383/1345
f 1317/1391/1353 1314/1388/1350 1315/1389/1351
f 1315/1389/1351 1316/1390/1352 1318/1392/1354
f 1315/1389/1351 1318/1392/1354 1317/1391/1353
f 1318/1392/1354 1316/1390/1352 1319/1393/1355
f 1317/1391/1353 1318/1392/1354 1320/1394/1356
f 1320/1394/1356 1318/1392/1354 1319/1393/1355
f 1319/1393/1355 1316/1390/1352 1321/1395/1357
f 1322/1396/1358 1309/1383/1345 1317/1391/1353
f 1322/1396/1358 1317/1391/1353 1320/1394/1356
f 1309/1383/1345 1322/1396/1358 1323/1397/1359
f 1309/1383/1345 1323/1397/1359 1305/1379/1341
f 1319/1393/1355 1321/1395/1357 1324/1398/1360
f 1324/1398/1360 1321/1395/1357 1325/1399/1361
f 1325/1399/1361 1321/1395/1357 1326/1400/1362
f 1325/1399/1361 1326/1400/1362 1327/1401/1363
f 1319/1393/1355 1324/1398/1360 1328/1402/1364
f 1328/1402/1364 1324/1398/1360 1329/1403/1365
f 1329/1403/1365 1324/1398/1360 1325/1399/1361
f 1319/1393/1355 1328/1402/1364 1330/1404/1366
f 1319/1393/1355 1330/1404/1366 1320/1394/1356
f 1328/1402/1364 1329/1403/1365 1331/1405/1367
f 1328/1402/1364 1331/1405/1367 1330/1404/1366
f 1329/1403/1365 1325/1399/1361 1332/1406/1368
f 1333/1407/1369 1325/1399/1361 1327/1401/1363
f 1333/1407/1369 1327/1401/1363 1334/1408/1370
f 1332/1406/1368 1325/1399/1361 1335/1409/1371
f 1335/1409/1371 1325/1399/1361 1333/1407/1369
f 1329/1403/1365 1332/1406/1368 1336/1410/1372
f 1336/1410/1372 1332/1406/1368 1335/1409/1371
f 1329/1403/1365 1336/1410/1372 1331/1405/1367
f 1333/1407/1369 1334/1408/1370 1337/1411/1373
f 1333/1407/1369 1337/1411/1373 1338/1412/1374
f 1335/1409/1371 1333/1407/1369 1339/1413/1375
f 1339/1413/1375 1333/1407/1369 1338/1412/1374
f 1338/1412/1374 1337/1411/1373 1340/1414/1376
f 1338/1412/1374 1340/1414/1376 1339/1413/1375
f 1340/1414/1376 1337/1411/1373 1341/1415/1377
f 1341/1415/1377 1337/1411/1373 1342/1416/1378
f 1341/1415/1377 1342/1416/1378 1343/1417/1379
f 1341/1415/1377 1343/1417/1379 1344/1418/1380
f 1344/1418/1380 1343/1417/1379 1345/1419/1381
f 1340/1414/1376 1341/1415/1377 1346/1420/1382
f 1339/1413/1375 1340/1414/1376 1347/1421/1383
f 1347/1421/1383 1340/1414/1376 1346/1420/1382
f 1346/1420/1382 1341/1415/1377 1348/1422/1384
f 1348/1422/1384 1341/1415/1377 1344/1418/1380
f 1344/1418/1380 1345/1419/1381 1349/1423/1385
f 1349/1423/1385 1345/1419/1381 1350/1424/1386
f 1348/1422/1384 1344/1418/1380 1351/1425/1387
f 1346/1420/1382 1348/1422/1384 1352/1426/1388
f 1352/1426/1388 1348/1422/1384 1351/1425/1387
f 1351/1425/1387 1344/1418/1380 1353/1427/1389
f 1353/1427/1389 1344/1418/1380 1349/1423/1385
f 1351/1425/1387 1353/1427/1389 1354/1428/1390
f 1354/1428/1390 1353/1427/1389 1349/1423/1385
f 1352/1426/1388 1351/1425/1387 1355/1429/1391
f 1355/1429/1391 1351/1425/1387 1354/1428/1390
f 1346/1420/1382 1352/1426/1388 1356/1430/1392
f 1346/1420/1382 1356/1430/1392 1347/1421/1383
f 1352/1426/1388 1355/1429/1391 1357/1431/1393
f 1352/1426/1388 1357/1431/1393 1356/1430/1392
f 1347/1421/1383 1356/1430/1392 1358/1432/1394
f 1347/1421/1383 1358/1432/1394 1339/1413/1375
f 1356/1430/1392 1357/1431/1393 1359/1433/1395
f 1356/1430/1392 1359/1433/1395 1358/1432/1394
f 1357/1431/1393 1355/1429/1391 1360/1434/1396
f 1360/1434/1396 1355/1429/1391 1361/1435/1397
f 1361/1435/1397 1355/1429/1391 1354/1428/1390
f 1357/1431/1393 1360/1434/1396 1362/1436/1398
f 1362/1436/1398 1360/1434/1396 1361/1435/1397
f 1359/1433/1395 1357/1431/1393 1363/1437/1399
f 1359/1433/1395 1363/1437/1399 1358/1432/1394
f 1357/1431/1393 1362/1436/1398 1364/1438/1400
f 1357/1431/1393 1364/1438/1400 1363/1437/1399
f 1358/1432/1394 1363/1437/1399 1365/1439/1401
f 1363/1437/1399 1364/1438/1400 1366/1440/1402
f 1363/1437/1399 1366/1440/1402 1365/1439/1401
f 1358/1432/1394 1365/1439/1401 1367/1441/1403
f 1365/1439/1401 1366/1440/1402 1368/1442/1404
f 1365/1439/1401 1368/1442/1404 1367/1441/1403
f 1368/1442/1404 1366/1440/1402 1369/1443/1405
f 1366/1440/1402 1364/1438/1400 1370/1444/1406
f 1366/1440/1402 1370/1444/1406 1369/1443/1405
f 1370/1444/1406 1364/1438/1400 1371/1445/1407
f 1371/1445/1407 1364/1438/1400 1362/1436/1398
f 1371/1445/1407 1362/1436/1398 1372/1446/1408
f 1372/1446/1408 1362/1436/1398 1361/1435/1397
f 1370/1444/1406 1371/1445/1407 1373/1447/1409
f 1371/1445/1407 1372/1446/1408 1374/1448/1410
f 1371/1445/1407 1374/1448/1410 1373/1447/1409
f 1370/1444/1406 1373/1447/1409 1375/1449/1411
f 1370/1444/1406 1375/1449/1411 1369/1443/1405
f 1373/1447/1409 1374/1448/1410 1376/1450/1412
f 1377/1451/1413 1368/1442/1404 1369/1443/1405
f 1368/1442/1404 1377/1451/1413 1367/1441/1403
f 1375/1449/1411 1373/1447/1409 1378/1452/1414
f 1378/1452/1414 1373/1447/1409 1376/1450/1412
f 1369/1443/1405 1375/1449/1411 1379/1453/1415
f 1375/1449/1411 1378/1452/1414 1380/1454/1416
f 1375/1449/1411 1380/1454/1416 1379/1453/1415
f 1369/1443/1405 1379/1453/1415 1381/1455/1417
f 1369/1443/1405 1381/1455/1417 1377/1451/1413
f 1379/1453/1415 1380/1454/1416 1382/1456/1418
f 1381/1455/1417 1379/1453/1415 1383/1457/1419
f 1383/1457/1419 1379/1453/1415 1382/1456/1418
f 1377/1451/1413 1381/1455/1417 1384/1458/1420
f 1384/1458/1420 1381/1455/1417 1383/1457/1419
f 1377/1451/1413 1384/1458/1420 1385/1459/1421
f 1377/1451/1413 1385/1459/1421 1386/1460/1422
f 1377/1451/1413 1386/1460/1422 1367/1441/1403
f 1385/1459/1421 1384/1458/1420 1387/1461/1423
f 1385/1459/1421 1387/1461/1423 1386/1460/1422
f 1387/1461/1423 1384/1458/1420 1388/1462/1424
f 1388/1462/1424 1384/1458/1420 1383/1457/1419
f 1388/1462/1424 1383/1457/1419 1389/1463/1425
f 1387/1461/1423 1388/1462/1424 1390/1464/1426
f 1390/1464/1426 1388/1462/1424 1389/1463/1425
f 1389/1463/1425 1383/1457/1419 1391/1465/1427
f 1389/1463/1425 1391/1465/1427 1390/1464/1426
f 1392/1466/1428 1383/1457/1419 1382/1456/1418
f 1383/1457/1419 1392/1466/1428 1391/1465/1427
f 1392/1466/1428 1382/1456/1418 1393/1467/1429
f 1392/1466/1428 1393/1467/1429 1394/1468/1430
f 1392/1466/1428 1394/1468/1430 1391/1465/1427
f 1393/1467/1429 1382/1456/1418 1395/1469/1431
f 1395/1469/1431 1382/1456/1418 1380/1454/1416
f 1393/1467/1429 1395/1469/1431 1396/1470/1432
f 1393/1467/1429 1396/1470/1432 1394/1468/1430
f 1395/1469/1431 1380/1454/1416 1397/1471/1433
f 1397/1471/1433 1380/1454/1416 1378/1452/1414
f 1395/1469/1431 1397/1471/1433 1398/1472/1434
f 1395/1469/1431 1398/1472/1434 1396/1470/1432
f 1397/1471/1433 1378/1452/1414 1399/1473/1435
f 1399/1473/1435 1378/1452/1414 1376/1450/1412
f 1398/1472/1434 1397/1471/1433 1400/1474/1436
f 1400/1474/1436 1397/1471/1433 1399/1473/1435
f 1396/1470/1432 1398/1472/1434 1401/1475/1437
f 1401/1475/1437 1398/1472/1434 1400/1474/1436
f 1400/1474/1436 1399/1473/1435 1402/1476/1438
f 1399/1473/1435 1376/1450/1412 1403/1477/1439
f 1399/1473/1435 1403/1477/1439 1402/1476/1438
f 1400/1474/1436 1402/1476/1438 1404/1478/1440
f 1400/1474/1436 1404/1478/1440 1401/1475/1437
f 1403/1477/1439 1376/1450/1412 1405/1479/1441
f 1405/1479/1441 1376/1450/1412 1374/1448/1410
f 1402/1476/1438 1403/1477/1439 1406/1480/1442
f 1404/1478/1440 1402/1476/1438 1407/1481/1443
f 1407/1481/1443 1402/1476/1438 1406/1480/1442
f 1401/1475/1437 1404/1478/1440 1408/1482/1444
f 1408/1482/1444 1404/1478/1440 1407/1481/1443
f 1405/1479/1441 1374/1448/1410 1409/1483/1445
f 1409/1483/1445 1374/1448/1410 1372/1446/1408
f 1410/1484/1446 1403/1477/1439 1405/1479/1441
f 1403/1477/1439 1410/1484/1446 1406/1480/1442
f 1405/1479/1441 1409/1483/1445 1411/1485/1447
f 1405/1479/1441 1411/1485/1447 1410/1484/1446
f 1409/1483/1445 1372/1446/1408 1412/1486/1448
f 1412/1486/1448 1372/1446/1408 1361/1435/1397
f 1411/1485/1447 1409/1483/1445 1413/1487/1449
f 1413/1487/1449 1409/1483/1445 1412/1486/1448
f 1412/1486/1448 1361/1435/1397 1414/1488/1450
f 1413/1487/1449 1412/1486/1448 1415/1489/1451
f 1415/1489/1451 1412/1486/1448 1414/1488/1450
f 1414/1488/1450 1361/1435/1397 1416/1490/1452
f 1414/1488/1450 1416/1490/1452 1415/1489/1451
f 1416/1490/1452 1361/1435/1397 1354/1428/1390
f 1416/1490/1452 1354/1428/1390 1349/1423/1385
f 1415/1489/1451 1416/1490/1452 1417/1491/1453
f 1417/1491/1453 1416/1490/1452 1349/1423/1385
f 1413/1487/1449 1415/1489/1451 1418/1492/1454
f 1418/1492/1454 1415/1489/1451 1417/1491/1453
f 1417/1491/1453 1349/1423/1385 1419/1493/1455
f 1419/1493/1455 1349/1423/1385 1350/1424/1386
f 1417/1491/1453 1419/1493/1455 1420/1494/1456
f 1417/1491/1453 1420/1494/1456 1418/1492/1454
f 1419/1493/1455 1350/1424/1386 1421/1424/1457
f 1419/1493/1455 1421/1424/1457 1420/1494/1456
f 1421/1424/1457 1350/1424/1386 1422/1495/1458
f 1421/1424/1457 1422/1495/1458 1420/1494/1456
f 1422/1495/1458 1350/1424/1386 1423/1496/1459
f 1420/1494/1456 1422/1495/1458 1424/1497/1460
f 1420/1494/1456 1424/1497/1460 1418/1492/1454
f 1422/1495/1458 1423/1496/1459 1425/1498/1461
f 1422/1495/1458 1425/1498/1461 1424/1497/1460
f 1425/1498/1461 1423/1496/1459 1426/1499/1462
f 1425/1498/1461 1426/1499/1462 1427/1500/1463
f 1427/1500/1463 1426/1499/1462 1428/1501/1464
f 1427/1500/1463 1428/1501/1464 1429/1502/1465
f 1424/1497/1460 1425/1498/1461 1430/1503/1466
f 1430/1503/1466 1425/1498/1461 1427/1500/1463
f 1427/1500/1463 1429/1502/1465 1431/1504/1467
f 1431/1504/1467 1429/1502/1465 1432/1505/1468
f 1430/1503/1466 1427/1500/1463 1433/1506/1469
f 1433/1506/1469 1427/1500/1463 1434/1507/1470
f 1434/1507/1470 1427/1500/1463 1431/1504/1467
f 1431/1504/1467 1432/1505/1468 1435/1508/1471
f 1435/1508/1471 1432/1505/1468 1436/1509/1472
f 1434/1507/1470 1431/1504/1467 1437/1510/1473
f 1434/1507/1470 1437/1510/1473 1433/1506/1469
f 1431/1504/1467 1435/1508/1471 1438/1511/1474
f 1431/1504/1467 1438/1511/1474 1437/1510/1473
f 1437/1510/1473 1438/1511/1474 1435/1508/1471
f 1435/1508/1471 1436/1509/1472 1439/1512/1475
f 1439/1512/1475 1436/1509/1472 1440/1513/1476
f 1437/1510/1473 1435/1508/1471 1441/1514/1477
f 1441/1514/1477 1435/1508/1471 1439/1512/1475
f 1442/1515/1478 1433/1506/1469 1437/1510/1473
f 1437/1510/1473 1441/1514/1477 1443/1516/1479
f 1437/1510/1473 1443/1516/1479 1442/1515/1478
f 1433/1506/1469 1442/1515/1478 1444/1517/1480
f 1433/1506/1469 1444/1517/1480 1430/1503/1466
f 1441/1514/1477 1439/1512/1475 1445/1518/1481
f 1443/1516/1479 1441/1514/1477 1446/1519/1482
f 1446/1519/1482 1441/1514/1477 1445/1518/1481
f 1430/1503/1466 1444/1517/1480 1447/1520/1483
f 1430/1503/1466 1447/1520/1483 1424/1497/1460
f 1444/1517/1480 1442/1515/1478 1448/1521/1484
f 1444/1517/1480 1448/1521/1484 1447/1520/1483
f 1449/1522/1485 1442/1515/1478 1443/1516/1479
f 1442/1515/1478 1449/1522/1485 1448/1521/1484
f 1449/1522/1485 1443/1516/1479 1450/1523/1486
f 1450/1523/1486 1443/1516/1479 1446/1519/1482
f 1424/1497/1460 1447/1520/1483 1451/1524/1487
f 1424/1497/1460 1451/1524/1487 1418/1492/1454
f 1447/1520/1483 1448/1521/1484 1452/1525/1488
f 1447/1520/1483 1452/1525/1488 1451/1524/1487
f 1448/1521/1484 1449/1522/1485 1453/1526/1489
f 1448/1521/1484 1453/1526/1489 1452/1525/1488
f 1451/1524/1487 1452/1525/1488 1454/1527/1490
f 1454/1527/1490 1452/1525/1488 1453/1526/1489
f 1418/1492/1454 1451/1524/1487 1455/1528/1491
f 1455/1528/1491 1451/1524/1487 1454/1527/1490
f 1453/1526/1489 1449/1522/1485 1456/1529/1492
f 1456/1529/1492 1449/1522/1485 1450/1523/1486
f 1454/1527/1490 1453/1526/1489 1457/1530/1493
f 1457/1530/1493 1453/1526/1489 1456/1529/1492
f 1454/1527/1490 1457/1530/1493 1455/1528/1491
f 1418/1492/1454 1455/1528/1491 1458/1531/1494
f 1418/1492/1454 1458/1531/1494 1413/1487/1449
f 1413/1487/1449 1458/1531/1494 1411/1485/1447
f 1411/1485/1447 1458/1531/1494 1459/1532/1495
f 1459/1532/1495 1458/1531/1494 1455/1528/1491
f 1411/1485/1447 1459/1532/1495 1410/1484/1446
f 1459/1532/1495 1455/1528/1491 1460/1533/1496
f 1460/1533/1496 1455/1528/1491 1457/1530/1493
f 1410/1484/1446 1459/1532/1495 1461/1534/1497
f 1461/1534/1497 1459/1532/1495 1460/1533/1496
f 1410/1484/1446 1461/1534/1497 1406/1480/1442
f 1460/1533/1496 1457/1530/1493 1462/1535/1498
f 1460/1533/1496 1462/1535/1498 1461/1534/1497
f 1406/1480/1442 1461/1534/1497 1463/1536/1499
f 1406/1480/1442 1463/1536/1499 1407/1481/1443
f 1461/1534/1497 1462/1535/1498 1464/1537/1500
f 1407/1481/1443 1463/1536/1499 1465/1538/1501
f 1463/1536/1499 1461/1534/1497 1466/1539/1502
f 1466/1539/1502 1461/1534/1497 1464/1537/1500
f 1463/1536/1499 1466/1539/1502 1465/1538/1501
f 1407/1481/1443 1465/1538/1501 1408/1482/1444
f 1464/1537/1500 1462/1535/1498 1467/1540/1503
f 1464/1537/1500 1467/1540/1503 1466/1539/1502
f 1467/1540/1503 1462/1535/1498 1468/1541/1504
f 1468/1541/1504 1462/1535/1498 1457/1530/1493
f 1465/1538/1501 1466/1539/1502 1469/1542/1505
f 1468/1541/1504 1457/1530/1493 1470/1529/1506
f 1470/1529/1506 1457/1530/1493 1456/1529/1492
f 1470/1529/1506 1456/1529/1492 1450/1523/1486
f 1468/1541/1504 1470/1529/1506 1471/1543/1507
f 1465/1538/1501 1469/1542/1505 1472/1544/1508
f 1465/1538/1501 1472/1544/1508 1408/1482/1444
f 1469/1542/1505 1466/1539/1502 1473/1545/1509
f 1469/1542/1505 1473/1545/1509 1472/1544/1508
f 1468/1541/1504 1471/1543/1507 1474/1546/1510
f 1468/1541/1504 1474/1546/1510 1467/1540/1503
f 1471/1543/1507 1470/1529/1506 1475/1547/1511
f 1471/1543/1507 1475/1547/1511 1474/1546/1510
f 1475/1547/1511 1470/1529/1506 1450/1523/1486
f 1467/1540/1503 1474/1546/1510 1476/1548/1512
f 1467/1540/1503 1476/1548/1512 1466/1539/1502
f 1466/1539/1502 1476/1548/1512 1473/1545/1509
f 1476/1548/1512 1474/1546/1510 1477/1549/1513
f 1477/1549/1513 1474/1546/1510 1475/1547/1511
f 1473/1545/1509 1476/1548/1512 1478/1550/1514
f 1478/1550/1514 1476/1548/1512 1477/1549/1513
f 1479/1551/1515 1472/1544/1508 1473/1545/1509
f 1479/1551/1515 1473/1545/1509 1478/1550/1514
f 1479/1551/1515 1478/1550/1514 1480/1552/1516
f 1472/1544/1508 1479/1551/1515 1481/1553/1517
f 1479/1551/1515 1480/1552/1516 1482/1554/1518
f 1479/1551/1515 1482/1554/1518 1481/1553/1517
f 1480/1552/1516 1478/1550/1514 1483/1555/1519
f 1480/1552/1516 1483/1555/1519 1482/1554/1518
f 1472/1544/1508 1481/1553/1517 1484/1556/1520
f 1472/1544/1508 1484/1556/1520 1408/1482/1444
f 1481/1553/1517 1482/1554/1518 1485/1557/1521
f 1481/1553/1517 1485/1557/1521 1484/1556/1520
f 1408/1482/1444 1484/1556/1520 1486/1558/1522
f 1408/1482/1444 1486/1558/1522 1401/1475/1437
f 1484/1556/1520 1485/1557/1521 1487/1559/1523
f 1401/1475/1437 1486/1558/1522 1488/1560/1524
f 1401/1475/1437 1488/1560/1524 1396/1470/1432
f 1486/1558/1522 1484/1556/1520 1489/1561/1525
f 1486/1558/1522 1489/1561/1525 1488/1560/1524
f 1489/1561/1525 1484/1556/1520 1487/1559/1523
f 1396/1470/1432 1488/1560/1524 1490/1562/1526
f 1490/1562/1526 1488/1560/1524 1489/1561/1525
f 1396/1470/1432 1490/1562/1526 1394/1468/1430
f 1490/1562/1526 1489/1561/1525 1491/1563/1527
f 1490/1562/1526 1491/1563/1527 1394/1468/1430
f 1394/1468/1430 1491/1563/1527 1492/1564/1528
f 1394/1468/1430 1492/1564/1528 1391/1465/1427
f 1391/1465/1427 1492/1564/1528 1493/1565/1529
f 1493/1565/1529 1492/1564/1528 1491/1563/1527
f 1391/1465/1427 1493/1565/1529 1494/1566/1530
f 1391/1465/1427 1494/1566/1530 1390/1464/1426
f 1494/1566/1530 1493/1565/1529 1495/1567/1531
f 1496/1568/1532 1491/1563/1532 1489/1561/1532
f 1496/1568/1533 1489/1561/1533 1487/1559/1533
f 1493/1565/1529 1491/1563/1527 1497/1569/1534
f 1493/1565/1529 1497/1569/1534 1495/1567/1531
f 1497/1569/1534 1491/1563/1527 1498/1570/1535
f 1498/1570/1535 1491/1563/1527 1496/1568/1536
f 1497/1569/1534 1498/1570/1535 1499/1571/1537
f 1497/1569/1534 1499/1571/1537 1495/1567/1531
f 1500/1572/1538 1494/1566/1530 1495/1567/1531
f 1494/1566/1530 1500/1572/1538 1390/1464/1426
f 1500/1572/1538 1495/1567/1531 1501/1573/1539
f 1498/1570/1535 1496/1568/1536 1502/1574/1540
f 1498/1570/1535 1502/1574/1540 1499/1571/1537
f 1495/1567/1531 1499/1571/1537 1503/1575/1541
f 1495/1567/1531 1503/1575/1541 1501/1573/1539
f 1499/1571/1537 1502/1574/1540 1504/1576/1542
f 1500/1572/1538 1501/1573/1539 1505/1577/1543
f 1502/1574/1540 1496/1568/1536 1506/1578/1544
f 1502/1574/1540 1506/1578/1544 1504/1576/1542
f 1503/1575/1541 1499/1571/1537 1507/1579/1545
f 1507/1579/1545 1499/1571/1537 1504/1576/1542
f 1501/1573/1539 1503/1575/1541 1508/1580/1546
f 1508/1580/1546 1503/1575/1541 1507/1579/1545
f 1501/1573/1539 1508/1580/1546 1509/1581/1547
f 1501/1573/1539 1509/1581/1547 1505/1577/1543
f 1508/1580/1546 1507/1579/1545 1510/1582/1548
f 1510/1582/1548 1507/1579/1545 1504/1576/1542
f 1509/1581/1547 1508/1580/1546 1511/1583/1549
f 1511/1583/1549 1508/1580/1546 1510/1582/1548
f 1511/1583/1549 1510/1582/1548 1512/1584/1550
f 1511/1583/1549 1512/1584/1550 1509/1581/1547
f 1512/1584/1550 1510/1582/1548 1513/1585/1551
f 1509/1581/1547 1512/1584/1550 1514/1586/1552
f 1514/1586/1552 1512/1584/1550 1513/1585/1551
f 1510/1582/1548 1504/1576/1542 1515/1587/1553
f 1510/1582/1548 1515/1587/1553 1513/1585/1551
f 1515/1587/1553 1504/1576/1542 1516/1588/1554
f 1516/1588/1554 1504/1576/1542 1506/1578/1544
f 1513/1585/1551 1515/1587/1553 1517/1589/1555
f 1515/1587/1556 1516/1588/1556 1518/1590/1556
f 1515/1587/1553 1518/1590/1557 1517/1589/1555
f 1516/1588/1554 1506/1578/1544 1519/1591/1558
f 1519/1591/1558 1506/1578/1544 1496/1568/1536
f 1518/1590/1559 1516/1588/1554 1520/1592/1560
f 1520/1592/1560 1516/1588/1554 1519/1591/1558
f 1517/1589/1555 1518/1590/1557 1521/1593/1561
f 1521/1593/1562 1518/1590/1559 1520/1592/1560
f 1522/1594/1563 1513/1585/1551 1517/1589/1555
f 1522/1594/1563 1517/1589/1555 1521/1593/1562
f 1513/1585/1551 1522/1594/1563 1523/1595/1564
f 1513/1585/1551 1523/1595/1564 1514/1586/1552
f 1522/1594/1563 1521/1593/1562 1524/1596/1565
f 1523/1595/1564 1522/1594/1563 1525/1597/1566
f 1525/1597/1566 1522/1594/1563 1524/1596/1565
f 1524/1596/1565 1521/1593/1562 1526/1598/1567
f 1527/1599/1568 1521/1593/1562 1520/1592/1560
f 1521/1593/1562 1527/1599/1568 1526/1598/1567
f 1527/1599/1568 1520/1592/1560 1528/1600/1569
f 1524/1596/1565 1526/1598/1567 1529/1601/1570
f 1524/1596/1565 1529/1601/1570 1525/1597/1566
f 1526/1598/1567 1527/1599/1568 1530/1602/1571
f 1530/1602/1571 1527/1599/1568 1528/1600/1569
f 1528/1600/1569 1520/1592/1560 1531/1603/1572
f 1526/1598/1567 1530/1602/1571 1532/1604/1573
f 1529/1601/1570 1526/1598/1567 1533/1605/1574
f 1533/1605/1574 1526/1598/1567 1532/1604/1573
f 1529/1601/1570 1533/1605/1574 1534/1606/1575
f 1529/1601/1570 1534/1606/1575 1525/1597/1566
f 1533/1605/1576 1532/1604/1573 1535/1607/1577
f 1533/1605/1574 1535/1607/1577 1534/1606/1575
f 1532/1604/1573 1530/1602/1571 1536/1608/1578
f 1537/1609/1579 1530/1602/1571 1528/1600/1569
f 1530/1602/1571 1537/1609/1579 1536/1608/1578
f 1532/1604/1573 1536/1608/1578 1538/1610/1580
f 1532/1604/1573 1538/1610/1580 1535/1607/1577
f 1539/1611/1581 1525/1597/1566 1534/1606/1575
f 1540/1612/1582 1534/1606/1575 1535/1607/1577
f 1539/1611/1581 1534/1606/1575 1541/1613/1583
f 1541/1613/1583 1534/1606/1575 1540/1612/1582
f 1539/1611/1581 1541/1613/1583 1542/1614/1584
f 1541/1613/1583 1540/1612/1582 1543/1615/1585
f 1541/1613/1583 1543/1615/1585 1542/1614/1584
f 1543/1615/1585 1540/1612/1582 1544/1616/1586
f 1540/1612/1582 1535/1607/1577 1545/1617/1587
f 1540/1612/1582 1545/1617/1587 1544/1616/1586
f 1545/1617/1587 1535/1607/1577 1546/1618/1588
f 1546/1618/1588 1535/1607/1577 1538/1610/1580
f 1544/1616/1586 1545/1617/1587 1547/1619/1589
f 1547/1619/1589 1545/1617/1587 1546/1618/1588
f 1543/1615/1585 1544/1616/1586 1548/1620/1590
f 1543/1615/1585 1548/1620/1590 1542/1614/1584
f 1546/1618/1588 1538/1610/1580 1549/1621/1591
f 1548/1620/1590 1544/1616/1586 1550/1622/1592
f 1544/1616/1586 1547/1619/1589 1551/1623/1593
f 1544/1616/1586 1551/1623/1593 1550/1622/1592
f 1551/1623/1593 1547/1619/1589 1552/1624/1594
f 1552/1624/1594 1547/1619/1589 1546/1618/1588
f 1550/1622/1592 1551/1623/1593 1553/1625/1595
f 1553/1625/1595 1551/1623/1593 1552/1624/1594
f 1552/1624/1594 1546/1618/1588 1554/1626/1596
f 1554/1626/1596 1546/1618/1588 1549/1621/1591
f 1555/1627/1597 1549/1621/1591 1538/1610/1580
f 1549/1621/1591 1555/1627/1597 1554/1626/1596
f 1552/1624/1594 1554/1626/1596 1556/1628/1598
f 1552/1624/1594 1556/1628/1598 1553/1625/1595
f 1556/1628/1598 1554/1626/1596 1557/1629/1599
f 1558/1630/1600 1550/1622/1592 1553/1625/1595
f 1553/1625/1595 1556/1628/1598 1559/1631/1601
f 1550/1622/1592 1558/1630/1600 1560/1632/1602
f 1550/1622/1592 1560/1632/1602 1548/1620/1590
f 1558/1630/1600 1553/1625/1595 1561/1633/1603
f 1561/1633/1603 1553/1625/1595 1559/1631/1601
f 1559/1631/1601 1556/1628/1598 1562/1634/1604
f 1562/1634/1604 1556/1628/1598 1557/1629/1599
f 1563/1635/1605 1557/1629/1599 1554/1626/1596
f 1563/1635/1605 1554/1626/1596 1555/1627/1597
f 1562/1634/1604 1557/1629/1599 1564/1636/1606
f 1559/1631/1601 1562/1634/1604 1565/1637/1607
f 1565/1637/1607 1562/1634/1604 1564/1636/1606
f 1564/1636/1606 1557/1629/1599 1566/1638/1608
f 1566/1638/1608 1557/1629/1599 1563/1635/1605
f 1565/1637/1607 1564/1636/1606 1567/1639/1609
f 1567/1639/1609 1564/1636/1606 1566/1638/1608
f 1559/1631/1601 1565/1637/1607 1568/1640/1610
f 1559/1631/1601 1568/1640/1610 1561/1633/1603
f 1565/1637/1607 1567/1639/1609 1569/1641/1611
f 1568/1640/1610 1565/1637/1607 1570/1642/1612
f 1570/1642/1612 1565/1637/1607 1569/1641/1611
f 1568/1640/1610 1570/1642/1612 1571/1643/1613
f 1568/1640/1610 1571/1643/1613 1561/1633/1603
f 1570/1642/1612 1569/1641/1611 1572/1644/1614
f 1570/1642/1612 1572/1644/1614 1571/1643/1613
f 1569/1641/1611 1567/1639/1609 1573/1645/1615
f 1574/1646/1616 1567/1639/1609 1566/1638/1608
f 1567/1639/1609 1574/1646/1616 1573/1645/1615
f 1574/1646/1616 1566/1638/1608 1575/1647/1617
f 1573/1645/1615 1574/1646/1616 1576/1648/1618
f 1576/1648/1618 1574/1646/1616 1575/1647/1617
f 1569/1641/1611 1573/1645/1615 1577/1649/1619
f 1573/1645/1615 1576/1648/1618 1578/1650/1620
f 1573/1645/1615 1578/1650/1620 1577/1649/1619
f 1569/1641/1611 1577/1649/1619 1579/1651/1621
f 1569/1641/1611 1579/1651/1621 1572/1644/1614
f 1577/1649/1619 1578/1650/1620 1580/1652/1622
f 1577/1649/1619 1580/1652/1622 1579/1651/1621
f 1578/1650/1620 1576/1648/1618 1581/1653/1623
f 1581/1653/1623 1576/1648/1618 1582/1654/1624
f 1582/1654/1624 1576/1648/1618 1575/1647/1617
f 1578/1650/1620 1581/1653/1623 1583/1655/1625
f 1580/1652/1622 1578/1650/1620 1584/1656/1626
f 1584/1656/1626 1578/1650/1620 1583/1655/1625
f 1581/1653/1623 1582/1654/1624 1585/1657/1627
f 1581/1653/1623 1585/1657/1627 1583/1655/1625
f 1582/1654/1624 1575/1647/1617 1586/1658/1628
f 1582/1654/1624 1586/1658/1628 1585/1657/1627
f 1580/1652/1622 1584/1656/1626 1587/1659/1629
f 1580/1652/1622 1587/1659/1629 1579/1651/1621
f 1587/1659/1629 1584/1656/1626 1588/1660/1630
f 1588/1660/1630 1584/1656/1626 1583/1655/1625
f 1579/1651/1621 1587/1659/1629 1589/1661/1631
f 1587/1659/1629 1588/1660/1630 1590/1662/1632
f 1587/1659/1629 1590/1662/1632 1589/1661/1631
f 1588/1660/1630 1583/1655/1625 1591/1663/1633
f 1588/1660/1630 1591/1663/1633 1592/1664/1634
f 1588/1660/1630 1592/1664/1634 1590/1662/1632
f 1591/1663/1633 1583/1655/1625 1593/1665/1635
f 1592/1664/1634 1591/1663/1633 1594/1666/1636
f 1594/1666/1636 1591/1663/1633 1593/1665/1635
f 1593/1665/1635 1583/1655/1625 1595/1667/1637
f 1595/1667/1637 1583/1655/1625 1585/1657/1627
f 1594/1666/1636 1593/1665/1635 1596/1668/1638
f 1593/1665/1635 1595/1667/1637 1597/1669/1639
f 1593/1665/1635 1597/1669/1639 1596/1668/1638
f 1595/1667/1637 1585/1657/1627 1598/1670/1640
f 1595/1667/1637 1598/1670/1640 1597/1669/1639
f 1598/1670/1640 1585/1657/1627 1599/1671/1641
f 1599/1671/1641 1585/1657/1627 1586/1658/1628
f 1597/1669/1639 1598/1670/1640 1600/1672/1642
f 1600/1672/1642 1598/1670/1640 1599/1671/1641
f 1599/1671/1641 1586/1658/1628 1601/1673/1643
f 1599/1671/1641 1601/1673/1643 1600/1672/1642
f 1597/1669/1639 1600/1672/1642 1602/1674/1644
f 1603/1675/1645 1596/1668/1638 1597/1669/1639
f 1603/1675/1645 1597/1669/1639 1602/1674/1644
f 1604/1676/1646 1594/1666/1636 1596/1668/1638
f 1594/1666/1636 1604/1676/1646 1592/1664/1634
f 1596/1668/1638 1603/1675/1645 1605/1677/1647
f 1592/1664/1634 1604/1676/1646 1232/1306/1266
f 1592/1664/1634 1232/1306/1266 1590/1662/1632
f 1232/1306/1266 1604/1676/1646 1227/1301/1261
f 1227/1301/1261 1604/1676/1646 1224/1298/1258
f 1590/1662/1632 1232/1306/1266 1606/1678/1648
f 1606/1678/1648 1232/1306/1266 1230/1304/1264
f 1224/1298/1258 1604/1676/1646 1607/1679/1649
f 1224/1298/1258 1607/1679/1649 1216/1290/1250
f 1608/1680/1650 1604/1676/1646 1596/1668/1638
f 1604/1676/1646 1608/1680/1650 1607/1679/1649
f 1608/1680/1650 1596/1668/1638 1605/1677/1647
f 1216/1290/1250 1607/1679/1649 1609/1681/1651
f 1216/1290/1250 1609/1681/1651 1213/1287/1247
f 1213/1287/1247 1609/1681/1651 1214/1288/1248
f 1607/1679/1649 1608/1680/1650 1610/1682/1652
f 1610/1682/1652 1608/1680/1650 1605/1677/1647
f 1609/1681/1651 1607/1679/1649 1611/1683/1653
f 1611/1683/1653 1607/1679/1649 1610/1682/1652
f 1214/1288/1248 1609/1681/1651 1612/1684/1654
f 1612/1684/1654 1609/1681/1651 1611/1683/1653
f 1612/1684/1654 1611/1683/1653 1613/1685/1655
f 1612/1684/1654 1613/1685/1655 1214/1288/1248
f 1613/1685/1655 1611/1683/1653 1610/1682/1652
f 1610/1682/1652 1605/1677/1647 1614/1686/1656
f 1610/1682/1652 1614/1686/1656 1613/1685/1655
f 1614/1686/1656 1605/1677/1647 1615/1687/1657
f 1615/1687/1657 1605/1677/1647 1603/1675/1645
f 1615/1687/1657 1603/1675/1645 1602/1674/1644
f 1614/1686/1656 1615/1687/1657 1616/1688/1658
f 1616/1688/1658 1615/1687/1657 1602/1674/1644
f 1613/1685/1655 1614/1686/1656 1617/1689/1659
f 1617/1689/1659 1614/1686/1656 1616/1688/1658
f 1618/1690/1660 1214/1288/1248 1613/1685/1655
f 1214/1288/1248 1618/1690/1660 1211/1285/1245
f 1613/1685/1655 1617/1689/1659 1619/1691/1661
f 1613/1685/1655 1619/1691/1661 1620/1692/1662
f 1613/1685/1655 1620/1692/1662 1618/1690/1660
f 1617/1689/1659 1616/1688/1658 1621/1693/1663
f 1617/1689/1659 1621/1693/1663 1619/1691/1661
f 1211/1285/1245 1618/1690/1660 1622/1694/1664
f 1211/1285/1245 1622/1694/1664 1209/1283/1243
f 1618/1690/1660 1620/1692/1662 1623/1695/1665
f 1623/1695/1665 1620/1692/1662 1619/1691/1661
f 1622/1694/1664 1618/1690/1660 1624/1696/1666
f 1624/1696/1666 1618/1690/1660 1623/1695/1665
f 1209/1283/1243 1622/1694/1664 1625/1697/1667
f 1209/1283/1243 1625/1697/1667 1207/1281/1241
f 1622/1694/1664 1624/1696/1666 1626/1698/1668
f 1622/1694/1664 1626/1698/1668 1625/1697/1667
f 1624/1696/1666 1623/1695/1665 1627/1699/1669
f 1623/1695/1665 1619/1691/1661 1628/1700/1670
f 1623/1695/1665 1628/1700/1670 1627/1699/1669
f 1624/1696/1666 1627/1699/1669 1629/1701/1671
f 1624/1696/1666 1629/1701/1671 1626/1698/1668
f 1626/1698/1668 1629/1701/1671 1630/1702/1672
f 1629/1701/1671 1627/1699/1669 1631/1703/1673
f 1629/1701/1671 1631/1703/1673 1630/1702/1672
f 1626/1698/1668 1630/1702/1672 1632/1704/1674
f 1626/1698/1668 1632/1704/1674 1625/1697/1667
f 1632/1704/1674 1630/1702/1672 1631/1703/1673
f 1633/1705/1675 1627/1699/1669 1628/1700/1670
f 1627/1699/1669 1633/1705/1675 1631/1703/1673
f 1633/1705/1675 1628/1700/1670 1634/1706/1676
f 1634/1706/1676 1628/1700/1670 1619/1691/1661
f 1631/1703/1673 1633/1705/1675 1635/1707/1677
f 1634/1706/1676 1619/1691/1661 1636/1708/1678
f 1636/1708/1678 1619/1691/1661 1621/1693/1663
f 1633/1705/1675 1634/1706/1676 1637/1709/1679
f 1633/1705/1675 1637/1709/1679 1635/1707/1677
f 1634/1706/1676 1636/1708/1678 1638/1710/1680
f 1636/1708/1678 1621/1693/1663 1639/1711/1681
f 1636/1708/1678 1639/1711/1681 1638/1710/1680
f 1639/1711/1681 1621/1693/1663 1640/1712/1682
f 1640/1712/1682 1621/1693/1663 1616/1688/1658
f 1637/1709/1679 1634/1706/1676 1641/1713/1683
f 1641/1713/1683 1634/1706/1676 1638/1710/1680
f 1637/1709/1679 1641/1713/1683 1642/1714/1684
f 1637/1709/1679 1642/1714/1684 1635/1707/1677
f 1641/1713/1683 1638/1710/1680 1643/1715/1685
f 1641/1713/1683 1643/1715/1685 1642/1714/1684
f 1643/1715/1685 1638/1710/1680 1644/1716/1686
f 1643/1715/1685 1644/1716/1686 1642/1714/1684
f 1644/1716/1686 1638/1710/1680 1645/1717/1687
f 1645/1717/1687 1638/1710/1680 1639/1711/1681
f 1642/1714/1684 1644/1716/1686 1646/1718/1688
f 1647/1719/1689 1639/1711/1681 1640/1712/1682
f 1639/1711/1681 1647/1719/1689 1645/1717/1687
f 1647/1719/1689 1640/1712/1682 1648/1720/1690
f 1648/1720/1690 1640/1712/1682 1616/1688/1658
f 1648/1720/1690 1616/1688/1658 1602/1674/1644
f 1647/1719/1689 1648/1720/1690 1649/1721/1691
f 1647/1719/1689 1649/1721/1691 1645/1717/1687
f 1648/1720/1690 1602/1674/1644 1650/1722/1692
f 1648/1720/1690 1650/1722/1692 1649/1721/1691
f 1650/1722/1692 1602/1674/1644 1600/1672/1642
f 1650/1722/1692 1600/1672/1642 1601/1673/1643
f 1649/1721/1691 1650/1722/1692 1651/1723/1693
f 1651/1723/1693 1650/1722/1692 1601/1673/1643
f 1645/1717/1687 1649/1721/1691 1652/1724/1694
f 1652/1724/1694 1649/1721/1691 1651/1723/1693
f 1651/1723/1693 1601/1673/1643 1653/1725/1695
f 1651/1723/1693 1653/1725/1695 1652/1724/1694
f 1645/1717/1687 1652/1724/1694 1654/1726/1696
f 1645/1717/1687 1654/1726/1696 1644/1716/1686
f 1644/1716/1686 1654/1726/1696 1646/1718/1688
f 1654/1726/1696 1652/1724/1694 1655/1727/1697
f 1652/1724/1694 1653/1725/1695 1656/1728/1698
f 1652/1724/1694 1656/1728/1698 1655/1727/1697
f 1657/1729/1699 1653/1725/1700 1601/1673/1701
f 1657/1729/1699 1601/1673/1701 1586/1658/1702
f 1656/1728/1698 1653/1725/1695 1658/1730/1703
f 1656/1728/1698 1658/1730/1703 1655/1727/1697
f 1654/1726/1696 1655/1727/1697 1659/1731/1704
f 1654/1726/1696 1659/1731/1704 1646/1718/1688
f 1659/1731/1705 1655/1727/1697 1660/1732/1706
f 1646/1718/1688 1659/1731/1704 902/976/907
f 902/976/1707 1659/1731/1708 903/977/908
f 903/977/908 1659/1731/1708 1660/1732/1706
f 1646/1718/1688 902/976/907 901/975/906
f 1660/1732/1706 1655/1727/1697 1661/1733/1709
f 1660/1732/1706 1661/1733/1709 903/977/908
f 1661/1733/1709 1655/1727/1697 1658/1730/1703
f 903/977/908 1661/1733/1709 908/982/914
f 1646/1718/1688 901/975/906 1662/1734/1710
f 1646/1718/1688 1662/1734/1710 1642/1714/1684
f 1642/1714/1684 1662/1734/1710 1663/1735/1711
f 1642/1714/1684 1663/1735/1711 1635/1707/1677
f 1662/1734/1710 901/975/906 1664/1736/1712
f 1662/1734/1710 1664/1736/1712 1663/1735/1711
f 1635/1707/1677 1663/1735/1711 1665/1737/1713
f 1665/1737/1713 1663/1735/1711 1664/1736/1712
f 1635/1707/1677 1665/1737/1713 1666/1738/1714
f 1635/1707/1677 1666/1738/1714 1631/1703/1673
f 1631/1703/1673 1666/1738/1714 1667/1739/1715
f 1666/1738/1714 1665/1737/1713 1668/1740/1716
f 1666/1738/1714 1668/1740/1716 1667/1739/1715
f 1665/1737/1713 1664/1736/1712 1669/1741/1717
f 1665/1737/1713 1669/1741/1717 1668/1740/1716
f 1670/1742/1718 1664/1736/1712 901/975/906
f 1664/1736/1712 1670/1742/1718 1669/1741/1717
f 1670/1742/1718 901/975/906 898/972/903
f 1670/1742/1718 898/972/903 897/971/902
f 1670/1742/1718 897/971/902 1671/1743/1719
f 1670/1742/1718 1671/1743/1719 1669/1741/1717
f 1671/1743/1719 897/971/902 896/970/901
f 1672/1744/1720 1668/1740/1716 1669/1741/1717
f 1672/1744/1720 1669/1741/1717 1671/1743/1719
f 1668/1740/1716 1672/1744/1720 1673/1745/1721
f 1668/1740/1716 1673/1745/1721 1667/1739/1715
f 1673/1745/1721 1672/1744/1720 1674/1746/1722
f 1672/1744/1720 1671/1743/1719 1675/1747/1723
f 1672/1744/1720 1675/1747/1723 1674/1746/1722
f 1675/1747/1723 1671/1743/1719 896/970/901
f 1673/1745/1721 1674/1746/1722 1676/1748/1724
f 1676/1748/1724 1674/1746/1722 1675/1747/1723
f 1667/1739/1715 1673/1745/1721 1677/1749/1725
f 1677/1749/1725 1673/1745/1721 1676/1748/1724
f 1667/1739/1715 1677/1749/1725 1678/1750/1726
f 1667/1739/1715 1678/1750/1726 1632/1704/1674
f 1667/1739/1715 1632/1704/1674 1631/1703/1673
f 1678/1750/1726 1677/1749/1725 1679/1751/1727
f 1632/1704/1674 1678/1750/1726 1680/1752/1728
f 1680/1752/1728 1678/1750/1726 1679/1751/1727
f 1677/1749/1725 1676/1748/1724 1681/1753/1729
f 1677/1749/1725 1681/1753/1729 1679/1751/1727
f 1681/1753/1729 1676/1748/1724 1682/1754/1730
f 1682/1754/1730 1676/1748/1724 1675/1747/1723
f 1632/1704/1674 1680/1752/1728 1683/1755/1731
f 1632/1704/1674 1683/1755/1731 1625/1697/1667
f 1625/1697/1667 1683/1755/1731 1207/1281/1241
f 1683/1755/1731 1680/1752/1728 1684/1756/1732
f 1684/1756/1732 1680/1752/1728 1679/1751/1727
f 1207/1281/1241 1683/1755/1731 1685/1757/1733
f 1685/1757/1733 1683/1755/1731 1684/1756/1732
f 1207/1281/1241 1685/1757/1733 1686/1758/1734
f 1686/1758/1734 1685/1757/1733 1684/1756/1732
f 1207/1281/1241 1686/1758/1734 1205/1279/1239
f 1684/1756/1732 1679/1751/1727 1687/1759/1735
f 1684/1756/1732 1687/1759/1735 1686/1758/1734
f 1205/1279/1239 1686/1758/1734 1688/1760/1736
f 1688/1760/1736 1686/1758/1734 1687/1759/1735
f 1205/1279/1239 1688/1760/1736 1164/1238/1198
f 1164/1238/1198 1688/1760/1736 1689/1761/1737
f 1164/1238/1198 1689/1761/1737 1159/1233/1192
f 1159/1233/1192 1689/1761/1737 1155/1229/1188
f 1689/1761/1737 1688/1760/1736 1690/1762/1738
f 1690/1762/1738 1688/1760/1736 1687/1759/1735
f 1155/1229/1188 1689/1761/1737 1691/1763/1739
f 1691/1763/1739 1689/1761/1737 1690/1762/1738
f 1155/1229/1188 1691/1763/1739 1151/1225/1184
f 1690/1762/1738 1687/1759/1735 1692/1764/1740
f 1692/1764/1740 1687/1759/1735 1679/1751/1727
f 1691/1763/1739 1690/1762/1738 1693/1765/1741
f 1693/1765/1741 1690/1762/1738 1692/1764/1740
f 1151/1225/1184 1691/1763/1739 1694/1766/1742
f 1694/1766/1742 1691/1763/1739 1693/1765/1741
f 1151/1225/1184 1694/1766/1742 1150/1224/1183
f 1692/1764/1740 1679/1751/1727 1695/1767/1743
f 1692/1764/1740 1695/1767/1743 1693/1765/1741
f 1695/1767/1743 1679/1751/1727 1681/1753/1729
f 1695/1767/1743 1681/1753/1729 1682/1754/1730
f 1150/1224/1183 1694/1766/1742 1696/1768/1744
f 1150/1224/1183 1696/1768/1744 1146/1220/1179
f 1694/1766/1742 1693/1765/1741 1697/1769/1745
f 1694/1766/1742 1697/1769/1745 1696/1768/1744
f 1697/1769/1745 1693/1765/1741 1695/1767/1743
f 1146/1220/1179 1696/1768/1744 1698/1770/1746
f 1698/1770/1746 1696/1768/1744 1697/1769/1745
f 1146/1220/1179 1698/1770/1746 1699/1771/1747
f 1146/1220/1179 1699/1771/1747 1139/1213/1172
f 1698/1770/1746 1697/1769/1745 1700/1772/1748
f 1700/1772/1748 1697/1769/1745 1695/1767/1743
f 1699/1771/1749 1698/1770/1749 1701/1773/1749
f 1699/1771/1747 1701/1773/1750 1139/1213/1172
f 1139/1213/1172 1701/1773/1750 1130/1204/1163
f 1701/1773/1750 1698/1770/1746 1702/1774/1751
f 1702/1774/1751 1698/1770/1746 1700/1772/1748
f 1130/1204/1163 1701/1773/1750 1703/1775/1752
f 1703/1775/1752 1701/1773/1750 1702/1774/1751
f 1130/1204/1163 1703/1775/1752 1127/1201/1160
f 1127/1201/1160 1703/1775/1752 1704/1776/1753
f 1704/1776/1753 1703/1775/1752 1702/1774/1751
f 1127/1201/1160 1704/1776/1753 1128/1202/1161
f 1702/1774/1751 1700/1772/1748 1705/1777/1754
f 1702/1774/1751 1705/1777/1754 1704/1776/1753
f 1706/1778/1755 1700/1772/1748 1695/1767/1743
f 1706/1778/1755 1695/1767/1743 1682/1754/1730
f 1705/1777/1754 1700/1772/1748 1707/1779/1756
f 1707/1779/1756 1700/1772/1748 1706/1778/1755
f 1706/1778/1755 1682/1754/1730 1708/1780/1757
f 1706/1778/1755 1708/1780/1757 1707/1779/1756
f 1708/1780/1757 1682/1754/1730 1675/1747/1723
f 1708/1780/1757 1675/1747/1723 1709/1781/1758
f 1709/1781/1758 1675/1747/1723 896/970/901
f 1707/1779/1756 1708/1780/1757 1710/1782/1759
f 1710/1782/1759 1708/1780/1757 1709/1781/1758
f 1711/1783/1760 1705/1777/1754 1707/1779/1756
f 1711/1783/1760 1707/1779/1756 1710/1782/1759
f 1705/1777/1754 1711/1783/1760 1712/1784/1761
f 1705/1777/1754 1712/1784/1761 1704/1776/1753
f 1709/1781/1758 896/970/901 1713/1785/1762
f 1713/1785/1762 896/970/901 887/961/892
f 1713/1785/1762 887/961/892 886/960/891
f 1709/1781/1758 1713/1785/1762 1714/1786/1763
f 1709/1781/1758 1714/1786/1763 1710/1782/1759
f 1713/1785/1762 886/960/891 1715/1787/1764
f 1713/1785/1762 1715/1787/1764 1714/1786/1763
f 1715/1787/1764 886/960/891 1716/1788/1765
f 1716/1788/1765 886/960/891 885/959/890
f 1714/1786/1763 1715/1787/1764 1717/1789/1766
f 1717/1789/1766 1715/1787/1764 1716/1788/1765
f 1710/1782/1759 1714/1786/1763 1718/1790/1767
f 1718/1790/1767 1714/1786/1763 1717/1789/1766
f 1710/1782/1759 1718/1790/1767 1711/1783/1760
f 1717/1789/1766 1716/1788/1765 1719/1791/1768
f 1716/1788/1765 885/959/890 1720/1792/1769
f 1716/1788/1765 1720/1792/1769 1719/1791/1768
f 1717/1789/1766 1719/1791/1768 1721/1793/1770
f 1717/1789/1766 1721/1793/1770 1718/1790/1767
f 1721/1793/1770 1719/1791/1768 1720/1792/1769
f 1711/1783/1760 1718/1790/1767 1722/1794/1771
f 1722/1794/1771 1718/1790/1767 1721/1793/1770
f 1711/1783/1760 1722/1794/1771 1712/1784/1761
f 1720/1792/1769 885/959/890 867/941/870
f 1722/1794/1771 1721/1793/1770 1723/1795/1772
f 1723/1795/1772 1721/1793/1770 1720/1792/1769
f 1712/1784/1761 1722/1794/1771 1724/1796/1773
f 1724/1796/1773 1722/1794/1771 1723/1795/1772
f 1712/1784/1761 1724/1796/1773 1725/1797/1774
f 1712/1784/1761 1725/1797/1774 1704/1776/1753
f 1704/1776/1753 1725/1797/1774 1128/1202/1161
f 1725/1797/1774 1724/1796/1773 1726/1798/1775
f 1725/1797/1774 1726/1798/1775 1128/1202/1161
f 1724/1796/1773 1723/1795/1772 1727/1799/1776
f 1724/1796/1773 1727/1799/1776 1726/1798/1775
f 1727/1799/1776 1723/1795/1772 1720/1792/1769
f 1128/1202/1161 1726/1798/1775 1728/1800/1777
f 1728/1800/1777 1726/1798/1775 1727/1799/1776
f 1128/1202/1778 1728/1800/1778 1123/1197/1778
f 1123/1197/1779 1728/1800/1779 1124/1198/1779
f 1728/1800/1777 1727/1799/1776 1729/1801/1780
f 1728/1800/1777 1729/1801/1780 1124/1198/1157
f 1727/1799/1776 1720/1792/1769 1730/1802/1781
f 1730/1802/1781 1720/1792/1769 867/941/870
f 1729/1801/1780 1727/1799/1776 1731/1803/1782
f 1731/1803/1782 1727/1799/1776 1730/1802/1781
f 1124/1198/1157 1729/1801/1780 1732/1804/1783
f 1732/1804/1783 1729/1801/1780 1731/1803/1782
f 1730/1802/1781 867/941/870 1733/1805/1784
f 1730/1802/1781 1733/1805/1784 1731/1803/1782
f 1733/1805/1784 867/941/870 861/935/864
f 1731/1803/1782 1733/1805/1784 1734/1806/1785
f 1731/1803/1782 1734/1806/1785 1732/1804/1783
f 1733/1805/1784 861/935/864 1735/1807/1786
f 1733/1805/1784 1735/1807/1786 1734/1806/1785
f 1735/1807/1786 861/935/864 1736/1808/1787
f 1736/1808/1787 861/935/864 859/933/862
f 1734/1806/1785 1735/1807/1786 1737/1809/1788
f 1734/1806/1785 1737/1809/1788 1732/1804/1783
f 1737/1809/1788 1735/1807/1786 1736/1808/1787
f 1736/1808/1787 859/933/862 860/934/863
f 1737/1809/1788 1736/1808/1787 1738/1810/1789
f 1738/1810/1789 1736/1808/1787 860/934/863
f 1732/1804/1783 1737/1809/1788 1739/1811/1790
f 1739/1811/1790 1737/1809/1788 1738/1810/1789
f 1732/1804/1783 1739/1811/1790 1740/1812/1791
f 1732/1804/1783 1740/1812/1791 1124/1198/1157
f 1124/1198/1157 1740/1812/1791 1103/1177/1136
f 1103/1177/1136 1740/1812/1791 1102/1176/1135
f 1740/1812/1791 1739/1811/1790 1741/1813/1792
f 1740/1812/1791 1741/1813/1792 1102/1176/1135
f 1739/1811/1790 1738/1810/1789 1742/1814/1793
f 1739/1811/1790 1742/1814/1793 1741/1813/1792
f 1742/1814/1793 1738/1810/1789 1743/1815/1794
f 1743/1815/1794 1738/1810/1789 860/934/863
f 1741/1813/1792 1742/1814/1793 1744/1816/1795
f 1744/1816/1795 1742/1814/1793 1743/1815/1794
f 1102/1176/1135 1741/1813/1792 1745/1817/1796
f 1745/1817/1796 1741/1813/1792 1744/1816/1795
f 1102/1176/1135 1745/1817/1796 1067/1141/1091
f 1102/1176/1135 1067/1141/1091 1074/1148/1099
f 1067/1141/1091 1745/1817/1796 1746/1818/1797
f 1743/1815/1794 860/934/863 1747/1819/1798
f 1747/1819/1798 860/934/863 856/930/859
f 1744/1816/1795 1743/1815/1794 1748/1820/1799
f 1748/1820/1799 1743/1815/1794 1747/1819/1798
f 1745/1817/1796 1744/1816/1795 1749/1821/1800
f 1745/1817/1796 1749/1821/1800 1746/1818/1797
f 1749/1821/1800 1744/1816/1795 1748/1820/1799
f 1067/1141/1091 1746/1818/1797 1750/1822/1801
f 1750/1822/1801 1746/1818/1797 1749/1821/1800
f 1067/1141/1091 1750/1822/1801 738/812/738
f 1749/1821/1800 1748/1820/1799 1751/1823/1802
f 1749/1821/1800 1751/1823/1802 1750/1822/1801
f 738/812/738 1750/1822/1801 1752/1824/1803
f 1752/1824/1803 1750/1822/1801 1751/1823/1802
f 738/812/738 1752/1824/1803 734/808/734
f 734/808/734 1752/1824/1803 739/813/739
f 1753/1825/1804 1748/1820/1799 1747/1819/1798
f 1748/1820/1799 1753/1825/1804 1751/1823/1802
f 1753/1825/1804 1747/1819/1798 856/930/859
f 1752/1824/1803 1751/1823/1802 1754/1826/1805
f 1754/1826/1805 1751/1823/1802 1753/1825/1804
f 1752/1824/1803 1754/1826/1805 739/813/739
f 1753/1825/1804 856/930/859 1755/1827/1806
f 1753/1825/1804 1755/1827/1806 1754/1826/1805
f 739/813/739 1754/1826/1805 1756/1828/1807
f 1756/1828/1807 1754/1826/1805 1755/1827/1806
f 1756/1828/1807 1755/1827/1806 739/813/739
f 739/813/739 1755/1827/1806 1757/1829/1808
f 1757/1829/1808 1755/1827/1806 856/930/859
f 739/813/739 1757/1829/1808 749/823/749
f 1757/1829/1808 856/930/859 844/918/847
f 749/823/749 1757/1829/1808 751/825/751
f 751/825/751 1757/1829/1808 844/918/847
f 1113/1830/1146 1112/1831/1145 1758/1832/1809
f 1113/1830/1146 1758/1832/1809 1759/1833/1810
f 1113/1830/1146 1759/1833/1810 1115/1834/1148
f 1758/1832/1809 1112/1831/1145 1760/1835/1811
f 1758/1832/1809 1760/1835/1811 1759/1833/1810
f 1115/1834/1148 1759/1833/1810 1761/1836/1812
f 1115/1834/1148 1761/1836/1812 1132/1837/1165
f 1761/1836/1812 1759/1833/1810 1762/1838/1813
f 1762/1838/1813 1759/1833/1810 1760/1835/1811
f 1132/1837/1165 1761/1836/1812 1763/1839/1814
f 1763/1839/1814 1761/1836/1812 1762/1838/1813
f 1132/1837/1165 1763/1839/1814 1764/1840/1815
f 1132/1837/1165 1764/1840/1815 1133/1841/1166
f 1133/1841/1166 1764/1840/1815 1137/1842/1170
f 1137/1842/1170 1764/1840/1815 1765/1843/1816
f 1137/1842/1170 1765/1843/1816 1766/1844/1817
f 1137/1842/1170 1766/1844/1817 1142/1845/1175
f 1765/1843/1816 1764/1840/1815 1767/1846/1818
f 1767/1846/1818 1764/1840/1815 1763/1839/1814
f 1766/1844/1817 1765/1843/1816 1768/1847/1819
f 1768/1847/1819 1765/1843/1816 1767/1846/1818
f 1142/1845/1175 1766/1844/1817 1769/1848/1820
f 1769/1848/1820 1766/1844/1817 1768/1847/1819
f 1142/1845/1175 1769/1848/1820 1144/1849/1177
f 1144/1849/1177 1769/1848/1820 1770/1850/1821
f 1144/1849/1177 1770/1850/1821 1148/1851/1181
f 1769/1848/1820 1768/1847/1819 1771/1852/1822
f 1769/1848/1820 1771/1852/1822 1770/1850/1821
f 1771/1852/1822 1768/1847/1819 1772/1853/1823
f 1148/1851/1181 1770/1850/1821 1773/1854/1824
f 1148/1851/1181 1773/1854/1824 1153/1855/1186
f 1770/1850/1821 1771/1852/1822 1774/1856/1825
f 1770/1850/1821 1774/1856/1825 1773/1854/1824
f 1774/1856/1825 1771/1852/1822 1775/1857/1826
f 1775/1857/1827 1771/1852/1827 1772/1853/1827
f 1153/1855/1186 1773/1854/1824 1776/1858/1828
f 1153/1855/1186 1776/1858/1828 1157/1859/1193
f 1773/1854/1824 1774/1856/1825 1777/1860/1829
f 1773/1854/1830 1777/1860/1830 1776/1858/1830
f 1774/1856/1825 1775/1857/1826 1778/1861/1831
f 1774/1856/1825 1778/1861/1831 1777/1860/1829
f 1157/1859/1193 1776/1858/1828 1779/1862/1832
f 1157/1859/1193 1779/1862/1832 1161/1863/1195
f 1776/1858/1833 1777/1860/1833 1780/1864/1833
f 1776/1858/1828 1780/1864/1834 1779/1862/1832
f 1780/1864/1834 1777/1860/1829 1781/1865/1835
f 1781/1865/1835 1777/1860/1829 1778/1861/1831
f 1782/1866/1836 1778/1861/1831 1775/1857/1826
f 1782/1866/1836 1775/1857/1826 1772/1853/1823
f 1161/1863/1195 1779/1862/1832 1783/1867/1837
f 1161/1863/1195 1783/1867/1837 1166/1868/1200
f 1166/1868/1838 1783/1867/1838 1175/1869/1838
f 1783/1867/1837 1779/1862/1832 1784/1870/1839
f 1784/1870/1839 1779/1862/1832 1780/1864/1834
f 1175/1869/1209 1783/1867/1837 1785/1871/1840
f 1785/1871/1840 1783/1867/1837 1784/1870/1839
f 1175/1869/1209 1785/1871/1840 1786/1872/1841
f 1175/1869/1209 1786/1872/1841 1180/1873/1214
f 1785/1871/1840 1784/1870/1839 1787/1874/1842
f 1785/1871/1840 1787/1874/1842 1786/1872/1841
f 1784/1870/1839 1780/1864/1834 1788/1875/1843
f 1784/1870/1839 1788/1875/1843 1787/1874/1842
f 1788/1875/1843 1780/1864/1834 1781/1865/1835
f 1788/1875/1843 1781/1865/1835 1789/1876/1844
f 1787/1874/1842 1788/1875/1843 1790/1877/1845
f 1790/1877/1845 1788/1875/1843 1789/1876/1844
f 1789/1876/1844 1781/1865/1835 1791/1878/1846
f 1789/1876/1844 1791/1878/1846 1790/1877/1845
f 1791/1878/1846 1781/1865/1835 1792/1879/1847
f 1792/1879/1847 1781/1865/1835 1778/1861/1831
f 1792/1879/1847 1778/1861/1831 1793/1880/1848
f 1793/1880/1848 1778/1861/1831 1782/1866/1836
f 1792/1879/1847 1793/1880/1848 1794/1881/1849
f 1794/1881/1849 1793/1880/1848 1782/1866/1836
f 1791/1878/1846 1792/1879/1847 1795/1882/1850
f 1792/1879/1847 1794/1881/1849 1796/1883/1851
f 1792/1879/1847 1796/1883/1851 1795/1882/1850
f 1796/1883/1851 1794/1881/1849 1797/1884/1852
f 1794/1881/1849 1782/1866/1836 1798/1885/1853
f 1794/1881/1849 1798/1885/1853 1797/1884/1852
f 1798/1885/1853 1782/1866/1836 1799/1886/1854
f 1799/1886/1854 1782/1866/1836 1772/1853/1823
f 1797/1884/1852 1798/1885/1853 1800/1887/1855
f 1798/1885/1853 1799/1886/1854 1801/1888/1856
f 1798/1885/1853 1801/1888/1856 1800/1887/1855
f 1797/1884/1852 1800/1887/1855 1802/1889/1857
f 1802/1889/1857 1800/1887/1855 1801/1888/1856
f 1803/1890/1858 1796/1883/1851 1797/1884/1852
f 1803/1890/1859 1797/1884/1859 1804/1891/1859
f 1804/1891/1860 1797/1884/1852 1802/1889/1857
f 1796/1883/1851 1803/1890/1858 1805/1892/1861
f 1796/1883/1851 1805/1892/1861 1795/1882/1850
f 1803/1890/1858 1804/1891/1860 1806/1893/1862
f 1806/1893/1862 1804/1891/1860 1802/1889/1857
f 1805/1892/1861 1803/1890/1858 1807/1894/1863
f 1808/1895/1864 1802/1889/1857 1801/1888/1856
f 1805/1892/1861 1807/1894/1863 1809/1896/1865
f 1807/1894/1863 1803/1890/1858 1810/1897/1866
f 1807/1894/1863 1810/1897/1866 1809/1896/1865
f 1810/1897/1866 1803/1890/1858 1811/1898/1867
f 1811/1898/1867 1803/1890/1858 1806/1893/1862
f 1810/1897/1866 1811/1898/1867 1812/1899/1868
f 1813/1900/1869 1806/1893/1862 1802/1889/1857
f 1813/1900/1869 1802/1889/1857 1814/1901/1870
f 1814/1901/1870 1802/1889/1857 1808/1895/1864
f 1806/1893/1862 1813/1900/1869 1815/1902/1871
f 1815/1902/1871 1813/1900/1869 1814/1901/1870
f 1811/1898/1867 1806/1893/1862 1816/1903/1872
f 1811/1898/1867 1816/1903/1872 1812/1899/1868
f 1806/1893/1862 1815/1902/1871 1817/1904/1873
f 1806/1893/1862 1817/1904/1873 1816/1903/1872
f 1815/1902/1871 1814/1901/1870 1818/1905/1874
f 1817/1904/1873 1815/1902/1871 1819/1906/1875
f 1819/1906/1875 1815/1902/1871 1818/1905/1874
f 1816/1903/1872 1817/1904/1873 1820/1907/1876
f 1812/1899/1877 1816/1903/1878 1821/1908/1879
f 1821/1908/1880 1816/1903/1872 1820/1907/1876
f 1820/1907/1876 1817/1904/1873 1822/1909/1881
f 1822/1909/1881 1817/1904/1873 1819/1906/1875
f 1820/1907/1876 1822/1909/1881 1823/1910/1882
f 1820/1907/1876 1823/1910/1882 1821/1908/1880
f 1822/1909/1881 1819/1906/1875 1824/1911/1883
f 1823/1910/1882 1822/1909/1881 1825/1912/1884
f 1825/1912/1884 1822/1909/1881 1824/1911/1883
f 1824/1911/1883 1819/1906/1875 1826/1913/1885
f 1826/1913/1885 1819/1906/1875 1818/1905/1874
f 1821/1908/1880 1823/1910/1882 1827/1914/1886
f 1827/1914/1886 1823/1910/1882 1825/1912/1884
f 1824/1911/1883 1826/1913/1885 1828/1915/1887
f 1826/1913/1885 1818/1905/1874 1829/1916/1888
f 1825/1912/1884 1824/1911/1883 1830/1917/1889
f 1830/1917/1889 1824/1911/1883 1828/1915/1887
f 1825/1912/1884 1830/1917/1889 1831/1918/1890
f 1828/1915/1887 1826/1913/1885 1832/1919/1891
f 1832/1919/1891 1826/1913/1885 1829/1916/1888
f 1830/1917/1889 1828/1915/1887 1833/1920/1892
f 1829/1916/1888 1818/1905/1874 1834/1921/1893
f 1831/1918/1890 1830/1917/1889 1835/1922/1894
f 1835/1922/1894 1830/1917/1889 1833/1920/1892
f 1834/1921/1893 1818/1905/1874 1814/1901/1870
f 1833/1920/1892 1828/1915/1887 1836/1923/1895
f 1836/1923/1895 1828/1915/1887 1832/1919/1891
f 1833/1920/1892 1836/1923/1895 1837/1924/1896
f 1833/1920/1892 1837/1924/1896 1835/1922/1894
f 1834/1921/1893 1814/1901/1870 1838/1925/1897
f 1838/1925/1897 1814/1901/1870 1808/1895/1864
f 1834/1921/1893 1838/1925/1897 1839/1926/1898
f 1838/1925/1897 1808/1895/1864 1840/1927/1899
f 1838/1925/1897 1840/1927/1899 1839/1926/1898
f 1834/1921/1893 1839/1926/1898 1841/1928/1900
f 1834/1921/1893 1841/1928/1900 1829/1916/1888
f 1829/1916/1888 1841/1928/1900 1842/1929/1901
f 1829/1916/1888 1842/1929/1901 1832/1919/1891
f 1841/1928/1900 1839/1926/1898 1843/1930/1902
f 1832/1919/1891 1842/1929/1901 1844/1931/1903
f 1832/1919/1891 1844/1931/1903 1836/1923/1895
f 1842/1929/1901 1841/1928/1900 1845/1932/1904
f 1845/1932/1904 1841/1928/1900 1843/1930/1902
f 1844/1931/1903 1842/1929/1901 1846/1933/1905
f 1846/1933/1905 1842/1929/1901 1845/1932/1904
f 1836/1923/1895 1844/1931/1903 1847/1934/1906
f 1836/1923/1895 1847/1934/1906 1837/1924/1896
f 1844/1931/1903 1846/1933/1905 1848/1935/1907
f 1844/1931/1903 1848/1935/1907 1847/1934/1906
f 1846/1933/1905 1845/1932/1904 1849/1936/1908
f 1845/1932/1904 1843/1930/1902 1850/1937/1909
f 1845/1932/1904 1850/1937/1909 1849/1936/1908
f 1837/1924/1896 1847/1934/1906 1851/1938/1910
f 1851/1938/1910 1847/1934/1906 1848/1935/1907
f 1846/1933/1905 1849/1936/1908 1852/1939/1911
f 1846/1933/1905 1852/1939/1911 1848/1935/1907
f 1849/1936/1908 1850/1937/1909 1853/1940/1912
f 1848/1935/1907 1852/1939/1911 1854/1941/1913
f 1848/1935/1907 1854/1941/1913 1851/1938/1910
f 1852/1939/1911 1849/1936/1908 1855/1942/1914
f 1855/1942/1914 1849/1936/1908 1853/1940/1912
f 1854/1941/1913 1852/1939/1911 1856/1943/1915
f 1856/1943/1915 1852/1939/1911 1855/1942/1914
f 1851/1938/1910 1854/1941/1913 1857/1944/1916
f 1855/1942/1914 1853/1940/1912 1858/1945/1917
f 1859/1946/1918 1837/1924/1896 1851/1938/1910
f 1859/1946/1918 1851/1938/1910 1857/1944/1916
f 1857/1944/1916 1854/1941/1913 1860/1947/1919
f 1860/1947/1919 1854/1941/1913 1856/1943/1915
f 1856/1943/1915 1855/1942/1914 1861/1948/1920
f 1861/1948/1920 1855/1942/1914 1858/1945/1917
f 1860/1947/1919 1856/1943/1915 1862/1949/1921
f 1856/1943/1915 1861/1948/1920 1863/1950/1922
f 1856/1943/1915 1863/1950/1922 1862/1949/1921
f 1861/1948/1920 1858/1945/1917 1864/1951/1923
f 1861/1948/1920 1864/1951/1923 1863/1950/1922
f 1860/1947/1919 1862/1949/1921 1865/1952/1924
f 1866/1953/1925 1857/1944/1916 1860/1947/1919
f 1866/1953/1925 1860/1947/1919 1865/1952/1924
f 1857/1944/1916 1866/1953/1925 1867/1954/1926
f 1857/1944/1916 1867/1954/1926 1859/1946/1918
f 1866/1953/1925 1865/1952/1924 1868/1955/1927
f 1866/1953/1925 1868/1955/1927 1867/1954/1926
f 1868/1955/1927 1865/1952/1924 1869/1956/1928
f 1868/1955/1927 1869/1956/1928 1867/1954/1926
f 1870/1957/1929 1865/1952/1924 1862/1949/1921
f 1867/1954/1926 1869/1956/1928 1871/1958/1930
f 1859/1946/1918 1867/1954/1926 1872/1959/1931
f 1872/1959/1931 1867/1954/1926 1871/1958/1930
f 1859/1946/1918 1872/1959/1931 1873/1960/1932
f 1872/1959/1931 1871/1958/1930 1874/1961/1933
f 1874/1961/1933 1871/1958/1930 1869/1956/1928
f 1873/1960/1932 1872/1959/1931 1875/1962/1934
f 1875/1962/1934 1872/1959/1931 1874/1961/1933
f 1859/1946/1918 1873/1960/1932 1876/1963/1935
f 1876/1963/1935 1873/1960/1932 1875/1962/1934
f 1859/1946/1918 1876/1963/1935 1837/1924/1896
f 1837/1924/1896 1876/1963/1935 1835/1922/1894
f 1835/1922/1894 1876/1963/1935 1877/1964/1936
f 1876/1963/1935 1875/1962/1934 1878/1965/1937
f 1876/1963/1935 1878/1965/1937 1879/1966/1938
f 1876/1963/1935 1879/1966/1938 1877/1964/1936
f 1879/1966/1938 1878/1965/1937 1880/1967/1939
f 1880/1967/1939 1878/1965/1937 1875/1962/1934
f 1879/1966/1938 1880/1967/1939 1877/1964/1936
f 1835/1922/1894 1877/1964/1936 1881/1968/1940
f 1835/1922/1894 1881/1968/1940 1831/1918/1890
f 1831/1918/1890 1881/1968/1940 1825/1912/1884
f 1825/1912/1884 1881/1968/1940 1882/1969/1941
f 1882/1969/1941 1881/1968/1940 1877/1964/1936
f 1825/1912/1884 1882/1969/1941 1827/1914/1886
f 1882/1969/1941 1877/1964/1936 1883/1970/1942
f 1883/1970/1942 1877/1964/1936 1880/1967/1939
f 1827/1914/1886 1882/1969/1941 1884/1971/1943
f 1882/1969/1941 1883/1970/1942 1885/1972/1944
f 1882/1969/1941 1885/1972/1944 1884/1971/1943
f 1885/1972/1944 1883/1970/1942 1886/1973/1945
f 1883/1970/1942 1880/1967/1939 1887/1974/1946
f 1883/1970/1942 1887/1974/1946 1886/1973/1945
f 1885/1972/1944 1886/1973/1945 1888/1975/1947
f 1888/1975/1947 1886/1973/1945 1887/1974/1946
f 1885/1972/1944 1888/1975/1947 1889/1976/1948
f 1885/1972/1944 1889/1976/1948 1884/1971/1943
f 1889/1976/1948 1888/1975/1947 1890/1977/1949
f 1888/1975/1947 1887/1974/1946 1891/1978/1950
f 1888/1975/1947 1891/1978/1950 1890/1977/1949
f 1892/1979/1951 1887/1974/1946 1880/1967/1939
f 1887/1974/1946 1892/1979/1951 1891/1978/1950
f 1892/1979/1951 1880/1967/1939 1893/1980/1952
f 1893/1980/1952 1880/1967/1939 1875/1962/1934
f 1893/1980/1952 1875/1962/1934 1894/1981/1953
f 1894/1981/1953 1875/1962/1934 1874/1961/1933
f 1892/1979/1951 1893/1980/1952 1895/1982/1954
f 1895/1982/1954 1893/1980/1952 1894/1981/1953
f 1891/1978/1950 1892/1979/1951 1896/1983/1955
f 1895/1982/1954 1894/1981/1953 1897/1984/1956
f 1892/1979/1951 1895/1982/1954 1898/1985/1957
f 1892/1979/1951 1898/1985/1957 1896/1983/1955
f 1898/1985/1957 1895/1982/1954 1899/1986/1958
f 1899/1986/1958 1895/1982/1954 1897/1984/1956
f 1900/1987/1959 1894/1981/1953 1874/1961/1933
f 1894/1981/1953 1900/1987/1959 1897/1984/1956
f 1900/1987/1959 1874/1961/1933 1901/1988/1960
f 1901/1988/1960 1874/1961/1933 1869/1956/1928
f 1897/1984/1956 1900/1987/1959 1902/1989/1961
f 1900/1987/1959 1901/1988/1960 1903/1990/1962
f 1900/1987/1959 1903/1990/1962 1902/1989/1961
f 1903/1990/1962 1901/1988/1960 1904/1991/1963
f 1904/1991/1963 1901/1988/1960 1869/1956/1928
f 1902/1989/1961 1903/1990/1962 1905/1992/1964
f 1897/1984/1956 1902/1989/1961 1906/1993/1965
f 1906/1993/1965 1902/1989/1961 1905/1992/1964
f 1897/1984/1956 1906/1993/1965 1907/1994/1966
f 1897/1984/1956 1907/1994/1966 1899/1986/1958
f 1903/1990/1962 1904/1991/1963 1908/1995/1967
f 1903/1990/1962 1908/1995/1967 1905/1992/1964
f 1904/1991/1963 1869/1956/1928 1909/1996/1968
f 1908/1995/1967 1904/1991/1963 1910/1997/1969
f 1910/1997/1969 1904/1991/1963 1909/1996/1968
f 1909/1996/1968 1869/1956/1928 1911/1998/1970
f 1911/1998/1970 1869/1956/1928 1865/1952/1924
f 1910/1997/1969 1909/1996/1968 1912/1999/1971
f 1912/1999/1971 1909/1996/1968 1911/1998/1970
f 1911/1998/1970 1865/1952/1924 1870/1957/1929
f 1912/1999/1971 1911/1998/1970 1913/2000/1972
f 1911/1998/1970 1870/1957/1929 1914/2001/1973
f 1911/1998/1970 1914/2001/1973 1913/2000/1972
f 1912/1999/1971 1913/2000/1972 1915/2002/1974
f 1915/2002/1974 1913/2000/1972 1914/2001/1973
f 1910/1997/1969 1912/1999/1971 1916/2003/1975
f 1916/2003/1975 1912/1999/1971 1915/2002/1974
f 1910/1997/1969 1916/2003/1975 1917/2004/1976
f 1910/1997/1969 1917/2004/1976 1908/1995/1967
f 1916/2003/1975 1915/2002/1974 1918/2005/1977
f 1908/1995/1967 1917/2004/1976 1919/2006/1978
f 1908/1995/1967 1919/2006/1978 1905/1992/1964
f 1917/2004/1976 1916/2003/1975 1920/2007/1979
f 1920/2007/1979 1916/2003/1975 1918/2005/1977
f 1919/2006/1978 1917/2004/1976 1921/2008/1980
f 1921/2008/1981 1917/2004/1981 1920/2007/1981
f 1905/1992/1964 1919/2006/1978 1922/2009/1982
f 1905/1992/1964 1922/2009/1982 1906/1993/1965
f 1919/2006/1978 1921/2008/1980 1923/2010/1983
f 1923/2010/1983 1921/2008/1980 1920/2007/1979
f 1922/2009/1982 1919/2006/1978 1924/2011/1984
f 1922/2009/1982 1924/2011/1984 1906/1993/1965
f 1919/2006/1978 1923/2010/1983 1925/2012/1985
f 1919/2006/1978 1925/2012/1985 1924/2011/1984
f 1923/2010/1983 1920/2007/1979 1926/2013/1986
f 1923/2010/1983 1926/2013/1986 1927/2014/1987
f 1923/2010/1983 1927/2014/1987 1925/2012/1985
f 1906/1993/1965 1924/2011/1984 1928/2015/1988
f 1924/2011/1984 1925/2012/1985 1929/2016/1989
f 1924/2011/1984 1929/2016/1989 1928/2015/1988
f 1929/2016/1990 1925/2012/1990 1930/2017/1990
f 1929/2016/1991 1930/2017/1991 1928/2015/1991
f 1925/2012/1985 1927/2014/1987 1931/2018/1992
f 1931/2018/1992 1927/2014/1987 1926/2013/1986
f 1925/2012/1985 1931/2018/1992 1932/2019/1993
f 1925/2012/1985 1932/2019/1993 1930/2017/1994
f 1932/2019/1993 1931/2018/1992 1933/2020/1995
f 1930/2017/1994 1932/2019/1993 1934/2021/1996
f 1934/2021/1996 1932/2019/1993 1933/2020/1995
f 1935/2022/1997 1928/2015/1998 1930/2017/1999
f 1935/2022/2000 1930/2017/1994 1936/2023/2001
f 1936/2023/2001 1930/2017/1994 1934/2021/1996
f 1928/2015/1998 1935/2022/1997 1937/2024/2002
f 1937/2024/2002 1935/2022/1997 1936/2023/2001
f 1936/2023/2001 1934/2021/1996 1938/2025/2003
f 1928/2015/1998 1937/2024/2002 1939/2026/2004
f 1928/2015/1998 1939/2026/2004 1940/2027/2005
f 1928/2015/2006 1940/2027/2006 1906/1993/2006
f 1906/1993/1965 1940/2027/2005 1907/1994/1966
f 1907/1994/1966 1940/2027/2005 1899/1986/1958
f 1940/2027/2005 1939/2026/2004 1941/2028/2007
f 1940/2027/2005 1941/2028/2007 1899/1986/1958
f 1941/2028/2007 1939/2026/2004 1937/2024/2002
f 1941/2028/2007 1937/2024/2002 1942/2029/2008
f 1943/2030/2009 1937/2024/2002 1936/2023/2001
f 1943/2030/2009 1936/2023/2001 1938/2025/2003
f 1942/2029/2008 1937/2024/2002 1944/2031/2010
f 1944/2031/2010 1937/2024/2002 1943/2030/2009
f 1941/2028/2007 1942/2029/2008 1945/2032/2011
f 1945/2032/2011 1942/2029/2008 1944/2031/2010
f 1946/2033/2012 1899/1986/1958 1941/2028/2007
f 1946/2033/2012 1941/2028/2007 1945/2032/2011
f 1899/1986/1958 1946/2033/2012 1898/1985/1957
f 1945/2032/2011 1944/2031/2010 1947/2034/2013
f 1898/1985/1957 1946/2033/2012 1948/2035/2014
f 1898/1985/1957 1948/2035/2014 1896/1983/1955
f 1946/2033/2012 1945/2032/2011 1949/2036/2015
f 1946/2033/2012 1949/2036/2015 1948/2035/2014
f 1945/2032/2011 1947/2034/2013 1950/2037/2016
f 1945/2032/2011 1950/2037/2016 1949/2036/2015
f 1947/2034/2017 1944/2031/2017 1951/2038/2017
f 1947/2034/2013 1951/2038/2018 1950/2037/2016
f 1951/2038/2019 1944/2031/2020 1952/2039/2021
f 1952/2039/2021 1944/2031/2020 1943/2030/2022
f 1952/2039/2023 1943/2030/2009 1938/2025/2003
f 1953/2040/2024 1948/2035/2014 1949/2036/2015
f 1948/2035/2014 1953/2040/2024 1896/1983/1955
f 1953/2040/2024 1949/2036/2015 1954/2041/2025
f 1954/2041/2025 1949/2036/2015 1950/2037/2016
f 1954/2041/2025 1950/2037/2016 1955/2042/2026
f 1953/2040/2024 1954/2041/2025 1956/2043/2027
f 1955/2042/2026 1950/2037/2016 1957/2044/2028
f 1954/2041/2025 1955/2042/2026 1958/2045/2029
f 1954/2041/2025 1958/2045/2029 1956/2043/2027
f 1958/2045/2029 1955/2042/2026 1957/2044/2028
f 1953/2040/2024 1956/2043/2027 1959/2046/2030
f 1953/2040/2024 1959/2046/2030 1896/1983/1955
f 1956/2043/2027 1958/2045/2029 1960/2047/2031
f 1959/2046/2030 1956/2043/2027 1961/2048/2032
f 1961/2048/2032 1956/2043/2027 1960/2047/2031
f 1959/2046/2030 1961/2048/2032 1962/2049/2033
f 1896/1983/1955 1959/2046/2030 1963/2050/2034
f 1963/2050/2034 1959/2046/2030 1962/2049/2033
f 1896/1983/1955 1963/2050/2034 1964/2051/2035
f 1896/1983/1955 1964/2051/2035 1891/1978/1950
f 1891/1978/1950 1964/2051/2035 1890/1977/1949
f 1964/2051/2035 1963/2050/2034 1965/2052/2036
f 1890/1977/1949 1964/2051/2035 1966/2053/2037
f 1966/2053/2037 1964/2051/2035 1965/2052/2036
f 1965/2052/2036 1963/2050/2034 1967/2054/2038
f 1967/2054/2038 1963/2050/2034 1962/2049/2033
f 1966/2053/2037 1965/2052/2036 1968/2055/2039
f 1890/1977/1949 1966/2053/2037 1969/2056/2040
f 1969/2056/2040 1966/2053/2037 1968/2055/2039
f 1968/2055/2039 1965/2052/2036 1970/2057/2041
f 1970/2057/2041 1965/2052/2036 1967/2054/2038
f 1969/2056/2040 1968/2055/2039 1971/2058/2042
f 1890/1977/1949 1969/2056/2040 1972/2059/2043
f 1890/1977/1949 1972/2059/2043 1889/1976/1948
f 1972/2059/2043 1969/2056/2040 1973/2060/2044
f 1973/2060/2044 1969/2056/2040 1971/2058/2042
f 1889/1976/1948 1972/2059/2043 1974/2061/2045
f 1972/2059/2043 1973/2060/2044 1975/2062/2046
f 1972/2059/2043 1975/2062/2046 1974/2061/2045
f 1889/1976/1948 1974/2061/2045 1884/1971/1943
f 1975/2062/2046 1973/2060/2044 1976/2063/2047
f 1975/2062/2046 1976/2063/2047 1974/2061/2045
f 1884/1971/1943 1974/2061/2045 1977/2064/2048
f 1977/2064/2048 1974/2061/2045 1976/2063/2047
f 1884/1971/1943 1977/2064/2048 1978/2065/2049
f 1884/1971/1943 1978/2065/2049 1827/1914/1886
f 1977/2064/2048 1976/2063/2047 1979/2066/2050
f 1976/2063/2047 1973/2060/2044 1980/2067/2051
f 1976/2063/2047 1980/2067/2051 1979/2066/2050
f 1980/2067/2051 1973/2060/2044 1971/2058/2042
f 1977/2064/2048 1979/2066/2050 1981/2068/2052
f 1977/2064/2048 1981/2068/2052 1978/2065/2049
f 1827/1914/1886 1978/2065/2049 1982/2069/2053
f 1827/1914/1886 1982/2069/2053 1821/1908/1880
f 1978/2065/2049 1981/2068/2052 1983/2064/2054
f 1978/2065/2049 1983/2064/2054 1984/2070/2055
f 1978/2065/2049 1984/2070/2055 1982/2069/2053
f 1984/2070/2055 1983/2064/2054 1981/2068/2052
f 1982/2069/2053 1984/2070/2055 1985/2071/2056
f 1982/2069/2053 1985/2071/2056 1821/1908/1880
f 1985/2071/2056 1984/2070/2055 1986/2072/2057
f 1986/2072/2057 1984/2070/2055 1981/2068/2052
f 1821/1908/1880 1985/2071/2056 1987/2073/2058
f 1987/2073/2058 1985/2071/2056 1986/2072/2057
f 1821/1908/1879 1987/2073/2059 1812/1899/1877
f 1812/1899/1868 1987/2073/2058 1988/2074/2060
f 1812/1899/1868 1988/2074/2060 1810/1897/1866
f 1810/1897/1866 1988/2074/2060 1809/1896/1865
f 1988/2074/2060 1987/2073/2058 1989/2075/2061
f 1989/2075/2061 1987/2073/2058 1986/2072/2057
f 1809/1896/1865 1988/2074/2060 1990/2076/2062
f 1990/2076/2062 1988/2074/2060 1989/2075/2061
f 1989/2075/2061 1986/2072/2057 1991/2077/2063
f 1991/2077/2063 1986/2072/2057 1981/2068/2052
f 1990/2076/2062 1989/2075/2061 1992/2078/2064
f 1992/2078/2064 1989/2075/2061 1991/2077/2063
f 1809/1896/1865 1990/2076/2062 1993/2079/2065
f 1993/2079/2065 1990/2076/2062 1994/2080/2066
f 1994/2080/2066 1990/2076/2062 1992/2078/2064
f 1809/1896/2067 1993/2079/2067 1995/2081/2067
f 1809/1896/1865 1995/2081/2068 1805/1892/1861
f 1993/2079/2069 1994/2080/2069 1996/2082/2069
f 1993/2079/2070 1996/2082/2070 1995/2081/2070
f 1994/2080/2066 1992/2078/2064 1997/2083/2071
f 1994/2080/2072 1997/2083/2072 1996/2082/2072
f 1805/1892/1861 1995/2081/2068 1998/2084/2073
f 1805/1892/1861 1998/2084/2073 1795/1882/1850
f 1995/2081/2068 1996/2082/2074 1999/2085/2075
f 1995/2081/2068 1999/2085/2075 1998/2084/2073
f 1795/1882/1850 1998/2084/2073 2000/2086/2076
f 2000/2086/2076 1998/2084/2073 1999/2085/2075
f 1795/1882/1850 2000/2086/2076 1791/1878/1846
f 1791/1878/1846 2000/2086/2076 2001/2087/2077
f 1791/1878/1846 2001/2087/2077 1790/1877/1845
f 2001/2087/2077 2000/2086/2076 2002/2088/2078
f 2001/2087/2077 2002/2088/2078 1790/1877/1845
f 2002/2088/2078 2000/2086/2076 1999/2085/2075
f 1790/1877/1845 2002/2088/2078 2003/2089/2079
f 1790/1877/1845 2003/2089/2079 2004/2090/2080
f 1790/1877/1845 2004/2090/2080 1787/1874/1842
f 2003/2089/2079 2002/2088/2078 2005/2091/2081
f 2003/2089/2079 2005/2091/2081 2004/2090/2080
f 1787/1874/1842 2004/2090/2080 1786/1872/1841
f 1786/1872/1841 2004/2090/2080 2006/2092/2082
f 2006/2092/2082 2004/2090/2080 2005/2091/2081
f 1786/1872/1841 2006/2092/2082 2007/2093/2083
f 2006/2092/2082 2005/2091/2081 2008/2094/2084
f 2006/2092/2085 2008/2094/2085 2007/2093/2085
f 1786/1872/1841 2007/2093/2083 2009/2095/2086
f 1786/1872/1841 2009/2095/2086 1180/1873/1214
f 1180/1873/1214 2009/2095/2086 1181/2096/1215
f 1181/2096/1215 2009/2095/2086 2010/2097/2087
f 2010/2097/2087 2009/2095/2086 2007/2093/2083
f 1181/2096/1215 2010/2097/2087 1183/2098/1217
f 2007/2093/2083 2008/2094/2084 2011/2099/2088
f 2007/2093/2083 2011/2099/2088 2010/2097/2087
f 1183/2098/1217 2010/2097/2087 2012/2100/2089
f 2012/2100/2089 2010/2097/2087 2011/2099/2088
f 1183/2098/1217 2012/2100/2089 1188/2101/1222
f 1188/2101/1222 2012/2100/2089 1240/2102/1274
f 2012/2100/2089 2011/2099/2088 2013/2103/2090
f 2012/2100/2089 2013/2103/2090 1240/2102/1274
f 2014/2104/2091 2011/2099/2088 2008/2094/2084
f 2011/2099/2088 2014/2104/2091 2013/2103/2090
f 1240/2102/1274 2013/2103/2090 2015/2105/2092
f 2015/2105/2092 2013/2103/2090 2014/2104/2091
f 1240/2102/1274 2015/2105/2092 1243/2106/1277
f 2014/2104/2091 2008/2094/2084 2016/2107/2093
f 2016/2107/2093 2008/2094/2084 2005/2091/2081
f 2015/2105/2092 2014/2104/2091 2017/2108/2094
f 1243/2106/1277 2015/2105/2092 2018/2109/2095
f 2018/2109/2095 2015/2105/2092 2017/2108/2094
f 1243/2106/1277 2018/2109/2095 1248/2110/1283
f 1248/2110/1283 2018/2109/2095 1260/2111/1295
f 1260/2111/1295 2018/2109/2095 2019/2112/2096
f 2019/2112/2096 2018/2109/2095 2017/2108/2094
f 1260/2111/1295 2019/2112/2096 1264/2113/1299
f 2020/2114/2097 2017/2108/2094 2014/2104/2091
f 2020/2114/2097 2014/2104/2091 2016/2107/2093
f 2019/2112/2096 2017/2108/2094 2021/2115/2098
f 2021/2115/2098 2017/2108/2094 2020/2114/2097
f 1264/2113/1299 2019/2112/2096 2022/2116/2099
f 2022/2116/2099 2019/2112/2096 2021/2115/2098
f 1264/2113/1299 2022/2116/2099 2023/2117/2100
f 2022/2116/2099 2021/2115/2098 2024/2118/2101
f 1264/2113/1299 2023/2117/2100 2025/2119/2102
f 1264/2113/1299 2025/2119/2102 1266/2120/1301
f 2023/2117/2100 2022/2116/2099 2026/2121/2103
f 2026/2121/2103 2022/2116/2099 2024/2118/2101
f 2025/2119/2104 2023/2117/2104 2027/2122/2104
f 2025/2119/2102 2027/2122/2105 1266/2120/1301
f 1266/2120/1301 2027/2122/2105 1269/2123/1304
f 2028/2124/2106 2021/2115/2098 2020/2114/2097
f 2021/2115/2098 2028/2124/2106 2024/2118/2101
f 2028/2124/2106 2020/2114/2097 2029/2125/2107
f 2029/2125/2107 2020/2114/2097 2016/2107/2093
f 2024/2118/2101 2028/2124/2106 2030/2126/2108
f 2029/2125/2107 2016/2107/2093 2031/2127/2109
f 2031/2127/2109 2016/2107/2093 2005/2091/2081
f 2031/2127/2109 2005/2091/2081 2002/2088/2078
f 2028/2124/2106 2029/2125/2107 2032/2128/2110
f 2028/2124/2106 2032/2128/2110 2030/2126/2108
f 2029/2125/2107 2031/2127/2109 2033/2129/2111
f 2029/2125/2107 2033/2129/2111 2032/2128/2110
f 2031/2127/2109 2002/2088/2078 2034/2130/2112
f 2031/2127/2113 2034/2130/2114 2033/2129/2115
f 2034/2130/2112 2002/2088/2078 1999/2085/2075
f 2032/2128/2110 2033/2129/2111 2035/2131/2116
f 2034/2130/2112 1999/2085/2075 2036/2132/2117
f 2034/2130/2114 2036/2132/2118 2033/2129/2115
f 2036/2132/2117 1999/2085/2075 2037/2133/2119
f 2037/2133/2119 1999/2085/2075 1996/2082/2074
f 2032/2128/2110 2035/2131/2116 2038/2134/2120
f 2032/2128/2110 2038/2134/2121 2030/2126/2108
f 2035/2131/2116 2033/2129/2111 2039/2135/2122
f 2039/2135/2122 2033/2129/2111 2036/2132/2117
f 2035/2131/2116 2039/2135/2122 2038/2134/2121
f 2037/2133/2119 1996/2082/2074 2040/2136/2123
f 2040/2136/2123 1996/2082/2074 1997/2083/2071
f 2041/2137/2124 2036/2132/2117 2037/2133/2119
f 2036/2132/2117 2041/2137/2124 2039/2135/2122
f 2037/2133/2119 2040/2136/2123 2042/2138/2125
f 2037/2133/2119 2042/2138/2125 2041/2137/2124
f 2040/2136/2123 1997/2083/2071 2043/2139/2126
f 2040/2136/2123 2043/2139/2126 2042/2138/2125
f 2044/2140/2127 2038/2134/2121 2039/2135/2122
f 2044/2140/2127 2039/2135/2122 2041/2137/2124
f 2041/2137/2124 2042/2138/2125 2045/2141/2128
f 2041/2137/2124 2045/2141/2128 2044/2140/2127
f 2042/2138/2125 2043/2139/2126 2046/2142/2129
f 2042/2138/2125 2046/2142/2129 2045/2141/2128
f 2046/2142/2129 2043/2139/2126 2047/2143/2130
f 2044/2140/2127 2045/2141/2128 2048/2144/2131
f 2048/2144/2131 2045/2141/2128 2046/2142/2129
f 2049/2145/2132 2038/2134/2121 2044/2140/2127
f 2049/2145/2132 2044/2140/2127 2048/2144/2131
f 2038/2134/2121 2049/2145/2132 2050/2146/2133
f 2038/2134/2121 2050/2146/2133 2030/2126/2108
f 2049/2145/2132 2048/2144/2131 2051/2147/2134
f 2048/2144/2131 2046/2142/2129 2052/2148/2135
f 2052/2148/2135 2046/2142/2129 2047/2143/2130
f 2048/2144/2131 2052/2148/2135 2053/2149/2136
f 2048/2144/2131 2053/2149/2136 2054/2150/2137
f 2048/2144/2131 2054/2150/2137 2051/2147/2134
f 2053/2149/2136 2052/2148/2135 2055/2151/2138
f 2055/2151/2138 2052/2148/2135 2047/2143/2130
f 2054/2150/2137 2053/2149/2136 2056/2152/2139
f 2056/2152/2139 2053/2149/2136 2055/2151/2138
f 2055/2151/2138 2047/2143/2130 2057/2153/2140
f 2056/2152/2139 2055/2151/2138 2058/2154/2141
f 2058/2154/2141 2055/2151/2138 2057/2153/2140
f 2056/2152/2139 2058/2154/2141 2059/2152/2142
f 2054/2150/2137 2056/2152/2139 2060/2155/2143
f 2060/2155/2143 2056/2152/2139 2059/2152/2142
f 2059/2152/2142 2058/2154/2141 2061/2156/2144
f 2059/2152/2142 2061/2156/2144 2060/2155/2143
f 2058/2154/2141 2057/2153/2140 2062/2157/2145
f 2058/2154/2141 2062/2157/2145 2061/2156/2144
f 2063/2158/2146 2057/2153/2140 2047/2143/2130
f 2063/2158/2146 2047/2143/2130 2064/2159/2147
f 2064/2159/2147 2047/2143/2130 2043/2139/2126
f 2064/2159/2147 2043/2139/2126 1997/2083/2071
f 2064/2159/2147 1997/2083/2071 2065/2160/2148
f 2065/2160/2148 1997/2083/2071 1992/2078/2064
f 2063/2158/2146 2064/2159/2147 2066/2161/2149
f 2066/2161/2149 2064/2159/2147 2065/2160/2148
f 2067/2162/2150 2057/2153/2140 2063/2158/2146
f 2067/2162/2150 2063/2158/2146 2066/2161/2149
f 2057/2153/2140 2067/2162/2150 2068/2163/2151
f 2057/2153/2140 2068/2163/2151 2062/2157/2145
f 2065/2160/2148 1992/2078/2064 2069/2164/2152
f 2069/2164/2152 1992/2078/2064 1991/2077/2063
f 2065/2160/2148 2069/2164/2152 2070/2165/2153
f 2065/2160/2148 2070/2165/2153 2066/2161/2149
f 2069/2164/2152 1991/2077/2063 2071/2166/2154
f 2069/2164/2152 2071/2166/2154 2070/2165/2153
f 2071/2166/2154 1991/2077/2063 1981/2068/2052
f 2066/2161/2149 2070/2165/2153 2072/2167/2155
f 2071/2166/2154 1981/2068/2052 2073/2168/2156
f 2071/2166/2154 2073/2168/2156 2070/2165/2153
f 2070/2165/2153 2073/2168/2156 2072/2167/2155
f 2073/2168/2156 1981/2068/2052 1979/2066/2050
f 2072/2167/2155 2073/2168/2156 2074/2169/2157
f 2072/2167/2155 2074/2169/2157 2066/2161/2149
f 2074/2169/2157 2073/2168/2156 1979/2066/2050
f 2066/2161/2149 2074/2169/2157 2075/2170/2158
f 2066/2161/2149 2075/2170/2158 2067/2162/2150
f 2067/2162/2150 2075/2170/2158 2068/2163/2151
f 2074/2169/2157 1979/2066/2050 2076/2171/2159
f 2076/2171/2159 1979/2066/2050 1980/2067/2051
f 2075/2170/2158 2074/2169/2157 2077/2172/2160
f 2077/2172/2160 2074/2169/2157 2076/2171/2159
f 2068/2163/2151 2075/2170/2158 2078/2173/2161
f 2078/2173/2161 2075/2170/2158 2077/2172/2160
f 2076/2171/2159 1980/2067/2051 2079/2174/2162
f 2079/2174/2162 1980/2067/2051 1971/2058/2042
f 2077/2172/2160 2076/2171/2159 2080/2175/2163
f 2080/2175/2163 2076/2171/2159 2079/2174/2162
f 2068/2163/2151 2078/2173/2161 2081/2176/2164
f 2068/2163/2151 2081/2176/2164 2062/2157/2145
f 2078/2173/2161 2077/2172/2160 2082/2177/2165
f 2078/2173/2161 2082/2177/2165 2081/2176/2164
f 2077/2172/2160 2080/2175/2163 2083/2178/2166
f 2077/2172/2160 2083/2178/2166 2082/2177/2165
f 2080/2175/2163 2079/2174/2162 2084/2179/2167
f 2080/2175/2163 2084/2179/2167 2083/2178/2166
f 2084/2179/2167 2079/2174/2162 1971/2058/2042
f 2082/2177/2165 2083/2178/2166 2085/2180/2168
f 2085/2180/2168 2083/2178/2166 2084/2179/2167
f 2086/2181/2169 2081/2176/2169 2082/2177/2169
f 2086/2181/2170 2082/2177/2165 2085/2180/2168
f 2084/2179/2167 1971/2058/2042 2087/2182/2171
f 2084/2179/2167 2087/2182/2171 2085/2180/2168
f 2087/2182/2171 1971/2058/2042 1968/2055/2039
f 2087/2182/2171 1968/2055/2039 1970/2057/2041
f 2085/2180/2168 2087/2182/2171 2088/2183/2172
f 2085/2180/2168 2088/2183/2172 2086/2181/2170
f 2089/2184/2173 2081/2176/2164 2086/2181/2170
f 2081/2176/2164 2089/2184/2173 2062/2157/2145
f 2086/2181/2170 2088/2183/2172 2090/2185/2174
f 2062/2157/2145 2089/2184/2173 2091/2186/2175
f 2062/2157/2145 2091/2186/2175 2061/2156/2144
f 2089/2184/2173 2086/2181/2170 2092/2187/2176
f 2089/2184/2173 2092/2187/2176 2091/2186/2175
f 2092/2187/2176 2086/2181/2170 2090/2185/2174
f 2061/2156/2144 2091/2186/2175 2093/2188/2177
f 2091/2186/2175 2092/2187/2176 2094/2189/2178
f 2091/2186/2175 2094/2189/2178 2093/2188/2177
f 2094/2189/2178 2092/2187/2176 2095/2190/2179
f 2095/2190/2179 2092/2187/2176 2090/2185/2174
f 2061/2156/2144 2093/2188/2177 2096/2191/2180
f 2061/2156/2144 2096/2191/2180 2060/2155/2143
f 2096/2191/2180 2093/2188/2177 2097/2192/2181
f 2093/2188/2177 2094/2189/2178 2098/2193/2182
f 2093/2188/2177 2098/2193/2182 2097/2192/2181
f 2094/2189/2178 2095/2190/2179 2099/2194/2183
f 2094/2189/2178 2099/2194/2183 2098/2193/2182
f 2060/2155/2143 2096/2191/2180 2100/2195/2184
f 2100/2195/2184 2096/2191/2180 2097/2192/2181
f 2060/2155/2143 2100/2195/2184 2101/2196/2185
f 2100/2195/2184 2097/2192/2181 2102/2197/2186
f 2100/2195/2184 2102/2197/2186 2101/2196/2185
f 2060/2155/2143 2101/2196/2185 2103/2198/2187
f 2060/2155/2143 2103/2198/2187 2054/2150/2137
f 2054/2150/2137 2103/2198/2187 2051/2147/2134
f 2103/2198/2187 2101/2196/2185 2104/2199/2188
f 2103/2198/2187 2104/2199/2188 2051/2147/2134
f 2104/2199/2188 2101/2196/2185 2102/2197/2186
f 2051/2147/2134 2104/2199/2188 2105/2200/2189
f 2104/2199/2188 2102/2197/2186 2106/2201/2190
f 2104/2199/2188 2106/2201/2190 2105/2200/2189
f 2106/2201/2190 2102/2197/2186 2107/2202/2191
f 2106/2201/2190 2107/2202/2191 2108/2203/2192
f 2106/2201/2190 2108/2203/2192 2105/2200/2189
f 2107/2202/2191 2102/2197/2186 2109/2204/2193
f 2108/2203/2192 2107/2202/2191 2110/2205/2194
f 2110/2205/2194 2107/2202/2191 2109/2204/2193
f 2109/2204/2193 2102/2197/2186 2111/2206/2195
f 2111/2206/2195 2102/2197/2186 2097/2192/2181
f 2109/2204/2193 2111/2206/2195 2112/2207/2196
f 2109/2204/2193 2112/2207/2196 2110/2205/2194
f 2111/2206/2195 2097/2192/2181 2113/2208/2197
f 2111/2206/2195 2113/2208/2197 2112/2207/2196
f 2113/2208/2197 2097/2192/2181 2098/2193/2182
f 2113/2208/2197 2098/2193/2182 2114/2209/2198
f 2114/2209/2198 2098/2193/2182 2099/2194/2183
f 2112/2207/2196 2113/2208/2197 2115/2210/2199
f 2115/2210/2199 2113/2208/2197 2114/2209/2198
f 2114/2209/2198 2099/2194/2183 2116/2211/2200
f 2115/2210/2199 2114/2209/2198 2117/2212/2201
f 2117/2212/2201 2114/2209/2198 2116/2211/2200
f 2116/2211/2200 2099/2194/2183 2118/2213/2202
f 2118/2213/2202 2099/2194/2183 2095/2190/2179
f 2116/2211/2200 2118/2213/2202 2119/2214/2203
f 2118/2213/2202 2095/2190/2179 2120/2215/2204
f 2120/2215/2204 2095/2190/2179 2090/2185/2174
f 2118/2213/2202 2120/2215/2204 2121/2216/2205
f 2118/2213/2202 2121/2216/2205 2119/2214/2203
f 2120/2215/2204 2090/2185/2174 2122/2217/2206
f 2123/2218/2207 2117/2212/2201 2116/2211/2200
f 2123/2218/2207 2116/2211/2200 2119/2214/2203
f 2121/2216/2205 2120/2215/2204 2124/2219/2208
f 2124/2219/2208 2120/2215/2204 2122/2217/2206
f 2122/2217/2206 2090/2185/2174 2125/2220/2209
f 2125/2220/2209 2090/2185/2174 2088/2183/2172
f 2124/2219/2208 2122/2217/2206 2126/2221/2210
f 2125/2220/2209 2088/2183/2172 2127/2222/2211
f 2122/2217/2206 2125/2220/2209 2128/2223/2212
f 2122/2217/2206 2128/2223/2212 2126/2221/2210
f 2128/2223/2212 2125/2220/2209 2127/2222/2211
f 2127/2222/2211 2088/2183/2172 2087/2182/2171
f 2127/2222/2211 2087/2182/2171 2129/2224/2213
f 2129/2224/2213 2087/2182/2171 1970/2057/2041
f 2128/2223/2212 2127/2222/2211 2130/2225/2214
f 2130/2225/2214 2127/2222/2211 2129/2224/2213
f 2129/2224/2213 1970/2057/2041 2131/2226/2215
f 2131/2226/2215 1970/2057/2041 1967/2054/2038
f 2130/2225/2214 2129/2224/2213 2132/2227/2216
f 2132/2227/2216 2129/2224/2213 2131/2226/2215
f 2131/2226/2215 1967/2054/2038 2133/2228/2217
f 2131/2226/2215 2133/2228/2217 2132/2227/2216
f 2133/2228/2217 1967/2054/2038 1962/2049/2033
f 2134/2229/2218 2128/2223/2212 2130/2225/2214
f 2128/2223/2212 2134/2229/2218 2126/2221/2210
f 2130/2225/2214 2132/2227/2216 2135/2230/2219
f 2130/2225/2214 2135/2230/2219 2134/2229/2218
f 2132/2227/2216 2133/2228/2217 2136/2231/2220
f 2132/2227/2216 2136/2231/2220 2135/2230/2219
f 2133/2228/2217 1962/2049/2033 2137/2232/2221
f 2133/2228/2217 2137/2232/2221 2136/2231/2220
f 2137/2232/2221 1962/2049/2033 1961/2048/2032
f 2135/2230/2219 2136/2231/2220 2138/2233/2222
f 2137/2232/2221 1961/2048/2032 2139/2234/2223
f 2136/2231/2220 2137/2232/2221 2140/2235/2224
f 2140/2235/2224 2137/2232/2221 2139/2234/2223
f 2136/2231/2220 2140/2235/2224 2138/2233/2222
f 2139/2234/2223 1961/2048/2032 1960/2047/2031
f 2140/2235/2224 2139/2234/2223 2141/2236/2225
f 2141/2236/2225 2139/2234/2223 1960/2047/2031
f 2140/2235/2224 2141/2236/2225 2142/2237/2226
f 2140/2235/2224 2142/2237/2226 2138/2233/2222
f 2141/2236/2225 1960/2047/2031 2143/2238/2227
f 2142/2237/2226 2141/2236/2225 2144/2239/2228
f 2144/2239/2228 2141/2236/2225 2143/2238/2227
f 2143/2238/2227 1960/2047/2031 2145/2240/2229
f 2145/2240/2229 1960/2047/2031 1958/2045/2029
f 2145/2240/2229 1958/2045/2029 1957/2044/2028
f 2143/2238/2227 2145/2240/2229 2146/2241/2230
f 2144/2239/2228 2143/2238/2227 2147/2242/2231
f 2147/2242/2231 2143/2238/2227 2146/2241/2230
f 2145/2240/2229 1957/2044/2028 2148/2243/2232
f 2145/2240/2229 2148/2243/2232 2146/2241/2230
f 2148/2243/2232 1957/2044/2028 2149/2244/2233
f 2147/2242/2231 2146/2241/2230 2150/2245/2234
f 2144/2239/2228 2147/2242/2231 2151/2246/2235
f 2146/2241/2230 2148/2243/2232 2152/2247/2236
f 2146/2241/2230 2152/2247/2236 2153/2248/2237
f 2146/2241/2230 2153/2248/2237 2150/2245/2234
f 2152/2247/2236 2148/2243/2232 2154/2249/2238
f 2154/2249/2238 2148/2243/2232 2149/2244/2233
f 2153/2248/2237 2152/2247/2236 2155/2250/2239
f 2155/2250/2239 2152/2247/2236 2154/2249/2238
f 2156/2251/2240 2149/2244/2233 1957/2044/2028
f 2156/2251/2240 1957/2044/2028 1950/2037/2016
f 2156/2251/2240 1950/2037/2016 1951/2038/2018
f 2156/2251/2240 1951/2038/2018 2157/2252/2241
f 2156/2251/2240 2157/2252/2241 2149/2244/2233
f 2157/2252/2241 1951/2038/2018 1952/2039/2023
f 2158/2253/2242 2154/2249/2238 2149/2244/2233
f 2158/2253/2242 2149/2244/2233 2157/2252/2241
f 2157/2252/2241 1952/2039/2023 2159/2254/2243
f 2154/2249/2238 2158/2253/2242 2160/2255/2244
f 2154/2249/2238 2160/2255/2244 2155/2250/2239
f 2159/2254/2243 1952/2039/2023 1938/2025/2003
f 2158/2253/2242 2157/2252/2241 2161/2256/2245
f 2161/2256/2245 2157/2252/2241 2159/2254/2243
f 2160/2255/2244 2158/2253/2242 2162/2257/2246
f 2162/2257/2246 2158/2253/2242 2161/2256/2245
f 2155/2250/2239 2160/2255/2244 2163/2258/2247
f 2161/2256/2245 2159/2254/2243 2164/2259/2248
f 2159/2254/2243 1938/2025/2003 2165/2260/2249
f 2159/2254/2243 2165/2260/2249 2164/2259/2248
f 2165/2260/2249 1938/2025/2003 2166/2261/2250
f 2166/2261/2250 1938/2025/2003 1934/2021/1996
f 2164/2259/2248 2165/2260/2249 2167/2262/2251
f 2166/2261/2250 1934/2021/1996 1933/2020/1995
f 2167/2262/2251 2165/2260/2249 2168/2263/2252
f 2168/2263/2252 2165/2260/2249 2166/2261/2250
f 2164/2259/2248 2167/2262/2251 2169/2264/2253
f 2170/2265/2254 2161/2256/2245 2164/2259/2248
f 2170/2265/2254 2164/2259/2248 2169/2264/2253
f 2161/2256/2245 2170/2265/2254 2171/2266/2255
f 2161/2256/2245 2171/2266/2255 2162/2257/2246
f 2171/2266/2255 2170/2265/2254 2172/2267/2256
f 2172/2267/2256 2170/2265/2254 2169/2264/2253
f 1029/2268/1051 2167/2262/2251 2168/2263/2252
f 2167/2262/2251 1029/2268/1051 2169/2264/2253
f 2169/2264/2253 1029/2268/1051 1024/2269/1046
f 1029/2268/1051 2168/2263/2252 2173/2270/2257
f 1029/2268/1051 2173/2270/2257 1031/2271/1053
f 2173/2270/2257 2168/2263/2252 2174/2272/2258
f 2173/2270/2257 2174/2272/2258 1031/2271/1053
f 2174/2272/2258 2168/2263/2252 2166/2261/2250
f 1031/2271/1053 2174/2272/2258 1036/2273/1058
f 2169/2264/2253 1024/2269/1046 2175/2274/2259
f 2175/2274/2259 1024/2269/1046 1023/2275/1045
f 2169/2264/2253 2175/2274/2259 2172/2267/2256
f 2175/2274/2259 1023/2275/1045 1026/2276/1048
f 2175/2274/2259 1026/2276/1048 2176/2277/2260
f 2175/2274/2261 2176/2277/2261 2172/2267/2261
f 2176/2277/2260 1026/2276/1048 1027/2278/1049
f 2176/2277/2260 1027/2278/1049 2172/2267/2256
f 2172/2267/2256 1027/2278/1049 2177/2279/2262
f 2172/2267/2256 2177/2279/2262 2171/2266/2255
f 2177/2279/2262 1027/2278/1049 2178/2280/2263
f 2178/2280/2263 1027/2278/1049 2179/2281/2264
f 2171/2266/2255 2177/2279/2262 2180/2282/2265
f 2180/2282/2265 2177/2279/2262 2178/2280/2263
f 2178/2280/2263 2179/2281/2264 2181/2283/2266
f 2171/2266/2255 2180/2282/2265 2162/2257/2246
f 2178/2280/2263 2181/2283/2266 2182/2284/2267
f 2180/2282/2265 2178/2280/2263 2183/2285/2268
f 2180/2282/2265 2183/2285/2268 2162/2257/2246
f 2183/2285/2268 2178/2280/2263 2182/2284/2267
f 2182/2284/2267 2181/2283/2266 2184/2286/2269
f 2162/2257/2246 2183/2285/2268 2185/2287/2270
f 2185/2287/2270 2183/2285/2268 2182/2284/2267
f 2162/2257/2246 2185/2287/2270 2186/2288/2271
f 2162/2257/2246 2186/2288/2271 2160/2255/2244
f 2185/2287/2270 2182/2284/2267 2187/2289/2272
f 2187/2289/2272 2182/2284/2267 2184/2286/2269
f 2185/2287/2270 2187/2289/2272 2186/2288/2271
f 2160/2255/2244 2186/2288/2271 2163/2258/2247
f 2187/2289/2272 2184/2286/2269 2188/2290/2273
f 2188/2290/2273 2184/2286/2269 2189/2291/2274
f 2188/2290/2273 2189/2291/2274 2190/2292/2275
f 2186/2288/2271 2187/2289/2272 2191/2293/2276
f 2186/2288/2271 2191/2293/2276 2163/2258/2247
f 2191/2293/2276 2187/2289/2272 2188/2290/2273
f 2188/2290/2273 2190/2292/2275 2192/2294/2277
f 2188/2290/2273 2192/2294/2277 2193/2295/2278
f 2191/2293/2276 2188/2290/2273 2194/2296/2279
f 2194/2296/2279 2188/2290/2273 2193/2295/2278
f 2193/2295/2278 2192/2294/2277 2195/2297/2280
f 2193/2295/2278 2195/2297/2280 2194/2296/2279
f 2195/2297/2280 2192/2294/2277 2196/2298/2281
f 2195/2297/2280 2196/2298/2281 2197/2299/2282
f 2197/2299/2282 2196/2298/2281 2198/2300/2283
f 2194/2296/2279 2195/2297/2280 2199/2301/2284
f 2199/2301/2284 2195/2297/2280 2197/2299/2282
f 2200/2302/2285 2191/2293/2276 2194/2296/2279
f 2191/2293/2276 2200/2302/2285 2163/2258/2247
f 2200/2302/2285 2194/2296/2279 2199/2301/2284
f 2163/2258/2286 2200/2302/2286 2201/2303/2286
f 2163/2258/2247 2201/2303/2287 2155/2250/2239
f 2155/2250/2239 2201/2303/2287 2153/2248/2237
f 2201/2303/2288 2200/2302/2288 2202/2304/2288
f 2202/2304/2289 2200/2302/2285 2199/2301/2284
f 2153/2248/2237 2201/2303/2287 2203/2305/2290
f 2203/2305/2290 2201/2303/2287 2202/2304/2289
f 2202/2304/2289 2199/2301/2284 2204/2306/2291
f 2202/2304/2289 2204/2306/2291 2203/2305/2290
f 2153/2248/2237 2203/2305/2290 2150/2245/2234
f 2204/2306/2291 2199/2301/2284 2205/2307/2292
f 2205/2307/2292 2199/2301/2284 2197/2299/2282
f 2204/2306/2291 2205/2307/2292 2206/2308/2293
f 2205/2307/2292 2197/2299/2282 2207/2309/2294
f 2205/2307/2292 2207/2309/2294 2206/2308/2293
f 2207/2309/2294 2197/2299/2282 2208/2310/2295
f 2208/2310/2295 2197/2299/2282 2198/2300/2283
f 2208/2310/2295 2198/2300/2283 2209/2311/2296
f 2204/2306/2291 2206/2308/2293 2210/2312/2297
f 2208/2310/2295 2209/2311/2296 2211/2313/2298
f 2211/2313/2298 2209/2311/2296 2212/2314/2299
f 2211/2313/2298 2212/2314/2299 2213/2315/2300
f 2208/2310/2295 2211/2313/2298 2214/2316/2301
f 2208/2310/2295 2214/2316/2301 2207/2309/2294
f 2211/2313/2298 2213/2315/2300 2215/2317/2302
f 2211/2313/2298 2215/2317/2302 2214/2316/2301
f 2207/2309/2294 2214/2316/2301 2216/2318/2303
f 2207/2309/2294 2216/2318/2303 2206/2308/2293
f 2216/2318/2303 2214/2316/2301 2215/2317/2302
f 2206/2308/2293 2216/2318/2303 2210/2312/2297
f 2215/2317/2302 2213/2315/2300 2217/2319/2304
f 2217/2319/2304 2213/2315/2300 2218/2320/2305
f 2216/2318/2303 2215/2317/2302 2219/2321/2306
f 2216/2318/2303 2219/2321/2306 2210/2312/2297
f 2215/2317/2302 2217/2319/2304 2220/2322/2307
f 2215/2317/2302 2220/2322/2307 2219/2321/2306
f 2217/2319/2304 2218/2320/2305 2221/2323/2308
f 2221/2323/2308 2218/2320/2305 2222/2324/2309
f 2220/2322/2307 2217/2319/2304 2223/2325/2310
f 2223/2325/2310 2217/2319/2304 2221/2323/2308
f 2219/2321/2306 2220/2322/2307 2224/2326/2311
f 2224/2326/2311 2220/2322/2307 2223/2325/2310
f 2225/2327/2312 2210/2312/2297 2219/2321/2306
f 2225/2327/2312 2219/2321/2306 2224/2326/2311
f 2221/2323/2308 2222/2324/2309 2226/2328/2313
f 2226/2328/2313 2222/2324/2309 2227/2329/2314
f 2226/2328/2313 2227/2329/2314 2228/2330/2315
f 2221/2323/2308 2226/2328/2313 2229/2331/2316
f 2221/2323/2308 2229/2331/2316 2223/2325/2310
f 2226/2328/2313 2228/2330/2315 2230/2332/2317
f 2226/2328/2313 2230/2332/2317 2229/2331/2316
f 2223/2325/2310 2229/2331/2316 2231/2333/2318
f 2231/2333/2318 2229/2331/2316 2230/2332/2317
f 2223/2325/2310 2231/2333/2318 2232/2334/2319
f 2223/2325/2310 2232/2334/2319 2224/2326/2311
f 2232/2334/2319 2231/2333/2318 2233/2335/2320
f 2233/2335/2320 2231/2333/2318 2230/2332/2317
f 2224/2326/2311 2232/2334/2319 2234/2336/2321
f 2224/2326/2311 2234/2336/2321 2225/2327/2312
f 2232/2334/2319 2233/2335/2320 2235/2337/2322
f 2232/2334/2319 2235/2337/2322 2234/2336/2321
f 2233/2335/2320 2230/2332/2317 2236/2338/2323
f 2233/2335/2320 2236/2338/2323 2235/2337/2322
f 2237/2339/2324 2230/2332/2317 2228/2330/2315
f 2237/2339/2324 2228/2330/2315 2238/2340/2325
f 2237/2339/2324 2238/2340/2325 2239/2341/2326
f 2237/2339/2324 2239/2341/2326 2240/2342/2327
f 2230/2332/2317 2237/2339/2324 2241/2343/2328
f 2230/2332/2317 2241/2343/2328 2236/2338/2323
f 2237/2339/2324 2240/2342/2327 2242/2344/2329
f 2237/2339/2324 2242/2344/2329 2241/2343/2328
f 2236/2338/2323 2241/2343/2328 2243/2345/2330
f 2242/2344/2329 2240/2342/2327 2244/2346/2331
f 2244/2346/2331 2240/2342/2327 2245/2347/2332
f 2241/2343/2328 2242/2344/2329 2246/2348/2333
f 2241/2343/2328 2246/2348/2333 2243/2345/2330
f 2246/2348/2333 2242/2344/2329 2247/2349/2334
f 2244/2346/2331 2245/2347/2332 2248/2350/2335
f 2248/2350/2335 2245/2347/2332 2249/2350/2336
f 2248/2350/2335 2249/2350/2336 2250/2351/2337
f 2248/2350/2335 2250/2351/2337 2251/2352/2338
f 2251/2352/2338 2250/2351/2337 2252/2353/2339
f 2244/2346/2331 2248/2350/2335 2253/2354/2340
f 2253/2354/2340 2248/2350/2335 2251/2352/2338
f 2254/2355/2341 2242/2344/2329 2244/2346/2331
f 2242/2344/2329 2254/2355/2341 2247/2349/2334
f 2254/2355/2341 2244/2346/2331 2253/2354/2340
f 2251/2352/2338 2252/2353/2339 2255/2356/2342
f 2255/2356/2342 2252/2353/2339 2256/2357/2343
f 2253/2354/2340 2251/2352/2338 2257/2358/2344
f 2251/2352/2338 2255/2356/2342 2258/2359/2345
f 2251/2352/2338 2258/2359/2345 2257/2358/2344
f 2255/2356/2342 2256/2357/2343 2259/2360/2346
f 2259/2360/2346 2256/2357/2343 2260/2361/2347
f 2259/2360/2346 2260/2361/2347 2261/2362/2348
f 2255/2356/2342 2259/2360/2346 2262/2363/2349
f 2255/2356/2342 2262/2363/2349 2258/2359/2345
f 2259/2360/2346 2261/2362/2348 2263/2364/2350
f 2259/2360/2346 2263/2364/2350 2262/2363/2349
f 2264/2365/2351 2257/2358/2344 2258/2359/2345
f 2262/2363/2349 2263/2364/2350 2265/2366/2352
f 2257/2358/2344 2264/2365/2351 2266/2367/2353
f 2264/2365/2351 2258/2359/2345 2267/2368/2354
f 2264/2365/2351 2267/2368/2354 2266/2367/2353
f 2267/2368/2354 2258/2359/2345 2268/2369/2355
f 2268/2369/2355 2258/2359/2345 2262/2363/2349
f 2262/2363/2349 2265/2366/2352 2269/2370/2356
f 2262/2363/2349 2269/2370/2356 2268/2369/2355
f 2270/2371/2357 2265/2366/2352 2263/2364/2350
f 2265/2366/2352 2270/2371/2357 2269/2370/2356
f 2270/2371/2357 2263/2364/2350 2271/2372/2358
f 2271/2372/2358 2263/2364/2350 2272/2373/2359
f 2271/2372/2358 2272/2373/2359 2273/2374/2360
f 2271/2372/2358 2273/2374/2360 2274/2375/2361
f 2268/2369/2355 2269/2370/2356 2275/2376/2362
f 2268/2369/2355 2275/2376/2362 2267/2368/2354
f 2269/2370/2356 2270/2371/2357 2276/2377/2363
f 2269/2370/2356 2276/2377/2363 2275/2376/2362
f 2270/2371/2357 2271/2372/2358 2277/2378/2364
f 2270/2371/2357 2277/2378/2364 2276/2377/2363
f 2271/2372/2358 2274/2375/2361 2278/2379/2365
f 2271/2372/2358 2278/2379/2365 2277/2378/2364
f 2278/2379/2365 2274/2375/2361 2279/2380/2366
f 2278/2379/2365 2279/2380/2366 2277/2378/2364
f 2279/2380/2366 2274/2375/2361 2280/2381/2367
f 2280/2381/2367 2274/2375/2361 1440/2382/1476
f 2277/2378/2364 2279/2380/2366 2281/2383/2368
f 2281/2383/2368 2279/2380/2366 2280/2381/2367
f 2280/2381/2367 1440/2382/1476 1436/2384/1472
f 2277/2378/2364 2281/2383/2368 2282/2385/2369
f 2277/2378/2364 2282/2385/2369 2276/2377/2363
f 2281/2383/2368 2280/2381/2367 2283/2386/2370
f 2280/2381/2367 1436/2384/1472 2284/2387/2371
f 2280/2381/2367 2284/2387/2371 2283/2386/2370
f 2284/2387/2371 1436/2384/1472 1432/2388/1468
f 2281/2383/2368 2283/2386/2370 2285/2389/2372
f 2285/2389/2372 2283/2386/2370 2284/2387/2371
f 2281/2383/2368 2285/2389/2372 2282/2385/2369
f 2284/2387/2371 1432/2388/1468 2286/2390/2373
f 2286/2390/2373 1432/2388/1468 1429/2391/1465
f 2285/2389/2372 2284/2387/2371 2287/2392/2374
f 2287/2392/2375 2284/2387/2375 2286/2390/2375
f 2286/2390/2373 1429/2391/1465 2288/2393/2376
f 2286/2390/2373 2288/2393/2376 2287/2392/2374
f 2288/2393/2376 1429/2391/1465 1428/2394/1464
f 2285/2389/2372 2287/2392/2374 2289/2395/2377
f 2285/2389/2372 2289/2395/2377 2282/2385/2369
f 2287/2392/2374 2288/2393/2376 2290/2396/2378
f 2287/2392/2374 2290/2396/2378 2289/2395/2377
f 2288/2393/2376 1428/2394/1464 2291/2397/2379
f 2288/2393/2376 2291/2397/2379 2290/2396/2378
f 2291/2397/2379 1428/2394/1464 1426/2398/1462
f 2291/2397/2379 1426/2398/1462 2292/2399/2380
f 2292/2399/2380 1426/2398/1462 1423/2400/1459
f 2290/2396/2378 2291/2397/2379 2293/2401/2381
f 2293/2401/2381 2291/2397/2379 2292/2399/2380
f 2290/2396/2378 2293/2401/2381 2294/2402/2382
f 2290/2396/2383 2294/2402/2383 2289/2395/2383
f 2294/2402/2382 2293/2401/2381 2295/2403/2384
f 2293/2401/2381 2292/2399/2380 2296/2404/2385
f 2293/2401/2381 2296/2404/2385 2295/2403/2384
f 2292/2399/2380 1423/2400/1459 2297/2405/2386
f 2292/2399/2380 2297/2405/2386 2296/2404/2385
f 2297/2405/2386 1423/2400/1459 2298/2406/2387
f 2298/2406/2387 1423/2400/1459 1350/2407/1386
f 2298/2406/2387 1350/2407/1386 1345/2408/1381
f 2297/2405/2386 2298/2406/2387 2299/2409/2388
f 2297/2405/2386 2299/2409/2388 2296/2404/2385
f 2298/2406/2387 1345/2408/1381 2300/2410/2389
f 2298/2406/2387 2300/2410/2389 2299/2409/2388
f 2300/2410/2389 1345/2408/1381 2301/2411/2390
f 2301/2411/2390 1345/2408/1381 1343/2412/1379
f 2296/2404/2385 2299/2409/2388 2302/2413/2391
f 2296/2404/2385 2302/2413/2391 2295/2403/2384
f 2299/2409/2388 2300/2410/2389 2303/2414/2392
f 2299/2409/2388 2303/2414/2392 2302/2413/2391
f 2301/2411/2390 1343/2412/1379 2304/2415/2393
f 2300/2410/2389 2301/2411/2390 2305/2416/2394
f 2300/2410/2395 2305/2416/2395 2303/2414/2395
f 2305/2416/2394 2301/2411/2390 2304/2415/2393
f 2302/2413/2391 2303/2414/2392 2306/2417/2396
f 2302/2413/2391 2306/2417/2396 2295/2403/2384
f 2304/2415/2393 1343/2412/1379 1342/2418/1378
f 2303/2414/2397 2305/2416/2397 2307/2419/2397
f 2303/2414/2392 2307/2419/2398 2306/2417/2396
f 2305/2416/2394 2304/2415/2393 2308/2420/2399
f 2305/2416/2394 2308/2420/2399 2307/2419/2398
f 2304/2415/2393 1342/2418/1378 2309/2421/2400
f 2309/2421/2400 1342/2418/1378 1337/2422/1373
f 2309/2421/2400 1337/2422/1373 1334/2423/1370
f 2304/2415/2393 2309/2421/2400 2310/2424/2401
f 2304/2415/2393 2310/2424/2401 2308/2420/2399
f 2309/2421/2400 1334/2423/1370 2311/2425/2402
f 2309/2421/2400 2311/2425/2402 2310/2424/2401
f 2311/2425/2402 1334/2423/1370 1327/2426/1363
f 2312/2427/2403 2307/2419/2398 2308/2420/2399
f 2307/2419/2398 2312/2427/2403 2306/2417/2396
f 2308/2420/2399 2310/2424/2401 2313/2428/2404
f 2308/2420/2399 2313/2428/2404 2312/2427/2403
f 2310/2424/2401 2311/2425/2402 2314/2429/2405
f 2310/2424/2401 2314/2429/2405 2313/2428/2404
f 2311/2425/2402 1327/2426/1363 2315/2430/2406
f 2315/2430/2406 1327/2426/1363 1326/2431/1362
f 2314/2429/2405 2311/2425/2402 2316/2432/2407
f 2316/2432/2407 2311/2425/2402 2315/2430/2406
f 2313/2428/2404 2314/2429/2405 2317/2433/2408
f 2317/2433/2408 2314/2429/2405 2316/2432/2407
f 2315/2430/2406 1326/2431/1362 2318/2434/2409
f 2318/2434/2409 1326/2431/1362 1321/2435/1357
f 2316/2432/2410 2315/2430/2410 2319/2436/2410
f 2319/2436/2411 2315/2430/2406 2318/2434/2409
f 2317/2433/2408 2316/2432/2407 2320/2437/2412
f 2320/2437/2412 2316/2432/2407 2319/2436/2411
f 2318/2434/2409 1321/2435/1357 2321/2438/2413
f 2321/2438/2413 1321/2435/1357 1316/2439/1352
f 2319/2436/2411 2318/2434/2409 2322/2440/2414
f 2319/2436/2411 2322/2440/2414 2320/2437/2412
f 2321/2438/2413 1316/2439/1352 1312/2441/1348
f 2322/2440/2414 2318/2434/2409 2323/2442/2415
f 2323/2442/2415 2318/2434/2409 2321/2438/2413
f 2321/2438/2413 1312/2441/1348 2324/2443/2416
f 2323/2442/2415 2321/2438/2413 2325/2444/2417
f 2325/2444/2417 2321/2438/2413 2324/2443/2416
f 2324/2443/2416 1312/2441/1348 1311/2445/1347
f 2323/2442/2418 2325/2444/2418 2326/2446/2418
f 2326/2446/2419 2325/2444/2419 2324/2443/2419
f 2322/2440/2420 2323/2442/2421 2327/2447/2422
f 2322/2440/2423 2327/2447/2423 2320/2437/2423
f 2327/2447/2422 2323/2442/2421 2326/2446/2424
f 2320/2437/2425 2327/2447/2425 2328/2448/2425
f 2328/2448/2426 2327/2447/2427 2326/2446/2428
f 2324/2443/2416 1311/2445/1347 2329/2449/2429
f 2329/2449/2429 1311/2445/1347 1308/2450/1344
f 2326/2446/2428 2324/2443/2416 2330/2451/2430
f 2330/2451/2430 2324/2443/2416 2329/2449/2429
f 2326/2446/2428 2330/2451/2430 2331/2452/2431
f 2326/2446/2428 2331/2452/2431 2328/2448/2426
f 2331/2452/2431 2330/2451/2430 2332/2453/2432
f 2332/2453/2432 2330/2451/2430 2329/2449/2429
f 2331/2452/2431 2332/2453/2432 2333/2454/2433
f 2329/2449/2429 1308/2450/1344 2334/2455/2434
f 2334/2455/2434 1308/2450/1344 1303/2456/1339
f 2332/2453/2432 2329/2449/2429 2335/2457/2435
f 2332/2453/2432 2335/2457/2435 2333/2454/2433
f 2329/2449/2429 2334/2455/2434 2336/2458/2436
f 2329/2449/2429 2336/2458/2436 2335/2457/2435
f 2334/2455/2434 1303/2456/1339 2337/2459/2437
f 2335/2457/2435 2336/2458/2436 2338/2460/2438
f 2335/2457/2435 2338/2460/2438 2333/2454/2433
f 2336/2458/2436 2334/2455/2434 2339/2461/2439
f 2339/2461/2439 2334/2455/2434 2337/2459/2437
f 2338/2460/2438 2336/2458/2436 2340/2462/2440
f 2340/2462/2441 2336/2458/2441 2339/2461/2441
f 2337/2459/2437 1303/2456/1339 2341/2463/2442
f 2341/2463/2442 1303/2456/1339 1297/2464/1333
f 2341/2463/2442 1297/2464/1333 1294/2465/1330
f 2337/2459/2437 2341/2463/2442 2342/2466/2443
f 2337/2459/2437 2342/2466/2443 2339/2461/2439
f 2341/2463/2442 1294/2465/1330 2343/2467/2444
f 2341/2463/2442 2343/2467/2444 2342/2466/2443
f 2343/2467/2444 1294/2465/1330 1285/2468/1321
f 2339/2461/2439 2342/2466/2443 2344/2469/2445
f 2339/2461/2446 2344/2469/2446 2340/2462/2446
f 2342/2466/2443 2343/2467/2444 2345/2470/2447
f 2342/2466/2443 2345/2470/2447 2344/2469/2445
f 2343/2467/2444 1285/2468/1321 2346/2471/2448
f 2343/2467/2444 2346/2471/2448 2345/2470/2447
f 2346/2471/2448 1285/2468/1321 2347/2472/2449
f 2347/2472/2449 1285/2468/1321 1282/2473/1318
f 2347/2472/2449 1282/2473/1318 2348/2474/2450
f 2347/2472/2449 2348/2474/2450 2346/2471/2448
f 2348/2474/2450 1282/2473/1318 1279/2475/1315
f 2345/2470/2447 2346/2471/2448 2349/2476/2451
f 2349/2476/2451 2346/2471/2448 2348/2474/2450
f 2348/2474/2450 1279/2475/1315 2350/2477/2452
f 2350/2477/2452 1279/2475/1315 1275/2478/1311
f 2349/2476/2451 2348/2474/2450 2351/2479/2453
f 2351/2479/2453 2348/2474/2450 2350/2477/2452
f 2350/2477/2452 1275/2478/1311 2352/2480/2454
f 2352/2480/2454 1275/2478/1311 1269/2123/1304
f 2352/2480/2454 1269/2123/1304 2027/2122/2105
f 2350/2477/2452 2352/2480/2454 2353/2481/2455
f 2350/2477/2452 2353/2481/2455 2351/2479/2453
f 2353/2481/2455 2352/2480/2454 2027/2122/2105
f 2349/2476/2451 2351/2479/2453 2354/2482/2456
f 2349/2476/2451 2354/2482/2456 2355/2483/2457
f 2349/2476/2451 2355/2483/2457 2345/2470/2447
f 2354/2482/2456 2351/2479/2453 2356/2484/2458
f 2355/2483/2457 2354/2482/2456 2357/2485/2459
f 2357/2485/2459 2354/2482/2456 2356/2484/2458
f 2345/2470/2447 2355/2483/2457 2358/2486/2460
f 2358/2486/2460 2355/2483/2457 2357/2485/2459
f 2345/2470/2447 2358/2486/2460 2344/2469/2445
f 2359/2487/2461 2351/2479/2453 2353/2481/2455
f 2351/2479/2453 2359/2487/2461 2356/2484/2458
f 2359/2487/2461 2353/2481/2455 2360/2488/2462
f 2360/2488/2462 2353/2481/2455 2027/2122/2105
f 2356/2484/2458 2359/2487/2461 2361/2489/2463
f 2361/2489/2463 2359/2487/2461 2360/2488/2462
f 2360/2488/2462 2027/2122/2105 2362/2490/2464
f 2360/2488/2462 2362/2490/2464 2361/2489/2463
f 2362/2490/2464 2027/2122/2105 2363/2491/2465
f 2363/2491/2466 2027/2122/2467 2023/2117/2468
f 2363/2491/2466 2023/2117/2468 2026/2121/2469
f 2362/2490/2464 2363/2491/2465 2364/2492/2470
f 2362/2490/2464 2364/2492/2470 2361/2489/2463
f 2363/2491/2465 2026/2121/2103 2365/2493/2471
f 2363/2491/2465 2365/2493/2471 2364/2492/2470
f 2365/2493/2471 2026/2121/2103 2366/2494/2472
f 2365/2493/2471 2366/2494/2472 2364/2492/2470
f 2366/2494/2472 2026/2121/2103 2367/2495/2473
f 2367/2495/2473 2026/2121/2103 2024/2118/2101
f 2367/2495/2473 2024/2118/2101 2368/2496/2474
f 2367/2495/2473 2368/2496/2474 2366/2494/2472
f 2368/2496/2474 2024/2118/2101 2030/2126/2108
f 2368/2496/2474 2030/2126/2108 2050/2146/2133
f 2366/2494/2472 2368/2496/2474 2369/2497/2475
f 2369/2497/2475 2368/2496/2474 2050/2146/2133
f 2370/2498/2476 2364/2492/2470 2366/2494/2472
f 2370/2498/2477 2366/2494/2477 2369/2497/2477
f 2369/2497/2475 2050/2146/2133 2371/2499/2478
f 2370/2498/2479 2369/2497/2480 2372/2500/2481
f 2371/2499/2478 2050/2146/2133 2373/2501/2482
f 2373/2501/2482 2050/2146/2133 2049/2145/2132
f 2373/2501/2482 2049/2145/2132 2051/2147/2134
f 2373/2501/2482 2051/2147/2134 2105/2200/2189
f 2371/2499/2478 2373/2501/2482 2374/2502/2483
f 2371/2499/2478 2374/2502/2483 2369/2497/2475
f 2374/2502/2483 2373/2501/2482 2105/2200/2189
f 2369/2497/2480 2374/2502/2484 2372/2500/2481
f 2374/2502/2483 2105/2200/2189 2375/2503/2485
f 2372/2500/2486 2374/2502/2487 2376/2504/2488
f 2372/2500/2486 2376/2504/2488 2370/2498/2489
f 2376/2504/2490 2374/2502/2483 2375/2503/2485
f 2375/2503/2485 2105/2200/2189 2108/2203/2192
f 2370/2498/2476 2376/2504/2490 2377/2505/2491
f 2370/2498/2476 2377/2505/2491 2364/2492/2470
f 2364/2492/2470 2377/2505/2491 2378/2506/2492
f 2364/2492/2470 2378/2506/2492 2361/2489/2463
f 2378/2506/2492 2377/2505/2491 2379/2507/2493
f 2378/2506/2492 2379/2507/2493 2361/2489/2463
f 2377/2505/2491 2376/2504/2490 2380/2508/2494
f 2377/2505/2491 2380/2508/2494 2379/2507/2493
f 2381/2509/2495 2376/2504/2490 2375/2503/2485
f 2376/2504/2490 2381/2509/2495 2380/2508/2494
f 2382/2510/2496 2375/2503/2485 2108/2203/2192
f 2382/2510/2496 2108/2203/2192 2110/2205/2194
f 2375/2503/2485 2382/2510/2496 2383/2511/2497
f 2375/2503/2485 2383/2511/2497 2381/2509/2495
f 2382/2510/2496 2110/2205/2194 2384/2512/2498
f 2382/2510/2496 2384/2512/2498 2383/2511/2497
f 2384/2512/2498 2110/2205/2194 2385/2513/2499
f 2384/2512/2498 2385/2513/2499 2383/2511/2497
f 2385/2513/2499 2110/2205/2194 2386/2514/2500
f 2386/2514/2500 2110/2205/2194 2112/2207/2196
f 2385/2513/2499 2386/2514/2500 2387/2515/2501
f 2386/2514/2500 2112/2207/2196 2388/2516/2502
f 2386/2514/2500 2388/2516/2502 2387/2515/2501
f 2388/2516/2502 2112/2207/2196 2115/2210/2199
f 2383/2511/2497 2385/2513/2499 2389/2517/2503
f 2389/2517/2503 2385/2513/2499 2387/2515/2501
f 2383/2511/2497 2389/2517/2503 2390/2518/2504
f 2383/2511/2497 2390/2518/2504 2381/2509/2495
f 2389/2517/2503 2387/2515/2501 2391/2519/2505
f 2389/2517/2503 2391/2519/2505 2390/2518/2504
f 2392/2520/2506 2387/2515/2501 2388/2516/2502
f 2392/2520/2506 2388/2516/2502 2115/2210/2199
f 2391/2519/2505 2387/2515/2501 2393/2521/2507
f 2393/2521/2507 2387/2515/2501 2392/2520/2506
f 2390/2518/2504 2391/2519/2505 2394/2522/2508
f 2394/2522/2508 2391/2519/2505 2393/2521/2507
f 2392/2520/2506 2115/2210/2199 2395/2523/2509
f 2395/2523/2509 2115/2210/2199 2117/2212/2201
f 2393/2521/2507 2392/2520/2506 2396/2524/2510
f 2396/2524/2510 2392/2520/2506 2395/2523/2509
f 2393/2521/2507 2396/2524/2510 2397/2525/2511
f 2393/2521/2507 2397/2525/2511 2394/2522/2508
f 2396/2524/2510 2395/2523/2509 2398/2526/2512
f 2396/2524/2510 2398/2526/2512 2397/2525/2511
f 2395/2523/2509 2117/2212/2201 2399/2527/2513
f 2399/2527/2513 2117/2212/2201 2123/2218/2207
f 2395/2523/2509 2399/2527/2513 2400/2528/2514
f 2395/2523/2509 2400/2528/2514 2398/2526/2512
f 2399/2527/2513 2123/2218/2207 2401/2529/2515
f 2401/2529/2515 2123/2218/2207 2119/2214/2203
f 2399/2527/2516 2401/2529/2516 2402/2530/2516
f 2399/2527/2513 2402/2530/2517 2400/2528/2514
f 2401/2529/2515 2119/2214/2203 2403/2531/2518
f 2398/2526/2512 2400/2528/2514 2404/2532/2519
f 2402/2530/2520 2401/2529/2521 2405/2533/2522
f 2405/2533/2523 2401/2529/2515 2403/2531/2518
f 2400/2528/2514 2402/2530/2517 2406/2534/2524
f 2406/2534/2525 2402/2530/2520 2405/2533/2522
f 2403/2531/2518 2119/2214/2203 2407/2535/2526
f 2400/2528/2514 2406/2534/2524 2408/2536/2527
f 2400/2528/2514 2408/2536/2527 2404/2532/2519
f 2407/2535/2526 2119/2214/2203 2121/2216/2205
f 2405/2533/2523 2403/2531/2518 2409/2537/2528
f 2405/2533/2523 2409/2537/2528 2410/2538/2529
f 2405/2533/2523 2410/2538/2529 2406/2534/2530
f 2409/2537/2528 2403/2531/2518 2411/2539/2531
f 2411/2539/2531 2403/2531/2518 2407/2535/2526
f 2409/2537/2528 2411/2539/2531 2412/2540/2532
f 2409/2537/2528 2412/2540/2532 2410/2538/2529
f 2407/2535/2526 2121/2216/2205 2413/2541/2533
f 2413/2541/2533 2121/2216/2205 2124/2219/2208
f 2411/2539/2531 2407/2535/2526 2414/2542/2534
f 2413/2541/2533 2124/2219/2208 2415/2543/2535
f 2407/2535/2526 2413/2541/2533 2416/2544/2536
f 2407/2535/2526 2416/2544/2536 2414/2542/2534
f 2416/2544/2537 2413/2541/2537 2415/2543/2537
f 2415/2543/2535 2124/2219/2208 2126/2221/2210
f 2414/2542/2534 2416/2544/2536 2417/2545/2538
f 2417/2545/2538 2416/2544/2536 2415/2543/2535
f 2415/2543/2535 2126/2221/2210 2418/2546/2539
f 2415/2543/2535 2418/2546/2539 2417/2545/2538
f 2418/2546/2539 2126/2221/2210 2134/2229/2218
f 2419/2547/2540 2411/2539/2531 2414/2542/2534
f 2411/2539/2531 2419/2547/2540 2412/2540/2532
f 2414/2542/2534 2417/2545/2538 2420/2548/2541
f 2414/2542/2534 2420/2548/2541 2419/2547/2540
f 2420/2548/2541 2417/2545/2538 2421/2549/2542
f 2419/2547/2540 2420/2548/2541 2422/2550/2543
f 2422/2550/2543 2420/2548/2541 2421/2549/2542
f 2412/2540/2532 2419/2547/2540 2423/2551/2544
f 2419/2547/2540 2422/2550/2543 2424/2552/2545
f 2419/2547/2540 2424/2552/2545 2423/2551/2544
f 2424/2552/2545 2422/2550/2543 2425/2553/2546
f 2425/2553/2546 2422/2550/2543 2421/2549/2542
f 2426/2554/2547 2421/2549/2542 2417/2545/2538
f 2426/2554/2547 2417/2545/2538 2418/2546/2539
f 2412/2540/2532 2423/2551/2544 2427/2555/2548
f 2412/2540/2532 2427/2555/2548 2410/2538/2529
f 2423/2551/2544 2424/2552/2545 2428/2556/2549
f 2424/2552/2545 2425/2553/2546 2429/2557/2550
f 2424/2552/2545 2429/2557/2550 2428/2556/2549
f 2427/2555/2548 2423/2551/2544 2430/2558/2551
f 2430/2558/2551 2423/2551/2544 2428/2556/2549
f 2410/2538/2529 2427/2555/2548 2431/2559/2552
f 2429/2557/2550 2425/2553/2546 2432/2560/2553
f 2427/2555/2548 2430/2558/2551 2433/2561/2554
f 2427/2555/2548 2433/2561/2554 2431/2559/2552
f 2410/2538/2529 2431/2559/2552 2434/2562/2555
f 2410/2538/2529 2434/2562/2555 2406/2534/2530
f 2431/2559/2552 2433/2561/2554 2435/2563/2556
f 2434/2562/2555 2431/2559/2552 2436/2564/2557
f 2436/2564/2557 2431/2559/2552 2435/2563/2556
f 2406/2534/2530 2434/2562/2555 2437/2565/2558
f 2437/2565/2558 2434/2562/2555 2436/2564/2557
f 2406/2534/2559 2437/2565/2559 2438/2566/2559
f 2406/2534/2524 2438/2566/2560 2408/2536/2527
f 2408/2536/2527 2438/2566/2561 2404/2532/2519
f 2438/2566/2561 2437/2565/2558 2439/2567/2562
f 2438/2566/2561 2439/2567/2562 2404/2532/2519
f 2437/2565/2558 2436/2564/2557 2440/2568/2563
f 2437/2565/2558 2440/2568/2563 2439/2567/2562
f 2439/2567/2562 2440/2568/2563 2441/2569/2564
f 2439/2567/2562 2441/2569/2564 2404/2532/2519
f 2440/2568/2563 2436/2564/2557 2442/2570/2565
f 2440/2568/2563 2442/2570/2565 2441/2569/2564
f 2442/2570/2565 2436/2564/2557 2443/2571/2566
f 2443/2571/2566 2436/2564/2557 2435/2563/2556
f 2442/2570/2565 2443/2571/2566 2444/2572/2567
f 2442/2570/2565 2444/2572/2567 2441/2569/2564
f 2443/2571/2566 2435/2563/2556 2445/2573/2568
f 2443/2571/2566 2445/2573/2568 2444/2572/2567
f 2445/2573/2568 2435/2563/2556 2446/2574/2569
f 2444/2572/2567 2445/2573/2568 2447/2575/2570
f 2444/2572/2567 2447/2575/2570 2448/2576/2571
f 2444/2572/2567 2448/2576/2571 2441/2569/2564
f 2447/2575/2570 2445/2573/2568 2449/2577/2572
f 2449/2577/2572 2445/2573/2568 2446/2574/2569
f 2447/2575/2570 2449/2577/2572 2450/2578/2573
f 2447/2575/2570 2450/2578/2573 2448/2576/2571
f 2450/2578/2573 2449/2577/2572 2451/2579/2574
f 2451/2579/2575 2449/2577/2575 2446/2574/2575
f 2450/2578/2573 2451/2579/2574 2452/2580/2576
f 2453/2581/2577 2446/2574/2569 2435/2563/2556
f 2453/2581/2577 2435/2563/2556 2433/2561/2554
f 2451/2579/2574 2446/2574/2569 2454/2582/2578
f 2451/2579/2574 2454/2582/2578 2452/2580/2576
f 2446/2574/2569 2453/2581/2577 2455/2583/2579
f 2446/2574/2569 2455/2583/2579 2454/2582/2578
f 2453/2581/2577 2433/2561/2554 2456/2584/2580
f 2456/2584/2580 2433/2561/2554 2430/2558/2551
f 2455/2583/2579 2453/2581/2577 2457/2585/2581
f 2457/2585/2581 2453/2581/2577 2456/2584/2580
f 2454/2582/2578 2455/2583/2579 2458/2586/2582
f 2455/2583/2579 2457/2585/2581 2459/2587/2583
f 2455/2583/2579 2459/2587/2583 2458/2586/2582
f 2459/2587/2583 2457/2585/2581 2460/2588/2584
f 2457/2585/2581 2456/2584/2580 2461/2589/2585
f 2457/2585/2581 2461/2589/2585 2460/2588/2584
f 2459/2587/2583 2460/2588/2584 2282/2385/2369
f 2282/2385/2369 2460/2588/2584 2461/2589/2585
f 2459/2587/2583 2282/2385/2369 2289/2395/2377
f 2459/2587/2583 2289/2395/2377 2458/2586/2582
f 2282/2385/2369 2461/2589/2585 2276/2377/2363
f 2462/2590/2586 2456/2584/2580 2430/2558/2551
f 2456/2584/2580 2462/2590/2586 2461/2589/2585
f 2462/2590/2586 2430/2558/2551 2428/2556/2549
f 2276/2377/2363 2461/2589/2585 2463/2591/2587
f 2463/2591/2587 2461/2589/2585 2462/2590/2586
f 2276/2377/2363 2463/2591/2587 2275/2376/2362
f 2462/2590/2586 2428/2556/2549 2464/2592/2588
f 2462/2590/2586 2464/2592/2588 2463/2591/2587
f 2464/2592/2588 2428/2556/2549 2429/2557/2550
f 2275/2376/2362 2463/2591/2587 2465/2593/2589
f 2465/2593/2589 2463/2591/2587 2464/2592/2588
f 2275/2376/2362 2465/2593/2589 2267/2368/2354
f 2464/2592/2588 2429/2557/2550 2466/2594/2590
f 2464/2592/2588 2466/2594/2590 2465/2593/2589
f 2267/2368/2354 2465/2593/2589 2266/2367/2353
f 2266/2367/2353 2465/2593/2589 2466/2594/2590
f 2466/2594/2590 2429/2557/2550 2432/2560/2553
f 2266/2367/2353 2466/2594/2590 2467/2595/2591
f 2466/2594/2590 2432/2560/2553 2468/2596/2592
f 2466/2594/2590 2468/2596/2592 2467/2595/2591
f 2266/2367/2353 2467/2595/2591 2469/2597/2593
f 2266/2367/2353 2469/2597/2593 2257/2358/2344
f 2257/2358/2344 2469/2597/2593 2253/2354/2340
f 2253/2354/2340 2469/2597/2593 2470/2598/2594
f 2470/2598/2594 2469/2597/2593 2467/2595/2591
f 2253/2354/2340 2470/2598/2594 2254/2355/2341
f 2470/2598/2594 2467/2595/2591 2471/2599/2595
f 2470/2598/2594 2471/2599/2595 2254/2355/2341
f 2471/2599/2595 2467/2595/2591 2468/2596/2592
f 2254/2355/2341 2471/2599/2595 2247/2349/2334
f 2471/2599/2595 2468/2596/2592 2472/2600/2596
f 2472/2600/2596 2468/2596/2592 2432/2560/2553
f 2247/2349/2334 2471/2599/2595 2473/2601/2597
f 2247/2349/2334 2473/2601/2597 2246/2348/2333
f 2471/2599/2595 2472/2600/2596 2474/2602/2598
f 2471/2599/2595 2474/2602/2598 2473/2601/2597
f 2246/2348/2333 2473/2601/2597 2243/2345/2330
f 2243/2345/2330 2473/2601/2597 2474/2602/2598
f 2472/2600/2596 2432/2560/2553 2475/2603/2599
f 2472/2600/2596 2475/2603/2599 2474/2602/2598
f 2243/2345/2330 2474/2602/2598 2476/2604/2600
f 2476/2604/2600 2474/2602/2598 2475/2603/2599
f 2475/2603/2599 2432/2560/2553 2477/2605/2601
f 2475/2603/2599 2477/2605/2601 2476/2604/2600
f 2477/2605/2601 2432/2560/2553 2425/2553/2546
f 2477/2605/2601 2425/2553/2546 2421/2549/2542
f 2477/2605/2601 2421/2549/2542 2478/2606/2602
f 2477/2605/2601 2478/2606/2602 2476/2604/2600
f 2478/2606/2602 2421/2549/2542 2426/2554/2547
f 2479/2607/2603 2243/2345/2330 2476/2604/2600
f 2243/2345/2330 2479/2607/2603 2236/2338/2323
f 2479/2607/2603 2476/2604/2600 2480/2608/2604
f 2236/2338/2323 2479/2607/2603 2481/2609/2605
f 2236/2338/2323 2481/2609/2605 2235/2337/2322
f 2479/2607/2603 2480/2608/2604 2482/2610/2606
f 2479/2607/2603 2482/2610/2606 2481/2609/2605
f 2480/2608/2604 2476/2604/2600 2483/2611/2607
f 2483/2611/2607 2476/2604/2600 2478/2606/2602
f 2480/2608/2604 2483/2611/2607 2482/2610/2606
f 2235/2337/2322 2481/2609/2605 2484/2612/2608
f 2484/2612/2608 2481/2609/2605 2482/2610/2606
f 2235/2337/2322 2484/2612/2608 2234/2336/2321
f 2483/2611/2607 2478/2606/2602 2485/2613/2609
f 2485/2613/2609 2478/2606/2602 2426/2554/2547
f 2483/2611/2607 2485/2613/2609 2486/2614/2610
f 2483/2611/2607 2486/2614/2610 2482/2610/2606
f 2485/2613/2609 2426/2554/2547 2487/2615/2611
f 2487/2615/2611 2426/2554/2547 2418/2546/2539
f 2486/2614/2610 2485/2613/2609 2488/2616/2612
f 2488/2616/2612 2485/2613/2609 2487/2615/2611
f 2489/2617/2613 2484/2612/2608 2482/2610/2606
f 2484/2612/2608 2489/2617/2613 2234/2336/2321
f 2487/2615/2611 2418/2546/2539 2490/2618/2614
f 2487/2615/2611 2490/2618/2614 2488/2616/2612
f 2490/2618/2614 2418/2546/2539 2491/2619/2615
f 2491/2619/2615 2418/2546/2539 2134/2229/2218
f 2491/2619/2615 2134/2229/2218 2135/2230/2219
f 2491/2619/2615 2135/2230/2219 2138/2233/2222
f 2491/2619/2615 2138/2233/2222 2490/2618/2614
f 2490/2618/2614 2138/2233/2222 2488/2616/2612
f 2488/2616/2612 2138/2233/2222 2142/2237/2226
f 2488/2616/2612 2142/2237/2226 2492/2620/2616
f 2488/2616/2612 2492/2620/2616 2486/2614/2610
f 2492/2620/2616 2142/2237/2226 2144/2239/2228
f 2492/2620/2616 2144/2239/2228 2151/2246/2235
f 2486/2614/2610 2492/2620/2616 2493/2621/2617
f 2493/2621/2617 2492/2620/2616 2151/2246/2235
f 2486/2614/2610 2493/2621/2617 2482/2610/2606
f 2493/2621/2617 2151/2246/2235 2494/2622/2618
f 2482/2610/2606 2493/2621/2617 2495/2623/2619
f 2495/2623/2619 2493/2621/2617 2494/2622/2618
f 2482/2610/2606 2495/2623/2619 2489/2617/2613
f 2489/2617/2613 2495/2623/2619 2496/2624/2620
f 2489/2617/2613 2496/2624/2620 2234/2336/2321
f 2496/2624/2620 2495/2623/2619 2497/2625/2621
f 2497/2625/2621 2495/2623/2619 2494/2622/2618
f 2234/2336/2321 2496/2624/2620 2498/2626/2622
f 2498/2626/2622 2496/2624/2620 2497/2625/2621
f 2234/2336/2321 2498/2626/2622 2225/2327/2312
f 2225/2327/2312 2498/2626/2622 2210/2312/2297
f 2498/2626/2622 2497/2625/2621 2499/2627/2623
f 2499/2627/2623 2497/2625/2621 2494/2622/2618
f 2210/2312/2297 2498/2626/2622 2500/2628/2624
f 2210/2312/2297 2500/2628/2624 2204/2306/2291
f 2204/2306/2291 2500/2628/2624 2203/2305/2290
f 2500/2628/2624 2498/2626/2622 2501/2629/2625
f 2501/2629/2625 2498/2626/2622 2499/2627/2623
f 2203/2305/2290 2500/2628/2624 2502/2630/2626
f 2502/2630/2626 2500/2628/2624 2501/2629/2625
f 2203/2305/2290 2502/2630/2626 2150/2245/2234
f 2501/2629/2625 2499/2627/2623 2503/2631/2627
f 2503/2631/2627 2499/2627/2623 2494/2622/2618
f 2501/2629/2625 2503/2631/2627 2502/2630/2626
f 2150/2245/2234 2502/2630/2626 2504/2632/2628
f 2504/2632/2628 2502/2630/2626 2503/2631/2627
f 2503/2631/2627 2494/2622/2618 2505/2633/2629
f 2503/2631/2630 2505/2633/2631 2504/2632/2632
f 2505/2633/2629 2494/2622/2618 2151/2246/2235
f 2150/2245/2234 2504/2632/2628 2506/2634/2633
f 2506/2634/2634 2504/2632/2632 2505/2633/2631
f 2506/2634/2633 2505/2633/2629 2151/2246/2235
f 2150/2245/2234 2506/2634/2633 2147/2242/2231
f 2147/2242/2231 2506/2634/2633 2151/2246/2235
f 654/2635/654 655/2636/655 2507/2637/2635
f 2507/2637/2635 655/2636/655 2508/2638/2636
f 2508/2638/2636 655/2636/655 656/2639/656
f 654/2635/654 2507/2637/2635 2509/2640/2637
f 654/2635/654 2509/2640/2637 717/2641/717
f 717/2641/717 2509/2640/2637 1080/2642/1105
f 2509/2640/2637 2507/2637/2635 2510/2643/2638
f 2509/2640/2637 2510/2643/2638 1080/2642/1105
f 2510/2643/2638 2507/2637/2635 2511/2644/2639
f 2511/2644/2639 2507/2637/2635 2508/2638/2636
f 1080/2642/1105 2510/2643/2638 2512/2645/2640
f 1080/2642/1105 2512/2645/2640 1082/2646/1107
f 2510/2643/2638 2511/2644/2639 2513/2647/2641
f 2510/2643/2638 2513/2647/2641 2512/2645/2640
f 1082/2646/1107 2512/2645/2640 2514/2648/2642
f 2514/2648/2642 2512/2645/2640 2513/2647/2641
f 1082/2646/1107 2514/2648/2642 2515/2649/2643
f 1082/2646/1107 2515/2649/2643 1083/2650/1108
f 2514/2648/2642 2513/2647/2641 2516/2651/2644
f 2513/2647/2641 2511/2644/2639 2517/2652/2645
f 2513/2647/2641 2517/2652/2645 2516/2651/2644
f 2514/2648/2642 2516/2651/2644 2518/2653/2646
f 2514/2648/2642 2518/2653/2646 2515/2649/2643
f 2516/2651/2644 2517/2652/2645 2519/2654/2647
f 2517/2652/2645 2511/2644/2639 2520/2655/2648
f 2520/2655/2648 2511/2644/2639 2508/2638/2636
f 2516/2651/2644 2519/2654/2647 2521/2656/2649
f 2516/2651/2644 2521/2656/2649 2518/2653/2646
f 2519/2654/2647 2517/2652/2645 2522/2657/2650
f 2519/2654/2647 2522/2657/2650 2521/2656/2649
f 2517/2652/2645 2520/2655/2648 2523/2658/2651
f 2517/2652/2645 2523/2658/2651 2522/2657/2650
f 2520/2655/2648 2508/2638/2636 2524/2659/2652
f 2520/2655/2648 2524/2659/2652 2523/2658/2651
f 2524/2659/2652 2508/2638/2636 2525/2660/2653
f 2525/2660/2653 2508/2638/2636 656/2639/656
f 2525/2660/2653 656/2639/656 662/2661/662
f 2525/2660/2653 662/2661/662 665/2662/665
f 2524/2659/2652 2525/2660/2653 2526/2663/2654
f 2524/2659/2652 2526/2663/2654 2523/2658/2651
f 2525/2660/2653 665/2662/665 2527/2664/2655
f 2525/2660/2653 2527/2664/2655 2526/2663/2654
f 2527/2664/2655 665/2662/665 669/2665/669
f 2523/2658/2651 2526/2663/2654 2528/2666/2656
f 2523/2658/2651 2528/2666/2656 2522/2657/2650
f 2526/2663/2654 2527/2664/2655 2529/2667/2657
f 2526/2663/2654 2529/2667/2657 2528/2666/2656
f 2527/2664/2655 669/2665/669 2530/2668/2658
f 2527/2664/2655 2530/2668/2658 2529/2667/2657
f 2530/2668/2658 669/2665/669 1040/2669/1062
f 2522/2657/2650 2528/2666/2656 2531/2670/2659
f 2522/2657/2650 2531/2670/2659 2521/2656/2649
f 2528/2666/2656 2529/2667/2657 2532/2671/2660
f 2529/2667/2657 2530/2668/2658 2533/2672/2661
f 2529/2667/2657 2533/2672/2661 2532/2671/2660
f 2531/2670/2659 2528/2666/2656 2534/2673/2662
f 2534/2673/2662 2528/2666/2656 2532/2671/2660
f 2521/2656/2649 2531/2670/2659 2535/2674/2663
f 2535/2674/2663 2531/2670/2659 2534/2673/2662
f 2533/2672/2661 2530/2668/2658 2536/2675/2664
f 2536/2675/2664 2530/2668/2658 1040/2669/1062
f 2532/2671/2660 2533/2672/2661 2537/2676/2665
f 2537/2676/2665 2533/2672/2661 2536/2675/2664
f 2536/2675/2664 1040/2669/1062 2538/2677/2666
f 2536/2675/2664 2538/2677/2666 2537/2676/2665
f 2538/2677/2666 1040/2669/1062 1037/2678/1059
f 2538/2677/2666 1037/2678/1059 1036/2273/1058
f 2538/2677/2666 1036/2273/1058 2539/2679/2667
f 2538/2677/2666 2539/2679/2667 2537/2676/2665
f 2539/2679/2667 1036/2273/1058 2540/2680/2668
f 2540/2680/2668 1036/2273/1058 2174/2272/2258
f 2540/2680/2668 2174/2272/2258 2166/2261/2250
f 2540/2680/2668 2166/2261/2250 1933/2020/1995
f 2540/2680/2668 1933/2020/1995 2539/2679/2667
f 2537/2676/2665 2539/2679/2667 2541/2681/2669
f 2541/2681/2669 2539/2679/2667 1933/2020/1995
f 2542/2682/2670 2532/2671/2660 2537/2676/2665
f 2541/2681/2669 1933/2020/1995 2543/2683/2671
f 2543/2683/2671 1933/2020/1995 1931/2018/1992
f 2537/2676/2672 2541/2681/2672 2544/2684/2672
f 2537/2676/2673 2544/2684/2673 2542/2682/2673
f 2544/2684/2674 2541/2681/2669 2543/2683/2671
f 2543/2683/2671 1931/2018/1992 1926/2013/1986
f 2543/2683/2671 1926/2013/1986 2544/2684/2674
f 2545/2685/2675 2532/2671/2660 2542/2682/2670
f 2545/2685/2675 2542/2682/2670 2544/2684/2674
f 2532/2671/2660 2545/2685/2675 2534/2673/2662
f 2544/2684/2674 1926/2013/1986 2546/2686/2676
f 2544/2684/2674 2546/2686/2676 2545/2685/2675
f 2534/2673/2662 2545/2685/2675 2547/2687/2677
f 2547/2687/2677 2545/2685/2675 2546/2686/2676
f 2534/2673/2662 2547/2687/2677 2548/2688/2678
f 2546/2686/2676 1926/2013/1986 2549/2689/2679
f 2546/2686/2676 2549/2689/2679 2547/2687/2677
f 2547/2687/2677 2549/2689/2679 2548/2688/2678
f 2549/2689/2679 1926/2013/1986 1920/2007/1979
f 2534/2673/2662 2548/2688/2678 2535/2674/2663
f 2549/2689/2679 1920/2007/1979 2550/2690/2680
f 2549/2689/2679 2550/2690/2680 2548/2688/2678
f 2550/2690/2680 1920/2007/1979 1918/2005/1977
f 2548/2688/2678 2550/2690/2680 2551/2691/2681
f 2551/2691/2681 2550/2690/2680 1918/2005/1977
f 2548/2688/2678 2551/2691/2681 2535/2674/2663
f 2551/2691/2681 1918/2005/1977 2552/2692/2682
f 2535/2674/2663 2551/2691/2681 2553/2693/2683
f 2553/2693/2683 2551/2691/2681 2552/2692/2682
f 2552/2692/2682 1918/2005/1977 1915/2002/1974
f 2535/2674/2663 2553/2693/2683 2554/2694/2684
f 2554/2694/2684 2553/2693/2683 2552/2692/2682
f 2535/2674/2663 2554/2694/2684 2555/2695/2685
f 2535/2674/2663 2555/2695/2685 2521/2656/2649
f 2552/2692/2682 1915/2002/1974 2556/2696/2686
f 2556/2696/2686 1915/2002/1974 1914/2001/1973
f 2554/2694/2684 2552/2692/2682 2557/2697/2687
f 2557/2697/2687 2552/2692/2682 2556/2696/2686
f 2555/2695/2685 2554/2694/2684 2558/2698/2688
f 2558/2698/2688 2554/2694/2684 2557/2697/2687
f 2521/2656/2649 2555/2695/2685 2559/2699/2689
f 2521/2656/2649 2559/2699/2689 2518/2653/2646
f 2555/2695/2685 2558/2698/2688 2560/2700/2690
f 2555/2695/2685 2560/2700/2690 2559/2699/2689
f 2558/2698/2688 2557/2697/2687 2561/2701/2691
f 2561/2701/2691 2557/2697/2687 2556/2696/2686
f 2558/2698/2688 2561/2701/2691 2560/2700/2690
f 2518/2653/2646 2559/2699/2689 2562/2702/2692
f 2562/2702/2692 2559/2699/2689 2560/2700/2690
f 2518/2653/2646 2562/2702/2692 2515/2649/2643
f 2562/2702/2692 2560/2700/2690 2563/2703/2693
f 2563/2703/2693 2560/2700/2690 2561/2701/2691
f 2515/2649/2643 2562/2702/2692 2564/2704/2694
f 2564/2704/2694 2562/2702/2692 2563/2703/2693
f 2515/2649/2643 2564/2704/2694 1083/2650/1108
f 1083/2650/1108 2564/2704/2694 2565/2705/2695
f 2565/2705/2695 2564/2704/2694 2563/2703/2693
f 1083/2650/1108 2565/2705/2695 1087/2706/1112
f 2563/2703/2693 2561/2701/2691 2566/2707/2696
f 2563/2703/2693 2566/2707/2696 2565/2705/2695
f 1087/2706/1112 2565/2705/2695 2567/2708/2697
f 1087/2706/1112 2567/2708/2697 1092/2709/1120
f 2565/2705/2695 2566/2707/2696 2568/2710/2698
f 2565/2705/2695 2568/2710/2698 2567/2708/2697
f 2566/2707/2696 2561/2701/2691 2569/2711/2699
f 2566/2707/2696 2569/2711/2699 2568/2710/2698
f 2569/2711/2699 2561/2701/2691 2570/2712/2700
f 2570/2712/2700 2561/2701/2691 2556/2696/2686
f 2568/2710/2698 2569/2711/2699 2571/2713/2701
f 2571/2713/2701 2569/2711/2699 2570/2712/2700
f 2567/2708/2697 2568/2710/2698 2572/2714/2702
f 2567/2708/2703 2572/2714/2703 1092/2709/2703
f 2568/2710/2698 2571/2713/2701 2573/2715/2704
f 2568/2710/2698 2573/2715/2704 2572/2714/2702
f 1092/2709/1120 2572/2714/2702 2574/2716/2705
f 1092/2709/1120 2574/2716/2705 1093/2717/1121
f 2572/2714/2702 2573/2715/2704 2575/2718/2706
f 2572/2714/2702 2575/2718/2706 2574/2716/2705
f 1093/2717/1121 2574/2716/2705 2576/2719/2707
f 1093/2717/1121 2576/2719/2707 1095/2720/1123
f 2574/2716/2705 2575/2718/2706 2577/2721/2708
f 2574/2716/2705 2577/2721/2708 2576/2719/2707
f 1095/2720/1123 2576/2719/2707 2578/2722/2709
f 1095/2720/1123 2578/2722/2709 1105/2723/1138
f 2576/2719/2707 2577/2721/2708 2579/2724/2710
f 2576/2719/2707 2579/2724/2710 2578/2722/2709
f 1105/2723/1138 2578/2722/2709 2580/2725/2711
f 2580/2725/2711 2578/2722/2709 2579/2724/2710
f 1105/2723/1138 2580/2725/2711 1110/2726/1143
f 2581/2727/2712 2577/2721/2708 2575/2718/2706
f 2579/2724/2710 2577/2721/2708 2582/2728/2713
f 2582/2728/2713 2577/2721/2708 2581/2727/2712
f 2580/2725/2711 2579/2724/2710 2583/2729/2714
f 2583/2729/2714 2579/2724/2710 2582/2728/2713
f 1110/2726/1143 2580/2725/2711 2584/2730/2715
f 2584/2730/2715 2580/2725/2711 2583/2729/2714
f 1110/2726/1143 2584/2730/2715 1112/1831/1145
f 1112/1831/1145 2584/2730/2715 1760/1835/1811
f 2584/2730/2715 2583/2729/2714 2585/2731/2716
f 2584/2730/2715 2585/2731/2716 1760/1835/1811
f 2583/2729/2714 2582/2728/2713 2586/2732/2717
f 2583/2729/2714 2586/2732/2717 2585/2731/2716
f 2586/2732/2717 2582/2728/2713 2581/2727/2712
f 1760/1835/1811 2585/2731/2716 2587/2733/2718
f 2588/2734/2719 2581/2727/2712 2575/2718/2706
f 2588/2734/2719 2575/2718/2706 2573/2715/2704
f 1760/1835/1811 2587/2733/2718 2589/2735/2720
f 1760/1835/1811 2589/2735/2720 1762/1838/1813
f 2587/2733/2718 2585/2731/2716 2590/2736/2721
f 1762/1838/1813 2589/2735/2720 2591/2737/2722
f 1762/1838/1813 2591/2737/2722 1763/1839/1814
f 2589/2735/2720 2587/2733/2718 2592/2738/2723
f 2592/2738/2723 2587/2733/2718 2590/2736/2721
f 2591/2737/2722 2589/2735/2720 2593/2739/2724
f 2593/2739/2724 2589/2735/2720 2592/2738/2723
f 2590/2736/2721 2585/2731/2716 2594/2740/2725
f 2594/2740/2725 2585/2731/2716 2586/2732/2717
f 2592/2738/2723 2590/2736/2721 2595/2741/2726
f 2592/2738/2723 2595/2741/2726 2593/2739/2724
f 2590/2736/2721 2594/2740/2725 2596/2742/2727
f 2590/2736/2721 2596/2742/2727 2595/2741/2726
f 2594/2740/2725 2586/2732/2717 2597/2743/2728
f 2594/2740/2725 2597/2743/2728 2596/2742/2727
f 2597/2743/2728 2586/2732/2717 2581/2727/2712
f 2597/2743/2728 2581/2727/2712 2598/2744/2729
f 2596/2742/2727 2597/2743/2728 2599/2745/2730
f 2599/2745/2730 2597/2743/2728 2598/2744/2729
f 2598/2744/2729 2581/2727/2712 2588/2734/2719
f 2596/2742/2727 2599/2745/2730 2600/2746/2731
f 2601/2747/2732 2595/2741/2726 2596/2742/2727
f 2601/2747/2732 2596/2742/2727 2600/2746/2731
f 2595/2741/2726 2601/2747/2732 2602/2748/2733
f 2595/2741/2726 2602/2748/2733 2593/2739/2724
f 2601/2747/2732 2600/2746/2731 2603/2749/2734
f 2600/2746/2731 2599/2745/2730 2604/2750/2735
f 2600/2746/2731 2604/2750/2735 2603/2749/2734
f 2604/2750/2735 2599/2745/2730 2605/2751/2736
f 2605/2751/2736 2599/2745/2730 2598/2744/2729
f 2603/2749/2734 2604/2750/2735 1850/1937/1909
f 1850/1937/1909 2604/2750/2735 1853/1940/1912
f 1853/1940/1912 2604/2750/2735 2605/2751/2736
f 2603/2749/2734 1850/1937/1909 1843/1930/1902
f 1853/1940/1912 2605/2751/2736 1858/1945/1917
f 2603/2749/2734 1843/1930/1902 2606/2752/2737
f 2603/2749/2734 2606/2752/2737 2601/2747/2732
f 2606/2752/2737 1843/1930/1902 1839/1926/1898
f 2601/2747/2732 2606/2752/2737 2602/2748/2733
f 2606/2752/2737 1839/1926/1898 1840/1927/1899
f 2606/2752/2737 1840/1927/1899 2602/2748/2733
f 1858/1945/1917 2605/2751/2736 2607/2753/2738
f 2607/2753/2738 2605/2751/2736 2598/2744/2729
f 2607/2753/2738 2598/2744/2729 2588/2734/2719
f 1858/1945/1917 2607/2753/2738 1864/1951/1923
f 2602/2748/2733 1840/1927/1899 2608/2754/2739
f 2607/2753/2738 2588/2734/2719 2609/2755/2740
f 2607/2753/2738 2609/2755/2740 1864/1951/1923
f 2602/2748/2733 2608/2754/2739 2593/2739/2724
f 2608/2754/2739 1840/1927/1899 1808/1895/1864
f 2609/2755/2740 2588/2734/2719 2610/2756/2741
f 2609/2755/2740 2610/2756/2741 1864/1951/1923
f 2610/2756/2741 2588/2734/2719 2573/2715/2704
f 2610/2756/2741 2573/2715/2704 2571/2713/2701
f 1864/1951/1923 2610/2756/2741 2611/2757/2742
f 2611/2757/2742 2610/2756/2741 2571/2713/2701
f 1864/1951/1923 2611/2757/2742 1863/1950/1922
f 2611/2757/2742 2571/2713/2701 2570/2712/2700
f 2612/2758/2743 2608/2754/2739 1808/1895/1864
f 2608/2754/2739 2612/2758/2743 2593/2739/2724
f 2612/2758/2743 1808/1895/1864 1801/1888/1856
f 2593/2739/2724 2612/2758/2743 2613/2759/2744
f 2593/2739/2724 2613/2759/2744 2591/2737/2722
f 2612/2758/2743 1801/1888/1856 2614/2760/2745
f 2612/2758/2743 2614/2760/2745 2613/2759/2744
f 2614/2760/2745 1801/1888/1856 1799/1886/1854
f 2591/2737/2722 2613/2759/2744 2615/2761/2746
f 2615/2761/2746 2613/2759/2744 2614/2760/2745
f 2591/2737/2722 2615/2761/2746 1763/1839/1814
f 2614/2760/2745 1799/1886/1854 2616/2762/2747
f 2614/2760/2745 2616/2762/2747 2615/2761/2746
f 2616/2762/2747 1799/1886/1854 1772/1853/1823
f 1763/1839/1814 2615/2761/2746 2617/2763/2748
f 2617/2763/2748 2615/2761/2746 2616/2762/2747
f 1763/1839/1814 2617/2763/2748 1767/1846/1818
f 2616/2762/2747 1772/1853/1823 2618/2764/2749
f 2616/2762/2747 2618/2764/2749 2617/2763/2748
f 2617/2763/2748 2618/2764/2749 1767/1846/1818
f 2618/2764/2749 1772/1853/1823 1768/1847/1819
f 2618/2764/2749 1768/1847/1819 1767/1846/1818
f 2619/2765/2750 2570/2712/2700 2556/2696/2686
f 2619/2765/2750 2556/2696/2686 1914/2001/1973
f 2570/2712/2700 2619/2765/2750 2611/2757/2742
f 2619/2765/2750 1914/2001/1973 1870/1957/1929
f 2611/2757/2742 2619/2765/2750 2620/2766/2751
f 2620/2766/2751 2619/2765/2750 1870/1957/1929
f 2611/2757/2742 2620/2766/2751 1863/1950/1922
f 2620/2766/2751 1870/1957/1929 1862/1949/1921
f 2620/2766/2751 1862/1949/1921 1863/1950/1922
f 2621/2767/2752 1235/1309/1269 1253/1327/1288
f 1235/1309/1269 2621/2767/2752 1236/1310/1270
f 2621/2767/2752 1253/1327/1288 2622/2768/2753
f 2622/2768/2753 1253/1327/1288 1250/1324/1285
f 2622/2768/2753 1250/1324/1285 2623/2769/2754
f 2623/2769/2754 1250/1324/1285 1256/1330/1291
f 2622/2768/2753 2623/2769/2754 2624/2770/2755
f 2621/2767/2752 2622/2768/2753 2625/2771/2756
f 2625/2771/2756 2622/2768/2753 2624/2770/2755
f 2626/2772/2757 1236/1310/1270 2621/2767/2752
f 1236/1310/1270 2626/2772/2757 1226/1300/1260
f 1226/1300/1260 2626/2772/2757 1229/1303/1263
f 2621/2767/2752 2625/2771/2756 2627/2773/2758
f 2627/2773/2758 2625/2771/2756 2624/2770/2755
f 2626/2772/2757 2621/2767/2752 2628/2774/2759
f 2628/2774/2759 2621/2767/2752 2627/2773/2758
f 1229/1303/1263 2626/2772/2757 2629/2775/2760
f 2629/2775/2760 2626/2772/2757 2628/2774/2759
f 1229/1303/1263 2629/2775/2760 1230/1304/1264
f 1230/1304/1264 2629/2775/2760 1606/1678/1648
f 1606/1678/1648 2629/2775/2760 2630/2776/2761
f 2630/2776/2761 2629/2775/2760 2628/2774/2759
f 1606/1678/1648 2630/2776/2761 1590/1662/1632
f 2628/2774/2759 2627/2773/2758 2631/2777/2762
f 2628/2774/2759 2631/2777/2762 2630/2776/2761
f 1590/1662/1632 2630/2776/2761 2632/2778/2763
f 2632/2778/2763 2630/2776/2761 2631/2777/2762
f 1590/1662/1632 2632/2778/2763 1589/1661/1631
f 2631/2777/2762 2627/2773/2758 2633/2779/2764
f 2633/2779/2764 2627/2773/2758 2624/2770/2755
f 2632/2778/2763 2631/2777/2762 2634/2780/2765
f 2634/2780/2765 2631/2777/2762 2633/2779/2764
f 2632/2778/2763 2634/2780/2765 1589/1661/1631
f 2633/2779/2764 2624/2770/2755 2635/2781/2766
f 2634/2780/2765 2633/2779/2764 2636/2782/2767
f 2636/2782/2767 2633/2779/2764 2635/2781/2766
f 2634/2780/2765 2636/2782/2767 2637/2783/2768
f 2634/2780/2765 2637/2783/2768 1589/1661/1631
f 2636/2782/2767 2635/2781/2766 2638/2784/2769
f 2635/2781/2766 2624/2770/2755 2639/2785/2770
f 2639/2785/2770 2624/2770/2755 2623/2769/2754
f 2639/2785/2770 2623/2769/2754 1256/1330/1291
f 2635/2781/2766 2639/2785/2770 2640/2786/2771
f 2635/2781/2766 2640/2786/2771 2638/2784/2769
f 2639/2785/2770 1256/1330/1291 2641/2787/2772
f 2639/2785/2770 2641/2787/2772 2640/2786/2771
f 2641/2787/2772 1256/1330/1291 2642/2788/2773
f 2642/2788/2773 1256/1330/1291 1255/1329/1290
f 2642/2788/2773 1255/1329/1290 1262/1336/1297
f 2641/2787/2772 2642/2788/2773 2643/2789/2774
f 2641/2787/2772 2643/2789/2774 2640/2786/2771
f 2642/2788/2773 1262/1336/1297 2644/2790/2775
f 2642/2788/2773 2644/2790/2775 2643/2789/2774
f 2644/2790/2775 1262/1336/1297 1272/1346/1308
f 2640/2786/2771 2643/2789/2774 2645/2791/2776
f 2640/2786/2771 2645/2791/2776 2638/2784/2769
f 2643/2789/2774 2644/2790/2775 2646/2792/2777
f 2643/2789/2774 2646/2792/2777 2645/2791/2776
f 2644/2790/2775 1272/1346/1308 2647/2793/2778
f 2647/2793/2778 1272/1346/1308 1277/1351/1313
f 2646/2792/2777 2644/2790/2775 2648/2794/2779
f 2648/2794/2779 2644/2790/2775 2647/2793/2778
f 2646/2792/2777 2648/2794/2779 2649/2795/2780
f 2646/2792/2777 2649/2795/2780 2645/2791/2776
f 2648/2794/2779 2647/2793/2778 2650/2796/2781
f 2648/2794/2779 2650/2796/2781 2649/2795/2780
f 2647/2793/2778 1277/1351/1313 2651/2797/2782
f 2647/2793/2778 2651/2797/2782 2650/2796/2781
f 2651/2797/2782 1277/1351/1313 1287/1361/1323
f 2651/2797/2782 1287/1361/1323 2652/2798/2783
f 2652/2798/2783 1287/1361/1323 1288/1362/1324
f 2650/2796/2781 2651/2797/2782 2653/2799/2784
f 2653/2799/2784 2651/2797/2782 2652/2798/2783
f 2652/2798/2783 1288/1362/1324 2654/2800/2785
f 2654/2800/2785 1288/1362/1324 1290/1364/1326
f 2653/2799/2784 2652/2798/2783 2655/2801/2786
f 2655/2801/2786 2652/2798/2783 2654/2800/2785
f 2650/2796/2781 2653/2799/2784 2656/2802/2787
f 2653/2799/2784 2655/2801/2786 2657/2803/2788
f 2653/2799/2784 2657/2803/2788 2656/2802/2787
f 2655/2801/2786 2654/2800/2785 2658/2804/2789
f 2655/2801/2786 2658/2804/2789 2657/2803/2788
f 2654/2800/2785 1290/1364/1326 2659/2805/2790
f 2658/2804/2789 2654/2800/2785 2660/2806/2791
f 2660/2806/2791 2654/2800/2785 2659/2805/2790
f 2650/2796/2781 2656/2802/2787 2661/2807/2792
f 2650/2796/2781 2661/2807/2792 2649/2795/2780
f 2662/2808/2793 2656/2802/2787 2657/2803/2788
f 2649/2795/2780 2661/2807/2792 2663/2809/2794
f 2649/2795/2780 2663/2809/2794 2645/2791/2776
f 2661/2807/2792 2656/2802/2787 2664/2810/2795
f 2664/2810/2795 2656/2802/2787 2662/2808/2793
f 2663/2809/2794 2661/2807/2792 2665/2811/2796
f 2665/2811/2796 2661/2807/2792 2664/2810/2795
f 2645/2791/2776 2663/2809/2794 2666/2812/2797
f 2666/2812/2797 2663/2809/2794 2665/2811/2796
f 2645/2791/2776 2666/2812/2797 2667/2813/2798
f 2645/2791/2776 2667/2813/2798 2638/2784/2769
f 2638/2784/2769 2667/2813/2798 2636/2782/2767
f 2636/2782/2767 2667/2813/2798 2637/2783/2768
f 2667/2813/2798 2666/2812/2797 2668/2814/2799
f 2667/2813/2798 2668/2814/2799 2637/2783/2768
f 2666/2812/2797 2665/2811/2796 2669/2815/2800
f 2666/2812/2797 2669/2815/2800 2668/2814/2799
f 2669/2815/2800 2665/2811/2796 2670/2816/2801
f 2670/2816/2801 2665/2811/2796 2664/2810/2795
f 2637/2783/2768 2668/2814/2799 2671/2817/2802
f 2637/2783/2768 2671/2817/2802 1589/1661/1631
f 2668/2814/2799 2669/2815/2800 2672/2818/2803
f 2668/2814/2799 2672/2818/2803 2671/2817/2802
f 2669/2815/2800 2670/2816/2801 2673/2819/2804
f 2669/2815/2800 2673/2819/2804 2672/2818/2803
f 1589/1661/1631 2671/2817/2802 2674/2820/2805
f 1589/1661/1631 2674/2820/2805 2675/2821/2806
f 2675/2821/2806 2674/2820/2805 2671/2817/2802
f 2675/2821/2806 2671/2817/2802 2672/2818/2803
f 1589/1661/1631 2675/2821/2806 1579/1651/1621
f 1579/1651/1621 2675/2821/2806 1572/1644/1614
f 1572/1644/1614 2675/2821/2806 2672/2818/2803
f 1572/1644/1614 2672/2818/2803 2673/2819/2804
f 1572/1644/1614 2673/2819/2804 1571/1643/1613
f 1571/1643/1613 2673/2819/2804 2670/2816/2801
f 2676/2822/2807 2670/2816/2801 2664/2810/2795
f 2670/2816/2801 2676/2822/2807 1571/1643/1613
f 2676/2822/2807 2664/2810/2795 2662/2808/2793
f 1571/1643/1613 2676/2822/2807 2677/2823/2808
f 1571/1643/1613 2677/2823/2808 1561/1633/1603
f 2677/2823/2808 2676/2822/2807 2678/2824/2809
f 2677/2823/2808 2678/2824/2809 1561/1633/1603
f 2678/2824/2809 2676/2822/2807 2662/2808/2793
f 1561/1633/1603 2678/2824/2809 1558/1630/1600
f 2678/2824/2809 2662/2808/2793 2679/2825/2810
f 2679/2825/2810 2662/2808/2793 2657/2803/2788
f 2679/2825/2810 2657/2803/2788 2658/2804/2789
f 1558/1630/1600 2678/2824/2809 2680/2826/2811
f 2679/2825/2810 2658/2804/2789 2681/2827/2812
f 2681/2827/2812 2658/2804/2789 2660/2806/2791
f 2678/2824/2809 2679/2825/2810 2682/2828/2813
f 2682/2828/2813 2679/2825/2810 2681/2827/2812
f 2678/2824/2809 2682/2828/2813 2683/2829/2814
f 2678/2824/2809 2683/2829/2814 2680/2826/2811
f 2680/2826/2811 2683/2829/2814 2682/2828/2813
f 1558/1630/1600 2680/2826/2811 1560/1632/1602
f 2680/2826/2811 2682/2828/2813 2684/2830/2815
f 2680/2826/2811 2684/2830/2815 1560/1632/1602
f 2684/2830/2815 2682/2828/2813 2681/2827/2812
f 2685/2831/2816 2681/2827/2812 2660/2806/2791
f 2681/2827/2812 2685/2831/2816 2684/2830/2815
f 2685/2831/2816 2660/2806/2791 2659/2805/2790
f 1560/1632/1602 2684/2830/2815 2686/2832/2817
f 2686/2832/2817 2684/2830/2815 2685/2831/2816
f 1560/1632/1602 2686/2832/2817 2687/2833/2818
f 1560/1632/1602 2687/2833/2818 1548/1620/1590
f 2686/2832/2817 2685/2831/2816 2688/2834/2819
f 2688/2834/2819 2685/2831/2816 2659/2805/2790
f 2686/2832/2817 2688/2834/2819 2687/2833/2818
f 1548/1620/1590 2687/2833/2818 1542/1614/1584
f 2688/2834/2819 2659/2805/2790 2689/2835/2820
f 2687/2833/2818 2688/2834/2819 2690/2836/2821
f 2690/2836/2821 2688/2834/2819 2689/2835/2820
f 2689/2835/2820 2659/2805/2790 2691/2837/2822
f 2691/2837/2822 2659/2805/2790 1290/1364/1326
f 2691/2837/2822 1290/1364/1326 1292/1366/1328
f 2691/2837/2822 1292/1366/1328 1298/1372/1334
f 2689/2835/2820 2691/2837/2822 2692/2838/2823
f 2692/2838/2823 2691/2837/2822 1298/1372/1334
f 2689/2835/2820 2692/2838/2823 2690/2836/2821
f 2692/2838/2823 1298/1372/1334 2693/2839/2824
f 2693/2839/2824 1298/1372/1334 1304/1378/1340
f 2690/2836/2821 2692/2838/2823 2694/2840/2825
f 2694/2840/2825 2692/2838/2823 2693/2839/2824
f 2690/2836/2821 2694/2840/2825 2695/2841/2826
f 2690/2836/2821 2695/2841/2826 2687/2833/2818
f 2694/2840/2825 2693/2839/2824 2696/2842/2827
f 2696/2842/2827 2693/2839/2824 1304/1378/1340
f 2695/2841/2826 2694/2840/2825 2697/2843/2828
f 2697/2843/2828 2694/2840/2825 2696/2842/2827
f 2687/2833/2818 2695/2841/2826 2698/2844/2829
f 2698/2844/2829 2695/2841/2826 2697/2843/2828
f 2687/2833/2818 2698/2844/2829 1542/1614/1584
f 1542/1614/1584 2698/2844/2829 2699/2845/2830
f 2699/2845/2830 2698/2844/2829 2697/2843/2828
f 1542/1614/1584 2699/2845/2830 1539/1611/1581
f 2697/2843/2828 2696/2842/2827 2700/2846/2831
f 2697/2843/2828 2700/2846/2831 2699/2845/2830
f 2700/2846/2831 2696/2842/2827 2701/2847/2832
f 2701/2847/2832 2696/2842/2827 1304/1378/1340
f 2699/2845/2830 2700/2846/2831 2702/2848/2833
f 2702/2848/2833 2700/2846/2831 2701/2847/2832
f 1539/1611/1581 2699/2845/2830 2703/2849/2834
f 2703/2849/2834 2699/2845/2830 2702/2848/2833
f 1539/1611/1581 2703/2849/2834 1525/1597/1566
f 1525/1597/1566 2703/2849/2834 2704/2850/2835
f 2704/2850/2835 2703/2849/2834 2702/2848/2833
f 1525/1597/1566 2704/2850/2835 1523/1595/1564
f 1523/1595/1564 2704/2850/2835 2705/2851/2836
f 2705/2851/2836 2704/2850/2835 2702/2848/2833
f 1523/1595/1564 2705/2851/2836 1514/1586/1552
f 2706/2852/2837 2702/2848/2833 2701/2847/2832
f 2702/2848/2833 2706/2852/2837 2705/2851/2836
f 2706/2852/2837 2701/2847/2832 2707/2853/2838
f 2707/2853/2838 2701/2847/2832 1304/1378/1340
f 2705/2851/2836 2706/2852/2837 2708/2854/2839
f 2707/2853/2838 1304/1378/1340 2709/2855/2840
f 2709/2855/2840 1304/1378/1340 1302/1376/1338
f 2706/2852/2837 2707/2853/2838 2710/2856/2841
f 2706/2852/2837 2710/2856/2841 2708/2854/2839
f 2710/2856/2841 2707/2853/2838 2709/2855/2840
f 2709/2855/2840 1302/1376/1338 2711/2857/2842
f 2709/2855/2840 2711/2857/2842 2710/2856/2841
f 2711/2857/2842 1302/1376/1338 1305/1379/1341
f 2711/2857/2842 1305/1379/1341 1323/1397/1359
f 2710/2856/2841 2711/2857/2842 2712/2858/2843
f 2710/2856/2841 2712/2858/2843 2708/2854/2839
f 2712/2858/2843 2711/2857/2842 1323/1397/1359
f 2708/2854/2839 2712/2858/2843 2713/2859/2844
f 2708/2854/2839 2713/2859/2844 2705/2851/2836
f 2712/2858/2843 1323/1397/1359 2714/2860/2845
f 2712/2858/2843 2714/2860/2845 2713/2859/2844
f 2714/2860/2845 1323/1397/1359 2715/2861/2846
f 2715/2861/2846 1323/1397/1359 1322/1396/1358
f 2705/2851/2836 2713/2859/2844 2716/1586/2847
f 2705/2851/2836 2716/1586/2847 1514/1586/1552
f 1514/1586/1552 2716/1586/2847 2717/2862/2848
f 1514/1586/1552 2717/2862/2848 1509/1581/1547
f 2716/1586/2847 2713/2859/2844 2718/2863/2849
f 2716/1586/2847 2718/2863/2849 2717/2862/2848
f 1509/1581/1547 2717/2862/2848 2719/2864/2850
f 2719/2864/2850 2717/2862/2848 2718/2863/2849
f 1509/1581/1547 2719/2864/2850 1505/1577/1543
f 2718/2863/2849 2713/2859/2844 2720/2865/2851
f 2718/2863/2849 2720/2865/2851 2719/2864/2850
f 2720/2865/2851 2713/2859/2844 2714/2860/2845
f 1505/1577/1543 2719/2864/2850 2721/2866/2852
f 2721/2866/2852 2719/2864/2850 2720/2865/2851
f 2720/2865/2851 2714/2860/2845 2722/2867/2853
f 2720/2865/2851 2722/2867/2853 2721/2866/2852
f 2722/2867/2853 2714/2860/2845 2715/2861/2846
f 2722/2867/2853 2715/2861/2846 2723/2868/2854
f 2723/2868/2854 2715/2861/2846 1322/1396/1358
f 2721/2866/2852 2722/2867/2853 2724/2869/2855
f 2724/2869/2855 2722/2867/2853 2723/2868/2854
f 2723/2868/2854 1322/1396/1358 2725/2870/2856
f 2723/2868/2854 2725/2870/2856 2724/2869/2855
f 2725/2870/2856 1322/1396/1358 1320/1394/1356
f 2721/2866/2852 2724/2869/2855 2726/2871/2857
f 2721/2866/2852 2726/2871/2857 1505/1577/1543
f 2724/2869/2855 2725/2870/2856 2727/2872/2858
f 2724/2869/2855 2727/2872/2858 2726/2871/2857
f 2725/2870/2856 1320/1394/1356 2728/2873/2859
f 2725/2870/2856 2728/2873/2859 2727/2872/2858
f 2728/2873/2859 1320/1394/1356 1330/1404/1366
f 1505/1577/1543 2726/2871/2857 2729/2874/2860
f 2729/2874/2860 2726/2871/2857 2727/2872/2858
f 1505/1577/1543 2729/2874/2860 1500/1572/1538
f 1500/1572/1538 2729/2874/2860 1390/1464/1426
f 2729/2874/2860 2727/2872/2858 2730/2875/2861
f 2729/2874/2860 2730/2875/2861 1390/1464/1426
f 2730/2875/2861 2727/2872/2858 2728/2873/2859
f 2728/2873/2859 1330/1404/1366 2731/2876/2862
f 2731/2876/2862 1330/1404/1366 1331/1405/1367
f 2730/2875/2861 2728/2873/2859 2732/2877/2863
f 2732/2877/2863 2728/2873/2859 2731/2876/2862
f 1390/1464/1426 2730/2875/2861 2733/2878/2864
f 2733/2878/2864 2730/2875/2861 2732/2877/2863
f 2732/2877/2863 2731/2876/2862 2734/2879/2865
f 2734/2879/2865 2731/2876/2862 1331/1405/1367
f 2733/2878/2864 2732/2877/2863 2735/2880/2866
f 2735/2880/2866 2732/2877/2863 2734/2879/2865
f 1390/1464/1426 2733/2878/2864 2736/2881/2867
f 2736/2881/2867 2733/2878/2864 2735/2880/2866
f 1390/1464/1426 2736/2881/2867 1387/1461/1423
f 2734/2879/2865 1331/1405/1367 2737/2882/2868
f 2734/2879/2865 2737/2882/2868 2735/2880/2866
f 2737/2882/2868 1331/1405/1367 1336/1410/1372
f 1387/1461/1423 2736/2881/2867 1386/1460/1422
f 2736/2881/2867 2735/2880/2866 2738/2883/2869
f 2736/2881/2867 2738/2883/2869 1386/1460/1422
f 2738/2883/2869 2735/2880/2866 2737/2882/2868
f 1386/1460/1422 2738/2883/2869 2739/2884/2870
f 2737/2882/2868 1336/1410/1372 2740/2885/2871
f 2740/2885/2871 1336/1410/1372 1335/1409/1371
f 2738/2883/2869 2737/2882/2868 2741/2886/2872
f 2738/2883/2869 2741/2886/2872 2739/2884/2870
f 2741/2886/2872 2737/2882/2868 2740/2885/2871
f 1386/1460/1422 2739/2884/2870 2742/2887/2873
f 2742/2887/2873 2739/2884/2870 2741/2886/2872
f 1386/1460/1422 2742/2887/2873 1367/1441/1403
f 2741/2886/2872 2740/2885/2871 2743/2888/2874
f 2743/2888/2874 2740/2885/2871 1335/1409/1371
f 2741/2886/2872 2743/2888/2874 2742/2887/2873
f 2743/2888/2874 1335/1409/1371 1339/1413/1375
f 1367/1441/1403 2742/2887/2873 2744/2889/2875
f 2744/2889/2875 2742/2887/2873 2743/2888/2874
f 2744/2889/2875 2743/2888/2874 1339/1413/1375
f 1367/1441/1403 2744/2889/2875 1358/1432/1394
f 1358/1432/1394 2744/2889/2875 1339/1413/1375
f 2745/2890/2876 1021/1095/1043 1005/1079/1027
f 1021/1095/1043 2745/2890/2876 2746/2891/2877
f 1021/1095/1043 2746/2891/2877 1025/1099/1047
f 2745/2890/2876 1005/1079/1027 2747/2892/2878
f 2747/2892/2878 1005/1079/1027 1004/1078/1026
f 2745/2890/2876 2747/2892/2878 2748/2893/2879
f 2747/2892/2878 1004/1078/1026 2749/2894/2880
f 2749/2894/2880 1004/1078/1026 999/1073/1021
f 2747/2892/2878 2749/2894/2880 2750/2895/2881
f 2747/2892/2878 2750/2895/2881 2748/2893/2879
f 2749/2894/2880 999/1073/1021 2751/2896/2882
f 2751/2896/2882 999/1073/1021 979/1053/1001
f 2751/2896/2882 979/1053/1001 2752/2897/2883
f 2752/2897/2883 979/1053/1001 978/1052/1000
f 2752/2897/2883 978/1052/1000 2753/2898/2884
f 2752/2897/2883 2753/2898/2884 2751/2896/2882
f 2753/2898/2884 978/1052/1000 976/1050/998
f 2749/2894/2880 2751/2896/2882 2754/2899/2885
f 2749/2894/2880 2754/2899/2885 2750/2895/2881
f 2754/2899/2885 2751/2896/2882 2753/2898/2884
f 2753/2898/2884 976/1050/998 2755/2900/2886
f 2755/2900/2886 976/1050/998 974/1048/996
f 2753/2898/2884 2755/2900/2886 2756/2901/2887
f 2753/2898/2884 2756/2901/2887 2754/2899/2885
f 2755/2900/2886 974/1048/996 2757/2902/2888
f 2757/2902/2888 974/1048/996 970/1044/992
f 2756/2901/2887 2755/2900/2886 2758/2903/2889
f 2758/2903/2889 2755/2900/2886 2757/2902/2888
f 2754/2899/2885 2756/2901/2887 2759/2904/2890
f 2759/2904/2890 2756/2901/2887 2758/2903/2889
f 2757/2902/2888 970/1044/992 2760/2905/2891
f 2760/2905/2891 970/1044/992 971/1045/993
f 2757/2902/2888 2760/2905/2891 2761/2906/2892
f 2757/2902/2888 2761/2906/2892 2758/2903/2889
f 2760/2905/2891 971/1045/993 2762/2907/2893
f 2760/2905/2891 2762/2907/2893 2761/2906/2892
f 2762/2907/2893 971/1045/993 2763/2908/2894
f 2761/2906/2892 2762/2907/2893 2764/2909/2895
f 2764/2909/2895 2762/2907/2893 2763/2908/2894
f 2758/2903/2889 2761/2906/2892 2765/2910/2896
f 2765/2910/2896 2761/2906/2892 2764/2909/2895
f 2763/2908/2894 971/1045/993 2766/2911/2897
f 2766/2911/2897 971/1045/993 967/1041/989
f 2763/2908/2894 2766/2911/2897 2767/2912/2898
f 2763/2908/2894 2767/2912/2898 2764/2909/2895
f 2766/2911/2897 967/1041/989 972/1046/994
f 2767/2912/2898 2766/2911/2897 2768/2913/2899
f 2768/2913/2899 2766/2911/2897 972/1046/994
f 2767/2912/2898 2768/2913/2899 2764/2909/2895
f 2768/2913/2899 972/1046/994 2769/2914/2900
f 2764/2909/2895 2768/2913/2899 2770/2915/2901
f 2770/2915/2901 2768/2913/2899 2769/2914/2900
f 2769/2914/2900 972/1046/994 2771/2916/2902
f 2771/2916/2902 972/1046/994 964/1038/986
f 2770/2915/2901 2769/2914/2900 2772/2917/2903
f 2771/2916/2902 964/1038/986 2773/2918/2904
f 2773/2918/2904 964/1038/986 965/1039/987
f 2769/2914/2900 2771/2916/2902 2774/2919/2905
f 2773/2918/2904 965/1039/987 2775/2920/2906
f 2771/2916/2902 2773/2918/2904 2776/2921/2907
f 2771/2916/2902 2776/2921/2907 2774/2919/2905
f 2776/2921/2907 2773/2918/2904 2775/2920/2906
f 2775/2920/2908 965/1039/987 961/1035/982
f 2777/2922/2909 2772/2917/2903 2769/2914/2900
f 2777/2922/2909 2769/2914/2900 2774/2919/2905
f 2772/2917/2903 2777/2922/2909 2778/2923/2910
f 2772/2917/2903 2778/2923/2910 2770/2915/2901
f 2777/2922/2909 2774/2919/2905 2779/2924/2911
f 2777/2922/2909 2779/2924/2911 2778/2923/2910
f 2779/2924/2912 2774/2919/2912 2780/2925/2912
f 2780/2925/2913 2774/2919/2905 2776/2921/2907
f 2778/2923/2910 2779/2924/2911 2781/2926/2914
f 2781/2926/2914 2779/2924/2911 2780/2925/2913
f 2778/2923/2910 2781/2926/2914 2782/2927/2915
f 2783/2928/2916 2770/2915/2901 2778/2923/2910
f 2783/2928/2916 2778/2923/2910 2782/2927/2915
f 2770/2915/2901 2783/2928/2916 2784/2929/2917
f 2784/2929/2917 2783/2928/2916 2785/2930/2918
f 2785/2930/2918 2783/2928/2916 2782/2927/2915
f 2770/2915/2901 2784/2929/2917 2786/2931/2919
f 2770/2915/2901 2786/2931/2919 2764/2909/2895
f 2786/2931/2919 2784/2929/2917 2787/2932/2920
f 2787/2932/2920 2784/2929/2917 2785/2930/2918
f 2764/2909/2895 2786/2931/2919 2788/2933/2921
f 2788/2933/2921 2786/2931/2919 2787/2932/2920
f 2764/2909/2895 2788/2933/2921 2765/2910/2896
f 2788/2933/2921 2787/2932/2920 2789/2934/2922
f 2788/2933/2921 2789/2934/2922 2765/2910/2896
f 2787/2932/2920 2785/2930/2918 2790/2935/2923
f 2789/2934/2922 2787/2932/2920 2791/2936/2924
f 2791/2936/2924 2787/2932/2920 2790/2935/2923
f 2765/2910/2896 2789/2934/2922 2792/2937/2925
f 2765/2910/2896 2792/2937/2925 2758/2903/2889
f 2792/2937/2925 2789/2934/2922 2793/2934/2926
f 2793/2934/2926 2789/2934/2922 2794/2938/2927
f 2793/2934/2926 2794/2938/2927 2792/2937/2925
f 2794/2938/2927 2789/2934/2922 2791/2936/2924
f 2794/2938/2927 2791/2936/2924 2795/2939/2928
f 2792/2937/2925 2794/2938/2927 2796/2940/2929
f 2796/2940/2929 2794/2938/2927 2795/2939/2928
f 2797/2941/2930 2758/2903/2889 2792/2937/2925
f 2758/2903/2889 2797/2941/2930 2759/2904/2890
f 2797/2941/2930 2792/2937/2925 2798/2942/2931
f 2798/2942/2931 2792/2937/2925 2796/2940/2929
f 2759/2904/2890 2797/2941/2930 2799/2943/2932
f 2759/2904/2890 2799/2943/2932 2754/2899/2885
f 2797/2941/2930 2798/2942/2931 2800/2944/2933
f 2797/2941/2930 2800/2944/2933 2799/2943/2932
f 2754/2899/2885 2799/2943/2932 2801/2945/2934
f 2754/2899/2885 2801/2945/2934 2750/2895/2881
f 2750/2895/2881 2801/2945/2934 2748/2893/2879
f 2801/2945/2934 2799/2943/2932 2802/2946/2935
f 2801/2945/2934 2802/2946/2935 2748/2893/2879
f 2802/2946/2935 2799/2943/2932 2800/2944/2933
f 2803/2947/2936 2800/2944/2933 2798/2942/2931
f 2803/2947/2936 2798/2942/2931 2804/2948/2937
f 2804/2948/2937 2798/2942/2931 2796/2940/2929
f 2800/2944/2933 2803/2947/2936 2805/2949/2938
f 2803/2947/2936 2804/2948/2937 2806/2950/2939
f 2803/2947/2936 2806/2950/2939 2805/2949/2938
f 2800/2944/2933 2805/2949/2938 2807/2951/2940
f 2800/2944/2933 2807/2951/2940 2802/2946/2935
f 2805/2949/2938 2806/2950/2939 2808/2952/2941
f 2807/2951/2940 2805/2949/2938 2809/2953/2942
f 2809/2953/2942 2805/2949/2938 2808/2952/2941
f 2807/2951/2940 2809/2953/2942 2810/2954/2943
f 2807/2951/2940 2810/2954/2943 2802/2946/2935
f 2809/2953/2942 2808/2952/2941 2811/2955/2944
f 2809/2953/2942 2811/2955/2944 2812/2956/2945
f 2809/2953/2942 2812/2956/2945 2810/2954/2943
f 2811/2955/2944 2808/2952/2941 2189/2957/2274
f 2811/2955/2944 2189/2957/2274 2812/2956/2945
f 2812/2956/2945 2189/2957/2274 2184/2958/2269
f 2812/2956/2945 2184/2958/2269 2181/2959/2266
f 2189/2957/2274 2808/2952/2941 2813/2960/2946
f 2812/2956/2945 2181/2959/2266 2814/2961/2947
f 2812/2956/2945 2814/2961/2947 2810/2954/2943
f 2814/2961/2947 2181/2959/2266 2179/2962/2264
f 2810/2954/2943 2814/2961/2947 2815/2963/2948
f 2810/2954/2943 2815/2963/2948 2802/2946/2935
f 2814/2961/2947 2179/2962/2264 2816/2964/2949
f 2814/2961/2947 2816/2964/2949 2815/2963/2948
f 2816/2964/2949 2179/2962/2264 1027/1101/1049
f 2802/2946/2935 2815/2963/2948 2817/2965/2950
f 2802/2946/2935 2817/2965/2950 2748/2893/2879
f 2815/2963/2948 2816/2964/2949 2818/2966/2951
f 2815/2963/2948 2818/2966/2951 2817/2965/2950
f 2816/2964/2949 1027/1101/1049 2819/2967/2952
f 2816/2964/2949 2819/2967/2952 2818/2966/2951
f 2819/2967/2952 1027/1101/1049 1025/1099/1047
f 2819/2967/2952 1025/1099/1047 2746/2891/2877
f 2819/2967/2952 2746/2891/2877 2818/2966/2951
f 2820/2968/2953 2748/2893/2879 2817/2965/2950
f 2820/2968/2953 2817/2965/2950 2818/2966/2951
f 2820/2968/2953 2818/2966/2951 2746/2891/2877
f 2748/2893/2879 2820/2968/2953 2745/2890/2876
f 2745/2890/2876 2820/2968/2953 2746/2891/2877
f 2821/2969/2954 927/1001/939 924/998/936
f 927/1001/939 2821/2969/2954 2822/2970/2955
f 2821/2969/2954 924/998/936 2823/2971/2956
f 927/1001/939 2822/2970/2955 2824/2972/2957
f 927/1001/939 2824/2972/2957 931/1005/943
f 931/1005/943 2824/2972/2957 947/1021/962
f 2822/2970/2955 2821/2969/2954 2825/2973/2958
f 2825/2973/2958 2821/2969/2954 2823/2971/2956
f 2824/2972/2957 2822/2970/2955 2826/2974/2959
f 2826/2974/2959 2822/2970/2955 2825/2973/2958
f 947/1021/962 2824/2972/2957 2827/2975/2960
f 2827/2975/2960 2824/2972/2957 2826/2974/2959
f 947/1021/962 2827/2975/2960 2828/2976/2961
f 947/1021/962 2828/2976/2961 960/1034/978
f 2828/2976/2961 2827/2975/2960 2829/2977/2962
f 2829/2977/2962 2827/2975/2960 2826/2974/2959
f 960/1034/978 2828/2976/2961 2830/2978/2963
f 2830/2978/2963 2828/2976/2961 2829/2977/2962
f 960/1034/978 2830/2978/2963 2831/2979/2964
f 960/1034/2965 2831/2979/2966 961/1035/2967
f 2831/2979/2964 2830/2978/2963 2832/2980/2968
f 2832/2980/2968 2830/2978/2963 2829/2977/2962
f 961/1035/2967 2831/2979/2966 2833/2981/2969
f 2833/2981/2970 2831/2979/2970 2832/2980/2970
f 961/1035/2971 2833/2981/2972 2834/2982/2973
f 961/1035/2971 2834/2982/2973 2775/2920/2906
f 2834/2982/2973 2833/2981/2972 2835/2983/2974
f 2835/2983/2974 2833/2981/2972 2832/2980/2968
f 2775/2920/2906 2834/2982/2973 2836/2984/2975
f 2836/2984/2975 2834/2982/2973 2835/2983/2974
f 2775/2920/2906 2836/2984/2975 2776/2921/2907
f 2837/2985/2976 2832/2980/2968 2829/2977/2962
f 2776/2921/2907 2836/2984/2975 2838/2986/2977
f 2837/2985/2976 2829/2977/2962 2839/2987/2978
f 2836/2984/2975 2835/2983/2974 2840/2988/2979
f 2836/2984/2975 2840/2988/2979 2838/2986/2977
f 2841/2989/2980 2835/2983/2974 2832/2980/2968
f 2832/2980/2968 2837/2985/2976 2842/2990/2981
f 2832/2980/2968 2842/2990/2981 2841/2989/2980
f 2842/2990/2981 2837/2985/2976 2843/2991/2982
f 2843/2991/2982 2837/2985/2976 2839/2987/2978
f 2841/2989/2980 2842/2990/2981 2844/2992/2983
f 2835/2983/2974 2841/2989/2980 2845/2993/2984
f 2845/2993/2984 2841/2989/2980 2844/2992/2983
f 2835/2983/2974 2845/2993/2984 2846/2994/2985
f 2835/2983/2974 2846/2994/2985 2840/2988/2979
f 2842/2990/2981 2843/2991/2982 2847/2995/2986
f 2842/2990/2981 2847/2995/2986 2844/2992/2983
f 2845/2993/2987 2844/2992/2987 2848/2996/2987
f 2848/2996/2988 2844/2992/2983 2847/2995/2986
f 2846/2994/2985 2845/2993/2984 2849/2997/2989
f 2849/2997/2989 2845/2993/2984 2848/2996/2990
f 2840/2988/2979 2846/2994/2985 2850/2998/2991
f 2850/2998/2991 2846/2994/2985 2849/2997/2989
f 2840/2988/2979 2850/2998/2991 2851/2999/2992
f 2840/2988/2979 2851/2999/2992 2838/2986/2977
f 2850/2998/2991 2849/2997/2989 2852/3000/2993
f 2851/2999/2992 2850/2998/2991 2853/3001/2994
f 2853/3001/2994 2850/2998/2991 2852/3000/2993
f 2852/3000/2993 2849/2997/2989 2854/3002/2995
f 2854/3002/2995 2849/2997/2989 2848/2996/2990
f 2853/3001/2994 2852/3000/2993 2855/3003/2996
f 2852/3000/2993 2854/3002/2995 2856/3004/2997
f 2852/3000/2993 2856/3004/2997 2855/3003/2996
f 2856/3004/2997 2854/3002/2995 2857/3005/2998
f 2854/3002/2999 2848/2996/2999 2858/3006/2999
f 2854/3002/2995 2858/3006/3000 2857/3005/2998
f 2858/3006/3001 2848/2996/2988 2859/3007/3002
f 2859/3007/3002 2848/2996/2988 2847/2995/2986
f 2858/3006/3000 2859/3007/3002 2860/3008/3003
f 2860/3008/3003 2859/3007/3002 2847/2995/2986
f 2858/3006/3000 2860/3008/3003 2861/3009/3004
f 2858/3006/3000 2861/3009/3004 2857/3005/2998
f 2860/3008/3003 2847/2995/2986 2862/3010/3005
f 2863/3011/3006 2856/3004/2997 2857/3005/2998
f 2856/3004/2997 2863/3011/3006 2855/3003/2996
f 2857/3005/2998 2861/3009/3004 2864/3012/3007
f 2855/3003/2996 2863/3011/3006 2865/3013/3008
f 2861/3009/3004 2860/3008/3003 2866/3014/3009
f 2855/3003/2996 2865/3013/3008 2867/3015/3010
f 2866/3014/3009 2860/3008/3003 2868/3016/3011
f 2868/3016/3011 2860/3008/3003 2862/3010/3005
f 2861/3009/3004 2866/3014/3009 2869/3017/3012
f 2861/3009/3004 2869/3017/3012 2864/3012/3007
f 2866/3014/3009 2868/3016/3011 2870/3018/3013
f 2869/3017/3012 2866/3014/3009 2871/3019/3014
f 2868/3016/3011 2862/3010/3005 2872/3020/3015
f 2868/3016/3011 2872/3020/3015 2870/3018/3013
f 2866/3014/3009 2870/3018/3013 2873/3021/3016
f 2866/3014/3009 2873/3021/3016 2871/3019/3014
f 2870/3018/3013 2872/3020/3015 2874/3022/3017
f 2872/3020/3015 2862/3010/3005 2875/3023/3018
f 2872/3020/3015 2875/3023/3018 2874/3022/3017
f 2869/3017/3019 2871/3019/3019 2876/3024/3019
f 2869/3017/3012 2876/3024/3020 2864/3012/3007
f 2870/3018/3013 2874/3022/3017 2877/3025/3021
f 2870/3018/3013 2877/3025/3021 2873/3021/3016
f 2878/3026/3022 2871/3019/3014 2873/3021/3016
f 2871/3019/3014 2878/3026/3022 2879/3027/3023
f 2871/3019/3014 2879/3027/3023 2876/3024/3020
f 2878/3026/3022 2873/3021/3016 2880/3028/3024
f 2878/3026/3022 2880/3028/3024 2879/3027/3023
f 2873/3021/3016 2877/3025/3021 2881/3029/3025
f 2873/3021/3016 2881/3029/3025 2880/3028/3024
f 2882/3030/3026 2877/3025/3021 2874/3022/3017
f 2882/3030/3026 2874/3022/3017 2875/3023/3018
f 2881/3029/3025 2877/3025/3021 2883/3031/3027
f 2877/3025/3021 2882/3030/3026 2884/3032/3028
f 2883/3031/3027 2877/3025/3021 2885/3033/3029
f 2885/3033/3029 2877/3025/3021 2884/3032/3028
f 2882/3030/3026 2875/3023/3018 2886/3034/3030
f 2884/3032/3028 2882/3030/3026 2887/3035/3031
f 2887/3035/3031 2882/3030/3026 2886/3034/3030
f 2884/3032/3028 2887/3035/3031 2888/3036/3032
f 2884/3032/3028 2888/3036/3032 2885/3033/3029
f 2887/3035/3031 2886/3034/3030 2889/3037/3033
f 2888/3036/3032 2887/3035/3031 2890/3038/3034
f 2890/3038/3034 2887/3035/3031 2889/3037/3033
f 2891/3039/3035 2886/3034/3030 2875/3023/3018
f 2886/3034/3030 2891/3039/3035 2889/3037/3033
f 2891/3039/3035 2875/3023/3018 2892/3040/3036
f 2892/3040/3036 2875/3023/3018 2862/3010/3005
f 2892/3040/3036 2862/3010/3005 2893/3041/3037
f 2892/3040/3036 2893/3041/3037 2891/3039/3035
f 2893/3041/3037 2862/3010/3005 2847/2995/2986
f 2893/3041/3037 2847/2995/2986 2843/2991/2982
f 2893/3041/3037 2843/2991/2982 2839/2987/2978
f 2893/3041/3037 2839/2987/2978 2891/3039/3035
f 2891/3039/3035 2839/2987/2978 2894/3042/3038
f 2894/3042/3038 2839/2987/2978 2829/2977/2962
f 2894/3042/3038 2829/2977/2962 2826/2974/2959
f 2891/3039/3035 2894/3042/3038 2895/3043/3039
f 2895/3043/3039 2894/3042/3038 2826/2974/2959
f 2891/3039/3035 2895/3043/3039 2889/3037/3033
f 2895/3043/3039 2826/2974/2959 2896/3044/3040
f 2895/3043/3039 2896/3044/3040 2889/3037/3033
f 2896/3044/3040 2826/2974/2959 2825/2973/2958
f 2896/3044/3040 2825/2973/2958 2897/3045/3041
f 2897/3045/3041 2825/2973/2958 2823/2971/2956
f 2889/3037/3033 2896/3044/3040 2898/3046/3042
f 2898/3046/3042 2896/3044/3040 2897/3045/3041
f 2889/3037/3033 2898/3046/3042 2899/3047/3043
f 2889/3037/3033 2899/3047/3043 2890/3038/3034
f 2898/3046/3042 2897/3045/3041 2900/3048/3044
f 2898/3046/3042 2900/3048/3044 2899/3047/3043
f 2897/3045/3041 2823/2971/2956 2901/3049/3045
f 2901/3049/3045 2823/2971/2956 924/998/936
f 2901/3049/3045 924/998/936 922/996/934
f 2897/3045/3041 2901/3049/3045 2902/3050/3046
f 2902/3050/3046 2901/3049/3045 922/996/934
f 2900/3048/3044 2897/3045/3041 2903/3051/3047
f 2903/3051/3047 2897/3045/3041 2902/3050/3046
f 2902/3050/3046 922/996/934 2904/3052/3048
f 2902/3050/3046 2904/3052/3048 2903/3051/3047
f 2904/3052/3048 922/996/934 2905/3053/3049
f 2905/3053/3049 922/996/934 918/992/925
f 2905/3053/3049 918/992/925 909/983/915
f 2905/3053/3049 909/983/915 2906/3054/3050
f 2906/3054/3050 909/983/915 908/982/914
f 2904/3052/3048 2905/3053/3049 2907/3055/3051
f 2904/3052/3048 2907/3055/3051 2903/3051/3047
f 2905/3053/3049 2906/3054/3050 2908/3056/3052
f 2908/3056/3052 2906/3054/3050 908/982/914
f 2907/3055/3051 2905/3053/3049 2909/3057/3053
f 2909/3057/3054 2905/3053/3055 2908/3056/3056
f 2903/3051/3047 2907/3055/3051 2910/3058/3057
f 2910/3058/3057 2907/3055/3051 2909/3057/3053
f 2909/3057/3054 2908/3056/3056 2911/3059/3058
f 2909/3057/3059 2911/3059/3060 2910/3058/3061
f 2908/3056/3052 908/982/914 2912/3060/3062
f 2912/3060/3062 908/982/914 1661/1733/1709
f 2912/3060/3062 1661/1733/1709 1658/1730/1703
f 2908/3056/3052 2912/3060/3062 2913/3061/3063
f 2913/3061/3063 2912/3060/3062 1658/1730/1703
f 2911/3059/3064 2908/3056/3064 2914/3062/3064
f 2914/3062/3065 2908/3056/3066 2913/3061/3063
f 2911/3059/3067 2914/3062/3067 2915/3063/3067
f 2911/3059/3060 2915/3063/3068 2910/3058/3061
f 2914/3062/3065 2913/3061/3063 2916/3064/3069
f 2914/3062/3070 2916/3064/3071 2915/3063/3072
f 2913/3061/3063 1658/1730/1703 2917/3065/3073
f 2913/3061/3063 2917/3065/3073 2916/3064/3069
f 2917/3065/3073 1658/1730/1703 2918/3066/3074
f 2918/3066/3074 1658/1730/1703 1653/1725/1695
f 2916/3064/3069 2917/3065/3073 2919/3067/3075
f 2919/3067/3075 2917/3065/3073 2918/3066/3074
f 2916/3064/3071 2919/3067/3076 2915/3063/3072
f 2918/3066/3074 1653/1725/1695 2920/3068/3077
f 2918/3066/3074 2920/3068/3077 2919/3067/3075
f 2920/3068/3077 1653/1725/1695 1657/1729/3078
f 2915/3063/3079 2919/3067/3075 2921/3069/3080
f 2920/3068/3077 1657/1729/3078 2922/3070/3081
f 2922/3070/3082 1657/1729/1699 1586/1658/1702
f 2922/3070/3081 1586/1658/1628 1575/1647/1617
f 2922/3070/3081 1575/1647/1617 2923/3071/3083
f 2923/3071/3083 1575/1647/1617 1566/1638/1608
f 2923/3071/3083 1566/1638/1608 1563/1635/1605
f 2922/3070/3081 2923/3071/3083 2924/3072/3084
f 2922/3070/3081 2924/3072/3084 2920/3068/3077
f 2923/3071/3083 1563/1635/1605 2925/3073/3085
f 2923/3071/3083 2925/3073/3085 2924/3072/3084
f 2925/3073/3085 1563/1635/1605 2926/3074/3086
f 2924/3072/3084 2925/3073/3085 2927/3075/3087
f 2924/3072/3084 2927/3075/3087 2920/3068/3077
f 2927/3075/3087 2925/3073/3085 2926/3074/3086
f 2926/3074/3086 1563/1635/1605 1555/1627/1597
f 2920/3068/3077 2927/3075/3087 2928/3076/3088
f 2920/3068/3077 2928/3076/3088 2919/3067/3075
f 2927/3075/3087 2926/3074/3086 2929/3077/3089
f 2927/3075/3087 2929/3077/3089 2928/3076/3088
f 2919/3067/3075 2928/3076/3088 2930/3078/3090
f 2930/3078/3090 2928/3076/3088 2929/3077/3089
f 2919/3067/3075 2930/3078/3090 2921/3069/3080
f 2929/3077/3089 2926/3074/3086 2931/3079/3091
f 2929/3077/3089 2931/3079/3091 2930/3078/3090
f 2932/3080/3092 2926/3074/3086 1555/1627/1597
f 2926/3074/3086 2932/3080/3092 2931/3079/3091
f 2932/3080/3092 1555/1627/1597 2933/3081/3093
f 2933/3081/3093 1555/1627/1597 1538/1610/1580
f 2933/3081/3093 1538/1610/1580 1536/1608/1578
f 2932/3080/3092 2933/3081/3093 2934/3082/3094
f 2932/3080/3092 2934/3082/3094 2931/3079/3091
f 2933/3081/3093 1536/1608/1578 2935/3083/3095
f 2933/3081/3093 2935/3083/3095 2934/3082/3094
f 2935/3083/3095 1536/1608/1578 1537/1609/1579
f 2934/3082/3094 2935/3083/3095 2936/3084/3096
f 2936/3084/3096 2935/3083/3095 1537/1609/1579
f 2931/3079/3091 2934/3082/3094 2937/3085/3097
f 2937/3085/3097 2934/3082/3094 2936/3084/3096
f 2938/3086/3098 2930/3078/3090 2931/3079/3091
f 2930/3078/3090 2938/3086/3098 2921/3069/3080
f 2931/3079/3091 2937/3085/3097 2939/3087/3099
f 2931/3079/3091 2939/3087/3099 2938/3086/3098
f 2937/3085/3097 2936/3084/3096 2940/3088/3100
f 2937/3085/3097 2940/3088/3100 2939/3087/3099
f 2921/3069/3080 2938/3086/3098 2941/3089/3101
f 2941/3089/3101 2938/3086/3098 2939/3087/3099
f 2921/3069/3080 2941/3089/3101 2915/3063/3079
f 2940/3088/3100 2936/3084/3096 2942/3090/3102
f 2942/3090/3102 2936/3084/3096 1537/1609/1579
f 2940/3088/3100 2942/3090/3102 2943/3091/3103
f 2915/3063/3104 2941/3089/3105 2944/3092/3106
f 2915/3063/3104 2944/3092/3106 2910/3058/3107
f 2944/3092/3108 2941/3089/3101 2945/3093/3109
f 2945/3093/3109 2941/3089/3101 2939/3087/3099
f 2910/3058/3110 2944/3092/3110 2946/3094/3110
f 2946/3094/3111 2944/3092/3108 2945/3093/3109
f 2910/3058/3112 2946/3094/3113 2947/3095/3114
f 2910/3058/3112 2947/3095/3114 2903/3051/3115
f 2946/3094/3111 2945/3093/3109 2948/3096/3116
f 2948/3096/3116 2945/3093/3109 2939/3087/3099
f 2947/3095/3114 2946/3094/3113 2949/3097/3117
f 2949/3097/3117 2946/3094/3111 2948/3096/3116
f 2903/3051/3115 2947/3095/3114 2950/3098/3118
f 2950/3098/3118 2947/3095/3114 2949/3097/3117
f 2903/3051/3115 2950/3098/3118 2900/3048/3044
f 2900/3048/3044 2950/3098/3118 2899/3047/3043
f 2899/3047/3043 2950/3098/3118 2949/3097/3117
f 2899/3047/3043 2949/3097/3117 2948/3096/3116
f 2951/3099/3119 2948/3096/3116 2939/3087/3099
f 2951/3099/3119 2939/3087/3099 2940/3088/3100
f 2899/3047/3043 2948/3096/3116 2952/3100/3120
f 2899/3047/3043 2952/3100/3120 2890/3038/3034
f 2890/3038/3034 2952/3100/3120 2888/3036/3032
f 2951/3099/3119 2940/3088/3100 2943/3091/3103
f 2948/3096/3116 2951/3099/3119 2953/3101/3121
f 2948/3096/3116 2953/3101/3121 2952/3100/3120
f 2953/3101/3121 2951/3099/3119 2943/3091/3103
f 2888/3036/3032 2952/3100/3120 2954/3102/3122
f 2954/3102/3122 2952/3100/3120 2953/3101/3121
f 2954/3102/3122 2953/3101/3121 2943/3091/3103
f 2888/3036/3032 2954/3102/3122 2885/3033/3029
f 2954/3102/3122 2943/3091/3103 2955/3103/3123
f 2885/3033/3029 2954/3102/3122 2956/3104/3124
f 2956/3104/3124 2954/3102/3122 2955/3103/3123
f 2955/3103/3123 2943/3091/3103 2957/3105/3125
f 2955/3103/3123 2957/3105/3125 2956/3104/3124
f 2957/3105/3125 2943/3091/3103 2942/3090/3102
f 2957/3105/3125 2942/3090/3102 1537/1609/1579
f 2957/3105/3126 1537/1609/1579 2958/3106/3127
f 2958/3106/3127 1537/1609/1579 1528/1600/1569
f 2958/3106/3127 1528/1600/1569 1531/1603/1572
f 2957/3105/3126 2958/3106/3127 2959/3107/3128
f 2957/3105/3126 2959/3107/3128 2956/3104/3124
f 2959/3107/3128 2958/3106/3127 1531/1603/1572
f 2956/3104/3124 2959/3107/3128 2960/3108/3129
f 2959/3107/3128 1531/1603/1572 2961/3109/3130
f 2959/3107/3128 2961/3109/3130 2960/3108/3129
f 2961/3109/3130 1531/1603/1572 1519/1591/1558
f 1519/1591/1558 1531/1603/1572 1520/1592/1560
f 2956/3104/3124 2960/3108/3129 2962/3110/3131
f 2956/3104/3124 2962/3110/3131 2885/3033/3029
f 2960/3108/3129 2961/3109/3130 2963/3111/3132
f 2885/3033/3029 2962/3110/3131 2964/3112/3133
f 2885/3033/3029 2964/3112/3133 2883/3031/3027
f 2962/3110/3131 2960/3108/3129 2965/3113/3134
f 2965/3113/3134 2960/3108/3129 2963/3111/3132
f 2962/3110/3131 2965/3113/3134 2964/3112/3133
f 2883/3031/3027 2964/3112/3133 2881/3029/3025
f 2965/3113/3134 2963/3111/3132 2966/3114/3135
f 2967/3115/3136 2963/3111/3132 2961/3109/3130
f 2967/3115/3136 2961/3109/3130 1519/1591/1558
f 2963/3111/3132 2967/3115/3136 2966/3114/3135
f 2967/3115/3136 1519/1591/1558 2968/3116/3137
f 2968/3116/3137 1519/1591/1558 1496/1568/3138
f 2968/3116/3137 1496/1568/3138 1487/1559/3139
f 2968/3116/3137 1487/1559/3139 2967/3115/3136
f 2967/3115/3136 1487/1559/3139 2966/3114/3135
f 2969/3117/3140 2964/3112/3133 2965/3113/3134
f 2964/3112/3133 2969/3117/3140 2881/3029/3025
f 2969/3117/3140 2965/3113/3134 2966/3114/3135
f 2966/3114/3135 1487/1559/3139 2970/3118/3141
f 2970/3118/3142 1487/1559/1523 1485/1557/1521
f 2969/3117/3140 2966/3114/3135 2971/3119/3143
f 2971/3119/3143 2966/3114/3135 2970/3118/3141
f 2970/3118/3142 1485/1557/1521 1482/1554/1518
f 2969/3117/3140 2971/3119/3143 2972/3120/3144
f 2969/3117/3140 2972/3120/3144 2881/3029/3025
f 2971/3119/3145 2970/3118/3146 2973/3121/3147
f 2971/3119/3143 2973/3121/3147 2972/3120/3144
f 2970/3118/3146 1482/1554/1518 2974/3122/3148
f 2970/3118/3146 2974/3122/3148 2973/3121/3147
f 2974/3122/3148 1482/1554/1518 1483/1555/1519
f 2881/3029/3025 2972/3120/3144 2975/3123/3149
f 2975/3123/3149 2972/3120/3144 2973/3121/3147
f 2881/3029/3025 2975/3123/3149 2880/3028/3024
f 2973/3121/3147 2974/3122/3148 2976/3124/3150
f 2973/3121/3147 2976/3124/3150 2975/3123/3149
f 2976/3124/3150 2974/3122/3148 1483/1555/1519
f 2880/3028/3024 2975/3123/3149 2977/3125/3151
f 2977/3125/3151 2975/3123/3149 2976/3124/3150
f 2880/3028/3024 2977/3125/3151 2978/3126/3152
f 2880/3028/3024 2978/3126/3152 2879/3027/3023
f 2879/3027/3023 2978/3126/3152 2979/3127/3153
f 2879/3027/3023 2979/3127/3153 2980/3128/3154
f 2979/3127/3153 2978/3126/3152 2981/3129/3155
f 2979/3127/3153 2981/3129/3155 2980/3128/3154
f 2879/3027/3023 2980/3128/3154 2876/3024/3020
f 2978/3126/3152 2977/3125/3151 2982/3130/3156
f 2978/3126/3152 2982/3130/3156 2981/3129/3155
f 2982/3130/3156 2977/3125/3151 2983/3131/3157
f 2983/3131/3157 2977/3125/3151 2976/3124/3150
f 2983/3131/3157 2976/3124/3150 2984/3132/3158
f 2984/3132/3158 2976/3124/3150 1483/1555/1519
f 2982/3130/3156 2983/3131/3157 2985/3133/3159
f 2984/3132/3158 1483/1555/1519 2986/3134/3160
f 2986/3134/3160 1483/1555/1519 1478/1550/1514
f 2986/3134/3160 1478/1550/1514 1477/1549/1513
f 2983/3131/3157 2984/3132/3158 2987/3135/3161
f 2983/3131/3157 2987/3135/3161 2985/3133/3159
f 2984/3132/3158 2986/3134/3160 2988/3136/3162
f 2984/3132/3158 2988/3136/3162 2987/3135/3161
f 2986/3134/3160 1477/1549/1513 2989/3137/3163
f 2986/3134/3160 2989/3137/3163 2988/3136/3162
f 2989/3137/3163 1477/1549/1513 1475/1547/1511
f 2987/3135/3161 2988/3136/3162 2990/3138/3164
f 2987/3135/3161 2990/3138/3164 2985/3133/3159
f 2988/3136/3162 2989/3137/3163 2991/3139/3165
f 2988/3136/3162 2991/3139/3165 2990/3138/3164
f 2989/3137/3163 1475/1547/1511 2992/3140/3166
f 2989/3137/3163 2992/3140/3166 2991/3139/3165
f 2992/3140/3166 1475/1547/1511 2993/3141/3167
f 2993/3141/3167 1475/1547/1511 1450/1523/1486
f 2993/3141/3167 1450/1523/1486 1446/1519/1482
f 2992/3140/3166 2993/3141/3167 2994/3142/3168
f 2994/3142/3168 2993/3141/3167 1446/1519/1482
f 2991/3139/3165 2992/3140/3166 2995/3143/3169
f 2995/3143/3169 2992/3140/3166 2994/3142/3168
f 2994/3142/3168 1446/1519/1482 2996/3144/3170
f 2996/3144/3170 1446/1519/1482 1445/1518/1481
f 2995/3143/3169 2994/3142/3168 2997/3145/3171
f 2997/3145/3171 2994/3142/3168 2996/3144/3170
f 2991/3139/3165 2995/3143/3169 2998/3146/3172
f 2998/3146/3172 2995/3143/3169 2997/3145/3171
f 2997/3145/3171 2996/3144/3170 2999/3147/3173
f 2999/3147/3173 2996/3144/3170 1445/1518/1481
f 2998/3146/3172 2997/3145/3171 3000/3148/3174
f 3000/3148/3174 2997/3145/3171 2999/3147/3173
f 2991/3139/3165 2998/3146/3172 3001/3149/3175
f 2991/3139/3165 3001/3149/3175 2990/3138/3164
f 3001/3149/3175 2998/3146/3172 3002/3150/3176
f 3002/3150/3176 2998/3146/3172 3000/3148/3174
f 2990/3138/3164 3001/3149/3175 3003/3151/3177
f 3001/3149/3175 3002/3150/3176 3004/3152/3178
f 3001/3149/3175 3004/3152/3178 3003/3151/3177
f 3004/3152/3178 3002/3150/3176 3005/3153/3179
f 3005/3153/3179 3002/3150/3176 3000/3148/3174
f 3004/3152/3178 3005/3153/3179 3006/3154/3180
f 3004/3152/3178 3006/3154/3180 3003/3151/3177
f 3005/3153/3179 3000/3148/3174 3007/3155/3181
f 3006/3154/3180 3005/3153/3179 3008/3156/3182
f 3008/3156/3182 3005/3153/3179 3007/3155/3181
f 3003/3151/3177 3006/3154/3180 3009/3154/3183
f 3009/3154/3183 3006/3154/3180 3008/3156/3182
f 3010/3157/3184 2990/3138/3164 3003/3151/3177
f 2990/3138/3164 3010/3157/3184 2985/3133/3159
f 2985/3133/3159 3010/3157/3184 2982/3130/3156
f 2982/3130/3156 3010/3157/3184 2981/3129/3155
f 3010/3157/3184 3003/3151/3177 3011/3158/3185
f 3010/3157/3184 3011/3158/3185 2981/3129/3155
f 3011/3158/3185 3003/3151/3177 3009/3154/3183
f 2981/3129/3155 3011/3158/3185 3012/3159/3186
f 3012/3159/3186 3011/3158/3185 3009/3154/3183
f 2981/3129/3155 3012/3159/3186 3013/3160/3187
f 2981/3129/3155 3013/3160/3187 2980/3128/3154
f 3012/3159/3186 3009/3154/3183 3014/3161/3188
f 3012/3159/3186 3014/3161/3188 3013/3160/3187
f 3014/3161/3188 3009/3154/3183 3015/3162/3189
f 3015/3162/3189 3009/3154/3183 3008/3156/3182
f 3013/3160/3187 3014/3161/3188 3016/3163/3190
f 2980/3128/3154 3013/3160/3187 3017/3164/3191
f 3014/3161/3188 3015/3162/3189 3018/3165/3192
f 3014/3161/3188 3018/3165/3192 3016/3163/3190
f 3015/3162/3189 3008/3156/3182 3019/3166/3193
f 3019/3166/3193 3008/3156/3182 3007/3155/3181
f 3017/3164/3191 3013/3160/3187 3020/3167/3194
f 3020/3167/3194 3013/3160/3187 3016/3163/3190
f 2980/3128/3154 3017/3164/3191 2876/3024/3020
f 2876/3024/3020 3017/3164/3191 3021/3168/3195
f 3017/3164/3191 3020/3167/3194 3022/3169/3196
f 3022/3169/3196 3020/3167/3194 3016/3163/3190
f 3017/3164/3191 3022/3169/3196 3021/3168/3195
f 2876/3024/3020 3021/3168/3195 3023/3170/3197
f 3023/3170/3197 3021/3168/3195 3022/3169/3196
f 2876/3024/3020 3023/3170/3197 3024/3171/3198
f 2876/3024/3020 3024/3171/3198 2864/3012/3007
f 3023/3170/3197 3022/3169/3196 3025/3172/3199
f 3025/3172/3199 3022/3169/3196 3016/3163/3190
f 3024/3171/3198 3023/3170/3197 3026/3173/3200
f 3026/3173/3200 3023/3170/3197 3025/3172/3199
f 2864/3012/3007 3024/3171/3198 3027/3174/3201
f 3027/3174/3201 3024/3171/3198 3026/3173/3200
f 2864/3012/3007 3027/3174/3201 3028/3175/3202
f 2864/3012/3007 3028/3175/3202 2857/3005/2998
f 2857/3005/2998 3028/3175/3202 2863/3011/3006
f 3028/3175/3203 3027/3174/3203 3029/3176/3203
f 3029/3176/3204 3027/3174/3201 3026/3173/3200
f 3028/3175/3205 3029/3176/3205 2863/3011/3205
f 3030/3177/3206 3025/3172/3199 3016/3163/3190
f 3031/3178/3207 3026/3173/3200 3025/3172/3199
f 3031/3178/3207 3025/3172/3199 3030/3177/3206
f 3030/3177/3206 3016/3163/3190 3018/3165/3192
f 3026/3173/3200 3031/3178/3207 3032/3179/3208
f 3029/3176/3204 3026/3173/3200 3033/3180/3209
f 3033/3180/3209 3026/3173/3200 3032/3179/3208
f 3032/3179/3208 3031/3178/3207 3034/3181/3210
f 3034/3181/3210 3031/3178/3207 3030/3177/3206
f 3033/3180/3209 3032/3179/3208 3035/3182/3211
f 3035/3182/3211 3032/3179/3208 3034/3181/3210
f 3030/3177/3206 3018/3165/3192 3036/3183/3212
f 3030/3177/3206 3036/3183/3212 3034/3181/3210
f 3036/3183/3212 3018/3165/3192 3037/3184/3213
f 3037/3184/3213 3018/3165/3192 3038/3185/3214
f 3038/3185/3214 3018/3165/3192 3015/3162/3189
f 3036/3183/3212 3037/3184/3213 3039/3186/3215
f 3037/3184/3213 3038/3185/3214 3040/3187/3216
f 3037/3184/3213 3040/3187/3216 3039/3186/3215
f 3038/3185/3214 3015/3162/3189 3041/3188/3217
f 3038/3185/3214 3041/3188/3217 3040/3187/3216
f 3041/3188/3217 3015/3162/3189 3019/3166/3193
f 3036/3183/3212 3039/3186/3215 3042/3189/3218
f 3036/3183/3212 3042/3189/3218 3034/3181/3210
f 3034/3181/3210 3042/3189/3218 3039/3186/3215
f 3039/3186/3215 3040/3187/3216 3043/3190/3219
f 3034/3181/3210 3039/3186/3215 3044/3191/3220
f 3044/3191/3220 3039/3186/3215 3043/3190/3219
f 3034/3181/3210 3044/3191/3220 3045/3192/3221
f 3041/3188/3217 3019/3166/3193 3046/3193/3222
f 3047/3194/3223 3040/3187/3216 3041/3188/3217
f 3047/3194/3223 3041/3188/3217 3046/3193/3222
f 3040/3187/3216 3047/3194/3223 3048/3195/3224
f 3040/3187/3216 3048/3195/3224 3043/3190/3219
f 3047/3194/3223 3046/3193/3222 3049/3196/3225
f 3047/3194/3223 3049/3196/3225 3048/3195/3224
f 3046/3193/3222 3019/3166/3193 3050/3197/3226
f 3050/3197/3226 3019/3166/3193 3007/3155/3181
f 3049/3196/3225 3046/3193/3222 3051/3198/3227
f 3051/3198/3227 3046/3193/3222 3050/3197/3226
f 3043/3190/3219 3048/3195/3224 3052/3199/3228
f 3052/3199/3228 3048/3195/3224 3049/3196/3225
f 3053/3200/3229 3044/3191/3220 3043/3190/3219
f 3044/3191/3220 3053/3200/3229 3045/3192/3221
f 3043/3190/3219 3052/3199/3228 3054/3201/3230
f 3043/3190/3219 3054/3201/3230 3053/3200/3229
f 3052/3199/3228 3049/3196/3225 3055/3202/3231
f 3054/3201/3230 3052/3199/3228 3056/3203/3232
f 3056/3203/3232 3052/3199/3228 3055/3202/3231
f 3055/3202/3231 3049/3196/3225 3057/3204/3233
f 3054/3201/3230 3056/3203/3232 3058/3205/3234
f 3057/3204/3233 3049/3196/3225 3059/3206/3235
f 3059/3206/3235 3049/3196/3225 3051/3198/3227
f 3055/3202/3231 3057/3204/3233 2256/3207/2343
f 2256/3207/2343 3057/3204/3233 3059/3206/3235
f 3056/3203/3232 3055/3202/3231 3060/3208/3236
f 3060/3208/3236 3055/3202/3231 2256/3207/2343
f 3058/3205/3234 3056/3203/3232 3061/3209/3237
f 3061/3209/3237 3056/3203/3232 3060/3208/3236
f 3062/3210/3238 3054/3201/3230 3058/3205/3234
f 3054/3201/3230 3062/3210/3238 3053/3200/3229
f 3058/3205/3234 3061/3209/3237 3063/3211/3239
f 3058/3205/3234 3063/3211/3239 3062/3210/3238
f 3061/3209/3237 3060/3208/3236 3064/3212/3240
f 3064/3212/3240 3060/3208/3236 2256/3207/2343
f 3064/3212/3240 2256/3207/2343 2252/3213/2339
f 3064/3212/3240 2252/3213/2339 2250/3214/2337
f 2260/3215/2347 2256/3207/2343 3059/3206/3235
f 2260/3215/2347 3059/3206/3235 2261/3216/2348
f 2261/3216/2348 3059/3206/3235 2263/3217/2350
f 3061/3209/3237 3064/3212/3240 3065/3218/3241
f 3065/3218/3241 3064/3212/3240 2250/3214/2337
f 3061/3209/3237 3065/3218/3241 3063/3211/3239
f 3065/3218/3241 2250/3214/2337 2249/3219/2336
f 3065/3218/3241 2249/3219/2336 3066/3220/3242
f 3065/3218/3241 3066/3220/3242 3063/3211/3239
f 3066/3220/3242 2249/3219/2336 2245/3221/2332
f 3066/3220/3242 2245/3221/2332 3067/3222/3243
f 3066/3220/3242 3067/3222/3243 3063/3211/3239
f 3068/3223/3244 2263/3217/2350 3059/3206/3235
f 2263/3217/2350 3068/3223/3244 2272/3224/2359
f 3068/3223/3244 3059/3206/3235 3069/3225/3245
f 3069/3225/3245 3059/3206/3235 3051/3198/3227
f 2272/3224/2359 3068/3223/3244 3070/3226/3246
f 3070/3226/3246 3068/3223/3244 3069/3225/3245
f 2272/3224/2359 3070/3226/3246 2273/3227/2360
f 3069/3225/3245 3051/3198/3227 3050/3197/3226
f 2273/3227/2360 3070/3226/3246 3071/3228/3247
f 2273/3227/2360 3071/3228/3247 2274/3229/2361
f 2274/3229/2361 3071/3228/3247 1440/1513/1476
f 3071/3228/3247 3070/3226/3246 3072/3230/3248
f 3072/3230/3248 3070/3226/3246 3069/3225/3245
f 1440/1513/1476 3071/3228/3247 3073/3231/3249
f 3073/3231/3249 3071/3228/3247 3072/3230/3248
f 1440/1513/1476 3073/3231/3249 1439/1512/1475
f 1439/1512/1475 3073/3231/3249 1445/1518/1481
f 1445/1518/1481 3073/3231/3249 3074/3232/3250
f 3074/3232/3250 3073/3231/3249 3072/3230/3248
f 1445/1518/1481 3074/3232/3250 2999/3147/3173
f 3072/3230/3248 3069/3225/3245 3075/3233/3251
f 3075/3233/3251 3069/3225/3245 3050/3197/3226
f 3074/3232/3250 3072/3230/3248 3076/3234/3252
f 3076/3234/3252 3072/3230/3248 3075/3233/3251
f 2999/3147/3173 3074/3232/3250 3077/3235/3253
f 3077/3235/3253 3074/3232/3250 3076/3234/3252
f 2999/3147/3173 3077/3235/3253 3000/3148/3174
f 3076/3234/3252 3075/3233/3251 3078/3236/3254
f 3078/3236/3254 3075/3233/3251 3050/3197/3226
f 3077/3235/3253 3076/3234/3252 3079/3155/3255
f 3077/3235/3253 3079/3155/3255 3000/3148/3174
f 3079/3155/3255 3076/3234/3252 3078/3236/3254
f 3079/3155/3255 3078/3236/3254 3050/3197/3226
f 3000/3148/3174 3079/3155/3255 3007/3155/3181
f 3007/3155/3181 3079/3155/3255 3050/3197/3226
f 3080/3237/3256 2808/2952/2941 2806/2950/2939
f 3080/3237/3256 2806/2950/2939 3081/3238/3257
f 3081/3238/3257 2806/2950/2939 2804/2948/2937
f 2808/2952/2941 3080/3237/3256 3082/3239/3258
f 2808/2952/2941 3082/3239/3258 2813/2960/2946
f 2813/2960/2946 3082/3239/3258 2189/2957/2274
f 3080/3237/3256 3081/3238/3257 3083/3240/3259
f 3080/3237/3256 3083/3240/3259 3082/3239/3258
f 3081/3238/3257 2804/2948/2937 3084/3241/3260
f 3084/3241/3260 2804/2948/2937 2796/2940/2929
f 3083/3240/3259 3081/3238/3257 3085/3242/3261
f 3085/3242/3261 3081/3238/3257 3084/3241/3260
f 3084/3241/3260 2796/2940/2929 3086/3243/3262
f 3084/3241/3260 3086/3243/3262 3085/3242/3261
f 3086/3243/3262 2796/2940/2929 2795/2939/2928
f 3086/3243/3262 2795/2939/2928 2791/2936/2924
f 3086/3243/3262 2791/2936/2924 3087/3244/3263
f 3087/3244/3263 2791/2936/2924 2790/2935/2923
f 3086/3243/3262 3087/3244/3263 3088/3245/3264
f 3088/3245/3264 3087/3244/3263 2790/2935/2923
f 3085/3242/3261 3086/3243/3262 3089/3246/3265
f 3089/3246/3265 3086/3243/3262 3088/3245/3264
f 3085/3242/3261 3089/3246/3265 3090/3247/3266
f 3085/3242/3261 3090/3247/3266 3083/3240/3259
f 3089/3246/3265 3088/3245/3264 3091/3248/3267
f 3083/3240/3259 3090/3247/3266 3092/3249/3268
f 3083/3240/3259 3092/3249/3268 3082/3239/3258
f 3090/3247/3266 3089/3246/3265 3093/3250/3269
f 3093/3250/3269 3089/3246/3265 3091/3248/3267
f 3092/3249/3268 3090/3247/3266 3094/3251/3270
f 3094/3251/3270 3090/3247/3266 3093/3250/3269
f 3082/3239/3258 3092/3249/3268 2192/3252/2277
f 3082/3239/3258 2192/3252/2277 2190/3253/2275
f 3082/3239/3258 2190/3253/2275 3095/3254/3271
f 3082/3239/3258 3095/3254/3271 2189/2957/2274
f 2189/2957/2274 3095/3254/3271 2190/3253/2275
f 2192/3252/2277 3092/3249/3268 3096/3255/3272
f 3096/3255/3272 3092/3249/3268 3094/3251/3270
f 2192/3252/2277 3096/3255/3272 2196/3256/2281
f 3096/3255/3272 3094/3251/3270 3097/3257/3273
f 3096/3255/3272 3097/3257/3273 2196/3256/2281
f 3097/3257/3273 3094/3251/3270 3098/3258/3274
f 3098/3258/3274 3094/3251/3270 3093/3250/3269
f 2196/3256/2281 3097/3257/3273 3099/3259/3275
f 2196/3256/2281 3099/3259/3275 2198/3260/2283
f 2198/3260/2283 3099/3259/3275 2209/3261/2296
f 3099/3259/3275 3097/3257/3273 3100/3262/3276
f 3100/3262/3276 3097/3257/3273 3098/3258/3274
f 3099/3259/3275 3100/3262/3276 2209/3261/2296
f 3098/3258/3274 3093/3250/3269 3101/3263/3277
f 3101/3263/3277 3093/3250/3269 3091/3248/3267
f 3100/3262/3276 3098/3258/3274 3102/3264/3278
f 3102/3264/3278 3098/3258/3274 3101/3263/3277
f 2209/3261/2296 3100/3262/3276 3103/3265/3279
f 3103/3265/3279 3100/3262/3276 3102/3264/3278
f 2209/3261/2296 3103/3265/3279 3104/3266/3280
f 2209/3261/2296 3104/3266/3280 2212/3267/2299
f 3104/3266/3280 3103/3265/3279 3105/3268/3281
f 3104/3266/3280 3105/3268/3281 2212/3267/2299
f 3105/3268/3281 3103/3265/3279 3102/3264/3278
f 3102/3264/3278 3101/3263/3277 3106/3269/3282
f 2212/3267/2299 3105/3268/3281 3107/3270/3283
f 3106/3269/3282 3101/3263/3277 3108/3271/3284
f 3108/3271/3284 3101/3263/3277 3091/3248/3267
f 3102/3264/3278 3106/3269/3282 3109/3272/3285
f 3109/3272/3285 3106/3269/3282 3108/3271/3284
f 3105/3268/3281 3102/3264/3278 3110/3273/3286
f 3110/3273/3286 3102/3264/3278 3109/3272/3285
f 3107/3270/3283 3105/3268/3281 3111/3274/3287
f 3111/3274/3287 3105/3268/3281 3110/3273/3286
f 3112/3275/3288 2212/3267/2299 3107/3270/3283
f 2212/3267/2299 3112/3275/3288 2213/3276/2300
f 3107/3270/3289 3111/3274/3289 3113/3277/3289
f 3107/3270/3283 3113/3277/3290 3112/3275/3288
f 2213/3276/2300 3112/3275/3288 3114/3278/3291
f 3114/3278/3291 3112/3275/3288 3113/3277/3290
f 2213/3276/2300 3114/3278/3291 2218/3279/2305
f 3113/3277/3290 3111/3274/3287 3115/3280/3292
f 3115/3280/3292 3111/3274/3287 3110/3273/3286
f 3114/3278/3291 3113/3277/3290 3116/3281/3293
f 3114/3278/3291 3116/3281/3293 2218/3279/2305
f 3113/3277/3290 3115/3280/3292 3117/3282/3294
f 3113/3277/3290 3117/3282/3294 3116/3281/3293
f 2218/3279/2305 3116/3281/3293 3118/3283/3295
f 2218/3279/2305 3118/3283/3295 2222/3284/2309
f 3118/3283/3295 3116/3281/3293 3119/3285/3296
f 3119/3285/3296 3116/3281/3293 3117/3282/3294
f 2222/3284/2309 3118/3283/3295 3120/3286/3297
f 3120/3286/3297 3118/3283/3295 3119/3285/3296
f 2222/3284/2309 3120/3286/3297 3121/3287/3298
f 2222/3284/2309 3121/3287/3298 2227/3288/2314
f 3120/3286/3297 3119/3285/3296 3122/3289/3299
f 3122/3289/3299 3119/3285/3296 3117/3282/3294
f 3121/3287/3298 3120/3286/3297 3123/3290/3300
f 3123/3290/3300 3120/3286/3297 3122/3289/3299
f 3121/3287/3298 3123/3290/3300 2227/3288/2314
f 3122/3289/3299 3117/3282/3294 3124/3291/3301
f 3125/3292/3302 3117/3282/3294 3115/3280/3292
f 3117/3282/3294 3125/3292/3302 3124/3291/3301
f 3125/3292/3302 3115/3280/3292 3126/3293/3303
f 3124/3291/3301 3125/3292/3302 3127/3294/3304
f 3127/3294/3304 3125/3292/3302 3126/3293/3303
f 3122/3289/3299 3124/3291/3301 3128/3295/3305
f 3122/3289/3299 3128/3295/3305 3123/3290/3300
f 3126/3293/3303 3115/3280/3292 3110/3273/3286
f 3129/3296/3306 2227/3288/2314 3123/3290/3300
f 2227/3288/2314 3129/3296/3306 2228/3297/2315
f 2228/3297/2315 3129/3296/3306 2238/3298/2325
f 3126/3293/3303 3110/3273/3286 3130/3299/3307
f 3129/3296/3306 3123/3290/3300 3131/3300/3308
f 3129/3296/3306 3131/3300/3308 2238/3298/2325
f 3131/3300/3308 3123/3290/3300 3132/3301/3309
f 3132/3301/3309 3123/3290/3300 3128/3295/3305
f 2238/3298/2325 3131/3300/3308 3133/3302/3310
f 2238/3298/2325 3133/3302/3310 2239/3303/2326
f 3131/3300/3308 3132/3301/3309 3134/3304/3311
f 3131/3300/3308 3134/3304/3311 3133/3302/3310
f 3132/3301/3309 3128/3295/3305 3135/3305/3312
f 2239/3303/2326 3133/3302/3310 3136/3306/3313
f 3136/3306/3313 3133/3302/3310 3134/3304/3311
f 2239/3303/2326 3136/3306/3313 3137/3307/3314
f 2239/3303/2326 3137/3307/3314 2240/3308/2327
f 2240/3308/2327 3137/3307/3314 2245/3221/2332
f 2245/3221/2332 3137/3307/3314 3067/3222/3243
f 3067/3222/3243 3137/3307/3314 3136/3306/3313
f 3138/3309/3315 3134/3304/3311 3132/3301/3309
f 3138/3309/3315 3132/3301/3309 3135/3305/3312
f 3139/3310/3316 3136/3306/3313 3134/3304/3311
f 3136/3306/3313 3139/3310/3316 3067/3222/3243
f 3139/3310/3316 3134/3304/3311 3140/3311/3317
f 3140/3311/3317 3134/3304/3311 3138/3309/3315
f 3067/3222/3243 3139/3310/3316 3141/3312/3318
f 3067/3222/3243 3141/3312/3318 3063/3211/3239
f 3139/3310/3316 3140/3311/3317 3142/3313/3319
f 3139/3310/3316 3142/3313/3319 3141/3312/3318
f 3142/3313/3319 3140/3311/3317 3143/3314/3320
f 3143/3314/3320 3140/3311/3317 3138/3309/3315
f 3142/3313/3319 3143/3314/3320 3144/3315/3321
f 3144/3315/3321 3143/3314/3320 3138/3309/3315
f 3142/3313/3319 3144/3315/3321 3145/3316/3322
f 3142/3313/3319 3145/3316/3322 3141/3312/3318
f 3144/3315/3321 3138/3309/3315 3146/3317/3323
f 3147/3318/3324 3063/3211/3239 3141/3312/3318
f 3147/3318/3324 3141/3312/3318 3145/3316/3322
f 3145/3316/3322 3144/3315/3321 3148/3319/3325
f 3145/3316/3322 3148/3319/3325 3147/3318/3324
f 3148/3319/3325 3144/3315/3321 3146/3317/3323
f 3063/3211/3239 3147/3318/3324 3149/3320/3326
f 3063/3211/3239 3149/3320/3326 3062/3210/3238
f 3062/3210/3238 3149/3320/3326 3053/3200/3229
f 3053/3200/3229 3149/3320/3326 3045/3192/3221
f 3149/3320/3326 3147/3318/3324 3150/3321/3327
f 3149/3320/3326 3150/3321/3327 3045/3192/3221
f 3150/3321/3327 3147/3318/3324 3148/3319/3325
f 3045/3192/3221 3150/3321/3327 3151/3322/3328
f 3045/3192/3221 3151/3322/3328 3034/3181/3210
f 3034/3181/3210 3151/3322/3328 3035/3182/3211
f 3151/3322/3328 3150/3321/3327 3152/3323/3329
f 3151/3322/3328 3152/3323/3329 3035/3182/3211
f 3152/3323/3329 3150/3321/3327 3148/3319/3325
f 3035/3182/3211 3152/3323/3329 3153/3324/3330
f 3152/3323/3329 3148/3319/3325 3154/3325/3331
f 3152/3323/3329 3154/3325/3331 3153/3324/3330
f 3154/3325/3331 3148/3319/3325 3155/3326/3332
f 3155/3326/3332 3148/3319/3325 3146/3317/3323
f 3153/3324/3330 3154/3325/3331 3156/3327/3333
f 3156/3327/3333 3154/3325/3331 3155/3326/3332
f 3035/3182/3211 3153/3324/3330 3157/3328/3334
f 3156/3327/3333 3155/3326/3332 3158/3329/3335
f 3153/3324/3330 3156/3327/3333 3159/3330/3336
f 3159/3330/3336 3156/3327/3333 3158/3329/3335
f 3153/3324/3330 3159/3330/3336 3157/3328/3334
f 3158/3329/3335 3155/3326/3332 3160/3331/3337
f 3160/3331/3337 3155/3326/3332 3146/3317/3323
f 3158/3329/3335 3160/3331/3337 3159/3330/3336
f 3035/3182/3211 3157/3328/3334 3033/3180/3209
f 3157/3328/3334 3159/3330/3336 3161/3332/3338
f 3033/3180/3209 3157/3328/3334 3162/3333/3339
f 3162/3333/3339 3157/3328/3334 3161/3332/3338
f 3033/3180/3209 3162/3333/3339 3163/3334/3340
f 3033/3180/3209 3163/3334/3340 3164/3335/3341
f 3033/3180/3209 3164/3335/3341 3029/3176/3204
f 3029/3176/3204 3164/3335/3341 2863/3011/3006
f 3164/3335/3341 3163/3334/3340 3165/3336/3342
f 3165/3336/3342 3163/3334/3340 3162/3333/3339
f 3164/3335/3341 3165/3336/3342 2863/3011/3006
f 3165/3336/3342 3162/3333/3339 3166/3337/3343
f 3165/3336/3342 3166/3337/3343 2863/3011/3006
f 3166/3337/3343 3162/3333/3339 3161/3332/3338
f 2863/3011/3006 3166/3337/3343 2865/3013/3008
f 2865/3013/3008 3166/3337/3343 2867/3015/3010
f 3166/3337/3343 3161/3332/3338 3167/3338/3344
f 3167/3338/3344 3161/3332/3338 3159/3330/3336
f 3166/3337/3343 3167/3338/3344 3168/3339/3345
f 3166/3337/3343 3168/3339/3345 2867/3015/3010
f 3167/3338/3344 3159/3330/3336 3169/3340/3346
f 3167/3338/3344 3169/3340/3346 3168/3339/3345
f 3169/3340/3346 3159/3330/3336 3160/3331/3337
f 3168/3339/3345 3169/3340/3346 3170/3341/3347
f 3169/3340/3346 3160/3331/3337 3171/3342/3348
f 3169/3340/3346 3171/3342/3348 3170/3341/3347
f 2867/3015/3010 3168/3339/3345 3172/3343/3349
f 3172/3343/3349 3168/3339/3345 3170/3341/3347
f 3170/3341/3347 3171/3342/3348 3173/3344/3350
f 3170/3341/3347 3173/3344/3350 3172/3343/3349
f 3171/3342/3348 3160/3331/3337 3174/3345/3351
f 3174/3345/3351 3160/3331/3337 3175/3346/3352
f 3175/3346/3352 3160/3331/3337 3146/3317/3323
f 3175/3346/3352 3146/3317/3323 3138/3309/3315
f 3175/3346/3352 3138/3309/3315 3135/3305/3312
f 3174/3345/3351 3175/3346/3352 3176/3347/3353
f 3176/3347/3353 3175/3346/3352 3135/3305/3312
f 3171/3342/3348 3174/3345/3351 3177/3348/3354
f 3177/3348/3354 3174/3345/3351 3176/3347/3353
f 3176/3347/3353 3135/3305/3312 3178/3349/3355
f 3176/3347/3353 3178/3349/3355 3177/3348/3354
f 3178/3349/3355 3135/3305/3312 3128/3295/3305
f 3178/3349/3355 3128/3295/3305 3124/3291/3301
f 3171/3342/3348 3177/3348/3354 3179/3350/3356
f 3171/3342/3348 3179/3350/3356 3173/3344/3350
f 3177/3348/3354 3178/3349/3355 3180/3351/3357
f 3177/3348/3354 3180/3351/3357 3179/3350/3356
f 3178/3349/3355 3124/3291/3301 3181/3352/3358
f 3178/3349/3355 3181/3352/3358 3180/3351/3357
f 3181/3352/3358 3124/3291/3301 3127/3294/3304
f 3180/3351/3357 3181/3352/3358 3182/3353/3359
f 3182/3353/3359 3181/3352/3358 3127/3294/3304
f 3179/3350/3356 3180/3351/3357 3183/3354/3360
f 3183/3354/3360 3180/3351/3357 3182/3353/3359
f 3184/3355/3361 3173/3344/3350 3179/3350/3356
f 3184/3355/3361 3179/3350/3356 3183/3354/3360
f 3184/3355/3361 3183/3354/3360 3185/3356/3362
f 3185/3356/3362 3183/3354/3360 3186/3357/3363
f 3185/3356/3362 3186/3357/3363 3184/3355/3361
f 3186/3357/3363 3183/3354/3360 3182/3353/3359
f 3173/3344/3350 3184/3355/3361 3187/3358/3364
f 3187/3358/3364 3184/3355/3361 3186/3357/3363
f 3173/3344/3350 3187/3358/3364 3172/3343/3349
f 3188/3359/3365 3182/3353/3359 3127/3294/3304
f 3182/3353/3359 3188/3359/3365 3186/3357/3363
f 3188/3359/3365 3127/3294/3304 3189/3360/3366
f 3189/3360/3366 3127/3294/3304 3126/3293/3303
f 3188/3359/3365 3189/3360/3366 3190/3361/3367
f 3188/3359/3365 3190/3361/3367 3186/3357/3363
f 3189/3360/3366 3126/3293/3303 3191/3362/3368
f 3191/3362/3368 3126/3293/3303 3130/3299/3307
f 3190/3361/3367 3189/3360/3366 3192/3363/3369
f 3192/3363/3369 3189/3360/3366 3191/3362/3368
f 3186/3357/3363 3190/3361/3367 3193/3364/3370
f 3193/3364/3370 3190/3361/3367 3192/3363/3369
f 3191/3362/3368 3130/3299/3307 3194/3365/3371
f 3194/3365/3371 3130/3299/3307 3110/3273/3286
f 3192/3363/3369 3191/3362/3368 3195/3366/3372
f 3195/3366/3372 3191/3362/3368 3194/3365/3371
f 3192/3363/3369 3195/3366/3372 3196/3367/3373
f 3192/3363/3369 3196/3367/3373 3193/3364/3370
f 3196/3367/3373 3195/3366/3372 3197/3368/3374
f 3193/3364/3370 3196/3367/3373 3198/3369/3375
f 3198/3369/3375 3196/3367/3373 3197/3368/3374
f 3197/3368/3374 3195/3366/3372 3199/3370/3376
f 3199/3370/3376 3195/3366/3372 3194/3365/3371
f 3197/3368/3374 3199/3370/3376 3198/3369/3375
f 3200/3371/3377 3194/3365/3371 3110/3273/3286
f 3200/3371/3377 3110/3273/3286 3109/3272/3285
f 3199/3370/3376 3194/3365/3371 3201/3372/3378
f 3201/3372/3378 3194/3365/3371 3200/3371/3377
f 3200/3371/3377 3109/3272/3285 3108/3271/3284
f 3200/3371/3377 3108/3271/3284 3201/3372/3378
f 3198/3369/3375 3199/3370/3376 3202/3373/3379
f 3202/3373/3379 3199/3370/3376 3201/3372/3378
f 3203/3374/3380 3193/3364/3370 3198/3369/3375
f 3201/3372/3378 3108/3271/3284 3204/3375/3381
f 3201/3372/3378 3204/3375/3381 3205/3376/3382
f 3201/3372/3378 3205/3376/3382 3202/3373/3379
f 3204/3375/3381 3108/3271/3284 3206/3377/3383
f 3206/3377/3383 3108/3271/3284 3091/3248/3267
f 3206/3377/3383 3091/3248/3267 3088/3245/3264
f 3206/3377/3383 3088/3245/3264 2790/2935/2923
f 3204/3375/3381 3206/3377/3383 3207/3378/3384
f 3207/3378/3384 3206/3377/3383 2790/2935/2923
f 3204/3375/3381 3207/3378/3384 3205/3376/3382
f 3207/3378/3384 2790/2935/2923 3208/3379/3385
f 3207/3378/3384 3208/3379/3385 3209/3380/3386
f 3209/3380/3386 3208/3379/3385 2790/2935/2923
f 3207/3378/3384 3209/3380/3386 3205/3376/3382
f 3209/3380/3386 2790/2935/2923 2785/2930/2918
f 3205/3376/3382 3209/3380/3386 3210/3381/3387
f 3210/3381/3387 3209/3380/3386 2785/2930/2918
f 3205/3376/3382 3210/3381/3387 3202/3373/3379
f 3210/3381/3387 2785/2930/2918 2782/2927/2915
f 3202/3373/3379 3210/3381/3387 3211/3382/3388
f 3211/3382/3388 3210/3381/3387 2782/2927/2915
f 3202/3373/3379 3211/3382/3388 3212/3383/3389
f 3211/3382/3388 2782/2927/2915 3213/3384/3390
f 3211/3382/3388 3213/3384/3390 3212/3383/3389
f 3202/3373/3379 3212/3383/3389 3198/3369/3375
f 3213/3384/3390 2782/2927/2915 2781/2926/2914
f 3198/3369/3375 3212/3383/3389 3203/3374/3380
f 3213/3384/3390 2781/2926/2914 3214/3385/3391
f 3214/3385/3391 2781/2926/2914 2780/2925/2913
f 3212/3383/3389 3213/3384/3390 3215/3386/3392
f 3212/3383/3389 3215/3386/3392 3203/3374/3380
f 3213/3384/3390 3214/3385/3391 3216/3387/3393
f 3213/3384/3390 3216/3387/3393 3215/3386/3392
f 3214/3385/3391 2780/2925/2913 3217/3388/3394
f 3217/3388/3394 2780/2925/2913 2776/2921/2907
f 3214/3385/3391 3217/3388/3394 3218/3389/3395
f 3214/3385/3391 3218/3389/3395 3216/3387/3393
f 3217/3388/3394 2776/2921/2907 3219/3390/3396
f 3217/3388/3394 3219/3390/3396 3218/3389/3395
f 3219/3390/3396 2776/2921/2907 2838/2986/2977
f 3219/3390/3396 2838/2986/2977 3220/3391/3397
f 3219/3390/3396 3220/3391/3397 3218/3389/3395
f 3220/3391/3397 2838/2986/2977 2851/2999/2992
f 3221/3392/3398 3215/3386/3392 3216/3387/3393
f 3215/3386/3392 3221/3392/3398 3203/3374/3380
f 3221/3392/3398 3216/3387/3393 3222/3393/3399
f 3221/3392/3398 3222/3393/3399 3203/3374/3380
f 3223/3394/3400 3216/3387/3393 3218/3389/3395
f 3216/3387/3393 3223/3394/3400 3222/3393/3399
f 3223/3394/3400 3218/3389/3395 3224/3395/3401
f 3224/3395/3401 3218/3389/3395 3220/3391/3397
f 3222/3393/3399 3223/3394/3400 3225/3396/3402
f 3222/3393/3399 3225/3396/3402 3203/3374/3380
f 3225/3396/3402 3223/3394/3400 3224/3395/3401
f 3224/3395/3401 3220/3391/3397 3226/3397/3403
f 3224/3395/3401 3226/3397/3403 3225/3396/3402
f 3227/3398/3404 3220/3391/3397 2851/2999/2992
f 3220/3391/3397 3227/3398/3404 3226/3397/3403
f 3227/3398/3404 2851/2999/2992 2853/3001/2994
f 3226/3397/3403 3227/3398/3404 3228/3399/3405
f 3226/3397/3403 3228/3399/3405 3225/3396/3402
f 3227/3398/3404 2853/3001/2994 3229/3400/3406
f 3229/3400/3406 2853/3001/2994 2855/3003/2996
f 3229/3400/3406 2855/3003/2996 2867/3015/3010
f 3227/3398/3404 3229/3400/3406 3230/3401/3407
f 3227/3398/3404 3230/3401/3407 3228/3399/3405
f 3229/3400/3406 2867/3015/3010 3231/3402/3408
f 3229/3400/3406 3231/3402/3408 3230/3401/3407
f 3231/3402/3408 2867/3015/3010 3172/3343/3349
f 3230/3401/3407 3231/3402/3408 3232/3403/3409
f 3232/3403/3409 3231/3402/3408 3172/3343/3349
f 3228/3399/3405 3230/3401/3407 3233/3404/3410
f 3233/3404/3410 3230/3401/3407 3232/3403/3409
f 3233/3404/3410 3232/3403/3409 3172/3343/3349
f 3228/3399/3405 3233/3404/3410 3225/3396/3402
f 3233/3404/3410 3172/3343/3349 3187/3358/3364
f 3233/3404/3410 3187/3358/3364 3234/3405/3411
f 3233/3404/3410 3234/3405/3411 3225/3396/3402
f 3234/3405/3411 3187/3358/3364 3186/3357/3363
f 3225/3396/3402 3234/3405/3411 3235/3406/3412
f 3235/3406/3412 3234/3405/3411 3186/3357/3363
f 3225/3396/3402 3235/3406/3412 3203/3374/3380
f 3235/3406/3412 3186/3357/3363 3193/3364/3370
f 3235/3406/3412 3193/3364/3370 3203/3374/3380
f 3236/3407/3413 2397/2525/2511 2398/2526/2512
f 2397/2525/2511 3236/3407/3413 3237/3408/3414
f 2397/2525/2511 3237/3408/3414 2394/2522/2508
f 3236/3407/3413 2398/2526/2512 3238/3409/3415
f 3238/3409/3415 2398/2526/2512 2404/2532/2519
f 3238/3409/3415 2404/2532/2519 2441/2569/2564
f 3236/3407/3413 3238/3409/3415 3239/3410/3416
f 3236/3407/3413 3239/3410/3416 3237/3408/3414
f 3238/3409/3415 2441/2569/2564 3240/3411/3417
f 3238/3409/3415 3240/3411/3417 3239/3410/3416
f 3237/3408/3414 3239/3410/3416 3241/3412/3418
f 3237/3408/3414 3241/3412/3418 2394/2522/2508
f 3239/3410/3416 3240/3411/3417 3242/3413/3419
f 2394/2522/2508 3241/3412/3418 3243/3414/3420
f 2394/2522/2508 3243/3414/3420 2390/2518/2504
f 3241/3412/3418 3239/3410/3416 3244/3415/3421
f 3244/3415/3421 3239/3410/3416 3242/3413/3419
f 3243/3414/3420 3241/3412/3418 3245/3416/3422
f 3245/3416/3422 3241/3412/3418 3244/3415/3421
f 2390/2518/2504 3243/3414/3420 3246/3417/3423
f 3246/3417/3423 3243/3414/3420 3245/3416/3422
f 2390/2518/2504 3246/3417/3423 2381/2509/2495
f 2381/2509/2495 3246/3417/3423 3247/3418/3424
f 3247/3418/3424 3246/3417/3423 3245/3416/3422
f 2381/2509/2495 3247/3418/3424 2380/2508/2494
f 3247/3418/3424 3245/3416/3422 3248/3419/3425
f 3247/3418/3424 3248/3419/3425 2380/2508/2494
f 3249/3420/3426 3245/3416/3422 3244/3415/3421
f 3245/3416/3422 3249/3420/3426 3250/3421/3427
f 3245/3416/3422 3250/3421/3427 3248/3419/3425
f 3249/3420/3426 3244/3415/3421 3251/3422/3428
f 3251/3422/3428 3244/3415/3421 3242/3413/3419
f 3250/3421/3427 3249/3420/3426 3252/3423/3429
f 3252/3423/3429 3249/3420/3426 3251/3422/3428
f 3248/3419/3425 3250/3421/3427 3253/3424/3430
f 3253/3424/3430 3250/3421/3427 3252/3423/3429
f 3251/3422/3428 3242/3413/3419 3254/3425/3431
f 3254/3425/3431 3242/3413/3419 3240/3411/3417
f 3252/3423/3429 3251/3422/3428 3255/3426/3432
f 3255/3426/3432 3251/3422/3428 3254/3425/3431
f 3252/3423/3429 3255/3426/3432 3256/3427/3433
f 3253/3424/3430 3252/3423/3429 3257/3428/3434
f 3257/3428/3434 3252/3423/3429 3256/3427/3433
f 3253/3424/3430 3257/3428/3434 3258/3429/3435
f 3253/3424/3430 3258/3429/3435 3248/3419/3425
f 3255/3426/3432 3254/3425/3431 3259/3430/3436
f 3255/3426/3432 3259/3430/3436 3256/3427/3433
f 3260/3431/3437 3254/3425/3431 3240/3411/3417
f 3260/3431/3437 3240/3411/3417 2441/2569/2564
f 3260/3431/3437 2441/2569/2564 2448/2576/2571
f 3254/3425/3431 3260/3431/3437 3261/3432/3438
f 3254/3425/3431 3261/3432/3438 3259/3430/3436
f 3260/3431/3437 2448/2576/2571 3262/3433/3439
f 3260/3431/3437 3262/3433/3439 3261/3432/3438
f 3262/3433/3439 2448/2576/2571 3263/3434/3440
f 3263/3434/3440 2448/2576/2571 2450/2578/2573
f 3263/3434/3440 2450/2578/2573 2452/2580/2576
f 3259/3430/3436 3261/3432/3438 3264/3435/3441
f 3259/3430/3436 3264/3435/3441 3256/3427/3433
f 3261/3432/3438 3262/3433/3439 3265/3436/3442
f 3261/3432/3438 3265/3436/3442 3264/3435/3441
f 3262/3433/3439 3263/3434/3440 3266/3437/3443
f 3262/3433/3439 3266/3437/3443 3265/3436/3442
f 3263/3434/3440 2452/2580/2576 3267/3438/3444
f 3263/3434/3440 3267/3438/3444 3266/3437/3443
f 3256/3427/3433 3264/3435/3441 3268/3439/3445
f 3268/3439/3445 3264/3435/3441 3265/3436/3442
f 3256/3427/3433 3268/3439/3445 3269/3440/3446
f 3256/3427/3433 3269/3440/3446 3257/3428/3434
f 3257/3428/3434 3269/3440/3446 3270/3441/3447
f 3257/3428/3434 3270/3441/3447 3258/3429/3435
f 3269/3440/3446 3268/3439/3445 3271/3442/3448
f 3269/3440/3446 3271/3442/3448 3270/3441/3447
f 3268/3439/3445 3265/3436/3442 3272/3443/3449
f 3268/3439/3445 3272/3443/3449 3271/3442/3448
f 3272/3443/3449 3265/3436/3442 3273/3444/3450
f 3273/3444/3450 3265/3436/3442 3266/3437/3443
f 3258/3429/3435 3270/3441/3447 3274/3445/3451
f 3274/3445/3451 3270/3441/3447 3271/3442/3448
f 3258/3429/3435 3274/3445/3451 3275/3446/3452
f 3258/3429/3435 3275/3446/3452 3276/3447/3453
f 3258/3429/3435 3276/3447/3453 3248/3419/3425
f 3248/3419/3425 3276/3447/3453 2380/2508/2494
f 2380/2508/2494 3276/3447/3453 2379/2507/2493
f 3276/3447/3453 3275/3446/3452 3277/3448/3454
f 3276/3447/3453 3277/3448/3454 2379/2507/2493
f 3275/3446/3452 3274/3445/3451 3278/3449/3455
f 3275/3446/3452 3278/3449/3455 3277/3448/3454
f 2379/2507/2493 3277/3448/3454 3279/3450/3456
f 2379/2507/2493 3279/3450/3456 2361/2489/2463
f 2361/2489/2463 3279/3450/3456 2356/2484/2458
f 3279/3450/3456 3277/3448/3454 3280/3451/3457
f 3279/3450/3456 3280/3451/3457 2356/2484/2458
f 3280/3451/3457 3277/3448/3454 3278/3449/3455
f 2356/2484/2458 3280/3451/3457 2357/2485/2459
f 2357/2485/2459 3280/3451/3457 3278/3449/3455
f 3281/3452/3458 3278/3449/3458 3274/3445/3458
f 3281/3452/3459 3274/3445/3451 3271/3442/3448
f 2357/2485/2459 3278/3449/3455 3282/3453/3460
f 2357/2485/2459 3282/3453/3460 2358/2486/2460
f 3278/3449/3455 3281/3452/3459 3283/3454/3461
f 3278/3449/3455 3283/3454/3461 3282/3453/3460
f 3281/3452/3459 3271/3442/3448 3284/3455/3462
f 3283/3454/3461 3281/3452/3459 3285/3456/3463
f 3285/3456/3463 3281/3452/3459 3284/3455/3462
f 3284/3455/3462 3271/3442/3448 3286/3457/3464
f 3284/3455/3462 3286/3457/3464 3285/3456/3463
f 3286/3457/3464 3271/3442/3448 3272/3443/3449
f 3287/3458/3465 2358/2486/2460 3282/3453/3460
f 2358/2486/2460 3287/3458/3465 2344/2469/2445
f 2344/2469/2445 3287/3458/3465 2340/2462/2440
f 3287/3458/3465 3282/3453/3460 3288/3459/3466
f 3287/3458/3465 3288/3459/3466 2340/2462/2440
f 3288/3459/3466 3282/3453/3460 3283/3454/3461
f 2340/2462/2440 3288/3459/3466 2338/2460/2438
f 3288/3459/3466 3283/3454/3461 3289/3460/3467
f 3288/3459/3466 3289/3460/3467 2338/2460/2438
f 3289/3460/3467 3283/3454/3461 3285/3456/3463
f 2338/2460/2438 3289/3460/3467 2333/2454/2433
f 3289/3460/3467 3285/3456/3463 3290/3461/3468
f 3289/3460/3467 3290/3461/3468 2333/2454/2433
f 3290/3461/3468 3285/3456/3463 3291/3462/3469
f 3291/3462/3469 3285/3456/3463 3286/3457/3464
f 2333/2454/2433 3290/3461/3468 3292/3463/3470
f 2333/2454/2433 3292/3463/3470 2331/2452/2431
f 2331/2452/2431 3292/3463/3470 2328/2448/2426
f 3292/3463/3470 3290/3461/3468 3293/3464/3471
f 3293/3464/3471 3290/3461/3468 3291/3462/3469
f 2328/2448/2426 3292/3463/3470 3294/3465/3472
f 3294/3465/3472 3292/3463/3470 3293/3464/3471
f 2328/2448/2426 3294/3465/3472 3295/3466/3473
f 3295/3466/3473 3294/3465/3472 3293/3464/3471
f 2328/2448/2426 3295/3466/3473 3296/3467/3474
f 2328/2448/2426 3296/3467/3474 2320/2437/2412
f 2320/2437/2412 3296/3467/3474 2317/2433/2408
f 2317/2433/2408 3296/3467/3474 3297/3468/3475
f 2317/2433/2408 3297/3468/3475 2313/2428/2404
f 3296/3467/3474 3295/3466/3473 3298/3469/3476
f 3296/3467/3474 3298/3469/3476 3297/3468/3475
f 2313/2428/2404 3297/3468/3475 2312/2427/2403
f 3298/3469/3476 3295/3466/3473 3299/3470/3477
f 3299/3470/3477 3295/3466/3473 3293/3464/3471
f 3297/3468/3475 3298/3469/3476 3300/3471/3478
f 3297/3468/3475 3300/3471/3478 2312/2427/2403
f 3300/3471/3478 3298/3469/3476 3299/3470/3477
f 2312/2427/2403 3300/3471/3478 3301/3472/3479
f 3300/3471/3478 3299/3470/3477 3302/3473/3480
f 3300/3471/3478 3302/3473/3480 3301/3472/3479
f 3299/3470/3477 3293/3464/3471 3303/3474/3481
f 3299/3470/3477 3303/3474/3481 3302/3473/3480
f 3303/3474/3481 3293/3464/3471 3304/3475/3482
f 3304/3475/3482 3293/3464/3471 3291/3462/3469
f 3302/3473/3480 3303/3474/3481 3305/3476/3483
f 3304/3475/3482 3291/3462/3469 3306/3477/3484
f 3306/3477/3484 3291/3462/3469 3286/3457/3464
f 3306/3477/3484 3286/3457/3464 3272/3443/3449
f 3306/3477/3484 3272/3443/3449 3273/3444/3450
f 3304/3475/3482 3306/3477/3484 3307/3478/3485
f 3304/3475/3482 3307/3478/3485 3303/3474/3481
f 3307/3478/3485 3306/3477/3484 3273/3444/3450
f 3303/3474/3481 3307/3478/3485 3305/3476/3483
f 3307/3478/3485 3273/3444/3450 3266/3437/3443
f 3307/3478/3485 3266/3437/3443 3305/3476/3483
f 3305/3476/3483 3266/3437/3443 3308/3479/3486
f 3305/3476/3483 3308/3479/3486 3302/3473/3480
f 3302/3473/3480 3308/3479/3486 3301/3472/3479
f 3308/3479/3486 3266/3437/3443 3267/3438/3444
f 3301/3472/3479 3308/3479/3486 3309/3480/3487
f 3309/3480/3487 3308/3479/3486 3267/3438/3444
f 3301/3472/3479 3309/3480/3487 3310/3481/3488
f 3301/3472/3479 3310/3481/3488 2312/2427/2403
f 2312/2427/2403 3310/3481/3488 2306/2417/2396
f 2306/2417/2396 3310/3481/3488 3311/3482/3489
f 3311/3482/3489 3310/3481/3488 3309/3480/3487
f 2306/2417/2396 3311/3482/3489 2295/2403/2384
f 3309/3480/3487 3267/3438/3444 3312/3483/3490
f 3309/3480/3487 3312/3483/3490 3311/3482/3489
f 3312/3483/3490 3267/3438/3444 2452/2580/2576
f 2295/2403/2384 3311/3482/3489 3313/3484/3491
f 3313/3484/3491 3311/3482/3489 3312/3483/3490
f 2295/2403/2384 3313/3484/3491 2294/2402/2382
f 3312/3483/3490 2452/2580/2576 3314/3485/3492
f 3312/3483/3490 3314/3485/3492 3313/3484/3491
f 3314/3485/3492 2452/2580/2576 2454/2582/2578
f 3314/3485/3492 2454/2582/2578 2458/2586/2582
f 3313/3484/3491 3314/3485/3492 3315/3486/3493
f 3313/3484/3491 3315/3486/3493 2294/2402/2382
f 3315/3486/3493 3314/3485/3492 2458/2586/2582
f 2294/2402/3494 3315/3486/3494 2289/2395/3494
f 2289/2395/2377 3315/3486/3493 2458/2586/2582
s off
