# Apple ModelIO OBJ File: blt150_03
mtllib blt150_03.mtl
g 
v 1.69635 2.14172 -1.51818
v 1.70181 2.1106 -1.51034
v 1.69243 2.11502 -1.53209
v 1.70073 2.10754 -1.46327
v 1.70006 2.1405 -1.48161
v 1.69663 2.13455 -1.47006
v 1.6863 2.13409 -1.46323
v 1.69449 2.14325 -1.47374
v 1.66783 2.13516 -1.45773
v 1.6845 2.14539 -1.46817
v 1.66592 2.14676 -1.46166
v 1.66452 2.14859 -1.46505
v 1.6825 2.14752 -1.47321
v 1.69565 2.14417 -1.48034
v 1.70106 2.14203 -1.49854
v 1.67712 2.14859 -1.47238
v 1.66238 2.14935 -1.46695
v 1.66085 2.15332 -1.47159
v 1.67961 2.1492 -1.48384
v 1.67917 2.1489 -1.51096
v 1.68633 2.14706 -1.48905
v 1.69568 2.14478 -1.49545
v 1.68314 2.14645 -1.51346
v 1.69084 2.14432 -1.51682
v 1.68195 2.14325 -1.53503
v 1.6719 2.14554 -1.53364
v 1.66684 2.14783 -1.53326
v 1.65418 2.15469 -1.53955
v 1.65858 2.1431 -1.54528
v 1.68814 2.14081 -1.53541
v 1.67318 2.14188 -1.54442
v 1.67352 2.1196 -1.55152
v 1.67206 2.13791 -1.5484
v 1.66312 2.13928 -1.55156
v 1.66497 2.12997 -1.5545
v 1.65024 2.1402 -1.54948
v 1.63796 2.14355 -1.54128
v 1.65539 2.13379 -1.55273
v 1.66557 2.12387 -1.55554
v 1.65425 2.10922 -1.55451
v 1.65458 2.11945 -1.55495
v 1.63477 2.11655 -1.55092
v 1.63502 2.13272 -1.54889
v 1.63625 2.13974 -1.54553
v 1.62223 2.13867 -1.53946
v 1.61901 2.14142 -1.5322
v 1.61134 2.13684 -1.53323
v 1.61669 2.13303 -1.53907
v 1.61667 2.11685 -1.54222
v 1.60739 2.12952 -1.53334
v 1.60467 2.13242 -1.52788
v 1.60308 2.11365 -1.52958
v 1.60653 2.1199 -1.5344
v 1.63458 2.10602 -1.55012
v 1.61627 2.10648 -1.54152
v 1.64915 2.13516 -1.45687
v 1.64817 2.14584 -1.45911
v 1.64043 2.14493 -1.45897
v 1.63854 2.10876 -1.45659
v 1.64472 2.14737 -1.4628
v 1.63081 2.13303 -1.46132
v 1.6311 2.14478 -1.46321
v 1.64957 2.1489 -1.46465
v 1.63911 2.15027 -1.47245
v 1.63235 2.14691 -1.47317
v 1.62672 2.14996 -1.48419
v 1.62699 2.14661 -1.4821
v 1.61644 2.14432 -1.48971
v 1.62228 2.14508 -1.47316
v 1.61288 2.14233 -1.47404
v 1.61934 2.14279 -1.46787
v 1.60512 2.14005 -1.48778
v 1.60047 2.13776 -1.50281
v 1.60945 2.14218 -1.50981
v 1.60396 2.13104 -1.48696
v 1.61069 2.13074 -1.47471
v 1.59977 2.13196 -1.50118
v 1.60313 2.10602 -1.48568
v 1.59896 2.10861 -1.50072
v 1.5982 2.11227 -1.51578
v 1.59873 2.13181 -1.51477
v 1.5991 2.13608 -1.51238
v 1.60573 2.13776 -1.52096
v 1.61733 2.14493 -1.5203
v 1.52363 2.63763 -1.60347
v 1.51962 2.6474 -1.60867
v 1.52735 2.64893 -1.6084
v 1.51019 2.64984 -1.60695
v 1.50203 2.66144 -1.61154
v 1.51309 2.66418 -1.61637
v 1.50926 2.64465 -1.59833
v 1.53593 2.6413 -1.60356
v 1.52614 2.66022 -1.61129
v 1.5396 2.65564 -1.60108
v 1.51356 2.67883 -1.61913
v 1.54249 2.6236 -1.59669
v 1.52324 2.67517 -1.61258
v 1.51463 2.69257 -1.61482
v 1.5047 2.68188 -1.62338
v 1.50163 2.69775 -1.62649
v 1.5055 2.67181 -1.62027
v 1.48818 2.7005 -1.63174
v 1.49331 2.68372 -1.62525
v 1.49852 2.67212 -1.61894
v 1.49251 2.67365 -1.61716
v 1.48503 2.68402 -1.62078
v 1.47566 2.69653 -1.62557
v 1.48019 2.68463 -1.6122
v 1.4924 2.66968 -1.6112
v 1.50049 2.65564 -1.60237
v 1.49578 2.66174 -1.59879
v 1.50163 2.65259 -1.59475
v 1.50927 2.64313 -1.58535
v 1.50268 2.65167 -1.5914
v 1.50722 2.65564 -1.58071
v 1.50088 2.6593 -1.58831
v 1.52062 2.63519 -1.57064
v 1.49708 2.67365 -1.58628
v 1.52732 2.61932 -1.57007
v 1.48412 2.68158 -1.59959
v 1.48305 2.69348 -1.59538
v 1.49399 2.68799 -1.58807
v 1.4931 2.69867 -1.591
v 1.48526 2.7066 -1.59513
v 1.47618 2.69165 -1.60579
v 1.47345 2.69379 -1.6169
v 1.47001 2.69989 -1.61207
v 1.47521 2.69806 -1.60268
v 1.47248 2.71149 -1.60128
v 1.47128 2.72308 -1.6032
v 1.479 2.72583 -1.60341
v 1.47278 2.73346 -1.60667
v 1.46239 2.73163 -1.6089
v 1.45932 2.71942 -1.61201
v 1.45437 2.72064 -1.62473
v 1.46502 2.7063 -1.62446
v 1.46459 2.71088 -1.63235
v 1.47229 2.70691 -1.63441
v 1.48217 2.7066 -1.63492
v 1.46644 2.72308 -1.64244
v 1.48233 2.71759 -1.63757
v 1.49035 2.71088 -1.63384
v 1.49634 2.7121 -1.62855
v 1.48907 2.72156 -1.63378
v 1.47774 2.73163 -1.63997
v 1.50859 2.7066 -1.61448
v 1.49345 2.72186 -1.62708
v 1.48941 2.73041 -1.62749
v 1.4994 2.71973 -1.61521
v 1.5192 2.69287 -1.60226
v 1.49081 2.72919 -1.61558
v 1.50075 2.71606 -1.6079
v 1.50904 2.70447 -1.60296
v 1.49735 2.70935 -1.59758
v 1.52087 2.68585 -1.61059
v 1.51033 2.69775 -1.5945
v 1.53454 2.67029 -1.60159
v 1.52598 2.68433 -1.60189
v 1.52829 2.67944 -1.59243
v 1.52011 2.68402 -1.58856
v 1.53613 2.66846 -1.58829
v 1.54632 2.65625 -1.58883
v 1.52781 2.67426 -1.58349
v 1.52054 2.67609 -1.58067
v 1.5273 2.66693 -1.5764
v 1.50788 2.68372 -1.58338
v 1.50131 2.69958 -1.59162
v 1.50733 2.66907 -1.57953
v 1.51626 2.67609 -1.57952
v 1.49033 2.72308 -1.60574
v 1.48089 2.73376 -1.60896
v 1.47278 2.74139 -1.61203
v 1.47985 2.74139 -1.6176
v 1.48134 2.74414 -1.62869
v 1.47253 2.7536 -1.62435
v 1.46637 2.75665 -1.62122
v 1.46253 2.76611 -1.62908
v 1.47195 2.75635 -1.62999
v 1.4629 2.76886 -1.64147
v 1.47406 2.7478 -1.64025
v 1.46807 2.7597 -1.64067
v 1.46419 2.7597 -1.6473
v 1.45555 2.76855 -1.65228
v 1.46528 2.75146 -1.64786
v 1.45263 2.75635 -1.65454
v 1.4434 2.76459 -1.65939
v 1.46629 2.74139 -1.64733
v 1.46693 2.73193 -1.64602
v 1.45999 2.73895 -1.64902
v 1.43985 2.75543 -1.65575
v 1.4602 2.73041 -1.64577
v 1.45515 2.73102 -1.64491
v 1.45445 2.72461 -1.63702
v 1.44631 2.7417 -1.64868
v 1.44616 2.73468 -1.64107
v 1.43613 2.7478 -1.64677
v 1.44585 2.73163 -1.633
v 1.43888 2.74139 -1.63697
v 1.44847 2.7301 -1.62487
v 1.44323 2.73956 -1.6241
v 1.45159 2.72919 -1.61764
v 1.45027 2.73682 -1.61635
v 1.42724 2.76123 -1.63549
v 1.43728 2.75543 -1.62348
v 1.4481 2.75024 -1.61605
v 1.45893 2.74628 -1.61218
v 1.44721 2.75818 -1.61718
v 1.45439 2.75909 -1.61751
v 1.45044 2.76794 -1.62169
v 1.43558 2.76855 -1.62416
v 1.4263 2.76917 -1.63005
v 1.42182 2.76855 -1.6388
v 1.42053 2.77618 -1.63476
v 1.41229 2.77954 -1.64938
v 1.40028 2.8006 -1.64891
v 1.41919 2.76947 -1.64605
v 1.40779 2.78595 -1.65952
v 1.42596 2.76154 -1.65062
v 1.41751 2.77252 -1.65468
v 1.42569 2.76703 -1.65807
v 1.41662 2.77985 -1.66248
v 1.41037 2.79358 -1.66939
v 1.3971 2.79938 -1.6635
v 1.43067 2.77832 -1.6645
v 1.43575 2.76428 -1.65945
v 1.13376 2.82776 -2.07093
v 1.13572 2.83722 -2.08074
v 1.14547 2.83173 -2.06999
v 1.11875 2.83142 -2.08139
v 1.14854 2.84271 -2.07987
v 1.14438 2.82471 -2.06181
v 1.13899 2.84821 -2.09004
v 1.15792 2.8363 -2.06835
v 1.12335 2.84302 -2.09378
v 1.15043 2.85309 -2.08803
v 1.15675 2.82562 -2.0577
v 1.17495 2.854 -2.07552
v 1.1815 2.83539 -2.05484
v 1.17806 2.84424 -2.0656
v 1.15403 2.81647 -2.0442
v 1.17012 2.86194 -2.08479
v 1.18541 2.86865 -2.08158
v 1.16608 2.87109 -2.09323
v 1.19727 2.86255 -2.07128
v 1.14182 2.8595 -2.09789
v 1.14396 2.87018 -2.10451
v 1.19319 2.85065 -2.06331
v 1.21511 2.8598 -2.05974
v 1.20488 2.84515 -2.05213
v 1.22563 2.85461 -2.04911
v 1.13245 2.86438 -2.10715
v 1.13533 2.87598 -2.11307
v 1.12749 2.85309 -2.10112
v 1.11986 2.86896 -2.11767
v 1.12565 2.88513 -2.12318
v 1.11474 2.85767 -2.11257
v 1.11301 2.8479 -2.10479
v 1.11106 2.84058 -2.09678
v 1.10768 2.87292 -2.12705
v 1.10536 2.88422 -2.13432
v 1.10515 2.86285 -2.12239
v 1.10205 2.85339 -2.11574
v 1.0991 2.84546 -2.10867
v 1.0972 2.83295 -2.0898
v 1.09699 2.86957 -2.13144
v 1.08879 2.86102 -2.12944
v 1.08852 2.84943 -2.11813
v 1.08843 2.84424 -2.11079
v 1.08127 2.854 -2.12557
v 1.08011 2.86621 -2.13813
v 1.07893 2.87476 -2.14452
v 1.08107 2.84821 -2.11851
v 1.07496 2.8418 -2.10541
v 1.08469 2.88605 -2.14743
v 1.09247 2.90161 -2.14879
v 1.07179 2.88727 -2.15524
v 1.07309 2.90192 -2.16058
v 1.07158 2.88147 -2.15224
v 1.06371 2.90344 -2.16627
v 1.06393 2.92053 -2.17105
v 1.06343 2.89093 -2.1608
v 1.05359 2.92328 -2.17671
v 1.06731 2.88086 -2.15328
v 1.07101 2.87292 -2.14667
v 1.07509 2.86469 -2.13858
v 1.05967 2.87109 -2.14434
v 1.06811 2.85278 -2.12338
v 1.06299 2.86316 -2.13613
v 1.07117 2.8476 -2.1154
v 1.04675 2.86407 -2.12942
v 1.06176 2.84729 -2.11181
v 1.05234 2.85431 -2.11716
v 1.05613 2.88025 -2.15231
v 1.06153 2.84424 -2.10216
v 1.05239 2.89032 -2.16037
v 1.04065 2.88025 -2.14619
v 1.04397 2.87109 -2.1375
v 1.03852 2.8653 -2.12529
v 1.03141 2.88147 -2.1417
v 1.05204 2.84821 -2.10146
v 1.03992 2.86133 -2.11784
v 1.03355 2.87354 -2.13225
v 1.03413 2.86804 -2.12126
v 1.04361 2.85431 -2.10231
v 1.03703 2.86133 -2.10478
v 1.02636 2.87811 -2.12476
v 1.05273 2.84515 -2.09019
v 1.03332 2.87445 -2.10651
v 1.04417 2.85767 -2.08692
v 1.04961 2.8479 -2.08581
v 1.0618 2.83966 -2.08488
v 1.05505 2.84241 -2.07934
v 1.05636 2.84546 -2.06814
v 1.08426 2.83234 -2.08606
v 1.08335 2.82867 -2.07339
v 1.07102 2.83203 -2.06713
v 1.05863 2.83936 -2.06814
v 1.09508 2.82806 -2.08042
v 1.10504 2.82898 -2.0816
v 1.09071 2.82562 -2.06877
v 1.12355 2.82654 -2.07177
v 1.10424 2.82562 -2.07352
v 1.12958 2.81982 -2.05788
v 1.11296 2.81738 -2.05266
v 1.13776 2.81158 -2.03667
v 1.09582 2.81982 -2.04935
v 1.12078 2.81036 -2.03114
v 1.14769 2.80945 -2.03038
v 1.12981 2.80792 -2.0255
v 1.08299 2.8241 -2.04891
v 1.10236 2.81464 -2.03046
v 1.1201 2.80823 -2.01872
v 1.14297 2.80701 -2.02102
v 1.1267 2.8064 -2.01398
v 1.10986 2.81097 -2.01386
v 1.1202 2.8067 -2.00594
v 1.14824 2.80304 -2.00249
v 1.13143 2.80396 -1.99784
v 1.16298 2.80853 -2.0218
v 1.1598 2.81097 -2.03056
v 1.16703 2.80548 -2.00932
v 1.16602 2.82257 -2.04872
v 1.17265 2.80975 -2.0211
v 1.17765 2.81708 -2.03233
v 1.18333 2.82623 -2.04398
v 1.19885 2.83356 -2.0428
v 1.19288 2.82318 -2.03381
v 1.18755 2.81189 -2.01628
v 1.17904 2.80853 -2.01335
v 1.21502 2.84058 -2.04121
v 1.21033 2.82928 -2.03089
v 1.20419 2.82104 -2.02233
v 1.19495 2.81036 -2.00663
v 1.22938 2.84576 -2.03879
v 1.2497 2.85583 -2.03692
v 1.23833 2.8421 -2.0289
v 1.22396 2.83539 -2.03001
v 1.23786 2.83234 -2.01589
v 1.21832 2.82623 -2.02098
v 1.2075 2.81403 -2.0047
v 1.2286 2.82471 -2.01009
v 1.24052 2.82806 -2.0068
v 1.2016 2.80914 -1.99639
v 1.21718 2.8125 -1.98972
v 1.23354 2.82013 -1.99517
v 1.25417 2.83203 -2.00185
v 1.25999 2.84393 -2.01664
v 1.26992 2.8421 -2.00628
v 1.2456 2.82684 -1.99907
v 1.26447 2.82959 -1.98644
v 1.27606 2.836 -1.98985
v 1.28192 2.84637 -2.00366
v 1.28942 2.84454 -1.99372
v 1.28168 2.83173 -1.97306
v 1.30837 2.84546 -1.97643
v 1.27086 2.82837 -1.97691
v 1.25571 2.82501 -1.98375
v 1.23915 2.81708 -1.97838
v 1.27473 2.82715 -1.9676
v 1.24512 2.81555 -1.96107
v 1.22451 2.81097 -1.97354
v 1.28256 2.82745 -1.95455
v 1.20714 2.80823 -1.98607
v 1.21437 2.80762 -1.97018
v 1.19516 2.80487 -1.98237
v 1.2003 2.80396 -1.96556
v 1.22053 2.80731 -1.95278
v 1.23033 2.81036 -1.95617
v 1.20552 2.80426 -1.94764
v 1.22493 2.80792 -1.93441
v 1.23465 2.81036 -1.93761
v 1.18136 2.80151 -1.95916
v 1.21099 2.80548 -1.92901
v 1.22782 2.80884 -1.91533
v 1.18643 2.80243 -1.9412
v 1.17689 2.80151 -1.97637
v 1.23753 2.81097 -1.91853
v 1.15769 2.8006 -1.97069
v 1.17215 2.80273 -1.99299
v 1.19057 2.80701 -1.99904
v 1.15272 2.80121 -1.98658
v 1.13639 2.80304 -1.98373
v 1.12844 2.80609 -1.98458
v 1.12309 2.8064 -1.99708
v 1.11152 2.81158 -2.00035
v 1.13355 2.8064 -1.97458
v 1.14166 2.80426 -1.96876
v 1.12176 2.81006 -1.98556
v 1.1393 2.80792 -1.96368
v 1.15152 2.80457 -1.95416
v 1.16352 2.80151 -1.95463
v 1.13386 2.81006 -1.96967
v 1.14487 2.80945 -1.95548
v 1.16222 2.80609 -1.93857
v 1.17063 2.80334 -1.93821
v 1.13862 2.8125 -1.96149
v 1.13285 2.81464 -1.96979
v 1.13845 2.82074 -1.96824
v 1.12046 2.81738 -1.98557
v 1.13325 2.8302 -1.98389
v 1.1074 2.81952 -2.00096
v 1.14595 2.81586 -1.95474
v 1.13117 2.83691 -1.9945
v 1.14513 2.83936 -1.98382
v 1.13898 2.84088 -1.99311
v 1.15807 2.83783 -1.96742
v 1.12483 2.83966 -2.00437
v 1.16391 2.83234 -1.95135
v 1.15969 2.84668 -1.9719
v 1.16854 2.84149 -1.96181
v 1.1502 2.84637 -1.98323
v 1.13695 2.84637 -1.99871
v 1.14695 2.86652 -1.98059
v 1.16715 2.84637 -1.96342
v 1.11311 2.83356 -2.00758
v 1.17803 2.84668 -1.95
v 1.16582 2.85614 -1.96082
v 1.15823 2.86774 -1.96472
v 1.17391 2.86316 -1.94704
v 1.16735 2.88971 -1.9414
v 1.13991 2.8894 -1.97851
v 1.14871 2.89734 -1.96191
v 1.1308 2.87994 -1.99599
v 1.13494 2.90802 -1.97476
v 1.13504 2.86407 -1.99769
v 1.12868 2.85004 -2.01032
v 1.12707 2.86285 -2.00891
v 1.12043 2.8479 -2.0156
v 1.12076 2.86346 -2.01734
v 1.12595 2.87445 -2.00575
v 1.12591 2.8949 -1.99469
v 1.11795 2.88635 -2.0108
v 1.11078 2.85583 -2.02962
v 1.11418 2.92755 -1.99303
v 1.10801 2.86591 -2.03365
v 1.0948 2.85126 -2.03697
v 1.10678 2.91779 -2.00934
v 1.10534 2.88605 -2.02895
v 1.09773 2.9071 -2.02845
v 1.10035 2.86316 -2.04223
v 1.09862 2.87018 -2.04566
v 1.09114 2.8833 -2.05105
v 1.08966 2.86713 -2.05246
v 1.08497 2.85339 -2.04703
v 1.08863 2.90771 -2.04187
v 1.08041 2.883 -2.06404
v 1.07724 2.94189 -2.04016
v 1.07135 2.85492 -2.05816
v 1.08975 2.93701 -2.0236
v 1.10025 2.93671 -2.00811
v 1.08122 2.95135 -2.02879
v 1.09213 2.96478 -2.00499
v 1.0776 2.90619 -2.05929
v 1.07045 2.93243 -2.05572
v 1.06614 2.90344 -2.07786
v 1.06334 2.95654 -2.05428
v 1.05372 2.95502 -2.07091
v 1.05452 2.98553 -2.05399
v 1.06746 2.97638 -2.03759
v 1.07739 2.97638 -2.02188
v 1.06148 3.00293 -2.03395
v 1.07202 2.9953 -2.02057
v 1.0817 2.995 -2.0051
v 1.06717 3.013 -2.01962
v 1.05357 3.03131 -2.03384
v 1.07402 3.02155 -2.00392
v 1.06276 3.03101 -2.01835
v 1.09793 2.97546 -1.99038
v 1.09178 2.99469 -1.98944
v 1.08645 3.0127 -1.98847
v 1.10423 2.95624 -1.99137
v 1.10477 2.98523 -1.97468
v 1.12252 2.93701 -1.97545
v 1.11553 2.95624 -1.97501
v 1.14463 2.91229 -1.9588
v 1.129 2.948 -1.96027
v 1.15328 2.91779 -1.94393
v 1.14587 2.9364 -1.94334
v 1.12015 2.97546 -1.95737
v 1.15987 2.92847 -1.92895
v 1.13527 2.96631 -1.94079
v 1.11083 3.00323 -1.95577
v 1.17598 2.89429 -1.92749
v 1.1508 2.95593 -1.92532
v 1.18298 2.87231 -1.93102
v 1.18286 2.90588 -1.91214
v 1.19072 2.8479 -1.93383
v 1.19682 2.86865 -1.91527
v 1.20187 2.84912 -1.9197
v 1.17533 2.84088 -1.95161
v 1.18643 2.84119 -1.93536
v 1.16938 2.82654 -1.93402
v 1.19739 2.8421 -1.91953
v 1.16118 2.81738 -1.9356
v 1.17644 2.82257 -1.91775
v 1.15903 2.81036 -1.93708
v 1.17215 2.81708 -1.91928
v 1.1725 2.80823 -1.92234
v 1.17103 2.81219 -1.92099
v 1.1785 2.81677 -1.90942
v 1.17851 2.80609 -1.92143
v 1.17756 2.80975 -1.91378
v 1.17815 2.81281 -1.91124
v 1.185 2.81311 -1.90268
v 1.19262 2.80457 -1.92282
v 1.18644 2.80914 -1.90678
v 1.21621 2.80762 -1.91062
v 1.19915 2.80701 -1.90572
v 1.19705 2.81036 -1.89408
v 1.22233 2.81006 -1.89287
v 1.22886 2.80914 -1.90531
v 1.20881 2.81097 -1.88407
v 1.19799 2.81403 -1.88792
v 1.19792 2.82288 -1.88498
v 1.20805 2.81769 -1.87275
v 1.22756 2.8125 -1.87627
v 1.21454 2.81342 -1.87365
v 1.21631 2.82074 -1.85984
v 1.23471 2.81555 -1.85971
v 1.22284 2.81921 -1.85572
v 1.20855 2.82501 -1.87049
v 1.21635 2.82501 -1.85888
v 1.22333 2.8299 -1.85395
v 1.21584 2.83325 -1.86876
v 1.21008 2.836 -1.88372
v 1.18408 2.81952 -1.903
v 1.20775 2.84271 -1.90397
v 1.22789 2.84424 -1.87266
v 1.22244 2.84637 -1.88902
v 1.20988 2.84698 -1.9106
v 1.21633 2.84668 -1.90092
v 1.22636 2.85156 -1.88671
v 1.21501 2.84973 -1.9032
v 1.21219 2.86469 -1.89845
v 1.20462 2.89154 -1.89294
v 1.22041 2.87354 -1.88341
v 1.23628 2.86896 -1.86612
v 1.21817 2.89642 -1.87351
v 1.23764 2.854 -1.86954
v 1.19052 2.91901 -1.89462
v 1.16711 2.94647 -1.90901
v 1.24243 2.85034 -1.85455
v 1.20457 2.91626 -1.8783
v 1.19165 2.93213 -1.8853
v 1.22415 2.91595 -1.85392
v 1.14118 2.98462 -1.92232
v 1.17296 2.96478 -1.89068
v 1.15551 2.97546 -1.90788
v 1.12501 2.99408 -1.93999
v 1.14811 2.995 -1.90681
v 1.11758 3.01453 -1.93988
v 1.13046 3.01239 -1.92232
v 1.18792 2.95593 -1.87631
v 1.14205 3.01239 -1.90608
v 1.2053 2.94495 -1.86022
v 1.18328 2.97821 -1.86943
v 1.15457 3.00476 -1.8926
v 1.121 3.02856 -1.92781
v 1.13657 3.02979 -1.90505
v 1.10301 3.03009 -1.95407
v 1.12689 3.04565 -1.91112
v 1.14836 3.02948 -1.88872
v 1.16159 3.01605 -1.8773
v 1.17248 2.99408 -1.8746
v 1.18961 2.9953 -1.85159
v 1.17839 3.01178 -1.85742
v 1.16525 3.03131 -1.86499
v 1.14346 3.04688 -1.88743
v 1.19584 3.01239 -1.83487
v 1.15558 3.04657 -1.87105
v 1.13338 3.06366 -1.89416
v 1.17242 3.04932 -1.84794
v 1.18492 3.02887 -1.8408
v 1.15109 3.06488 -1.86958
v 1.20158 3.0307 -1.8191
v 1.16324 3.06488 -1.85355
v 1.13992 3.08441 -1.87705
v 1.17474 3.06519 -1.83889
v 1.20881 2.99316 -1.82822
v 1.1977 3.04535 -1.81769
v 1.15903 3.08411 -1.85217
v 1.2147 3.01056 -1.81202
v 1.22551 2.99377 -1.80684
v 1.22736 3.00842 -1.79729
v 1.2295 3.02429 -1.78736
v 1.22207 2.9776 -1.81988
v 1.25393 2.98431 -1.77602
v 1.24076 3.00568 -1.78187
v 1.24926 2.96875 -1.79064
v 1.26195 3.00049 -1.75751
v 1.26715 2.96478 -1.76955
v 1.21146 2.97028 -1.83746
v 1.24077 2.94434 -1.81532
v 1.21145 2.95746 -1.84508
v 1.22436 2.95471 -1.83013
v 1.23045 2.93091 -1.83657
v 1.24688 2.95471 -1.80163
v 1.24193 2.91595 -1.8318
v 1.26084 2.95074 -1.786
v 1.25607 2.9071 -1.81925
v 1.26234 2.92542 -1.79929
v 1.26952 2.93091 -1.78672
v 1.27679 2.93884 -1.77207
v 1.27958 2.91199 -1.78583
v 1.2795 2.95746 -1.75747
v 1.29201 2.90894 -1.77038
v 1.26858 2.91351 -1.79912
v 1.29666 2.8949 -1.7728
v 1.29075 2.88666 -1.78591
v 1.30456 2.90955 -1.75148
v 1.27827 2.8891 -1.8015
v 1.26448 2.89246 -1.81711
v 1.28191 2.87354 -1.80397
v 1.29761 2.87811 -1.78134
v 1.29155 2.87415 -1.78685
v 1.3008 2.88696 -1.77122
v 1.31174 2.88971 -1.7523
v 1.31276 2.88116 -1.75397
v 1.29616 2.87231 -1.77327
v 1.32265 2.89032 -1.73297
v 1.32346 2.88177 -1.73432
v 1.3179 2.90497 -1.73132
v 1.30321 2.86926 -1.75432
v 1.33187 2.89062 -1.71521
v 1.32693 2.90283 -1.71317
v 1.31261 2.91748 -1.73069
v 1.3076 2.9303 -1.73017
v 1.32125 2.91626 -1.71184
v 1.33477 2.90802 -1.69426
v 1.31378 2.93518 -1.70913
v 1.32287 2.93793 -1.69083
v 1.29634 2.92877 -1.75133
v 1.30738 2.94403 -1.71516
v 1.30144 2.94647 -1.72924
v 1.289 2.94556 -1.75143
v 1.31501 2.94434 -1.69861
v 1.29053 2.96265 -1.74005
v 1.29451 2.96356 -1.73313
v 1.30078 2.95349 -1.72258
v 1.30805 2.95197 -1.70615
v 1.29179 2.97302 -1.73303
v 1.27894 2.97791 -1.74695
v 1.29594 2.96387 -1.72651
v 1.30192 2.97241 -1.69979
v 1.28948 2.98035 -1.7309
v 1.28124 3.00293 -1.73213
v 1.29745 2.98737 -1.69734
v 1.2843 2.99774 -1.7179
v 1.2745 3.02429 -1.73147
v 1.28182 3.00476 -1.71935
v 1.25517 3.01697 -1.75829
v 1.27429 3.02673 -1.72489
v 1.27198 3.03406 -1.73079
v 1.2597 3.0365 -1.74451
v 1.26981 3.04169 -1.72919
v 1.23738 3.03986 -1.77106
v 1.24466 3.05939 -1.75415
v 1.2175 3.04352 -1.79403
v 1.23215 3.05725 -1.7707
v 1.20658 3.06274 -1.79997
v 1.18753 3.06458 -1.82292
v 1.17796 3.08228 -1.8287
v 1.21573 3.07953 -1.78284
v 1.19584 3.08228 -1.8063
v 1.14699 3.10516 -1.8603
v 1.24106 3.07739 -1.75242
v 1.18475 3.10303 -1.81314
v 1.21205 3.09784 -1.78133
v 1.16519 3.11127 -1.83477
v 1.18145 3.11951 -1.81194
v 1.2014 3.1189 -1.78786
v 1.21738 3.1192 -1.76801
v 1.15196 3.14026 -1.84214
v 1.23061 3.09967 -1.75797
v 1.18779 3.13812 -1.7985
v 1.14965 3.12195 -1.8512
v 1.13756 3.12347 -1.86661
v 1.13353 3.1427 -1.86563
v 1.12564 3.12439 -1.88242
v 1.19889 3.13904 -1.78451
v 1.17199 3.13873 -1.81743
v 1.16845 3.15765 -1.81598
v 1.15552 3.15887 -1.83191
v 1.18607 3.15887 -1.7943
v 1.15492 3.1778 -1.8273
v 1.21289 3.14178 -1.76654
v 1.16678 3.17963 -1.81164
v 1.19861 3.16132 -1.77857
v 1.21388 3.16223 -1.75976
v 1.22173 3.14392 -1.75514
v 1.22631 3.14545 -1.74837
v 1.19528 3.18512 -1.77654
v 1.22673 3.12164 -1.75566
v 1.24039 3.12469 -1.73506
v 1.18133 3.18359 -1.79307
v 1.18013 3.20435 -1.78922
v 1.20986 3.18329 -1.75789
v 1.19011 3.20129 -1.77872
v 1.22258 3.15796 -1.75058
v 1.19226 3.2019 -1.77593
v 1.22519 3.1601 -1.7452
v 1.22204 3.16956 -1.73821
v 1.22909 3.15735 -1.73534
v 1.235 3.14209 -1.73383
v 1.23212 3.1546 -1.71541
v 1.23688 3.13843 -1.71438
v 1.24247 3.12347 -1.71641
v 1.22809 3.16986 -1.71265
v 1.24536 3.13293 -1.7031
v 1.24087 3.15369 -1.70203
v 1.23548 3.172 -1.70568
v 1.2528 3.13293 -1.69557
v 1.25121 3.11737 -1.70084
v 1.25227 3.10974 -1.70284
v 1.25483 3.1189 -1.69533
v 1.26172 3.1131 -1.692
v 1.24294 3.09998 -1.74281
v 1.25636 3.09174 -1.71123
v 1.24397 3.08716 -1.74578
v 1.25747 3.0777 -1.73096
v 1.26191 3.06458 -1.73038
v 1.26294 3.07281 -1.70477
v 1.26626 3.0603 -1.70542
v 1.28055 3.05084 -1.68934
v 1.27348 3.07465 -1.68961
v 1.26878 3.09357 -1.68912
v 1.27657 3.06122 -1.69089
v 1.28048 3.06274 -1.68598
v 1.27901 3.07404 -1.68553
v 1.27603 3.09082 -1.68615
v 1.27264 3.1076 -1.68833
v 1.28734 3.08105 -1.68409
v 1.28608 3.06915 -1.68307
v 1.28635 3.05389 -1.68366
v 1.26065 3.12927 -1.69273
v 1.29644 3.0481 -1.68002
v 1.29243 3.03406 -1.68302
v 1.29349 3.06335 -1.68187
v 1.30045 3.03192 -1.67879
v 1.30829 3.02612 -1.67734
v 1.28511 3.03406 -1.68929
v 1.30325 3.02032 -1.67827
v 1.29875 3.01453 -1.68305
v 1.29017 3.01331 -1.69324
v 1.29378 2.99774 -1.69763
v 1.29918 3.00079 -1.68767
v 1.30519 3.00842 -1.67873
v 1.30479 2.99438 -1.68386
v 1.31017 3.01025 -1.67664
v 1.31591 2.99194 -1.67557
v 1.31044 2.97546 -1.68526
v 1.32074 2.97485 -1.67569
v 1.32607 2.97272 -1.67309
v 1.32742 2.98523 -1.6743
v 1.32439 3.00262 -1.67637
v 1.32337 2.96265 -1.67739
v 1.3169 2.95563 -1.6885
v 1.32276 2.94922 -1.68398
v 1.32806 2.95563 -1.67567
v 1.3347 2.93671 -1.67703
v 1.34033 2.92297 -1.6781
v 1.34171 2.93549 -1.67203
v 1.34461 2.92664 -1.67211
v 1.34511 2.91077 -1.67878
v 1.33641 2.95227 -1.67189
v 1.35062 2.92999 -1.67032
v 1.33192 2.96814 -1.67262
v 1.34748 2.94617 -1.67137
v 1.34476 2.96295 -1.67436
v 1.34148 2.98553 -1.67893
v 1.35346 2.9715 -1.68036
v 1.35686 2.97913 -1.68752
v 1.35078 2.99835 -1.69043
v 1.36385 2.95807 -1.68349
v 1.33905 2.99927 -1.68161
v 1.34557 3.01331 -1.69268
v 1.36256 2.94342 -1.67676
v 1.37134 2.93762 -1.68077
v 1.36445 2.92328 -1.67112
v 1.37676 2.92206 -1.67836
v 1.33709 3.01941 -1.68788
v 1.34123 3.02643 -1.69483
v 1.32142 3.02032 -1.67919
v 1.33053 3.03711 -1.68988
v 1.33714 3.03833 -1.69846
v 1.30524 3.0426 -1.67948
v 1.3186 3.03833 -1.68295
v 1.30202 3.05969 -1.68253
v 1.32552 3.04962 -1.69115
v 1.32747 3.05634 -1.69738
v 1.31519 3.05695 -1.68739
v 1.31862 3.06305 -1.69181
v 1.32206 3.0722 -1.7002
v 1.30828 3.06854 -1.68765
v 1.29865 3.07892 -1.6869
v 1.31292 3.07678 -1.69453
v 1.31716 3.08502 -1.70297
v 1.30632 3.0957 -1.69797
v 1.31239 3.0957 -1.70627
v 1.28278 3.10028 -1.68722
v 1.2948 3.09631 -1.69078
v 1.30098 3.10791 -1.69969
v 1.30157 3.11523 -1.70566
v 1.26942 3.12378 -1.69138
v 1.27855 3.11829 -1.69129
v 1.29063 3.11493 -1.696
v 1.29418 3.12103 -1.70143
v 1.29701 3.12988 -1.71017
v 1.2682 3.13385 -1.69386
v 1.28275 3.12775 -1.69671
v 1.28758 3.13538 -1.7044
v 1.29207 3.14178 -1.71349
v 1.27373 3.13995 -1.69741
v 1.27955 3.15491 -1.70862
v 1.28332 3.15521 -1.713
v 1.28429 3.15887 -1.73177
v 1.27263 3.17566 -1.7165
v 1.2721 3.1839 -1.72645
v 1.27447 3.1662 -1.71099
v 1.27035 3.15582 -1.70267
v 1.26902 3.18787 -1.72241
v 1.26482 3.19885 -1.74021
v 1.26674 3.18024 -1.71485
v 1.26512 3.17413 -1.70947
v 1.25942 3.19977 -1.72695
v 1.25995 3.2074 -1.74111
v 1.25884 3.19305 -1.71871
v 1.25756 3.18573 -1.71151
v 1.2535 3.17719 -1.70613
v 1.25818 3.1604 -1.70044
v 1.25053 3.18665 -1.70985
v 1.26182 3.14392 -1.69577
v 1.24391 3.18695 -1.70841
v 1.24691 3.1958 -1.71446
v 1.24976 3.15063 -1.69812
v 1.24696 3.16589 -1.7018
v 1.236 3.18451 -1.7083
v 1.22974 3.17963 -1.70854
v 1.22444 3.17932 -1.71464
v 1.22891 3.18848 -1.71083
v 1.23621 3.19611 -1.71308
v 1.22721 3.20129 -1.71639
v 1.22188 3.19031 -1.71632
v 1.21704 3.18024 -1.7243
v 1.21273 3.19122 -1.7272
v 1.21543 3.18146 -1.7363
v 1.20433 3.19763 -1.74135
v 1.20461 3.2132 -1.73213
v 1.21874 3.20587 -1.72094
v 1.22616 3.20709 -1.71974
v 1.20219 3.19855 -1.75665
v 1.19566 3.21289 -1.74469
v 1.18698 3.21564 -1.7641
v 1.23097 3.2074 -1.71945
v 1.22645 3.21686 -1.72609
v 1.24243 3.20618 -1.72053
v 1.25008 3.20435 -1.72226
v 1.2374 3.21716 -1.72991
v 1.24916 3.21014 -1.72883
v 1.24536 3.22174 -1.74287
v 1.24295 3.23059 -1.75798
v 1.23828 3.22418 -1.73957
v 1.23881 3.23151 -1.75283
v 1.23214 3.2431 -1.77119
v 1.22374 3.24188 -1.75677
v 1.22618 3.24829 -1.77284
v 1.22818 3.22571 -1.73517
v 1.21523 3.24371 -1.75294
v 1.22088 3.22754 -1.73471
v 1.21462 3.23853 -1.74566
v 1.21436 3.22845 -1.73567
v 1.21811 3.21686 -1.72713
v 1.20378 3.22479 -1.7362
v 1.20264 3.23761 -1.74512
v 1.20107 3.24615 -1.75169
v 1.19767 3.21991 -1.73869
v 1.20667 3.24524 -1.75146
v 1.1933 3.24585 -1.75342
v 1.1943 3.237 -1.74753
v 1.19631 3.22754 -1.74201
v 1.19211 3.21991 -1.74641
v 1.1882 3.22937 -1.75003
v 1.18623 3.24432 -1.75589
v 1.18575 3.22052 -1.75587
v 1.18089 3.22968 -1.75898
v 1.18394 3.22083 -1.76398
v 1.1743 3.22418 -1.78872
v 1.17102 3.23486 -1.77454
v 1.17161 3.25073 -1.76842
v 1.1657 3.24677 -1.77619
v 1.17145 3.26202 -1.77422
v 1.16713 3.23547 -1.79148
v 1.1665 3.20374 -1.8057
v 1.16223 3.23914 -1.80317
v 1.15507 3.19916 -1.82151
v 1.16457 3.2254 -1.80386
v 1.15918 3.2428 -1.79638
v 1.15778 3.24097 -1.81048
v 1.15716 3.22449 -1.81399
v 1.13865 3.19733 -1.84347
v 1.15201 3.24249 -1.81699
v 1.13951 3.22235 -1.83712
v 1.13933 3.17963 -1.84696
v 1.14239 3.16101 -1.8484
v 1.12037 3.18329 -1.87189
v 1.12983 3.16284 -1.86462
v 1.11787 3.19916 -1.87163
v 1.11825 3.22021 -1.86658
v 1.10088 3.20404 -1.89468
v 1.11328 3.16223 -1.88782
v 1.10341 3.18542 -1.89577
v 1.1217 3.14423 -1.88164
v 1.09192 3.18726 -1.91221
v 1.11097 3.14545 -1.8964
v 1.09523 3.16742 -1.91293
v 1.11003 3.12439 -1.90482
v 1.09902 3.14667 -1.91366
v 1.08397 3.16864 -1.92962
v 1.08776 3.14758 -1.93034
v 1.07429 3.19 -1.93795
v 1.13001 3.10455 -1.88335
v 1.11872 3.10486 -1.89921
v 1.12298 3.08472 -1.90045
v 1.10229 3.10455 -1.92344
v 1.11188 3.08472 -1.9167
v 1.11618 3.06549 -1.91826
v 1.09893 3.08716 -1.93537
v 1.10502 3.0658 -1.93467
v 1.09198 3.12622 -1.93123
v 1.08127 3.12653 -1.94778
v 1.08557 3.10547 -1.94887
v 1.09309 3.07434 -1.94965
v 1.10938 3.04749 -1.93608
v 1.09851 3.04779 -1.95259
v 1.08652 3.05603 -1.96772
v 1.07932 3.08563 -1.96656
v 1.09223 3.03009 -1.97077
v 1.08008 3.03772 -1.98633
v 1.09698 3.0127 -1.97201
v 1.07358 3.06702 -1.98412
v 1.06325 3.0484 -2.00943
v 1.04964 3.04962 -2.03257
v 1.04221 3.07953 -2.03247
v 1.05934 3.06732 -2.00769
v 1.05986 3.08655 -1.99862
v 1.06931 3.08594 -1.98289
v 1.04829 3.09692 -2.01439
v 1.05413 3.11584 -1.99654
v 1.06525 3.10577 -1.98159
v 1.07524 3.10577 -1.96525
v 1.05919 3.12897 -1.98263
v 1.07112 3.12653 -1.96407
v 1.0624 3.14758 -1.97064
v 1.04734 3.14789 -1.99602
v 1.07704 3.14819 -1.9469
v 1.0682 3.16864 -1.95424
v 1.05306 3.16895 -1.97893
v 1.05946 3.18939 -1.96177
v 1.0433 3.16864 -1.99553
v 1.04936 3.18939 -1.97841
v 1.03796 3.14758 -2.01242
v 1.03397 3.16833 -2.01227
v 1.04241 3.12653 -2.01273
v 1.03969 3.18909 -1.99518
v 1.02888 3.14728 -2.02892
v 1.03766 3.10608 -2.02936
v 1.03337 3.12622 -2.02909
v 1.02418 3.12622 -2.04589
v 1.02847 3.10608 -2.04615
v 1.01979 3.14697 -2.04591
v 1.02459 3.16772 -2.02915
v 1.00892 3.15643 -2.06242
v 1.01451 3.17596 -2.04481
v 1.02072 3.18848 -2.02904
v 1.02637 3.20007 -2.01485
v 1.00695 3.21442 -2.04595
v 1.03111 3.21594 -2.00181
v 1.01599 3.21533 -2.02911
v 1.01181 3.25012 -2.02678
v 0.999039 3.20557 -2.0637
v 1.04613 3.20892 -1.97788
v 1.0401 3.22693 -1.98332
v 1.05629 3.20923 -1.96112
v 1.05324 3.23364 -1.95968
v 1.06673 3.20892 -1.94446
v 1.03729 3.24219 -1.98392
v 1.02145 3.25134 -2.00918
v 1.06449 3.23425 -1.94169
v 1.07804 3.20801 -1.92762
v 1.08909 3.20648 -1.9115
v 1.08122 3.22418 -1.91887
v 1.09979 3.22052 -1.89234
v 1.08281 3.23761 -1.91361
v 1.10128 3.23853 -1.88688
v 1.06517 3.2608 -1.93577
v 1.05309 3.25897 -1.95427
v 1.07873 3.26233 -1.91635
v 1.09048 3.26294 -1.89919
v 1.07537 3.284 -1.91934
v 1.1018 3.2605 -1.88365
v 1.08965 3.28552 -1.89791
v 1.0997 3.28339 -1.88322
v 1.11563 3.25928 -1.8653
v 1.11773 3.24158 -1.86443
v 1.12652 3.24463 -1.8514
v 1.12596 3.26111 -1.85071
v 1.1389 3.24371 -1.83431
v 1.13652 3.25897 -1.83507
v 1.12122 3.27209 -1.85483
v 1.10968 3.28033 -1.86915
v 1.12482 3.27301 -1.82659
v 1.14293 3.25653 -1.81921
v 1.1445 3.25623 -1.80371
v 1.13278 3.27423 -1.81228
v 1.15106 3.25684 -1.79148
v 1.16093 3.25653 -1.77948
v 1.11527 3.27728 -1.8426
v 1.1652 3.25745 -1.77535
v 1.15804 3.26569 -1.78476
v 1.14561 3.26996 -1.79664
v 1.16279 3.26782 -1.78243
v 1.15284 3.27789 -1.79504
v 1.1426 3.28156 -1.80447
v 1.161 3.27576 -1.78957
v 1.17063 3.26935 -1.7796
v 1.15101 3.28308 -1.80007
v 1.14396 3.28735 -1.80789
v 1.15535 3.28308 -1.79888
v 1.17135 3.27759 -1.79236
v 1.15068 3.28796 -1.80725
v 1.16077 3.28247 -1.79826
v 1.17084 3.28247 -1.80272
v 1.14014 3.29773 -1.8242
v 1.13194 3.28491 -1.81505
v 1.18062 3.26843 -1.77803
v 1.18501 3.26324 -1.77086
v 1.19158 3.26691 -1.78006
v 1.193 3.27148 -1.7913
v 1.20257 3.26569 -1.78553
v 1.19894 3.26233 -1.77544
v 1.20038 3.27271 -1.80096
v 1.18258 3.28125 -1.80748
v 1.20548 3.2663 -1.79048
v 1.19249 3.28217 -1.81953
v 1.20531 3.27118 -1.80568
v 1.18556 3.28491 -1.82205
v 1.22179 3.25531 -1.79073
v 1.214 3.25531 -1.77328
v 1.21584 3.24951 -1.76332
v 1.20639 3.25073 -1.75939
v 1.19226 3.25317 -1.75986
v 1.18293 3.255 -1.76361
v 1.0808 2.82593 -2.06029
v 1.07189 2.83051 -2.05088
v 1.06315 2.836 -2.05615
v 1.06286 2.83936 -2.05605
v 1.06664 2.84058 -2.0519
v 1.0799 2.82654 -2.03464
v 1.06093 2.84821 -2.06135
v 1.0535 2.85339 -2.07245
v 1.06361 2.8598 -2.06784
v 1.06227 2.87109 -2.07823
v 1.0425 2.8714 -2.0933
v 1.07976 2.83569 -2.03637
v 1.08973 2.83264 -2.02457
v 1.10267 2.83539 -2.0171
v 1.09909 2.82501 -2.01223
v 1.10006 2.8183 -2.0082
v 1.0922 2.82349 -2.01865
v 1.10065 2.81586 -2.00792
v 1.09547 2.81738 -2.01724
v 1.08827 2.82074 -2.03216
v 1.29162 2.83142 -1.95686
v 1.3083 2.83966 -1.96097
v 1.29266 2.82837 -1.93791
v 1.31982 2.84607 -1.9637
v 1.32933 2.85156 -1.96569
v 1.33816 2.85004 -1.94941
v 1.32836 2.84485 -1.94732
v 1.31551 2.83844 -1.94427
v 1.33526 2.84454 -1.92969
v 1.32262 2.83875 -1.92607
v 1.33719 2.84302 -1.90831
v 1.34524 2.84912 -1.93219
v 1.36214 2.85828 -1.93572
v 1.36961 2.85828 -1.91783
v 1.35068 2.84912 -1.91273
v 1.37685 2.8595 -1.89968
v 1.34665 2.84607 -1.8939
v 1.38486 2.86285 -1.88213
v 1.29469 2.82776 -1.91982
v 1.31088 2.83295 -1.90119
v 1.36241 2.85278 -1.87511
v 1.38533 2.86438 -1.8607
v 1.31691 2.83508 -1.88325
v 1.37014 2.85767 -1.85649
v 1.38584 2.86591 -1.84904
v 1.33511 2.84241 -1.86714
v 1.29264 2.82654 -1.89554
v 1.29262 2.82715 -1.87458
v 1.26352 2.81799 -1.90687
v 1.35001 2.84943 -1.8516
v 1.37549 2.86285 -1.83149
v 1.32537 2.84058 -1.84119
v 1.38357 2.86682 -1.83474
v 1.39494 2.8714 -1.84634
v 1.38224 2.86865 -1.82054
v 1.35781 2.85461 -1.83236
v 1.3671 2.86194 -1.80724
v 1.36379 2.85919 -1.81724
v 1.37069 2.8656 -1.79378
v 1.38796 2.8772 -1.80256
v 1.38551 2.87933 -1.78561
v 1.33394 2.84515 -1.82969
v 1.35809 2.85858 -1.79942
v 1.34664 2.85248 -1.80679
v 1.35976 2.8598 -1.79037
v 1.34864 2.85431 -1.78966
v 1.32466 2.8418 -1.82308
v 1.32855 2.84454 -1.80744
v 1.36499 2.86285 -1.77149
v 1.37676 2.87292 -1.77438
v 1.38415 2.88269 -1.76969
v 1.37778 2.87415 -1.75462
v 1.37166 2.8653 -1.75224
v 1.35294 2.85492 -1.76939
v 1.38523 2.89124 -1.75692
v 1.38078 2.87323 -1.73518
v 1.37543 2.86591 -1.74144
v 1.38027 2.86377 -1.7281
v 1.37295 2.85706 -1.73217
v 1.37915 2.85248 -1.71957
v 1.35775 2.85339 -1.74987
v 1.36077 2.84302 -1.72636
v 1.35153 2.84424 -1.74152
v 1.34503 2.84546 -1.7545
v 1.3413 2.84668 -1.76702
v 1.33978 2.84027 -1.74528
v 1.3347 2.84729 -1.78873
v 1.32961 2.83966 -1.76431
v 1.32098 2.83905 -1.78537
v 1.31486 2.83783 -1.8049
v 1.34597 2.83661 -1.72334
v 1.32226 2.83539 -1.74297
v 1.31348 2.83691 -1.82615
v 1.30691 2.83356 -1.84195
v 1.29908 2.8299 -1.86037
v 1.29027 2.82745 -1.84353
v 1.29495 2.82959 -1.81991
v 1.29968 2.83112 -1.80109
v 1.28481 2.82684 -1.81703
v 1.28982 2.82867 -1.79832
v 1.27808 2.82318 -1.86232
v 1.30294 2.83173 -1.78141
v 1.29315 2.8299 -1.78646
v 1.31281 2.83356 -1.76186
v 1.29177 2.83173 -1.77597
v 1.28686 2.8302 -1.78499
v 1.28092 2.82837 -1.79598
v 1.28076 2.83051 -1.78528
v 1.27226 2.82562 -1.81312
v 1.30001 2.83539 -1.76087
v 1.27354 2.82959 -1.79395
v 1.28138 2.83661 -1.77731
v 1.26788 2.83569 -1.79254
v 1.29231 2.8418 -1.75928
v 1.28022 2.84882 -1.77291
v 1.2993 2.84515 -1.74811
v 1.26077 2.82776 -1.80944
v 1.26111 2.83173 -1.80225
v 1.26494 2.82257 -1.83059
v 1.28097 2.82501 -1.83561
v 1.25877 2.81952 -1.848
v 1.25143 2.82318 -1.82666
v 1.25357 2.82898 -1.81364
v 1.24283 2.81891 -1.84318
v 1.24534 2.82623 -1.8251
v 1.25552 2.83386 -1.80736
v 1.23332 2.82257 -1.84118
v 1.2433 2.83142 -1.82355
v 1.25301 2.81708 -1.86522
v 1.24723 2.81464 -1.88244
v 1.26926 2.81982 -1.88883
v 1.239 2.81189 -1.90105
v 1.25743 2.81647 -1.92495
v 1.25124 2.81555 -1.94332
v 1.27194 2.82288 -1.95069
v 1.27871 2.82318 -1.93253
v 1.2315 2.82928 -1.83906
v 1.24638 2.83875 -1.82271
v 1.23703 2.83783 -1.83814
v 1.26149 2.84027 -1.79719
v 1.26133 2.83783 -1.79763
v 1.26898 2.84668 -1.79131
v 1.26074 2.84729 -1.80683
v 1.25345 2.8479 -1.82333
v 1.27759 2.86255 -1.79801
v 1.27488 2.86316 -1.80904
v 1.26784 2.86163 -1.82483
v 1.28141 2.86011 -1.78349
v 1.2856 2.85889 -1.77283
v 1.29376 2.85736 -1.75665
v 1.29101 2.85065 -1.75751
v 1.29929 2.85675 -1.74721
v 1.29934 2.85126 -1.74665
v 1.30941 2.86316 -1.73814
v 1.30656 2.85004 -1.73751
v 1.32454 2.86346 -1.71929
v 1.33208 2.87872 -1.71732
v 1.30858 2.8418 -1.74312
v 1.32154 2.84393 -1.72624
v 1.31885 2.85187 -1.72379
v 1.331 2.86224 -1.71092
v 1.33981 2.87231 -1.70275
v 1.33059 2.854 -1.71069
v 1.34114 2.89124 -1.69731
v 1.33782 2.85461 -1.70195
v 1.35319 2.87415 -1.68514
v 1.35202 2.89246 -1.68122
v 1.33009 2.84607 -1.71343
v 1.36345 2.89276 -1.66986
v 1.33128 2.83783 -1.72442
v 1.33963 2.84241 -1.70594
v 1.35614 2.83386 -1.70292
v 1.35479 2.83875 -1.68474
v 1.34873 2.85614 -1.68846
v 1.36619 2.87384 -1.66948
v 1.3632 2.85614 -1.67099
v 1.36376 2.83813 -1.67079
v 1.3711 2.86743 -1.66355
v 1.35983 2.83264 -1.68787
v 1.36427 2.8299 -1.67519
v 1.36702 2.82867 -1.66986
v 1.36752 2.82684 -1.68368
v 1.37611 2.8183 -1.67122
v 1.36591 2.82959 -1.69616
v 1.37739 2.82471 -1.69004
v 1.38532 2.81372 -1.67668
v 1.36923 2.82928 -1.6973
v 1.38113 2.83203 -1.69805
v 1.37273 2.83813 -1.70823
v 1.38673 2.84546 -1.70674
v 1.38422 2.81097 -1.66946
v 1.39069 2.80762 -1.67173
v 1.38004 2.82135 -1.66128
v 1.38805 2.81006 -1.66249
v 1.39282 2.80945 -1.65425
v 1.37022 2.82867 -1.66462
v 1.37795 2.83661 -1.65719
v 1.37037 2.83783 -1.66289
v 1.371 2.85522 -1.66247
v 1.3779 2.85187 -1.65734
v 1.39146 2.8186 -1.65221
v 1.38553 2.8479 -1.65379
v 1.40018 2.81403 -1.64563
v 1.38847 2.83356 -1.65193
v 1.40172 2.82684 -1.64765
v 1.41665 2.79205 -1.63514
v 1.41042 2.81708 -1.64334
v 1.39501 2.84485 -1.65406
v 1.41178 2.80792 -1.63962
v 1.42532 2.77771 -1.6296
v 1.42476 2.7832 -1.6298
v 1.42525 2.79205 -1.63161
v 1.43114 2.78534 -1.62879
v 1.43193 2.79358 -1.63241
v 1.42466 2.80182 -1.63634
v 1.43517 2.79297 -1.63334
v 1.44343 2.78351 -1.63026
v 1.4543 2.77771 -1.6334
v 1.44408 2.79083 -1.63788
v 1.45252 2.78381 -1.64233
v 1.44908 2.78564 -1.65358
v 1.44489 2.79541 -1.64678
v 1.43585 2.8006 -1.64219
v 1.44235 2.79877 -1.65422
v 1.43625 2.80823 -1.65492
v 1.42636 2.81403 -1.64776
v 1.41818 2.81647 -1.64479
v 1.41395 2.82715 -1.65153
v 1.43912 2.80029 -1.66043
v 1.44077 2.79022 -1.66127
v 1.43048 2.81158 -1.6659
v 1.44262 2.77435 -1.66065
v 1.42655 2.79572 -1.66821
v 1.42259 2.8302 -1.66838
v 1.40626 2.80334 -1.67358
v 1.41753 2.80518 -1.67296
v 1.41682 2.81982 -1.67579
v 1.40171 2.82043 -1.68117
v 1.41286 2.84027 -1.68133
v 1.40667 2.83813 -1.6863
v 1.39176 2.82715 -1.68892
v 1.39702 2.8421 -1.69498
v 1.40736 2.84943 -1.68932
v 1.41042 2.85156 -1.68133
v 1.3867 2.85858 -1.71444
v 1.4016 2.85736 -1.69533
v 1.38923 2.87659 -1.71463
v 1.38902 2.89581 -1.71431
v 1.40755 2.85828 -1.68476
v 1.39792 2.87628 -1.69652
v 1.39361 2.89429 -1.69544
v 1.38816 2.91046 -1.69297
v 1.40532 2.86865 -1.68151
v 1.41037 2.85706 -1.67702
v 1.41442 2.84607 -1.67167
v 1.39664 2.8894 -1.68217
v 1.39056 2.90161 -1.6815
v 1.38528 2.90985 -1.6804
v 1.39171 2.89368 -1.67519
v 1.40273 2.86407 -1.67034
v 1.40961 2.85034 -1.66838
v 1.41742 2.83569 -1.66342
v 1.425 2.82227 -1.65684
v 1.40787 2.84271 -1.65979
v 1.39959 2.85522 -1.66109
v 1.39135 2.85645 -1.65785
v 1.38933 2.86713 -1.66076
v 1.38428 2.85614 -1.65544
v 1.37707 2.86804 -1.66053
v 1.3701 2.87872 -1.66587
v 1.37239 2.8891 -1.66492
v 1.36856 2.88666 -1.66653
v 1.36602 2.89825 -1.66723
v 1.3861 2.88391 -1.66608
v 1.36942 2.90375 -1.66773
v 1.38225 2.90192 -1.67175
v 1.37469 2.91412 -1.672
v 1.36987 2.91534 -1.67049
v 1.36314 2.91046 -1.66845
v 1.35594 2.91199 -1.66997
v 1.23165 2.83844 -1.84983
v 1.22977 2.8418 -1.86214
v 1.2483 2.84943 -1.83884
v 1.25931 2.8595 -1.83894
v 1.27125 2.8717 -1.82038
v 1.25247 2.883 -1.83807
v 1.26025 2.86987 -1.83587
v 1.25023 2.85767 -1.85318
v 1.24401 2.85675 -1.86228
v 1.24771 2.86957 -1.85161
v 1.24033 2.89185 -1.84828
v 1.0572 2.89825 -2.16634
v 1.05587 2.90741 -2.17089
v 1.04949 2.89856 -2.16564
v 1.0404 2.92786 -2.18085
v 1.0447 2.91229 -2.17348
v 1.04235 2.93457 -2.18399
v 1.03436 2.90039 -2.16128
v 1.03384 2.94647 -2.18772
v 1.04115 2.94678 -2.18728
v 1.0373 2.89093 -2.15455
v 1.02523 2.90161 -2.1578
v 1.02647 2.89246 -2.14949
v 1.02551 2.88422 -2.13826
v 1.03022 2.91473 -2.17
v 1.01837 2.9068 -2.15612
v 1.0234 2.89856 -2.12531
v 1.01737 2.89886 -2.14325
v 1.02059 2.9129 -2.16342
v 1.02639 2.92847 -2.17738
v 1.00891 2.9248 -2.16161
v 1.01115 2.91534 -2.14473
v 1.03405 2.9364 -2.18358
v 1.02323 2.93884 -2.18207
v 1.01769 2.95624 -2.18883
v 1.01344 2.9422 -2.17998
v 1.01111 2.93365 -2.17166
v 1.00529 2.95685 -2.18319
v 1.0139 2.96906 -2.19346
v 1.00293 2.94861 -2.17583
v 1.00253 2.93884 -2.16579
v 1.00342 2.93518 -2.16108
v 1.00743 2.92542 -2.14468
v 1.00548 2.93518 -2.14381
v 0.999186 2.94403 -2.16067
v 0.998763 2.95197 -2.17302
v 0.996832 2.96234 -2.18012
v 0.993177 2.95837 -2.15979
v 0.991314 2.96967 -2.17697
v 1.00032 2.97607 -2.19063
v 0.993446 2.97424 -2.18408
v 0.98355 2.9837 -2.17691
v 0.99369 2.98706 -2.19278
v 0.998583 2.98798 -2.19585
v 0.989017 2.99103 -2.19091
v 0.988398 2.99896 -2.19571
v 0.977956 3.00964 -2.19274
v 0.978268 2.99591 -2.17581
v 0.991592 2.97638 -2.15612
v 1.00863 2.96967 -2.14138
v 1.00554 2.95074 -2.14367
v 1.02003 2.94769 -2.12879
v 1.01712 2.96814 -2.12742
v 1.02671 2.92542 -2.12603
v 1.00791 2.98676 -2.13624
v 1.00127 3.01178 -2.13707
v 1.01555 2.98584 -2.12278
v 1.00802 3.01025 -2.12476
v 0.988797 3.02795 -2.15041
v 1.02501 2.99103 -2.10301
v 1.00132 3.02643 -2.12979
v 1.0246 3.0127 -2.09344
v 1.00893 3.02521 -2.11599
v 1.03102 2.96722 -2.10389
v 1.03389 2.995 -2.08529
v 1.0296 2.94586 -2.11587
v 1.04004 2.96631 -2.08802
v 1.03556 2.94617 -2.10571
v 1.0362 2.92389 -2.11422
v 1.04401 2.95044 -2.08962
v 1.03797 2.90924 -2.11339
v 1.05052 2.92328 -2.09312
v 1.03479 2.89276 -2.11143
v 1.04875 2.90436 -2.09979
v 1.05545 2.89062 -2.09297
v 1.05565 2.87933 -2.08752
v 1.05998 2.89276 -2.0899
v 1.06737 2.87415 -2.07668
v 1.06626 2.88513 -2.08066
v 1.0752 2.87109 -2.06767
v 1.05915 2.90314 -2.08814
v 1.06322 2.9184 -2.07517
v 1.05829 2.91351 -2.08604
v 1.05956 2.93304 -2.07319
v 1.04827 2.97577 -2.06941
v 1.04312 2.99561 -2.06883
v 1.03881 3.01392 -2.06776
v 1.04847 3.01361 -2.05098
v 1.03468 3.03253 -2.06659
v 1.0444 3.03192 -2.04966
v 1.04037 3.05023 -2.04868
v 1.03028 3.05817 -2.06304
v 1.0241 3.04169 -2.08141
v 1.03459 3.078 -2.04674
v 1.01705 3.02979 -2.09946
v 1.00743 3.05145 -2.10717
v 1.02307 3.08777 -2.06367
v 1.01561 3.07922 -2.08108
v 1.00419 3.07098 -2.10535
v 0.995644 3.04749 -2.13066
v 0.991461 3.06732 -2.13011
v 0.986399 3.04504 -2.14808
v 1.00445 3.08929 -2.09749
v 1.01456 3.10669 -2.07145
v 0.997536 3.1189 -2.09822
v 0.992846 3.09998 -2.1147
v 0.987583 3.08838 -2.12918
v 0.983241 3.06366 -2.14693
v 0.97873 3.10516 -2.13879
v 0.981694 3.07922 -2.1436
v 0.975393 3.07129 -2.15868
v 0.971693 3.08044 -2.15994
v 0.974471 3.04779 -2.16793
v 0.983747 3.12714 -2.12097
v 0.971709 3.03101 -2.17196
v 0.953659 3.06091 -2.18635
v 0.97167 3.01666 -2.17341
v 0.960103 3.04108 -2.18917
v 0.974867 3.00537 -2.17489
v 0.971813 3.01849 -2.19131
v 0.967399 3.02704 -2.19052
v 0.971652 3.02094 -2.19401
v 0.980684 3.01605 -2.19908
v 0.968999 3.03101 -2.19727
v 0.973773 3.03284 -2.2029
v 0.992508 3.0127 -2.20452
v 0.984311 3.02399 -2.20608
v 0.968404 3.04382 -2.20517
v 0.964375 3.04901 -2.2042
v 0.952654 3.06946 -2.20562
v 0.963765 3.05664 -2.20901
v 0.971042 3.05145 -2.21132
v 0.98419 3.0484 -2.21578
v 0.968644 3.06793 -2.21792
v 0.956961 3.07404 -2.21254
v 0.946571 3.08044 -2.20585
v 0.950696 3.06976 -2.18689
v 0.949982 3.07281 -2.18663
v 0.94343 3.08624 -2.20243
v 0.949216 3.08411 -2.18829
v 0.949943 3.09692 -2.18808
v 0.937927 3.09875 -2.20238
v 0.944351 3.0896 -2.20926
v 0.948625 3.09143 -2.21536
v 0.969785 3.10394 -2.15535
v 0.953459 3.12347 -2.17928
v 0.967807 3.12317 -2.15186
v 0.960348 3.08075 -2.21929
v 0.96421 3.14423 -2.15105
v 0.934055 3.11157 -2.20097
v 0.963661 3.09143 -2.22537
v 0.939646 3.14026 -2.19407
v 0.954889 3.09296 -2.22137
v 0.942923 3.10333 -2.21767
v 0.938798 3.10913 -2.21649
v 0.929416 3.12653 -2.21731
v 0.922327 3.14117 -2.21717
v 0.938329 3.11646 -2.22135
v 0.93459 3.1311 -2.22585
v 0.947095 3.1131 -2.22584
v 0.942456 3.12653 -2.22967
v 0.958813 3.11279 -2.23156
v 0.952218 3.12134 -2.23273
v 0.935075 3.13934 -2.23122
v 0.944139 3.13263 -2.23353
v 0.954735 3.12958 -2.23608
v 0.95086 3.15033 -2.24183
v 0.924605 3.15186 -2.22741
v 0.938725 3.15247 -2.23903
v 0.929812 3.15216 -2.2332
v 0.935196 3.17291 -2.24473
v 0.91856 3.16315 -2.22797
v 0.961153 3.13232 -2.2381
v 0.960275 3.14697 -2.24183
v 0.973284 3.1427 -2.2373
v 0.971295 3.12225 -2.23431
v 0.958428 3.16681 -2.24603
v 0.981703 3.12714 -2.2329
v 0.982917 3.11188 -2.23091
v 0.984638 3.0957 -2.22796
v 0.973766 3.10425 -2.23018
v 0.978181 3.08533 -2.22561
v 0.985421 3.07709 -2.22402
v 0.981408 3.06641 -2.22077
v 0.996707 3.0603 -2.21887
v 0.997938 3.04199 -2.21461
v 1.0071 3.03894 -2.21306
v 0.997856 3.02643 -2.21036
v 1.00588 3.02277 -2.20971
v 0.988442 3.0307 -2.21035
v 0.997043 3.0188 -2.20811
v 1.00386 3.00964 -2.20589
v 1.01758 3.00232 -2.20389
v 1.00829 2.99225 -2.20084
v 1.01859 2.98737 -2.2002
v 1.02923 2.98309 -2.19773
v 1.01156 2.97852 -2.19634
v 1.01882 2.97791 -2.19735
v 1.02677 2.96814 -2.19424
v 1.04068 2.96173 -2.19037
v 1.0757 2.92114 -2.16412
v 1.09414 2.92267 -2.15362
v 1.07646 2.94464 -2.1683
v 1.06531 2.93701 -2.1735
v 1.05423 2.9422 -2.17987
v 1.06833 2.95502 -2.1746
v 1.05649 2.96173 -2.18215
v 1.0592 2.98218 -2.18362
v 1.07281 2.98401 -2.17655
v 1.04188 2.98096 -2.19242
v 1.0627 3.00171 -2.18424
v 1.04456 3.00018 -2.19308
v 1.02946 3.00018 -2.20025
v 1.01725 3.01971 -2.20702
v 1.03052 3.0188 -2.20178
v 1.01807 3.03802 -2.20878
v 1.04711 3.01971 -2.19367
v 1.06548 3.02124 -2.18509
v 1.05004 3.03955 -2.19409
v 1.03297 3.03802 -2.20218
v 1.05317 3.0603 -2.19442
v 1.06743 3.04108 -2.18645
v 1.07818 3.02216 -2.17964
v 1.0369 3.05847 -2.20166
v 1.02022 3.05756 -2.20956
v 1.06888 3.06183 -2.18779
v 1.0805 3.04138 -2.1813
v 1.07001 3.0835 -2.18918
v 1.05615 3.08228 -2.19469
v 1.04116 3.08044 -2.20109
v 1.08283 3.06152 -2.18295
v 1.09703 3.06427 -2.1787
v 1.08618 3.08167 -2.18401
v 1.07163 3.10455 -2.19008
v 1.05826 3.10486 -2.19513
v 1.02356 3.07831 -2.20931
v 1.02701 3.10089 -2.20878
v 1.00855 3.07709 -2.21668
v 1.00727 3.05725 -2.21572
v 0.993961 3.08014 -2.22242
v 0.996792 3.09875 -2.22312
v 1.01179 3.09814 -2.21624
v 0.994796 3.1192 -2.22548
v 1.0218 3.12164 -2.21192
v 1.04402 3.10364 -2.20083
v 1.04541 3.12622 -2.20101
v 1.06135 3.12683 -2.19512
v 1.07095 3.12805 -2.19195
v 1.04535 3.14789 -2.20115
v 1.05758 3.14758 -2.19699
v 1.02844 3.14758 -2.2093
v 1.04459 3.16895 -2.20104
v 1.07097 3.14667 -2.19277
v 1.01744 3.13873 -2.21456
v 0.999902 3.14331 -2.22393
v 1.01836 3.15582 -2.21424
v 0.983141 3.14697 -2.23343
v 1.00223 3.16376 -2.22331
v 0.985034 3.16101 -2.23314
v 1.03114 3.16742 -2.20768
v 1.01891 3.17444 -2.21362
v 1.00646 3.18176 -2.22063
v 1.02809 3.1842 -2.20803
v 0.972098 3.16315 -2.24013
v 0.956746 3.18634 -2.24932
v 0.9726 3.1839 -2.24144
v 0.956412 3.20526 -2.25114
v 1.04165 3.18726 -2.20062
v 0.987222 3.18146 -2.23247
v 0.973558 3.20282 -2.24147
v 0.98802 3.20129 -2.23163
v 0.975897 3.22052 -2.23907
v 0.956204 3.22327 -2.25172
v 1.00238 3.20251 -2.22159
v 0.955407 3.24158 -2.25078
v 0.988129 3.21259 -2.23085
v 1.01864 3.18878 -2.21256
v 1.02901 3.20496 -2.20414
v 1.01822 3.20435 -2.21062
v 0.998317 3.2196 -2.22206
v 1.02705 3.22113 -2.20018
v 1.03876 3.20496 -2.19876
v 1.01739 3.22113 -2.20707
v 0.988129 3.2251 -2.22907
v 1.00088 3.23792 -2.21454
v 1.02562 3.22998 -2.1974
v 0.968971 3.24066 -2.24159
v 0.988822 3.23883 -2.22494
v 0.960393 3.26172 -2.24285
v 0.954295 3.25531 -2.24892
v 0.953515 3.26904 -2.24571
v 0.952113 3.28186 -2.24195
v 1.01588 3.23639 -2.2023
v 1.00152 3.24677 -2.21055
v 0.988824 3.2547 -2.21957
v 0.974741 3.27576 -2.22436
v 1.00535 3.25378 -2.20269
v 1.02422 3.24097 -2.19186
v 0.959997 3.28278 -2.23589
v 0.959524 3.29346 -2.2323
v 0.94789 3.30261 -2.23393
v 0.957028 3.30963 -2.2262
v 0.963819 3.30353 -2.22315
v 0.965865 3.31909 -2.21351
v 0.981376 3.29407 -2.20745
v 0.994347 3.27209 -2.20438
v 0.979447 3.33069 -2.18776
v 0.960793 3.3316 -2.20647
v 0.97153 3.33801 -2.193
v 0.980354 3.34686 -2.17364
v 1.00937 3.26172 -2.19344
v 0.999543 3.28705 -2.18873
v 1.01265 3.2666 -2.18618
v 1.01944 3.25348 -2.18849
v 1.01877 3.27393 -2.17201
v 1.0142 3.28735 -2.1676
v 1.00104 3.31299 -2.16897
v 0.993665 3.35785 -2.14146
v 1.02863 3.25592 -2.17528
v 1.02906 3.24493 -2.18436
v 1.03873 3.25745 -2.16043
v 1.03235 3.23395 -2.18961
v 1.03335 3.24707 -2.17747
v 1.03962 3.23853 -2.17943
v 1.03601 3.22021 -2.19516
v 1.04235 3.22632 -2.18756
v 1.04633 3.21777 -2.18999
v 1.05253 3.20343 -2.19305
v 1.05708 3.21594 -2.18366
v 1.05218 3.18665 -2.19714
v 1.06072 3.20679 -2.18791
v 1.06395 3.19733 -2.19022
v 1.06923 3.16803 -2.19311
v 1.07619 3.1842 -2.18915
v 1.07234 3.19885 -2.18499
v 1.06697 3.20892 -2.1819
v 1.07977 3.16772 -2.19045
v 1.10479 3.14606 -2.1846
v 1.09616 3.16528 -2.18602
v 1.10408 3.12805 -2.18387
v 1.10235 3.10364 -2.18193
v 1.12385 3.12958 -2.17951
v 1.1168 3.14819 -2.18149
v 1.10023 3.08197 -2.18019
v 1.14109 3.10974 -2.17361
v 1.13026 3.08411 -2.17259
v 1.12759 3.06152 -2.16967
v 1.16149 3.06946 -2.1617
v 1.11819 3.04382 -2.16918
v 1.15886 3.0896 -2.16627
v 1.13895 3.12988 -2.17592
v 1.16632 3.11096 -2.16719
v 1.14907 3.12897 -2.17309
v 1.13624 3.14392 -2.17623
v 1.14692 3.14178 -2.17231
v 1.13213 3.15399 -2.17505
v 1.16392 3.12653 -2.16842
v 1.17683 3.11096 -2.16419
v 1.17454 3.12408 -2.16465
v 1.15742 3.13873 -2.16801
v 1.1763 3.09204 -2.16205
v 1.19899 3.09082 -2.15504
v 1.19665 3.07281 -2.15207
v 1.18911 3.10883 -2.15988
v 1.2247 3.07098 -2.14278
v 1.18618 3.05176 -2.15005
v 1.20252 3.09937 -2.15469
v 1.21195 3.09204 -2.15065
v 1.20066 3.10638 -2.15531
v 1.19849 3.11188 -2.1555
v 1.22075 3.05145 -2.13891
v 1.15268 3.04596 -2.15915
v 1.17647 3.02734 -2.14685
v 1.14371 3.0246 -2.15703
v 1.11001 3.02338 -2.16799
v 1.20481 3.02856 -2.13767
v 1.16822 3.00842 -2.14451
v 1.19941 3.00842 -2.13375
v 1.1354 3.00568 -2.1553
v 1.18588 2.98828 -2.13257
v 1.15884 2.98584 -2.14175
v 1.21871 2.98615 -2.11998
v 1.22826 3.00781 -2.12362
v 1.23045 3.02643 -2.12831
v 1.25609 3.00873 -2.1136
v 1.24475 3.03497 -2.12604
v 1.24895 3.05267 -2.12968
v 1.24972 2.98981 -2.10967
v 1.27016 3.03284 -2.11596
v 1.2768 2.99133 -2.09905
v 1.27327 3.01361 -2.10832
v 1.23661 2.96844 -2.10734
v 1.2677 2.96844 -2.0946
v 1.2904 3.01514 -2.10139
v 1.20898 2.96478 -2.11678
v 1.25714 2.94708 -2.0906
v 1.18154 2.9657 -2.1271
v 1.22543 2.94403 -2.10279
v 1.19822 2.94312 -2.11336
v 1.16862 2.94647 -2.12598
v 1.15154 2.96539 -2.1386
v 1.13144 2.98615 -2.15192
v 1.1253 2.9715 -2.15049
v 1.11397 3.00568 -2.16293
v 1.11355 2.98584 -2.15873
v 1.10146 3.00018 -2.16651
v 1.14249 2.94525 -2.13628
v 1.11254 2.96722 -2.15479
v 1.1 2.98187 -2.16338
v 1.10965 2.94617 -2.15114
v 1.09896 2.96753 -2.16089
v 1.12255 2.94586 -2.14511
v 1.09722 2.94556 -2.15718
v 1.10647 2.92389 -2.1469
v 1.13197 2.91656 -2.13214
v 1.08287 2.96509 -2.16852
v 1.08981 2.98676 -2.16909
v 1.1038 2.90802 -2.14398
v 1.10088 2.8949 -2.1413
v 1.11588 2.90375 -2.1362
v 1.12856 2.89917 -2.12766
v 1.13769 2.88574 -2.11684
v 1.14249 2.90619 -2.1233
v 1.14554 2.92419 -2.1283
v 1.15836 2.91748 -2.1203
v 1.15459 2.90009 -2.11504
v 1.15862 2.88666 -2.1066
v 1.17084 2.92389 -2.11721
v 1.17409 2.90833 -2.10962
v 1.19003 2.92328 -2.10909
v 1.16255 2.87933 -2.10071
v 1.17995 2.90009 -2.1033
v 1.18282 2.88727 -2.09542
v 1.20032 2.90833 -2.0982
v 1.21565 2.9248 -2.0989
v 1.20541 2.90009 -2.09177
v 1.22505 2.90802 -2.0869
v 1.24822 2.92908 -2.08655
v 1.20867 2.88879 -2.0837
v 1.18895 2.88086 -2.08839
v 1.207 2.87811 -2.07757
v 1.22991 2.89978 -2.08022
v 1.21775 2.8714 -2.0672
v 1.23386 2.88879 -2.07159
v 1.24948 2.90833 -2.07549
v 1.23836 2.88055 -2.06365
v 1.24232 2.8714 -2.05453
v 1.25461 2.89978 -2.06809
v 1.25871 2.8891 -2.05903
v 1.24579 2.86285 -2.04589
v 1.27491 2.90985 -2.06362
v 1.26244 2.88116 -2.05146
v 1.2651 2.87201 -2.04236
v 1.28284 2.89032 -2.04669
v 1.27897 2.901 -2.056
v 1.29299 2.90863 -2.05315
v 1.26866 2.86377 -2.03342
v 1.28565 2.88239 -2.03894
v 1.27281 2.85797 -2.0247
v 1.28971 2.87476 -2.03004
v 1.29954 2.88971 -2.03604
v 1.30388 2.90375 -2.0433
v 1.30655 2.91626 -2.0498
v 1.30096 2.93365 -2.06253
v 1.31719 2.91138 -2.04018
v 1.31333 2.89764 -2.03294
v 1.3262 2.93091 -2.04621
v 1.33416 2.91077 -2.02833
v 1.33046 2.91962 -2.03673
v 1.31036 2.88513 -2.02504
v 1.32385 2.89307 -2.02231
v 1.30563 2.87292 -2.01748
v 1.31923 2.88025 -2.01446
v 1.29166 2.8656 -2.02019
v 1.31679 2.86896 -2.00465
v 1.27734 2.85004 -2.01223
v 1.30062 2.86255 -2.01029
v 1.33919 2.89032 -2.00823
v 1.33707 2.90131 -2.019
v 1.36011 2.91595 -2.01275
v 1.35692 2.92511 -2.02199
v 1.35311 2.93457 -2.03067
v 1.3705 2.93427 -2.01767
v 1.38947 2.92633 -1.99631
v 1.34926 2.94556 -2.03949
v 1.36916 2.91016 -2.00127
v 1.33005 2.87628 -2.00167
v 1.36094 2.8949 -1.99439
v 1.34321 2.88361 -1.9985
v 1.37182 2.90192 -1.99169
v 1.34105 2.87201 -1.98748
v 1.35001 2.88116 -1.99009
v 1.37252 2.88818 -1.97684
v 1.39827 2.91992 -1.98327
v 1.38075 2.89825 -1.97967
v 1.36275 2.87781 -1.97378
v 1.35303 2.86835 -1.97106
v 1.37884 2.88574 -1.96793
v 1.36019 2.86713 -1.96116
v 1.37294 2.87537 -1.95914
v 1.39265 2.89551 -1.96434
v 1.38643 2.88422 -1.95689
v 1.39886 2.90833 -1.9718
v 1.40446 2.89276 -1.94656
v 1.40607 2.90527 -1.96045
v 1.40879 2.91565 -1.9686
v 1.41855 2.93518 -1.97393
v 1.41269 2.90283 -1.94939
v 1.42314 2.91809 -1.95189
v 1.42552 2.92847 -1.95876
v 1.42943 2.91443 -1.9355
v 1.43033 2.9248 -1.94687
v 1.42938 2.93304 -1.95529
v 1.42094 2.90009 -1.93161
v 1.41305 2.89032 -1.92874
v 1.39518 2.88239 -1.94352
v 1.38334 2.87231 -1.94035
v 1.40486 2.88177 -1.92625
v 1.36723 2.86652 -1.95072
v 1.39182 2.8714 -1.92281
v 1.37452 2.86591 -1.93827
v 1.35557 2.86102 -1.95379
v 1.38319 2.8656 -1.92113
v 1.39004 2.86652 -1.90316
v 1.34376 2.86133 -1.96883
v 1.33189 2.86377 -1.98497
v 1.31184 2.85034 -1.98206
v 1.32504 2.8656 -1.99401
v 1.31267 2.86072 -1.99812
v 1.29834 2.85065 -1.996
v 1.25148 2.84668 -2.02621
v 1.39882 2.8714 -1.9049
v 1.41263 2.88208 -1.90846
v 1.41981 2.8894 -1.91058
v 1.41751 2.883 -1.89189
v 1.39358 2.86713 -1.89163
v 1.42634 2.89856 -1.9136
v 1.39536 2.86804 -1.87913
v 1.40234 2.8717 -1.88719
v 1.43379 2.91412 -1.91858
v 1.39575 2.86926 -1.86466
v 1.40865 2.87628 -1.87114
v 1.41881 2.88483 -1.87758
v 1.4115 2.88239 -1.85707
v 1.41796 2.88666 -1.86835
v 1.42332 2.88971 -1.89465
v 1.42402 2.89215 -1.88158
v 1.42872 2.89795 -1.89856
v 1.42822 2.89948 -1.88523
v 1.4344 2.91168 -1.90484
v 1.42741 2.90131 -1.87762
v 1.42204 2.89581 -1.8669
v 1.41588 2.88971 -1.85574
v 1.43152 2.90985 -1.88821
v 1.42611 2.90955 -1.86822
v 1.41961 2.89948 -1.85352
v 1.40847 2.88422 -1.84395
v 1.41274 2.89398 -1.8416
v 1.39987 2.87994 -1.83011
v 1.40468 2.88757 -1.82845
v 1.39655 2.88239 -1.8151
v 1.39366 2.88574 -1.80074
v 1.40166 2.89276 -1.81356
v 1.40898 2.89917 -1.82604
v 1.41658 2.91016 -1.83951
v 1.40698 2.91138 -1.81321
v 1.42095 2.90985 -1.85206
v 1.41856 2.92725 -1.84388
v 1.39876 2.89886 -1.7983
v 1.39119 2.89093 -1.78385
v 1.39641 2.91199 -1.78242
v 1.40139 2.91199 -1.79689
v 1.40875 2.92877 -1.81638
v 1.40147 2.92908 -1.7962
v 1.38891 2.89734 -1.76598
v 1.3964 2.92938 -1.78201
v 1.39088 2.91351 -1.76191
v 1.38801 2.90833 -1.75104
v 1.39458 2.94556 -1.78614
v 1.39038 2.92938 -1.76237
v 1.3859 2.89398 -1.7363
v 1.38725 2.91412 -1.73972
v 1.38803 2.92145 -1.75007
v 1.38792 2.94647 -1.76692
v 1.38639 2.93488 -1.75151
v 1.38556 2.92938 -1.73992
v 1.38706 2.9129 -1.71391
v 1.38401 2.94678 -1.75356
v 1.38079 2.94617 -1.73608
v 1.38401 2.95929 -1.76963
v 1.3752 2.96173 -1.73404
v 1.37827 2.94617 -1.71754
v 1.37923 2.96448 -1.76002
v 1.38289 2.92938 -1.7111
v 1.38438 2.92236 -1.69671
v 1.38621 2.91382 -1.68585
v 1.38215 2.92603 -1.69168
v 1.37848 2.9425 -1.70447
v 1.37324 2.94434 -1.68983
v 1.3681 2.96051 -1.69193
v 1.37274 2.96051 -1.71042
v 1.36435 2.97302 -1.69374
v 1.37233 2.96631 -1.72448
v 1.36455 2.97974 -1.70526
v 1.36038 2.98584 -1.69708
v 1.36886 2.98187 -1.74521
v 1.36777 2.98035 -1.73078
v 1.35992 2.99347 -1.7095
v 1.35605 2.99896 -1.70273
v 1.35927 2.99957 -1.72557
v 1.35547 3.00629 -1.71462
v 1.34691 3.0191 -1.70063
v 1.34203 3.03314 -1.70291
v 1.35135 3.01788 -1.72238
v 1.35462 3.01117 -1.73168
v 1.36227 3.00018 -1.75442
v 1.3495 3.0246 -1.74175
v 1.34158 3.03894 -1.71753
v 1.33743 3.04596 -1.7066
v 1.35332 3.01849 -1.75224
v 1.3642 3.00049 -1.76698
v 1.33336 3.05603 -1.71291
v 1.37126 2.98157 -1.75737
v 1.37769 2.97638 -1.77497
v 1.38687 2.96417 -1.78545
v 1.36746 3.00018 -1.78124
v 1.37692 2.98615 -1.78914
v 1.38946 2.96936 -1.80067
v 1.39488 2.95654 -1.79868
v 1.40536 2.94495 -1.81587
v 1.39729 2.96204 -1.81262
v 1.3872 2.97974 -1.80911
v 1.36997 3.00323 -1.79667
v 1.36025 3.01544 -1.78544
v 1.38205 2.99377 -1.81658
v 1.35581 3.02094 -1.77757
v 1.36277 3.0191 -1.80307
v 1.3512 3.03802 -1.80009
v 1.34522 3.03925 -1.77007
v 1.35749 3.03711 -1.81983
v 1.36962 3.01819 -1.8222
v 1.38096 3.00507 -1.83298
v 1.37438 3.02094 -1.8426
v 1.39247 2.98248 -1.82856
v 1.39972 2.96753 -1.82649
v 1.39439 2.98828 -1.84339
v 1.40481 2.95471 -1.82452
v 1.4004 2.97577 -1.8407
v 1.40597 2.96143 -1.83655
v 1.41398 2.94525 -1.84132
v 1.38933 3.00446 -1.85777
v 1.40265 2.98096 -1.85596
v 1.4144 2.96112 -1.86202
v 1.41559 2.95105 -1.85206
v 1.41847 2.93976 -1.85084
v 1.42062 2.94495 -1.86233
v 1.42602 2.92725 -1.86803
v 1.41056 2.97333 -1.86857
v 1.42921 2.92114 -1.87714
v 1.42801 2.93365 -1.87817
v 1.43121 2.92664 -1.88728
v 1.40817 2.98187 -1.87696
v 1.42591 2.94403 -1.87951
v 1.42011 2.96295 -1.88472
v 1.42907 2.94373 -1.89138
v 1.4248 2.95776 -1.89372
v 1.43513 2.92542 -1.90998
v 1.43306 2.94281 -1.91166
v 1.41977 2.96967 -1.89595
v 1.42505 2.96265 -1.90599
v 1.43555 2.91992 -1.91597
v 1.43563 2.9303 -1.91796
v 1.4179 2.97668 -1.90648
v 1.43541 2.9364 -1.91949
v 1.43563 2.92694 -1.9238
v 1.43487 2.91992 -1.92498
v 1.43255 2.92236 -1.93762
v 1.43387 2.93091 -1.94069
v 1.43327 2.94586 -1.94502
v 1.43429 2.94342 -1.92883
v 1.43285 2.94861 -1.92295
v 1.43099 2.95593 -1.93477
v 1.42833 2.96173 -1.9278
v 1.42977 2.9483 -1.96047
v 1.42801 2.96204 -1.947
v 1.42253 2.95013 -1.97683
v 1.42564 2.96295 -1.96335
v 1.4258 2.96753 -1.941
v 1.42096 2.96478 -1.97935
v 1.42335 2.97089 -1.9531
v 1.42095 2.97241 -1.96376
v 1.41941 2.97821 -1.94387
v 1.41738 2.98096 -1.9222
v 1.41541 2.98157 -1.96109
v 1.41043 2.99133 -1.9239
v 1.41184 2.98828 -1.91287
v 1.40616 2.99774 -1.93517
v 1.40515 2.99866 -1.91565
v 1.3998 3.00201 -1.89373
v 1.40409 2.99225 -1.88505
v 1.3961 3.00018 -1.87306
v 1.39554 3.01056 -1.90143
v 1.3842 3.01819 -1.87053
v 1.38778 3.01941 -1.89017
v 1.39066 3.01849 -1.90907
v 1.37132 3.0307 -1.85237
v 1.35914 3.04291 -1.83673
v 1.36768 3.04016 -1.86193
v 1.37977 3.02826 -1.87914
v 1.37902 3.03223 -1.89104
v 1.37137 3.04138 -1.8808
v 1.37244 3.04291 -1.90197
v 1.36335 3.05054 -1.87074
v 1.3605 3.05664 -1.87945
v 1.35142 3.06244 -1.8526
v 1.35177 3.05664 -1.84007
v 1.34766 3.07098 -1.86163
v 1.34199 3.06091 -1.81558
v 1.33584 3.07739 -1.83071
v 1.33708 3.08228 -1.84739
v 1.34386 3.07922 -1.87162
v 1.34128 3.05328 -1.79161
v 1.33113 3.0777 -1.81105
v 1.33517 3.06702 -1.79995
v 1.33547 3.05908 -1.77277
v 1.32105 3.08929 -1.78921
v 1.32452 3.09326 -1.82432
v 1.31576 3.10181 -1.80466
v 1.32831 3.07343 -1.77683
v 1.32957 3.06702 -1.7604
v 1.33113 3.06305 -1.7436
v 1.32359 3.07953 -1.76659
v 1.32369 3.07739 -1.73903
v 1.31285 3.09875 -1.76399
v 1.30597 3.11218 -1.77708
v 1.34415 3.03741 -1.7489
v 1.33673 3.04962 -1.72193
v 1.3221 3.078 -1.70858
v 1.31714 3.0896 -1.71196
v 1.31602 3.09265 -1.73202
v 1.31159 3.10242 -1.72766
v 1.30909 3.10455 -1.75288
v 1.30498 3.11707 -1.72087
v 1.30289 3.11615 -1.76102
v 1.29776 3.13171 -1.71702
v 1.29617 3.1311 -1.73796
v 1.29207 3.13507 -1.75058
v 1.29304 3.1308 -1.76084
v 1.29827 3.12469 -1.77638
v 1.28795 3.14056 -1.77263
v 1.30164 3.12286 -1.7975
v 1.2765 3.15826 -1.77107
v 1.31187 3.11157 -1.81761
v 1.29422 3.13568 -1.80227
v 1.32058 3.10394 -1.83831
v 1.33225 3.09143 -1.8531
v 1.32764 3.10028 -1.86264
v 1.3136 3.11554 -1.84275
v 1.30344 3.12622 -1.8238
v 1.28421 3.14789 -1.78427
v 1.28816 3.14728 -1.8176
v 1.28313 3.15186 -1.80018
v 1.2747 3.16254 -1.78584
v 1.29913 3.13538 -1.83702
v 1.31321 3.1192 -1.85723
v 1.28217 3.15735 -1.83052
v 1.29698 3.14056 -1.85051
v 1.27194 3.17078 -1.82519
v 1.32344 3.10699 -1.87019
v 1.31814 3.11401 -1.8785
v 1.33478 3.09265 -1.88634
v 1.33933 3.08655 -1.87873
v 1.34643 3.07739 -1.88959
v 1.30743 3.12775 -1.86243
v 1.30123 3.13568 -1.87236
v 1.33073 3.09662 -1.9024
v 1.35746 3.06305 -1.8923
v 1.35351 3.06824 -1.90093
v 1.3472 3.07587 -1.90935
v 1.36325 3.05481 -1.91568
v 1.32809 3.0954 -1.91994
v 1.36905 3.04779 -1.90999
v 1.37607 3.03802 -1.92195
v 1.38798 3.02216 -1.92759
v 1.40386 2.99866 -1.95446
v 1.38365 3.02643 -1.93949
v 1.37358 3.03864 -1.93907
v 1.41072 2.98309 -1.97985
v 1.39992 2.99896 -1.97381
v 1.41614 2.97455 -1.981
v 1.40487 2.9834 -1.99817
v 1.41006 2.97607 -1.99681
v 1.41271 2.96722 -1.99534
v 1.38066 3.02429 -1.96291
v 1.39557 2.99652 -1.99561
v 1.38815 3.00659 -1.99145
v 1.3884 2.99622 -2.01622
v 1.40563 2.97699 -2.00592
v 1.39905 2.98279 -2.01327
v 1.38038 2.99805 -2.03295
v 1.38081 3.00568 -2.01476
v 1.37171 3.02856 -1.97995
v 1.40691 2.97272 -2.0046
v 1.40294 2.97058 -2.00884
v 1.40949 2.96448 -2.00018
v 1.41612 2.95654 -1.98863
v 1.41163 2.95288 -1.99251
v 1.418 2.94556 -1.98168
v 1.4239 2.94037 -1.97035
v 1.40268 2.93365 -1.98943
v 1.39094 2.93945 -2.00431
v 1.3983 2.95502 -2.00683
v 1.38371 2.94403 -2.01305
v 1.38288 2.95685 -2.02071
v 1.37478 2.95044 -2.02378
v 1.3627 2.95502 -2.03513
v 1.37571 2.96478 -2.0306
v 1.38823 2.97363 -2.02428
v 1.38847 2.98706 -2.02809
v 1.37598 2.97485 -2.03476
v 1.36657 2.97485 -2.04189
v 1.35127 2.9599 -2.04559
v 1.36698 2.98676 -2.04658
v 1.34046 2.95258 -2.04897
v 1.35132 2.97516 -2.05259
v 1.32306 2.94067 -2.05352
v 1.34177 2.96906 -2.05609
v 1.3185 2.95135 -2.0616
v 1.34303 2.98218 -2.0611
v 1.32954 2.97394 -2.06561
v 1.35816 2.99286 -2.05475
v 1.33271 2.99377 -2.07163
v 1.34356 2.99377 -2.06502
v 1.36577 2.99713 -2.05037
v 1.35767 3.0069 -2.05879
v 1.37395 2.99072 -2.04214
v 1.371 3.0011 -2.04578
v 1.3645 3.00262 -2.0525
v 1.36535 3.0069 -2.04973
v 1.37293 3.00568 -2.03512
v 1.35282 3.01941 -2.05248
v 1.36793 3.02277 -2.00602
v 1.36073 3.02063 -2.02939
v 1.34652 3.04962 -1.99207
v 1.34953 3.01727 -2.06379
v 1.34637 3.03833 -2.02108
v 1.33433 3.0423 -2.03992
v 1.34101 3.02521 -2.06621
v 1.33886 3.02124 -2.07436
v 1.33322 3.02704 -2.07783
v 1.34154 3.01056 -2.07144
v 1.33347 3.0069 -2.0758
v 1.33271 3.01758 -2.07879
v 1.32796 3.0249 -2.0829
v 1.32165 3.0127 -2.08418
v 1.31968 2.99347 -2.07891
v 1.31777 2.97913 -2.07432
v 1.30931 3.00598 -2.08911
v 1.31567 2.96539 -2.06982
v 1.30255 2.99286 -2.08763
v 1.29632 2.97119 -2.08243
v 1.29462 2.94952 -2.07371
v 1.27524 2.9425 -2.08014
v 1.27817 2.92694 -2.07114
v 1.31009 3.01941 -2.0928
v 1.29871 3.03314 -2.10263
v 1.30912 3.03101 -2.09634
v 1.3066 3.04047 -2.09835
v 1.28746 3.03436 -2.1086
v 1.29947 3.04535 -2.10323
v 1.31551 3.03802 -2.09039
v 1.32498 3.03528 -2.07905
v 1.30716 3.04596 -2.09368
v 1.33206 3.03528 -2.06312
v 1.31499 3.04535 -2.07884
v 1.31792 3.05176 -2.05604
v 1.30604 3.05573 -2.07445
v 1.29038 3.05634 -2.10593
v 1.29884 3.05481 -2.09245
v 1.29987 3.07312 -2.04541
v 1.32069 3.05908 -2.03188
v 1.33306 3.0545 -2.01348
v 1.32236 3.06946 -2.00229
v 1.3076 3.07404 -2.02549
v 1.32543 3.07373 -1.98489
v 1.30244 3.0899 -1.99991
v 1.29006 3.09357 -2.0188
v 1.29168 3.0722 -2.06614
v 1.28201 3.09326 -2.03779
v 1.28093 3.11249 -1.99567
v 1.28603 3.06885 -2.08795
v 1.2726 3.11279 -2.01277
v 1.27382 3.09235 -2.05721
v 1.26448 3.11218 -2.03109
v 1.26101 3.13446 -1.98794
v 1.25245 3.13477 -2.0048
v 1.24458 3.13416 -2.0224
v 1.25654 3.11127 -2.0498
v 1.26488 3.09204 -2.07735
v 1.237 3.13293 -2.04059
v 1.24836 3.11035 -2.06874
v 1.25853 3.08929 -2.09793
v 1.23947 3.14819 -2.00252
v 1.23114 3.14758 -2.01962
v 1.24999 3.14941 -1.97939
v 1.22407 3.16681 -1.99887
v 1.21586 3.16589 -2.01521
v 1.22277 3.14728 -2.03687
v 1.20934 3.16193 -2.03362
v 1.22912 3.13141 -2.05915
v 1.20899 3.15277 -2.05201
v 1.2392 3.11035 -2.08815
v 1.22078 3.13049 -2.07853
v 1.20092 3.15186 -2.07017
v 1.19746 3.16528 -2.04976
v 1.23123 3.10883 -2.1083
v 1.24618 3.09296 -2.11585
v 1.18326 3.18268 -2.04508
v 1.21164 3.12958 -2.09875
v 1.19876 3.14331 -2.09309
v 1.18482 3.14789 -2.11091
v 1.18549 3.15765 -2.08762
v 1.18933 3.16437 -2.06677
v 1.17549 3.17993 -2.06288
v 1.16679 3.17871 -2.08099
v 1.16226 3.19733 -2.05726
v 1.14958 3.19916 -2.07522
v 1.16459 3.20465 -2.04236
v 1.18852 3.19061 -2.02346
v 1.15882 3.17566 -2.10115
v 1.14454 3.19214 -2.09531
v 1.17163 3.16193 -2.10564
v 1.13544 3.19031 -2.11457
v 1.13667 3.2019 -2.09196
v 1.1495 3.17474 -2.12098
v 1.16772 3.15552 -2.1276
v 1.12605 3.21594 -2.0868
v 1.18902 3.13293 -2.13777
v 1.1248 3.2019 -2.11167
v 1.11804 3.21167 -2.10614
v 1.11769 3.19855 -2.12988
v 1.13099 3.18481 -2.13438
v 1.14916 3.16498 -2.14293
v 1.11227 3.20892 -2.11979
v 1.0985 3.20831 -2.14384
v 1.10057 3.22021 -2.12073
v 1.11359 3.19214 -2.14965
v 1.1274 3.17749 -2.15499
v 1.09512 3.23059 -2.11338
v 1.08719 3.22754 -2.12983
v 1.10175 3.23456 -2.09778
v 1.06964 3.24707 -2.12897
v 1.07115 3.22784 -2.15387
v 1.08954 3.20648 -2.16088
v 1.10697 3.18909 -2.16429
v 1.08214 3.20312 -2.1741
v 1.11961 3.17505 -2.1684
v 1.07808 3.25409 -2.10752
v 1.05894 3.24432 -2.14814
v 1.08884 3.25928 -2.08464
v 1.0553 3.26599 -2.12733
v 1.11619 3.24341 -2.06389
v 1.11343 3.23547 -2.07864
v 1.13423 3.22144 -2.06607
v 1.14024 3.22968 -2.04504
v 1.09882 3.25867 -2.07057
v 1.11531 3.25348 -2.05156
v 1.09196 3.27209 -2.06354
v 1.16256 3.21503 -2.0301
v 1.12281 3.25867 -2.0327
v 1.14667 3.23914 -2.02156
v 1.09983 3.27667 -2.04545
v 1.17047 3.2193 -2.01057
v 1.1943 3.19885 -2.0004
v 1.12913 3.26752 -2.00951
v 1.10761 3.27942 -2.02896
v 1.15452 3.2431 -2.00218
v 1.17805 3.22357 -1.9906
v 1.20815 3.17871 -2.00786
v 1.21444 3.18298 -1.9892
v 1.2019 3.20282 -1.97994
v 1.22576 3.18054 -1.97189
v 1.23887 3.16132 -1.98006
v 1.25573 3.15063 -1.96493
v 1.18252 3.22937 -1.9716
v 1.2093 3.20496 -1.96136
v 1.23316 3.18329 -1.95152
v 1.27616 3.12958 -1.96634
v 1.28735 3.11401 -1.97755
v 1.27972 3.13202 -1.95253
v 1.30611 3.09479 -1.97998
v 1.26195 3.1546 -1.9438
v 1.24074 3.18451 -1.93203
v 1.30076 3.10974 -1.95629
v 1.31403 3.09509 -1.95997
v 1.3319 3.07495 -1.96532
v 1.32182 3.0954 -1.93942
v 1.3496 3.0545 -1.97111
v 1.33909 3.07526 -1.94505
v 1.35616 3.05481 -1.95125
v 1.36896 3.03925 -1.95671
v 1.35936 3.05664 -1.93309
v 1.34413 3.07587 -1.92626
v 1.30396 3.11554 -1.93407
v 1.31055 3.11615 -1.91373
v 1.28599 3.13568 -1.92949
v 1.31368 3.11798 -1.89571
v 1.29318 3.1369 -1.90791
v 1.26939 3.15674 -1.92199
v 1.29744 3.13782 -1.88948
v 1.27448 3.15979 -1.90127
v 1.24846 3.1839 -1.9139
v 1.28397 3.15735 -1.86624
v 1.27966 3.15979 -1.88302
v 1.25576 3.18268 -1.89561
v 1.22396 3.2074 -1.92236
v 1.29108 3.1485 -1.85649
v 1.28062 3.16132 -1.84506
v 1.27447 3.16956 -1.84948
v 1.26366 3.18237 -1.84036
v 1.27142 3.17261 -1.86233
v 1.25987 3.18634 -1.85927
v 1.26208 3.18085 -1.87777
v 1.24107 3.20465 -1.87615
v 1.25482 3.19336 -1.84234
v 1.25822 3.18909 -1.82361
v 1.24333 3.20557 -1.857
v 1.24041 3.20129 -1.89003
v 1.23832 3.21381 -1.83861
v 1.23172 3.20465 -1.90814
v 1.21958 3.22479 -1.88749
v 1.22113 3.22815 -1.86938
v 1.2144 3.22449 -1.90444
v 1.19127 3.25043 -1.90107
v 1.20991 3.22235 -1.92213
v 1.21147 3.21167 -1.94332
v 1.19772 3.21991 -1.95747
v 1.18803 3.23944 -1.93723
v 1.18993 3.24585 -1.91682
v 1.18641 3.23364 -1.95418
v 1.17099 3.25165 -1.95149
v 1.1646 3.26935 -1.92709
v 1.16361 3.25256 -1.96732
v 1.15873 3.2486 -1.98568
v 1.14536 3.27393 -1.96394
v 1.15901 3.2663 -1.94828
v 1.15084 3.27728 -1.94352
v 1.13776 3.26416 -1.99917
v 1.13909 3.27301 -1.98033
v 1.11225 3.284 -2.01441
v 1.12156 3.28522 -1.99458
v 1.13465 3.28979 -1.9568
v 1.14085 3.29224 -1.93794
v 1.14401 3.30078 -1.91718
v 1.13217 3.30963 -1.93056
v 1.12858 3.28705 -1.97618
v 1.12864 3.29926 -1.95413
v 1.12283 3.2959 -1.9728
v 1.138 3.31665 -1.90736
v 1.11284 3.33374 -1.92436
v 1.10898 3.33588 -1.94032
v 1.11042 3.33557 -1.92965
v 1.10721 3.33771 -1.93936
v 1.10158 3.33984 -1.95534
v 1.10601 3.32947 -1.961
v 1.09611 3.34045 -1.97039
v 1.11502 3.29529 -1.99073
v 1.10399 3.31482 -1.98397
v 1.09121 3.33618 -1.98517
v 1.10703 3.29468 -2.0078
v 1.08977 3.32794 -1.99764
v 1.06829 3.35602 -1.98885
v 1.09815 3.30902 -2.00361
v 1.06165 3.35846 -2.00755
v 1.10084 3.29132 -2.0239
v 1.08945 3.30505 -2.02577
v 1.08935 3.29376 -2.04034
v 1.08637 3.31604 -2.01816
v 1.08261 3.30353 -2.03968
v 1.07809 3.29376 -2.05882
v 1.05652 3.35693 -2.02614
v 1.05496 3.35968 -2.02509
v 1.06934 3.31116 -2.05385
v 1.05064 3.35968 -2.03651
v 1.03401 3.36761 -2.03761
v 1.05191 3.35297 -2.04151
v 1.05836 3.31268 -2.07113
v 1.0452 3.35907 -2.04881
v 1.02255 3.37067 -2.05796
v 1.03894 3.35815 -2.06245
v 1.01534 3.37067 -2.07692
v 1.04921 3.33374 -2.06634
v 1.02988 3.35663 -2.08156
v 1.0391 3.32703 -2.09059
v 1.01909 3.3548 -2.10281
v 1.00742 3.36884 -2.09873
v 1.00505 3.35815 -2.124
v 0.999706 3.36517 -2.11995
v 1.03222 3.31635 -2.11309
v 0.995991 3.36243 -2.13061
v 1.03178 3.302 -2.12771
v 1.03826 3.31085 -2.10766
v 1.01526 3.30811 -2.14996
v 1.02191 3.29437 -2.15043
v 1.02407 3.28308 -2.15656
v 1.03576 3.29163 -2.13062
v 1.03171 3.27209 -2.15561
v 1.04455 3.27118 -2.1377
v 1.0473 3.2608 -2.14488
v 1.05417 3.27606 -2.1175
v 1.04696 3.29132 -2.11277
v 1.06656 3.27759 -2.09635
v 1.05802 3.29163 -2.09439
v 1.04788 3.31268 -2.08924
v 1.06791 3.29163 -2.07833
v 1.07425 3.28186 -2.07967
v 1.27553 3.04718 -2.11775
v 1.28395 3.04962 -2.11334
v 1.26396 3.0545 -2.1241
v 1.27289 3.0603 -2.12052
v 1.28018 3.05908 -2.11521
v 1.27325 3.0658 -2.11822
v 1.26363 3.06641 -2.12544
v 1.28098 3.06519 -2.10722
v 1.27207 3.07465 -2.10448
v 1.26395 3.07526 -2.11922
v 1.25398 3.08502 -2.11852
v 1.25481 3.07709 -2.12872
v 1.24675 3.08472 -2.13082
v 1.24842 3.078 -2.13338
v 1.25071 3.07037 -2.13243
v 1.23834 3.08472 -2.13832
v 1.25186 3.06366 -2.13106
v 1.23727 3.07343 -2.13858
v 1.22768 3.08105 -2.14354
v 1.22615 3.08868 -2.14461
v 1.22372 3.09509 -2.14502
v 1.22954 3.09448 -2.14065
v 1.21211 3.10242 -2.14974
v 1.23819 3.09296 -2.13113
v 1.22043 3.10303 -2.14204
v 1.22777 3.10333 -2.12945
v 1.20313 3.11157 -2.15167
v 1.21914 3.11157 -2.1268
v 1.2113 3.11127 -2.14214
v 1.19378 3.12042 -2.15282
v 1.20354 3.12744 -2.12016
v 1.20078 3.12164 -2.14026
v 1.18388 3.12958 -2.15279
v 1.17394 3.13965 -2.15112
v 1.17794 3.12897 -2.16021
v 1.18592 3.11951 -2.1597
v 1.16823 3.13629 -2.16236
v 1.16426 3.14941 -2.14875
v 1.15681 3.14789 -2.16163
v 1.15247 3.14636 -2.16686
v 1.14469 3.15948 -2.16014
v 1.13912 3.15552 -2.16965
v 1.13186 3.16559 -2.16684
v 1.12748 3.16376 -2.17222
v 1.11954 3.16071 -2.17795
v 1.11102 3.17169 -2.17729
v 1.1066 3.16833 -2.18185
v 1.10766 3.18359 -2.17088
v 1.10326 3.18054 -2.17675
v 1.09438 3.1778 -2.18374
v 1.09341 3.19183 -2.17527
v 1.08701 3.1897 -2.18171
v 1.06487 3.22174 -2.17026
v 1.04714 3.22815 -2.18151
v 1.05682 3.23151 -2.16782
v 1.04879 3.24219 -2.1649
v 1.07566 3.00354 -2.17808
v 1.08943 3.00476 -2.17237
v 1.09061 3.02277 -2.17491
v 1.09224 3.04169 -2.17712
v 0.91861 3.15582 -2.22069
v 0.91882 3.15094 -2.21654
v 0.914746 3.16376 -2.21522
v 0.915909 3.16772 -2.22587
v 0.914703 3.17657 -2.23144
v 0.920196 3.15948 -2.21006
v 0.908208 3.18878 -2.22876
v 0.911687 3.18298 -2.21427
v 0.923981 3.1897 -2.20234
v 0.922207 3.17169 -2.2358
v 0.920904 3.19244 -2.24295
v 0.911336 3.19122 -2.23444
v 0.901423 3.20953 -2.22954
v 0.914754 3.21136 -2.2438
v 0.93287 3.1897 -2.24844
v 0.90873 3.21045 -2.23804
v 0.911396 3.20587 -2.21416
v 0.924792 3.19885 -2.24745
v 0.908746 3.22723 -2.24113
v 0.912236 3.22205 -2.24403
v 0.920974 3.21136 -2.24768
v 0.930764 3.21075 -2.25157
v 0.916595 3.22876 -2.24723
v 0.910936 3.23395 -2.24403
v 0.929432 3.22876 -2.25254
v 0.917062 3.24799 -2.24773
v 0.910174 3.2486 -2.24344
v 0.903554 3.24982 -2.23665
v 0.910376 3.26782 -2.24156
v 0.917028 3.26691 -2.2456
v 0.928679 3.24646 -2.25195
v 0.911479 3.27942 -2.23985
v 0.93816 3.24463 -2.25312
v 0.903088 3.26874 -2.23436
v 0.896244 3.26996 -2.22684
v 0.917948 3.28308 -2.24172
v 0.927972 3.26447 -2.24941
v 0.935666 3.26294 -2.25058
v 0.926647 3.28064 -2.24504
v 0.934033 3.27362 -2.24837
v 0.946707 3.26263 -2.24924
v 0.946812 3.2428 -2.25253
v 0.921776 3.28979 -2.24099
v 0.930043 3.28522 -2.24416
v 0.940142 3.28003 -2.24588
v 0.939193 3.29895 -2.23775
v 0.947417 3.2251 -2.25356
v 0.939397 3.22693 -2.25373
v 0.947334 3.20801 -2.25288
v 0.939656 3.20984 -2.25301
v 0.939551 3.19794 -2.25152
v 0.945419 3.19 -2.25056
v 0.947887 3.17078 -2.24691
v 0.952035 3.1424 -2.17471
v 0.941403 3.16803 -2.18789
v 0.947582 3.17078 -2.17358
v 0.944632 3.18665 -2.17365
v 0.956116 3.16315 -2.15947
v 0.952853 3.18359 -2.15861
v 0.968394 3.16589 -2.13552
v 0.979993 3.14697 -2.12058
v 0.992399 3.14697 -2.09716
v 0.984104 3.1665 -2.10567
v 1.00317 3.13721 -2.08046
v 0.963531 3.18848 -2.13684
v 0.99758 3.16681 -2.08021
v 0.980231 3.18604 -2.10605
v 1.01489 3.12622 -2.06296
v 0.997893 3.18665 -2.07221
v 0.985457 3.20557 -2.08945
v 0.970937 3.21442 -2.11421
v 0.986798 3.22418 -2.08084
v 0.977706 3.23212 -2.09605
v 0.994766 3.23303 -2.06295
v 0.98329 3.2428 -2.082
v 1.00241 3.24982 -2.04415
v 0.987772 3.25775 -2.06967
v 0.974847 3.25623 -2.09452
v 0.965341 3.24982 -2.11444
v 1.00217 3.27332 -2.03854
v 0.989 3.27271 -2.06363
v 0.974303 3.27301 -2.09157
v 1.01167 3.27423 -2.02137
v 0.993504 3.29529 -2.05032
v 0.983723 3.29468 -2.06966
v 1.00295 3.2962 -2.03281
v 1.00175 3.31757 -2.03076
v 1.02154 3.27484 -2.00401
v 1.01223 3.29712 -2.01621
v 1.02179 3.29468 -2.0002
v 1.01148 3.31726 -2.01383
v 1.02016 3.32001 -1.99799
v 1.03107 3.29346 -1.98539
v 1.03092 3.25928 -1.9907
v 1.03804 3.2785 -1.97559
v 1.04148 3.25897 -1.97327
v 1.0231 3.33221 -1.98007
v 1.03673 3.31787 -1.97561
v 1.03682 3.29742 -1.97629
v 1.04261 3.31818 -1.96524
v 1.04403 3.29498 -1.96446
v 1.05592 3.29712 -1.94604
v 1.05463 3.28033 -1.94915
v 1.06704 3.28156 -1.93109
v 1.06731 3.30109 -1.9281
v 1.0511 3.31909 -1.94056
v 1.03075 3.33496 -1.95767
v 1.05395 3.31879 -1.93137
v 1.03841 3.33374 -1.94374
v 1.02784 3.33801 -1.95987
v 1.02143 3.33893 -1.97215
v 1.01673 3.34015 -1.98375
v 1.01397 3.349 -1.98373
v 1.01477 3.34015 -1.98823
v 1.00257 3.35297 -2.00037
v 1.00712 3.33954 -2.00705
v 0.995247 3.35175 -2.01247
v 0.999186 3.3374 -2.02754
v 0.988241 3.34961 -2.02552
v 0.979661 3.35785 -2.03393
v 0.982702 3.34473 -2.0412
v 0.994689 3.33649 -2.03857
v 0.993329 3.31848 -2.04636
v 0.989871 3.32977 -2.05095
v 0.982993 3.3136 -2.06809
v 0.970246 3.34503 -2.06118
v 0.973738 3.30963 -2.08551
v 0.960714 3.34198 -2.08516
v 0.974461 3.29315 -2.08756
v 0.963328 3.31116 -2.10478
v 0.961525 3.27515 -2.11598
v 0.965241 3.29224 -2.10532
v 0.955172 3.34076 -2.09728
v 0.956882 3.29224 -2.12208
v 0.954191 3.31085 -2.12322
v 0.944228 3.33893 -2.11667
v 0.939141 3.3548 -2.10834
v 0.948252 3.29315 -2.13956
v 0.934237 3.33893 -2.12944
v 0.942382 3.31421 -2.14409
v 0.929605 3.35083 -2.131
v 0.921141 3.33832 -2.14806
v 0.927185 3.349 -2.13678
v 0.924857 3.35358 -2.14632
v 0.918504 3.33923 -2.15262
v 0.911346 3.3313 -2.17097
v 0.932763 3.31726 -2.15894
v 0.937224 3.29559 -2.16186
v 0.916993 3.31848 -2.17285
v 0.905509 3.31696 -2.18703
v 0.950058 3.27698 -2.13861
v 0.92892 3.29559 -2.178
v 0.952035 3.25623 -2.13899
v 0.940918 3.2785 -2.15752
v 0.928602 3.28125 -2.18113
v 0.943372 3.25775 -2.15566
v 0.957907 3.23181 -2.13399
v 0.945451 3.24005 -2.15576
v 0.962145 3.20404 -2.13439
v 0.94726 3.22266 -2.15658
v 0.949451 3.20435 -2.1577
v 0.94099 3.20587 -2.17427
v 0.937514 3.22388 -2.17625
v 0.926743 3.21167 -2.19652
v 0.924574 3.22632 -2.19801
v 0.911857 3.22632 -2.21336
v 0.923271 3.24371 -2.19803
v 0.934827 3.24188 -2.17738
v 0.932094 3.26111 -2.17867
v 0.921849 3.26385 -2.19702
v 0.91146 3.24432 -2.21176
v 0.897775 3.22906 -2.22886
v 0.896263 3.24554 -2.22767
v 0.90516 3.27362 -2.20898
v 0.920718 3.27667 -2.19612
v 0.895408 3.25562 -2.22736
v 0.896547 3.27545 -2.22062
v 0.899674 3.29346 -2.20666
v 0.915998 3.29834 -2.19392
v 0.895707 3.27057 -2.22519
v 0.899324 3.29407 -2.22147
v 0.897411 3.28339 -2.22451
v 0.905574 3.28674 -2.23153
v 0.902608 3.30933 -2.19457
v 0.898178 3.29773 -2.20855
v 0.91547 3.28888 -2.2387
v 0.909169 3.30139 -2.22699
v 0.91853 3.29681 -2.23608
v 0.898624 3.29865 -2.21359
v 0.9013 3.30872 -2.21114
v 0.903018 3.30658 -2.21713
v 0.901424 3.31238 -2.20275
v 0.904046 3.31696 -2.2076
v 0.912832 3.31146 -2.22183
v 0.910454 3.31879 -2.2114
v 0.904044 3.31909 -2.18974
v 0.90688 3.3255 -2.1971
v 0.908997 3.32703 -2.19933
v 0.909571 3.32794 -2.17454
v 0.908915 3.33221 -2.18436
v 0.91324 3.33801 -2.1671
v 0.910684 3.33435 -2.19021
v 0.912503 3.33832 -2.1821
v 0.919754 3.34839 -2.16168
v 0.915802 3.33496 -2.19402
v 0.925846 3.34839 -2.17575
v 0.921386 3.3493 -2.16568
v 0.923663 3.35358 -2.1545
v 0.916689 3.32825 -2.20586
v 0.927442 3.34015 -2.19548
v 0.928259 3.35388 -2.15974
v 0.930292 3.34564 -2.18629
v 0.921529 3.32153 -2.21802
v 0.923479 3.32916 -2.20996
v 0.932802 3.32855 -2.21335
v 0.919983 3.31268 -2.2254
v 0.930921 3.31055 -2.22971
v 0.934777 3.32123 -2.22088
v 0.927741 3.29651 -2.23846
v 0.93848 3.30841 -2.23212
v 0.942001 3.31482 -2.22691
v 0.943497 3.32733 -2.21609
v 0.947635 3.32642 -2.2163
v 0.939438 3.33557 -2.20536
v 0.947756 3.33405 -2.20838
v 0.942931 3.34656 -2.18861
v 0.952721 3.3429 -2.19607
v 0.960577 3.35236 -2.17668
v 0.976555 3.35632 -2.16041
v 0.932773 3.34991 -2.17859
v 0.941216 3.35052 -2.18036
v 0.954426 3.35175 -2.17932
v 0.951389 3.35602 -2.16846
v 0.93913 3.35754 -2.16109
v 0.962847 3.35632 -2.16777
v 0.958288 3.36365 -2.14679
v 0.969103 3.3609 -2.15412
v 0.978453 3.36639 -2.13285
v 0.98701 3.35846 -2.14862
v 0.946704 3.36395 -2.1416
v 0.965674 3.36823 -2.1269
v 0.98653 3.36945 -2.11419
v 0.935816 3.36029 -2.14251
v 0.954332 3.36792 -2.12327
v 0.993688 3.37158 -2.09406
v 0.973232 3.37097 -2.10789
v 0.943342 3.36426 -2.12447
v 0.961906 3.37006 -2.10556
v 0.980527 3.3725 -2.0896
v 1.00093 3.3725 -2.07412
v 1.00941 3.37189 -2.05528
v 0.98633 3.3725 -2.07141
v 0.969272 3.37128 -2.08843
v 1.01808 3.37036 -2.03587
v 0.995447 3.37189 -2.05347
v 1.02617 3.36792 -2.01852
v 1.0007 3.36975 -2.03589
v 1.0426 3.36487 -2.02156
v 1.03269 3.36487 -2.00238
v 1.0505 3.36212 -2.0043
v 1.05748 3.35907 -1.98866
v 1.00969 3.36731 -2.01919
v 1.03859 3.36151 -1.98748
v 1.06426 3.35541 -1.97311
v 1.01682 3.36426 -2.0036
v 1.02364 3.3609 -1.98886
v 0.991695 3.36761 -2.03522
v 1.04505 3.35754 -1.97148
v 1.00433 3.35938 -2.0049
v 1.01531 3.35632 -1.98811
v 0.99757 3.36426 -2.02128
v 0.996324 3.35693 -2.00995
v 0.991471 3.35968 -2.0202
v 0.995542 3.35571 -2.01031
v 0.983603 3.36517 -2.04007
v 0.982284 3.36853 -2.0477
v 0.967244 3.35876 -2.05246
v 0.979021 3.36945 -2.05578
v 0.956611 3.35907 -2.07101
v 0.987862 3.36884 -2.04307
v 0.992603 3.36975 -2.04074
v 0.98793 3.37128 -2.05316
v 0.982872 3.37219 -2.06529
v 0.975942 3.37128 -2.07186
v 0.976789 3.37219 -2.07623
v 0.966566 3.37036 -2.08469
v 0.970887 3.37006 -2.07327
v 0.960206 3.36823 -2.09148
v 0.948099 3.35846 -2.08772
v 0.950221 3.36578 -2.10733
v 0.94399 3.35938 -2.09678
v 0.938308 3.35846 -2.10884
v 0.939419 3.36029 -2.10892
v 0.93049 3.35693 -2.12857
v 0.932553 3.35938 -2.12737
v 0.926472 3.35602 -2.14545
v 1.07532 3.35236 -1.97485
v 1.07086 3.3548 -1.98086
v 1.07316 3.35297 -1.96919
v 1.06543 3.35205 -1.95518
v 1.07527 3.35052 -1.95535
v 1.08853 3.34625 -1.95416
v 1.06651 3.3493 -1.94372
v 1.09601 3.34229 -1.93934
v 1.07543 3.34717 -1.93836
v 1.10353 3.3374 -1.92357
v 1.0518 3.35297 -1.95559
v 1.11363 3.33282 -1.91814
v 1.08165 3.34229 -1.9226
v 1.06694 3.34625 -1.93268
v 1.05987 3.34808 -1.9392
v 1.10494 3.33313 -1.90541
v 1.11558 3.32947 -1.90295
v 1.12238 3.32703 -1.9012
v 1.14286 3.31543 -1.88998
v 1.13091 3.32092 -1.88758
v 1.11769 3.3255 -1.8891
v 1.13735 3.31512 -1.87384
v 1.15251 3.30902 -1.87188
v 1.10813 3.32642 -1.88547
v 1.1188 3.32031 -1.87441
v 1.13983 3.31055 -1.86079
v 1.14722 3.30658 -1.85519
v 1.15904 3.30383 -1.85527
v 1.08827 3.33618 -1.90617
v 1.10618 3.32092 -1.86983
v 1.12931 3.31146 -1.85533
v 1.09555 3.32977 -1.89015
v 1.07521 3.33649 -1.90679
v 1.13939 3.30505 -1.84325
v 1.11256 3.31512 -1.8572
v 1.15338 3.30078 -1.83957
v 1.16863 3.2959 -1.83829
v 1.18089 3.29041 -1.83983
v 1.15986 3.29315 -1.82309
v 1.17516 3.28888 -1.82297
v 1.13001 3.30566 -1.84
v 1.12893 3.30261 -1.83182
v 1.13034 3.2962 -1.82437
v 1.12216 3.30597 -1.83926
v 1.12373 3.3017 -1.83317
v 1.12402 3.29529 -1.82744
v 1.12591 3.28552 -1.8218
v 1.1273 3.27728 -1.81888
v 1.12411 3.27637 -1.82406
v 1.11873 3.28674 -1.83039
v 1.11778 3.27637 -1.83524
v 1.10659 3.29407 -1.84594
v 1.11716 3.30017 -1.83696
v 1.09724 3.29681 -1.85959
v 1.10334 3.30414 -1.85175
v 1.11474 3.30627 -1.84404
v 1.09328 3.29437 -1.87406
v 1.09199 3.30841 -1.86645
v 1.10519 3.31146 -1.85647
v 1.09359 3.31757 -1.8719
v 1.0913 3.29407 -1.88665
v 1.08506 3.30475 -1.8766
v 1.08726 3.2959 -1.89688
v 1.08077 3.29803 -1.91027
v 1.07413 3.30139 -1.91516
v 1.07757 3.30475 -1.89092
v 1.05746 3.31787 -1.91722
v 1.06127 3.31787 -1.90853
v 1.04516 3.33374 -1.93321
v 1.06967 3.31604 -1.89568
v 1.08388 3.31116 -1.87714
v 1.08637 3.31482 -1.8761
v 1.08006 3.32031 -1.8863
v 1.06833 3.32428 -1.90072
v 1.05697 3.32947 -1.91591
v 1.08548 3.32245 -1.88259
v 1.09307 3.32367 -1.87821
v 1.08428 3.32825 -1.88946
v 1.07768 3.32794 -1.89421
v 1.06955 3.33221 -1.90586
v 1.06739 3.34259 -1.92343
v 1.05941 3.33832 -1.92215
v 1.05833 3.34412 -1.93003
v 1.04596 3.34045 -1.93772
v 1.05072 3.34656 -1.94026
v 1.0418 3.33527 -1.93799
v 1.03962 3.34534 -1.94889
v 1.0354 3.34259 -1.95158
v 1.0248 3.34564 -1.96689
v 1.0325 3.3493 -1.96043
v 1.03964 3.35022 -1.95555
v 1.02495 3.35236 -1.97229
v 1.03151 3.35632 -1.97257
v 1.19554 3.25195 -1.88395
v 1.17889 3.27118 -1.88196
v 1.18224 3.27332 -1.86694
v 1.17404 3.27209 -1.894
v 1.17679 3.28217 -1.87032
v 1.16982 3.26996 -1.91096
v 1.14705 3.31085 -1.89052
v 1.18593 3.284 -1.84117
v 1.19853 3.25439 -1.86279
v 1.20001 3.26294 -1.83947
v 1.20662 3.24524 -1.86509
v 1.21842 3.23944 -1.82814
v 1.2163 3.23883 -1.84604
v 1.21993 3.23303 -1.85482
v 1.22772 3.2251 -1.85035
v 1.22681 3.23181 -1.81219
v 1.22893 3.23792 -1.79072
v 1.23544 3.22998 -1.78578
v 1.23451 3.22052 -1.81336
v 1.24308 3.20862 -1.83044
v 1.24763 3.20312 -1.81521
v 1.24854 3.20435 -1.77609
v 1.24945 3.19977 -1.79948
v 1.25565 3.19244 -1.80968
v 1.26885 3.17291 -1.80506
v 1.25656 3.1897 -1.79914
v 1.26199 3.18024 -1.77975
v 1.26641 3.17322 -1.77203
v 1.26407 3.18115 -1.75884
v 1.26655 3.1723 -1.76542
v 1.26875 3.18481 -1.74593
v 1.62086 2.15195 -1.51997
v 1.6276 2.15576 -1.53134
v 1.61698 2.15393 -1.50874
v 1.63917 2.15485 -1.5366
v 1.62976 2.18216 -1.52945
v 1.64093 2.18277 -1.53489
v 1.65423 2.18307 -1.53762
v 1.64194 2.21008 -1.53477
v 1.65603 2.2113 -1.53575
v 1.65538 2.22565 -1.53267
v 1.6234 2.18079 -1.51967
v 1.62877 2.20871 -1.52633
v 1.64396 2.22473 -1.53234
v 1.64681 2.23267 -1.52899
v 1.65394 2.22946 -1.53036
v 1.64952 2.23907 -1.5251
v 1.63683 2.23343 -1.52561
v 1.6311 2.22321 -1.52531
v 1.6237 2.20184 -1.52019
v 1.62516 2.21481 -1.52153
v 1.62888 2.22733 -1.52158
v 1.63476 2.23663 -1.52283
v 1.63729 2.26212 -1.52301
v 1.61835 2.18124 -1.50988
v 1.62067 2.20657 -1.5147
v 1.62397 2.2226 -1.5159
v 1.62672 2.23663 -1.51324
v 1.62778 2.26395 -1.51298
v 1.63493 2.29263 -1.5228
v 1.61845 2.2049 -1.50026
v 1.62027 2.22412 -1.50059
v 1.62408 2.23663 -1.50173
v 1.62525 2.2641 -1.50119
v 1.62739 2.29248 -1.51406
v 1.63485 2.3114 -1.52302
v 1.62417 2.29218 -1.50104
v 1.62923 2.26349 -1.49338
v 1.62799 2.23679 -1.49187
v 1.62651 2.22519 -1.48923
v 1.63951 2.2261 -1.4825
v 1.62461 2.20535 -1.48821
v 1.62491 2.18643 -1.48783
v 1.63785 2.23633 -1.48929
v 1.63825 2.20581 -1.48017
v 1.61955 2.18018 -1.50122
v 1.6202 2.1521 -1.49944
v 1.62554 2.16873 -1.49147
v 1.6337 2.17621 -1.48242
v 1.65543 2.20032 -1.47936
v 1.65623 2.1727 -1.47982
v 1.67434 2.16599 -1.49435
v 1.67516 2.16324 -1.49432
v 1.67462 2.17453 -1.51231
v 1.67336 2.18643 -1.49343
v 1.67615 2.21252 -1.51928
v 1.66279 2.18079 -1.53326
v 1.66897 2.2142 -1.52965
v 1.66695 2.22717 -1.52673
v 1.67453 2.21954 -1.52551
v 1.65884 2.23297 -1.52492
v 1.6745 2.22504 -1.52517
v 1.67204 2.22885 -1.51584
v 1.65858 2.24136 -1.51225
v 1.67709 2.22015 -1.51848
v 1.67693 2.22519 -1.51802
v 1.67899 2.22366 -1.51146
v 1.66427 2.2348 -1.51309
v 1.67394 2.22122 -1.499
v 1.67875 2.22473 -1.5117
v 1.66482 2.23145 -1.50356
v 1.67051 2.22763 -1.50173
v 1.65667 2.22839 -1.48801
v 1.66822 2.22473 -1.4875
v 1.66866 2.2229 -1.48717
v 1.65779 2.21741 -1.48135
v 1.65836 2.22519 -1.48335
v 1.64657 2.2168 -1.47825
v 1.64622 2.22458 -1.47967
v 1.65436 2.23526 -1.49569
v 1.65024 2.26425 -1.49679
v 1.63857 2.26303 -1.49223
v 1.64033 2.29218 -1.49141
v 1.63023 2.29202 -1.49374
v 1.65292 2.29248 -1.49785
v 1.62366 2.31064 -1.5011
v 1.64081 2.31018 -1.49142
v 1.65342 2.31064 -1.49827
v 1.65916 2.29263 -1.50571
v 1.65757 2.26334 -1.5092
v 1.65058 2.26181 -1.52306
v 1.6535 2.32803 -1.49806
v 1.63037 2.31018 -1.49379
v 1.64033 2.33612 -1.49141
v 1.63006 2.32773 -1.49376
v 1.65972 2.31079 -1.50551
v 1.65365 2.35153 -1.49762
v 1.6601 2.33688 -1.50493
v 1.66076 2.32803 -1.51068
v 1.65973 2.36862 -1.50414
v 1.66065 2.31049 -1.51146
v 1.66031 2.29248 -1.51239
v 1.65937 2.2702 -1.51408
v 1.65765 2.29233 -1.52059
v 1.65774 2.2702 -1.519
v 1.65193 2.29248 -1.52517
v 1.65775 2.31033 -1.52031
v 1.64484 2.27219 -1.52681
v 1.65213 2.31049 -1.52507
v 1.64179 2.27219 -1.52627
v 1.64635 2.29248 -1.52712
v 1.6407 2.29263 -1.52612
v 1.64654 2.31094 -1.52702
v 1.64042 2.3114 -1.52602
v 1.6348 2.33032 -1.52316
v 1.64629 2.33643 -1.52686
v 1.64045 2.33002 -1.52595
v 1.63395 2.35046 -1.52327
v 1.63982 2.3465 -1.52588
v 1.63722 2.36465 -1.52542
v 1.6316 2.37747 -1.52347
v 1.65214 2.32849 -1.5246
v 1.65809 2.32788 -1.51937
v 1.65867 2.35153 -1.51869
v 1.65261 2.35214 -1.52419
v 1.64643 2.3616 -1.52691
v 1.65317 2.37747 -1.524
v 1.63714 2.38068 -1.52613
v 1.64635 2.37915 -1.52712
v 1.63643 2.39899 -1.52717
v 1.62981 2.39944 -1.52395
v 1.65913 2.37656 -1.51829
v 1.63557 2.41928 -1.52864
v 1.62776 2.41959 -1.52467
v 1.64636 2.39761 -1.52753
v 1.65369 2.39639 -1.52434
v 1.65922 2.39594 -1.51848
v 1.6344 2.44095 -1.53097
v 1.62488 2.4411 -1.5259
v 1.64667 2.41806 -1.52846
v 1.65405 2.41699 -1.52513
v 1.63258 2.46338 -1.53461
v 1.62067 2.46353 -1.52809
v 1.64691 2.43942 -1.52959
v 1.64816 2.4585 -1.53062
v 1.63101 2.48367 -1.53851
v 1.61537 2.48032 -1.53063
v 1.65449 2.44873 -1.52707
v 1.65937 2.4382 -1.52032
v 1.65393 2.46735 -1.52769
v 1.65945 2.41669 -1.51921
v 1.65795 2.45544 -1.522
v 1.64645 2.47726 -1.53219
v 1.6568 2.46811 -1.52028
v 1.6546 2.47635 -1.52005
v 1.65967 2.46567 -1.51102
v 1.66144 2.45483 -1.50971
v 1.66198 2.43774 -1.50959
v 1.65916 2.45453 -1.50393
v 1.66153 2.41669 -1.5099
v 1.65971 2.43759 -1.50331
v 1.65951 2.41669 -1.50341
v 1.66134 2.39578 -1.51
v 1.66117 2.3764 -1.51002
v 1.66094 2.35199 -1.51018
v 1.65946 2.39578 -1.50355
v 1.65353 2.37625 -1.4971
v 1.65344 2.39532 -1.4969
v 1.65369 2.41608 -1.49708
v 1.64088 2.35764 -1.49169
v 1.64081 2.37564 -1.4919
v 1.6407 2.39456 -1.49219
v 1.65414 2.43698 -1.49764
v 1.64069 2.41486 -1.49267
v 1.63034 2.3941 -1.49387
v 1.63037 2.37549 -1.49379
v 1.6302 2.34802 -1.49382
v 1.6234 2.33719 -1.50092
v 1.62304 2.35962 -1.50055
v 1.62281 2.37686 -1.5003
v 1.62267 2.39502 -1.50025
v 1.6248 2.37976 -1.51449
v 1.63043 2.41425 -1.49406
v 1.62707 2.36404 -1.5163
v 1.62306 2.39761 -1.51435
v 1.62647 2.34634 -1.51438
v 1.62669 2.32971 -1.51421
v 1.6211 2.41745 -1.51437
v 1.62247 2.4147 -1.50034
v 1.627 2.31125 -1.51424
v 1.6223 2.43591 -1.50036
v 1.61855 2.43866 -1.51426
v 1.61543 2.46078 -1.51435
v 1.63079 2.43546 -1.49443
v 1.61309 2.47421 -1.51455
v 1.62237 2.45651 -1.50063
v 1.63123 2.45438 -1.495
v 1.64101 2.43591 -1.49312
v 1.6411 2.45422 -1.4942
v 1.63157 2.46613 -1.49586
v 1.65371 2.45422 -1.49838
v 1.64051 2.47116 -1.49764
v 1.64974 2.47025 -1.49994
v 1.65538 2.47101 -1.50719
v 1.64626 2.47971 -1.50102
v 1.65024 2.48962 -1.52042
v 1.64705 2.48718 -1.50732
v 1.63503 2.47757 -1.49841
v 1.63789 2.48764 -1.50172
v 1.62286 2.47467 -1.50153
v 1.62211 2.49222 -1.50313
v 1.64084 2.50305 -1.51237
v 1.61806 2.51068 -1.50848
v 1.64084 2.49527 -1.53559
v 1.63232 2.50916 -1.51033
v 1.64008 2.50916 -1.52111
v 1.63811 2.51129 -1.5346
v 1.63342 2.51617 -1.51715
v 1.63377 2.52075 -1.52555
v 1.62602 2.52045 -1.51381
v 1.6202 2.52075 -1.51242
v 1.62671 2.52716 -1.52129
v 1.61376 2.52777 -1.51495
v 1.63165 2.52441 -1.53452
v 1.62632 2.53357 -1.53486
v 1.62817 2.52625 -1.54275
v 1.63059 2.51587 -1.54323
v 1.62078 2.5354 -1.54745
v 1.63294 2.50397 -1.54214
v 1.61772 2.54242 -1.52637
v 1.63457 2.49435 -1.54078
v 1.61861 2.52319 -1.54984
v 1.62623 2.50244 -1.54408
v 1.62572 2.49069 -1.54057
v 1.61394 2.49191 -1.53767
v 1.60611 2.49542 -1.53465
v 1.60942 2.50641 -1.5443
v 1.60035 2.50641 -1.53801
v 1.60499 2.52045 -1.55024
v 1.59058 2.52289 -1.54298
v 1.58755 2.53265 -1.55088
v 1.58077 2.53662 -1.5481
v 1.6107 2.53296 -1.55419
v 1.6017 2.53052 -1.55392
v 1.583 2.54608 -1.55848
v 1.57487 2.54852 -1.55407
v 1.59484 2.5473 -1.56075
v 1.60948 2.54211 -1.55577
v 1.57395 2.55615 -1.56282
v 1.56361 2.56348 -1.55557
v 1.57995 2.55615 -1.5642
v 1.56485 2.56805 -1.56553
v 1.55484 2.57538 -1.5627
v 1.57633 2.56622 -1.5697
v 1.58542 2.55615 -1.56522
v 1.55878 2.58057 -1.5733
v 1.54832 2.58606 -1.56813
v 1.59566 2.56104 -1.56341
v 1.58574 2.565 -1.56793
v 1.57124 2.58453 -1.57743
v 1.58431 2.58087 -1.57186
v 1.60648 2.55524 -1.55687
v 1.59689 2.57416 -1.56045
v 1.61484 2.55005 -1.54773
v 1.60357 2.56561 -1.55549
v 1.60706 2.56439 -1.54767
v 1.60107 2.57355 -1.54809
v 1.61661 2.54852 -1.53523
v 1.60919 2.56073 -1.53959
v 1.60767 2.55524 -1.53036
v 1.6074 2.54822 -1.52441
v 1.60107 2.56561 -1.5351
v 1.59957 2.55768 -1.52717
v 1.59808 2.54822 -1.5237
v 1.59874 2.53174 -1.51875
v 1.59036 2.54944 -1.52528
v 1.59127 2.56561 -1.52991
v 1.61105 2.5177 -1.51121
v 1.58958 2.5354 -1.52386
v 1.61099 2.50702 -1.50916
v 1.60296 2.51587 -1.51517
v 1.61216 2.49557 -1.50771
v 1.61373 2.48398 -1.50698
v 1.60457 2.49985 -1.51519
v 1.61021 2.48413 -1.51487
v 1.60666 2.49069 -1.5282
v 1.59844 2.50488 -1.52806
v 1.59016 2.52289 -1.52805
v 1.58198 2.53357 -1.54163
v 1.58522 2.53082 -1.53226
v 1.57475 2.54517 -1.54185
v 1.58292 2.53998 -1.53013
v 1.56589 2.56256 -1.54301
v 1.57922 2.55432 -1.53089
v 1.55669 2.57324 -1.55583
v 1.55053 2.58362 -1.55626
v 1.55963 2.57172 -1.5482
v 1.53643 2.60315 -1.57005
v 1.56539 2.57477 -1.53991
v 1.55776 2.57935 -1.54663
v 1.54125 2.60132 -1.55809
v 1.53376 2.61108 -1.56397
v 1.55478 2.59277 -1.54677
v 1.54148 2.61292 -1.55614
v 1.5326 2.61749 -1.56314
v 1.53049 2.63062 -1.5627
v 1.52964 2.63947 -1.56369
v 1.54294 2.62573 -1.55658
v 1.55264 2.60803 -1.54957
v 1.55205 2.61688 -1.55162
v 1.56812 2.58942 -1.5409
v 1.56319 2.60651 -1.54731
v 1.55519 2.62726 -1.55772
v 1.53649 2.64191 -1.56318
v 1.53279 2.65137 -1.56752
v 1.52036 2.64893 -1.57047
v 1.51642 2.66663 -1.57593
v 1.54901 2.6413 -1.56578
v 1.54519 2.65167 -1.57494
v 1.53746 2.66174 -1.57879
v 1.5571 2.63763 -1.56944
v 1.55587 2.64221 -1.57687
v 1.55116 2.64801 -1.58847
v 1.56573 2.62817 -1.57607
v 1.56502 2.62482 -1.56372
v 1.56653 2.61749 -1.55509
v 1.57441 2.61353 -1.56291
v 1.57475 2.6062 -1.55126
v 1.58039 2.59338 -1.54333
v 1.58313 2.59979 -1.55366
v 1.58142 2.60437 -1.56238
v 1.57737 2.60712 -1.57218
v 1.59046 2.58942 -1.56119
v 1.57217 2.61383 -1.57622
v 1.55821 2.63367 -1.58828
v 1.57271 2.60071 -1.58008
v 1.54634 2.64862 -1.59638
v 1.54831 2.63824 -1.59718
v 1.54966 2.62756 -1.59573
v 1.55899 2.61902 -1.5888
v 1.55012 2.61627 -1.59312
v 1.56304 2.60345 -1.58484
v 1.54218 2.61383 -1.5922
v 1.549 2.60651 -1.58858
v 1.53752 2.61414 -1.59116
v 1.52932 2.62482 -1.5954
v 1.51942 2.63092 -1.59359
v 1.5289 2.61749 -1.58672
v 1.52187 2.6239 -1.58328
v 1.52833 2.61444 -1.57847
v 1.53676 2.60742 -1.58251
v 1.54669 2.59338 -1.57752
v 1.55472 2.59064 -1.58003
v 1.56424 2.59125 -1.58105
v 1.58081 2.59583 -1.57343
v 1.59093 2.58698 -1.5487
v 1.59206 2.58057 -1.54068
v 1.58408 2.58362 -1.53809
v 1.57566 2.5824 -1.53714
v 1.57623 2.56989 -1.53378
vn 0.6692 0.6807 -0.2982
vn 0.9212 0.0648 -0.3838
vn 0.8519 0.0588 -0.5205
vn 0.6998 0.2721 0.6604
vn 0.7543 0.6075 0.2491
vn 0.7112 0.3334 0.6189
vn 0.4295 0.3856 0.8166
vn 0.5765 0.677 0.4575
vn 0.2138 0.3404 0.9157
vn 0.3622 0.7119 0.6016
vn 0.1849 0.6628 0.7256
vn 0.1064 0.9254 0.3637
vn 0.261 0.9464 0.1905
vn 0.4816 0.8669 0.1286
vn 0.45 0.8917 -0.0488
vn 0.2469 0.9298 0.273
vn 0.1185 0.8803 0.4594
vn 0.2632 0.7101 0.6531
vn 0.2712 0.962 0.0318
vn 0.7406 0.6534 -0.1569
vn 0.2785 0.9604 0.0042
vn 0.3456 0.9381 -0.0222
vn 0.3124 0.939 -0.1438
vn 0.3078 0.9399 -0.1482
vn 0.2661 0.9216 -0.2825
vn 0.2893 0.9132 -0.2871
vn 0.6484 0.7001 -0.2991
vn 0.1416 0.2727 -0.9516
vn 0.0975 0.7692 -0.6315
vn 0.6621 0.5355 -0.5242
vn 0.2847 0.7971 -0.5325
vn 0.5467 0.0223 -0.837
vn 0.4688 0.3985 -0.7883
vn 0.1097 0.6041 -0.7893
vn 0.198 0.2274 -0.9534
vn -0.1384 0.644 -0.7524
vn -0.2702 0.6098 -0.745
vn -0.1425 0.2549 -0.9564
vn 0.2302 0.0249 -0.9728
vn -0.0841 -0.087 -0.9927
vn -0.1379 0.0529 -0.989
vn -0.3178 0.0294 -0.9477
vn -0.3236 0.2764 -0.9049
vn -0.2922 0.6218 -0.7266
vn -0.4038 0.6303 -0.6631
vn -0.533 0.7041 -0.4693
vn -0.5772 0.6154 -0.5368
vn -0.5108 0.2934 -0.808
vn -0.518 0.0482 -0.854
vn -0.7206 0.2249 -0.6559
vn -0.8155 0.3649 -0.4492
vn -0.8609 0.0107 -0.5087
vn -0.745 0.0537 -0.6649
vn -0.3292 -0.0634 -0.9421
vn -0.5325 -0.0582 -0.8444
vn -0.0576 0.1454 0.9877
vn -0.001 0.6306 0.7761
vn -0.2181 0.5518 0.805
vn -0.2478 0.0767 0.9658
vn -0.1384 0.9282 0.3455
vn -0.3584 0.1125 0.9268
vn -0.3492 0.675 0.6499
vn -0.0695 0.8464 0.528
vn -0.3845 0.5734 0.7235
vn -0.3179 0.8971 0.3069
vn -0.7197 0.3657 0.5901
vn -0.5915 0.6991 0.4018
vn -0.4878 0.8573 0.1644
vn -0.2505 0.9544 0.1626
vn -0.6495 0.62 0.4402
vn -0.4063 0.7764 0.4818
vn -0.7517 0.6192 0.2271
vn -0.7977 0.5943 0.1019
vn -0.6115 0.7877 -0.0755
vn -0.919 0.1009 0.3812
vn -0.8457 0.1019 0.5238
vn -0.9757 0.1023 0.1939
vn -0.941 0.0452 0.3355
vn -0.9825 0.0377 0.1822
vn -0.992 0.0375 -0.1203
vn -0.9731 0.1313 -0.1892
vn -0.8474 0.5162 -0.1247
vn -0.5785 0.7592 -0.2982
vn -0.7189 0.6082 -0.3364
vn -0.2138 -0.5494 -0.8077
vn -0.0847 -0.474 -0.8764
vn 0.3098 -0.2696 -0.9118
vn -0.4668 -0.6118 -0.6386
vn -0.4224 -0.6176 -0.6634
vn 0.0647 -0.374 -0.9252
vn -0.6725 -0.6719 -0.3104
vn 0.3148 -0.1744 -0.933
vn 0.4787 -0.0935 -0.873
vn 0.701 0.1659 -0.6936
vn 0.5058 -0.0065 -0.8626
vn 0.0709 -0.3616 -0.9296
vn 0.6559 0.1648 -0.7367
vn 0.7761 0.3149 -0.5464
vn 0.2678 -0.2036 -0.9417
vn 0.5406 0.0135 -0.8412
vn 0.0038 -0.4401 -0.898
vn 0.053 -0.3693 -0.9278
vn -0.166 -0.4589 -0.8728
vn -0.2686 -0.5789 -0.7699
vn -0.5326 -0.6122 -0.5843
vn -0.5662 -0.6178 -0.5456
vn -0.5317 -0.639 -0.5559
vn -0.7829 -0.6107 -0.1188
vn -0.6889 -0.6391 -0.3419
vn -0.7135 -0.6297 -0.3073
vn -0.8479 -0.5245 0.0778
vn -0.8122 -0.5833 -0.0053
vn -0.8494 -0.4803 0.2188
vn -0.8473 -0.4521 0.2787
vn -0.7391 -0.1993 0.6435
vn -0.8217 -0.347 0.4521
vn -0.7421 -0.182 0.6451
vn -0.6757 -0.1526 0.7212
vn -0.8415 -0.4063 0.356
vn -0.8315 -0.4034 0.382
vn -0.6417 -0.1106 0.7589
vn -0.4225 0.127 0.8974
vn -0.1996 0.3399 0.919
vn -0.1946 0.2619 0.9453
vn -0.8308 -0.4549 0.3208
vn -0.831 -0.5191 -0.2002
vn -0.8436 -0.5149 0.1524
vn -0.7765 -0.312 0.5475
vn -0.5657 -0.0444 0.8234
vn -0.299 0.2314 0.9258
vn 0.093 0.4492 0.8886
vn 0.0078 0.4319 0.9019
vn -0.4456 0.0675 0.8927
vn -0.7793 -0.2747 0.5633
vn -0.8139 -0.5796 0.0399
vn -0.7416 -0.6479 -0.1741
vn -0.6113 -0.6054 -0.5097
vn -0.2706 -0.5946 -0.7571
vn 0.0714 -0.4235 -0.9031
vn -0.1143 -0.4881 -0.8652
vn 0.3505 -0.1161 -0.9293
vn 0.4529 -0.0718 -0.8887
vn 0.7213 0.217 -0.6577
vn 0.6552 0.2153 -0.7241
vn 0.6067 0.0946 -0.7893
vn 0.8307 0.4991 -0.2468
vn 0.8097 0.3661 -0.4586
vn 0.8232 0.4493 -0.347
vn 0.7948 0.6057 -0.0379
vn 0.7787 0.6254 0.0504
vn 0.7071 0.6666 0.2358
vn 0.6799 0.6385 0.3606
vn 0.674 0.6692 0.3128
vn 0.3112 0.5875 0.747
vn 0.7661 0.4182 -0.488
vn 0.5164 0.6255 0.5849
vn 0.831 0.4107 -0.3751
vn 0.8081 0.5733 -0.1351
vn 0.7002 0.6544 0.2854
vn 0.4731 0.6726 0.569
vn 0.731 0.638 0.2419
vn 0.8226 0.5608 -0.0943
vn 0.5657 0.6138 0.5506
vn 0.3054 0.6174 0.725
vn 0.309 0.571 0.7606
vn 0.0153 0.4386 0.8985
vn 0.1834 0.5393 0.8219
vn -0.4281 0.1128 0.8966
vn 0.0192 0.4616 0.8869
vn 0.4559 0.6381 0.6205
vn 0.4154 0.6106 0.6742
vn 0.3302 0.5989 0.7296
vn 0.6107 0.6608 0.4364
vn 0.8271 0.5573 -0.0725
vn 0.6721 0.6274 0.3931
vn 0.4776 0.6178 0.6247
vn 0.6321 0.6605 0.4052
vn 0.7725 0.629 0.0869
vn 0.8332 0.5184 -0.1923
vn 0.7722 0.2793 -0.5706
vn 0.8318 0.4462 -0.33
vn 0.6878 0.2645 -0.676
vn 0.6609 0.1584 -0.7336
vn 0.5734 0.0823 -0.8152
vn 0.3339 -0.1193 -0.935
vn 0.2613 -0.2208 -0.9397
vn 0.4396 -0.0612 -0.8961
vn 0.2544 -0.2341 -0.9383
vn 0.1044 -0.2864 -0.9524
vn -0.2048 -0.4996 -0.8417
vn -0.0891 -0.4282 -0.8993
vn -0.3337 -0.5675 -0.7527
vn -0.5801 -0.6773 -0.4524
vn -0.3302 -0.5694 -0.7528
vn -0.6222 -0.6547 -0.4292
vn -0.6891 -0.6039 -0.4005
vn -0.7895 -0.6115 -0.0526
vn -0.8176 -0.5756 -0.0156
vn -0.8343 -0.4994 0.2335
vn -0.82 -0.4084 0.401
vn -0.7652 -0.3497 0.5405
vn -0.6523 -0.1924 0.7331
vn -0.8255 -0.4937 0.2735
vn -0.6885 -0.1809 0.7023
vn -0.4701 0.0076 0.8826
vn -0.0814 0.2975 0.9512
vn -0.2781 0.2463 0.9284
vn 0.1606 0.4718 0.8669
vn 0.2017 0.5273 0.8254
vn -0.3679 0.1122 0.9231
vn -0.7129 -0.246 0.6567
vn -0.8325 -0.4354 0.3424
vn -0.7819 -0.2714 0.5612
vn -0.8386 -0.5208 0.1595
vn -0.7835 -0.3767 0.4942
vn -0.8118 -0.5772 0.0884
vn -0.7529 -0.602 -0.2661
vn -0.6909 -0.6739 -0.2617
vn -0.7307 -0.6245 -0.276
vn -0.4439 -0.5917 -0.673
vn -0.4217 -0.5646 -0.7095
vn -0.23 -0.5056 -0.8315
vn -0.6858 -0.7206 -0.1018
vn 0.0526 -0.2763 -0.9596
vn -0.109 -0.4071 -0.9068
vn 0.2219 -0.7975 -0.5611
vn 0.3141 -0.6993 -0.6421
vn 0.3117 -0.7096 -0.6319
vn 0.2087 -0.8005 -0.5619
vn 0.3452 -0.6613 -0.666
vn 0.2121 -0.8227 -0.5275
vn 0.3774 -0.6267 -0.6818
vn 0.3405 -0.6719 -0.6578
vn 0.3365 -0.6994 -0.6305
vn 0.3873 -0.582 -0.7151
vn 0.2892 -0.7575 -0.5852
vn 0.3831 -0.6389 -0.667
vn 0.3769 -0.614 -0.6935
vn 0.3532 -0.6767 -0.646
vn 0.3578 -0.6349 -0.6847
vn 0.3697 -0.5937 -0.7147
vn 0.1636 -0.8721 -0.4612
vn 0.3857 -0.5598 -0.7334
vn 0.3784 -0.5458 -0.7476
vn 0.3917 -0.5267 -0.7544
vn 0.3698 -0.5717 -0.7324
vn 0.4094 -0.5629 -0.718
vn 0.4184 -0.5073 -0.7534
vn 0.3636 -0.6207 -0.6947
vn 0.38 -0.6153 -0.6907
vn 0.3695 -0.655 -0.6591
vn 0.3773 -0.6278 -0.6809
vn 0.429 -0.5297 -0.7317
vn 0.4313 -0.4541 -0.7796
vn 0.4048 -0.6029 -0.6875
vn 0.4424 -0.4787 -0.7584
vn 0.4502 -0.3888 -0.8038
vn 0.4102 -0.578 -0.7055
vn 0.3454 -0.6781 -0.6488
vn 0.2431 -0.7788 -0.5783
vn 0.4523 -0.4376 -0.7771
vn 0.461 -0.3765 -0.8035
vn 0.412 -0.5446 -0.7305
vn 0.3444 -0.6514 -0.6761
vn 0.2545 -0.7654 -0.5912
vn 0.0515 -0.8663 -0.4969
vn 0.427 -0.479 -0.7669
vn 0.3392 -0.6198 -0.7076
vn 0.2367 -0.7412 -0.6281
vn 0.0989 -0.8521 -0.514
vn 0.1279 -0.7391 -0.6613
vn 0.327 -0.5955 -0.7338
vn 0.3956 -0.484 -0.7805
vn 0.0258 -0.83 -0.5572
vn -0.138 -0.9049 -0.4025
vn 0.4642 -0.3715 -0.8041
vn 0.4921 -0.2767 -0.8254
vn 0.4201 -0.3913 -0.8188
vn 0.479 -0.2873 -0.8295
vn 0.3532 -0.4813 -0.8022
vn 0.3999 -0.3178 -0.8597
vn 0.4569 -0.21 -0.8644
vn 0.2045 -0.4995 -0.8418
vn 0.3259 -0.2529 -0.911
vn 0.1201 -0.5887 -0.7994
vn 0.1408 -0.6245 -0.7682
vn 0.1128 -0.7065 -0.6986
vn -0.1579 -0.7135 -0.6826
vn -0.1511 -0.8114 -0.5646
vn -0.16 -0.7691 -0.6187
vn -0.127 -0.8659 -0.4838
vn -0.322 -0.7833 -0.5317
vn -0.2911 -0.8659 -0.4067
vn -0.3736 -0.8231 -0.4277
vn -0.1523 -0.6659 -0.7304
vn -0.3283 -0.9045 -0.2721
vn -0.1601 -0.6187 -0.7692
vn -0.3377 -0.6771 -0.6538
vn -0.3404 -0.7395 -0.5807
vn -0.5309 -0.7485 -0.3973
vn -0.4894 -0.6757 -0.5512
vn -0.4738 -0.8456 -0.2458
vn -0.5855 -0.7683 -0.2588
vn -0.5799 -0.7036 -0.4108
vn -0.7806 -0.6151 -0.1109
vn -0.6847 -0.7262 -0.0613
vn -0.8674 -0.4896 0.089
vn -0.9075 -0.4188 0.0334
vn -0.5525 -0.8234 -0.1296
vn -0.8904 -0.0195 0.4547
vn -0.8724 -0.0969 0.479
vn -0.7977 -0.5926 0.1123
vn -0.3943 -0.8983 -0.1936
vn -0.68 -0.7321 0.0403
vn -0.8942 -0.1861 0.4072
vn -0.1991 -0.9169 -0.3459
vn -0.2827 -0.923 -0.2611
vn -0.4431 -0.8861 -0.1359
vn -0.7657 -0.6332 0.1127
vn -0.0861 -0.9287 -0.3607
vn 0.0965 -0.8804 -0.4642
vn -0.1865 -0.9507 -0.2477
vn 0.1217 -0.8694 -0.4789
vn -0.0082 -0.9369 -0.3495
vn 0.1011 -0.9019 -0.4199
vn -0.0799 -0.9476 -0.3094
vn 0.0302 -0.9293 -0.3682
vn -0.256 -0.9463 -0.1972
vn -0.1354 -0.9614 -0.2394
vn 0.0633 -0.9438 -0.3243
vn -0.0608 -0.9714 -0.2297
vn -0.4143 -0.9074 -0.0704
vn -0.3149 -0.9433 -0.1053
vn -0.221 -0.9654 -0.1383
vn 0.0158 -0.9769 -0.2133
vn -0.1211 -0.9828 -0.1391
vn -0.3708 -0.9287 -0.0011
vn -0.3117 -0.9502 -0.006
vn -0.0118 -0.9872 -0.1588
vn -0.1836 -0.9827 -0.0248
vn 0.1048 -0.9556 -0.2756
vn 0.1722 -0.9046 -0.39
vn 0.1033 -0.9674 -0.2314
vn 0.2921 -0.7897 -0.5394
vn 0.2046 -0.9094 -0.3621
vn 0.2736 -0.8413 -0.4662
vn 0.3331 -0.7462 -0.5764
vn 0.3644 -0.7024 -0.6115
vn 0.3288 -0.7894 -0.5185
vn 0.2797 -0.8766 -0.3917
vn 0.1982 -0.9376 -0.2859
vn 0.3666 -0.6856 -0.629
vn 0.358 -0.7468 -0.5605
vn 0.3347 -0.828 -0.4498
vn 0.2791 -0.9017 -0.3303
vn 0.3699 -0.6708 -0.6428
vn 0.3893 -0.6487 -0.654
vn 0.3817 -0.7172 -0.583
vn 0.3713 -0.7303 -0.5734
vn 0.3794 -0.7741 -0.5068
vn 0.3546 -0.8021 -0.4805
vn 0.3298 -0.8756 -0.3528
vn 0.3453 -0.8414 -0.4157
vn 0.3733 -0.8212 -0.4317
vn 0.2718 -0.9287 -0.2521
vn 0.3256 -0.9055 -0.2721
vn 0.3387 -0.8841 -0.322
vn 0.3911 -0.8141 -0.4292
vn 0.3924 -0.7483 -0.5349
vn 0.3838 -0.7909 -0.4767
vn 0.3681 -0.8586 -0.3567
vn 0.3634 -0.8545 -0.3712
vn 0.3825 -0.8344 -0.3968
vn 0.4094 -0.7654 -0.4965
vn 0.4092 -0.8089 -0.4223
vn 0.3898 -0.8704 -0.3009
vn 0.416 -0.8284 -0.3752
vn 0.3532 -0.8853 -0.3026
vn 0.3368 -0.8945 -0.2942
vn 0.3346 -0.9105 -0.2431
vn 0.3547 -0.9074 -0.2255
vn 0.3108 -0.9384 -0.1512
vn 0.2956 -0.9381 -0.1804
vn 0.3472 -0.9213 -0.1749
vn 0.2582 -0.9468 -0.1923
vn 0.2432 -0.9619 -0.1251
vn 0.1848 -0.974 -0.1313
vn 0.1616 -0.984 -0.0755
vn 0.238 -0.9695 -0.0584
vn 0.2813 -0.9552 -0.0916
vn 0.1483 -0.9889 -0.0015
vn 0.2155 -0.9765 -0.0041
vn 0.2619 -0.9644 -0.0359
vn 0.0719 -0.9974 0.0021
vn 0.1287 -0.9903 0.0519
vn 0.1789 -0.9836 0.0215
vn 0.0317 -0.9959 0.085
vn 0.0952 -0.9935 -0.0618
vn 0.2432 -0.97 0.0019
vn -0.0794 -0.9957 0.0472
vn 0.1016 -0.9838 -0.1475
vn 0.2022 -0.9532 -0.2249
vn -0.029 -0.9978 -0.0599
vn -0.2547 -0.9628 0.0902
vn -0.4327 -0.8793 0.1991
vn -0.3603 -0.9261 0.1122
vn -0.6197 -0.6875 0.3786
vn -0.5297 -0.7713 0.3529
vn -0.3477 -0.9034 0.2509
vn -0.7196 -0.5101 0.4711
vn -0.639 -0.6049 0.4751
vn -0.4104 -0.8496 0.3313
vn -0.1253 -0.9825 0.1377
vn -0.7648 -0.3702 0.5272
vn -0.705 -0.3414 0.6217
vn -0.4619 -0.8 0.383
vn -0.1753 -0.9599 0.2186
vn -0.7811 0.0262 0.6239
vn -0.7755 0.1874 0.6029
vn -0.6399 0.5462 0.5405
vn -0.7575 0.2174 0.6155
vn -0.5785 0.6172 0.5332
vn -0.682 0.1546 0.7148
vn -0.7218 0.3329 0.6067
vn -0.514 0.6711 0.5342
vn -0.6247 0.5674 0.5365
vn -0.6036 0.5516 0.5756
vn -0.5936 0.5885 0.549
vn -0.5234 0.6231 0.5811
vn -0.5831 0.6869 0.4338
vn -0.7442 0.0765 0.6635
vn -0.6902 0.4072 0.5981
vn -0.7625 0.129 0.6339
vn -0.7367 0.1967 0.6469
vn -0.7725 -0.2439 0.5863
vn -0.7554 -0.1335 0.6416
vn -0.5209 0.5671 0.638
vn -0.7886 -0.0518 0.6127
vn -0.742 -0.2806 0.6088
vn -0.7628 -0.2842 0.5809
vn -0.7439 -0.3035 0.5954
vn -0.7519 -0.3176 0.5777
vn -0.7682 -0.3059 0.5624
vn -0.7642 -0.314 0.5634
vn -0.7769 -0.2868 0.5605
vn -0.7664 -0.3168 0.5588
vn -0.7927 -0.1989 0.5762
vn -0.7064 0.2052 0.6774
vn -0.7922 -0.2007 0.5763
vn -0.5813 0.413 0.7011
vn -0.7762 -0.1185 0.6193
vn -0.7902 -0.2554 0.557
vn -0.7789 -0.303 0.549
vn -0.7819 -0.2835 0.5553
vn -0.6604 0.3253 0.6767
vn -0.7749 -0.3065 0.5528
vn -0.7891 -0.0851 0.6084
vn -0.5153 0.5536 0.6542
vn -0.7851 -0.3043 0.5395
vn -0.7839 -0.3076 0.5394
vn -0.7921 -0.2668 0.549
vn -0.7907 -0.2954 0.5362
vn -0.641 0.319 0.6981
vn -0.7306 -0.0203 0.6825
vn -0.7608 -0.1857 0.6218
vn -0.6225 0.2687 0.7351
vn -0.535 0.5008 0.6805
vn -0.7958 -0.2803 0.5368
vn -0.7691 -0.0558 0.6367
vn -0.806 -0.2835 0.5196
vn -0.5295 0.4947 0.6892
vn -0.7972 -0.2922 0.5283
vn -0.7916 -0.2998 0.5325
vn -0.8073 -0.2773 0.5209
vn -0.7843 -0.2881 0.5494
vn -0.8047 -0.2797 0.5237
vn -0.8075 -0.2506 0.534
vn -0.8107 -0.278 0.5153
vn -0.8105 -0.2004 0.5504
vn -0.8194 -0.2625 0.5096
vn -0.8261 -0.2614 0.4992
vn -0.8308 -0.2478 0.4984
vn -0.8205 -0.2665 0.5058
vn -0.8132 -0.2651 0.5181
vn -0.8229 -0.2569 0.5068
vn -0.8217 -0.2632 0.5055
vn -0.8146 -0.27 0.5134
vn -0.8237 -0.2528 0.5075
vn -0.837 -0.2345 0.4944
vn -0.8354 -0.2347 0.4971
vn -0.8356 -0.2349 0.4967
vn -0.8247 -0.2611 0.5017
vn -0.8444 -0.2199 0.4884
vn -0.836 -0.2396 0.4937
vn -0.8383 -0.232 0.4933
vn -0.8352 -0.2369 0.4962
vn -0.7998 -0.2863 0.5276
vn -0.8171 -0.2637 0.5126
vn -0.8088 -0.2757 0.5194
vn -0.818 -0.257 0.5146
vn -0.7907 -0.2896 0.5394
vn -0.7989 -0.307 0.5172
vn -0.7963 -0.2908 0.5304
vn -0.787 -0.304 0.5368
vn -0.7776 -0.3203 0.5411
vn -0.7846 -0.296 0.5448
vn -0.7772 -0.3045 0.5506
vn -0.7706 -0.317 0.5529
vn -0.7649 -0.3202 0.5589
vn -0.7764 -0.3104 0.5485
vn -0.76 -0.3244 0.5631
vn -0.7667 -0.3213 0.5559
vn -0.7862 -0.3024 0.539
vn -0.755 -0.3273 0.5682
vn -0.7747 -0.3119 0.55
vn -0.7975 -0.2826 0.5331
vn -0.7479 -0.3284 0.5769
vn -0.7619 -0.3202 0.5631
vn -0.744 -0.318 0.5876
vn -0.7432 -0.332 0.5809
vn -0.7911 0.0244 0.6112
vn -0.7418 -0.326 0.586
vn -0.7922 0.086 0.6042
vn -0.7032 0.505 0.5005
vn -0.6883 0.5627 0.4578
vn -0.6417 0.6307 0.4363
vn -0.6772 0.593 0.4357
vn -0.765 0.3417 0.546
vn -0.6885 0.565 0.4547
vn -0.7639 -0.2775 0.5826
vn -0.81 0.2507 0.5302
vn -0.5493 -0.7036 0.4508
vn -0.7812 -0.2385 0.5769
vn -0.8047 0.1057 0.5842
vn -0.2192 -0.9361 0.2751
vn -0.5862 -0.6333 0.5052
vn -0.7566 -0.2758 0.5929
vn -0.6729 -0.419 0.6097
vn -0.0166 -0.9891 0.1462
vn -0.3293 -0.8633 0.3824
vn 0.0914 -0.9917 0.0902
vn -0.059 -0.982 0.1794
vn -0.3433 -0.8541 0.3906
vn 0.0877 -0.988 0.1269
vn 0.1654 -0.9828 0.082
vn -0.1857 -0.9311 0.3141
vn -0.61 -0.5313 0.5879
vn -0.8005 0.2266 0.5548
vn -0.6674 -0.4955 0.5559
vn 0.0578 -0.9872 0.1487
vn -0.2499 -0.8996 0.3582
vn -0.6411 -0.4226 0.6407
vn -0.0276 -0.9729 0.2296
vn -0.4779 -0.6347 0.6073
vn -0.8069 0.2326 0.5429
vn -0.7096 0.1334 0.6919
vn -0.7718 0.3119 0.554
vn -0.652 0.6358 0.4132
vn -0.6226 0.7026 0.3445
vn -0.7622 0.308 0.5694
vn -0.5603 0.7437 0.3647
vn -0.6515 0.6821 0.3321
vn -0.695 0.624 0.3571
vn -0.6756 0.3957 0.6221
vn -0.7283 0.5032 0.4652
vn -0.8471 0.1029 0.5214
vn -0.8005 -0.1442 0.5818
vn -0.7422 -0.321 0.5883
vn -0.7341 -0.3324 0.5921
vn -0.7405 -0.3145 0.594
vn -0.7441 -0.288 0.6028
vn -0.7335 -0.3431 0.5868
vn -0.8093 0.2379 0.5371
vn -0.7413 -0.3424 0.5773
vn -0.7528 -0.3292 0.5701
vn -0.6665 0.6696 0.3277
vn -0.7344 -0.3606 0.575
vn -0.7441 -0.3409 0.5745
vn -0.7317 -0.3578 0.5801
vn -0.7353 -0.3406 0.586
vn -0.773 -0.3091 0.5541
vn -0.7532 -0.3274 0.5706
vn -0.7617 -0.323 0.5617
vn -0.7841 -0.2966 0.5452
vn -0.7698 -0.309 0.5585
vn -0.7946 -0.2782 0.5397
vn -0.7845 -0.2867 0.5499
vn -0.7467 -0.3336 0.5754
vn -0.7792 -0.2848 0.5584
vn -0.7405 -0.3419 0.5786
vn -0.7336 -0.3574 0.5781
vn -0.7503 -0.3282 0.5739
vn -0.768 -0.3021 0.5647
vn -0.7938 -0.2673 0.5463
vn -0.7841 -0.2729 0.5574
vn -0.8066 -0.2678 0.527
vn -0.7943 -0.2507 0.5534
vn -0.7787 -0.2721 0.5653
vn -0.7659 -0.2906 0.5735
vn -0.7574 -0.3205 0.5689
vn -0.7486 -0.3171 0.5824
vn -0.7563 -0.2961 0.5833
vn -0.7663 -0.2695 0.5833
vn -0.7827 -0.2519 0.5692
vn -0.7508 -0.2914 0.5927
vn -0.7755 -0.2502 0.5797
vn -0.7913 -0.2332 0.5652
vn -0.7638 -0.2452 0.5971
vn -0.7566 -0.2718 0.5947
vn -0.7787 -0.2303 0.5836
vn -0.7527 -0.2711 0.5999
vn -0.7706 -0.2269 0.5955
vn -0.7852 -0.218 0.5796
vn -0.7646 -0.2245 0.6041
vn -0.7484 -0.3003 0.5914
vn -0.7586 -0.2435 0.6044
vn -0.7719 -0.211 0.5997
vn -0.7481 -0.2871 0.5982
vn -0.7442 -0.3073 0.5931
vn -0.7473 -0.2857 0.5999
vn -0.7511 -0.2629 0.6056
vn -0.7507 -0.2569 0.6087
vn -0.7435 -0.3182 0.5882
vn -0.7426 -0.3287 0.5835
vn -0.7498 -0.3096 0.5847
vn -0.7499 -0.2883 0.5955
vn -0.7444 -0.3274 0.582
vn -0.7513 -0.2847 0.5953
vn -0.7515 -0.3257 0.5738
vn -0.7437 -0.3325 0.5799
vn -0.7364 -0.3464 0.5811
vn -0.7423 -0.3405 0.5772
vn -0.74 -0.3421 0.5791
vn -0.7335 -0.3573 0.5782
vn -0.7395 -0.3365 0.5829
vn -0.7336 -0.3628 0.5746
vn -0.7464 -0.3389 0.5728
vn -0.7357 -0.3633 0.5716
vn -0.7383 -0.3545 0.5737
vn -0.7443 -0.3538 0.5664
vn -0.7554 -0.3409 0.5596
vn -0.7515 -0.353 0.5573
vn -0.756 -0.3216 0.5702
vn -0.7669 -0.3546 0.5348
vn -0.7344 -0.3763 0.5648
vn -0.7339 -0.3761 0.5656
vn -0.73 -0.3739 0.5721
vn -0.7298 -0.3737 0.5725
vn -0.7802 -0.329 0.5321
vn -0.75 -0.3403 0.5672
vn -0.7711 -0.2649 0.579
vn -0.8011 -0.3377 0.4941
vn -0.7415 -0.3502 0.5723
vn -0.7591 -0.3021 0.5767
vn -0.7399 -0.34 0.5805
vn -0.7386 -0.3418 0.5811
vn -0.7411 -0.3409 0.5784
vn -0.8614 0.0878 0.5002
vn -0.7544 -0.3208 0.5727
vn -0.8172 0.1681 0.5513
vn -0.8109 0.3235 0.4876
vn -0.8123 -0.2881 0.5071
vn -0.8292 -0.2585 0.4956
vn -0.8581 0.1974 0.474
vn -0.7224 0.5967 0.3494
vn -0.8551 -0.2492 0.4547
vn -0.8558 0.1351 0.4994
vn -0.8372 -0.3466 0.423
vn -0.742 0.5315 0.4085
vn -0.8606 -0.2474 0.4451
vn -0.8224 -0.3857 0.4181
vn -0.8382 -0.3642 0.406
vn -0.8481 -0.3523 0.3958
vn -0.8288 -0.386 0.4052
vn -0.7759 -0.375 0.5073
vn -0.8355 -0.3763 0.4005
vn -0.7689 -0.3629 0.5264
vn -0.7894 -0.3403 0.5109
vn -0.8646 -0.3595 0.3511
vn -0.8672 -0.3269 0.3757
vn -0.7856 -0.3174 0.5311
vn -0.8131 -0.3517 0.464
vn -0.7939 -0.2789 0.5404
vn -0.8862 -0.2727 0.3744
vn -0.894 -0.3379 0.2943
vn -0.841 -0.358 0.4055
vn -0.8658 -0.3333 0.3732
vn -0.7569 -0.3053 0.5778
vn -0.9173 -0.3116 0.2479
vn -0.8417 -0.3328 0.4252
vn -0.8595 -0.344 0.378
vn -0.8837 -0.3024 0.3571
vn -0.8267 -0.3203 0.4625
vn -0.9035 -0.347 0.2517
vn -0.8901 -0.2788 0.3605
vn -0.9336 -0.2795 0.2243
vn -0.7509 -0.2675 0.6038
vn -0.9483 -0.2515 0.1936
vn -0.8907 -0.2931 0.3476
vn -0.753 -0.2605 0.6043
vn -0.8638 -0.3034 0.4023
vn -0.7555 -0.2464 0.6071
vn -0.7638 -0.2268 0.6043
vn -0.752 -0.2479 0.6107
vn -0.7571 -0.2302 0.6114
vn -0.7561 -0.2274 0.6137
vn -0.7615 -0.2253 0.6077
vn -0.7658 -0.2124 0.607
vn -0.7575 -0.2114 0.6177
vn -0.7605 -0.2114 0.6139
vn -0.7762 -0.2071 0.5956
vn -0.7651 -0.2062 0.61
vn -0.7619 -0.202 0.6154
vn -0.7599 -0.1991 0.6188
vn -0.7681 -0.2031 0.6073
vn -0.7608 -0.1955 0.6188
vn -0.7594 -0.1928 0.6214
vn -0.76 -0.1939 0.6204
vn -0.7689 -0.195 0.6089
vn -0.7633 -0.2092 0.6112
vn -0.7558 -0.1945 0.6253
vn -0.7762 -0.1995 0.5981
vn -0.7849 -0.1985 0.587
vn -0.7906 -0.1813 0.5849
vn -0.7814 -0.1947 0.5928
vn -0.7972 -0.1894 0.5732
vn -0.7612 -0.1904 0.62
vn -0.7629 -0.195 0.6165
vn -0.7612 -0.1863 0.6212
vn -0.7719 -0.1789 0.61
vn -0.7626 -0.1884 0.6189
vn -0.7784 -0.1656 0.6055
vn -0.7586 -0.1917 0.6226
vn -0.7552 -0.1741 0.632
vn -0.7674 -0.1699 0.6183
vn -0.7597 -0.1748 0.6264
vn -0.762 -0.1729 0.624
vn -0.7641 -0.1691 0.6225
vn -0.7881 -0.2273 0.572
vn -0.7576 -0.1916 0.624
vn -0.7891 -0.1637 0.5921
vn -0.8284 -0.208 0.5201
vn -0.7675 -0.1626 0.62
vn -0.7815 -0.1981 0.5915
vn -0.9019 -0.2723 0.3354
vn -0.7523 -0.1684 0.6369
vn -0.7797 -0.2577 0.5707
vn -0.8559 -0.336 0.393
vn -0.7126 -0.3735 0.5939
vn -0.8082 -0.2353 0.5398
vn -0.7219 -0.4512 0.5247
vn -0.8432 -0.3597 0.3994
vn -0.8543 -0.4632 0.2358
vn -0.9058 -0.3717 0.2032
vn -0.9201 -0.3077 0.2423
vn -0.899 -0.2777 0.3387
vn -0.9107 -0.2919 0.2922
vn -0.8871 -0.4169 0.198
vn -0.7754 -0.2797 0.5661
vn -0.7883 -0.2359 0.5683
vn -0.6444 -0.0669 0.7618
vn -0.4715 0.0172 0.8817
vn -0.5138 -0.0446 0.8567
vn -0.8038 -0.2463 0.5415
vn -0.7888 -0.3486 0.5063
vn -0.6433 -0.2023 0.7384
vn -0.5276 -0.1326 0.8391
vn -0.852 -0.2205 0.4749
vn -0.8794 -0.2992 0.3704
vn -0.8071 -0.228 0.5446
vn -0.855 -0.3558 0.3773
vn -0.8844 -0.2771 0.3755
vn -0.8957 -0.2393 0.3748
vn -0.8659 -0.3607 0.3466
vn -0.7665 -0.2571 0.5886
vn -0.7071 -0.1935 0.6802
vn -0.6369 -0.1111 0.7629
vn -0.7637 -0.2177 0.6078
vn -0.5854 -0.1416 0.7983
vn -0.4256 -0.0487 0.9036
vn -0.2407 0.0374 0.9699
vn -0.1273 0.1257 0.9839
vn 0.047 0.1478 0.9879
vn -0.2454 0.0314 0.9689
vn -0.5009 -0.1135 0.858
vn -0.1878 0.1111 0.9759
vn -0.1675 0.054 0.9844
vn -0.5726 -0.1581 0.8044
vn 0.0353 0.142 0.9892
vn -0.3192 -0.0264 0.9473
vn 0.0118 0.0902 0.9958
vn -0.7954 -0.2337 0.5592
vn -0.4071 -0.0786 0.91
vn -0.6722 -0.2176 0.7076
vn -0.8122 -0.2906 0.5058
vn -0.8292 -0.3064 0.4675
vn -0.7478 -0.2945 0.5951
vn -0.5464 -0.1626 0.8216
vn -0.7054 -0.2628 0.6583
vn -0.181 -0.0062 0.9835
vn -0.3652 -0.0819 0.9273
vn -0.737 -0.2888 0.6111
vn -0.5732 -0.2019 0.7942
vn -0.2695 -0.0536 0.9615
vn 0.1229 0.14 0.9825
vn 0.2144 0.1657 0.9626
vn -0.6467 -0.2523 0.7198
vn -0.7707 -0.3258 0.5476
vn -0.7376 -0.3135 0.5981
vn -0.5865 -0.2367 0.7746
vn -0.6664 -0.3019 0.6817
vn -0.7064 -0.3293 0.6265
vn -0.4177 -0.152 0.8958
vn -0.4799 -0.2069 0.8526
vn -0.6864 -0.3278 0.6492
vn -0.2475 -0.061 0.967
vn -0.077 0.0149 0.9969
vn 0.0626 0.0951 0.9935
vn 0.1763 0.154 0.9722
vn 0.3087 0.214 0.9268
vn 0.4332 0.2591 0.8633
vn 0.5216 0.3116 0.7943
vn 0.6824 0.3585 0.6371
vn 0.7241 0.3424 0.5988
vn 0.7077 0.3206 0.6296
vn 0.4964 0.2653 0.8265
vn 0.7483 0.3336 0.5733
vn 0.4735 0.2814 0.8346
vn 0.7005 0.3326 0.6315
vn 0.3162 0.2596 0.9125
vn 0.6721 0.3981 0.6243
vn 0.5642 0.3024 0.7683
vn 0.7551 0.3596 0.5482
vn 0.3504 0.2305 0.9078
vn 0.6041 0.3208 0.7294
vn 0.7668 0.4115 0.4927
vn 0.1682 0.1806 0.9691
vn 0.4174 0.2584 0.8712
vn 0.2711 0.2321 0.9342
vn 0.6151 0.3284 0.7168
vn 0.7815 0.3827 0.4927
vn 0.4503 0.2875 0.8453
vn 0.5806 0.3456 0.7372
vn 0.7748 0.3917 0.4962
vn 0.4361 0.3163 0.8425
vn 0.3808 0.288 0.8787
vn 0.5608 0.3669 0.7422
vn 0.7839 0.4215 0.4559
vn 0.6226 0.3706 0.6892
vn 0.8237 0.4638 0.3262
vn 0.1876 0.2279 0.9554
vn 0.4413 0.3028 0.8447
vn 0.6284 0.378 0.6799
vn 0.788 0.4226 0.4477
vn 0.0488 0.2205 0.9742
vn 0.2794 0.288 0.9159
vn 0.4796 0.346 0.8064
vn 0.5994 0.3982 0.6943
vn 0.797 0.421 0.4331
vn 0.1365 0.2713 0.9528
vn 0.4639 0.3652 0.8071
vn 0.5888 0.4155 0.6933
vn 0.826 0.4717 0.3088
vn 0.3746 0.3553 0.8564
vn 0.6018 0.4039 0.6889
vn 0.7806 0.4804 0.4
vn 0.8989 0.4372 -0.0283
vn 0.7435 0.4686 0.4771
vn 0.8961 0.4338 0.0942
vn 0.5942 0.4458 0.6695
vn 0.417 0.3814 0.8251
vn 0.7208 0.5498 0.4222
vn 0.8686 0.4822 -0.114
vn 0.5446 0.4943 0.6775
vn 0.4459 0.4404 0.7793
vn 0.6417 0.6426 0.4186
vn 0.8224 0.5665 0.0519
vn 0.4885 0.5913 0.6417
vn 0.4046 0.4984 0.7667
vn 0.2377 0.3809 0.8936
vn 0.1644 0.3309 0.9292
vn 0.2352 0.4659 0.853
vn 0.0788 0.2631 0.9616
vn 0.0583 0.4108 0.9099
vn 0.2495 0.5483 0.7982
vn -0.2278 0.1479 0.9624
vn -0.0945 0.2482 0.9641
vn -0.1442 0.2932 0.9451
vn -0.547 0.0084 0.8371
vn -0.7465 -0.1061 0.6569
vn -0.4006 0.2371 0.885
vn -0.0001 0.4632 0.8862
vn -0.2198 0.3821 0.8976
vn -0.6505 0.0478 0.758
vn -0.8653 -0.3715 0.3367
vn -0.8518 -0.2646 0.4522
vn -0.8657 -0.4771 0.1516
vn -0.8693 -0.4108 0.2747
vn -0.6956 0.001 0.7184
vn -0.4027 0.2993 0.865
vn -0.1386 0.4948 0.8579
vn -0.8406 -0.4916 0.2272
vn -0.8128 -0.3975 0.4259
vn -0.7998 -0.5258 0.2895
vn 0.0259 0.5435 0.839
vn 0.0582 0.623 0.78
vn 0.2323 0.6225 0.7473
vn 0.4375 0.6354 0.6364
vn 0.3078 0.7122 0.6308
vn 0.5058 0.7053 0.4967
vn 0.5633 0.7258 0.3949
vn 0.7722 0.6345 0.0338
vn 0.4116 0.7584 0.5054
vn 0.5028 0.7774 0.378
vn 0.7026 0.7104 -0.0411
vn 0.4299 0.7957 0.4266
vn 0.6544 0.7416 0.1479
vn 0.2849 0.7358 0.6143
vn 0.3111 0.7933 0.5233
vn 0.101 0.6931 0.7137
vn 0.1612 0.741 0.6518
vn -0.1114 0.6197 0.7769
vn -0.19 0.515 0.8359
vn -0.3882 0.4053 0.8277
vn -0.1578 0.5853 0.7953
vn -0.0357 0.6997 0.7136
vn -0.7147 0.0207 0.6992
vn 0.1526 0.7702 0.6193
vn -0.2772 0.5541 0.7849
vn -0.4482 0.4022 0.7983
vn -0.6211 0.2306 0.749
vn -0.7914 -0.154 0.5916
vn -0.7211 0.083 0.6879
vn -0.5324 0.311 0.7873
vn -0.8329 -0.4263 0.3528
vn -0.8241 -0.1916 0.5331
vn -0.8412 -0.4858 0.2374
vn -0.8551 -0.3502 0.3823
vn -0.8534 -0.4266 0.2994
vn -0.6522 0.1604 0.7409
vn -0.8196 -0.2721 0.5042
vn -0.3696 0.4978 0.7846
vn -0.8222 -0.5251 0.2195
vn -0.7785 -0.1555 0.6081
vn -0.7938 -0.5225 0.3113
vn -0.7857 -0.1377 0.6031
vn -0.8231 -0.1318 0.5523
vn -0.7111 -0.6532 0.2602
vn -0.7088 -0.5598 0.4292
vn -0.7897 -0.1119 0.6033
vn -0.7931 -0.1363 0.5937
vn -0.8128 -0.3621 0.4563
vn -0.7939 -0.1152 0.597
vn -0.79 -0.1603 0.5918
vn -0.7836 -0.1782 0.5952
vn -0.7852 -0.1792 0.5928
vn -0.8032 -0.1492 0.5767
vn -0.7931 -0.1671 0.5858
vn -0.8063 -0.1313 0.5767
vn -0.8058 -0.1076 0.5823
vn -0.8151 -0.137 0.5629
vn -0.8086 -0.1669 0.5641
vn -0.8156 -0.15 0.5588
vn -0.8008 -0.1797 0.5714
vn -0.8208 -0.1501 0.5512
vn -0.8099 -0.1791 0.5586
vn -0.8179 -0.1658 0.5509
vn -0.8112 -0.1913 0.5526
vn -0.8181 -0.178 0.5469
vn -0.8252 -0.1615 0.5412
vn -0.8244 -0.1762 0.5379
vn -0.8292 -0.1548 0.537
vn -0.8034 -0.203 0.5598
vn -0.7862 -0.2003 0.5847
vn -0.7855 -0.2038 0.5843
vn -0.7861 -0.2006 0.5846
vn -0.7855 -0.2042 0.5842
vn -0.7983 -0.2116 0.5638
vn -0.8034 -0.2016 0.5603
vn -0.7994 -0.2176 0.5601
vn -0.8171 -0.1979 0.5415
vn -0.802 -0.2277 0.5523
vn -0.8085 -0.2038 0.5521
vn -0.8036 -0.23 0.5489
vn -0.814 -0.2253 0.5354
vn -0.8191 -0.2116 0.5331
vn -0.8156 -0.2119 0.5384
vn -0.814 -0.2265 0.535
vn -0.8216 -0.1914 0.537
vn -0.8288 -0.1877 0.527
vn -0.8256 -0.2017 0.5269
vn -0.8211 -0.2196 0.5269
vn -0.8087 -0.2388 0.5376
vn -0.8037 -0.2591 0.5356
vn -0.8168 -0.2398 0.5247
vn -0.8147 -0.2505 0.523
vn -0.8264 -0.2261 0.5157
vn -0.8296 -0.2127 0.5163
vn -0.8155 -0.2415 0.526
vn -0.8158 -0.241 0.5257
vn -0.8185 -0.2412 0.5215
vn -0.8139 -0.2617 0.5188
vn -0.8186 -0.2416 0.5211
vn -0.8079 -0.2648 0.5264
vn -0.8167 -0.2557 0.5174
vn -0.8346 -0.2209 0.5046
vn -0.8328 -0.2222 0.507
vn -0.8383 -0.2279 0.4953
vn -0.848 -0.2147 0.4846
vn -0.8524 -0.2072 0.48
vn -0.844 -0.2153 0.4912
vn -0.8439 -0.2073 0.4948
vn -0.8386 -0.2126 0.5016
vn -0.8501 -0.1979 0.4881
vn -0.8478 -0.1958 0.4928
vn -0.8412 -0.2015 0.5017
vn -0.8333 -0.1984 0.516
vn -0.8445 -0.1885 0.5013
vn -0.8348 -0.19 0.5167
vn -0.8407 -0.1775 0.5115
vn -0.8502 -0.1811 0.4944
vn -0.8299 -0.1805 0.5279
vn -0.8358 -0.1684 0.5225
vn -0.8451 -0.1703 0.5067
vn -0.8404 -0.1586 0.5183
vn -0.8539 -0.1683 0.4924
vn -0.8488 -0.1586 0.5044
vn -0.857 -0.1799 0.4828
vn -0.8608 -0.164 0.4818
vn -0.8525 -0.1943 0.4853
vn -0.8558 -0.1522 0.4944
vn -0.8624 -0.1802 0.4731
vn -0.8526 -0.2023 0.4819
vn -0.8598 -0.1946 0.472
vn -0.86 -0.1883 0.4744
vn -0.863 -0.1864 0.4696
vn -0.8606 -0.1938 0.4709
vn -0.8655 -0.1776 0.4683
vn -0.8636 -0.1763 0.4724
vn -0.8702 -0.1726 0.4615
vn -0.8671 -0.1765 0.4658
vn -0.86 -0.1626 0.4837
vn -0.8602 -0.1633 0.4831
vn -0.8666 -0.1638 0.4713
vn -0.8687 -0.1567 0.47
vn -0.8709 -0.1604 0.4645
vn -0.8573 -0.1653 0.4876
vn -0.8704 -0.1468 0.47
vn -0.8557 -0.1512 0.4949
vn -0.8561 -0.1421 0.4969
vn -0.8673 -0.1444 0.4764
vn -0.8675 -0.1423 0.4766
vn -0.8639 -0.1355 0.4852
vn -0.8684 -0.1263 0.4796
vn -0.8726 -0.1532 0.4638
vn -0.8511 -0.1448 0.5046
vn -0.8515 -0.1344 0.5069
vn -0.8421 -0.1434 0.5199
vn -0.8439 -0.1268 0.5213
vn -0.8339 -0.1413 0.5335
vn -0.8557 -0.1383 0.4986
vn -0.8534 -0.1248 0.506
vn -0.8643 -0.1214 0.4881
vn -0.8322 -0.1195 0.5415
vn -0.8245 -0.1383 0.5487
vn -0.8214 -0.1378 0.5535
vn -0.8235 -0.1276 0.5527
vn -0.8137 -0.122 0.5684
vn -0.8215 -0.0983 0.5617
vn -0.8119 -0.0903 0.5768
vn -0.8259 -0.0719 0.5592
vn -0.839 -0.0913 0.5365
vn -0.8203 -0.0621 0.5685
vn -0.8192 -0.0706 0.5692
vn -0.8154 -0.0839 0.5728
vn -0.8068 -0.0788 0.5855
vn -0.8379 -0.1323 0.5296
vn -0.8206 -0.3506 0.4514
vn -0.7992 -0.0686 0.5972
vn -0.8005 -0.0662 0.5957
vn -0.7993 -0.0685 0.597
vn -0.8075 -0.099 0.5815
vn -0.8118 -0.0724 0.5794
vn -0.8006 -0.066 0.5956
vn -0.8172 -0.0718 0.5718
vn -0.8222 -0.1041 0.5595
vn -0.8015 -0.097 0.5901
vn -0.8254 -0.4105 0.3876
vn -0.7891 -0.5048 0.35
vn -0.8066 -0.4521 0.3807
vn -0.7254 -0.6106 0.3176
vn -0.8126 -0.5507 0.1907
vn -0.818 -0.4925 0.2974
vn -0.7978 -0.1784 0.5759
vn -0.7808 -0.28 0.5585
vn -0.7391 0.0028 0.6736
vn -0.7321 -0.6593 0.1715
vn -0.6118 0.2007 0.7651
vn -0.6387 0.2596 0.7244
vn -0.698 0.1443 0.7014
vn -0.4549 0.4775 0.7517
vn -0.4571 0.4903 0.7421
vn -0.5838 0.3964 0.7086
vn -0.1797 0.7117 0.6792
vn -0.1938 0.6996 0.6878
vn -0.3072 0.6812 0.6646
vn -0.3261 0.6904 0.6458
vn -0.0704 0.8047 0.5894
vn 0.1261 0.868 0.4803
vn 0.0068 0.8686 0.4954
vn 0.0928 0.8606 0.5008
vn 0.2098 0.8996 0.3831
vn 0.0442 0.883 0.4673
vn -0.6374 0.3078 0.7063
vn 0.0961 0.849 0.5197
vn 0.0059 0.7779 0.6284
vn 0.2423 0.8674 0.4346
vn 0.2774 0.8851 0.3738
vn 0.4595 0.7879 0.41
vn 0.2827 0.8503 0.4439
vn 0.4051 0.8651 0.2957
vn 0.2721 0.9003 0.3396
vn 0.4631 0.8338 0.3006
vn 0.5603 0.8278 0.0275
vn 0.6811 0.7321 -0.008
vn 0.3666 0.9166 0.1594
vn 0.7781 0.627 -0.0373
vn 0.4047 0.8366 0.3693
vn 0.3773 0.8182 0.4338
vn 0.2228 0.8227 0.523
vn -0.0425 0.7181 0.6947
vn -0.3172 0.5624 0.7636
vn -0.3335 -0.9326 -0.138
vn -0.6781 -0.714 0.1742
vn -0.7718 -0.5179 0.369
vn -0.8346 0.0053 0.5509
vn -0.6903 0.1655 0.7043
vn -0.8014 -0.4316 0.4141
vn -0.7013 0.3241 0.6349
vn -0.7563 0.2661 0.5977
vn -0.5599 0.5122 0.6512
vn -0.5517 0.4656 0.692
vn -0.6854 0.3132 0.6574
vn -0.6666 0.3414 0.6626
vn -0.6377 0.3952 0.6612
vn -0.4993 0.551 0.6686
vn -0.6157 0.4019 0.6778
vn -0.7573 0.0577 0.6505
vn -0.783 -0.0084 0.622
vn -0.6831 -0.5665 0.461
vn -0.6654 -0.7084 0.2352
vn -0.4961 -0.8681 0.0175
vn 0.3643 -0.907 -0.2112
vn 0.3954 -0.8762 -0.2754
vn 0.339 -0.9334 -0.1177
vn 0.4143 -0.856 -0.3094
vn 0.4453 -0.817 -0.3665
vn 0.4309 -0.8608 -0.2708
vn 0.4097 -0.8846 -0.2226
vn 0.3818 -0.9055 -0.1853
vn 0.3932 -0.909 -0.1381
vn 0.3651 -0.927 -0.0862
vn 0.3809 -0.915 -0.1331
vn 0.3706 -0.9265 -0.0648
vn 0.4032 -0.8995 -0.1686
vn 0.4562 -0.8577 -0.2371
vn 0.4314 -0.8898 -0.1487
vn 0.3961 -0.9136 -0.0917
vn 0.4219 -0.9043 -0.0651
vn 0.3787 -0.9251 -0.0286
vn 0.4238 -0.9056 0.0167
vn 0.3241 -0.945 -0.0442
vn 0.3394 -0.9404 -0.0198
vn 0.4001 -0.9156 0.0398
vn 0.4342 -0.8973 0.0793
vn 0.3363 -0.9414 0.026
vn 0.407 -0.9096 0.0839
vn 0.4576 -0.882 0.1123
vn 0.3623 -0.9316 0.0289
vn 0.3546 -0.9335 0.0532
vn 0.3046 -0.9525 0.0031
vn 0.3061 -0.9515 0.0315
vn 0.2697 -0.963 0.0014
vn 0.3835 -0.9207 0.0732
vn 0.4506 -0.8845 0.1207
vn 0.3624 -0.9295 0.0683
vn 0.4898 -0.8596 0.1457
vn 0.5647 -0.8077 0.1698
vn 0.5608 -0.8105 0.1692
vn 0.3968 -0.9124 0.1007
vn 0.4545 -0.8844 0.1064
vn 0.4105 -0.9057 0.1053
vn 0.5578 -0.8235 0.1031
vn 0.6941 -0.6928 0.1956
vn 0.7638 -0.6192 0.182
vn 0.3839 -0.9195 0.0841
vn 0.4196 -0.9055 0.0639
vn 0.4089 -0.9102 0.0661
vn 0.4521 -0.8911 0.0378
vn 0.461 -0.887 -0.0273
vn 0.3974 -0.9158 0.0585
vn 0.4257 -0.9044 0.0293
vn 0.5698 -0.8205 -0.0463
vn 0.711 -0.7015 0.0491
vn 0.8647 -0.4783 0.153
vn 0.8587 -0.5082 -0.0662
vn 0.7001 -0.6862 -0.1974
vn 0.5571 -0.8192 -0.136
vn 0.9528 -0.2911 0.0861
vn 0.9238 -0.3031 -0.2339
vn 0.827 -0.4983 -0.2602
vn 0.8222 -0.3778 -0.4257
vn 0.6532 -0.6283 -0.4226
vn 0.6191 -0.5534 -0.5572
vn 0.5912 -0.7519 -0.2918
vn 0.4366 -0.8093 -0.3929
vn 0.4822 -0.8143 -0.323
vn 0.5009 -0.8284 -0.2507
vn 0.4966 -0.8476 -0.1868
vn 0.335 -0.9168 -0.2175
vn 0.4594 -0.8829 -0.0975
vn 0.39 -0.9096 -0.1434
vn 0.4231 -0.9001 -0.1037
vn 0.4147 -0.9097 -0.0223
vn 0.1535 -0.9731 -0.1717
vn -0.0853 -0.9838 0.1578
vn 0.3726 -0.9273 0.0357
vn 0.3467 -0.9368 0.0468
vn 0.3346 -0.9416 0.0375
vn 0.3112 -0.9497 0.0349
vn 0.3214 -0.9468 0.0158
vn 0.3155 -0.9489 -0.0108
vn 0.1987 -0.9782 0.0607
vn 0.1497 -0.9866 0.0642
vn 0.2586 -0.9652 0.0395
vn 0.2169 -0.976 0.0192
vn 0.0867 -0.9913 0.0989
vn 0.1232 -0.9914 0.0441
vn -0.1951 -0.9237 0.3298
vn -0.0274 -0.9853 0.1685
vn -0.0123 -0.988 0.1537
vn -0.3207 -0.8587 0.3998
vn 0.0061 -0.9868 0.162
vn -0.3371 -0.8541 0.3961
vn -0.3361 -0.8549 0.3952
vn -0.6029 -0.5372 0.5899
vn -0.6551 -0.3701 0.6587
vn -0.6642 -0.5048 0.5514
vn -0.8339 0.0899 0.5446
vn -0.6777 -0.4368 0.5915
vn -0.2612 -0.899 0.3515
vn -0.5714 -0.6109 0.548
vn 0.0792 -0.9852 0.1517
vn 0.2331 -0.9711 0.0523
vn 0.147 -0.9826 0.1132
vn -0.15 -0.9356 0.3196
vn -0.5401 -0.6625 0.5191
vn -0.0954 -0.9565 0.2758
vn -0.5183 -0.678 0.5213
vn -0.7902 -0.2353 0.5659
vn -0.5615 -0.6654 0.4918
vn -0.7844 -0.0972 0.6126
vn 0.1756 -0.9809 0.0835
vn 0.1904 -0.9794 0.0674
vn 0.2614 -0.9649 0.0267
vn 0.215 -0.9747 0.0616
vn 0.2769 -0.9603 -0.0338
vn 0.2889 -0.9548 -0.0701
vn 0.3228 -0.9376 -0.1294
vn 0.3001 -0.9512 -0.0717
vn -0.8403 0.011 0.5421
vn -0.7734 0.4247 0.4707
vn -0.7302 0.5612 0.3897
vn -0.7525 0.1655 0.6375
vn -0.7256 -0.2104 0.6552
vn -0.8022 0.3265 0.4999
vn -0.7306 0.5725 0.372
vn -0.6897 0.6512 0.3167
vn -0.769 0.561 0.3063
vn -0.7876 0.55 0.2779
vn -0.8104 0.4271 0.4012
vn -0.7587 0.5604 0.3321
vn -0.7597 0.5097 0.4039
vn -0.784 0.4134 0.4632
vn -0.821 0.0156 0.5707
vn -0.7758 0.2808 0.5651
vn -0.7892 -0.0368 0.613
vn -0.7497 0.3517 0.5605
vn -0.7314 -0.1843 0.6565
vn -0.7651 0.2501 0.5934
vn -0.8677 0.0956 0.4878
vn -0.4912 -0.6967 0.5228
vn -0.6042 -0.6146 0.5071
vn -0.7447 -0.1423 0.6521
vn -0.7647 0.1578 0.6248
vn -0.8201 0.0511 0.5699
vn -0.7547 -0.0588 0.6534
vn -0.8166 -0.2492 0.5207
vn -0.7726 -0.079 0.6299
vn -0.7776 -0.0348 0.6277
vn -0.7298 -0.2702 0.628
vn -0.6781 -0.4453 0.5847
vn -0.6364 -0.158 0.755
vn -0.3635 -0.8807 0.3037
vn -0.6464 -0.5853 0.4895
vn -0.2086 -0.9676 -0.1423
vn -0.7911 -0.4307 0.4344
vn -0.7803 -0.0166 0.6251
vn -0.7344 0.0111 0.6786
vn -0.7543 0.0285 0.6559
vn -0.7985 -0.1209 0.5898
vn -0.6057 0.1038 0.7889
vn -0.6058 -0.7915 0.0813
vn -0.7427 -0.6484 0.1669
vn -0.781 -0.4821 0.3971
vn -0.545 -0.8301 -0.1177
vn -0.6512 -0.7495 0.1191
vn -0.3217 -0.9273 -0.1912
vn -0.0846 -0.8463 -0.526
vn -0.306 -0.7607 -0.5725
vn -0.044 -0.8626 -0.504
vn 0.2967 -0.6862 -0.6641
vn 0.2823 -0.7699 -0.5724
vn 0.5453 -0.5262 -0.6525
vn -0.6765 -0.7361 -0.0222
vn -0.4242 -0.7561 -0.4984
vn -0.6552 -0.4582 0.6006
vn -0.738 -0.5862 0.3344
vn -0.7416 -0.3447 0.5755
vn -0.6824 -0.3789 0.6251
vn -0.535 -0.094 0.8396
vn -0.6881 -0.0556 0.7235
vn -0.6623 0.0386 0.7482
vn -0.4809 0.07 0.874
vn -0.6338 -0.2101 0.7444
vn -0.187 0.1413 0.9721
vn -0.5124 0.0023 0.8587
vn -0.3918 -0.001 0.9201
vn -0.0004 0.3235 0.9462
vn -0.548 0.0007 0.8365
vn -0.021 0.4407 0.8974
vn 0.2778 0.3938 0.8762
vn -0.2446 0.268 0.9318
vn -0.5939 -0.0786 0.8007
vn -0.4076 0.0962 0.9081
vn -0.1706 0.3126 0.9344
vn -0.0356 0.3297 0.9434
vn 0.2081 0.4868 0.8484
vn 0.1912 0.5389 0.8204
vn 0.3652 0.5658 0.7393
vn 0.3584 0.5698 0.7395
vn 0.6246 0.6222 0.4719
vn 0.5796 0.6413 0.5028
vn 0.7944 0.6014 0.085
vn 0.8228 0.365 -0.4357
vn 0.78 0.6033 0.1665
vn 0.5262 0.6614 0.5345
vn 0.8537 0.4836 -0.1933
vn 0.8034 0.5915 0.0691
vn 0.5447 0.6158 0.5692
vn 0.3105 0.5827 0.751
vn 0.4163 0.5725 0.7064
vn 0.7825 0.3378 -0.523
vn 0.5906 0.0979 -0.801
vn 0.7523 0.185 -0.6323
vn 0.4268 -0.0458 -0.9032
vn 0.3069 -0.1211 -0.944
vn 0.8885 0.4475 -0.101
vn -0.0493 -0.4337 -0.8997
vn 0.2198 -0.2649 -0.9389
vn 0.4466 -0.1591 -0.8805
vn 0.1937 -0.4274 -0.8831
vn 0.7787 0.0385 -0.6262
vn 0.5491 -0.2792 -0.7877
vn 0.3034 -0.5831 -0.7536
vn 0.5742 -0.3876 -0.7211
vn 0.7741 -0.0058 -0.633
vn 0.9139 0.2245 -0.3383
vn 0.7719 -0.2642 -0.5783
vn 0.8068 -0.0142 -0.5907
vn 0.9076 -0.0083 -0.4197
vn 0.9863 0.0415 -0.1597
vn 0.8963 0.2338 -0.3767
vn 0.8969 0.2082 -0.3902
vn 0.9384 0.2808 -0.2016
vn 0.9483 0.3157 0.0326
vn 0.9291 0.3695 0.0162
vn 0.9209 0.385 0.0609
vn 0.8634 0.4803 0.1544
vn 0.9076 0.3875 0.1617
vn 0.8451 0.4517 0.2859
vn 0.773 0.4281 0.4683
vn 0.73 0.395 0.5577
vn 0.7212 0.4323 0.5412
vn 0.7072 0.4888 0.5108
vn 0.7146 0.5431 0.4409
vn 0.6599 0.6284 0.4119
vn 0.5418 0.5123 0.6664
vn 0.5291 0.4211 0.7367
vn 0.3377 0.3447 0.8759
vn 0.3453 0.3638 0.8651
vn -0.0589 0.2664 0.9621
vn -0.2442 0.2107 0.9466
vn -0.5918 0.0169 0.8059
vn -0.1195 0.1333 0.9839
vn -0.4895 -0.0317 0.8714
vn -0.3134 -0.0025 0.9496
vn 0.4113 0.3388 0.8462
vn 0.1384 0.1959 0.9708
vn 0.5062 0.3783 0.775
vn 0.4893 0.3374 0.8042
vn 0.2714 0.2443 0.9309
vn -0.0245 0.1177 0.9927
vn -0.4098 -0.147 0.9002
vn -0.7098 0.626 0.3228
vn -0.6495 0.6931 0.3127
vn -0.6571 0.6954 0.2909
vn -0.815 0.3493 0.4624
vn -0.8138 -0.1564 0.5597
vn -0.7391 -0.336 0.5838
vn -0.7406 -0.3415 0.5787
vn -0.7796 -0.2295 0.5827
vn -0.8166 0.242 0.5241
vn -0.7987 0.1812 0.5738
vn -0.7496 -0.2926 0.5937
vn -0.7363 -0.3385 0.5859
vn -0.7381 -0.3434 0.5807
vn -0.7312 -0.3545 0.5828
vn 0.1065 -0.4878 -0.8664
vn 0.2062 -0.3673 -0.907
vn -0.1943 -0.5563 -0.808
vn -0.0698 -0.4384 -0.8961
vn -0.1365 -0.4898 -0.8611
vn 0.1474 -0.3142 -0.9378
vn -0.3241 -0.5823 -0.7456
vn -0.0512 -0.3243 -0.9446
vn 0.2657 -0.215 -0.9398
vn -0.3455 -0.6337 -0.6922
vn -0.469 -0.5867 -0.6602
vn -0.5514 -0.6168 -0.5617
vn -0.8081 -0.5363 -0.2437
vn -0.3422 -0.5317 -0.7747
vn -0.7203 -0.5196 -0.4595
vn -0.8705 -0.0389 0.4907
vn -0.8833 -0.4629 -0.0747
vn -0.5101 -0.5231 -0.6828
vn -0.332 -0.4928 -0.8043
vn -0.7908 -0.4973 -0.3568
vn -0.9273 -0.2945 0.2308
vn -0.1757 -0.4114 -0.8944
vn -0.2758 -0.444 -0.8525
vn -0.2795 -0.4 -0.8729
vn -0.4466 -0.4753 -0.7581
vn -0.5703 -0.5146 -0.6403
vn -0.4805 -0.434 -0.7621
vn -0.246 -0.3787 -0.8922
vn -0.6405 -0.482 -0.5978
vn -0.8143 -0.4606 -0.3532
vn -0.9016 -0.4281 -0.0621
vn -0.8206 -0.2899 0.4924
vn -0.8346 -0.1948 0.5152
vn -0.9164 -0.3985 -0.0369
vn -0.8215 -0.4419 -0.3605
vn -0.6865 -0.4348 -0.5829
vn -0.9313 -0.2731 0.2412
vn -0.8285 -0.4334 -0.3546
vn -0.4654 -0.4286 -0.7744
vn -0.6771 -0.4195 -0.6046
vn -0.8994 -0.3935 -0.1904
vn -0.528 -0.4247 -0.7354
vn -0.3682 -0.3901 -0.8439
vn -0.7021 -0.4322 -0.5659
vn -0.5382 -0.413 -0.7347
vn -0.7338 -0.4591 -0.5007
vn -0.9377 -0.3404 0.0693
vn -0.8309 -0.1703 0.5298
vn -0.7937 -0.0952 0.6008
vn -0.7727 -0.0027 0.6347
vn -0.7621 -0.1555 0.6285
vn -0.8397 -0.1489 0.5223
vn -0.7674 -0.0696 0.6374
vn -0.797 -0.2028 0.5689
vn -0.8376 -0.191 0.5119
vn -0.8577 -0.2108 0.4689
vn -0.8601 -0.2205 0.46
vn -0.8088 -0.1925 0.5556
vn -0.8511 -0.2251 0.4744
vn -0.854 -0.2172 0.4727
vn -0.8518 -0.2195 0.4757
vn -0.8587 -0.2125 0.4664
vn -0.8467 -0.2172 0.4857
vn -0.8472 -0.2268 0.4804
vn -0.8255 -0.1943 0.5299
vn -0.8402 -0.2388 0.4868
vn -0.8325 -0.2249 0.5063
vn -0.8001 -0.153 0.58
vn -0.8262 -0.2555 0.5022
vn -0.7562 0.0665 0.651
vn -0.8066 -0.2153 0.5504
vn -0.6886 0.2136 0.693
vn -0.7397 -0.0385 0.6719
vn -0.6266 0.2341 0.7433
vn -0.5753 0.3472 0.7406
vn -0.7362 0.0675 0.6733
vn -0.6217 0.3484 0.7015
vn -0.734 0.0967 0.6722
vn -0.6441 0.3313 0.6895
vn -0.7833 -0.1838 0.5939
vn -0.828 -0.2556 0.4991
vn -0.816 -0.203 0.5413
vn -0.8205 -0.2721 0.5028
vn -0.8354 -0.2433 0.4928
vn -0.8433 -0.2292 0.486
vn -0.8474 -0.2232 0.4818
vn -0.8464 -0.2265 0.4819
vn -0.8379 -0.2346 0.4929
vn -0.8378 -0.2336 0.4935
vn -0.8512 -0.2165 0.4781
vn -0.8489 -0.2177 0.4816
vn -0.8505 -0.2123 0.4813
vn -0.8558 -0.2058 0.4747
vn -0.8552 -0.2074 0.475
vn -0.8558 -0.203 0.4759
vn -0.8544 -0.2103 0.4751
vn -0.8583 -0.1974 0.4737
vn -0.8611 -0.1973 0.4685
vn -0.8617 -0.1961 0.468
vn -0.8616 -0.1886 0.4713
vn -0.8563 -0.1999 0.4763
vn -0.8642 -0.1842 0.4683
vn -0.8484 -0.1636 0.5034
vn -0.8632 -0.1893 0.4681
vn -0.8639 -0.1917 0.4656
vn -0.8642 -0.1899 0.4659
vn -0.8654 -0.1872 0.4648
vn -0.8642 -0.1857 0.4676
vn -0.8678 -0.1789 0.4636
vn -0.8615 -0.181 0.4743
vn -0.8562 -0.194 0.4788
vn -0.8071 -0.2127 0.5508
vn -0.8078 -0.1813 0.5608
vn -0.816 -0.1205 0.5654
vn -0.8659 -0.1833 0.4654
vn -0.8236 -0.046 0.5653
vn -0.9 -0.2983 0.3177
vn -0.8856 -0.2599 0.3849
vn -0.9335 -0.3549 0.0505
vn -0.8296 -0.3527 0.4329
vn -0.8554 -0.4568 -0.2442
vn -0.8763 -0.4217 -0.2329
vn -0.7484 -0.418 -0.5149
vn -0.554 -0.4104 -0.7243
vn -0.7403 -0.3931 -0.5454
vn -0.5912 -0.4175 -0.69
vn -0.3403 -0.3785 -0.8608
vn -0.44 -0.3899 -0.809
vn -0.611 -0.414 -0.6747
vn -0.7277 -0.4313 -0.5333
vn -0.8035 -0.4225 -0.4193
vn -0.6019 -0.4058 -0.6878
vn -0.4631 -0.3915 -0.7952
vn -0.1952 -0.308 -0.9311
vn -0.3957 -0.3638 -0.8433
vn -0.6084 -0.3988 -0.6862
vn -0.8261 -0.4354 -0.3579
vn -0.9141 -0.3074 0.2645
vn -0.8767 -0.1405 0.4601
vn -0.9309 -0.365 -0.0125
vn -0.8455 -0.0173 0.5337
vn -0.7795 -0.0669 0.6228
vn -0.9273 -0.3492 0.1346
vn -0.7969 -0.3918 -0.4599
vn -0.6297 -0.4133 -0.6578
vn -0.8559 -0.157 0.4927
vn -0.8184 -0.1226 0.5615
vn -0.8699 -0.1746 0.4613
vn -0.5054 -0.383 -0.7732
vn -0.8676 -0.169 0.4677
vn -0.8691 -0.1718 0.4639
vn -0.8933 -0.2053 0.3999
vn -0.2964 -0.3261 -0.8977
vn -0.7829 -0.0918 0.6153
vn -0.5106 -0.3689 -0.7766
vn -0.6474 -0.4057 -0.6452
vn -0.7743 -0.4224 -0.4711
vn -0.8233 -0.4032 -0.3996
vn -0.934 -0.355 -0.0402
vn -0.6365 -0.4004 -0.6592
vn -0.651 -0.3819 -0.6561
vn -0.4855 -0.3879 -0.7835
vn -0.5102 -0.3858 -0.7687
vn -0.2246 -0.325 -0.9186
vn -0.3476 -0.3517 -0.8692
vn -0.576 -0.3709 -0.7285
vn -0.3959 -0.343 -0.8519
vn -0.2319 -0.2942 -0.9272
vn -0.1829 -0.2828 -0.9416
vn -0.7254 -0.3832 -0.5718
vn -0.391 -0.3208 -0.8627
vn -0.5964 -0.3492 -0.7228
vn -0.3648 -0.2802 -0.8879
vn -0.7722 -0.37 -0.5166
vn 0.0169 -0.2567 -0.9663
vn 0.0963 -0.2228 -0.9701
vn 0.3203 -0.1255 -0.939
vn 0.1085 -0.2056 -0.9726
vn 0.1848 -0.1643 -0.9689
vn 0.3471 -0.0943 -0.9331
vn 0.296 -0.1185 -0.9478
vn 0.204 -0.1723 -0.9637
vn -0.0129 -0.2322 -0.9726
vn -0.0715 -0.2469 -0.9664
vn 0.0698 -0.2227 -0.9724
vn -0.1171 -0.2924 -0.9491
vn 0.1334 -0.1958 -0.9715
vn 0.0263 -0.2443 -0.9694
vn 0.2087 -0.1835 -0.9606
vn -0.0597 -0.2605 -0.9636
vn 0.0531 -0.2318 -0.9713
vn -0.2455 -0.3355 -0.9095
vn -0.1507 -0.3175 -0.9362
vn -0.1009 -0.3015 -0.9481
vn 0.1388 -0.2048 -0.9689
vn -0.1826 -0.3367 -0.9237
vn 0.0179 -0.2764 -0.9609
vn 0.2446 -0.186 -0.9516
vn -0.2149 -0.332 -0.9185
vn -0.0433 -0.2988 -0.9533
vn 0.0389 -0.2805 -0.9591
vn 0.3303 -0.1704 -0.9284
vn 0.5014 -0.1949 -0.843
vn 0.4913 -0.2122 -0.8448
vn 0.502 -0.1671 -0.8486
vn 0.5086 -0.1679 -0.8445
vn 0.4379 -0.1522 -0.8861
vn 0.4399 -0.1593 -0.8838
vn 0.4663 -0.142 -0.8732
vn 0.4931 -0.1349 -0.8595
vn 0.4652 -0.1394 -0.8742
vn 0.4643 -0.1193 -0.8776
vn 0.4428 -0.1356 -0.8863
vn 0.4109 -0.1081 -0.9053
vn 0.4431 -0.112 -0.8895
vn 0.4276 -0.0949 -0.899
vn 0.3566 -0.1276 -0.9255
vn 0.2751 -0.143 -0.9507
vn 0.4039 -0.0912 -0.9102
vn 0.3847 -0.0936 -0.9183
vn 0.4329 -0.085 -0.8974
vn 0.4119 -0.0954 -0.9062
vn 0.4237 -0.082 -0.9021
vn 0.416 -0.0666 -0.9069
vn 0.405 -0.0725 -0.9114
vn 0.3888 -0.0957 -0.9163
vn 0.3772 -0.12 -0.9183
vn 0.4172 -0.0615 -0.9067
vn 0.4316 -0.0735 -0.8991
vn 0.3635 -0.0866 -0.9275
vn 0.3454 -0.1134 -0.9316
vn 0.3404 -0.0728 -0.9374
vn 0.3852 -0.0596 -0.9209
vn 0.4107 -0.0505 -0.9104
vn 0.3109 -0.1036 -0.9448
vn 0.2845 -0.1179 -0.9514
vn 0.2798 -0.095 -0.9553
vn 0.3084 -0.0689 -0.9488
vn 0.3601 -0.0473 -0.9317
vn 0.4356 -0.0524 -0.8986
vn 0.4329 -0.0351 -0.9008
vn 0.3929 -0.0555 -0.9179
vn 0.3407 -0.1076 -0.934
vn 0.3092 -0.116 -0.9439
vn 0.4093 -0.0868 -0.9083
vn 0.4221 -0.0474 -0.9053
vn 0.4471 -0.0503 -0.893
vn 0.4527 -0.05 -0.8903
vn 0.4389 -0.0237 -0.8982
vn 0.4005 -0.0354 -0.9156
vn 0.3874 -0.0205 -0.9217
vn 0.3288 -0.0339 -0.9438
vn 0.2812 -0.0514 -0.9583
vn 0.3791 0.0022 -0.9254
vn 0.3109 -0.0121 -0.9504
vn 0.4389 -0.0039 -0.8985
vn 0.3721 0.0496 -0.9269
vn 0.2683 -0.0185 -0.9631
vn 0.4534 -0.0205 -0.8911
vn 0.4758 -0.035 -0.8788
vn 0.4631 0.0007 -0.8863
vn 0.4341 -0.0434 -0.8998
vn 0.4917 -0.0057 -0.8708
vn 0.485 -0.0484 -0.8732
vn 0.4461 0.035 -0.8943
vn 0.4813 0.0428 -0.8755
vn 0.5151 0.0391 -0.8562
vn 0.4649 0.1097 -0.8785
vn 0.4223 -0.0911 -0.9019
vn 0.247 -0.1172 -0.9619
vn 0.4848 -0.0418 -0.8736
vn 0.3363 -0.0447 -0.9407
vn 0.4667 0.0666 -0.8819
vn 0.3868 0.1378 -0.9118
vn 0.5282 -0.0014 -0.8491
vn 0.5267 0.008 -0.85
vn 0.5642 0.0231 -0.8253
vn 0.5682 0.0687 -0.8201
vn 0.3809 0.0181 -0.9244
vn 0.5575 0.0824 -0.8261
vn 0.3962 0.1162 -0.9108
vn 0.5896 0.0832 -0.8034
vn 0.5069 0.0975 -0.8564
vn 0.4785 0.2055 -0.8537
vn 0.5424 0.1584 -0.8251
vn 0.6012 0.1706 -0.7807
vn 0.5141 0.2923 -0.8064
vn 0.4469 0.235 -0.8632
vn 0.5856 0.2417 -0.7737
vn 0.6216 0.1536 -0.7682
vn 0.6258 0.2573 -0.7363
vn 0.565 0.3774 -0.7337
vn 0.5988 0.1575 -0.7852
vn 0.6476 0.2164 -0.7306
vn 0.609 0.2291 -0.7594
vn 0.4135 0.1783 -0.8929
vn 0.4202 0.2786 -0.8636
vn 0.3976 0.3275 -0.8571
vn 0.6213 0.3392 -0.7063
vn 0.6545 0.3186 -0.6857
vn 0.6672 0.278 -0.6911
vn 0.6818 0.2955 -0.6692
vn 0.6707 0.373 -0.6411
vn 0.618 0.427 -0.6601
vn 0.6231 0.2735 -0.7327
vn 0.6027 0.3209 -0.7306
vn 0.2801 0.4661 -0.8392
vn 0.4308 0.4827 -0.7625
vn 0.6755 0.3226 -0.6631
vn 0.5868 0.4702 -0.6593
vn 0.7287 0.3313 -0.5993
vn 0.7081 0.3577 -0.6088
vn 0.7358 0.3897 -0.5538
vn 0.4017 0.6467 -0.6484
vn 0.5211 0.5842 -0.6222
vn 0.5719 0.6404 -0.5127
vn 0.6691 0.41 -0.6198
vn 0.7295 0.376 -0.5713
vn 0.7037 0.3996 -0.5875
vn 0.7019 0.4334 -0.5652
vn 0.6647 0.4416 -0.6027
vn 0.7253 0.4436 -0.5265
vn 0.7631 0.3633 -0.5345
vn 0.7574 0.4051 -0.512
vn 0.772 0.3881 -0.5035
vn 0.657 0.5927 -0.4659
vn 0.6883 0.4837 -0.5406
vn 0.6316 0.4874 -0.6029
vn 0.6642 0.524 -0.5332
vn 0.5606 0.4713 -0.6809
vn 0.6404 0.5386 -0.5475
vn 0.6017 0.5511 -0.5781
vn 0.4974 0.3525 -0.7927
vn 0.5266 0.495 -0.6911
vn 0.4727 0.4025 -0.7839
vn 0.3774 0.2831 -0.8817
vn 0.5308 0.55 -0.6448
vn 0.3215 0.1512 -0.9348
vn 0.4547 0.4299 -0.78
vn 0.3919 0.296 -0.8711
vn 0.285 0.0547 -0.957
vn 0.352 0.2385 -0.9051
vn 0.4813 0.4353 -0.7608
vn 0.5254 0.5522 -0.6474
vn 0.2554 0.076 -0.9639
vn 0.2397 -0.0046 -0.9708
vn 0.295 0.1275 -0.947
vn 0.228 -0.0714 -0.9711
vn 0.2406 -0.0994 -0.9655
vn 0.2282 -0.0575 -0.9719
vn 0.286 0.0848 -0.9545
vn 0.2587 -0.1166 -0.9589
vn 0.2393 -0.1092 -0.9648
vn 0.2459 -0.1406 -0.959
vn 0.2593 -0.1491 -0.9542
vn 0.26 -0.1539 -0.9533
vn 0.2655 -0.1672 -0.9495
vn 0.2511 -0.1469 -0.9568
vn 0.2456 -0.1835 -0.9518
vn 0.2662 -0.016 -0.9638
vn 0.275 -0.0797 -0.9581
vn 0.2827 0.0208 -0.959
vn 0.3281 0.1428 -0.9338
vn 0.397 0.2547 -0.8818
vn 0.4045 0.3424 -0.8481
vn 0.3422 0.0949 -0.9348
vn 0.2959 -0.0442 -0.9542
vn 0.4117 0.2017 -0.8887
vn 0.4581 0.3522 -0.8162
vn 0.2695 -0.1509 -0.9511
vn 0.2771 -0.2041 -0.9389
vn 0.3036 -0.1415 -0.9422
vn 0.2876 -0.2094 -0.9346
vn 0.356 0.022 -0.9342
vn 0.3238 -0.192 -0.9264
vn 0.2925 -0.235 -0.9269
vn 0.3604 -0.0327 -0.9322
vn 0.375 -0.0424 -0.926
vn 0.4228 0.0895 -0.9018
vn 0.4989 0.3254 -0.8032
vn 0.301 -0.2544 -0.9191
vn 0.2907 -0.2422 -0.9257
vn 0.2939 -0.2189 -0.9304
vn 0.2688 -0.2032 -0.9415
vn 0.285 -0.1774 -0.942
vn 0.306 -0.2438 -0.9203
vn 0.3017 -0.1844 -0.9354
vn 0.3062 -0.2181 -0.9267
vn 0.3222 -0.1798 -0.9294
vn 0.3072 -0.2587 -0.9158
vn 0.3178 -0.248 -0.9151
vn 0.3161 -0.2669 -0.9104
vn 0.3232 -0.2236 -0.9195
vn 0.3274 -0.2767 -0.9035
vn 0.3335 -0.2545 -0.9078
vn 0.3295 -0.2897 -0.8986
vn 0.3238 -0.2803 -0.9037
vn 0.3173 -0.2722 -0.9084
vn 0.3441 -0.2947 -0.8915
vn 0.3053 -0.2686 -0.9136
vn 0.3244 -0.2753 -0.905
vn 0.3111 -0.2498 -0.917
vn 0.3378 -0.2359 -0.9112
vn 0.3452 -0.3031 -0.8882
vn 0.3648 -0.2685 -0.8916
vn 0.3813 -0.314 -0.8695
vn 0.3692 -0.2983 -0.8802
vn 0.3465 -0.312 -0.8847
vn 0.3805 -0.3198 -0.8678
vn 0.3596 -0.3163 -0.8778
vn 0.4069 -0.2844 -0.8681
vn 0.3417 -0.3018 -0.89
vn 0.3566 -0.3392 -0.8705
vn 0.3293 -0.2817 -0.9012
vn 0.3453 -0.2764 -0.8969
vn 0.3584 -0.3422 -0.8686
vn 0.3758 -0.3671 -0.8509
vn 0.3263 -0.3037 -0.8951
vn 0.3508 -0.3316 -0.8758
vn 0.3484 -0.2859 -0.8927
vn 0.3578 -0.2972 -0.8852
vn 0.3487 -0.2626 -0.8997
vn 0.3426 -0.2305 -0.9108
vn 0.3668 -0.2296 -0.9015
vn 0.3398 -0.1972 -0.9196
vn 0.3609 -0.2062 -0.9095
vn 0.3668 -0.1793 -0.9128
vn 0.374 -0.2671 -0.8881
vn 0.3828 -0.2067 -0.9004
vn 0.4009 -0.1847 -0.8973
vn 0.4156 -0.2171 -0.8832
vn 0.4279 -0.1845 -0.8848
vn 0.4025 -0.2383 -0.8839
vn 0.4536 -0.1952 -0.8696
vn 0.4539 -0.2326 -0.8601
vn 0.4199 -0.2824 -0.8625
vn 0.4644 -0.1633 -0.8704
vn 0.4697 -0.1972 -0.8605
vn 0.4447 -0.1505 -0.883
vn 0.4135 -0.1627 -0.8959
vn 0.4758 -0.25 -0.8433
vn 0.4684 -0.3202 -0.8234
vn 0.449 -0.2903 -0.8451
vn 0.4453 -0.3327 -0.8313
vn 0.4273 -0.3903 -0.8155
vn 0.4104 -0.3323 -0.8492
vn 0.4007 -0.2849 -0.8708
vn 0.384 -0.3196 -0.8663
vn 0.4007 -0.3696 -0.8384
vn 0.3988 -0.4218 -0.8143
vn 0.3699 -0.3209 -0.8719
vn 0.3747 -0.3661 -0.8518
vn 0.3601 -0.3458 -0.8665
vn 0.3943 -0.4783 -0.7847
vn 0.3761 -0.4018 -0.8349
vn 0.3837 -0.4598 -0.8009
vn 0.3711 -0.3948 -0.8405
vn 0.3666 -0.3696 -0.8538
vn 0.3794 -0.4372 -0.8155
vn 0.3772 -0.4198 -0.8256
vn 0.3813 -0.3925 -0.837
vn 0.3814 -0.4821 -0.7887
vn 0.3811 -0.5099 -0.7712
vn 0.3802 -0.5257 -0.761
vn 0.3824 -0.4585 -0.8022
vn 0.3802 -0.5407 -0.7504
vn 0.3834 -0.5039 -0.774
vn 0.3877 -0.5598 -0.7324
vn 0.3799 -0.5656 -0.732
vn 0.3799 -0.5606 -0.7358
vn 0.3917 -0.4381 -0.8091
vn 0.3864 -0.5345 -0.7517
vn 0.3796 -0.5612 -0.7355
vn 0.3779 -0.5662 -0.7326
vn 0.3804 -0.5853 -0.7161
vn 0.3975 -0.4766 -0.7841
vn 0.3991 -0.516 -0.7579
vn 0.3923 -0.5505 -0.7369
vn 0.3856 -0.6064 -0.6954
vn 0.4121 -0.4545 -0.7897
vn 0.4035 -0.5449 -0.735
vn 0.4069 -0.5852 -0.7014
vn 0.3933 -0.5884 -0.7065
vn 0.4242 -0.5301 -0.7342
vn 0.4142 -0.4927 -0.7653
vn 0.4367 -0.4708 -0.7666
vn 0.4068 -0.6238 -0.6674
vn 0.4242 -0.5671 -0.706
vn 0.4132 -0.6719 -0.6147
vn 0.4344 -0.5965 -0.6749
vn 0.453 -0.5434 -0.7067
vn 0.4518 -0.5052 -0.7353
vn 0.4559 -0.4461 -0.7702
vn 0.4395 -0.4206 -0.7937
vn 0.4536 -0.485 -0.7477
vn 0.4693 -0.5339 -0.7034
vn 0.4632 -0.5116 -0.7237
vn 0.4757 -0.4524 -0.7543
vn 0.4779 -0.435 -0.7631
vn 0.4797 -0.5108 -0.7134
vn 0.4891 -0.4841 -0.7256
vn 0.4847 -0.448 -0.7513
vn 0.4643 -0.571 -0.677
vn 0.4867 -0.5506 -0.6782
vn 0.5021 -0.5208 -0.6904
vn 0.4621 -0.6181 -0.636
vn 0.4819 -0.6036 -0.6352
vn 0.4302 -0.6483 -0.6282
vn 0.4739 -0.6546 -0.5889
vn 0.4095 -0.7216 -0.5583
vn 0.4456 -0.6853 -0.576
vn 0.5082 -0.5762 -0.6401
vn 0.5117 -0.5339 -0.6731
vn 0.5327 -0.5113 -0.6743
vn 0.5147 -0.513 -0.687
vn 0.4986 -0.4688 -0.7292
vn 0.4998 -0.4696 -0.7278
vn 0.5041 -0.4726 -0.7229
vn 0.5054 -0.4734 -0.7214
vn 0.5392 -0.4698 -0.699
vn 0.551 -0.4535 -0.7005
vn 0.52 -0.4277 -0.7394
vn 0.5753 -0.4883 -0.6562
vn 0.5094 -0.4127 -0.7551
vn 0.542 -0.528 -0.6538
vn 0.4936 -0.6323 -0.5971
vn 0.5286 -0.5896 -0.6107
vn 0.5051 -0.616 -0.6045
vn 0.5475 -0.5734 -0.6094
vn 0.5009 -0.6725 -0.5449
vn 0.5169 -0.6378 -0.571
vn 0.5363 -0.6271 -0.565
vn 0.5997 -0.5152 -0.6123
vn 0.563 -0.5904 -0.5783
vn 0.523 -0.6774 -0.5173
vn 0.5005 -0.7192 -0.4819
vn 0.5504 -0.6569 -0.5153
vn 0.5033 -0.7537 -0.4226
vn 0.5344 -0.7177 -0.4464
vn 0.5849 -0.6216 -0.521
vn 0.5605 -0.686 -0.4639
vn 0.5873 -0.5771 -0.5675
vn 0.6161 -0.6509 -0.4436
vn 0.6227 -0.5908 -0.5131
vn 0.6442 -0.5319 -0.5496
vn 0.6931 -0.4367 -0.5735
vn 0.6618 -0.593 -0.4586
vn 0.7189 -0.5223 -0.4587
vn 0.761 -0.4269 -0.4886
vn 0.8111 -0.4961 -0.3099
vn 0.8521 -0.3688 -0.3714
vn 0.8889 -0.2409 -0.3897
vn 0.7338 -0.5876 -0.3409
vn 0.6572 -0.6736 -0.3382
vn 0.5696 -0.7164 -0.4031
vn 0.5319 -0.7703 -0.3517
vn 0.594 -0.7455 -0.3021
vn 0.4998 -0.788 -0.3596
vn 0.5323 -0.8099 -0.2466
vn 0.4812 -0.8297 -0.2827
vn 0.4583 -0.8226 -0.3366
vn 0.4758 -0.8573 -0.1965
vn 0.4602 -0.8795 -0.1216
vn 0.4567 -0.7892 -0.4105
vn 0.4661 -0.7424 -0.4812
vn 0.4452 -0.7801 -0.4396
vn 0.4707 -0.7019 -0.5347
vn 0.4558 -0.7227 -0.5196
vn 0.4366 -0.7585 -0.4838
vn 0.3842 -0.7065 -0.5943
vn 0.5221 -0.8395 -0.1508
vn 0.6224 -0.7575 -0.197
vn 0.7167 -0.6634 -0.2151
vn 0.6706 -0.7401 -0.0502
vn 0.4591 -0.8871 -0.0483
vn 0.8093 -0.5459 -0.2169
vn 0.4656 -0.8842 0.0367
vn 0.539 -0.8419 -0.0263
vn 0.9073 -0.388 -0.162
vn 0.484 -0.8704 0.0902
vn 0.6145 -0.7835 0.0924
vn 0.7519 -0.6508 0.1052
vn 0.7252 -0.6501 0.2271
vn 0.8063 -0.5524 0.2115
vn 0.7966 -0.6028 -0.0468
vn 0.8658 -0.4832 0.1299
vn 0.8738 -0.485 -0.0336
vn 0.9179 -0.3756 0.1276
vn 0.9751 -0.219 0.0358
vn 0.9275 -0.2847 0.2424
vn 0.8991 -0.3558 0.2549
vn 0.8438 -0.459 0.2779
vn 0.9745 -0.128 0.1842
vn 0.9497 -0.1135 0.2919
vn 0.9071 -0.2852 0.3096
vn 0.7617 -0.5882 0.2719
vn 0.8717 -0.3623 0.3298
vn 0.6961 -0.6735 0.2488
vn 0.8267 -0.4705 0.3086
vn 0.7544 -0.6023 0.261
vn 0.8352 -0.4817 0.2653
vn 0.8726 -0.3707 0.318
vn 0.893 -0.2949 0.3398
vn 0.931 -0.1279 0.342
vn 0.9319 -0.1386 0.3351
vn 0.9445 -0.0912 0.3155
vn 0.9443 0.0804 0.3191
vn 0.9046 -0.2965 0.3061
vn 0.8997 -0.3597 0.2471
vn 0.9494 -0.12 0.2903
vn 0.9372 -0.1187 0.3279
vn 0.9399 0.0781 0.3324
vn 0.9382 0.0839 0.3359
vn 0.9413 -0.2601 0.215
vn 0.9461 0.0975 0.309
vn 0.9685 -0.0653 0.2401
vn 0.987 -0.095 0.1295
vn 0.9111 0.2662 0.3148
vn 0.9552 0.1282 0.2668
vn 0.9835 -0.1715 -0.0574
vn 0.9985 0.0335 0.0422
vn 0.9814 0.0685 0.1796
vn 0.9212 0.2718 0.2783
vn 0.9575 0.1932 0.2144
vn 0.9753 0.1864 0.1186
vn 0.9848 0.1732 0.0128
vn 0.9347 0.2777 0.2219
vn 0.9486 0.2759 0.1552
vn 0.8921 0.3656 0.2656
vn 0.93 0.338 0.1446
vn 0.948 0.3032 0.0963
vn 0.9057 0.3668 0.2123
vn 0.9609 0.27 0.0608
vn 0.9453 0.3169 0.0775
vn 0.8979 0.3177 0.3048
vn 0.877 0.3819 0.2915
vn 0.9294 0.3346 0.1557
vn 0.858 0.3559 0.3704
vn 0.8682 0.326 0.3741
vn 0.9281 0.3388 0.1542
vn 0.8524 0.3472 0.3911
vn 0.9322 0.3423 0.1177
vn 0.9207 0.3501 0.1722
vn 0.8583 0.3696 0.3559
vn 0.9125 0.3849 0.1388
vn 0.9252 0.3623 0.1127
vn 0.9144 0.3733 0.1563
vn 0.8778 0.391 0.2766
vn 0.9163 0.3888 0.0963
vn 0.9106 0.3909 0.1343
vn 0.8843 0.3635 0.2932
vn 0.8785 0.387 0.28
vn 0.9155 0.3918 0.0917
vn 0.9127 0.4015 0.0759
vn 0.9038 0.4081 0.1287
vn 0.9085 0.412 0.0702
vn 0.9091 0.4084 0.0824
vn 0.7913 0.5049 0.3449
vn 0.8974 0.4284 0.1056
vn 0.8911 0.4234 0.163
vn 0.8894 0.4288 0.158
vn 0.8944 0.4085 0.182
vn 0.8772 0.4184 0.2355
vn 0.8715 0.3982 0.2862
vn 0.8665 0.447 0.2223
vn 0.8546 0.4455 0.2667
vn 0.8557 0.4235 0.2974
vn 0.8761 0.3698 0.3094
vn 0.9094 0.2635 0.3218
vn 0.8654 0.394 0.3095
vn 0.8452 0.4453 0.2957
vn 0.8451 0.4709 0.253
vn 0.858 0.4704 0.2065
vn 0.867 0.4614 0.1884
vn 0.8343 0.4736 0.2823
vn 0.8743 0.4513 0.1787
vn 0.8809 0.4495 0.1482
vn 0.8395 0.4838 0.2474
vn 0.8563 0.4758 0.2012
vn 0.8863 0.4481 0.117
vn 0.8312 0.4951 0.253
vn 0.8276 0.493 0.2684
vn 0.8272 0.4914 0.2724
vn 0.8253 0.5049 0.2529
vn 0.8372 0.4629 0.2914
vn 0.8553 0.4197 0.3039
vn 0.8299 0.4803 0.2841
vn 0.8812 0.3571 0.3097
vn 0.839 0.4569 0.2956
vn 0.881 0.3694 0.2957
vn 0.8635 0.417 0.2836
vn 0.864 0.4168 0.2823
vn 0.8636 0.417 0.2834
vn 0.9126 0.2673 0.3095
vn 0.8263 0.5083 0.2425
vn 0.8401 0.464 0.2811
vn 0.8314 0.4912 0.2596
vn 0.8645 0.4167 0.2812
vn 0.862 0.4277 0.272
vn 0.901 0.3295 0.2822
vn 0.8876 0.3782 0.2628
vn 0.9312 0.2136 0.2953
vn 0.9235 0.2728 0.2697
vn 0.9508 0.0978 0.294
vn 0.8609 0.4426 0.2508
vn 0.8441 0.4736 0.2514
vn 0.9646 0.0257 0.2626
vn 0.9512 0.1719 0.2563
vn 0.9767 0.0909 0.1945
vn 0.8479 0.4816 0.2217
vn 0.9245 0.2811 0.2573
vn 0.884 0.3983 0.2447
vn 0.9488 0.244 0.2005
vn 0.9099 0.3601 0.206
vn 0.9898 0.053 0.1323
vn 0.9596 0.2327 0.1582
vn 0.8688 0.456 0.1932
vn 0.9058 0.3987 0.1434
vn 0.9929 -0.1182 -0.0106
vn 0.9986 0.0322 0.0417
vn 0.8616 0.4876 0.1411
vn 0.991 0.123 0.0522
vn 0.9975 -0.0228 -0.0666
vn 0.9513 -0.2614 -0.1634
vn 0.9069 -0.3279 -0.2647
vn 0.9709 -0.1143 -0.2104
vn 0.982 0.1338 -0.1331
vn 0.9861 0.1655 -0.0166
vn 0.953 0.2914 0.0828
vn 0.9445 0.3283 -0.0082
vn 0.9064 0.4164 0.0705
vn 0.9524 0.0338 -0.3029
vn 0.9287 0.3616 -0.0817
vn 0.8739 -0.1073 -0.4741
vn 0.9255 0.3292 -0.1874
vn 0.888 0.4598 -0.0102
vn 0.915 0.2185 -0.339
vn 0.8729 0.4795 -0.0905
vn 0.8603 0.4849 -0.1576
vn 0.8372 0.5458 -0.0343
vn 0.8533 0.5182 0.0576
vn 0.8149 0.5668 -0.1214
vn 0.8271 0.5616 0.0235
vn 0.8371 0.5374 0.1025
vn 0.8102 0.5855 -0.0283
vn 0.8216 0.567 0.0594
vn 0.832 0.5313 0.1598
vn 0.8374 0.5106 0.195
vn 0.8312 0.513 0.2143
vn 0.8226 0.5582 0.1087
vn 0.8252 0.5245 0.2098
vn 0.8219 0.5516 0.1418
vn 0.8085 0.5867 0.0456
vn 0.8231 0.5188 0.2312
vn 0.8283 0.5056 0.2414
vn 0.8242 0.5263 0.2091
vn 0.8225 0.5419 0.1728
vn 0.815 0.5701 0.1034
vn 0.8191 0.5573 0.1358
vn 0.8068 0.5894 0.0419
vn 0.8193 0.5481 0.1685
vn 0.8152 0.5678 0.1141
vn 0.8237 0.5328 0.1938
vn 0.8262 0.5146 0.2294
vn 0.8195 0.5502 0.1602
vn 0.8409 0.4985 0.2104
vn 0.8322 0.5131 0.2103
vn 0.8225 0.5399 0.1787
vn 0.8173 0.5338 0.217
vn 0.8149 0.569 0.1103
vn 0.8698 0.4697 0.1511
vn 0.8505 0.4988 0.1669
vn 0.8608 0.4853 0.153
vn 0.8782 0.4663 0.1063
vn 0.8572 0.5015 0.1171
vn 0.8362 0.52 0.1744
vn 0.848 0.5142 0.1284
vn 0.8705 0.477 0.1217
vn 0.8697 0.4896 0.0622
vn 0.8897 0.4544 0.0439
vn 0.8801 0.4706 0.0624
vn 0.8679 0.4842 0.1112
vn 0.8676 0.4846 0.1118
vn 0.8682 0.4836 0.1111
vn 0.8927 0.4499 0.0253
vn 0.8741 0.4739 0.1065
vn 0.8817 0.4715 0.0204
vn 0.8542 0.5146 0.0736
vn 0.8579 0.5116 0.0475
vn 0.9009 0.4283 0.0702
vn 0.902 0.4291 0.0472
vn 0.8932 0.417 0.1681
vn 0.8668 0.4874 0.1057
vn 0.8964 0.4424 0.0285
vn 0.9121 0.4089 0.0298
vn 0.9091 0.4166 -0.0106
vn 0.8587 0.5121 -0.02
vn 0.9004 0.4291 0.0717
vn 0.8608 0.5089 -0.005
vn 0.8891 0.4536 0.0607
vn 0.8539 0.5131 -0.0872
vn 0.8786 0.4645 -0.1111
vn 0.8672 0.4966 -0.0367
vn 0.8446 0.5304 0.0736
vn 0.8475 0.5294 0.0398
vn 0.8425 0.5284 0.1047
vn 0.8441 0.533 -0.0582
vn 0.8435 0.5192 0.1375
vn 0.8343 0.5328 0.1416
vn 0.8327 0.5447 0.1
vn 0.822 0.5464 0.1607
vn 0.8152 0.5571 0.1586
vn 0.8081 0.5798 0.1042
vn 0.8189 0.558 0.1341
vn 0.8266 0.5488 0.1244
vn 0.8323 0.5492 0.0758
vn 0.8143 0.5731 0.0916
vn 0.8235 0.5616 0.0808
vn 0.8255 0.5612 0.0608
vn 0.8111 0.5749 0.1079
vn 0.8079 0.583 0.0861
vn 0.8035 0.5897 0.0818
vn 0.7979 0.5997 0.0615
vn 0.8071 0.5867 0.0662
vn 0.8004 0.5969 0.0565
vn 0.7915 0.6102 0.0346
vn 0.7868 0.6172 -0.0074
vn 0.7911 0.6116 0.0124
vn 0.8018 0.5957 0.0482
vn 0.7964 0.6046 0.0165
vn 0.8003 0.5977 0.0479
vn 0.7881 0.6155 -0.0009
vn 0.7744 0.6311 -0.0454
vn 0.7597 0.6419 -0.1039
vn 0.7768 0.6274 -0.054
vn 0.8078 0.588 0.0415
vn 0.792 0.6103 -0.016
vn 0.77 0.6328 -0.0815
vn 0.7823 0.6201 -0.0594
vn 0.724 0.6625 -0.1922
vn 0.768 0.6392 0.04
vn 0.7884 0.6134 -0.0461
vn 0.7954 0.6052 -0.0327
vn 0.7893 0.6043 -0.1092
vn 0.7727 0.6256 -0.1078
vn 0.7554 0.6413 -0.1346
vn 0.7946 0.573 -0.2008
vn 0.7627 0.6197 -0.1848
vn 0.8524 0.4682 -0.2329
vn 0.7863 0.55 -0.2814
vn 0.8588 0.374 -0.35
vn 0.8743 0.0638 -0.4812
vn 0.742 0.6456 -0.1805
vn 0.7502 0.6143 -0.2446
vn 0.7254 0.6465 -0.2363
vn 0.7532 0.5912 -0.2884
vn 0.8232 0.247 -0.5112
vn 0.825 0.317 -0.4679
vn 0.7705 0.5041 -0.3902
vn 0.7168 0.645 -0.265
vn 0.7024 0.6698 -0.2407
vn 0.7239 0.655 -0.2165
vn 0.8086 0.0124 -0.5883
vn 0.711 -0.165 -0.6836
vn 0.7437 -0.2005 -0.6378
vn 0.8181 -0.1489 -0.5555
vn 0.6902 -0.3348 -0.6415
vn 0.715 -0.3458 -0.6077
vn 0.8338 -0.272 -0.4804
vn 0.63 -0.4444 -0.6368
vn 0.5856 -0.4408 -0.6803
vn 0.6359 -0.3416 -0.6921
vn 0.5766 -0.4187 -0.7016
vn 0.5997 -0.3628 -0.7132
vn 0.5579 -0.4005 -0.7268
vn 0.5356 -0.395 -0.7464
vn 0.573 -0.3543 -0.739
vn 0.6433 -0.278 -0.7133
vn 0.77 0.0778 -0.6333
vn 0.6004 -0.2928 -0.7442
vn 0.5524 -0.3337 -0.7638
vn 0.5392 -0.3642 -0.7594
vn 0.5157 -0.3953 -0.7602
vn 0.577 -0.2693 -0.7711
vn 0.4926 -0.4076 -0.7689
vn 0.5248 -0.3563 -0.773
vn 0.5276 -0.3358 -0.7803
vn 0.4679 -0.4147 -0.7805
vn 0.4964 -0.358 -0.7908
vn 0.4995 -0.3768 -0.7801
vn 0.4625 -0.4006 -0.791
vn 0.4769 -0.3803 -0.7924
vn 0.5078 -0.3207 -0.7995
vn 0.4569 -0.3795 -0.8045
vn 0.4708 -0.3478 -0.8107
vn 0.5535 -0.2506 -0.7943
vn 0.4804 -0.3043 -0.8226
vn 0.53 -0.269 -0.8042
vn 0.6316 -0.1613 -0.7584
vn 0.6737 0.0319 -0.7383
vn 0.654 -0.1631 -0.7387
vn 0.7615 0.1986 -0.617
vn 0.691 0.0086 -0.7228
vn 0.7403 0.4749 -0.4757
vn 0.7101 0.6395 -0.2948
vn 0.6875 0.6622 -0.2979
vn 0.6933 0.6718 -0.2609
vn 0.6865 0.6745 -0.2716
vn 0.6838 0.68 -0.2644
vn 0.7321 0.47 -0.493
vn 0.6764 0.6837 -0.274
vn 0.6698 0.6875 -0.2804
vn 0.6804 0.6583 -0.3219
vn 0.6805 0.1463 -0.718
vn 0.6962 0.4261 -0.5777
vn 0.5762 -0.1554 -0.8024
vn 0.5043 -0.2438 -0.8284
vn 0.5517 -0.1282 -0.8241
vn 0.5931 0.0085 -0.8051
vn 0.4903 -0.2278 -0.8412
vn 0.458 -0.3089 -0.8335
vn 0.4511 -0.3308 -0.8289
vn 0.446 -0.2873 -0.8476
vn 0.4505 -0.3623 -0.816
vn 0.4192 -0.3192 -0.8499
vn 0.4207 -0.3368 -0.8424
vn 0.4332 -0.374 -0.82
vn 0.4396 -0.3932 -0.8076
vn 0.3986 -0.3557 -0.8453
vn 0.3943 -0.3576 -0.8466
vn 0.3966 -0.3566 -0.8459
vn 0.4101 -0.3682 -0.8344
vn 0.3991 -0.3555 -0.8452
vn 0.4025 -0.3955 -0.8256
vn 0.4209 -0.3992 -0.8146
vn 0.4121 -0.4157 -0.8108
vn 0.4756 -0.2353 -0.8476
vn 0.4645 -0.1608 -0.8708
vn 0.5272 -0.1231 -0.8408
vn 0.6312 0.1532 -0.7603
vn 0.443 -0.2081 -0.872
vn 0.6235 0.1803 -0.7607
vn 0.6995 0.4141 -0.5824
vn 0.6763 0.6442 -0.3572
vn 0.68 0.5579 -0.4758
vn 0.6705 0.6857 -0.2832
vn 0.6635 0.6834 -0.3044
vn 0.6647 0.6926 -0.2801
vn 0.653 0.6998 -0.2896
vn 0.6809 0.5428 -0.4917
vn 0.6728 0.6747 -0.3036
vn 0.6627 0.6671 -0.3403
vn 0.6574 0.6967 -0.2873
vn 0.6651 0.6907 -0.2837
vn 0.6738 0.6855 -0.2758
vn 0.6708 0.6855 -0.2832
vn 0.6604 0.6935 -0.288
vn 0.6784 0.6807 -0.2765
vn 0.6651 0.6867 -0.2934
vn 0.6595 0.6912 -0.2953
vn 0.6512 0.7028 -0.2862
vn 0.6527 0.7015 -0.2862
vn 0.6509 0.6983 -0.2977
vn 0.6573 0.6914 -0.2999
vn 0.6505 0.7046 -0.2835
vn 0.6484 0.6972 -0.3057
vn 0.6428 0.7056 -0.2984
vn 0.6417 0.7028 -0.3071
vn 0.6573 0.685 -0.3142
vn 0.6483 0.6921 -0.3173
vn 0.6399 0.701 -0.3149
vn 0.6384 0.706 -0.3067
vn 0.6372 0.7122 -0.2945
vn 0.6314 0.7075 -0.3175
vn 0.6319 0.713 -0.3038
vn 0.6349 0.7158 -0.2907
vn 0.6645 0.6651 -0.3407
vn 0.6491 0.6838 -0.3332
vn 0.677 0.6583 -0.3292
vn 0.6808 0.6318 -0.3706
vn 0.6791 0.6322 -0.373
vn 0.6398 0.6968 -0.3242
vn 0.6654 0.6457 -0.3746
vn 0.6579 0.6764 -0.3312
vn 0.6297 0.7105 -0.3141
vn 0.6475 0.6888 -0.326
vn 0.6513 0.6742 -0.3483
vn 0.6286 0.718 -0.299
vn 0.6281 0.7139 -0.3096
vn 0.6372 0.6978 -0.3271
vn 0.667 0.6495 -0.3649
vn 0.6614 0.6619 -0.3528
vn 0.6197 0.7257 -0.2989
vn 0.6284 0.7118 -0.3138
vn 0.6695 0.6323 -0.3899
vn 0.6219 0.7186 -0.3113
vn 0.6266 0.7119 -0.3172
vn 0.6282 0.7135 -0.3104
vn 0.6374 0.6965 -0.3295
vn 0.6474 0.6796 -0.345
vn 0.6593 0.6542 -0.3705
vn 0.6486 0.6705 -0.3601
vn 0.6704 0.621 -0.4061
vn 0.6588 0.6373 -0.3998
vn 0.6614 0.6327 -0.4028
vn 0.6733 0.6167 -0.4078
vn 0.6756 0.6207 -0.3978
vn 0.6812 0.6279 -0.3763
vn 0.6373 0.6875 -0.3483
vn 0.6456 0.6651 -0.3754
vn 0.6326 0.7027 -0.3256
vn 0.632 0.6888 -0.3552
vn 0.6486 0.6524 -0.392
vn 0.6337 0.6996 -0.3301
vn 0.6323 0.7029 -0.3257
vn 0.6249 0.7158 -0.3116
vn 0.6589 0.6256 -0.4177
vn 0.6237 0.7069 -0.3335
vn 0.6345 0.674 -0.3783
vn 0.6526 0.6384 -0.4081
vn 0.6203 0.6964 -0.3609
vn 0.616 0.7083 -0.3448
vn 0.6128 0.7094 -0.3482
vn 0.6236 0.6877 -0.3718
vn 0.6316 0.6637 -0.4007
vn 0.6184 0.6972 -0.3627
vn 0.6537 0.6353 -0.4111
vn 0.6515 0.6417 -0.4046
vn 0.6519 0.6405 -0.4059
vn 0.6549 0.6464 -0.3914
vn 0.6036 0.7006 -0.3807
vn 0.5952 0.6922 -0.4082
vn 0.654 0.6347 -0.4118
vn 0.6374 0.6508 -0.4125
vn 0.6288 0.6642 -0.4042
vn 0.6457 0.6375 -0.4203
vn 0.658 0.6135 -0.4367
vn 0.6668 0.6041 -0.4364
vn 0.6702 0.5889 -0.4518
vn 0.6229 0.6364 -0.4549
vn 0.599 0.6993 -0.3901
vn 0.6252 0.6698 -0.4007
vn 0.5761 0.6639 -0.4768
vn 0.5772 0.6732 -0.4622
vn 0.5466 0.6069 -0.5771
vn 0.5452 0.6142 -0.5705
vn 0.6783 0.5795 -0.4518
vn 0.6494 0.606 -0.4594
vn 0.6858 0.5722 -0.4497
vn 0.6983 0.5421 -0.4674
vn 0.675 0.5917 -0.4408
vn 0.6723 0.5964 -0.4385
vn 0.6675 0.611 -0.4256
vn 0.6769 0.5994 -0.4271
vn 0.6804 0.5781 -0.4504
vn 0.6834 0.5886 -0.4318
vn 0.6842 0.5854 -0.435
vn 0.6967 0.5632 -0.4443
vn 0.6802 0.6074 -0.4104
vn 0.6882 0.5889 -0.4238
vn 0.6832 0.5966 -0.4211
vn 0.6987 0.568 -0.435
vn 0.6832 0.605 -0.4088
vn 0.6829 0.6191 -0.3876
vn 0.6904 0.6085 -0.3913
vn 0.6924 0.6129 -0.3807
vn 0.6953 0.5979 -0.3988
vn 0.701 0.5794 -0.4158
vn 0.689 0.6031 -0.402
vn 0.6922 0.5988 -0.4028
vn 0.6923 0.599 -0.4024
vn 0.6887 0.6032 -0.4023
vn 0.6951 0.6083 -0.3831
vn 0.6972 0.6118 -0.3736
vn 0.6842 0.6231 -0.3789
vn 0.692 0.618 -0.3731
vn 0.6981 0.6171 -0.363
vn 0.6918 0.625 -0.3616
vn 0.6892 0.6275 -0.3624
vn 0.6905 0.6263 -0.3619
vn 0.6985 0.6175 -0.3616
vn 0.6916 0.6253 -0.3615
vn 0.7016 0.6266 -0.3392
vn 0.6883 0.6487 -0.3246
vn 0.7027 0.6248 -0.3403
vn 0.7016 0.6298 -0.3332
vn 0.7003 0.6235 -0.3475
vn 0.7051 0.6221 -0.3403
vn 0.7075 0.6283 -0.3237
vn 0.666 0.6836 -0.2985
vn 0.6669 0.6866 -0.2896
vn 0.6787 0.6732 -0.2937
vn 0.6713 0.6851 -0.2828
vn 0.7004 0.6417 -0.3124
vn 0.7122 0.6351 -0.2989
vn 0.6756 0.682 -0.2802
vn 0.6805 0.6799 -0.2733
vn 0.6893 0.6754 -0.262
vn 0.6964 0.6735 -0.2479
vn 0.6952 0.6741 -0.2497
vn 0.7076 0.6663 -0.2352
vn 0.7168 0.6626 -0.2172
vn 0.723 0.6615 -0.1991
vn 0.7484 0.6448 -0.1554
vn 0.7348 0.6549 -0.1766
vn 0.6887 0.6766 -0.2605
vn 0.7155 0.6634 -0.2191
vn 0.6944 0.6626 -0.2807
vn 0.7529 0.6455 -0.1286
vn 0.7156 0.6576 -0.2355
vn 0.7096 0.6443 -0.2854
vn 0.7456 0.6501 -0.1462
vn 0.7229 0.6495 -0.2358
vn 0.718 0.6437 -0.2647
vn 0.7704 0.6355 -0.0508
vn 0.7443 0.6502 -0.1527
vn 0.7249 0.6536 -0.2175
vn 0.7061 0.6529 -0.274
vn 0.7861 0.6179 0.0149
vn 0.7947 0.6053 0.0449
vn 0.7742 0.6328 -0.0132
vn 0.7828 0.6205 0.0467
vn 0.7838 0.618 0.0613
vn 0.7587 0.6481 -0.0661
vn 0.7725 0.6348 -0.013
vn 0.7553 0.6518 -0.0683
vn 0.7393 0.6572 -0.1468
vn 0.7338 0.6611 -0.1566
vn 0.7755 0.6307 -0.0288
vn 0.801 0.5983 0.0198
vn 0.8004 0.5994 0.0105
vn 0.7539 0.6495 -0.0985
vn 0.7222 0.6598 -0.2076
vn 0.7735 0.6302 -0.0682
vn 0.7136 0.6567 -0.2438
vn 0.7181 0.6641 -0.2079
vn 0.7314 0.6612 -0.167
vn 0.7081 0.663 -0.243
vn 0.713 0.6569 -0.2453
vn 0.7024 0.6591 -0.2687
vn 0.7022 0.6501 -0.2902
vn 0.7064 0.6314 -0.3199
vn 0.7058 0.632 -0.32
vn 0.707 0.6308 -0.3197
vn 0.6994 0.6421 -0.314
vn 0.7046 0.6515 -0.2814
vn 0.7081 0.6562 -0.2607
vn 0.7006 0.6469 -0.3012
vn 0.7059 0.6448 -0.2932
vn 0.73 0.622 -0.2833
vn 0.7032 0.6407 -0.3083
vn 0.6985 0.6241 -0.3501
vn 0.7122 0.6314 -0.3066
vn 0.7046 0.6425 -0.3012
vn 0.7119 0.6438 -0.2806
vn 0.7045 0.649 -0.287
vn 0.7227 0.619 -0.3073
vn 0.6955 0.6151 -0.3715
vn 0.7066 0.6317 -0.3188
vn 0.705 0.5911 -0.3919
vn 0.708 0.6187 -0.3404
vn 0.713 0.604 -0.3561
vn 0.7372 0.5938 -0.3224
vn 0.7468 0.5747 -0.3346
vn 0.7715 0.549 -0.3216
vn 0.7546 0.5658 -0.3323
vn 0.7251 0.6069 -0.3255
vn 0.7059 0.626 -0.3314
vn 0.7605 0.5532 -0.3402
vn 0.7541 0.5607 -0.342
vn 0.7017 0.6781 -0.2188
vn 0.6203 0.7834 -0.0396
vn 0.7466 0.6411 -0.178
vn 0.5318 0.8466 0.0195
vn 0.5387 0.8422 -0.0236
vn 0.6549 0.7397 -0.155
vn 0.8058 0.5019 -0.3143
vn 0.6761 0.6723 -0.3015
vn 0.7382 0.5709 -0.3595
vn 0.7638 0.5122 -0.3927
vn 0.6944 0.5958 -0.4035
vn 0.7236 0.5745 -0.3826
vn 0.7512 0.5242 -0.4011
vn 0.5033 0.8613 -0.0694
vn 0.7606 0.5205 -0.3879
vn 0.5713 0.8083 -0.1421
vn 0.7166 0.5681 -0.4046
vn 0.7452 0.5235 -0.4132
vn 0.7176 0.5494 -0.428
vn 0.7606 0.5034 -0.4099
vn 0.7447 0.5101 -0.4304
vn 0.7201 0.5355 -0.4413
vn 0.7969 0.5159 -0.3143
vn 0.6056 0.7754 -0.1789
vn 0.7665 0.4668 -0.4411
vn 0.7499 0.5006 -0.4326
vn 0.6591 0.694 -0.2897
vn 0.3228 0.9451 -0.051
vn 0.8143 0.4349 -0.3845
vn 0.7757 0.4497 -0.4428
vn 0.6764 0.661 -0.3248
vn 0.3224 0.9413 -0.0997
vn 0.7035 0.6108 -0.3632
vn 0.3744 0.9072 -0.1921
vn 0.7981 0.4226 -0.4295
vn 0.7195 0.5683 -0.3992
vn 0.8013 0.4051 -0.4402
vn 0.7792 0.4398 -0.4466
vn 0.7446 0.5315 -0.4039
vn 0.425 0.8665 -0.2618
vn 0.7049 0.5611 -0.434
vn 0.4156 0.8505 -0.3224
vn 0.7942 0.4151 -0.4437
vn 0.4919 0.7903 -0.3654
vn 0.8046 0.4115 -0.4281
vn 0.7811 0.4199 -0.4621
vn 0.7756 0.4428 -0.4499
vn 0.7809 0.4068 -0.4741
vn 0.7776 0.3997 -0.4855
vn 0.7434 0.441 -0.5029
vn 0.7532 0.4572 -0.4729
vn 0.7246 0.4717 -0.5025
vn 0.7052 0.5027 -0.5
vn 0.7064 0.5028 -0.4982
vn 0.7054 0.5028 -0.4997
vn 0.7202 0.5025 -0.4783
vn 0.7066 0.5027 -0.498
vn 0.6962 0.5387 -0.4745
vn 0.6644 0.5658 -0.4883
vn 0.727 0.5077 -0.4623
vn 0.7476 0.4772 -0.4619
vn 0.7167 0.5265 -0.4573
vn 0.691 0.5576 -0.4599
vn 0.7441 0.4896 -0.4546
vn 0.7635 0.466 -0.4471
vn 0.7796 0.4345 -0.451
vn 0.737 0.5061 -0.4479
vn 0.7521 0.4916 -0.4389
vn 0.7097 0.541 -0.4513
vn 0.4241 -0.1752 -0.8885
vn 0.527 -0.0508 -0.8484
vn 0.3953 -0.1647 -0.9037
vn 0.5293 0.0845 -0.8442
vn 0.6386 0.2583 -0.7249
vn 0.6454 0.4551 -0.6135
vn 0.5253 0.0878 -0.8464
vn 0.6543 0.6453 -0.3943
vn 0.6536 0.6936 -0.3029
vn 0.6531 0.6941 -0.3029
vn 0.6493 0.6977 -0.3026
vn 0.6486 0.6985 -0.3025
vn 0.6388 0.7068 -0.304
vn 0.6483 0.6353 -0.4196
vn 0.6271 0.7001 -0.3415
vn 0.6278 0.4124 -0.6601
vn 0.6322 0.5583 -0.5372
vn 0.5379 0.2153 -0.815
vn 0.4407 -0.0434 -0.8966
vn 0.5407 0.1958 -0.8181
vn 0.3917 -0.1551 -0.9069
vn 0.3831 -0.1142 -0.9166
vn 0.3792 -0.0999 -0.9199
vn 0.4359 0.0377 -0.8992
vn 0.5111 0.2899 -0.8092
vn 0.6138 0.4893 -0.6195
vn 0.5294 0.2693 -0.8045
vn 0.636 0.6616 -0.3973
vn 0.6073 0.604 -0.5161
vn 0.6142 0.7136 -0.3369
vn 0.6019 0.5206 -0.6055
vn 0.6146 0.7241 -0.3131
vn 0.6157 0.6735 -0.409
vn 0.5886 0.6004 -0.5414
vn 0.6241 0.7212 -0.3007
vn 0.6125 0.707 -0.3535
vn 0.6044 0.6607 -0.4453
vn 0.6069 0.6672 -0.4318
vn 0.6101 0.7222 -0.3259
vn 0.543 0.5148 -0.6635
vn 0.4989 0.3063 -0.8107
vn 0.5516 0.5264 -0.6471
vn 0.6116 0.703 -0.3629
vn 0.5658 0.6331 -0.5282
vn 0.4951 0.5095 -0.7038
vn 0.5792 0.6603 -0.4781
vn 0.5235 0.5137 -0.6797
vn 0.5577 0.6201 -0.5518
vn 0.4832 0.5039 -0.716
vn 0.3976 0.2959 -0.8686
vn 0.4828 0.4708 -0.7384
vn 0.4015 0.3013 -0.8649
vn 0.5454 0.6001 -0.5852
vn 0.5006 0.4907 -0.7132
vn 0.4038 0.3328 -0.8521
vn 0.5296 0.5823 -0.6168
vn 0.4554 0.4665 -0.7583
vn 0.5819 0.622 -0.524
vn 0.579 0.5658 -0.5871
vn 0.6023 0.611 -0.5137
vn 0.6215 0.5866 -0.5193
vn 0.664 0.5773 -0.4752
vn 0.4128 -0.1343 -0.9009
vn 0.3907 -0.1511 -0.908
vn 0.3548 -0.1474 -0.9233
vn 0.331 -0.1431 -0.9327
vn 0.3348 -0.1359 -0.9324
vn 0.3001 -0.1294 -0.9451
vn -0.8732 -0.3333 -0.3556
vn -0.915 -0.3354 0.2242
vn -0.9281 -0.2687 0.2576
vn -0.889 -0.3464 -0.2994
vn -0.7433 -0.338 -0.5773
vn -0.7392 -0.2076 0.6407
vn -0.919 -0.3051 -0.2495
vn -0.8584 -0.1261 0.4972
vn -0.7451 -0.0967 0.6599
vn -0.5835 -0.3224 -0.7454
vn -0.5536 -0.2693 -0.788
vn -0.7052 -0.2707 -0.6553
vn -0.9729 -0.1986 -0.1186
vn -0.5959 -0.1828 -0.782
vn -0.3069 -0.2302 -0.9235
vn -0.7065 -0.1796 -0.6845
vn -0.7802 -0.0407 0.6242
vn -0.4377 -0.2112 -0.874
vn -0.7342 -0.0804 -0.6741
vn -0.6179 -0.1115 -0.7783
vn -0.4467 -0.1246 -0.886
vn -0.2724 -0.105 -0.9564
vn -0.4522 -0.0502 -0.8905
vn -0.6315 -0.0315 -0.7747
vn -0.2523 -0.0241 -0.9674
vn -0.4305 0.0515 -0.9011
vn -0.6239 0.04 -0.7805
vn -0.736 0.0116 -0.6769
vn -0.6024 0.1274 -0.788
vn -0.3904 0.1641 -0.9059
vn -0.2209 0.072 -0.9726
vn -0.558 0.242 -0.7937
vn -0.0096 0.0894 -0.9959
vn -0.7083 0.1265 -0.6945
vn -0.8432 0.1138 -0.5254
vn -0.3455 0.2615 -0.9013
vn -0.2133 0.1718 -0.9618
vn 0.0038 0.1733 -0.9849
vn -0.2216 0.2668 -0.9379
vn -0.0288 0.2557 -0.9663
vn 0.1901 0.2152 -0.9579
vn 0.1506 0.1068 -0.9828
vn -0.248 0.3849 -0.889
vn -0.0708 0.3672 -0.9274
vn 0.1475 0.3329 -0.9314
vn 0.0866 0.4565 -0.8855
vn 0.1163 0.0078 -0.9932
vn -0.048 -0.0047 -0.9988
vn 0.0783 -0.0781 -0.9939
vn -0.0808 -0.0841 -0.9932
vn -0.124 -0.16 -0.9793
vn -0.0416 -0.1741 -0.9839
vn -0.1 -0.2237 -0.9695
vn -0.8584 -0.1566 0.4885
vn -0.8082 -0.1567 0.5677
vn -0.8873 -0.1599 0.4326
vn -0.856 -0.1754 0.4864
vn -0.8746 -0.161 0.4573
vn -0.8754 -0.1615 0.4556
vn -0.8714 -0.162 0.463
vn -0.8707 -0.1738 0.4601
vn -0.8692 -0.1743 0.4628
vn -0.8708 -0.1759 0.4592
vn -0.8712 -0.166 0.462
vn -0.8674 -0.1781 0.4646
vn -0.8717 -0.1572 0.4641
vn -0.872 -0.1692 0.4594
vn -0.8733 -0.16 0.4601
vn -0.8645 -0.1845 0.4676
vn -0.8723 -0.1623 0.4613
vn -0.8754 -0.1511 0.4591
vn -0.8773 -0.1387 0.4594
vn -0.8792 -0.1388 0.4558
vn -0.8786 -0.1374 0.4573
vn -0.8758 -0.139 0.4622
vn -0.8785 -0.1377 0.4574
vn -0.875 -0.1248 0.4678
vn -0.8766 -0.1214 0.4657
vn -0.8767 -0.1216 0.4653
vn -0.8773 -0.121 0.4645
vn -0.8816 -0.1333 0.4528
vn -0.8793 -0.1161 0.4618
vn -0.8776 -0.1349 0.46
vn -0.8735 -0.1056 0.4752
vn -0.8809 -0.1025 0.462
vn -0.8831 -0.0967 0.4591
vn -0.8851 -0.1103 0.4522
vn -0.8663 -0.0957 0.4903
vn -0.8818 -0.0899 0.463
vn -0.8841 -0.0837 0.4598
vn -0.8705 -0.0919 0.4835
vn -0.8713 -0.1312 0.4729
vn -0.8612 -0.0906 0.5001
vn -0.8647 -0.0916 0.4939
vn -0.8542 -0.0942 0.5113
vn -0.8604 -0.1768 0.478
vn -0.8699 -0.2481 0.4263
vn -0.839 -0.0904 0.5366
vn -0.8581 -0.1037 0.5029
vn -0.8505 -0.0654 0.5219
vn -0.8499 -0.1018 0.5169
vn -0.7896 -0.4636 0.402
vn -0.7349 -0.2815 0.617
vn -0.8493 -0.0297 0.527
vn -0.8335 -0.3647 0.415
vn -0.8442 -0.0461 0.534
vn -0.8457 -0.1315 0.5173
vn -0.8342 -0.0581 0.5483
vn -0.8149 -0.0686 0.5756
vn -0.8194 -0.3348 0.4653
vn -0.8088 -0.4989 0.3115
vn -0.7576 -0.5502 0.3511
vn -0.8139 -0.5368 0.2223
vn -0.8197 -0.3435 0.4584
vn -0.8503 -0.1358 0.5084
vn -0.8494 -0.3651 0.381
vn -0.8428 -0.4002 0.3599
vn -0.8298 0.1214 0.5446
vn -0.8175 -0.4378 0.3742
vn -0.7961 0.1398 0.5888
vn -0.8004 -0.4664 0.3766
vn -0.7908 -0.362 0.4935
vn -0.7964 -0.4596 0.3931
vn -0.7454 -0.4909 0.451
vn -0.808 0.2184 0.5472
vn -0.6912 -0.5754 0.4371
vn -0.7599 -0.4823 0.4358
vn -0.8869 -0.0988 0.4513
vn -0.7878 -0.34 0.5136
vn -0.8472 -0.2053 0.49
vn -0.7636 -0.4551 0.458
vn -0.8578 -0.2041 0.4718
vn -0.7979 -0.4454 0.4061
vn -0.8816 -0.0922 0.4629
vn -0.863 -0.2348 0.4473
vn -0.8882 -0.0937 0.4498
vn -0.8851 -0.0974 0.455
vn -0.7897 -0.4338 0.4339
vn -0.893 -0.0938 0.4402
vn -0.8565 -0.263 0.4441
vn -0.7707 -0.4031 0.4935
vn -0.8481 -0.317 0.4245
vn -0.891 -0.1062 0.4413
vn -0.7611 -0.3496 0.5464
vn -0.8192 -0.3609 0.4456
vn -0.8962 -0.1078 0.4304
vn -0.81 -0.2996 0.5041
vn -0.9224 0.1899 0.3363
vn -0.8969 0.384 0.2191
vn -0.9236 0.0425 0.3811
vn -0.8282 -0.2211 0.515
vn -0.7209 -0.4818 0.4981
vn -0.8564 -0.1907 0.4799
vn -0.6733 -0.4028 0.62
vn -0.7935 -0.3076 0.5251
vn -0.8952 -0.0846 0.4376
vn -0.8092 -0.2976 0.5067
vn -0.8877 -0.1025 0.4489
vn -0.895 -0.0817 0.4385
vn -0.8591 -0.1227 0.4969
vn -0.8923 -0.0931 0.4418
vn -0.8879 -0.0641 0.4556
vn -0.8796 -0.1264 0.4586
vn -0.889 -0.1103 0.4444
vn -0.8734 -0.1463 0.4646
vn -0.8835 -0.1245 0.4517
vn -0.8781 -0.1461 0.4556
vn -0.8635 -0.1216 0.4895
vn -0.8769 -0.104 0.4692
vn -0.8123 -0.0582 0.5804
vn -0.8158 -0.061 0.5751
vn -0.7496 -0.0466 0.6603
vn -0.8179 -0.079 0.5699
vn -0.8848 -0.0988 0.4553
vn -0.8873 -0.0983 0.4505
vn -0.78 -0.1221 0.6138
vn -0.7271 -0.127 0.6747
vn -0.9938 -0.1077 -0.026
vn -0.9928 -0.1195 0.0044
vn -0.7031 -0.2156 0.6776
vn -0.741 -0.1701 0.6496
vn -0.9854 -0.0309 -0.1675
vn -0.9568 -0.0128 0.2904
vn -0.8433 -0.2361 0.4829
vn -0.6463 -0.3887 0.6567
vn -0.9936 0.0707 -0.088
vn -0.884 0.2684 -0.3828
vn -0.9336 0.2064 -0.2927
vn -0.6541 0.2994 -0.6946
vn -0.8195 -0.2404 0.5202
vn -0.9922 -0.0464 0.1156
vn -0.4739 0.3605 -0.8034
vn -0.5598 0.4611 -0.6885
vn -0.35 0.4961 -0.7946
vn -0.9737 0.1795 -0.1401
vn -0.9021 0.355 -0.2453
vn -0.7095 0.4776 -0.5182
vn -0.9627 0.2704 0.0125
vn -0.7518 0.5478 -0.367
vn -0.5033 0.5829 -0.6379
vn -0.5216 0.6452 -0.5582
vn -0.968 0.149 0.2017
vn -0.8539 0.4919 -0.1699
vn -0.6257 0.6615 -0.4135
vn -0.5888 -0.4623 0.663
vn -0.916 0.3993 0.0385
vn -0.9271 0.3094 0.2116
vn -0.6753 0.6798 -0.2861
vn -0.7138 0.6876 -0.1327
vn -0.8245 0.5638 0.0488
vn -0.4291 0.7871 -0.443
vn -0.3956 0.8637 -0.3123
vn -0.5417 0.8162 -0.201
vn -0.64 0.7658 -0.0626
vn -0.4704 0.7198 -0.5105
vn -0.2793 0.8344 -0.4752
vn -0.3392 0.9101 -0.238
vn -0.273 0.8642 -0.4226
vn -0.3218 0.6817 -0.657
vn -0.2967 0.764 -0.5729
vn -0.1317 0.7529 -0.6448
vn -0.3165 0.5984 -0.7361
vn -0.1331 0.6037 -0.786
vn -0.0978 0.6713 -0.7347
vn -0.1214 0.4944 -0.8607
vn 0.0307 0.5701 -0.821
vn 0.108 0.617 -0.7795
vn 0.0084 0.7105 -0.7037
vn 0.2132 0.6482 -0.731
vn -0.098 0.8141 -0.5723
vn 0.075 0.7709 -0.6325
vn -0.08 0.8732 -0.4807
vn 0.1381 0.8274 -0.5444
vn 0.1926 0.8555 -0.4806
vn 0.313 0.8481 -0.4275
vn -0.2343 0.9014 -0.3641
vn -0.1117 0.9106 -0.3978
vn 0.0872 0.846 -0.526
vn -0.0501 0.9363 -0.3475
vn -0.2138 0.9381 -0.2724
vn 0.1162 0.9124 -0.3924
vn -0.0229 0.9632 -0.268
vn 0.1403 0.9309 -0.3373
vn 0.1447 0.9535 -0.2645
vn 0.552 0.6027 -0.5762
vn -0.2002 0.9636 -0.1771
vn -0.0157 0.9841 -0.1768
vn 0.1388 0.9721 -0.1891
vn -0.3464 0.9304 -0.1198
vn -0.1992 0.9768 -0.0783
vn 0.0972 0.9876 -0.1231
vn -0.0222 0.9946 -0.1015
vn -0.3752 0.9268 0.0145
vn -0.2234 0.9747 0.0028
vn -0.0375 0.9986 -0.036
vn 0.0715 0.997 -0.0294
vn 0.0537 0.9982 0.0275
vn -0 1 -0
vn -0.0516 0.9981 0.0345
vn -0.2018 0.9791 0.024
vn 0.066 0.9934 0.0941
vn -0.0376 0.9954 0.0883
vn 0.0771 0.988 0.1335
vn -0.1167 0.974 0.1944
vn 0.2857 0.9581 0.0216
vn 0.0576 0.9833 0.1725
vn 0.2464 0.9679 0.0502
vn 0.2134 0.9708 0.1096
vn -0.1716 0.9488 0.2652
vn 0.036 0.9757 0.2162
vn 0.1894 0.9711 0.1455
vn -0.2216 0.9265 0.3042
vn -0.2476 0.9048 0.3465
vn -0.3459 0.8771 0.3332
vn -0.0065 0.9618 0.2737
vn -0.4799 0.7419 0.4683
vn -0.554 0.6684 0.4963
vn -0.3945 0.8337 0.3865
vn -0.6592 0.5365 0.527
vn -0.5847 0.6706 0.4565
vn -0.8295 0.085 0.552
vn -0.5463 0.728 0.4143
vn -0.5143 0.7976 0.3152
vn -0.8479 0.1624 0.5047
vn -0.4228 0.8658 0.2678
vn -0.866 0.2084 0.4546
vn -0.2778 0.9241 0.2623
vn -0.3239 0.799 0.5067
vn -0.1625 0.9742 0.1566
vn -0.1327 0.9869 0.0917
vn -0.2253 0.9648 0.1359
vn -0.1482 0.9874 0.0553
vn -0.371 0.9202 0.125
vn -0.4213 0.883 0.2071
vn -0.454 0.8756 0.165
vn -0.8708 0.1752 0.4594
vn -0.4247 0.8964 0.1273
vn -0.812 0.4454 0.3772
vn -0.9081 0.1862 0.375
vn -0.6517 0.7187 0.2423
vn -0.9094 0.2996 0.2885
vn -0.6286 0.7669 0.1292
vn -0.6515 0.7581 0.0294
vn 0.4614 0.8858 -0.0492
vn 0.3627 0.9305 0.0516
vn 0.3219 0.9424 0.0912
vn 0.1177 0.9722 0.2026
vn 0.2285 0.9612 0.1545
vn 0.3602 0.9306 0.0657
vn 0.0681 0.9682 0.2406
vn 0.3177 0.9426 0.1024
vn 0.1574 0.9639 0.2149
vn 0.2926 0.942 0.1645
vn -0.0786 0.9476 0.3096
vn 0.8048 0.5929 0.0283
vn 0.1138 0.9532 0.28
vn -0.0161 0.9463 0.3228
vn -0.0917 0.9403 0.3278
vn 0.2277 0.943 0.2428
vn 0.2761 0.9393 0.2034
vn 0.4081 0.9059 0.1132
vn 0.5816 0.8133 -0.0192
vn 0.368 0.9094 0.1939
vn 0.2383 0.9348 0.2632
vn 0.3173 0.92 0.2299
vn 0.5765 0.817 0.0113
vn 0.1689 0.9351 0.3117
vn 0.2067 0.9246 0.32
vn 0.2766 0.9211 0.274
vn 0.2522 0.9335 0.2551
vn 0.4656 0.8817 0.0764
vn 0.0803 0.9413 0.3278
vn -0.0526 0.8897 0.4535
vn 0.199 0.9259 0.3212
vn 0.0242 0.9237 0.3824
vn -0.2405 0.853 0.4632
vn 0.2024 0.9254 0.3204
vn -0.0865 0.8789 0.4692
vn 0.2271 0.9242 0.3071
vn 0.3463 0.9046 0.2485
vn 0.6218 0.7827 -0.0273
vn 0.2211 0.9124 0.3444
vn 0.3019 0.9116 0.279
vn 0.1407 0.9206 0.3642
vn -0.0693 0.8469 0.5273
vn -0.3088 0.6626 0.6824
vn -0.154 0.8411 0.5185
vn -0.3934 0.6582 0.6419
vn -0.5888 0.4248 0.6877
vn -0.7525 0.1417 0.6432
vn -0.804 -0.0647 0.5911
vn -0.8136 -0.2692 0.5153
vn -0.7918 0.0374 0.6096
vn -0.7543 -0.5835 0.301
vn -0.7983 -0.0613 0.5991
vn -0.616 0.4105 0.6723
vn -0.8512 -0.3389 0.4008
vn -0.6727 0.3427 0.6558
vn -0.4392 0.6547 0.6152
vn -0.7783 -0.5539 0.2957
vn -0.7705 0.1452 0.6206
vn -0.4546 0.6592 0.599
vn -0.4632 0.6031 0.6494
vn -0.7875 -0.5892 0.1808
vn -0.7875 -0.3905 0.4768
vn -0.7729 -0.5469 0.3219
vn -0.7428 -0.506 0.4383
vn -0.7508 -0.5128 0.4164
vn -0.7132 -0.6202 0.3268
vn -0.8187 -0.4862 0.3055
vn -0.8343 -0.2852 0.4718
vn -0.8082 0.0745 0.5842
vn -0.8132 -0.0321 0.581
vn -0.7778 0.1117 0.6184
vn -0.6512 0.4053 0.6416
vn -0.6613 0.4004 0.6343
vn -0.7058 0.347 0.6176
vn -0.7279 0.3282 0.6021
vn -0.54 0.554 0.6337
vn -0.2791 0.7741 0.5682
vn -0.2968 0.7802 0.5506
vn -0.5356 0.5884 0.6058
vn -0.5289 0.6233 0.5759
vn -0.1649 0.8805 0.4445
vn -0.4852 0.6655 0.5672
vn -0.3287 0.8086 0.4881
vn -0.5906 0.5586 0.5824
vn -0.3679 0.8008 0.4727
vn -0.7863 0.1777 0.5918
vn -0.5787 0.5956 0.5571
vn -0.726 0.3933 0.5642
vn -0.7556 0.3309 0.5653
vn -0.5694 0.6226 0.5368
vn -0.3325 0.8278 0.452
vn -0.5836 0.6296 0.5129
vn -0.281 0.869 0.4073
vn 0.726 0.653 -0.2159
vn 0.7783 0.5684 -0.2667
vn 0.8035 0.5252 -0.2804
vn 0.7486 0.6071 -0.2665
vn 0.7753 0.5642 -0.2838
vn 0.7408 0.6172 -0.265
vn 0.7644 0.6127 -0.2009
vn 0.7725 0.603 -0.199
vn 0.7334 0.6347 -0.2434
vn 0.8019 0.5519 -0.229
vn 0.7309 0.6539 -0.1954
vn 0.8027 0.5711 -0.1719
vn 0.77 0.6226 -0.1395
vn 0.7217 0.6748 -0.1541
vn 0.7541 0.646 -0.1186
vn 0.8335 0.5222 -0.1807
vn 0.8644 0.4667 -0.1869
vn 0.8435 0.4963 -0.2054
vn 0.7985 0.5883 -0.1281
vn 0.7832 0.6209 -0.0338
vn 0.8137 0.5804 -0.0312
vn 0.8847 0.435 -0.1676
vn 0.8533 0.5212 -0.0171
vn 0.8097 0.5856 0.0389
vn 0.8151 0.5763 0.0586
vn 0.8278 0.5601 0.0335
vn 0.8513 0.5244 -0.0157
vn 0.8652 0.5014 0.0059
vn 0.8397 0.4533 -0.299
vn 0.8371 0.5103 -0.1972
vn 0.8597 0.4282 -0.2786
vn -0.8669 0.3212 -0.3811
vn -0.6493 0.2599 -0.7148
vn -0.9574 0.2888 -0.0047
vn -0.2901 0.2471 -0.9246
vn -0.6616 0.0575 -0.7477
vn -0.3221 0.0459 -0.9456
vn 0.1382 0.0438 -0.9894
vn -0.3232 0.1321 -0.9371
vn 0.1731 0.1283 -0.9765
vn 0.1799 0.3696 -0.9116
vn -0.8695 0.0322 -0.4929
vn -0.662 0.0932 -0.7437
vn -0.257 0.2783 -0.9255
vn -0.1119 0.499 -0.8593
vn 0.2133 0.5691 -0.7941
vn 0.2587 0.4031 -0.8778
vn -0.4054 0.4098 -0.8172
vn -0.5986 0.2143 -0.7719
vn -0.84 0.0191 -0.5422
vn -0.8072 0.1422 -0.5728
vn -0.7304 0.2868 -0.6199
vn -0.5328 0.2453 -0.8099
vn -0.4363 -0.0414 -0.8988
vn -0.9834 0.0147 -0.1809
vn -0.9438 0.0927 -0.3173
vn -0.9068 0.2068 -0.3673
vn -0.8902 0.1689 -0.423
vn -0.8871 0.0034 -0.4616
vn -0.6388 -0.0218 -0.7691
vn -0.984 0.0636 0.1663
vn -0.9773 0.1784 0.114
vn -0.9812 0.1797 0.0699
vn -0.9913 -0.0008 0.1318
vn -0.8858 -0.0251 -0.4634
vn -0.6216 -0.0094 -0.7832
vn -0.9763 -0.0143 0.216
vn -0.5813 0.03 0.8131
vn -0.6687 0.2134 0.7123
vn -0.6919 0.1691 0.7019
vn -0.238 0.3985 0.8857
vn -0.7277 0.0585 0.6834
vn -0.7511 -0.0537 0.658
vn 0.0349 0.3675 0.9294
vn -0.3204 0.013 0.9472
vn -0.9543 -0.0307 0.2971
vn -0.8644 0.351 0.3599
vn -0.8205 0.0125 0.5714
vn -0.4499 0.0439 0.892
vn 0.32 -0.0172 0.9473
vn 0.3054 0.2189 0.9267
vn 0.8994 0.1883 0.3944
vn 0.938 0.0959 0.333
vn 0.9764 0.0469 -0.211
vn 0.8763 0.023 0.4811
vn 0.9576 -0.1401 -0.2516
vn 0.6699 0.0109 -0.7424
vn 0.5831 0.0303 -0.8119
vn 0.4059 0.6055 -0.6846
vn 0.7914 -0.0732 -0.6069
vn 0.4472 0.6978 -0.5595
vn 0.6428 0.4847 -0.5932
vn 0.5162 0.8505 -0.1009
vn 0.897 0.4292 -0.1054
vn 0.9579 -0.0283 -0.2857
vn 0.8292 0.4989 -0.2521
vn 0.9919 -0.0119 0.1264
vn 0.6745 0.7341 -0.0785
vn 0.9099 0.1778 0.3747
vn 0.8367 0.5442 0.0616
vn 0.5592 0.7699 0.3073
vn 0.5854 0.7609 0.2797
vn 0.277 0.8146 0.5097
vn 0.5766 0.601 0.5535
vn 0.7498 0.0464 0.66
vn 0.3465 0.126 0.9296
vn 0.2754 0.5695 0.7745
vn -0.0598 0.104 0.9928
vn -0.0312 0.5255 0.8502
vn 0.5892 0.5363 0.6043
vn 0.6501 -0.0009 0.7598
vn 0.1233 0.039 0.9916
vn 0.1272 -0.001 0.9919
vn -0.5192 0.0135 0.8546
vn 0.637 -0.0158 0.7707
vn -0.971 -0.0133 0.2386
vn 0.1388 -0.0042 0.9903
vn 0.6287 -0.0132 0.7776
vn 0.9107 -0.0433 0.4107
vn 0.9839 -0.1217 0.1307
vn 0.5032 -0.1095 -0.8572
vn 0.6067 -0.0137 0.7948
vn -0.5003 -0.0015 0.8658
vn 0.112 -0.0002 0.9937
vn -0.5029 -0.0054 0.8643
vn 0.9063 -0.024 0.422
vn 0.5944 -0.0106 0.8041
vn 0.9045 -0.0144 0.4262
vn 0.9971 -0.0111 -0.0759
vn 0.8875 -0.0085 0.4608
vn 0.9969 -0.0099 -0.0787
vn 0.9973 -0.0262 -0.0691
vn 0.9705 -0.2162 -0.1071
vn 0.8183 -0.0172 -0.5745
vn 0.8125 -0.2448 -0.5291
vn 0.487 -0.0252 -0.873
vn 0.8277 0.0084 -0.5611
vn 0.0817 -0.1756 -0.9811
vn 0.4998 0.0092 -0.8661
vn -0.3012 -0.1349 -0.944
vn 0.0854 -0.0089 -0.9963
vn -0.3414 -0.0067 -0.9399
vn 0.0882 0.0052 -0.9961
vn -0.3213 -0 -0.947
vn -0.6024 -0.0172 -0.798
vn 0.1126 0.0049 -0.9936
vn -0.3001 -0.0025 -0.9539
vn -0.6026 -0.0377 -0.7972
vn -0.2792 -0.0078 -0.9602
vn -0.2999 -0.0356 -0.9533
vn -0.626 -0.0591 -0.7776
vn 0.5296 0.0163 -0.8481
vn 0.8403 0.0026 -0.5422
vn 0.8542 -0.0052 -0.5199
vn 0.5406 -0.0035 -0.8413
vn 0.129 -0.0088 -0.9916
vn 0.5611 -0.0134 -0.8277
vn -0.2655 -0.0519 -0.9627
vn 0.1598 -0.0247 -0.9868
vn -0.2502 -0.0646 -0.966
vn -0.6457 -0.0794 -0.7594
vn 0.8665 -0.0084 -0.499
vn -0.2324 -0.0934 -0.9681
vn -0.6657 -0.1073 -0.7385
vn 0.1846 -0.0383 -0.9821
vn 0.5735 -0.0343 -0.8185
vn 0.8772 -0.0212 -0.4797
vn -0.1828 -0.1206 -0.9757
vn -0.6963 -0.1544 -0.701
vn 0.2191 -0.0592 -0.9739
vn 0.5842 -0.0435 -0.8105
vn -0.1467 -0.1848 -0.9718
vn -0.7239 -0.2328 -0.6495
vn 0.2457 -0.061 -0.9674
vn 0.3449 -0.0712 -0.9359
vn -0.0214 -0.2929 -0.9559
vn -0.6324 -0.4695 -0.6161
vn 0.6324 -0.0323 -0.774
vn 0.8967 -0.0095 -0.4426
vn 0.7487 0.1293 -0.6502
vn 0.8866 -0.025 -0.4618
vn 0.9075 0.0589 -0.4158
vn 0.6171 0.0635 -0.7843
vn 0.9318 0.1978 -0.3042
vn 0.9209 0.3196 -0.2231
vn 0.9485 0.2931 0.1205
vn 0.9921 0.1067 0.0657
vn 0.9984 0.0093 0.0559
vn 0.8183 0.1529 0.5541
vn 0.9991 -0.0176 0.0386
vn 0.8444 0.0164 0.5354
vn 0.865 -0.009 0.5016
vn 0.9998 -0.0051 0.0183
vn 0.9999 -0.0097 -0.0072
vn 0.9992 -0.0009 -0.0399
vn 0.8727 -0.003 0.4883
vn 0.5795 -0.0059 0.8149
vn 0.5611 0.0003 0.8278
vn 0.5462 0.0087 0.8376
vn 0.1148 0.0012 0.9934
vn 0.1022 0.0086 0.9947
vn 0.0928 0.0167 0.9955
vn 0.5347 0.0277 0.8446
vn 0.0918 0.02 0.9956
vn -0.4157 0.009 0.9094
vn -0.4348 -0 0.9005
vn -0.477 -0 0.8789
vn -0.9664 -0.0085 0.257
vn -0.9574 -0.0226 0.288
vn -0.932 -0.023 0.3617
vn -0.9063 -0.0177 0.4223
vn -0.9183 -0.0727 -0.3891
vn -0.3892 0.0095 0.9211
vn -0.8811 -0.0639 -0.4687
vn -0.9384 -0.0799 -0.3362
vn -0.897 -0.0124 -0.4418
vn -0.8859 -0.0185 -0.4635
vn -0.9663 -0.0766 -0.2457
vn -0.8782 -0.0067 0.4783
vn -0.8824 -0.0161 -0.4703
vn -0.8211 -0.0293 0.57
vn -0.98 -0.1365 -0.1449
vn -0.9879 -0.1547 -0.0043
vn -0.3605 0.0291 0.9323
vn -0.9468 -0.2836 0.1523
vn -0.7233 0.0177 0.6903
vn -0.3195 0.0553 0.946
vn 0.1037 0.0331 0.9941
vn 0.137 0.1107 0.9844
vn -0.2271 0.1573 0.9611
vn 0.5327 0.1435 0.834
vn 0.1771 0.2063 0.9623
vn 0.528 0.2458 0.8129
vn 0.8191 0.3809 0.4289
vn 0.4804 0.3631 0.7983
vn 0.9255 0.3715 -0.0738
vn 0.7099 0.4665 0.5277
vn -0.0259 0.2387 0.9707
vn 0.2423 0.3835 0.8912
vn -0.5466 0.037 0.8366
vn -0.2088 0.1751 0.9622
vn 0.7029 0.4835 0.5217
vn -0.0263 0.2938 0.9555
vn 0.7643 0.119 -0.6338
vn 0.3784 0.464 0.801
vn 0.8525 0.5035 0.1404
vn 0.881 0.326 -0.3428
vn 0.6784 0.5559 0.4803
vn 0.8275 0.5385 0.1589
vn 0.4014 0.5404 0.7395
vn 0.1448 0.416 0.8978
vn 0.6137 0.6127 0.498
vn 0.1171 0.4563 0.8821
vn 0.8732 0.4682 -0.1355
vn 0.8474 0.5306 -0.0187
vn 0.7981 0.3499 -0.4906
vn 0.6583 0.1168 -0.7437
vn 0.7469 0.2319 -0.6231
vn 0.5123 -0.0197 -0.8586
vn 0.6317 0.5611 0.5349
vn 0.3827 -0.1345 -0.914
vn 0.3284 -0.1029 -0.9389
vn 0.0986 -0.2529 -0.9625
vn -0.1247 -0.3322 -0.9349
vn -0.353 -0.4651 -0.8118
vn -0.6839 -0.5152 -0.5165
vn -0.3011 -0.4591 -0.8358
vn -0.7123 -0.5056 -0.4869
vn -0.1891 -0.4284 -0.8836
vn -0.6841 -0.6267 -0.3731
vn -0.4416 -0.5786 -0.6857
vn -0.7331 -0.5763 -0.3613
vn 0.3096 -0.1892 -0.9318
vn -0.082 -0.3922 -0.9162
vn -0.3228 -0.5645 -0.7597
vn -0.6862 -0.615 -0.3885
vn 0.0816 -0.3282 -0.9411
vn 0.4695 -0.0399 -0.882
vn -0.4656 -0.5845 -0.6645
vn -0.7849 -0.6032 -0.1414
vn -0.1729 -0.5222 -0.8351
vn -0.5274 -0.6258 -0.5747
vn -0.7606 -0.6077 -0.2285
vn -0.1063 -0.4449 -0.8892
vn 0.0502 -0.4056 -0.9127
vn -0.3783 -0.6032 -0.7022
vn -0.7497 -0.622 -0.2258
vn 0.4497 -0.0618 -0.891
vn 0.2523 -0.2622 -0.9314
vn 0.1294 -0.3324 -0.9342
vn 0.531 -0.0551 -0.8456
vn 0.6752 0.1787 -0.7156
vn 0.8022 0.2699 -0.5326
vn 0.8532 0.4157 -0.3151
vn 0.8158 0.4012 -0.4165
vn 0.8498 0.5083 -0.1397
vn 0.822 0.5667 0.056
vn 0.7969 0.5794 0.1712
vn 0.7759 0.5851 0.2357
vn 0.5579 0.5976 0.5759
vn 0.2861 0.4961 0.8198
vn 0.5407 0.6154 0.5735
vn 0.2076 0.48 0.8524
vn -0.0644 0.3374 0.9392
vn -0.3261 0.1856 0.9269
vn -0.2676 0.2142 0.9394
vn 0.1083 0.4276 0.8974
vn -0.2313 0.2569 0.9384
vn -0.6365 -0.0775 0.7674
vn -0.3999 0.1315 0.9071
vn -0.6058 0.0039 0.7956
vn -0.5662 0.0084 0.8242
vn -0.7268 -0.1873 0.6609
vn -0.8456 -0.2463 0.4736
vn -0.924 -0.2893 0.25
vn -0.8574 -0.4941 -0.1437
vn -0.8891 -0.4577 0.0017
vn -0.8647 -0.3828 0.3253
vn -0.8243 -0.5661 -0.0088
vn -0.8532 -0.3797 0.3575
vn -0.8667 -0.478 0.1429
vn -0.7826 -0.2533 0.5687
vn -0.8366 -0.3428 0.4274
vn -0.5798 -0.0296 0.8142
vn -0.8385 -0.5299 0.1269
vn -0.8522 -0.4542 0.2595
vn -0.8288 -0.3669 0.4223
vn -0.8275 -0.5611 0.0193
vn -0.5937 -0.0354 0.8039
vn -0.7585 -0.2445 0.6041
vn -0.798 -0.282 0.5327
vn -0.8049 -0.3391 0.4869
vn -0.5491 -0.0096 0.8357
vn -0.5687 -0.0156 0.8224
vn -0.7225 -0.1939 0.6637
vn -0.5572 -0.0205 0.8301
vn -0.4045 0.185 0.8956
vn -0.2155 0.2552 0.9426
vn -0.3419 0.1698 0.9243
vn -0.1564 0.3319 0.9303
vn -0.1855 0.2695 0.945
vn 0.0622 0.4186 0.906
vn 0.2824 0.5646 0.7755
vn -0.0072 0.4109 0.9116
vn 0.0679 0.486 0.8713
vn -0.4725 0.115 0.8738
vn -0.1709 0.3196 0.932
vn 0.3893 0.615 0.6857
vn 0.5636 0.6714 0.4812
vn 0.5529 0.6616 0.5065
vn 0.6679 0.6184 0.4141
vn 0.7644 0.6281 0.1458
vn 0.8373 0.4628 -0.2912
vn 0.8582 0.5065 -0.0832
vn 0.6595 0.644 0.3877
vn 0.4842 0.6024 0.6346
vn 0.7816 0.607 0.1436
vn 0.4933 0.6217 0.6084
vn 0.3572 0.5617 0.7463
vn 0.7374 0.5935 0.3225
vn 0.8264 0.5625 -0.0244
vn 0.8154 0.4232 -0.3949
vn 0.866 0.4506 -0.2166
vn 0.8355 0.3381 -0.4331
vn 0.785 0.2409 -0.5707
vn 0.5696 0.0211 -0.8217
vn 0.7501 0.3158 -0.581
vn 0.5919 0.0527 -0.8043
vn 0.4652 -0.1158 -0.8776
vn 0.5903 -0.0128 -0.8071
vn 0.2443 -0.3012 -0.9217
vn 0.3204 -0.2188 -0.9217
vn -0.1268 -0.48 -0.8681
vn -0.1124 -0.5185 -0.8476
vn -0.3542 -0.594 -0.7223
vn -0.3466 -0.6051 -0.7167
vn -0.6641 -0.6219 -0.415
vn -0.6294 -0.6518 -0.4231
vn -0.8061 -0.5883 -0.0634
vn -0.8 -0.5968 -0.0618
vn -0.5836 -0.6702 -0.4585
vn -0.5913 -0.6073 -0.5306
vn -0.2421 -0.5685 -0.7863
vn 0.1189 -0.3922 -0.9121
vn 0.745 0.2055 -0.6347
vn 0.7396 0.6111 0.2819
vn 0.5955 0.5775 0.5584
vn 0.2401 0.5054 0.8288
vn -0.1513 0.3376 0.929
vn -0.3344 0.1772 0.9256
vt 0.991943 0.743164
vt 0.990723 0.743652
vt 0.990723 0.742676
vt 0.991455 0.745605
vt 0.992432 0.744629
vt 0.992432 0.745117
vt 0.992676 0.745605
vt 0.992676 0.744873
vt 0.993408 0.74585
vt 0.993164 0.745117
vt 0.993896 0.745361
vt 0.993896 0.745117
vt 0.993164 0.744873
vt 0.992676 0.744629
vt 0.992188 0.743896
vt 0.993408 0.744873
vt 0.994141 0.745117
vt 0.994141 0.744629
vt 0.993164 0.744141
vt 0.992676 0.74292
vt 0.99292 0.744141
vt 0.992432 0.743896
vt 0.992432 0.74292
vt 0.992188 0.743164
vt 0.991943 0.742188
vt 0.992432 0.741943
vt 0.992676 0.741943
vt 0.992676 0.741455
vt 0.992188 0.741211
vt 0.991699 0.742432
vt 0.991943 0.741699
vt 0.990967 0.741455
vt 0.991699 0.741699
vt 0.991943 0.741211
vt 0.991455 0.741211
vt 0.992188 0.740723
vt 0.992676 0.740234
vt 0.991699 0.740967
vt 0.991211 0.741211
vt 0.990723 0.740723
vt 0.991211 0.740723
vt 0.991455 0.73999
vt 0.991943 0.740234
vt 0.992432 0.740234
vt 0.992676 0.739746
vt 0.99292 0.739502
vt 0.992676 0.739258
vt 0.992432 0.739502
vt 0.991699 0.739502
vt 0.992432 0.739014
vt 0.992676 0.73877
vt 0.991943 0.73877
vt 0.992188 0.739014
vt 0.990967 0.73999
vt 0.991455 0.739258
vt 0.92627 0.601562
vt 0.926758 0.600586
vt 0.926514 0.601318
vt 0.927002 0.600586
vt 0.92627 0.601807
vt 0.925781 0.602051
vt 0.926514 0.601562
vt 0.925781 0.602295
vt 0.926025 0.602051
vt 0.926758 0.601318
vt 0.927246 0.600586
vt 0.926758 0.601807
vt 0.92627 0.602051
vt 0.926025 0.602539
vt 0.925781 0.603027
vt 0.925537 0.603027
vt 0.925781 0.602783
vt 0.925293 0.603516
vt 0.925049 0.604004
vt 0.925293 0.60376
vt 0.925049 0.60376
vt 0.925293 0.603271
vt 0.924805 0.604248
vt 0.924561 0.604248
vt 0.924316 0.60498
vt 0.924072 0.605225
vt 0.924805 0.604492
vt 0.924072 0.605469
vt 0.925049 0.604248
vt 0.925537 0.60376
vt 0.925049 0.604492
vt 0.925293 0.604004
vt 0.447021 0.021484
vt 0.447266 0.020996
vt 0.44751 0.02124
vt 0.447021 0.020752
vt 0.446777 0.020264
vt 0.44751 0.020264
vt 0.446533 0.020996
vt 0.447754 0.021729
vt 0.447998 0.020752
vt 0.448486 0.021484
vt 0.447998 0.02002
vt 0.447266 0.022461
vt 0.448486 0.020264
vt 0.44873 0.019775
vt 0.447754 0.019531
vt 0.448242 0.019043
vt 0.44751 0.02002
vt 0.447754 0.018799
vt 0.447266 0.019287
vt 0.447266 0.019775
vt 0.447021 0.019775
vt 0.447021 0.019287
vt 0.447021 0.018555
vt 0.446533 0.019287
vt 0.446777 0.019775
vt 0.446533 0.020508
vt 0.446289 0.020264
vt 0.446289 0.020752
vt 0.446045 0.02124
vt 0.445801 0.020996
vt 0.446045 0.020508
vt 0.445557 0.021973
vt 0.445801 0.02002
vt 0.446045 0.022461
vt 0.446289 0.019531
vt 0.446045 0.019287
vt 0.445801 0.019531
vt 0.445557 0.019287
vt 0.445557 0.018799
vt 0.446289 0.019043
vt 0.446777 0.018799
vt 0.446289 0.018555
vt 0.446045 0.018799
vt 0.445801 0.018311
vt 0.445801 0.018066
vt 0.445557 0.018066
vt 0.445557 0.017578
vt 0.445801 0.017334
vt 0.446045 0.017822
vt 0.446533 0.017578
vt 0.446777 0.018066
vt 0.447021 0.017822
vt 0.447266 0.018066
vt 0.447754 0.018311
vt 0.447754 0.017578
vt 0.448242 0.018066
vt 0.448242 0.018555
vt 0.44873 0.018555
vt 0.44873 0.018066
vt 0.448486 0.017578
vt 0.449219 0.019287
vt 0.448975 0.018311
vt 0.449219 0.018066
vt 0.449707 0.018799
vt 0.449463 0.02002
vt 0.449951 0.018311
vt 0.449951 0.019043
vt 0.449951 0.019531
vt 0.450439 0.019287
vt 0.44873 0.02002
vt 0.450195 0.019775
vt 0.44873 0.020996
vt 0.449219 0.020264
vt 0.449707 0.020752
vt 0.450195 0.020508
vt 0.449463 0.02124
vt 0.448975 0.021729
vt 0.449951 0.020996
vt 0.450439 0.020752
vt 0.450195 0.02124
vt 0.450684 0.020264
vt 0.450684 0.019775
vt 0.450928 0.019531
vt 0.451172 0.019043
vt 0.451172 0.02002
vt 0.450928 0.018311
vt 0.450928 0.020996
vt 0.451416 0.020508
vt 0.450684 0.020752
vt 0.451416 0.02124
vt 0.450439 0.018555
vt 0.450439 0.018066
vt 0.450928 0.018066
vt 0.450684 0.017578
vt 0.450195 0.017822
vt 0.449707 0.017578
vt 0.450195 0.01709
vt 0.450439 0.01709
vt 0.450439 0.016602
vt 0.449951 0.01709
vt 0.449707 0.016357
vt 0.449219 0.01709
vt 0.449463 0.016602
vt 0.449219 0.016357
vt 0.449219 0.015869
vt 0.44873 0.016602
vt 0.448486 0.016113
vt 0.448242 0.015625
vt 0.448486 0.016846
vt 0.447998 0.017334
vt 0.447998 0.016846
vt 0.447754 0.015869
vt 0.447754 0.01709
vt 0.44751 0.01709
vt 0.447021 0.017334
vt 0.44751 0.016357
vt 0.447021 0.016846
vt 0.447266 0.016113
vt 0.446777 0.016846
vt 0.446777 0.016357
vt 0.446533 0.01709
vt 0.446289 0.016602
vt 0.446289 0.017334
vt 0.446045 0.01709
vt 0.446533 0.015625
vt 0.446045 0.016113
vt 0.445801 0.016602
vt 0.445801 0.016846
vt 0.445557 0.017334
vt 0.445801 0.016357
vt 0.445557 0.016357
vt 0.445312 0.016602
vt 0.445557 0.016113
vt 0.445312 0.016357
vt 0.445801 0.015625
vt 0.446289 0.015381
vt 0.446533 0.015137
vt 0.446289 0.015137
vt 0.447021 0.014648
vt 0.446533 0.013916
vt 0.446777 0.015137
vt 0.447266 0.014404
vt 0.447266 0.015381
vt 0.447266 0.014893
vt 0.44751 0.015137
vt 0.447754 0.014648
vt 0.447998 0.01416
vt 0.447021 0.013672
vt 0.448242 0.014893
vt 0.447998 0.015625
vt 0.008545 0.632324
vt 0.008057 0.632568
vt 0.008057 0.631836
vt 0.008545 0.633057
vt 0.007568 0.632324
vt 0.008545 0.631592
vt 0.007568 0.633057
vt 0.007812 0.631592
vt 0.008057 0.633301
vt 0.00708 0.632568
vt 0.008301 0.631104
vt 0.006836 0.631592
vt 0.007568 0.630615
vt 0.007324 0.631104
vt 0.008789 0.630859
vt 0.006592 0.63208
vt 0.006104 0.631592
vt 0.006348 0.632568
vt 0.006348 0.630859
vt 0.00708 0.633301
vt 0.006836 0.633545
vt 0.006836 0.630615
vt 0.006348 0.629883
vt 0.00708 0.629883
vt 0.006592 0.629395
vt 0.00708 0.634033
vt 0.006836 0.634277
vt 0.007568 0.633789
vt 0.007324 0.634766
vt 0.006836 0.63501
vt 0.007812 0.634521
vt 0.008057 0.634033
vt 0.008301 0.633789
vt 0.007568 0.635498
vt 0.007324 0.635986
vt 0.007812 0.63501
vt 0.008057 0.634766
vt 0.008545 0.634521
vt 0.009033 0.633789
vt 0.007812 0.635742
vt 0.008301 0.635742
vt 0.008545 0.635254
vt 0.008789 0.634766
vt 0.008789 0.635742
vt 0.008545 0.63623
vt 0.008545 0.636719
vt 0.008789 0.635254
vt 0.009277 0.63501
vt 0.008057 0.636963
vt 0.007812 0.636963
vt 0.008545 0.637451
vt 0.008545 0.637939
vt 0.008789 0.637207
vt 0.009033 0.638428
vt 0.008789 0.638916
vt 0.009033 0.637939
vt 0.009277 0.639404
vt 0.008789 0.637451
vt 0.008789 0.636963
vt 0.008789 0.636475
vt 0.009277 0.636963
vt 0.009277 0.635742
vt 0.009277 0.636475
vt 0.009277 0.635498
vt 0.009766 0.636719
vt 0.009521 0.635498
vt 0.009766 0.635986
vt 0.009277 0.637451
vt 0.009766 0.635254
vt 0.009521 0.638184
vt 0.01001 0.637695
vt 0.009766 0.637207
vt 0.010254 0.636719
vt 0.010254 0.637695
vt 0.01001 0.635498
vt 0.010254 0.636475
vt 0.010254 0.637207
vt 0.010498 0.636719
vt 0.010498 0.635742
vt 0.010498 0.635986
vt 0.010742 0.637207
vt 0.010254 0.63501
vt 0.010986 0.636475
vt 0.010742 0.635498
vt 0.010498 0.63501
vt 0.010254 0.634766
vt 0.010498 0.634766
vt 0.010742 0.634521
vt 0.009521 0.634033
vt 0.009766 0.633545
vt 0.010254 0.633789
vt 0.010742 0.634277
vt 0.009277 0.633545
vt 0.009033 0.633301
vt 0.009766 0.633301
vt 0.008789 0.632568
vt 0.009277 0.633057
vt 0.009033 0.631836
vt 0.009521 0.63208
vt 0.009521 0.630859
vt 0.01001 0.632568
vt 0.01001 0.631348
vt 0.009521 0.630371
vt 0.01001 0.630859
vt 0.010498 0.633057
vt 0.010498 0.631836
vt 0.010498 0.630859
vt 0.01001 0.630371
vt 0.010498 0.630615
vt 0.010742 0.631104
vt 0.010986 0.630615
vt 0.010498 0.629639
vt 0.010986 0.630127
vt 0.009521 0.629883
vt 0.009277 0.630127
vt 0.009766 0.629395
vt 0.008301 0.630615
vt 0.009277 0.629639
vt 0.008789 0.629639
vt 0.008057 0.630127
vt 0.007568 0.629639
vt 0.008301 0.629395
vt 0.009033 0.628906
vt 0.009521 0.62915
vt 0.007324 0.62915
vt 0.008057 0.628906
vt 0.008545 0.628662
vt 0.009277 0.628418
vt 0.00708 0.628906
vt 0.006592 0.628418
vt 0.007324 0.628174
vt 0.007568 0.628418
vt 0.008057 0.627686
vt 0.008301 0.628418
vt 0.009277 0.628174
vt 0.008545 0.627686
vt 0.008301 0.627197
vt 0.009766 0.62793
vt 0.009521 0.627441
vt 0.009033 0.627197
vt 0.008301 0.626709
vt 0.007568 0.626953
vt 0.007812 0.626465
vt 0.008545 0.626953
vt 0.008789 0.625977
vt 0.008545 0.625732
vt 0.007812 0.625977
vt 0.008057 0.625488
vt 0.009033 0.625244
vt 0.008545 0.624512
vt 0.009033 0.625732
vt 0.009033 0.626221
vt 0.009766 0.626465
vt 0.009521 0.625244
vt 0.010254 0.625977
vt 0.010254 0.626709
vt 0.01001 0.624756
vt 0.01001 0.627686
vt 0.010498 0.626953
vt 0.010498 0.62793
vt 0.010986 0.627441
vt 0.01123 0.626465
vt 0.010742 0.626221
vt 0.011475 0.626709
vt 0.011719 0.625977
vt 0.011475 0.625732
vt 0.011475 0.627686
vt 0.012207 0.626221
vt 0.012451 0.625488
vt 0.012207 0.627441
vt 0.010986 0.628418
vt 0.012207 0.625244
vt 0.011475 0.628662
vt 0.010498 0.628906
vt 0.009766 0.628418
vt 0.010986 0.62915
vt 0.011475 0.629639
vt 0.011475 0.630127
vt 0.01123 0.630371
vt 0.01123 0.630859
vt 0.011719 0.629639
vt 0.011719 0.629395
vt 0.011719 0.630371
vt 0.011963 0.629395
vt 0.012207 0.628662
vt 0.011963 0.628418
vt 0.011963 0.629639
vt 0.012451 0.628906
vt 0.012695 0.628174
vt 0.012451 0.62793
vt 0.012207 0.629395
vt 0.012207 0.629639
vt 0.012451 0.629639
vt 0.011963 0.630371
vt 0.012451 0.630371
vt 0.011475 0.631104
vt 0.012695 0.62915
vt 0.012695 0.630859
vt 0.013184 0.630371
vt 0.012939 0.630859
vt 0.013428 0.629639
vt 0.012451 0.631348
vt 0.013428 0.62915
vt 0.013672 0.629883
vt 0.013916 0.629395
vt 0.013428 0.630371
vt 0.013184 0.631104
vt 0.01416 0.630859
vt 0.013916 0.629639
vt 0.011963 0.631592
vt 0.014404 0.62915
vt 0.014404 0.629883
vt 0.014648 0.630371
vt 0.014893 0.629395
vt 0.015625 0.629883
vt 0.014893 0.631348
vt 0.015381 0.631104
vt 0.01416 0.631836
vt 0.015381 0.631836
vt 0.013672 0.631592
vt 0.012939 0.631592
vt 0.013428 0.631836
vt 0.012695 0.631836
vt 0.013184 0.632324
vt 0.013672 0.63208
vt 0.014648 0.632324
vt 0.013916 0.632568
vt 0.012695 0.632568
vt 0.015625 0.633057
vt 0.012695 0.633057
vt 0.011963 0.633057
vt 0.014893 0.633301
vt 0.013428 0.633301
vt 0.01416 0.633789
vt 0.012451 0.633301
vt 0.012695 0.633545
vt 0.012939 0.634033
vt 0.012451 0.633789
vt 0.011963 0.633545
vt 0.013916 0.634277
vt 0.012451 0.634521
vt 0.014893 0.635254
vt 0.011475 0.634033
vt 0.015137 0.634521
vt 0.015381 0.633789
vt 0.015381 0.63501
vt 0.016357 0.634521
vt 0.013428 0.63501
vt 0.01416 0.635498
vt 0.012939 0.635742
vt 0.014893 0.63623
vt 0.014404 0.636719
vt 0.015869 0.636963
vt 0.015869 0.635986
vt 0.016357 0.635498
vt 0.016846 0.636475
vt 0.016846 0.635986
vt 0.01709 0.635254
vt 0.017334 0.63623
vt 0.017578 0.637207
vt 0.018066 0.635986
vt 0.017822 0.636719
vt 0.01709 0.634277
vt 0.017578 0.634766
vt 0.018066 0.635254
vt 0.016357 0.633789
vt 0.017578 0.633789
vt 0.016357 0.632568
vt 0.016846 0.633057
vt 0.015869 0.631348
vt 0.016846 0.632324
vt 0.016602 0.630859
vt 0.01709 0.631348
vt 0.017822 0.633057
vt 0.01709 0.630615
vt 0.017822 0.63208
vt 0.018555 0.633789
vt 0.016113 0.629639
vt 0.018066 0.631104
vt 0.015625 0.62915
vt 0.016846 0.62915
vt 0.014648 0.628418
vt 0.015869 0.628418
vt 0.015137 0.62793
vt 0.01416 0.62915
vt 0.014404 0.628418
vt 0.013672 0.628418
vt 0.014893 0.62793
vt 0.013184 0.628418
vt 0.013672 0.627686
vt 0.013428 0.627686
vt 0.013184 0.627686
vt 0.013672 0.627197
vt 0.012939 0.627441
vt 0.013184 0.627197
vt 0.013428 0.627197
vt 0.013672 0.626953
vt 0.012695 0.626953
vt 0.013428 0.626953
vt 0.012939 0.625977
vt 0.013184 0.626465
vt 0.013672 0.626465
vt 0.013428 0.625488
vt 0.012939 0.625488
vt 0.013916 0.625732
vt 0.013916 0.626221
vt 0.014404 0.626465
vt 0.014404 0.625732
vt 0.01416 0.625
vt 0.014404 0.625488
vt 0.014893 0.625244
vt 0.014648 0.624756
vt 0.014893 0.625
vt 0.014893 0.625732
vt 0.015137 0.625488
vt 0.015381 0.625244
vt 0.015137 0.625732
vt 0.015137 0.626465
vt 0.013916 0.626953
vt 0.015137 0.627197
vt 0.015869 0.625977
vt 0.015625 0.626709
vt 0.015381 0.627441
vt 0.015381 0.627197
vt 0.015869 0.626709
vt 0.015625 0.627197
vt 0.016113 0.627441
vt 0.01709 0.62793
vt 0.016602 0.627197
vt 0.01709 0.626221
vt 0.017578 0.627441
vt 0.016357 0.625977
vt 0.017822 0.628906
vt 0.018066 0.630371
vt 0.016602 0.625488
vt 0.018066 0.628174
vt 0.018311 0.628906
vt 0.018555 0.627197
vt 0.018799 0.631836
vt 0.019287 0.630127
vt 0.019043 0.631104
vt 0.018799 0.632812
vt 0.019531 0.631592
vt 0.019287 0.633301
vt 0.019775 0.632568
vt 0.019287 0.62915
vt 0.02002 0.63208
vt 0.019287 0.628418
vt 0.02002 0.629639
vt 0.020264 0.631348
vt 0.02002 0.633301
vt 0.020752 0.632568
vt 0.019531 0.634277
vt 0.020996 0.633057
vt 0.020996 0.631836
vt 0.020996 0.631104
vt 0.020508 0.630371
vt 0.020996 0.629395
vt 0.021484 0.630127
vt 0.021729 0.630859
vt 0.021484 0.632324
vt 0.021973 0.62915
vt 0.021973 0.631592
vt 0.021973 0.632812
vt 0.022705 0.630859
vt 0.022217 0.629883
vt 0.022461 0.63208
vt 0.022949 0.62915
vt 0.022949 0.631348
vt 0.022949 0.632812
vt 0.023438 0.630859
vt 0.021484 0.628418
vt 0.023438 0.629395
vt 0.023438 0.631836
vt 0.022461 0.628174
vt 0.022217 0.627441
vt 0.022705 0.627686
vt 0.023438 0.627686
vt 0.02124 0.627686
vt 0.022705 0.625977
vt 0.023193 0.626953
vt 0.021729 0.626221
vt 0.023682 0.625732
vt 0.022217 0.625244
vt 0.020752 0.628174
vt 0.020508 0.626465
vt 0.02002 0.62793
vt 0.020264 0.627441
vt 0.019531 0.626953
vt 0.020996 0.626221
vt 0.019043 0.626221
vt 0.021484 0.625488
vt 0.019287 0.625488
vt 0.020264 0.625244
vt 0.020752 0.625
vt 0.021484 0.624512
vt 0.020264 0.624268
vt 0.022217 0.624512
vt 0.020508 0.623535
vt 0.02002 0.625
vt 0.02002 0.623291
vt 0.019531 0.623535
vt 0.020996 0.623047
vt 0.019287 0.624268
vt 0.018799 0.625
vt 0.018555 0.624023
vt 0.019287 0.623047
vt 0.019043 0.623291
vt 0.02002 0.623047
vt 0.020508 0.622314
vt 0.020264 0.622314
vt 0.019287 0.622803
vt 0.020996 0.621826
vt 0.020752 0.621582
vt 0.021484 0.62207
vt 0.019531 0.62207
vt 0.021484 0.621094
vt 0.021729 0.621338
vt 0.021729 0.622314
vt 0.022217 0.622803
vt 0.022217 0.621826
vt 0.022461 0.62085
vt 0.022949 0.622314
vt 0.023438 0.621582
vt 0.021729 0.623535
vt 0.022949 0.622559
vt 0.022705 0.623291
vt 0.022217 0.624023
vt 0.023438 0.62207
vt 0.022949 0.624023
vt 0.023193 0.623779
vt 0.023193 0.623047
vt 0.023438 0.622559
vt 0.023438 0.624023
vt 0.023193 0.624756
vt 0.023193 0.623535
vt 0.02417 0.623047
vt 0.023682 0.624268
vt 0.02417 0.624756
vt 0.024658 0.623291
vt 0.024414 0.624268
vt 0.024902 0.625244
vt 0.024658 0.624512
vt 0.023926 0.626221
vt 0.025146 0.625244
vt 0.025146 0.625488
vt 0.024902 0.626221
vt 0.025391 0.625732
vt 0.024414 0.627441
vt 0.025391 0.627197
vt 0.023926 0.628418
vt 0.024902 0.62793
vt 0.02417 0.62915
vt 0.023682 0.630127
vt 0.02417 0.630859
vt 0.025146 0.628906
vt 0.024658 0.629883
vt 0.023926 0.632568
vt 0.025879 0.627686
vt 0.025146 0.630859
vt 0.025879 0.629395
vt 0.024902 0.631836
vt 0.025635 0.631104
vt 0.026123 0.630127
vt 0.026855 0.629395
vt 0.025391 0.632812
vt 0.026367 0.628418
vt 0.026611 0.631104
vt 0.024658 0.632812
vt 0.024414 0.633301
vt 0.024902 0.633789
vt 0.023926 0.634033
vt 0.026855 0.630615
vt 0.026123 0.631836
vt 0.026611 0.632324
vt 0.026367 0.632812
vt 0.0271 0.631348
vt 0.026855 0.633301
vt 0.027344 0.629883
vt 0.027344 0.632568
vt 0.027588 0.630859
vt 0.028076 0.630127
vt 0.027832 0.629395
vt 0.028076 0.62915
vt 0.02832 0.631348
vt 0.0271 0.628906
vt 0.027832 0.628174
vt 0.028076 0.63208
vt 0.028564 0.632324
vt 0.028809 0.630615
vt 0.028809 0.631836
vt 0.02832 0.629639
vt 0.029053 0.631836
vt 0.028564 0.629395
vt 0.029053 0.629639
vt 0.028564 0.62915
vt 0.02832 0.628662
vt 0.029053 0.628418
vt 0.028564 0.62793
vt 0.028076 0.627686
vt 0.029541 0.628906
vt 0.028809 0.627441
vt 0.029297 0.62793
vt 0.029785 0.628662
vt 0.029053 0.627197
vt 0.02832 0.626953
vt 0.028076 0.626953
vt 0.028564 0.626709
vt 0.028564 0.626465
vt 0.026855 0.627686
vt 0.027344 0.626709
vt 0.026367 0.627441
vt 0.026367 0.626709
vt 0.026123 0.626465
vt 0.0271 0.625977
vt 0.026611 0.625488
vt 0.026611 0.624756
vt 0.027344 0.625244
vt 0.028076 0.625732
vt 0.0271 0.625
vt 0.027588 0.625244
vt 0.028076 0.625488
vt 0.028564 0.625977
vt 0.028076 0.625
vt 0.027588 0.624756
vt 0.0271 0.624512
vt 0.029053 0.626709
vt 0.0271 0.624023
vt 0.026367 0.624023
vt 0.027588 0.624512
vt 0.026611 0.623535
vt 0.026367 0.623291
vt 0.026123 0.624268
vt 0.026123 0.623291
vt 0.025879 0.623535
vt 0.025635 0.623779
vt 0.024902 0.623535
vt 0.025391 0.623291
vt 0.025879 0.623047
vt 0.025146 0.623047
vt 0.025391 0.622559
vt 0.024658 0.622559
vt 0.024902 0.62207
vt 0.024902 0.621826
vt 0.025391 0.62207
vt 0.025879 0.622314
vt 0.024414 0.621826
vt 0.023926 0.62207
vt 0.023926 0.621582
vt 0.024414 0.621582
vt 0.023682 0.621094
vt 0.023193 0.620605
vt 0.023926 0.620605
vt 0.023682 0.620605
vt 0.022949 0.620361
vt 0.024414 0.621094
vt 0.023926 0.620361
vt 0.024902 0.621582
vt 0.024414 0.620605
vt 0.024902 0.621094
vt 0.025635 0.621582
vt 0.025391 0.62085
vt 0.025879 0.62085
vt 0.026367 0.621338
vt 0.025146 0.620117
vt 0.026123 0.621826
vt 0.026855 0.621826
vt 0.024658 0.620117
vt 0.024658 0.619629
vt 0.023682 0.619873
vt 0.02417 0.619385
vt 0.026855 0.622314
vt 0.027344 0.62207
vt 0.026611 0.622803
vt 0.027344 0.622803
vt 0.027832 0.622559
vt 0.0271 0.623779
vt 0.0271 0.623047
vt 0.027588 0.624023
vt 0.027832 0.623047
vt 0.028076 0.623047
vt 0.027832 0.623535
vt 0.028076 0.623535
vt 0.028564 0.623779
vt 0.028076 0.624023
vt 0.028076 0.624512
vt 0.028564 0.624023
vt 0.029053 0.624023
vt 0.029053 0.624756
vt 0.029297 0.624512
vt 0.028564 0.625488
vt 0.028809 0.625
vt 0.029297 0.625
vt 0.029785 0.625244
vt 0.029053 0.626465
vt 0.029053 0.625977
vt 0.029297 0.625488
vt 0.029785 0.625488
vt 0.030273 0.625732
vt 0.029297 0.626709
vt 0.029541 0.625977
vt 0.030029 0.626221
vt 0.030518 0.626221
vt 0.029785 0.626709
vt 0.030518 0.626953
vt 0.030762 0.626709
vt 0.031738 0.626953
vt 0.03125 0.627686
vt 0.031738 0.62793
vt 0.030762 0.627441
vt 0.030273 0.627197
vt 0.031494 0.628174
vt 0.032227 0.628906
vt 0.03125 0.62793
vt 0.030762 0.627686
vt 0.031738 0.628906
vt 0.032227 0.62915
vt 0.03125 0.628662
vt 0.031006 0.628418
vt 0.030518 0.628174
vt 0.030029 0.627686
vt 0.030762 0.628418
vt 0.029541 0.626953
vt 0.030518 0.628662
vt 0.031006 0.628906
vt 0.029541 0.627686
vt 0.030029 0.628174
vt 0.030273 0.628906
vt 0.030029 0.628906
vt 0.029785 0.62915
vt 0.030273 0.62915
vt 0.030762 0.62915
vt 0.030518 0.629639
vt 0.030029 0.629395
vt 0.029541 0.629639
vt 0.029785 0.629883
vt 0.029297 0.629883
vt 0.029785 0.630615
vt 0.030518 0.630615
vt 0.030518 0.629883
vt 0.030762 0.629883
vt 0.029297 0.631104
vt 0.030029 0.631104
vt 0.029541 0.631836
vt 0.031006 0.629639
vt 0.031006 0.630127
vt 0.03125 0.629395
vt 0.031494 0.62915
vt 0.031494 0.629883
vt 0.031738 0.629395
vt 0.031982 0.630127
vt 0.032471 0.630615
vt 0.031738 0.630371
vt 0.032227 0.630615
vt 0.032715 0.631592
vt 0.031982 0.631348
vt 0.032715 0.631836
vt 0.031494 0.630371
vt 0.031738 0.631592
vt 0.03125 0.630615
vt 0.031494 0.631348
vt 0.031006 0.630859
vt 0.030762 0.630371
vt 0.030762 0.631104
vt 0.031006 0.631592
vt 0.03125 0.631836
vt 0.030518 0.631104
vt 0.031494 0.631836
vt 0.031006 0.63208
vt 0.030762 0.631836
vt 0.030518 0.631348
vt 0.030273 0.631348
vt 0.030518 0.631836
vt 0.030762 0.632324
vt 0.030029 0.631836
vt 0.030273 0.63208
vt 0.029785 0.63208
vt 0.029297 0.632812
vt 0.030029 0.632812
vt 0.030518 0.633057
vt 0.030273 0.633301
vt 0.031006 0.633301
vt 0.029541 0.633301
vt 0.02832 0.633057
vt 0.029297 0.633789
vt 0.027832 0.633545
vt 0.029053 0.633545
vt 0.029785 0.633789
vt 0.029297 0.634033
vt 0.028564 0.633789
vt 0.0271 0.634277
vt 0.029053 0.634277
vt 0.028076 0.634766
vt 0.026611 0.634033
vt 0.025879 0.633545
vt 0.025879 0.63501
vt 0.025635 0.634277
vt 0.026367 0.635498
vt 0.0271 0.635742
vt 0.026123 0.636475
vt 0.024902 0.635254
vt 0.025391 0.635986
vt 0.024658 0.634521
vt 0.025146 0.636719
vt 0.02417 0.63501
vt 0.024414 0.63623
vt 0.023438 0.634766
vt 0.023926 0.635742
vt 0.02417 0.636963
vt 0.023438 0.636475
vt 0.024414 0.637695
vt 0.023438 0.633545
vt 0.022949 0.634277
vt 0.022461 0.633789
vt 0.022461 0.63501
vt 0.021973 0.634277
vt 0.02124 0.633789
vt 0.021484 0.63501
vt 0.020996 0.634521
vt 0.022705 0.635986
vt 0.022461 0.636475
vt 0.021729 0.635986
vt 0.020752 0.635254
vt 0.020264 0.634033
vt 0.02002 0.634766
vt 0.019775 0.635498
vt 0.020752 0.63623
vt 0.019043 0.63501
vt 0.018799 0.635742
vt 0.018555 0.634521
vt 0.019775 0.636475
vt 0.018555 0.636719
vt 0.018066 0.637695
vt 0.019043 0.638428
vt 0.019287 0.637207
vt 0.02002 0.637451
vt 0.020264 0.636719
vt 0.02002 0.638184
vt 0.020996 0.637939
vt 0.020996 0.637207
vt 0.021484 0.636719
vt 0.021729 0.637939
vt 0.021973 0.637207
vt 0.022461 0.637939
vt 0.021973 0.638672
vt 0.022949 0.636963
vt 0.023438 0.637695
vt 0.022949 0.638672
vt 0.023926 0.638428
vt 0.022461 0.63916
vt 0.023438 0.63916
vt 0.021484 0.639404
vt 0.022217 0.639893
vt 0.020752 0.638916
vt 0.023193 0.639648
vt 0.020996 0.639893
vt 0.019775 0.638916
vt 0.020508 0.639404
vt 0.02002 0.640137
vt 0.019531 0.639648
vt 0.020752 0.640625
vt 0.021729 0.640381
vt 0.020508 0.641357
vt 0.021484 0.641113
vt 0.022217 0.640869
vt 0.022949 0.640625
vt 0.022705 0.64209
vt 0.023682 0.640625
vt 0.023193 0.641602
vt 0.02417 0.642334
vt 0.021973 0.642578
vt 0.02417 0.639648
vt 0.024414 0.640137
vt 0.024414 0.638916
vt 0.025391 0.639404
vt 0.024902 0.638428
vt 0.024902 0.640625
vt 0.024658 0.641602
vt 0.025635 0.638916
vt 0.025391 0.637695
vt 0.025635 0.636963
vt 0.026123 0.637695
vt 0.026611 0.636719
vt 0.026611 0.637939
vt 0.027344 0.636963
vt 0.026611 0.63916
vt 0.026123 0.639893
vt 0.0271 0.638672
vt 0.027588 0.637939
vt 0.027832 0.63916
vt 0.028076 0.637207
vt 0.02832 0.638428
vt 0.028809 0.637695
vt 0.02832 0.636475
vt 0.027832 0.63623
vt 0.02832 0.635742
vt 0.028809 0.635986
vt 0.028809 0.63501
vt 0.029297 0.635498
vt 0.029053 0.636475
vt 0.029053 0.637207
vt 0.030029 0.635742
vt 0.029541 0.63501
vt 0.030029 0.634521
vt 0.030273 0.635254
vt 0.030273 0.634033
vt 0.030518 0.633545
vt 0.029785 0.636475
vt 0.030762 0.633545
vt 0.030762 0.634033
vt 0.030518 0.634521
vt 0.031006 0.634033
vt 0.031006 0.634521
vt 0.030762 0.635254
vt 0.031006 0.634277
vt 0.03125 0.633789
vt 0.031006 0.63501
vt 0.031006 0.635254
vt 0.03125 0.634766
vt 0.031494 0.634277
vt 0.03125 0.635254
vt 0.031738 0.634766
vt 0.03125 0.635986
vt 0.030518 0.635742
vt 0.031494 0.633545
vt 0.031494 0.633057
vt 0.031738 0.633301
vt 0.032227 0.633545
vt 0.032227 0.633057
vt 0.031982 0.632812
vt 0.032715 0.633789
vt 0.032227 0.634521
vt 0.032471 0.633057
vt 0.032715 0.634521
vt 0.032959 0.633789
vt 0.032715 0.634766
vt 0.032959 0.632568
vt 0.032227 0.632324
vt 0.031982 0.631836
vt 0.031738 0.63208
vt 0.03125 0.632568
vt 0.031006 0.632812
vt 0.010254 0.633301
vt 0.010742 0.633301
vt 0.010742 0.633789
vt 0.010986 0.633789
vt 0.010986 0.632812
vt 0.010986 0.634277
vt 0.010986 0.634766
vt 0.011475 0.634521
vt 0.011719 0.63501
vt 0.01123 0.635986
vt 0.01123 0.633057
vt 0.011475 0.632324
vt 0.011963 0.63208
vt 0.011475 0.631836
vt 0.01123 0.631592
vt 0.01123 0.63208
vt 0.01123 0.631348
vt 0.010986 0.631836
vt 0.010742 0.632324
vt 0.009766 0.624512
vt 0.009277 0.624023
vt 0.010498 0.624023
vt 0.009033 0.623779
vt 0.008789 0.623535
vt 0.009277 0.622803
vt 0.009521 0.623291
vt 0.01001 0.623535
vt 0.010254 0.622559
vt 0.010742 0.622803
vt 0.01123 0.62207
vt 0.01001 0.622314
vt 0.009521 0.621826
vt 0.010254 0.621338
vt 0.010986 0.621826
vt 0.01123 0.620605
vt 0.011719 0.621582
vt 0.011719 0.620117
vt 0.01123 0.623535
vt 0.011963 0.622803
vt 0.012451 0.620605
vt 0.012695 0.619629
vt 0.012695 0.62207
vt 0.013184 0.619873
vt 0.013428 0.619385
vt 0.013184 0.621338
vt 0.012451 0.623047
vt 0.013428 0.622803
vt 0.012451 0.624268
vt 0.013672 0.620605
vt 0.01416 0.619385
vt 0.014404 0.621338
vt 0.013916 0.619141
vt 0.013428 0.618896
vt 0.014648 0.618896
vt 0.014404 0.620117
vt 0.015381 0.619385
vt 0.014893 0.619629
vt 0.015869 0.619141
vt 0.015137 0.618408
vt 0.015869 0.618408
vt 0.014893 0.62085
vt 0.015869 0.619629
vt 0.015625 0.620117
vt 0.016113 0.619385
vt 0.016357 0.619873
vt 0.015137 0.621094
vt 0.015869 0.62085
vt 0.016846 0.619141
vt 0.016357 0.618652
vt 0.016602 0.618164
vt 0.01709 0.618408
vt 0.017334 0.618652
vt 0.01709 0.619629
vt 0.01709 0.617676
vt 0.017822 0.618164
vt 0.017822 0.618408
vt 0.018311 0.618164
vt 0.018311 0.618652
vt 0.018799 0.618408
vt 0.017822 0.619385
vt 0.018799 0.619141
vt 0.018311 0.619629
vt 0.017822 0.619873
vt 0.017334 0.620117
vt 0.018311 0.619873
vt 0.016602 0.620361
vt 0.017578 0.620361
vt 0.016846 0.62085
vt 0.016113 0.621338
vt 0.019043 0.619629
vt 0.018555 0.620605
vt 0.015137 0.621582
vt 0.014648 0.621826
vt 0.013916 0.622314
vt 0.014648 0.622559
vt 0.015625 0.62207
vt 0.016357 0.621826
vt 0.015869 0.622559
vt 0.016602 0.62207
vt 0.01416 0.623291
vt 0.01709 0.621582
vt 0.01709 0.62207
vt 0.017822 0.621094
vt 0.017578 0.621826
vt 0.016846 0.622559
vt 0.017334 0.622314
vt 0.016113 0.622803
vt 0.018066 0.621582
vt 0.01709 0.622803
vt 0.017578 0.622314
vt 0.017334 0.623047
vt 0.018311 0.621826
vt 0.018066 0.622559
vt 0.018799 0.621582
vt 0.016357 0.623291
vt 0.016846 0.623291
vt 0.015625 0.623291
vt 0.015137 0.622803
vt 0.014893 0.623779
vt 0.015869 0.623779
vt 0.016357 0.623535
vt 0.015137 0.624268
vt 0.016113 0.624023
vt 0.016602 0.623535
vt 0.015381 0.624512
vt 0.01416 0.624023
vt 0.013672 0.624512
vt 0.013184 0.623779
vt 0.012939 0.625
vt 0.011719 0.624756
vt 0.010986 0.625244
vt 0.010254 0.625
vt 0.010986 0.624268
vt 0.015869 0.624756
vt 0.016602 0.624268
vt 0.016113 0.624756
vt 0.01709 0.623291
vt 0.017578 0.623047
vt 0.017334 0.623779
vt 0.01709 0.624268
vt 0.018311 0.623535
vt 0.018066 0.624023
vt 0.017822 0.624512
vt 0.018555 0.623047
vt 0.018555 0.622559
vt 0.019043 0.62207
vt 0.018555 0.62207
vt 0.019043 0.621582
vt 0.019775 0.621338
vt 0.019287 0.621094
vt 0.020264 0.62085
vt 0.020996 0.62085
vt 0.018799 0.621094
vt 0.019287 0.620605
vt 0.019775 0.620605
vt 0.020508 0.620361
vt 0.020996 0.620361
vt 0.020264 0.620361
vt 0.021729 0.620605
vt 0.020508 0.619873
vt 0.021729 0.619629
vt 0.022217 0.619873
vt 0.019775 0.620117
vt 0.022705 0.619385
vt 0.019287 0.620117
vt 0.02002 0.619629
vt 0.019775 0.619141
vt 0.020508 0.618896
vt 0.020996 0.619385
vt 0.021973 0.618896
vt 0.021484 0.618652
vt 0.020752 0.618408
vt 0.021973 0.618652
vt 0.020264 0.618652
vt 0.020508 0.618408
vt 0.020508 0.618164
vt 0.02002 0.618408
vt 0.020264 0.617676
vt 0.019775 0.618652
vt 0.019775 0.618164
vt 0.02002 0.617432
vt 0.019775 0.618408
vt 0.019531 0.618164
vt 0.019287 0.618652
vt 0.019043 0.61792
vt 0.020264 0.617432
vt 0.020264 0.617188
vt 0.020264 0.616699
vt 0.020752 0.617432
vt 0.020508 0.617188
vt 0.020752 0.616455
vt 0.020264 0.615967
vt 0.020752 0.616699
vt 0.020752 0.61792
vt 0.02124 0.617676
vt 0.020996 0.618164
vt 0.021484 0.618408
vt 0.021729 0.618164
vt 0.020996 0.616943
vt 0.021729 0.617676
vt 0.020996 0.616699
vt 0.02124 0.617432
vt 0.021484 0.616699
vt 0.020752 0.615479
vt 0.020508 0.615234
vt 0.02124 0.616211
vt 0.021729 0.617432
vt 0.020996 0.615967
vt 0.020752 0.61499
vt 0.020508 0.614746
vt 0.020752 0.614502
vt 0.020996 0.615234
vt 0.020996 0.61499
vt 0.020996 0.614014
vt 0.02124 0.615234
vt 0.02124 0.615479
vt 0.02124 0.61499
vt 0.02124 0.614502
vt 0.02124 0.614258
vt 0.02124 0.613525
vt 0.02124 0.614746
vt 0.021484 0.614258
vt 0.021484 0.61377
vt 0.021729 0.614502
vt 0.021729 0.61377
vt 0.021484 0.614746
vt 0.021484 0.615234
vt 0.021729 0.61499
vt 0.021729 0.615479
vt 0.021484 0.615723
vt 0.021484 0.616211
vt 0.021729 0.616455
vt 0.021973 0.61499
vt 0.021973 0.614746
vt 0.021973 0.615479
vt 0.021973 0.614014
vt 0.021973 0.61377
vt 0.022217 0.614258
vt 0.022217 0.614746
vt 0.022461 0.614502
vt 0.022217 0.616211
vt 0.022949 0.614502
vt 0.022949 0.614746
vt 0.022705 0.61499
vt 0.022949 0.61499
vt 0.022461 0.61499
vt 0.022461 0.615723
vt 0.022705 0.615479
vt 0.022705 0.616455
vt 0.022705 0.616211
vt 0.022949 0.615723
vt 0.023438 0.615234
vt 0.023193 0.615723
vt 0.023193 0.616211
vt 0.023438 0.615967
vt 0.022949 0.616699
vt 0.022705 0.616943
vt 0.023682 0.616455
vt 0.023926 0.615967
vt 0.023926 0.616211
vt 0.023193 0.616699
vt 0.023926 0.616943
vt 0.024414 0.616455
vt 0.023926 0.617432
vt 0.022949 0.616943
vt 0.023438 0.617188
vt 0.023682 0.61792
vt 0.02417 0.618408
vt 0.022949 0.617432
vt 0.022705 0.617188
vt 0.022461 0.616699
vt 0.023438 0.618164
vt 0.023682 0.618408
vt 0.023926 0.618896
vt 0.023193 0.618408
vt 0.022705 0.617676
vt 0.022461 0.616943
vt 0.022217 0.616455
vt 0.021729 0.615967
vt 0.021973 0.616943
vt 0.022217 0.617432
vt 0.021973 0.617676
vt 0.022217 0.618164
vt 0.021973 0.61792
vt 0.022217 0.618408
vt 0.022217 0.618896
vt 0.022705 0.618896
vt 0.022461 0.619141
vt 0.022949 0.619385
vt 0.022949 0.618408
vt 0.023193 0.619385
vt 0.023438 0.618896
vt 0.023682 0.619385
vt 0.023193 0.619629
vt 0.023193 0.619873
vt 0.015869 0.625244
vt 0.015869 0.625732
vt 0.016846 0.624756
vt 0.017334 0.625
vt 0.018311 0.624512
vt 0.018066 0.625488
vt 0.017822 0.625
vt 0.01709 0.625488
vt 0.016602 0.625732
vt 0.017334 0.625732
vt 0.018066 0.626221
vt 0.009277 0.638428
vt 0.009277 0.638672
vt 0.009521 0.638428
vt 0.009766 0.639893
vt 0.009766 0.63916
vt 0.009766 0.640137
vt 0.01001 0.638672
vt 0.010254 0.640625
vt 0.01001 0.640625
vt 0.01001 0.638184
vt 0.010498 0.638672
vt 0.010498 0.638184
vt 0.010742 0.637695
vt 0.010254 0.63916
vt 0.010742 0.638672
vt 0.011475 0.637695
vt 0.010986 0.638184
vt 0.010742 0.63916
vt 0.010498 0.639893
vt 0.01123 0.639404
vt 0.011475 0.638672
vt 0.010254 0.640137
vt 0.010498 0.640381
vt 0.010986 0.640869
vt 0.010986 0.640381
vt 0.010986 0.639893
vt 0.011475 0.640869
vt 0.01123 0.641357
vt 0.011475 0.640381
vt 0.011475 0.639893
vt 0.011475 0.639648
vt 0.011719 0.638916
vt 0.011963 0.63916
vt 0.011963 0.639893
vt 0.011719 0.640381
vt 0.011963 0.640869
vt 0.012451 0.640381
vt 0.012207 0.641113
vt 0.011719 0.641602
vt 0.012207 0.641357
vt 0.012695 0.641357
vt 0.012207 0.641846
vt 0.011963 0.64209
vt 0.012451 0.641846
vt 0.012451 0.642334
vt 0.012939 0.642578
vt 0.013184 0.641846
vt 0.012939 0.640625
vt 0.013184 0.639648
vt 0.012451 0.639404
vt 0.012695 0.638672
vt 0.013428 0.63916
vt 0.012207 0.638184
vt 0.013916 0.639893
vt 0.014404 0.640625
vt 0.01416 0.639404
vt 0.014648 0.640137
vt 0.014648 0.641357
vt 0.014648 0.638916
vt 0.015137 0.640625
vt 0.015625 0.638916
vt 0.015381 0.640137
vt 0.013916 0.638184
vt 0.015381 0.638184
vt 0.013184 0.638184
vt 0.014404 0.637695
vt 0.013428 0.637695
vt 0.012451 0.637451
vt 0.013916 0.637207
vt 0.012207 0.637207
vt 0.012939 0.636719
vt 0.011475 0.636963
vt 0.012207 0.636475
vt 0.011963 0.635986
vt 0.011719 0.635742
vt 0.012207 0.635742
vt 0.011963 0.63501
vt 0.012207 0.635254
vt 0.011963 0.634521
vt 0.012695 0.635986
vt 0.013428 0.635986
vt 0.012939 0.63623
vt 0.013672 0.63623
vt 0.015137 0.637207
vt 0.015625 0.637695
vt 0.016357 0.638184
vt 0.016602 0.637451
vt 0.016846 0.638428
vt 0.01709 0.637939
vt 0.017822 0.638184
vt 0.017578 0.638916
vt 0.016846 0.63916
vt 0.018555 0.638916
vt 0.015869 0.639648
vt 0.016357 0.640381
vt 0.018555 0.639648
vt 0.017822 0.640137
vt 0.01709 0.640869
vt 0.015625 0.641113
vt 0.016357 0.641602
vt 0.015137 0.641846
vt 0.017822 0.640869
vt 0.018799 0.640381
vt 0.018555 0.641602
vt 0.017578 0.641846
vt 0.016846 0.64209
vt 0.015869 0.64209
vt 0.017334 0.642822
vt 0.016357 0.642334
vt 0.015869 0.642822
vt 0.016113 0.643066
vt 0.014893 0.642578
vt 0.018311 0.642578
vt 0.01416 0.642334
vt 0.014648 0.643555
vt 0.013672 0.642334
vt 0.01416 0.643066
vt 0.013184 0.64209
vt 0.013184 0.642822
vt 0.013672 0.642822
vt 0.012695 0.642822
vt 0.013428 0.643311
vt 0.013184 0.643311
vt 0.012207 0.642822
vt 0.012695 0.643311
vt 0.013672 0.643799
vt 0.013916 0.643799
vt 0.014404 0.644287
vt 0.013916 0.644043
vt 0.013428 0.644043
vt 0.012939 0.644287
vt 0.013672 0.644775
vt 0.01416 0.644775
vt 0.014893 0.644775
vt 0.014893 0.644043
vt 0.015137 0.644043
vt 0.015137 0.644775
vt 0.015381 0.644287
vt 0.015869 0.644531
vt 0.015381 0.64502
vt 0.014893 0.64502
vt 0.014648 0.645264
vt 0.016846 0.643555
vt 0.016846 0.644775
vt 0.017578 0.643799
vt 0.01416 0.64502
vt 0.018066 0.644043
vt 0.015869 0.645264
vt 0.01416 0.645508
vt 0.016846 0.645752
vt 0.014404 0.645508
vt 0.015137 0.645508
vt 0.015381 0.645752
vt 0.015869 0.64624
vt 0.016357 0.646729
vt 0.015381 0.645996
vt 0.015625 0.646484
vt 0.014893 0.645996
vt 0.015137 0.646484
vt 0.014404 0.64624
vt 0.014893 0.646484
vt 0.015625 0.646973
vt 0.015137 0.646729
vt 0.014893 0.646973
vt 0.015137 0.647705
vt 0.016113 0.647217
vt 0.015625 0.647461
vt 0.015869 0.647217
vt 0.016113 0.648193
vt 0.016602 0.647461
vt 0.014648 0.646973
vt 0.014893 0.647705
vt 0.01416 0.647461
vt 0.01416 0.646729
vt 0.015137 0.648193
vt 0.013672 0.647217
vt 0.013428 0.646484
vt 0.013428 0.645996
vt 0.013916 0.64624
vt 0.013428 0.645508
vt 0.013184 0.645264
vt 0.013184 0.644775
vt 0.012695 0.644775
vt 0.012451 0.644043
vt 0.011963 0.644043
vt 0.012207 0.643555
vt 0.011963 0.643555
vt 0.012695 0.643555
vt 0.012207 0.643311
vt 0.011963 0.642822
vt 0.01123 0.642822
vt 0.011475 0.642334
vt 0.01123 0.64209
vt 0.010742 0.64209
vt 0.01123 0.641846
vt 0.010986 0.641846
vt 0.010742 0.641357
vt 0.01001 0.641113
vt 0.151611 0.978027
vt 0.152588 0.978516
vt 0.1521 0.97876
vt 0.151367 0.97876
vt 0.150879 0.978027
vt 0.152344 0.979492
vt 0.152832 0.979248
vt 0.15332 0.979248
vt 0.152832 0.978516
vt 0.153564 0.979004
vt 0.153809 0.979492
vt 0.152832 0.97998
vt 0.153564 0.980225
vt 0.154053 0.97998
vt 0.153809 0.980957
vt 0.15332 0.980957
vt 0.154541 0.980713
vt 0.155029 0.980713
vt 0.154053 0.981689
vt 0.154541 0.981445
vt 0.155273 0.981445
vt 0.155762 0.981445
vt 0.156006 0.982178
vt 0.15625 0.982178
vt 0.156494 0.98291
vt 0.155518 0.982178
vt 0.15625 0.98291
vt 0.154785 0.982422
vt 0.154053 0.982422
vt 0.155029 0.983154
vt 0.155518 0.98291
vt 0.155029 0.983887
vt 0.154297 0.983154
vt 0.153564 0.982666
vt 0.155762 0.983887
vt 0.15625 0.983643
vt 0.154541 0.984131
vt 0.153809 0.983398
vt 0.154785 0.985107
vt 0.155273 0.984863
vt 0.155762 0.984619
vt 0.154053 0.984131
vt 0.153564 0.984375
vt 0.154053 0.985107
vt 0.154785 0.98584
vt 0.155273 0.98584
vt 0.156494 0.984619
vt 0.156494 0.985596
vt 0.156982 0.984375
vt 0.156738 0.983643
vt 0.157227 0.983643
vt 0.157471 0.984375
vt 0.157959 0.984375
vt 0.157959 0.985107
vt 0.157715 0.985352
vt 0.158203 0.985596
vt 0.156982 0.985352
vt 0.157715 0.986084
vt 0.158447 0.986328
vt 0.156738 0.986328
vt 0.155762 0.985596
vt 0.155762 0.986572
vt 0.155273 0.986816
vt 0.154785 0.986816
vt 0.156006 0.987549
vt 0.155518 0.987549
vt 0.156494 0.987549
vt 0.156006 0.988525
vt 0.155029 0.987549
vt 0.156982 0.987061
vt 0.157715 0.987061
vt 0.156982 0.987793
vt 0.158447 0.987061
vt 0.158691 0.986816
vt 0.157715 0.988037
vt 0.158447 0.987793
vt 0.156494 0.988281
vt 0.156982 0.988525
vt 0.157471 0.98877
vt 0.156738 0.989014
vt 0.158936 0.987793
vt 0.159424 0.987793
vt 0.159668 0.988525
vt 0.158936 0.988525
vt 0.159668 0.989258
vt 0.15625 0.989258
vt 0.158447 0.988525
vt 0.158936 0.989258
vt 0.158447 0.989258
vt 0.158936 0.98999
vt 0.159912 0.98999
vt 0.157715 0.989502
vt 0.159912 0.990479
vt 0.158447 0.989746
vt 0.156982 0.989014
vt 0.156738 0.989746
vt 0.156982 0.989746
vt 0.157959 0.990234
vt 0.156738 0.990479
vt 0.15625 0.98999
vt 0.157227 0.990479
vt 0.158447 0.990234
vt 0.157959 0.990967
vt 0.156738 0.990723
vt 0.159424 0.990723
vt 0.158447 0.990723
vt 0.159668 0.991211
vt 0.160156 0.990967
vt 0.160156 0.991455
vt 0.160156 0.991943
vt 0.157227 0.990967
vt 0.157715 0.991211
vt 0.158447 0.991455
vt 0.15918 0.991943
vt 0.157471 0.991699
vt 0.156738 0.991211
vt 0.159912 0.992188
vt 0.159912 0.992432
vt 0.1604 0.992676
vt 0.159912 0.993164
vt 0.159668 0.99292
vt 0.159424 0.993652
vt 0.158691 0.99292
vt 0.157959 0.992188
vt 0.158691 0.994385
vt 0.159668 0.994141
vt 0.158936 0.994629
vt 0.158447 0.995117
vt 0.157227 0.991943
vt 0.157715 0.99292
vt 0.156982 0.992188
vt 0.156982 0.991699
vt 0.156738 0.992676
vt 0.156738 0.993408
vt 0.157471 0.994141
vt 0.157471 0.996094
vt 0.15625 0.992188
vt 0.156494 0.991455
vt 0.155762 0.992432
vt 0.156494 0.990967
vt 0.15625 0.991699
vt 0.156006 0.991455
vt 0.15625 0.990479
vt 0.156006 0.990723
vt 0.156006 0.990479
vt 0.155762 0.98999
vt 0.155518 0.990479
vt 0.155762 0.989258
vt 0.155273 0.98999
vt 0.155273 0.989746
vt 0.155029 0.988525
vt 0.154785 0.989258
vt 0.154785 0.989746
vt 0.155029 0.990234
vt 0.154785 0.988525
vt 0.153809 0.987793
vt 0.154053 0.988525
vt 0.153564 0.987061
vt 0.153564 0.986084
vt 0.152832 0.987305
vt 0.15332 0.988037
vt 0.153564 0.985107
vt 0.1521 0.986572
vt 0.152344 0.985352
vt 0.152344 0.984375
vt 0.151123 0.985107
vt 0.152588 0.983643
vt 0.151367 0.98584
vt 0.152344 0.987305
vt 0.151367 0.986816
vt 0.1521 0.987305
vt 0.152588 0.987793
vt 0.1521 0.987793
vt 0.152588 0.988281
vt 0.151367 0.987305
vt 0.150879 0.986816
vt 0.150879 0.987305
vt 0.151611 0.987793
vt 0.150879 0.986084
vt 0.149902 0.986084
vt 0.149902 0.985352
vt 0.150391 0.986816
vt 0.148682 0.985596
vt 0.150146 0.984375
vt 0.149902 0.986572
vt 0.149414 0.986328
vt 0.149902 0.986816
vt 0.149902 0.987061
vt 0.148682 0.984619
vt 0.151123 0.983887
vt 0.150146 0.983398
vt 0.151367 0.983154
vt 0.152588 0.98291
vt 0.14917 0.983643
vt 0.150146 0.982666
vt 0.148926 0.98291
vt 0.151367 0.982178
vt 0.148926 0.981934
vt 0.149902 0.981689
vt 0.147705 0.982178
vt 0.147949 0.983154
vt 0.147949 0.983887
vt 0.146729 0.983398
vt 0.147705 0.984375
vt 0.147705 0.985107
vt 0.146729 0.982666
vt 0.146484 0.984375
vt 0.145752 0.98291
vt 0.14624 0.983887
vt 0.146729 0.981689
vt 0.145508 0.981934
vt 0.145508 0.984131
vt 0.147705 0.981201
vt 0.145508 0.981201
vt 0.148682 0.981201
vt 0.146484 0.980713
vt 0.147705 0.980469
vt 0.148926 0.980225
vt 0.149902 0.980713
vt 0.151123 0.981445
vt 0.150879 0.980957
vt 0.1521 0.982178
vt 0.151611 0.981445
vt 0.152344 0.981934
vt 0.149902 0.97998
vt 0.151367 0.980713
vt 0.1521 0.981201
vt 0.151123 0.979736
vt 0.151855 0.980469
vt 0.150635 0.97998
vt 0.151611 0.979736
vt 0.150879 0.979004
vt 0.149658 0.97876
vt 0.152588 0.980469
vt 0.152588 0.981201
vt 0.150635 0.978271
vt 0.150391 0.977783
vt 0.149902 0.977539
vt 0.149902 0.978271
vt 0.149414 0.978271
vt 0.14917 0.977783
vt 0.148682 0.977783
vt 0.148438 0.977295
vt 0.148926 0.978516
vt 0.14917 0.979248
vt 0.148438 0.979004
vt 0.148193 0.978516
vt 0.147705 0.978027
vt 0.147949 0.977295
vt 0.148193 0.979492
vt 0.147705 0.979004
vt 0.147461 0.979492
vt 0.147461 0.977783
vt 0.146973 0.977539
vt 0.147217 0.97876
vt 0.146729 0.978271
vt 0.146729 0.979248
vt 0.146484 0.97998
vt 0.14624 0.979004
vt 0.145752 0.979492
vt 0.145264 0.980469
vt 0.145752 0.978516
vt 0.14624 0.978027
vt 0.145996 0.977539
vt 0.145508 0.978271
vt 0.145264 0.977539
vt 0.145264 0.979248
vt 0.144775 0.978027
vt 0.144775 0.97876
vt 0.144531 0.977539
vt 0.144775 0.979736
vt 0.144287 0.978516
vt 0.143799 0.978271
vt 0.143799 0.977539
vt 0.144287 0.979492
vt 0.143799 0.979004
vt 0.143311 0.978027
vt 0.143799 0.97998
vt 0.142822 0.977783
vt 0.143311 0.979004
vt 0.142822 0.978516
vt 0.142822 0.979492
vt 0.143311 0.979736
vt 0.142822 0.980225
vt 0.142334 0.978516
vt 0.142334 0.979248
vt 0.141846 0.978271
vt 0.141846 0.979004
vt 0.14209 0.979736
vt 0.142334 0.980225
vt 0.142578 0.980713
vt 0.143311 0.981201
vt 0.14209 0.980713
vt 0.141602 0.980225
vt 0.14209 0.981445
vt 0.141113 0.980957
vt 0.141602 0.981201
vt 0.141357 0.979736
vt 0.141113 0.980225
vt 0.141113 0.979248
vt 0.140625 0.979736
vt 0.141357 0.97876
vt 0.140381 0.979248
vt 0.141357 0.978027
vt 0.140869 0.97876
vt 0.140137 0.980225
vt 0.140625 0.980713
vt 0.140137 0.981445
vt 0.140625 0.981689
vt 0.141113 0.981934
vt 0.140381 0.982178
vt 0.13916 0.982422
vt 0.141602 0.982178
vt 0.139404 0.981445
vt 0.139893 0.979736
vt 0.13916 0.980713
vt 0.139648 0.980225
vt 0.138916 0.981201
vt 0.13916 0.979736
vt 0.13916 0.980225
vt 0.138428 0.980957
vt 0.138428 0.982422
vt 0.138428 0.981201
vt 0.138428 0.980225
vt 0.138428 0.97998
vt 0.137939 0.980957
vt 0.137695 0.97998
vt 0.137451 0.980469
vt 0.137695 0.981445
vt 0.137207 0.981201
vt 0.137939 0.981934
vt 0.136719 0.981934
vt 0.137207 0.982178
vt 0.137695 0.982422
vt 0.137939 0.983154
vt 0.136719 0.982422
vt 0.136963 0.983154
vt 0.137207 0.983398
vt 0.13623 0.983398
vt 0.136719 0.983643
vt 0.137207 0.983643
vt 0.135986 0.982666
vt 0.135742 0.982178
vt 0.136719 0.981445
vt 0.136475 0.980957
vt 0.135742 0.981934
vt 0.137207 0.980225
vt 0.135742 0.981201
vt 0.136475 0.980469
vt 0.136719 0.97998
vt 0.137451 0.979736
vt 0.135742 0.980469
vt 0.137695 0.979004
vt 0.135742 0.980957
vt 0.13501 0.981445
vt 0.13501 0.980957
vt 0.138428 0.979492
vt 0.138428 0.979004
vt 0.13916 0.979248
vt 0.139404 0.978516
vt 0.139404 0.978271
vt 0.139648 0.979248
vt 0.140381 0.978027
vt 0.140137 0.979004
vt 0.140381 0.978271
vt 0.140869 0.978027
vt 0.141113 0.977539
vt 0.141846 0.977539
vt 0.142334 0.977539
vt 0.14209 0.976807
vt 0.142578 0.977295
vt 0.13501 0.981689
vt 0.13501 0.982422
vt 0.13501 0.982666
vt 0.134277 0.98291
vt 0.134521 0.981689
vt 0.134033 0.981445
vt 0.135254 0.983154
vt 0.134033 0.982178
vt 0.134277 0.982178
vt 0.133301 0.982178
vt 0.135498 0.983643
vt 0.133301 0.982666
vt 0.132812 0.982666
vt 0.133545 0.98291
vt 0.132812 0.983154
vt 0.133789 0.983398
vt 0.133301 0.983643
vt 0.133545 0.983643
vt 0.134521 0.983154
vt 0.134033 0.983643
vt 0.134766 0.983398
vt 0.134277 0.983887
vt 0.13501 0.983887
vt 0.134033 0.984131
vt 0.133789 0.984131
vt 0.133301 0.984131
vt 0.134521 0.984375
vt 0.134033 0.984863
vt 0.133545 0.984619
vt 0.132812 0.984131
vt 0.133057 0.984619
vt 0.132324 0.984131
vt 0.131836 0.983887
vt 0.132568 0.984619
vt 0.13208 0.984863
vt 0.131592 0.984863
vt 0.131836 0.985352
vt 0.131348 0.985596
vt 0.132324 0.985352
vt 0.132812 0.985352
vt 0.133301 0.985596
vt 0.132568 0.986328
vt 0.133545 0.985107
vt 0.133789 0.986084
vt 0.13208 0.986084
vt 0.131592 0.986084
vt 0.130859 0.986084
vt 0.131836 0.987061
vt 0.132324 0.986572
vt 0.133057 0.986816
vt 0.132568 0.987305
vt 0.131104 0.986816
vt 0.132324 0.987793
vt 0.131592 0.987549
vt 0.130859 0.986816
vt 0.130371 0.986084
vt 0.131104 0.987549
vt 0.132568 0.988281
vt 0.131836 0.988281
vt 0.130371 0.987305
vt 0.129883 0.986816
vt 0.129883 0.988037
vt 0.130859 0.988037
vt 0.131348 0.988281
vt 0.132324 0.98877
vt 0.131592 0.98877
vt 0.131104 0.98877
vt 0.130127 0.98877
vt 0.129395 0.989014
vt 0.131836 0.989258
vt 0.131348 0.989502
vt 0.132568 0.989258
vt 0.131592 0.990234
vt 0.130859 0.98999
vt 0.132324 0.989746
vt 0.130371 0.989258
vt 0.129883 0.989258
vt 0.129639 0.989258
vt 0.129395 0.989258
vt 0.129883 0.989746
vt 0.129395 0.98999
vt 0.129883 0.990479
vt 0.130615 0.98999
vt 0.130127 0.990479
vt 0.130371 0.991211
vt 0.130615 0.991211
vt 0.131104 0.990723
vt 0.130859 0.991455
vt 0.130859 0.991943
vt 0.131592 0.990723
vt 0.131348 0.991699
vt 0.131348 0.991943
vt 0.131348 0.992676
vt 0.132324 0.990967
vt 0.13208 0.991211
vt 0.131836 0.991943
vt 0.131592 0.992432
vt 0.131836 0.993164
vt 0.132324 0.991943
vt 0.132324 0.992432
vt 0.13208 0.993164
vt 0.13208 0.993652
vt 0.132568 0.993652
vt 0.132568 0.993896
vt 0.132812 0.992676
vt 0.132812 0.992188
vt 0.133057 0.991455
vt 0.133545 0.992432
vt 0.133057 0.993408
vt 0.133057 0.994141
vt 0.133545 0.992188
vt 0.133545 0.991211
vt 0.133545 0.994141
vt 0.133057 0.994629
vt 0.133545 0.995117
vt 0.132812 0.990723
vt 0.133057 0.98999
vt 0.133057 0.989258
vt 0.133789 0.990723
vt 0.133789 0.98999
vt 0.133545 0.989014
vt 0.133301 0.988525
vt 0.133301 0.987549
vt 0.133789 0.988525
vt 0.134033 0.989258
vt 0.134277 0.990479
vt 0.134277 0.991211
vt 0.134521 0.989502
vt 0.134277 0.991699
vt 0.13501 0.990967
vt 0.135498 0.991699
vt 0.134521 0.992432
vt 0.135986 0.990967
vt 0.135498 0.990234
vt 0.135254 0.989502
vt 0.135986 0.989746
vt 0.134521 0.98877
vt 0.134277 0.988281
vt 0.135254 0.988525
vt 0.133789 0.987793
vt 0.134766 0.988281
vt 0.134277 0.987793
vt 0.134033 0.987061
vt 0.135986 0.98877
vt 0.135254 0.988037
vt 0.13501 0.987061
vt 0.134521 0.987061
vt 0.134277 0.986572
vt 0.134521 0.986328
vt 0.134277 0.985596
vt 0.135498 0.987305
vt 0.134521 0.985107
vt 0.134766 0.985596
vt 0.134766 0.985107
vt 0.135742 0.987549
vt 0.13501 0.98584
vt 0.135498 0.986572
vt 0.135254 0.985596
vt 0.135742 0.986084
vt 0.135498 0.984375
vt 0.135986 0.985107
vt 0.135986 0.986572
vt 0.13623 0.986084
vt 0.135498 0.984131
vt 0.135742 0.984375
vt 0.136475 0.986572
vt 0.135986 0.984619
vt 0.135986 0.984131
vt 0.135986 0.983887
vt 0.13623 0.983643
vt 0.136475 0.983887
vt 0.136963 0.984375
vt 0.136475 0.984619
vt 0.13623 0.985107
vt 0.136719 0.985107
vt 0.136719 0.985352
vt 0.137451 0.984131
vt 0.137207 0.984863
vt 0.138184 0.983887
vt 0.137939 0.984619
vt 0.137207 0.985352
vt 0.138428 0.984375
vt 0.137695 0.985107
vt 0.138184 0.985107
vt 0.137695 0.985596
vt 0.136963 0.986328
vt 0.138184 0.985352
vt 0.137451 0.986572
vt 0.136963 0.986816
vt 0.137939 0.986572
vt 0.137451 0.987061
vt 0.136963 0.987793
vt 0.13623 0.987549
vt 0.13623 0.988281
vt 0.137207 0.987793
vt 0.136719 0.989014
vt 0.137207 0.988525
vt 0.137695 0.988037
vt 0.136475 0.98999
vt 0.136475 0.990723
vt 0.136963 0.98999
vt 0.137207 0.989014
vt 0.137695 0.989014
vt 0.137695 0.989502
vt 0.138184 0.989014
vt 0.137695 0.990234
vt 0.137939 0.990234
vt 0.137451 0.990967
vt 0.136963 0.991211
vt 0.137939 0.991211
vt 0.136475 0.991943
vt 0.137207 0.992188
vt 0.137939 0.991943
vt 0.138428 0.991211
vt 0.135498 0.992432
vt 0.136719 0.992676
vt 0.13623 0.992676
vt 0.135254 0.99292
vt 0.136475 0.993652
vt 0.137695 0.99292
vt 0.137207 0.993652
vt 0.135742 0.993408
vt 0.13501 0.993652
vt 0.134521 0.993896
vt 0.135742 0.993896
vt 0.134766 0.994385
vt 0.135986 0.994629
vt 0.136719 0.994629
vt 0.134033 0.99292
vt 0.133545 0.993896
vt 0.134033 0.995117
vt 0.134033 0.995361
vt 0.134277 0.995361
vt 0.134277 0.995605
vt 0.13501 0.995117
vt 0.13501 0.995361
vt 0.135986 0.994873
vt 0.135254 0.996094
vt 0.134766 0.996338
vt 0.136475 0.995117
vt 0.135254 0.996826
vt 0.135498 0.996582
vt 0.135742 0.99707
vt 0.13623 0.996094
vt 0.136719 0.996094
vt 0.136719 0.99707
vt 0.136963 0.995605
vt 0.137207 0.995117
vt 0.137451 0.99585
vt 0.137695 0.994629
vt 0.137939 0.996338
vt 0.137939 0.993652
vt 0.138184 0.994873
vt 0.138184 0.99292
vt 0.138184 0.991943
vt 0.138916 0.992188
vt 0.138672 0.993164
vt 0.138428 0.993896
vt 0.137939 0.995605
vt 0.138916 0.994873
vt 0.138672 0.995361
vt 0.138428 0.996094
vt 0.13916 0.993896
vt 0.13916 0.99292
vt 0.139648 0.994873
vt 0.139648 0.993896
vt 0.139893 0.995605
vt 0.13916 0.992188
vt 0.139648 0.992188
vt 0.13916 0.991211
vt 0.138916 0.991211
vt 0.138916 0.990723
vt 0.139648 0.993164
vt 0.140137 0.993164
vt 0.139893 0.990967
vt 0.138672 0.98999
vt 0.138916 0.98999
vt 0.139404 0.990234
vt 0.138916 0.989258
vt 0.140381 0.990723
vt 0.138672 0.989014
vt 0.138672 0.988525
vt 0.138428 0.987793
vt 0.138428 0.986328
vt 0.138916 0.987549
vt 0.13916 0.988037
vt 0.138916 0.985107
vt 0.13916 0.98584
vt 0.138672 0.984619
vt 0.139648 0.984863
vt 0.139404 0.984375
vt 0.13916 0.984131
vt 0.139648 0.987061
vt 0.139893 0.985352
vt 0.139893 0.98584
vt 0.140625 0.984863
vt 0.139648 0.984375
vt 0.140137 0.984375
vt 0.141113 0.984619
vt 0.140869 0.985352
vt 0.140381 0.986816
vt 0.139648 0.984131
vt 0.13916 0.983887
vt 0.138672 0.983887
vt 0.138916 0.983643
vt 0.138184 0.983643
vt 0.137695 0.983643
vt 0.138672 0.98291
vt 0.139404 0.982666
vt 0.139648 0.983398
vt 0.139893 0.982666
vt 0.140381 0.983154
vt 0.140625 0.98291
vt 0.141357 0.982666
vt 0.140869 0.983398
vt 0.140625 0.983887
vt 0.140869 0.984375
vt 0.141113 0.983643
vt 0.141602 0.983398
vt 0.141846 0.982666
vt 0.141846 0.983887
vt 0.14209 0.982422
vt 0.142334 0.983398
vt 0.142578 0.981689
vt 0.142578 0.98291
vt 0.143066 0.981934
vt 0.142822 0.983398
vt 0.143066 0.98291
vt 0.142334 0.984131
vt 0.143555 0.983643
vt 0.143066 0.983887
vt 0.14209 0.984375
vt 0.142578 0.984619
vt 0.141602 0.984131
vt 0.141846 0.984619
vt 0.14209 0.984619
vt 0.141602 0.984863
vt 0.142578 0.985107
vt 0.141113 0.986084
vt 0.141846 0.985596
vt 0.141357 0.987549
vt 0.143066 0.984863
vt 0.14209 0.986572
vt 0.143066 0.986328
vt 0.143311 0.985107
vt 0.143555 0.984863
vt 0.143799 0.985107
vt 0.143311 0.984375
vt 0.143555 0.984131
vt 0.143799 0.984619
vt 0.144043 0.984863
vt 0.144287 0.984375
vt 0.144043 0.983643
vt 0.143799 0.98291
vt 0.144531 0.983887
vt 0.143555 0.982422
vt 0.144775 0.983398
vt 0.144531 0.982422
vt 0.144043 0.981689
vt 0.144531 0.981201
vt 0.144043 0.980713
vt 0.144775 0.984375
vt 0.145508 0.984863
vt 0.14502 0.984863
vt 0.14502 0.985107
vt 0.145996 0.984619
vt 0.145508 0.985352
vt 0.144775 0.985107
vt 0.144287 0.985352
vt 0.14502 0.985352
vt 0.143555 0.985596
vt 0.144531 0.98584
vt 0.143799 0.986328
vt 0.144775 0.986328
vt 0.145996 0.985596
vt 0.145264 0.98584
vt 0.144287 0.987549
vt 0.143311 0.987305
vt 0.142334 0.987305
vt 0.142578 0.988037
vt 0.143555 0.988037
vt 0.14209 0.988525
vt 0.143066 0.989014
vt 0.144043 0.98877
vt 0.14502 0.987061
vt 0.144775 0.988525
vt 0.143799 0.98999
vt 0.145752 0.986572
vt 0.144531 0.989746
vt 0.145508 0.988037
vt 0.14502 0.989258
vt 0.144287 0.990967
vt 0.14502 0.990723
vt 0.145508 0.990479
vt 0.145752 0.989014
vt 0.14624 0.987793
vt 0.14624 0.98999
vt 0.146484 0.988525
vt 0.146729 0.987061
vt 0.145264 0.991211
vt 0.145996 0.990967
vt 0.144531 0.991699
vt 0.145752 0.991943
vt 0.146484 0.991699
vt 0.146729 0.990723
vt 0.146973 0.991211
vt 0.146973 0.989746
vt 0.147461 0.990723
vt 0.147217 0.988281
vt 0.147705 0.989258
vt 0.148193 0.990234
vt 0.147949 0.991211
vt 0.147949 0.987793
vt 0.147705 0.987061
vt 0.148193 0.991943
vt 0.148438 0.98877
vt 0.148682 0.989502
vt 0.149658 0.989258
vt 0.14917 0.990234
vt 0.148438 0.990723
vt 0.148926 0.991455
vt 0.149658 0.990967
vt 0.14917 0.992188
vt 0.150146 0.991943
vt 0.148926 0.992676
vt 0.147705 0.992432
vt 0.150391 0.990479
vt 0.150635 0.991211
vt 0.149902 0.98999
vt 0.151367 0.990967
vt 0.150879 0.991699
vt 0.151123 0.990234
vt 0.150635 0.989258
vt 0.151123 0.992432
vt 0.150146 0.988037
vt 0.151611 0.991455
vt 0.151855 0.991699
vt 0.152344 0.990967
vt 0.151855 0.990234
vt 0.151611 0.989258
vt 0.152344 0.991455
vt 0.15332 0.990967
vt 0.152832 0.991943
vt 0.152832 0.990234
vt 0.152588 0.989502
vt 0.152832 0.992432
vt 0.15332 0.991943
vt 0.152344 0.992676
vt 0.154053 0.992676
vt 0.154297 0.991455
vt 0.153809 0.990479
vt 0.15332 0.989746
vt 0.154297 0.990234
vt 0.153076 0.989258
vt 0.15332 0.993164
vt 0.154785 0.992188
vt 0.152588 0.993896
vt 0.154541 0.993408
vt 0.151123 0.993652
vt 0.151367 0.993164
vt 0.150391 0.99292
vt 0.149902 0.993652
vt 0.151855 0.994141
vt 0.150879 0.994141
vt 0.151855 0.994629
vt 0.148682 0.993164
vt 0.150146 0.994873
vt 0.14917 0.994385
vt 0.151367 0.995117
vt 0.147949 0.993652
vt 0.146973 0.993164
vt 0.149414 0.995361
vt 0.150635 0.995605
vt 0.148438 0.994873
vt 0.147461 0.994141
vt 0.146484 0.992432
vt 0.145996 0.99292
vt 0.14624 0.993652
vt 0.145264 0.99292
vt 0.14502 0.992188
vt 0.144043 0.991943
vt 0.146729 0.994873
vt 0.145508 0.994141
vt 0.144531 0.993408
vt 0.143311 0.991211
vt 0.143066 0.990479
vt 0.142822 0.991455
vt 0.142578 0.989502
vt 0.143311 0.992432
vt 0.143799 0.993896
vt 0.14209 0.990479
vt 0.141846 0.98999
vt 0.141357 0.989014
vt 0.141113 0.990234
vt 0.140869 0.988037
vt 0.140625 0.989502
vt 0.140137 0.988525
vt 0.139893 0.987793
vt 0.139648 0.989014
vt 0.139893 0.989746
vt 0.141602 0.991211
vt 0.140869 0.991699
vt 0.14209 0.991943
vt 0.140381 0.991943
vt 0.141357 0.992432
vt 0.142578 0.99292
vt 0.140869 0.99292
vt 0.141846 0.993408
vt 0.143066 0.994141
vt 0.140625 0.994141
vt 0.141357 0.993896
vt 0.142334 0.994385
vt 0.144287 0.994873
vt 0.140137 0.993896
vt 0.140137 0.994629
vt 0.140625 0.994873
vt 0.140625 0.995605
vt 0.141113 0.994629
vt 0.141357 0.995361
vt 0.141846 0.994629
vt 0.142578 0.995605
vt 0.141113 0.99585
vt 0.140381 0.996094
vt 0.141846 0.996094
vt 0.142822 0.995361
vt 0.141602 0.996826
vt 0.143555 0.995117
vt 0.143555 0.996094
vt 0.143066 0.996582
vt 0.144043 0.99585
vt 0.144775 0.996826
vt 0.144775 0.995361
vt 0.14502 0.994629
vt 0.145996 0.994629
vt 0.145752 0.99585
vt 0.145264 0.996338
vt 0.14624 0.995361
vt 0.146729 0.996094
vt 0.146484 0.99707
vt 0.147461 0.995605
vt 0.147949 0.995117
vt 0.147949 0.996582
vt 0.147217 0.996582
vt 0.147217 0.99707
vt 0.148926 0.995605
vt 0.148438 0.996094
vt 0.150146 0.99585
vt 0.149414 0.996338
vt 0.148193 0.997314
vt 0.147705 0.997559
vt 0.146973 0.998291
vt 0.147705 0.998291
vt 0.148926 0.996826
vt 0.148438 0.997559
vt 0.148926 0.99707
vt 0.147217 0.999023
vt 0.148438 0.999512
vt 0.148926 0.999023
vt 0.148682 0.999268
vt 0.149658 0.998779
vt 0.149414 0.998535
vt 0.150146 0.998535
vt 0.149658 0.996826
vt 0.150146 0.997559
vt 0.150635 0.998291
vt 0.150391 0.996338
vt 0.150879 0.997803
vt 0.151611 0.998779
vt 0.150635 0.99707
vt 0.152344 0.998535
vt 0.150879 0.996094
vt 0.151367 0.996582
vt 0.151611 0.99585
vt 0.151367 0.99707
vt 0.151855 0.996094
vt 0.152344 0.995605
vt 0.152832 0.998047
vt 0.152832 0.998291
vt 0.152588 0.996094
vt 0.15332 0.998047
vt 0.153809 0.998535
vt 0.15332 0.997803
vt 0.15332 0.99585
vt 0.153809 0.997803
vt 0.154785 0.998047
vt 0.154297 0.997559
vt 0.155273 0.997559
vt 0.153809 0.996582
vt 0.155029 0.99707
vt 0.154541 0.996094
vt 0.155762 0.996582
vt 0.156006 0.99707
vt 0.156738 0.996338
vt 0.156982 0.996582
vt 0.155273 0.995361
vt 0.157227 0.996338
vt 0.155518 0.994629
vt 0.154785 0.995117
vt 0.156494 0.994385
vt 0.15625 0.993896
vt 0.15625 0.993408
vt 0.155273 0.994141
vt 0.156006 0.99292
vt 0.155029 0.993408
vt 0.155029 0.99292
vt 0.154297 0.993896
vt 0.154541 0.994385
vt 0.153564 0.994385
vt 0.153809 0.994873
vt 0.154297 0.995605
vt 0.153076 0.995117
vt 0.152832 0.994629
vt 0.146484 0.985107
vt 0.14624 0.985352
vt 0.147217 0.985352
vt 0.146729 0.985596
vt 0.146484 0.985596
vt 0.146729 0.98584
vt 0.147217 0.985596
vt 0.14624 0.986084
vt 0.146484 0.986328
vt 0.146973 0.986084
vt 0.147461 0.986572
vt 0.147461 0.986084
vt 0.147949 0.986328
vt 0.147949 0.986084
vt 0.147705 0.98584
vt 0.148193 0.986084
vt 0.147705 0.985596
vt 0.148193 0.98584
vt 0.148682 0.986084
vt 0.148926 0.986328
vt 0.148926 0.986572
vt 0.148682 0.986572
vt 0.149414 0.986816
vt 0.148193 0.986572
vt 0.148926 0.986816
vt 0.148438 0.987061
vt 0.148682 0.987549
vt 0.149414 0.987305
vt 0.150146 0.987305
vt 0.14917 0.988281
vt 0.149658 0.987549
vt 0.150391 0.987793
vt 0.150879 0.988037
vt 0.150879 0.987549
vt 0.150635 0.987305
vt 0.151123 0.987793
vt 0.151123 0.988525
vt 0.151611 0.988281
vt 0.151855 0.988037
vt 0.1521 0.98877
vt 0.152344 0.988525
vt 0.152588 0.98877
vt 0.152832 0.98877
vt 0.153076 0.988525
vt 0.15332 0.989014
vt 0.153564 0.98877
vt 0.153564 0.989502
vt 0.153809 0.989258
vt 0.154053 0.989014
vt 0.154053 0.989746
vt 0.154297 0.989502
vt 0.155029 0.990967
vt 0.155762 0.990967
vt 0.155273 0.991455
vt 0.155518 0.991699
vt 0.153564 0.981934
vt 0.152832 0.981934
vt 0.153076 0.982666
vt 0.15332 0.983398
vt 0.016602 0.647217
vt 0.016602 0.646973
vt 0.016846 0.647217
vt 0.016846 0.647461
vt 0.01709 0.647949
vt 0.01709 0.646729
vt 0.017578 0.647949
vt 0.017578 0.647461
vt 0.018311 0.646973
vt 0.016602 0.647949
vt 0.016846 0.648682
vt 0.017334 0.648193
vt 0.018066 0.648682
vt 0.017578 0.64917
vt 0.016357 0.648682
vt 0.017822 0.648926
vt 0.018311 0.647949
vt 0.016846 0.648926
vt 0.018066 0.649414
vt 0.017822 0.649414
vt 0.017334 0.64917
vt 0.016846 0.649414
vt 0.017822 0.649658
vt 0.018311 0.649658
vt 0.017334 0.650146
vt 0.018311 0.650146
vt 0.018799 0.649902
vt 0.019043 0.649902
vt 0.019287 0.650391
vt 0.019043 0.650635
vt 0.018066 0.650635
vt 0.019775 0.650879
vt 0.017578 0.650635
vt 0.019775 0.650146
vt 0.02002 0.649902
vt 0.019775 0.651123
vt 0.018799 0.650879
vt 0.018555 0.651123
vt 0.019531 0.651367
vt 0.019043 0.651367
vt 0.018311 0.651367
vt 0.017334 0.650879
vt 0.02002 0.651367
vt 0.019775 0.651367
vt 0.019287 0.651611
vt 0.017822 0.651367
vt 0.018555 0.651855
vt 0.019287 0.6521
vt 0.01709 0.651123
vt 0.020508 0.651855
vt 0.020752 0.652344
vt 0.016846 0.650391
vt 0.016357 0.650391
vt 0.015869 0.649658
vt 0.01709 0.650146
vt 0.016357 0.649658
vt 0.016602 0.649658
vt 0.015625 0.648926
vt 0.016357 0.64917
vt 0.015869 0.648926
vt 0.015625 0.648193
vt 0.017578 0.64502
vt 0.017822 0.645996
vt 0.018311 0.645508
vt 0.018799 0.645996
vt 0.018555 0.644775
vt 0.019043 0.645264
vt 0.019043 0.644043
vt 0.018799 0.643066
vt 0.019531 0.642334
vt 0.019775 0.643066
vt 0.019531 0.641602
vt 0.019775 0.644531
vt 0.020508 0.64209
vt 0.020508 0.643555
vt 0.019531 0.640625
vt 0.02124 0.642334
vt 0.021484 0.643311
vt 0.020996 0.644531
vt 0.022217 0.643555
vt 0.021973 0.644287
vt 0.022705 0.643066
vt 0.022705 0.644043
vt 0.023682 0.642822
vt 0.023438 0.644043
vt 0.022705 0.644775
vt 0.022217 0.645264
vt 0.024658 0.643311
vt 0.023926 0.644043
vt 0.023438 0.64502
vt 0.024902 0.642578
vt 0.024902 0.644043
vt 0.024414 0.644775
vt 0.025391 0.643555
vt 0.026123 0.644043
vt 0.025391 0.64209
vt 0.025879 0.643066
vt 0.026123 0.642334
vt 0.026367 0.643311
vt 0.026855 0.642822
vt 0.026367 0.641846
vt 0.025391 0.641113
vt 0.026123 0.641113
vt 0.025635 0.640625
vt 0.027832 0.642578
vt 0.027344 0.641846
vt 0.026855 0.641602
vt 0.027832 0.641602
vt 0.0271 0.641113
vt 0.027588 0.640381
vt 0.026855 0.640137
vt 0.027344 0.639648
vt 0.028076 0.639893
vt 0.02832 0.640869
vt 0.02832 0.64209
vt 0.028564 0.640625
vt 0.028809 0.641602
vt 0.028564 0.64209
vt 0.028076 0.642578
vt 0.027832 0.643066
vt 0.028076 0.643311
vt 0.027832 0.644043
vt 0.027344 0.643799
vt 0.027588 0.644287
vt 0.026855 0.644287
vt 0.0271 0.644775
vt 0.027344 0.645264
vt 0.026611 0.645264
vt 0.026367 0.644531
vt 0.025635 0.644531
vt 0.025879 0.64502
vt 0.025146 0.645264
vt 0.026123 0.645996
vt 0.024658 0.645752
vt 0.025635 0.646484
vt 0.023926 0.645264
vt 0.02417 0.646484
vt 0.022949 0.645996
vt 0.023682 0.645996
vt 0.025146 0.646973
vt 0.023193 0.646484
vt 0.023682 0.646973
vt 0.024658 0.647705
vt 0.025391 0.647705
vt 0.022705 0.647217
vt 0.024414 0.648193
vt 0.023438 0.647705
vt 0.024658 0.648438
vt 0.023926 0.648926
vt 0.024658 0.648682
vt 0.024414 0.64917
vt 0.023193 0.649414
vt 0.022949 0.648438
vt 0.022461 0.647949
vt 0.022705 0.64917
vt 0.022461 0.649658
vt 0.022461 0.646729
vt 0.021973 0.648438
vt 0.021729 0.64624
vt 0.021973 0.647461
vt 0.021484 0.648193
vt 0.021484 0.646973
vt 0.02124 0.645508
vt 0.020752 0.646484
vt 0.020264 0.64502
vt 0.020264 0.64624
vt 0.019775 0.645752
vt 0.019531 0.64624
vt 0.02002 0.646729
vt 0.019043 0.647217
vt 0.019531 0.647705
vt 0.019043 0.648193
vt 0.02002 0.647949
vt 0.020508 0.647217
vt 0.020996 0.647705
vt 0.020508 0.648438
vt 0.019531 0.648682
vt 0.018799 0.648926
vt 0.019287 0.649414
vt 0.020508 0.649414
vt 0.020996 0.648682
vt 0.019531 0.649658
vt 0.020264 0.649902
vt 0.02124 0.649902
vt 0.021729 0.64917
vt 0.020752 0.650391
vt 0.020264 0.650146
vt 0.020264 0.650635
vt 0.021973 0.649658
vt 0.02002 0.651123
vt 0.020996 0.650879
vt 0.020508 0.651123
vt 0.02124 0.650146
vt 0.021484 0.650391
vt 0.02124 0.650391
vt 0.021973 0.650146
vt 0.021973 0.650391
vt 0.021484 0.650879
vt 0.021973 0.650635
vt 0.022461 0.649902
vt 0.022461 0.650146
vt 0.022461 0.650391
vt 0.022949 0.649414
vt 0.022949 0.649902
vt 0.023438 0.649414
vt 0.022949 0.650146
vt 0.023193 0.649902
vt 0.023926 0.649414
vt 0.022949 0.650391
vt 0.023926 0.650146
vt 0.02417 0.649658
vt 0.024414 0.649414
vt 0.022461 0.650635
vt 0.023438 0.650879
vt 0.024414 0.649658
vt 0.023926 0.650635
vt 0.021973 0.651123
vt 0.022461 0.651123
vt 0.022705 0.651367
vt 0.021484 0.651123
vt 0.02124 0.651611
vt 0.022217 0.651611
vt 0.020508 0.651611
vt 0.02124 0.651855
vt 0.021729 0.651855
vt 0.022705 0.651855
vt 0.022705 0.6521
vt 0.021729 0.652588
vt 0.022949 0.652588
vt 0.023682 0.6521
vt 0.023193 0.651367
vt 0.023193 0.651611
vt 0.02417 0.650879
vt 0.02417 0.651367
vt 0.025391 0.650879
vt 0.024902 0.651855
vt 0.026123 0.651123
vt 0.026367 0.650391
vt 0.027588 0.649902
vt 0.02417 0.650391
vt 0.024414 0.650635
vt 0.024902 0.650879
vt 0.025146 0.650391
vt 0.024902 0.649902
vt 0.025635 0.650391
vt 0.025879 0.649658
vt 0.026367 0.649902
vt 0.0271 0.64917
vt 0.0271 0.649902
vt 0.027832 0.649414
vt 0.025635 0.64917
vt 0.026611 0.648926
vt 0.027588 0.648682
vt 0.028076 0.648926
vt 0.025146 0.64917
vt 0.026123 0.648682
vt 0.028076 0.647949
vt 0.028564 0.647949
vt 0.0271 0.648193
vt 0.029053 0.647217
vt 0.025635 0.648682
vt 0.026611 0.648193
vt 0.027588 0.647705
vt 0.02832 0.646973
vt 0.028809 0.64624
vt 0.029297 0.64624
vt 0.027832 0.646973
vt 0.0271 0.647461
vt 0.029053 0.645508
vt 0.029541 0.645508
vt 0.02832 0.64624
vt 0.029053 0.644775
vt 0.02832 0.645508
vt 0.029785 0.644775
vt 0.030273 0.644775
vt 0.029297 0.644043
vt 0.030029 0.644043
vt 0.030518 0.644043
vt 0.030029 0.643555
vt 0.030518 0.643311
vt 0.028564 0.644775
vt 0.029297 0.643555
vt 0.030273 0.642822
vt 0.028564 0.644043
vt 0.028809 0.643555
vt 0.028076 0.645508
vt 0.029541 0.642822
vt 0.028076 0.644287
vt 0.02832 0.643555
vt 0.028076 0.64502
vt 0.027832 0.644287
vt 0.027832 0.644775
vt 0.027832 0.645508
vt 0.027832 0.645996
vt 0.026855 0.645996
vt 0.027588 0.64624
vt 0.026367 0.646729
vt 0.028076 0.645996
vt 0.027832 0.64624
vt 0.027588 0.646729
vt 0.027344 0.646973
vt 0.027344 0.647217
vt 0.026855 0.647461
vt 0.0271 0.646973
vt 0.026611 0.647461
vt 0.026123 0.647217
vt 0.026123 0.648193
vt 0.025879 0.647705
vt 0.025391 0.647949
vt 0.025635 0.647949
vt 0.024902 0.648438
vt 0.025146 0.648438
vt 0.024658 0.64917
vt 0.031738 0.642822
vt 0.030762 0.642822
vt 0.031494 0.642334
vt 0.031494 0.641602
vt 0.030518 0.643066
vt 0.030518 0.642578
vt 0.030273 0.64209
vt 0.030518 0.64209
vt 0.031006 0.641846
vt 0.030029 0.641602
vt 0.03125 0.641113
vt 0.031738 0.640869
vt 0.030518 0.641357
vt 0.03125 0.640381
vt 0.031738 0.640625
vt 0.029541 0.64209
vt 0.031494 0.640137
vt 0.031738 0.640381
vt 0.030518 0.640625
vt 0.030029 0.641113
vt 0.029785 0.641602
vt 0.031006 0.639648
vt 0.031494 0.639404
vt 0.031738 0.639404
vt 0.032471 0.63916
vt 0.032471 0.638428
vt 0.031738 0.638672
vt 0.031494 0.638916
vt 0.031982 0.637939
vt 0.032471 0.637451
vt 0.031006 0.638916
vt 0.03125 0.638428
vt 0.031738 0.637451
vt 0.031982 0.636963
vt 0.032471 0.636719
vt 0.030518 0.639893
vt 0.030762 0.638428
vt 0.03125 0.637451
vt 0.030518 0.63916
vt 0.030029 0.640137
vt 0.031494 0.636719
vt 0.030762 0.637695
vt 0.031982 0.636475
vt 0.032471 0.635986
vt 0.032959 0.635742
vt 0.031982 0.635498
vt 0.032471 0.635254
vt 0.03125 0.636719
vt 0.031006 0.636475
vt 0.030762 0.63623
vt 0.030762 0.636963
vt 0.030762 0.636719
vt 0.030518 0.635986
vt 0.030273 0.635742
vt 0.030029 0.635986
vt 0.030273 0.63623
vt 0.029785 0.63623
vt 0.030029 0.637207
vt 0.030518 0.636719
vt 0.029785 0.637695
vt 0.030273 0.637451
vt 0.030518 0.637207
vt 0.029297 0.637939
vt 0.030029 0.638184
vt 0.030518 0.637695
vt 0.030273 0.638428
vt 0.029053 0.638184
vt 0.029541 0.638428
vt 0.028809 0.638672
vt 0.028564 0.63916
vt 0.028564 0.639404
vt 0.029297 0.638916
vt 0.028809 0.640137
vt 0.029053 0.639893
vt 0.029053 0.641113
vt 0.029541 0.639404
vt 0.029785 0.638672
vt 0.030029 0.638672
vt 0.029785 0.63916
vt 0.029541 0.639648
vt 0.029297 0.640381
vt 0.030029 0.638916
vt 0.030273 0.638672
vt 0.030273 0.639404
vt 0.030029 0.639404
vt 0.029785 0.640137
vt 0.030029 0.640869
vt 0.029541 0.640869
vt 0.029785 0.641113
vt 0.029297 0.641357
vt 0.029541 0.641602
vt 0.029053 0.641357
vt 0.029053 0.641846
vt 0.028809 0.64209
vt 0.028564 0.642578
vt 0.028809 0.642334
vt 0.029297 0.642334
vt 0.028809 0.642822
vt 0.029053 0.642822
vt 0.144287 0.997314
vt 0.144775 0.998047
vt 0.144287 0.998291
vt 0.145264 0.997803
vt 0.144775 0.998535
vt 0.145752 0.997314
vt 0.146484 0.999023
vt 0.146484 0.999268
vt 0.145752 0.999512
vt 0.14502 0.999756
vt 0.144043 0.999268
vt 0.143799 0.999023
vt 0.143311 0.999512
vt 0.143066 0.999512
vt 0.143555 0.997803
vt 0.143066 0.998535
vt 0.14209 0.999268
vt 0.143555 0.997314
vt 0.14209 0.997803
vt 0.141113 0.999023
vt 0.142578 0.997314
vt 0.142578 0.99707
vt 0.142334 0.996826
vt 0.141357 0.998047
vt 0.140869 0.998535
vt 0.140381 0.999268
vt 0.140381 0.998291
vt 0.140137 0.999023
vt 0.141113 0.997559
vt 0.139404 0.999023
vt 0.141113 0.996826
vt 0.140625 0.996826
vt 0.139404 0.997803
vt 0.138184 0.998535
vt 0.139893 0.99707
vt 0.140137 0.996582
vt 0.139404 0.996094
vt 0.139648 0.996826
vt 0.138916 0.996826
vt 0.138428 0.996826
vt 0.138184 0.997314
vt 0.138184 0.99707
vt 0.137939 0.997803
vt 0.137939 0.998291
vt 0.137207 0.998047
vt 0.450195 0.041992
vt 0.450195 0.041504
vt 0.450684 0.041992
vt 0.449951 0.041992
vt 0.450684 0.041504
vt 0.451172 0.041992
vt 0.449707 0.041504
vt 0.450928 0.041504
vt 0.451416 0.041504
vt 0.45166 0.041992
vt 0.450439 0.040527
vt 0.450928 0.040527
vt 0.451172 0.040527
vt 0.450684 0.039551
vt 0.451172 0.039551
vt 0.450928 0.039062
vt 0.450195 0.040527
vt 0.450195 0.039551
vt 0.450684 0.039062
vt 0.450684 0.038818
vt 0.450928 0.038818
vt 0.450684 0.03833
vt 0.450439 0.038574
vt 0.450195 0.039062
vt 0.450195 0.039795
vt 0.450195 0.039307
vt 0.450195 0.038818
vt 0.450195 0.038574
vt 0.450439 0.037598
vt 0.449707 0.040527
vt 0.449951 0.039551
vt 0.449951 0.039062
vt 0.449707 0.038574
vt 0.449951 0.037598
vt 0.450439 0.036377
vt 0.449463 0.039795
vt 0.449219 0.039062
vt 0.449219 0.038574
vt 0.449219 0.037598
vt 0.449951 0.036377
vt 0.450439 0.035645
vt 0.449463 0.036377
vt 0.448975 0.037598
vt 0.44873 0.038574
vt 0.44873 0.039062
vt 0.448242 0.038818
vt 0.44873 0.039795
vt 0.44873 0.040283
vt 0.448242 0.038574
vt 0.448242 0.039795
vt 0.449463 0.040527
vt 0.449463 0.041504
vt 0.449219 0.041992
vt 0.448975 0.041748
vt 0.448975 0.041016
vt 0.448242 0.041748
vt 0.448486 0.040771
vt 0.44751 0.041748
vt 0.44751 0.040039
vt 0.44751 0.041016
vt 0.446533 0.041016
vt 0.446533 0.04126
vt 0.445801 0.041748
vt 0.445801 0.040771
vt 0.446777 0.040527
vt 0.444824 0.04126
vt 0.446045 0.039307
vt 0.445312 0.040283
vt 0.445068 0.040039
vt 0.44458 0.041016
vt 0.445801 0.039062
vt 0.445557 0.039062
vt 0.445801 0.038574
vt 0.446045 0.038574
vt 0.445801 0.03833
vt 0.446045 0.039062
vt 0.446045 0.03833
vt 0.446045 0.037842
vt 0.446045 0.038818
vt 0.446289 0.038574
vt 0.446777 0.038086
vt 0.446289 0.039062
vt 0.446289 0.038818
vt 0.446533 0.03833
vt 0.446777 0.039307
vt 0.446777 0.038574
vt 0.446777 0.038818
vt 0.44751 0.038818
vt 0.447021 0.039062
vt 0.44751 0.039307
vt 0.44751 0.039062
vt 0.447998 0.039307
vt 0.447998 0.039062
vt 0.447266 0.03833
vt 0.447754 0.037354
vt 0.448242 0.037598
vt 0.448486 0.036377
vt 0.448975 0.036621
vt 0.447754 0.036377
vt 0.449463 0.035889
vt 0.448486 0.035889
vt 0.447754 0.035645
vt 0.447266 0.036133
vt 0.447021 0.037354
vt 0.446289 0.037109
vt 0.445801 0.036865
vt 0.447998 0.035156
vt 0.448975 0.035889
vt 0.44873 0.034912
vt 0.449219 0.035156
vt 0.447266 0.035645
vt 0.447998 0.03418
vt 0.44751 0.034668
vt 0.447266 0.034912
vt 0.447754 0.033691
vt 0.447021 0.035645
vt 0.447021 0.036133
vt 0.446777 0.036865
vt 0.446533 0.036133
vt 0.446533 0.036865
vt 0.446289 0.035889
vt 0.446777 0.0354
vt 0.446045 0.036621
vt 0.446533 0.0354
vt 0.445801 0.036621
vt 0.445801 0.035889
vt 0.446045 0.035889
vt 0.445801 0.035156
vt 0.446289 0.0354
vt 0.446045 0.035156
vt 0.445801 0.034424
vt 0.446289 0.034424
vt 0.446045 0.034424
vt 0.445801 0.033691
vt 0.446045 0.033936
vt 0.446045 0.033447
vt 0.446045 0.032715
vt 0.446533 0.034668
vt 0.446777 0.034912
vt 0.447021 0.033936
vt 0.446777 0.033936
vt 0.446533 0.033447
vt 0.447021 0.032959
vt 0.446289 0.032715
vt 0.446777 0.032715
vt 0.446533 0.031982
vt 0.446289 0.031982
vt 0.447266 0.033203
vt 0.446533 0.03125
vt 0.446289 0.03125
vt 0.446777 0.032227
vt 0.447021 0.032227
vt 0.447266 0.032471
vt 0.446777 0.030518
vt 0.446289 0.030273
vt 0.447021 0.031494
vt 0.447266 0.031494
vt 0.446777 0.029541
vt 0.446289 0.029541
vt 0.447021 0.030762
vt 0.447266 0.030029
vt 0.447021 0.028809
vt 0.446289 0.028809
vt 0.44751 0.030518
vt 0.44751 0.031006
vt 0.44751 0.029785
vt 0.44751 0.031738
vt 0.447754 0.030273
vt 0.44751 0.029297
vt 0.447998 0.030029
vt 0.447998 0.029541
vt 0.448242 0.030029
vt 0.448242 0.030518
vt 0.447998 0.031006
vt 0.448486 0.030518
vt 0.447754 0.031738
vt 0.448242 0.03125
vt 0.448242 0.031982
vt 0.447754 0.032471
vt 0.44751 0.033203
vt 0.447266 0.03418
vt 0.447998 0.032715
vt 0.448242 0.033447
vt 0.448242 0.032715
vt 0.448486 0.031982
vt 0.448975 0.03418
vt 0.448975 0.033447
vt 0.448975 0.032715
vt 0.448486 0.03125
vt 0.448975 0.031982
vt 0.449463 0.032715
vt 0.449463 0.033447
vt 0.449219 0.034424
vt 0.449707 0.034912
vt 0.449707 0.033936
vt 0.449707 0.033447
vt 0.449707 0.032715
vt 0.450195 0.033203
vt 0.449463 0.031982
vt 0.450195 0.033691
vt 0.450195 0.032471
vt 0.450439 0.033203
vt 0.450439 0.03418
vt 0.450439 0.032471
vt 0.450195 0.034424
vt 0.450195 0.034912
vt 0.450439 0.034912
vt 0.450195 0.031738
vt 0.450439 0.031738
vt 0.449707 0.031982
vt 0.449951 0.035645
vt 0.449707 0.03125
vt 0.450195 0.031006
vt 0.450684 0.030762
vt 0.450195 0.030029
vt 0.450684 0.030029
vt 0.449463 0.03125
vt 0.450195 0.029541
vt 0.450684 0.029297
vt 0.449707 0.030273
vt 0.449463 0.030518
vt 0.449219 0.03125
vt 0.449219 0.030518
vt 0.449463 0.030029
vt 0.44873 0.030518
vt 0.449219 0.030029
vt 0.44873 0.030029
vt 0.448486 0.030029
vt 0.448975 0.029541
vt 0.448242 0.029053
vt 0.44873 0.029297
vt 0.449219 0.029785
vt 0.449219 0.029297
vt 0.449707 0.029785
vt 0.449707 0.029053
vt 0.44873 0.028564
vt 0.449707 0.02832
vt 0.44751 0.028564
vt 0.449219 0.02832
vt 0.448486 0.02832
vt 0.447998 0.028076
vt 0.448975 0.028076
vt 0.448486 0.027832
vt 0.449219 0.028076
vt 0.449463 0.027832
vt 0.448975 0.027588
vt 0.449707 0.027588
vt 0.448242 0.027588
vt 0.448486 0.0271
vt 0.447754 0.027344
vt 0.44751 0.027832
vt 0.447754 0.026855
vt 0.447266 0.028076
vt 0.449219 0.0271
vt 0.447266 0.028564
vt 0.447266 0.027344
vt 0.447021 0.028076
vt 0.447021 0.028564
vt 0.446533 0.02832
vt 0.446289 0.028076
vt 0.446533 0.027832
vt 0.446289 0.027588
vt 0.446777 0.0271
vt 0.446289 0.026855
vt 0.446289 0.026367
vt 0.447021 0.026855
vt 0.446777 0.026611
vt 0.446533 0.025879
vt 0.446289 0.025635
vt 0.447021 0.025879
vt 0.447266 0.026367
vt 0.446533 0.025391
vt 0.446289 0.025146
vt 0.446777 0.025391
vt 0.446533 0.024902
vt 0.446289 0.024414
vt 0.446777 0.024902
vt 0.446533 0.02417
vt 0.446289 0.023926
vt 0.44751 0.025635
vt 0.447266 0.025146
vt 0.447266 0.02417
vt 0.447754 0.024658
vt 0.447754 0.026123
vt 0.447998 0.025146
vt 0.447998 0.026367
vt 0.448242 0.025635
vt 0.448486 0.025879
vt 0.44873 0.025391
vt 0.44873 0.026611
vt 0.448975 0.026123
vt 0.449463 0.026367
vt 0.449707 0.026855
vt 0.449463 0.025879
vt 0.449951 0.026367
vt 0.449951 0.026611
vt 0.450195 0.027344
vt 0.450195 0.026611
vt 0.449951 0.025879
vt 0.449951 0.028076
vt 0.450439 0.0271
vt 0.449951 0.02832
vt 0.450195 0.028076
vt 0.449951 0.028809
vt 0.449951 0.029297
vt 0.450195 0.028564
vt 0.450195 0.029297
vt 0.450684 0.028809
vt 0.450684 0.028564
vt 0.450684 0.02832
vt 0.450928 0.028076
vt 0.450439 0.027588
vt 0.450928 0.027344
vt 0.450928 0.026855
vt 0.450684 0.0271
vt 0.450928 0.026367
vt 0.451172 0.026123
vt 0.451172 0.025635
vt 0.450439 0.026855
vt 0.450928 0.025635
vt 0.450439 0.026123
vt 0.451172 0.025146
vt 0.451172 0.024902
vt 0.451172 0.024658
vt 0.451416 0.024414
vt 0.450928 0.025146
vt 0.451416 0.023682
vt 0.450684 0.025146
vt 0.450928 0.024902
vt 0.451172 0.023926
vt 0.451172 0.023438
vt 0.451172 0.022949
vt 0.450684 0.024414
vt 0.450928 0.023438
vt 0.451172 0.023193
vt 0.451172 0.022217
vt 0.450928 0.022705
vt 0.450928 0.022217
vt 0.450684 0.022949
vt 0.450684 0.023926
vt 0.450439 0.023438
vt 0.450439 0.024658
vt 0.450195 0.023926
vt 0.450195 0.023193
vt 0.450684 0.022461
vt 0.450439 0.021973
vt 0.450928 0.021729
vt 0.450684 0.02124
vt 0.449951 0.022461
vt 0.449707 0.021973
vt 0.449951 0.021484
vt 0.449707 0.022705
vt 0.449219 0.022461
vt 0.448975 0.021973
vt 0.448975 0.022949
vt 0.449463 0.023193
vt 0.449951 0.023682
vt 0.449219 0.023682
vt 0.449707 0.02417
vt 0.449951 0.024658
vt 0.449463 0.024414
vt 0.448975 0.02417
vt 0.448486 0.023926
vt 0.448486 0.024658
vt 0.448486 0.023438
vt 0.448486 0.022461
vt 0.447754 0.023682
vt 0.448486 0.021729
vt 0.447998 0.021973
vt 0.447754 0.022461
vt 0.447998 0.022949
vt 0.44751 0.022705
vt 0.44751 0.023438
vt 0.447021 0.022705
vt 0.447021 0.022949
vt 0.446777 0.022461
vt 0.446777 0.021973
vt 0.446533 0.021729
vt 0.446533 0.022461
vt 0.446289 0.021973
vt 0.446289 0.022461
vt 0.446045 0.023193
vt 0.446533 0.022949
vt 0.446533 0.023438
vt 0.446777 0.023682
vt 0.447021 0.023926
vt 0.447998 0.02417
vt 0.449219 0.024902
vt 0.449707 0.025391
vt 0.449951 0.025146
vt 0.450439 0.025146
vt 0.450439 0.025635
usemtl tripo_mat_36cdd4a4-d861-4834-acdf-ce8a7d82f620.009
f 1/1/1 2/2/2 3/3/3
f 4/4/4 5/5/5 6/6/6
f 4/4/4 6/6/6 7/7/7
f 6/6/6 5/5/5 8/8/8
f 6/6/6 8/8/8 7/7/7
f 9/9/9 7/7/7 10/10/10
f 10/10/10 7/7/7 8/8/8
f 9/9/9 10/10/10 11/11/11
f 11/11/11 10/10/10 12/12/12
f 10/10/10 8/8/8 13/13/13
f 10/10/10 13/13/13 12/12/12
f 14/14/14 8/8/8 5/5/5
f 8/8/8 14/14/14 13/13/13
f 14/14/14 5/5/5 15/15/15
f 12/12/12 13/13/13 16/16/16
f 12/12/12 16/16/16 17/17/17
f 17/17/17 16/16/16 18/18/18
f 18/18/18 16/16/16 19/19/19
f 19/19/19 16/16/16 13/13/13
f 18/18/18 19/19/19 20/20/20
f 19/19/19 13/13/13 21/21/21
f 19/19/19 21/21/21 20/20/20
f 21/21/21 13/13/13 14/14/14
f 22/22/22 14/14/14 15/15/15
f 14/14/14 22/22/22 21/21/21
f 22/22/22 15/15/15 1/1/1
f 20/20/20 21/21/21 23/23/23
f 23/23/23 21/21/21 22/22/22
f 22/22/22 1/1/1 24/24/24
f 22/22/22 24/24/24 23/23/23
f 24/24/24 1/1/1 25/25/25
f 24/24/24 25/25/25 23/23/23
f 20/20/20 23/23/23 26/26/26
f 26/26/26 23/23/23 25/25/25
f 20/20/20 26/26/26 27/27/27
f 27/27/27 26/26/26 28/28/28
f 28/28/28 26/26/26 29/29/29
f 25/25/25 1/1/1 30/30/30
f 30/30/30 1/1/1 3/3/3
f 26/26/26 25/25/25 31/31/31
f 26/26/26 31/31/31 29/29/29
f 31/31/31 25/25/25 30/30/30
f 30/30/30 3/3/3 32/32/32
f 31/31/31 30/30/30 33/33/33
f 33/33/33 30/30/30 32/32/32
f 31/31/31 33/33/33 34/34/34
f 31/31/31 34/34/34 29/29/29
f 34/34/34 33/33/33 35/35/35
f 29/29/29 34/34/34 36/36/36
f 29/29/29 36/36/36 37/37/37
f 34/34/34 35/35/35 38/38/38
f 34/34/34 38/38/38 36/36/36
f 35/35/35 33/33/33 39/39/39
f 39/39/39 33/33/33 32/32/32
f 35/35/35 39/39/39 38/38/38
f 39/39/39 32/32/32 40/40/40
f 38/38/38 39/39/39 41/41/41
f 41/41/41 39/39/39 40/40/40
f 38/38/38 41/41/41 42/42/42
f 42/42/42 41/41/41 40/40/40
f 43/43/43 36/36/36 38/38/38
f 43/43/43 38/38/38 42/42/42
f 44/44/44 37/37/37 36/36/36
f 44/44/44 36/36/36 43/43/43
f 37/37/37 44/44/44 45/45/45
f 45/45/45 44/44/44 43/43/43
f 37/37/37 45/45/45 46/46/46
f 46/46/46 45/45/45 47/47/47
f 45/45/45 43/43/43 48/48/48
f 45/45/45 48/48/48 47/47/47
f 49/49/49 43/43/43 42/42/42
f 43/43/43 49/49/49 48/48/48
f 47/47/47 48/48/48 50/50/50
f 50/50/50 48/48/48 49/49/49
f 47/47/47 50/50/50 51/51/51
f 51/51/51 50/50/50 52/52/52
f 50/50/50 49/49/49 53/53/53
f 50/50/50 53/53/53 52/52/52
f 49/49/49 42/42/42 54/54/54
f 54/54/54 42/42/42 40/40/40
f 53/53/53 49/49/49 55/55/55
f 53/53/53 55/55/55 52/52/52
f 55/55/55 49/49/49 54/54/54
f 56/56/56 9/57/9 57/58/57
f 57/58/57 9/57/9 11/59/11
f 57/58/57 11/59/11 12/59/12
f 56/56/56 57/58/57 58/60/58
f 56/56/56 58/60/58 59/61/59
f 57/58/57 12/59/12 60/62/60
f 57/58/57 60/62/60 58/60/58
f 59/61/59 58/60/58 61/63/61
f 58/60/58 60/62/60 62/64/62
f 58/60/58 62/64/62 61/63/61
f 60/62/60 12/59/12 63/65/63
f 63/65/63 12/59/12 17/59/17
f 63/65/63 17/59/17 18/66/18
f 63/65/63 18/66/18 64/67/64
f 60/62/60 63/65/63 65/68/65
f 65/68/65 63/65/63 64/67/64
f 60/62/60 65/68/65 62/64/62
f 65/68/65 64/67/64 66/69/66
f 65/68/65 66/69/66 67/69/67
f 67/69/67 66/69/66 68/70/68
f 65/68/65 67/69/67 69/69/69
f 65/68/65 69/69/69 62/64/62
f 69/69/69 67/69/67 68/70/68
f 62/64/62 69/69/69 70/71/70
f 70/71/70 69/69/69 68/70/68
f 62/64/62 70/71/70 71/72/71
f 62/64/62 71/72/71 61/63/61
f 70/71/70 68/70/68 72/73/72
f 72/73/72 68/70/68 73/74/73
f 73/74/73 68/70/68 74/75/74
f 70/71/70 72/73/72 75/76/75
f 75/76/75 72/73/72 73/74/73
f 70/71/70 75/76/75 76/77/76
f 70/71/70 76/77/76 71/72/71
f 75/76/75 73/74/73 77/78/77
f 76/77/76 75/76/75 78/79/78
f 78/79/78 75/76/75 77/78/77
f 79/80/79 78/79/78 77/78/77
f 79/80/79 77/78/77 80/81/80
f 80/81/80 77/78/77 81/82/81
f 80/81/80 81/82/81 52/83/52
f 81/82/81 77/78/77 82/84/82
f 82/84/82 77/78/77 73/74/73
f 82/84/82 73/74/73 74/75/74
f 81/82/81 82/84/82 51/82/51
f 81/82/81 51/82/51 52/83/52
f 82/84/82 74/75/74 83/84/83
f 82/84/82 83/84/83 51/82/51
f 83/84/83 74/75/74 84/85/84
f 51/82/51 83/84/83 47/86/47
f 83/84/83 84/85/84 46/87/46
f 83/84/83 46/87/46 47/86/47
f 85/88/85 86/89/86 87/90/87
f 86/89/86 85/88/85 88/91/88
f 86/89/86 88/91/88 89/92/89
f 87/90/87 86/89/86 90/93/90
f 90/93/90 86/89/86 89/92/89
f 89/92/89 88/91/88 91/94/91
f 91/94/91 88/91/88 85/88/85
f 85/88/85 87/90/87 92/95/92
f 87/90/87 90/93/90 93/96/93
f 87/90/87 93/96/93 94/97/94
f 87/90/87 94/97/94 92/95/92
f 93/96/93 90/93/90 95/98/95
f 85/88/85 92/95/92 96/99/96
f 93/96/93 95/98/95 97/100/97
f 93/96/93 97/100/97 94/97/94
f 97/100/97 95/98/95 98/101/98
f 95/98/95 90/93/90 99/102/99
f 98/101/98 95/98/95 100/103/100
f 100/103/100 95/98/95 99/102/99
f 99/102/99 90/93/90 101/104/101
f 101/104/101 90/93/90 89/92/89
f 100/103/100 99/102/99 102/105/102
f 99/102/99 101/104/101 103/106/103
f 99/102/99 103/106/103 102/105/102
f 103/106/103 101/104/101 104/107/104
f 104/107/104 101/104/101 89/92/89
f 103/106/103 104/107/104 105/108/105
f 105/108/105 104/107/104 89/92/89
f 103/106/103 105/108/105 106/109/106
f 103/106/103 106/109/106 107/110/107
f 103/106/103 107/110/107 102/105/102
f 106/109/106 105/108/105 108/111/108
f 106/109/106 108/111/108 107/110/107
f 105/108/105 89/92/89 109/112/109
f 105/108/105 109/112/109 108/111/108
f 109/112/109 89/92/89 110/113/110
f 110/113/110 89/92/89 91/94/91
f 109/112/109 110/113/110 111/114/111
f 109/112/109 111/114/111 108/111/108
f 110/113/110 91/94/91 112/115/112
f 110/113/110 112/115/112 111/114/111
f 112/115/112 91/94/91 113/116/113
f 111/114/111 112/115/112 114/115/114
f 114/115/114 112/115/112 113/116/113
f 114/115/114 113/116/113 115/117/115
f 111/114/111 114/115/114 116/118/116
f 116/118/116 114/115/114 115/117/115
f 115/117/115 113/116/113 117/119/117
f 116/118/116 115/117/115 118/120/118
f 117/119/117 113/116/113 119/121/119
f 111/114/111 116/118/116 120/122/120
f 120/122/120 116/118/116 118/120/118
f 111/114/111 120/122/120 108/111/108
f 120/122/120 118/120/118 121/123/121
f 121/123/121 118/120/118 122/124/122
f 121/123/121 122/124/122 123/125/123
f 121/123/121 123/125/123 124/126/124
f 108/111/108 120/122/120 125/127/125
f 125/127/125 120/122/120 121/123/121
f 108/111/108 125/127/125 126/128/126
f 108/111/108 126/128/126 107/110/107
f 126/128/126 125/127/125 127/129/127
f 126/128/126 127/129/127 107/110/107
f 125/127/125 121/123/121 128/130/128
f 125/127/125 128/130/128 127/129/127
f 129/131/129 121/123/121 124/126/124
f 121/123/121 129/131/129 128/130/128
f 129/131/129 124/126/124 130/132/130
f 130/132/130 124/126/124 131/133/131
f 130/132/130 131/133/131 132/134/132
f 129/131/129 130/132/130 133/135/133
f 133/135/133 130/132/130 132/134/132
f 128/130/128 129/131/129 134/136/134
f 128/130/128 134/136/134 127/129/127
f 134/136/134 129/131/129 133/135/133
f 127/129/127 134/136/134 135/137/135
f 127/129/127 135/137/135 136/138/136
f 127/129/127 136/138/136 107/110/107
f 107/110/107 136/138/136 137/139/137
f 137/139/137 136/138/136 135/137/135
f 107/110/107 137/139/137 138/140/138
f 107/110/107 138/140/138 139/141/139
f 107/110/107 139/141/139 102/105/102
f 138/140/138 137/139/137 140/142/140
f 138/140/138 140/142/140 139/141/139
f 102/105/102 139/141/139 141/143/141
f 141/143/141 139/141/139 140/142/140
f 102/105/102 141/143/141 142/144/142
f 102/105/102 142/144/142 100/103/100
f 100/103/100 142/144/142 143/145/143
f 142/144/142 141/143/141 144/146/144
f 142/144/142 144/146/144 143/145/143
f 100/103/100 143/145/143 98/101/98
f 144/146/144 141/143/141 145/147/145
f 98/101/98 143/145/143 146/148/146
f 143/145/143 144/146/144 147/149/147
f 143/145/143 147/149/147 146/148/146
f 147/149/147 144/146/144 148/150/148
f 148/150/148 144/146/144 145/147/145
f 146/148/146 147/149/147 149/151/149
f 149/151/149 147/149/147 148/150/148
f 98/101/98 146/148/146 150/152/150
f 149/151/149 148/150/148 151/153/151
f 146/148/146 149/151/149 152/154/152
f 152/154/152 149/151/149 151/153/151
f 146/148/146 152/154/152 153/155/153
f 146/148/146 153/155/153 150/152/150
f 153/155/153 152/154/152 154/156/154
f 98/101/98 150/152/150 155/157/155
f 98/101/98 155/157/155 97/100/97
f 150/152/150 153/155/153 156/158/156
f 156/158/156 153/155/153 154/156/154
f 97/100/97 155/157/155 157/159/157
f 155/157/155 150/152/150 158/160/158
f 155/157/155 158/160/158 157/159/157
f 97/100/97 157/159/157 94/97/94
f 158/160/158 150/152/150 159/161/159
f 150/152/150 156/158/156 160/162/160
f 150/152/150 160/162/160 159/161/159
f 157/159/157 158/160/158 161/163/161
f 161/163/161 158/160/158 159/161/159
f 94/97/94 157/159/157 162/164/162
f 162/164/162 157/159/157 161/163/161
f 159/161/159 160/162/160 163/165/163
f 159/161/159 163/165/163 161/163/161
f 163/165/163 160/162/160 164/166/164
f 161/163/161 163/165/163 165/167/165
f 165/167/165 163/165/163 164/166/164
f 164/166/164 160/162/160 166/168/166
f 166/168/166 160/162/160 156/158/156
f 166/168/166 156/158/156 167/169/167
f 167/169/167 156/158/156 154/156/154
f 166/168/166 167/169/167 123/170/123
f 123/170/123 167/169/167 154/156/154
f 123/170/123 154/156/154 124/171/124
f 166/168/166 123/170/123 122/172/122
f 124/171/124 154/156/154 131/173/131
f 166/168/166 122/172/122 168/174/168
f 168/174/168 122/172/122 118/175/118
f 169/176/169 164/166/164 166/168/166
f 169/176/169 166/168/166 168/174/168
f 164/166/164 169/176/169 165/167/165
f 168/174/168 118/175/118 115/177/115
f 131/173/131 154/156/154 170/178/170
f 170/178/170 154/156/154 152/154/152
f 170/178/170 152/154/152 151/153/151
f 131/173/131 170/178/170 171/179/171
f 171/179/171 170/178/170 151/153/151
f 131/173/131 171/179/171 132/180/132
f 132/180/132 171/179/171 172/181/172
f 171/179/171 151/153/151 173/182/173
f 171/179/171 173/182/173 172/181/172
f 173/182/173 151/153/151 174/183/174
f 172/181/172 173/182/173 175/184/175
f 175/184/175 173/182/173 174/183/174
f 172/181/172 175/184/175 176/185/176
f 176/185/176 175/184/175 177/186/177
f 174/183/174 151/153/151 148/150/148
f 177/186/177 175/184/175 178/187/178
f 178/187/178 175/184/175 174/183/174
f 177/186/177 178/187/178 179/188/179
f 174/183/174 148/150/148 180/189/180
f 178/187/178 174/183/174 181/190/181
f 178/187/178 181/190/181 179/188/179
f 181/190/181 174/183/174 180/189/180
f 180/189/180 148/150/148 145/147/145
f 179/188/179 181/190/181 182/191/182
f 182/191/182 181/190/181 180/189/180
f 179/188/179 182/191/182 183/192/183
f 180/189/180 145/147/145 184/193/184
f 180/189/180 184/193/184 182/191/182
f 183/192/183 182/191/182 185/194/185
f 185/194/185 182/191/182 184/193/184
f 183/192/183 185/194/185 186/195/186
f 184/193/184 145/147/145 187/196/187
f 184/193/184 187/196/187 185/194/185
f 187/196/187 145/147/145 188/197/188
f 188/197/188 145/147/145 141/143/141
f 185/194/185 187/196/187 189/198/189
f 189/198/189 187/196/187 188/197/188
f 188/197/188 141/143/141 140/142/140
f 188/197/188 140/142/140 189/198/189
f 190/199/190 186/195/186 185/194/185
f 190/199/190 185/194/185 189/198/189
f 189/198/189 140/142/140 191/200/191
f 191/200/191 140/142/140 192/201/192
f 191/200/191 192/201/192 189/198/189
f 192/201/192 140/142/140 193/202/193
f 193/202/193 140/142/140 137/139/137
f 189/198/189 192/201/192 194/203/194
f 189/198/189 194/203/194 190/199/190
f 193/202/193 137/139/137 135/137/135
f 194/203/194 192/201/192 195/204/195
f 195/204/195 192/201/192 193/202/193
f 194/203/194 195/204/195 196/205/196
f 194/203/194 196/205/196 190/199/190
f 195/204/195 193/202/193 197/206/197
f 197/206/197 193/202/193 135/137/135
f 196/205/196 195/204/195 198/207/198
f 198/207/198 195/204/195 197/206/197
f 197/206/197 135/137/135 199/208/199
f 198/207/198 197/206/197 200/209/200
f 200/209/200 197/206/197 199/208/199
f 199/208/199 135/137/135 201/210/201
f 199/208/199 201/210/201 200/209/200
f 201/210/201 135/137/135 134/136/134
f 201/210/201 134/136/134 133/135/133
f 200/209/200 201/210/201 202/211/202
f 202/211/202 201/210/201 133/135/133
f 198/207/198 200/209/200 203/212/203
f 198/207/198 203/212/203 196/205/196
f 200/209/200 202/211/202 204/213/204
f 200/209/200 204/213/204 203/212/203
f 202/211/202 133/135/133 205/214/205
f 202/211/202 205/214/205 204/213/204
f 205/214/205 133/135/133 206/215/206
f 206/215/206 133/135/133 132/134/132
f 206/215/206 132/134/132 172/216/172
f 205/214/205 206/215/206 207/217/207
f 205/214/205 207/217/207 204/213/204
f 206/215/206 172/216/172 208/218/208
f 206/215/206 208/218/208 207/217/207
f 208/218/208 172/216/172 176/219/176
f 208/218/208 176/219/176 209/220/209
f 208/218/208 209/220/209 207/217/207
f 209/220/209 176/219/176 177/221/177
f 207/217/207 209/220/209 210/222/210
f 207/217/207 210/222/210 204/213/204
f 204/213/204 210/222/210 211/223/211
f 204/213/204 211/223/211 203/212/203
f 203/212/203 211/223/211 212/224/212
f 212/224/212 211/223/211 213/225/213
f 212/224/212 213/225/213 214/226/214
f 214/226/214 213/225/213 215/227/215
f 203/212/203 212/224/212 216/228/216
f 216/228/216 212/224/212 214/226/214
f 214/226/214 215/227/215 217/229/217
f 203/212/203 216/228/216 218/230/218
f 203/212/203 218/230/218 196/205/196
f 216/228/216 214/226/214 219/231/219
f 219/231/219 214/226/214 217/229/217
f 216/228/216 219/231/219 218/230/218
f 196/205/196 218/230/218 190/199/190
f 218/230/218 219/231/219 220/232/220
f 218/230/218 220/232/220 190/199/190
f 219/231/219 217/229/217 221/233/221
f 219/231/219 221/233/221 220/232/220
f 221/233/221 217/229/217 222/234/222
f 222/234/222 217/229/217 223/235/223
f 221/233/221 222/234/222 224/236/224
f 220/232/220 221/233/221 225/237/225
f 220/232/220 225/237/225 190/199/190
f 225/237/225 221/233/221 224/236/224
f 190/199/190 225/237/225 186/195/186
f 186/195/186 225/237/225 224/236/224
f 226/238/226 227/239/227 228/240/228
f 227/239/227 226/238/226 229/241/229
f 228/240/228 227/239/227 230/242/230
f 226/238/226 228/240/228 231/243/231
f 230/242/230 227/239/227 232/244/232
f 228/240/228 230/242/230 233/245/233
f 232/244/232 227/239/227 234/246/234
f 234/246/234 227/239/227 229/241/229
f 230/242/230 232/244/232 235/247/235
f 228/240/228 233/245/233 236/248/236
f 228/240/228 236/248/236 231/243/231
f 233/245/237 230/242/237 237/249/237
f 237/249/238 230/242/238 235/247/238
f 236/248/236 233/245/233 238/250/239
f 238/250/239 233/245/233 239/251/240
f 239/251/240 233/245/233 237/249/241
f 231/243/231 236/248/236 240/252/242
f 237/249/241 235/247/235 241/253/243
f 237/249/241 241/253/243 242/254/244
f 242/254/244 241/253/243 243/255/245
f 243/255/245 241/253/243 235/247/235
f 237/249/241 242/254/244 244/256/246
f 243/255/245 235/247/235 245/257/247
f 245/257/247 235/247/235 232/244/232
f 243/255/245 245/257/247 246/258/248
f 237/249/241 244/256/246 247/259/249
f 237/249/241 247/259/249 239/251/240
f 247/259/249 244/256/246 248/260/250
f 239/251/240 247/259/249 238/250/239
f 247/259/249 248/260/250 249/261/251
f 247/259/249 249/261/251 238/250/239
f 249/261/251 248/260/250 250/262/252
f 251/263/253 246/258/248 245/257/247
f 246/258/248 251/263/253 252/264/254
f 253/265/255 245/257/247 232/244/232
f 245/257/247 253/265/255 251/263/253
f 253/265/255 232/244/232 234/246/234
f 252/264/254 251/263/253 254/266/256
f 252/264/254 254/266/256 255/267/257
f 251/263/253 253/265/255 256/268/258
f 251/263/253 256/268/258 254/266/256
f 253/265/255 234/246/234 257/269/259
f 253/265/255 257/269/259 256/268/258
f 257/269/259 234/246/234 258/270/260
f 258/270/260 234/246/234 229/241/229
f 255/267/257 254/266/256 259/271/261
f 255/267/257 259/271/261 260/272/262
f 254/266/256 256/268/258 261/273/263
f 254/266/256 261/273/263 259/271/261
f 256/268/258 257/269/259 262/274/264
f 256/268/258 262/274/264 261/273/263
f 257/269/259 258/270/260 263/275/265
f 257/269/259 263/275/265 262/274/264
f 263/275/265 258/270/260 264/276/266
f 264/276/266 258/270/260 229/241/229
f 259/271/261 261/273/263 265/277/267
f 259/271/261 265/277/267 260/272/262
f 261/273/263 262/274/264 266/278/268
f 261/273/263 266/278/268 265/277/267
f 262/274/264 263/275/265 267/279/269
f 262/274/264 267/279/269 266/278/268
f 267/279/269 263/275/265 268/280/270
f 268/280/270 263/275/265 264/276/266
f 266/278/268 267/279/269 269/281/271
f 265/277/267 266/278/268 270/282/272
f 270/282/272 266/278/268 269/281/271
f 265/277/267 270/282/272 271/283/273
f 265/277/267 271/283/273 260/272/262
f 267/279/269 268/280/270 272/284/274
f 267/279/269 272/284/274 269/281/271
f 272/284/274 268/280/270 273/285/275
f 273/285/275 268/280/270 264/276/266
f 260/272/262 271/283/273 274/286/276
f 260/272/262 274/286/276 275/287/277
f 275/287/277 274/286/276 276/288/278
f 275/287/277 276/288/278 277/289/279
f 274/286/276 271/283/273 278/290/280
f 274/286/276 278/290/280 276/288/278
f 277/289/279 276/288/278 279/291/281
f 277/289/279 279/291/281 280/292/282
f 276/288/278 278/290/280 281/293/283
f 276/288/278 281/293/283 279/291/281
f 280/292/282 279/291/281 282/294/284
f 281/293/283 278/290/280 283/295/285
f 284/296/286 278/290/280 271/283/273
f 278/290/280 284/296/286 283/295/285
f 284/296/286 271/283/273 270/282/272
f 284/296/286 270/282/272 285/297/287
f 285/297/287 270/282/272 269/281/271
f 283/295/285 284/296/286 286/298/288
f 286/298/288 284/296/286 285/297/287
f 285/297/287 269/281/271 287/299/289
f 287/299/289 269/281/271 272/284/274
f 286/298/288 285/297/287 288/300/290
f 288/300/290 285/297/287 287/299/289
f 287/299/289 272/284/274 289/301/291
f 289/301/291 272/284/274 273/285/275
f 288/300/290 287/299/289 290/302/292
f 288/300/290 290/302/292 286/298/288
f 287/299/289 289/301/291 291/303/293
f 291/303/293 289/301/291 273/285/275
f 290/302/292 287/299/289 292/304/294
f 292/304/294 287/299/289 291/303/293
f 293/305/295 283/295/285 286/298/288
f 291/303/293 273/285/275 294/306/296
f 283/295/285 293/305/295 295/307/297
f 283/295/285 295/307/297 281/293/283
f 293/305/295 286/298/288 296/308/298
f 293/305/295 296/308/298 295/307/297
f 296/308/298 286/298/288 297/309/299
f 297/309/299 286/298/288 290/302/292
f 297/309/299 290/302/292 298/310/300
f 298/310/300 290/302/292 292/304/294
f 296/308/298 297/309/299 299/311/301
f 300/312/302 292/304/294 291/303/293
f 300/312/302 291/303/293 294/306/296
f 298/310/300 292/304/294 301/313/303
f 301/313/303 292/304/294 300/312/302
f 297/309/299 298/310/300 302/314/304
f 297/309/299 302/314/304 299/311/301
f 298/310/300 301/313/303 303/315/305
f 298/310/300 303/315/305 302/314/304
f 301/313/303 300/312/302 304/316/306
f 303/315/305 301/313/303 305/317/307
f 305/317/307 301/313/303 304/316/306
f 302/314/304 303/315/305 306/318/308
f 304/316/306 300/312/302 307/319/309
f 307/319/309 300/312/302 294/306/296
f 303/315/305 305/317/307 308/320/310
f 303/315/305 308/320/310 306/318/308
f 305/317/307 304/316/306 309/321/311
f 305/317/307 309/321/311 308/320/310
f 304/316/306 307/319/309 310/322/312
f 304/316/306 310/322/312 309/321/311
f 307/319/309 294/306/296 311/323/313
f 310/322/312 307/319/309 312/324/314
f 312/324/314 307/319/309 311/323/313
f 310/322/312 312/324/314 313/325/315
f 310/322/312 313/325/315 309/321/311
f 311/323/313 294/306/296 314/326/316
f 314/326/316 294/306/296 273/285/275
f 314/326/316 273/285/275 264/276/266
f 311/323/313 314/326/316 315/327/317
f 312/324/314 311/323/313 316/328/318
f 316/328/318 311/323/313 315/327/317
f 312/324/314 316/328/318 317/329/319
f 312/324/314 317/329/319 313/325/315
f 314/326/316 264/276/266 318/330/320
f 314/326/316 318/330/320 315/327/317
f 318/330/320 264/276/266 319/331/321
f 319/331/321 264/276/266 229/241/229
f 315/327/317 318/330/320 320/332/322
f 319/331/321 229/241/229 321/333/323
f 321/333/323 229/241/229 226/238/226
f 318/330/320 319/331/321 322/334/324
f 322/334/324 319/331/321 321/333/323
f 318/330/320 322/334/324 320/332/322
f 321/333/323 226/238/226 323/335/325
f 321/333/323 323/335/325 322/334/324
f 323/335/325 226/238/226 231/243/231
f 322/334/324 323/335/325 324/336/326
f 322/334/324 324/336/326 320/332/322
f 323/335/325 231/243/231 325/337/327
f 323/335/325 325/337/327 324/336/326
f 325/337/327 231/243/231 240/252/242
f 320/332/322 324/336/326 326/338/328
f 324/336/326 325/337/327 327/339/329
f 324/336/326 327/339/329 326/338/328
f 325/337/327 240/252/242 328/340/330
f 327/339/329 325/337/327 329/341/331
f 329/341/331 325/337/327 328/340/330
f 320/332/322 326/338/328 330/342/332
f 326/338/328 327/339/329 331/343/333
f 326/338/328 331/343/333 330/342/332
f 327/339/329 329/341/331 332/344/334
f 327/339/329 332/344/334 331/343/333
f 329/341/331 328/340/330 333/345/335
f 332/344/334 329/341/331 334/346/336
f 334/346/336 329/341/331 333/345/335
f 331/343/333 332/344/334 335/347/337
f 332/344/334 334/346/336 336/348/338
f 332/344/334 336/348/338 335/347/337
f 334/346/336 333/345/335 337/349/339
f 336/348/338 334/346/336 338/350/340
f 338/350/340 334/346/336 337/349/339
f 339/351/341 333/345/335 328/340/330
f 333/345/335 339/351/341 337/349/339
f 339/351/341 328/340/330 340/352/342
f 340/352/342 328/340/330 240/252/242
f 337/349/339 339/351/341 341/353/343
f 340/352/342 240/252/242 342/354/344
f 342/354/344 240/252/242 236/248/236
f 342/354/344 236/248/236 238/250/239
f 339/351/341 340/352/342 343/355/345
f 339/351/341 343/355/345 341/353/343
f 340/352/342 342/354/344 344/356/346
f 340/352/342 344/356/346 343/355/345
f 342/354/344 238/250/239 345/357/347
f 342/354/344 345/357/347 344/356/346
f 345/357/347 238/250/239 346/358/348
f 346/358/348 238/250/239 249/261/251
f 344/356/346 345/357/347 347/359/349
f 347/359/349 345/357/347 346/358/348
f 343/355/345 344/356/346 348/360/350
f 348/360/350 344/356/346 347/359/349
f 343/355/345 348/360/350 349/361/351
f 343/355/345 349/361/351 341/353/343
f 346/358/348 249/261/251 350/362/352
f 350/362/352 249/261/251 250/262/252
f 347/359/349 346/358/348 351/363/353
f 351/363/353 346/358/348 350/362/352
f 348/360/350 347/359/349 352/364/354
f 352/364/354 347/359/349 351/363/353
f 348/360/350 352/364/354 353/365/355
f 348/360/350 353/365/355 349/361/351
f 350/362/352 250/262/252 354/366/356
f 354/366/356 250/262/252 355/367/357
f 354/366/356 355/367/357 356/368/358
f 350/362/352 354/366/356 357/369/359
f 357/369/359 354/366/356 356/368/358
f 350/362/352 357/369/359 351/363/353
f 357/369/359 356/368/358 358/370/360
f 351/363/353 357/369/359 359/371/361
f 351/363/353 359/371/361 352/364/354
f 359/371/361 357/369/359 358/370/360
f 352/364/354 359/371/361 360/372/362
f 352/364/354 360/372/362 353/365/355
f 359/371/361 358/370/360 361/373/363
f 359/371/361 361/373/363 360/372/362
f 361/373/363 358/370/360 362/374/364
f 353/365/355 360/372/362 363/375/365
f 360/372/362 361/373/363 364/376/366
f 360/372/362 364/376/366 363/375/365
f 361/373/363 362/374/364 365/377/367
f 361/373/363 365/377/367 364/376/366
f 362/374/364 358/370/360 366/378/368
f 366/378/368 358/370/360 367/379/369
f 366/378/368 367/379/369 368/380/370
f 362/374/364 366/378/368 369/381/371
f 362/374/364 369/381/371 365/377/367
f 366/378/368 368/380/370 370/382/372
f 366/378/368 370/382/372 369/381/371
f 370/382/372 368/380/370 371/383/373
f 371/383/373 368/380/370 372/384/374
f 371/383/373 372/384/374 373/385/375
f 371/383/373 373/385/375 374/386/376
f 374/386/376 373/385/375 375/387/377
f 370/382/372 371/383/373 376/388/378
f 376/388/378 371/383/373 374/386/376
f 377/389/379 369/381/371 370/382/372
f 377/389/379 370/382/372 376/388/378
f 369/381/371 377/389/379 378/390/380
f 369/381/371 378/390/380 365/377/367
f 377/389/379 376/388/378 379/391/381
f 379/391/381 376/388/378 374/386/376
f 378/390/380 377/389/379 380/392/382
f 380/392/382 377/389/379 379/391/381
f 365/377/367 378/390/380 381/393/383
f 381/393/383 378/390/380 380/392/382
f 365/377/367 381/393/383 364/376/366
f 379/391/381 374/386/376 382/394/384
f 364/376/366 381/393/383 383/395/385
f 364/376/366 383/395/385 363/375/365
f 383/395/385 381/393/383 384/396/386
f 363/375/365 383/395/385 385/397/387
f 383/395/385 384/396/386 386/398/388
f 383/395/385 386/398/388 385/397/387
f 386/398/388 384/396/386 387/399/389
f 387/399/389 384/396/386 381/393/383
f 387/399/389 381/393/383 388/400/390
f 388/400/390 381/393/383 380/392/382
f 386/398/388 387/399/389 389/401/391
f 387/399/389 388/400/390 390/402/392
f 387/399/389 390/402/392 389/401/391
f 388/400/390 380/392/382 391/403/393
f 388/400/390 391/403/393 390/402/392
f 386/398/388 389/401/391 392/404/394
f 386/398/388 392/404/394 385/397/387
f 389/401/391 390/402/392 393/405/395
f 390/402/392 391/403/393 394/406/396
f 390/402/392 394/406/396 393/405/395
f 389/401/391 393/405/395 395/407/397
f 389/401/391 395/407/397 392/404/394
f 385/397/387 392/404/394 396/408/398
f 394/406/396 391/403/393 397/409/399
f 396/408/398 392/404/394 398/410/400
f 385/397/387 396/408/398 399/411/401
f 399/411/401 396/408/398 398/410/400
f 385/397/387 399/411/401 400/412/402
f 385/397/387 400/412/402 363/375/365
f 363/375/365 400/412/402 353/365/355
f 353/365/355 400/412/402 349/361/351
f 349/361/351 400/412/402 399/411/401
f 349/361/351 399/411/401 341/353/343
f 341/353/343 399/411/401 337/349/339
f 337/349/339 399/411/401 401/413/403
f 401/413/403 399/411/401 398/410/400
f 337/349/339 401/413/403 338/350/340
f 338/350/340 401/413/403 402/414/404
f 402/414/404 401/413/403 398/410/400
f 338/350/340 402/414/404 403/415/405
f 338/350/340 403/415/405 404/416/406
f 338/350/340 404/416/406 336/348/338
f 336/348/338 404/416/406 405/417/407
f 405/417/407 404/416/406 403/415/405
f 336/348/338 405/417/407 335/347/337
f 403/415/405 402/414/404 406/418/408
f 402/414/404 398/410/400 407/419/409
f 402/414/404 407/419/409 406/418/408
f 403/415/405 406/418/408 408/420/410
f 403/415/405 408/420/410 405/417/407
f 406/418/408 407/419/409 409/421/411
f 407/419/409 398/410/400 410/422/412
f 407/419/409 410/422/412 409/421/411
f 410/422/412 398/410/400 411/423/413
f 411/423/413 398/410/400 392/404/394
f 411/423/413 392/404/394 395/407/397
f 412/424/414 408/420/410 406/418/408
f 412/424/414 406/418/408 409/421/411
f 409/421/411 410/422/412 413/425/415
f 410/422/412 411/423/413 414/426/416
f 410/422/412 414/426/416 413/425/415
f 411/423/413 395/407/397 415/427/417
f 411/423/413 415/427/417 414/426/416
f 412/424/414 409/421/411 416/428/418
f 416/428/418 409/421/411 413/425/415
f 412/424/414 416/428/418 417/429/419
f 412/424/414 417/429/419 408/420/410
f 417/429/419 416/428/418 418/430/420
f 408/420/410 417/429/419 419/431/421
f 408/420/410 419/431/421 405/417/407
f 419/431/421 417/429/419 420/432/422
f 420/432/422 417/429/419 418/430/420
f 405/417/407 419/431/421 421/433/423
f 422/434/424 416/428/418 413/425/415
f 416/428/418 422/434/424 418/430/420
f 419/431/421 420/432/422 423/435/425
f 419/431/421 423/435/425 421/433/423
f 420/432/422 418/430/420 424/436/426
f 423/435/425 420/432/422 425/437/427
f 425/437/427 420/432/422 424/436/426
f 424/436/426 418/430/420 426/438/428
f 423/435/425 425/437/427 427/439/429
f 426/438/428 418/430/420 428/440/430
f 428/440/430 418/430/420 422/434/424
f 424/436/426 426/438/428 429/441/431
f 426/438/428 428/440/430 430/442/432
f 426/438/428 430/442/432 429/441/431
f 425/437/427 424/436/426 431/443/433
f 431/443/433 424/436/426 429/441/431
f 425/437/427 431/443/433 432/444/434
f 425/437/427 432/444/434 427/439/429
f 432/444/434 431/443/433 433/445/435
f 433/445/435 431/443/433 429/441/431
f 429/441/431 430/442/432 434/446/436
f 435/447/437 423/435/425 427/439/429
f 434/446/436 430/442/432 436/448/438
f 423/435/425 435/447/437 421/433/423
f 429/441/431 434/446/436 437/449/439
f 437/449/439 434/446/436 436/448/438
f 429/441/431 437/449/439 438/450/440
f 429/441/431 438/450/440 433/445/435
f 437/449/439 436/448/438 439/451/441
f 438/450/440 437/449/439 440/452/442
f 440/452/442 437/449/439 439/451/441
f 433/445/435 438/450/440 441/453/443
f 441/453/443 438/450/440 442/454/444
f 442/454/444 438/450/440 440/452/442
f 433/445/435 441/453/443 443/455/445
f 441/453/443 442/454/444 444/456/446
f 441/453/443 444/456/446 443/455/445
f 433/445/435 443/455/445 445/457/447
f 433/445/435 445/457/447 432/444/434
f 432/444/434 445/457/447 446/458/448
f 432/444/434 446/458/448 427/439/429
f 445/457/447 443/455/445 447/459/449
f 445/457/447 447/459/449 446/458/448
f 427/439/429 446/458/448 448/460/450
f 427/439/429 448/460/450 435/447/437
f 446/458/448 447/459/449 449/461/451
f 446/458/448 449/461/451 448/460/450
f 447/459/449 443/455/445 450/462/452
f 447/459/449 450/462/452 449/461/451
f 450/462/452 443/455/445 451/463/453
f 451/463/453 443/455/445 444/456/446
f 449/461/451 450/462/452 452/464/454
f 452/464/454 450/462/452 451/463/453
f 448/460/450 449/461/451 453/465/455
f 451/463/453 444/456/446 454/466/456
f 453/465/455 449/461/451 455/467/457
f 455/467/457 449/461/451 452/464/454
f 448/460/450 453/465/455 456/468/458
f 452/464/454 451/463/453 457/469/459
f 457/469/459 451/463/453 454/466/460
f 455/467/457 452/464/454 458/470/461
f 452/464/454 457/469/459 459/471/462
f 452/464/454 459/471/462 458/470/461
f 453/465/455 455/467/457 460/472/463
f 453/465/455 460/472/463 456/468/458
f 455/467/457 458/470/461 461/473/464
f 455/467/457 461/473/464 460/472/463
f 461/473/464 458/470/461 462/474/465
f 462/474/465 458/470/461 459/471/462
f 460/472/463 461/473/464 463/475/466
f 463/475/466 461/473/464 462/474/465
f 456/468/458 460/472/463 464/476/467
f 464/476/467 460/472/463 463/475/466
f 462/474/465 459/471/462 465/477/468
f 462/474/465 465/477/468 466/478/469
f 462/474/465 466/478/469 463/475/466
f 465/477/468 459/471/462 467/479/470
f 464/476/467 463/475/466 468/480/471
f 467/479/470 459/471/462 469/481/472
f 469/481/472 459/471/462 457/469/459
f 469/481/472 457/469/459 470/482/473
f 470/482/473 457/469/459 454/466/460
f 469/481/472 470/482/473 471/483/474
f 469/481/472 471/483/474 467/479/470
f 470/482/475 454/466/475 472/484/475
f 470/482/473 472/484/476 471/483/474
f 473/485/477 465/477/468 467/479/470
f 465/477/468 473/485/477 466/478/469
f 473/485/477 467/479/470 474/486/478
f 466/478/469 473/485/477 475/487/479
f 475/487/479 473/485/477 474/486/478
f 474/486/478 467/479/470 476/488/480
f 476/488/480 467/479/470 471/483/474
f 474/486/478 476/488/480 477/489/481
f 476/488/480 471/483/474 478/490/482
f 478/490/482 471/483/474 479/491/483
f 479/491/483 471/483/474 480/492/484
f 480/492/484 471/483/474 472/484/476
f 479/491/483 480/492/484 481/493/485
f 479/491/483 481/493/485 478/490/482
f 480/492/484 472/484/476 482/494/486
f 480/492/484 482/494/486 481/493/485
f 482/494/486 472/484/476 483/495/487
f 481/493/485 482/494/486 484/496/488
f 484/496/488 482/494/486 483/495/487
f 481/493/489 484/496/490 485/497/491
f 484/496/492 483/495/492 486/498/492
f 485/497/493 484/496/494 487/499/495
f 487/499/495 484/496/494 486/498/496
f 483/495/487 472/484/476 488/500/497
f 486/498/498 483/495/487 489/501/499
f 489/501/499 483/495/487 488/500/497
f 486/498/498 489/501/499 490/502/500
f 488/500/497 472/484/476 491/503/501
f 491/503/502 472/484/502 454/466/502
f 489/501/499 488/500/497 492/504/503
f 491/503/504 454/466/504 493/505/504
f 493/505/505 454/466/505 444/456/505
f 488/500/497 491/503/501 494/506/506
f 494/506/506 491/503/501 493/505/507
f 488/500/497 494/506/506 492/504/503
f 493/505/508 444/456/446 495/507/509
f 495/507/509 444/456/446 442/454/444
f 494/506/506 493/505/507 496/508/510
f 496/508/510 493/505/507 495/507/509
f 494/506/506 496/508/510 492/504/503
f 495/507/509 442/454/444 440/452/442
f 495/507/509 440/452/442 497/509/511
f 495/507/509 497/509/511 496/508/510
f 496/508/510 497/509/511 498/510/512
f 492/504/503 496/508/510 499/511/513
f 498/510/512 497/509/511 500/512/514
f 496/508/510 498/510/512 501/513/515
f 496/508/510 501/513/515 499/511/513
f 501/513/515 498/510/512 500/512/514
f 492/504/503 499/511/513 502/514/516
f 502/514/516 499/511/513 501/513/515
f 503/515/517 497/509/511 440/452/442
f 497/509/511 503/515/517 500/512/514
f 501/513/515 500/512/514 504/516/518
f 503/515/517 440/452/442 505/517/519
f 505/517/519 440/452/442 439/451/441
f 500/512/514 503/515/517 506/518/520
f 505/517/519 439/451/441 507/519/521
f 507/519/521 439/451/441 436/448/438
f 503/515/517 505/517/519 508/520/522
f 503/515/517 508/520/522 506/518/520
f 505/517/519 507/519/521 509/521/523
f 505/517/519 509/521/523 508/520/522
f 507/519/521 436/448/438 510/522/524
f 510/522/524 436/448/438 430/442/432
f 510/522/524 430/442/432 428/440/430
f 507/519/521 510/522/524 511/523/525
f 507/519/521 511/523/525 509/521/523
f 510/522/524 428/440/430 512/524/526
f 510/522/524 512/524/526 511/523/525
f 512/524/526 428/440/430 422/434/424
f 509/521/523 511/523/525 513/525/527
f 513/525/527 511/523/525 512/524/526
f 512/524/526 422/434/424 514/526/528
f 514/526/528 422/434/424 413/425/415
f 513/525/527 512/524/526 515/527/529
f 514/526/528 413/425/415 516/426/530
f 516/426/530 413/425/415 414/426/416
f 512/524/526 514/526/528 517/528/531
f 517/528/531 514/526/528 516/426/530
f 512/524/526 517/528/531 515/527/529
f 516/426/530 414/426/416 518/529/532
f 518/529/532 414/426/416 415/427/417
f 517/528/531 516/426/530 519/529/533
f 519/529/533 516/426/530 518/529/532
f 515/527/529 517/528/531 520/530/534
f 520/530/534 517/528/531 519/529/533
f 518/529/532 415/427/417 521/531/535
f 521/531/535 415/427/417 395/407/397
f 519/529/533 518/529/532 522/532/536
f 522/532/536 518/529/532 521/531/535
f 520/530/534 519/529/533 523/533/537
f 523/533/537 519/529/533 522/532/536
f 520/530/534 523/533/537 524/534/538
f 524/534/538 523/533/537 522/532/536
f 521/531/535 395/407/397 525/535/539
f 522/532/536 521/531/535 526/536/540
f 526/536/540 521/531/535 525/535/539
f 522/532/536 526/536/540 524/534/538
f 525/535/539 395/407/397 393/405/395
f 525/535/539 393/405/395 527/537/541
f 527/537/541 393/405/395 394/406/396
f 526/536/540 525/535/539 528/538/542
f 528/538/542 525/535/539 527/537/541
f 526/536/540 528/538/542 529/539/543
f 526/536/540 529/539/543 524/534/538
f 528/538/542 527/537/541 530/540/544
f 527/537/541 394/406/396 531/541/545
f 527/537/541 531/541/545 530/540/544
f 531/541/545 394/406/396 397/409/399
f 529/539/543 528/538/542 532/542/546
f 532/542/546 528/538/542 530/540/544
f 524/534/538 529/539/543 533/543/547
f 533/543/547 529/539/543 532/542/546
f 524/534/538 533/543/547 534/544/548
f 533/543/547 532/542/546 535/545/549
f 533/543/547 535/545/549 534/544/548
f 532/542/546 530/540/544 536/546/550
f 535/545/549 532/542/546 537/547/551
f 537/547/551 532/542/546 536/546/550
f 535/545/549 537/547/551 538/548/552
f 537/547/551 536/546/550 539/549/553
f 538/548/552 537/547/551 540/550/554
f 540/550/554 537/547/551 539/549/553
f 535/545/549 538/548/552 541/551/555
f 535/545/549 541/551/555 534/544/548
f 541/551/555 538/548/552 542/552/556
f 542/552/556 538/548/552 543/553/557
f 542/552/556 543/553/557 541/551/555
f 543/553/557 538/548/552 540/550/554
f 534/544/548 541/551/555 544/554/558
f 544/554/558 541/551/555 543/553/557
f 534/544/548 544/554/558 545/555/559
f 546/556/560 524/534/538 534/544/548
f 546/556/560 534/544/548 545/555/559
f 524/534/538 546/556/560 520/530/534
f 520/530/534 546/556/560 515/527/529
f 515/527/529 546/556/560 547/557/561
f 547/557/561 546/556/560 545/555/559
f 515/527/529 547/557/561 513/525/527
f 548/558/562 545/555/559 544/554/558
f 513/525/527 547/557/561 509/521/523
f 547/557/561 545/555/559 549/559/563
f 549/559/563 545/555/559 548/558/562
f 509/521/523 547/557/561 550/560/564
f 547/557/561 549/559/563 551/561/565
f 547/557/561 551/561/565 550/560/564
f 551/561/565 549/559/563 552/562/566
f 552/562/566 549/559/563 548/558/562
f 550/560/564 551/561/565 553/563/567
f 550/560/564 553/563/567 509/521/523
f 553/563/567 551/561/565 552/562/566
f 509/521/523 553/563/567 554/564/568
f 554/564/568 553/563/567 552/562/566
f 509/521/523 554/564/568 555/565/569
f 509/521/523 555/565/569 508/520/522
f 554/564/568 552/562/566 556/566/570
f 554/564/568 556/566/570 555/565/569
f 508/520/522 555/565/569 506/518/520
f 556/566/570 552/562/566 557/567/571
f 555/565/569 556/566/570 558/568/572
f 558/568/572 556/566/570 557/567/571
f 557/567/571 552/562/566 559/569/573
f 559/569/573 552/562/566 548/558/562
f 506/518/520 555/565/569 560/570/574
f 560/570/574 555/565/569 558/568/572
f 506/518/520 560/570/574 561/571/575
f 506/518/520 561/571/575 500/512/514
f 500/512/514 561/571/575 504/516/518
f 559/569/573 548/558/562 562/572/576
f 560/570/574 558/568/572 563/573/577
f 560/570/574 563/573/577 564/574/578
f 560/570/574 564/574/578 561/571/575
f 563/573/577 558/568/572 565/575/579
f 563/573/580 565/575/580 564/574/580
f 504/516/518 561/571/575 566/576/581
f 504/516/518 566/576/581 501/513/515
f 561/571/575 564/574/578 567/577/582
f 566/576/581 561/571/575 568/578/583
f 568/578/583 561/571/575 567/577/582
f 501/513/515 566/576/581 569/579/584
f 501/513/515 569/579/584 502/514/516
f 566/576/581 568/578/583 570/580/585
f 570/580/585 568/578/583 567/577/582
f 569/579/584 566/576/581 571/581/586
f 569/579/584 571/581/586 502/514/516
f 566/576/581 570/580/585 572/582/587
f 566/576/581 572/582/587 571/581/586
f 573/583/588 567/577/582 564/574/578
f 572/582/587 570/580/585 574/584/589
f 573/583/588 564/574/578 575/585/590
f 575/585/590 564/574/578 565/575/591
f 567/577/582 573/583/588 576/586/592
f 576/586/592 573/583/588 575/585/590
f 577/587/593 570/580/585 567/577/582
f 570/580/585 577/587/593 574/584/589
f 577/587/593 567/577/582 576/586/592
f 578/588/594 572/582/587 574/584/589
f 572/582/587 578/588/594 571/581/586
f 574/584/589 577/587/593 579/589/595
f 574/584/589 579/589/595 578/588/594
f 571/581/586 578/588/594 580/590/596
f 571/581/586 580/590/596 502/514/516
f 578/588/594 579/589/595 581/591/597
f 579/589/595 577/587/593 582/592/598
f 579/589/595 582/592/598 581/591/597
f 582/592/598 577/587/593 583/593/599
f 583/593/599 577/587/593 584/594/600
f 584/594/600 577/587/593 576/586/592
f 583/593/599 584/594/600 585/595/601
f 585/595/601 584/594/600 576/586/592
f 583/593/599 585/595/601 586/596/602
f 582/592/598 583/593/599 587/597/603
f 587/597/603 583/593/599 586/596/602
f 588/598/604 581/591/597 582/592/598
f 588/598/604 582/592/598 587/597/603
f 587/597/603 586/596/602 589/599/605
f 589/599/605 586/596/602 585/595/601
f 588/598/604 587/597/603 590/600/606
f 588/598/604 590/600/606 591/601/607
f 588/598/604 591/601/607 581/591/597
f 590/600/606 587/597/603 592/602/608
f 592/602/608 587/597/603 593/603/609
f 593/603/609 587/597/603 589/599/605
f 590/600/606 592/602/608 594/604/610
f 590/600/606 594/604/610 591/601/607
f 592/602/608 593/603/609 595/605/611
f 595/605/611 593/603/609 589/599/605
f 594/604/610 592/602/608 596/606/612
f 594/604/610 596/606/612 597/607/613
f 594/604/610 597/607/613 591/601/607
f 596/606/612 592/602/608 598/608/614
f 599/609/615 589/599/605 585/595/601
f 598/608/614 592/602/608 600/610/616
f 600/610/616 592/602/608 595/605/611
f 596/606/612 598/608/614 601/611/617
f 596/606/612 601/611/617 597/607/613
f 602/612/618 595/605/611 589/599/605
f 589/599/605 599/609/615 603/613/619
f 589/599/605 603/613/619 602/612/618
f 595/605/611 602/612/618 604/614/620
f 604/614/620 602/612/618 603/613/619
f 595/605/611 604/614/620 605/615/621
f 595/605/622 605/615/621 600/610/616
f 603/613/619 599/609/623 606/616/624
f 606/616/624 599/609/623 585/595/601
f 604/614/620 603/613/619 607/617/625
f 604/614/620 607/617/625 608/618/626
f 604/614/620 608/618/626 605/615/621
f 607/617/625 603/613/619 609/619/627
f 609/619/627 603/613/619 606/616/624
f 608/618/626 607/617/625 610/620/628
f 608/618/626 610/620/628 605/615/621
f 607/617/625 609/619/627 611/621/629
f 612/622/630 606/616/624 585/595/601
f 612/622/630 585/595/601 576/586/592
f 606/616/624 612/622/630 613/623/631
f 612/622/630 576/586/592 614/624/632
f 614/624/632 576/586/592 575/585/590
f 612/622/630 614/624/632 615/625/633
f 612/622/630 615/625/633 613/623/631
f 614/624/632 575/585/590 616/626/634
f 614/624/632 616/626/634 615/625/633
f 615/625/633 616/626/634 613/623/631
f 616/626/634 575/585/590 565/575/591
f 617/627/635 606/616/624 613/623/631
f 606/616/624 617/627/635 609/619/627
f 616/626/634 565/575/591 618/628/636
f 609/619/627 617/627/635 619/629/637
f 616/626/634 618/628/636 620/630/638
f 616/626/634 620/630/638 613/623/631
f 620/630/638 618/628/636 565/575/591
f 617/627/635 613/623/631 621/631/639
f 621/631/639 613/623/631 620/630/638
f 619/629/637 617/627/635 622/632/640
f 622/632/640 617/627/635 621/631/639
f 609/619/627 619/629/637 623/633/641
f 623/633/641 619/629/637 622/632/640
f 609/619/627 623/633/641 611/621/629
f 622/632/640 621/631/639 624/634/642
f 611/621/629 623/633/641 625/635/643
f 611/621/629 625/635/643 607/617/625
f 623/633/641 622/632/640 626/636/644
f 626/636/644 622/632/640 624/634/642
f 624/634/645 621/631/646 627/637/647
f 627/637/647 621/631/646 620/630/648
f 626/636/644 624/634/642 628/638/649
f 624/634/642 627/637/650 629/639/651
f 624/634/642 629/639/651 628/638/649
f 623/633/641 626/636/644 630/640/652
f 630/640/652 626/636/644 628/638/649
f 627/637/653 620/630/653 631/641/653
f 627/637/650 631/641/654 629/639/651
f 631/641/655 620/630/656 632/642/657
f 629/639/651 631/641/654 633/643/658
f 633/643/658 631/641/654 632/642/659
f 634/644/660 628/638/649 629/639/651
f 629/639/651 633/643/658 635/645/661
f 629/639/651 635/645/661 634/644/660
f 628/638/649 634/644/660 636/646/662
f 628/638/649 636/646/662 637/647/663
f 628/638/649 637/647/663 630/640/652
f 636/646/662 634/644/660 638/648/664
f 636/646/662 638/648/664 637/647/663
f 634/644/660 635/645/661 639/649/665
f 634/644/660 639/649/665 638/648/664
f 637/647/663 638/648/664 640/650/666
f 637/647/663 640/650/666 630/640/652
f 640/650/666 638/648/664 641/651/667
f 630/640/652 640/650/666 642/652/668
f 641/651/667 638/648/664 643/653/669
f 643/653/669 638/648/664 639/649/665
f 640/650/666 641/651/667 644/654/670
f 642/652/668 640/650/666 645/655/671
f 645/655/671 640/650/666 644/654/670
f 630/640/652 642/652/668 646/656/672
f 646/656/672 642/652/668 645/655/671
f 630/640/652 646/656/672 647/657/673
f 646/656/672 645/655/671 648/658/674
f 648/658/674 645/655/671 649/659/675
f 649/659/675 645/655/671 644/654/670
f 646/656/672 648/658/674 650/660/676
f 646/656/672 650/660/676 647/657/673
f 650/660/676 648/658/674 651/661/677
f 651/661/677 648/658/674 649/659/675
f 630/640/652 647/657/673 652/662/678
f 630/640/652 652/662/678 623/633/641
f 647/657/673 650/660/676 653/663/679
f 652/662/678 647/657/673 654/664/680
f 654/664/680 647/657/673 653/663/679
f 623/633/641 652/662/678 655/665/681
f 655/665/681 652/662/678 654/664/680
f 623/633/641 655/665/681 625/635/643
f 653/663/679 650/660/676 656/666/682
f 656/666/682 650/660/676 651/661/677
f 625/635/643 655/665/681 657/667/683
f 655/665/681 654/664/680 658/668/684
f 655/665/681 658/668/684 657/667/683
f 659/669/685 654/664/680 653/663/679
f 654/664/680 659/669/685 658/668/684
f 653/663/679 656/666/682 660/670/686
f 653/663/679 660/670/686 659/669/685
f 625/635/643 657/667/683 661/671/687
f 661/671/687 657/667/683 658/668/684
f 625/635/643 661/671/687 662/672/688
f 625/635/643 662/672/688 607/617/625
f 661/671/687 658/668/684 663/673/689
f 663/673/689 658/668/684 659/669/685
f 607/617/625 662/672/688 610/620/628
f 664/674/690 659/669/685 660/670/686
f 659/669/685 664/674/690 663/673/689
f 662/672/688 661/671/687 665/675/691
f 665/675/691 661/671/687 663/673/689
f 610/620/628 662/672/688 666/676/692
f 666/676/692 662/672/688 665/675/691
f 665/675/691 663/673/689 667/677/693
f 667/677/693 663/673/689 664/674/690
f 666/676/692 665/675/691 668/678/694
f 668/678/694 665/675/691 667/677/693
f 610/620/628 666/676/692 669/679/695
f 666/676/692 668/678/694 670/680/696
f 666/676/692 670/680/696 669/679/695
f 610/620/628 669/679/695 671/681/697
f 610/620/628 671/681/697 605/615/621
f 669/679/695 670/680/696 672/682/698
f 671/681/697 669/679/695 673/683/699
f 673/683/699 669/679/695 672/682/698
f 671/681/697 673/683/699 674/684/700
f 673/683/699 672/682/698 675/685/701
f 673/683/699 675/685/701 674/684/700
f 671/681/697 674/684/700 676/686/702
f 671/681/697 676/686/702 605/615/621
f 676/686/702 674/684/700 677/687/703
f 677/687/703 674/684/700 675/685/701
f 605/615/621 676/686/702 678/688/704
f 605/615/621 678/688/704 600/610/616
f 676/686/702 677/687/703 679/689/705
f 676/686/702 679/689/705 678/688/704
f 678/688/704 679/689/705 680/690/706
f 678/688/704 680/690/706 600/610/616
f 600/610/616 680/690/706 681/691/707
f 600/610/616 681/691/707 598/608/614
f 598/608/614 681/691/707 682/692/708
f 682/692/708 681/691/707 680/690/706
f 598/608/614 682/692/708 601/611/617
f 680/690/706 679/689/705 683/693/709
f 682/692/708 680/690/706 684/694/710
f 684/694/710 680/690/706 683/693/709
f 601/611/617 682/692/708 685/695/711
f 683/693/709 679/689/705 686/696/712
f 686/696/712 679/689/705 677/687/703
f 684/694/710 683/693/709 687/697/713
f 684/694/710 687/697/713 682/692/708
f 687/697/713 683/693/709 688/698/714
f 688/698/714 683/693/709 686/696/712
f 682/692/708 687/697/713 689/699/715
f 682/692/708 689/699/715 685/695/711
f 689/699/715 687/697/713 690/700/716
f 690/700/716 687/697/713 688/698/714
f 685/695/711 597/607/613 601/611/617
f 690/700/716 688/698/714 691/701/717
f 691/701/717 688/698/714 692/702/718
f 689/699/715 690/700/716 693/703/719
f 692/702/718 688/698/714 694/704/720
f 694/704/720 688/698/714 686/696/712
f 690/700/716 691/701/717 695/705/721
f 689/699/715 693/703/719 696/706/722
f 689/699/715 696/706/722 685/695/711
f 685/695/711 696/706/722 697/707/723
f 697/707/723 696/706/722 698/708/724
f 698/708/725 696/706/725 693/703/725
f 685/695/711 697/707/723 699/709/726
f 699/709/726 697/707/723 698/708/724
f 700/710/727 695/705/721 691/701/717
f 700/710/727 691/701/717 692/702/718
f 701/711/728 690/700/716 695/705/721
f 690/700/716 701/711/728 693/703/719
f 701/711/728 695/705/721 702/712/729
f 693/703/719 701/711/728 703/713/730
f 703/713/730 701/711/728 702/712/729
f 702/712/729 695/705/721 704/714/731
f 704/714/731 695/705/721 700/710/727
f 703/713/730 702/712/729 705/715/732
f 706/716/733 700/710/727 692/702/718
f 702/712/729 704/714/734 707/717/735
f 702/712/729 707/717/735 705/715/732
f 704/714/734 700/710/736 708/718/737
f 700/710/736 706/716/738 709/719/739
f 700/710/736 709/719/739 708/718/737
f 706/716/733 692/702/718 710/720/740
f 706/716/738 710/720/741 709/719/739
f 710/720/741 692/702/718 711/721/742
f 704/714/734 708/718/737 712/722/743
f 711/721/742 692/702/718 713/723/744
f 713/723/744 692/702/718 694/704/720
f 713/723/744 694/704/720 714/724/745
f 713/723/744 714/724/745 711/721/742
f 704/714/734 712/722/743 715/725/746
f 704/714/734 715/725/746 707/717/735
f 707/717/735 715/725/746 716/726/747
f 716/726/747 715/725/746 712/722/743
f 717/727/748 712/722/743 708/718/737
f 717/727/748 708/718/737 709/719/739
f 716/726/747 712/722/743 718/728/749
f 719/729/750 709/719/739 710/720/741
f 718/728/749 712/722/743 720/730/751
f 720/730/751 712/722/743 717/727/748
f 719/729/750 710/720/741 721/731/752
f 719/729/750 721/731/752 709/719/739
f 721/731/752 710/720/741 711/721/742
f 709/719/739 721/731/752 722/732/753
f 709/719/739 722/732/753 717/727/748
f 721/731/752 711/721/742 723/733/754
f 721/731/752 723/733/754 722/732/753
f 723/733/754 711/721/742 724/734/755
f 724/734/755 711/721/742 714/724/745
f 723/733/754 724/734/755 725/735/756
f 723/733/754 725/735/756 722/732/753
f 724/734/755 714/724/745 726/736/757
f 724/734/755 726/736/757 725/735/756
f 726/736/757 714/724/745 727/737/758
f 722/732/753 725/735/756 728/738/759
f 726/736/757 727/737/758 729/739/760
f 725/735/756 726/736/757 730/740/761
f 730/740/761 726/736/757 729/739/760
f 725/735/756 730/740/761 731/741/762
f 725/735/756 731/741/762 728/738/759
f 730/740/761 729/739/760 732/742/763
f 729/739/760 727/737/758 733/743/764
f 729/739/760 733/743/764 732/742/763
f 733/743/764 727/737/758 734/744/765
f 734/744/765 727/737/758 714/724/745
f 732/742/763 733/743/764 735/745/766
f 733/743/764 734/744/765 736/746/767
f 733/743/764 736/746/767 735/745/766
f 734/744/765 714/724/745 737/747/768
f 737/747/768 714/724/745 694/704/720
f 737/747/768 694/704/720 686/696/712
f 734/744/765 737/747/768 738/748/769
f 734/744/765 738/748/769 736/746/767
f 737/747/768 686/696/712 739/749/770
f 737/747/768 739/749/770 738/748/769
f 739/749/770 686/696/712 740/750/771
f 739/749/770 740/750/771 738/748/769
f 740/750/771 686/696/712 741/751/772
f 741/751/772 686/696/712 677/687/703
f 741/751/772 677/687/703 675/685/701
f 740/750/771 741/751/772 742/752/773
f 740/750/771 742/752/773 738/748/769
f 741/751/772 675/685/701 743/753/774
f 741/751/772 743/753/774 742/752/773
f 743/753/774 675/685/701 744/754/775
f 744/754/775 675/685/701 672/682/698
f 742/752/773 743/753/774 745/755/776
f 738/748/769 742/752/773 746/756/777
f 746/756/777 742/752/773 745/755/776
f 738/748/769 746/756/777 736/746/767
f 745/755/776 743/753/774 747/757/778
f 747/757/778 743/753/774 744/754/775
f 745/755/776 747/757/778 748/757/779
f 748/757/779 747/757/778 744/754/775
f 745/755/776 748/757/779 749/758/780
f 745/755/776 749/758/780 746/756/777
f 736/746/767 746/756/777 750/759/781
f 750/759/781 746/756/777 749/758/780
f 736/746/767 750/759/781 751/760/782
f 750/759/781 749/758/780 752/761/783
f 750/759/781 752/761/783 751/760/782
f 749/758/780 748/757/779 753/762/784
f 749/758/780 753/762/784 752/761/783
f 753/762/784 748/757/779 754/763/785
f 754/763/785 748/757/779 744/754/775
f 736/746/767 751/760/782 755/764/786
f 736/746/767 755/764/786 735/745/766
f 735/745/766 755/764/786 732/742/763
f 753/762/784 754/763/785 756/765/787
f 754/763/785 744/754/775 757/766/788
f 753/762/784 756/765/787 758/767/789
f 753/762/784 758/767/789 752/761/783
f 756/765/787 754/763/785 759/768/790
f 759/768/790 754/763/785 757/766/788
f 756/765/787 759/768/790 760/769/791
f 757/766/788 744/754/775 761/770/792
f 761/770/792 744/754/775 672/682/698
f 761/770/792 672/682/698 670/680/696
f 759/768/790 757/766/788 762/771/793
f 759/768/790 762/771/793 760/769/791
f 757/766/788 761/770/792 763/772/794
f 757/766/788 763/772/794 762/771/793
f 761/770/792 670/680/696 764/773/795
f 761/770/792 764/773/795 763/772/794
f 764/773/795 670/680/696 668/678/694
f 764/773/795 668/678/694 765/774/796
f 765/774/796 668/678/694 667/677/693
f 763/772/794 764/773/795 766/775/797
f 766/775/797 764/773/795 765/774/796
f 767/776/798 762/771/793 763/772/794
f 767/776/798 763/772/794 766/775/797
f 765/774/796 667/677/693 768/777/799
f 765/774/796 768/777/799 766/775/797
f 766/775/797 768/777/799 767/776/798
f 768/777/799 667/677/693 664/674/690
f 762/771/793 767/776/798 769/776/800
f 762/771/793 769/776/800 760/769/791
f 767/776/798 768/777/799 770/778/801
f 767/776/798 770/778/801 769/776/800
f 768/777/799 664/674/690 771/779/802
f 770/778/801 768/777/799 772/780/803
f 772/780/803 768/777/799 771/779/802
f 770/778/801 772/780/803 773/781/804
f 769/776/800 770/778/801 774/782/805
f 774/782/805 770/778/801 773/781/804
f 775/783/806 760/769/791 769/776/800
f 775/783/806 769/776/800 774/782/805
f 772/780/803 771/779/802 776/784/807
f 772/780/803 776/784/807 773/781/804
f 777/785/808 771/779/802 664/674/690
f 771/779/802 777/785/808 776/784/807
f 777/785/808 664/674/690 660/670/686
f 777/785/808 660/670/686 656/666/682
f 777/785/808 656/666/682 778/786/809
f 777/785/808 778/786/809 776/784/807
f 778/786/809 656/666/682 651/661/677
f 779/787/810 773/781/804 776/784/807
f 779/787/810 776/784/807 778/786/809
f 778/786/809 651/661/677 780/788/811
f 778/786/809 780/788/811 779/787/810
f 780/788/811 651/661/677 781/789/812
f 781/789/812 651/661/677 649/659/675
f 779/787/810 780/788/811 782/790/813
f 780/788/811 781/789/812 783/791/814
f 780/788/811 783/791/814 782/790/813
f 781/789/812 649/659/675 784/792/815
f 781/789/812 784/792/815 783/791/814
f 779/787/810 782/790/813 785/793/816
f 779/787/810 785/793/816 773/781/804
f 782/790/813 783/791/814 786/794/817
f 782/790/813 786/794/817 785/793/816
f 773/781/804 785/793/816 787/795/818
f 773/781/804 787/795/818 774/782/805
f 787/795/818 785/793/816 788/796/819
f 788/796/819 785/793/816 786/794/817
f 774/782/805 787/795/818 789/797/820
f 789/797/820 787/795/818 788/796/819
f 774/782/805 789/797/820 790/798/821
f 774/782/805 790/798/821 775/783/806
f 789/797/820 788/796/819 791/799/822
f 789/797/820 791/799/822 790/798/821
f 790/798/821 791/799/822 792/800/823
f 790/798/821 792/800/823 793/801/824
f 792/800/823 791/799/822 794/802/825
f 790/798/821 793/801/824 795/803/826
f 790/798/821 795/803/826 775/783/806
f 795/803/826 793/801/824 796/804/827
f 794/802/825 791/799/822 797/805/828
f 797/805/828 791/799/822 788/796/819
f 794/802/825 797/805/828 798/806/829
f 797/805/828 788/796/819 799/807/830
f 797/805/828 799/807/830 798/806/829
f 799/807/830 788/796/819 786/794/817
f 798/806/829 799/807/830 800/808/831
f 795/803/826 796/804/827 801/809/832
f 801/809/832 796/804/827 802/810/833
f 803/811/834 775/783/806 795/803/826
f 803/811/834 795/803/826 801/809/832
f 775/783/806 803/811/834 760/769/791
f 801/809/832 802/810/833 804/812/835
f 801/809/832 804/812/835 803/811/834
f 804/812/835 802/810/833 805/813/836
f 760/769/791 803/811/834 806/814/837
f 760/769/791 806/814/837 756/765/787
f 756/765/787 806/814/837 758/767/789
f 806/814/837 803/811/834 807/815/838
f 807/815/838 803/811/834 804/812/835
f 758/767/789 806/814/837 808/816/839
f 808/816/839 806/814/837 807/815/838
f 758/767/789 808/816/839 752/761/783
f 809/817/840 804/812/835 805/813/836
f 804/812/835 809/817/840 807/815/838
f 809/817/840 805/813/836 810/818/841
f 808/816/839 807/815/838 811/819/842
f 811/819/842 807/815/838 809/817/840
f 809/817/840 810/818/841 812/820/843
f 809/817/840 812/820/843 811/819/842
f 812/820/843 810/818/841 813/821/844
f 808/816/839 811/819/842 814/822/845
f 814/822/845 811/819/842 812/820/843
f 808/816/839 814/822/845 815/823/846
f 808/816/839 815/823/846 752/761/783
f 814/822/845 812/820/843 816/824/847
f 816/824/847 812/820/843 813/821/844
f 814/822/845 816/824/847 815/823/846
f 816/824/847 813/821/844 817/825/848
f 816/824/847 817/825/848 818/826/849
f 816/824/847 818/826/849 815/823/846
f 818/826/849 817/825/848 819/827/850
f 820/828/851 752/761/783 815/823/846
f 752/761/783 820/828/851 751/760/782
f 815/823/846 818/826/849 821/829/852
f 815/823/846 821/829/852 820/828/851
f 818/826/849 819/827/850 822/830/853
f 818/826/849 822/830/853 821/829/852
f 822/830/853 819/827/850 823/831/854
f 751/760/782 820/828/851 824/832/855
f 751/760/782 824/832/855 755/764/786
f 820/828/851 821/829/852 825/833/856
f 820/828/851 825/833/856 824/832/855
f 821/829/852 822/830/853 826/834/857
f 821/829/852 826/834/857 825/833/856
f 822/830/853 823/831/854 827/835/858
f 822/830/853 827/835/858 826/834/857
f 827/835/858 823/831/854 828/836/859
f 824/832/855 825/833/856 829/837/860
f 824/832/855 829/837/860 755/764/786
f 825/833/856 826/834/857 830/838/861
f 830/838/861 826/834/857 827/835/858
f 827/835/858 828/836/859 831/839/862
f 827/835/858 831/839/862 830/838/861
f 831/839/862 828/836/859 832/840/863
f 825/833/856 830/838/861 833/841/864
f 825/833/856 833/841/864 829/837/860
f 833/841/864 830/838/861 831/839/862
f 831/839/862 832/840/863 834/842/865
f 831/839/862 834/842/865 833/841/864
f 834/842/865 832/840/863 835/843/866
f 835/843/866 832/840/863 836/844/867
f 835/843/866 836/844/867 837/845/868
f 837/845/868 836/844/867 838/846/869
f 834/842/865 835/843/866 839/847/870
f 839/847/870 835/843/866 837/845/868
f 833/841/864 834/842/865 840/848/871
f 840/848/871 834/842/865 839/847/870
f 837/845/868 838/846/869 841/849/872
f 841/849/872 838/846/869 842/850/873
f 839/847/870 837/845/868 843/851/874
f 843/851/874 837/845/868 841/849/872
f 840/848/871 839/847/870 844/852/875
f 844/852/875 839/847/870 843/851/874
f 841/849/872 842/850/873 845/853/876
f 845/853/876 842/850/873 846/854/877
f 843/851/874 841/849/872 847/855/878
f 847/855/878 841/849/872 845/853/876
f 844/852/875 843/851/874 848/856/879
f 848/856/879 843/851/874 847/855/878
f 840/848/871 844/852/875 849/857/880
f 849/857/880 844/852/875 848/856/879
f 840/848/871 849/857/880 850/858/881
f 840/848/871 850/858/881 833/841/864
f 849/857/880 848/856/879 851/859/882
f 833/841/864 850/858/881 852/860/883
f 833/841/864 852/860/883 829/837/860
f 829/837/860 852/860/883 755/764/786
f 850/858/881 849/857/880 853/861/884
f 853/861/884 849/857/880 851/859/882
f 851/859/882 848/856/879 854/862/885
f 854/862/885 848/856/879 847/855/878
f 851/859/882 854/862/885 853/861/884
f 755/764/786 852/860/883 855/863/886
f 755/764/786 855/863/886 732/742/763
f 732/742/763 855/863/886 730/740/761
f 730/740/761 855/863/886 731/741/762
f 855/863/886 852/860/883 856/864/887
f 856/864/887 852/860/883 850/858/881
f 855/863/886 856/864/887 731/741/762
f 856/864/887 850/858/881 853/861/884
f 731/741/762 856/864/887 857/865/888
f 857/865/888 856/864/887 853/861/884
f 731/741/762 857/865/888 858/866/889
f 731/741/762 858/866/889 859/867/890
f 731/741/762 859/867/890 728/738/759
f 858/866/889 857/865/888 860/868/891
f 858/866/889 860/868/891 859/867/890
f 857/865/888 853/861/884 861/869/892
f 861/869/892 853/861/884 854/862/885
f 860/868/891 857/865/888 862/870/893
f 862/870/893 857/865/888 861/869/892
f 859/867/890 860/868/891 863/871/894
f 863/871/894 860/868/891 862/870/893
f 864/872/895 728/738/759 859/867/890
f 728/738/759 864/872/895 722/732/753
f 859/867/890 863/871/894 865/873/896
f 859/867/890 865/873/896 864/872/895
f 722/732/753 864/872/895 866/874/897
f 866/874/897 864/872/895 865/873/896
f 722/732/753 866/874/897 717/727/748
f 866/874/897 865/873/896 867/875/898
f 866/874/897 867/875/898 717/727/748
f 865/873/896 863/871/894 868/876/899
f 865/873/896 868/876/899 867/875/898
f 869/877/900 863/871/894 862/870/893
f 863/871/894 869/877/900 868/876/899
f 869/877/900 862/870/893 870/878/901
f 870/878/901 862/870/893 861/869/892
f 717/727/748 867/875/898 871/879/902
f 717/727/748 871/879/902 720/730/751
f 867/875/898 868/876/899 872/880/903
f 867/875/898 872/880/903 871/879/902
f 720/730/751 871/879/902 873/881/904
f 873/881/904 871/879/902 872/880/903
f 720/730/751 873/881/904 718/728/749
f 718/728/749 873/881/904 716/726/747
f 874/882/905 870/878/901 861/869/892
f 874/882/905 861/869/892 854/862/885
f 870/878/901 874/882/905 875/883/906
f 874/882/905 854/862/885 876/884/907
f 874/882/905 876/884/907 875/883/906
f 876/884/907 854/862/885 877/885/908
f 877/885/908 854/862/885 847/855/878
f 877/885/908 847/855/878 845/853/876
f 876/884/907 877/885/908 878/886/909
f 876/884/907 878/886/909 875/883/906
f 877/885/908 845/853/876 879/887/910
f 877/885/908 879/887/910 878/886/909
f 879/887/910 845/853/876 846/854/877
f 879/887/910 846/854/877 880/888/911
f 880/888/911 846/854/877 881/889/912
f 878/886/909 879/887/910 882/890/913
f 882/890/913 879/887/910 880/888/911
f 880/888/911 881/889/912 883/891/914
f 880/888/911 883/891/914 882/890/913
f 883/891/914 881/889/912 884/892/915
f 883/891/914 884/892/915 885/893/916
f 883/891/914 885/893/916 882/890/913
f 885/893/916 884/892/915 886/894/917
f 878/886/909 882/890/913 887/895/918
f 878/886/909 887/895/918 875/883/906
f 882/890/913 885/893/916 888/896/919
f 875/883/906 887/895/918 889/897/920
f 887/895/918 882/890/913 890/898/921
f 887/895/918 890/898/921 889/897/920
f 890/898/921 882/890/913 888/896/919
f 875/883/906 889/897/920 891/899/922
f 891/899/922 889/897/920 890/898/921
f 875/883/906 891/899/922 892/900/923
f 875/883/906 892/900/923 870/878/901
f 870/878/901 892/900/923 869/877/900
f 869/877/900 892/900/923 893/901/924
f 893/901/924 892/900/923 891/899/922
f 869/877/900 893/901/924 868/876/899
f 891/899/922 890/898/921 894/902/925
f 891/899/922 894/902/925 893/901/924
f 894/902/925 890/898/921 895/903/926
f 868/876/899 893/901/924 896/904/927
f 868/876/899 896/904/927 872/880/903
f 895/903/926 890/898/921 897/905/928
f 897/905/928 890/898/921 888/896/919
f 894/902/925 895/903/926 898/906/929
f 893/901/924 894/902/925 899/907/930
f 899/907/930 894/902/925 898/906/929
f 896/904/927 893/901/924 900/908/931
f 900/908/931 893/901/924 899/907/930
f 896/904/927 900/908/931 901/909/932
f 896/904/927 901/909/932 872/880/903
f 900/908/931 899/907/930 902/910/933
f 900/908/931 902/910/933 901/909/932
f 899/907/930 898/906/929 903/911/934
f 899/907/930 903/911/934 902/910/933
f 872/880/903 901/909/932 904/912/935
f 872/880/903 904/912/935 873/881/904
f 901/909/932 902/910/933 905/913/936
f 901/909/932 905/913/936 904/912/935
f 905/913/936 902/910/933 903/911/934
f 873/881/904 904/912/935 906/914/937
f 906/914/937 904/912/935 905/913/936
f 873/881/904 906/914/937 907/915/938
f 873/881/904 907/915/938 716/726/747
f 906/914/937 905/913/936 908/916/939
f 906/914/937 908/916/939 907/915/938
f 905/913/936 903/911/934 909/917/940
f 908/916/939 905/913/936 910/918/941
f 910/918/941 905/913/936 909/917/940
f 909/917/940 903/911/934 911/919/942
f 908/916/939 910/918/941 912/920/943
f 908/916/939 912/920/943 907/915/938
f 913/921/944 716/726/747 907/915/938
f 716/726/747 913/921/944 707/717/735
f 907/915/938 912/920/943 914/922/945
f 707/717/735 913/921/944 915/923/946
f 913/921/944 907/915/938 916/924/947
f 916/924/947 907/915/938 914/922/945
f 913/921/944 916/924/947 915/923/946
f 707/717/735 915/923/946 705/715/732
f 914/922/945 912/920/943 917/925/948
f 917/925/948 912/920/943 910/918/941
f 916/924/947 914/922/945 918/926/949
f 918/926/949 914/922/945 917/925/948
f 915/923/946 916/924/947 919/927/950
f 919/927/950 916/924/947 918/926/949
f 705/715/732 915/923/946 920/928/951
f 920/928/951 915/923/946 919/927/950
f 919/927/950 918/926/949 921/929/952
f 921/929/952 918/926/949 917/925/948
f 920/928/951 919/927/950 922/930/953
f 922/930/953 919/927/950 921/929/952
f 705/715/732 920/928/951 923/931/954
f 705/715/732 923/931/954 703/713/730
f 703/713/730 923/931/954 924/932/955
f 703/713/730 924/932/955 693/703/956
f 924/932/955 923/931/954 925/933/957
f 693/703/956 924/932/955 926/934/958
f 926/934/958 924/932/955 925/933/957
f 693/703/956 926/934/958 698/708/724
f 927/935/959 923/931/954 920/928/951
f 923/931/954 927/935/959 925/933/957
f 927/935/959 920/928/951 928/936/960
f 928/936/960 920/928/951 922/930/953
f 925/933/957 927/935/959 929/937/961
f 929/937/961 927/935/959 928/936/960
f 930/938/962 926/934/958 925/933/957
f 926/934/958 930/938/962 698/708/724
f 925/933/957 929/937/961 931/939/963
f 925/933/957 931/939/963 930/938/962
f 698/708/724 930/938/962 932/940/964
f 698/708/724 932/940/964 699/709/726
f 930/938/962 931/939/963 933/941/965
f 933/941/965 931/939/963 929/937/961
f 932/940/964 930/938/962 934/942/966
f 932/940/964 934/942/966 699/709/726
f 934/942/966 930/938/962 935/943/967
f 935/943/967 930/938/962 933/941/965
f 699/709/726 934/942/966 936/944/968
f 934/942/966 935/943/967 937/945/969
f 934/942/966 937/945/969 936/944/968
f 937/945/969 935/943/967 938/946/970
f 938/946/970 935/943/967 933/941/965
f 937/945/969 938/946/970 939/947/971
f 937/945/969 939/947/971 936/944/968
f 938/946/970 933/941/965 940/948/972
f 699/709/973 936/944/973 941/949/973
f 699/709/974 941/949/975 685/695/976
f 685/695/976 941/949/975 597/607/977
f 941/949/978 936/944/968 942/950/979
f 941/949/978 942/950/979 597/607/613
f 597/607/613 942/950/979 943/951/980
f 597/607/613 943/951/980 591/601/607
f 942/950/979 936/944/968 944/952/981
f 942/950/979 944/952/981 943/951/980
f 591/601/607 943/951/980 945/953/982
f 945/953/983 943/951/983 944/952/983
f 591/601/607 945/953/982 946/954/984
f 591/601/607 946/954/984 581/591/597
f 946/954/985 945/953/985 947/955/985
f 947/955/986 945/953/987 944/952/981
f 581/591/597 946/954/984 948/956/988
f 948/956/988 946/954/984 947/955/986
f 949/957/989 944/952/981 936/944/968
f 949/957/989 936/944/968 939/947/971
f 944/952/981 949/957/989 950/958/990
f 950/958/990 949/957/989 939/947/971
f 947/955/986 944/952/981 951/959/991
f 951/959/991 944/952/981 950/958/990
f 948/956/988 947/955/986 952/960/992
f 952/960/992 947/955/986 951/959/991
f 953/961/993 581/591/597 948/956/988
f 953/961/993 948/956/988 952/960/992
f 581/591/597 953/961/993 578/588/594
f 578/588/994 953/961/994 580/590/994
f 953/961/993 952/960/992 954/962/995
f 953/961/993 954/962/995 580/590/996
f 954/962/995 952/960/992 955/963/997
f 954/962/995 955/963/997 580/590/996
f 956/964/998 952/960/992 951/959/991
f 952/960/992 956/964/998 955/963/997
f 580/590/999 955/963/1000 957/965/1001
f 580/590/596 957/965/1002 502/514/516
f 957/965/1001 955/963/1000 958/966/1003
f 502/514/516 957/965/1002 959/967/1004
f 959/967/1004 957/965/1002 958/966/1005
f 502/514/516 959/967/1004 492/504/503
f 492/504/503 959/967/1004 489/501/499
f 489/501/499 959/967/1004 490/502/500
f 490/502/500 959/967/1004 958/966/1005
f 490/502/500 958/966/1005 486/498/498
f 960/968/1006 958/966/1007 955/963/997
f 960/968/1006 955/963/997 956/964/998
f 486/498/496 958/966/1007 961/969/1008
f 961/969/1008 958/966/1007 960/968/1006
f 486/498/496 961/969/1008 487/499/495
f 487/499/495 961/969/1008 962/970/1009
f 487/499/495 962/970/1009 485/497/493
f 962/970/1009 961/969/1008 963/971/1010
f 961/969/1008 960/968/1006 964/972/1011
f 961/969/1008 964/972/1011 963/971/1010
f 964/972/1011 960/968/1006 965/973/1012
f 965/973/1012 960/968/1006 966/974/1013
f 966/974/1013 960/968/1006 956/964/998
f 964/972/1011 965/973/1012 967/975/1014
f 964/972/1011 967/975/1014 963/971/1010
f 965/973/1012 966/974/1013 968/976/1015
f 965/973/1012 968/976/1015 967/975/1014
f 966/974/1013 956/964/998 969/977/1016
f 966/974/1013 969/977/1016 968/976/1015
f 969/977/1016 956/964/998 970/978/1017
f 970/978/1017 956/964/998 951/959/991
f 969/977/1016 970/978/1017 971/979/1018
f 969/977/1016 971/979/1018 968/976/1015
f 970/978/1017 951/959/991 972/980/1019
f 970/978/1017 972/980/1019 971/979/1018
f 972/980/1019 951/959/991 950/958/990
f 971/979/1018 972/980/1019 973/981/1020
f 973/981/1020 972/980/1019 950/958/990
f 968/976/1015 971/979/1018 974/982/1021
f 974/982/1021 971/979/1018 973/981/1020
f 973/981/1020 950/958/990 975/983/1022
f 975/983/1022 950/958/990 939/947/971
f 975/983/1022 939/947/971 976/984/1023
f 975/983/1022 976/984/1023 973/981/1020
f 976/984/1023 939/947/971 938/946/970
f 974/982/1021 973/981/1020 977/985/1024
f 977/985/1024 973/981/1020 976/984/1023
f 976/984/1023 938/946/970 940/948/972
f 977/985/1024 976/984/1023 978/986/1025
f 978/986/1025 976/984/1023 940/948/972
f 974/982/1021 977/985/1024 979/987/1026
f 977/985/1024 978/986/1025 980/988/1027
f 977/985/1024 980/988/1027 979/987/1026
f 974/982/1021 979/987/1026 981/989/1028
f 974/982/1021 981/989/1028 968/976/1015
f 981/989/1028 979/987/1026 982/990/1029
f 968/976/1015 981/989/1028 983/991/1030
f 968/976/1015 983/991/1030 967/975/1014
f 979/987/1026 980/988/1027 984/992/1031
f 979/987/1026 984/992/1031 982/990/1029
f 983/991/1030 981/989/1028 985/993/1032
f 985/993/1032 981/989/1028 982/990/1029
f 967/975/1014 983/991/1030 986/994/1033
f 967/975/1014 986/994/1033 963/971/1010
f 986/994/1034 983/991/1030 987/995/1035
f 987/995/1035 983/991/1030 985/993/1032
f 986/994/1034 987/995/1035 988/996/1036
f 988/996/1036 987/995/1035 985/993/1032
f 963/971/1010 986/994/1034 989/997/1037
f 989/997/1037 986/994/1034 988/996/1036
f 988/996/1036 985/993/1032 990/998/1038
f 991/999/1039 985/993/1032 982/990/1029
f 988/996/1036 990/998/1038 992/1000/1040
f 990/998/1038 985/993/1032 993/1001/1041
f 993/1001/1041 985/993/1032 991/999/1039
f 990/998/1038 993/1001/1041 992/1000/1040
f 991/999/1042 982/990/1029 994/1002/1043
f 991/999/1044 994/1002/1045 993/1001/1046
f 994/1002/1043 982/990/1029 995/1003/1047
f 995/1003/1047 982/990/1029 984/992/1031
f 993/1001/1046 994/1002/1045 996/1004/1048
f 995/1003/1049 984/992/1031 997/1005/1050
f 994/1002/1045 995/1003/1051 998/1006/1052
f 994/1002/1045 998/1006/1052 996/1004/1048
f 998/1006/1052 995/1003/1051 997/1005/1053
f 997/1005/1050 984/992/1031 980/988/1027
f 996/1004/1048 998/1006/1052 999/1007/1054
f 999/1007/1054 998/1006/1052 997/1005/1053
f 993/1001/1046 996/1004/1048 1000/1008/1055
f 997/1005/1050 980/988/1027 1001/1009/1056
f 1001/1009/1056 980/988/1027 978/986/1025
f 997/1005/1050 1001/1009/1056 1002/1010/1057
f 1001/1009/1056 978/986/1025 1003/1011/1058
f 1002/1010/1057 1001/1009/1056 1004/1012/1059
f 1004/1012/1059 1001/1009/1056 1003/1011/1058
f 1003/1011/1058 978/986/1025 940/948/972
f 1003/1011/1058 940/948/972 1005/1013/1060
f 997/1005/1050 1002/1010/1057 1006/1014/1061
f 1006/1014/1062 1002/1010/1057 1004/1012/1059
f 997/1005/1053 1006/1014/1062 1007/1015/1063
f 997/1005/1053 1007/1015/1063 999/1007/1054
f 1003/1011/1058 1005/1013/1060 1008/1016/1064
f 1003/1011/1058 1008/1016/1064 1004/1012/1059
f 1005/1013/1060 940/948/972 1009/1017/1065
f 1005/1013/1060 1009/1017/1065 1008/1016/1064
f 1009/1017/1065 940/948/972 933/941/965
f 1009/1017/1065 933/941/965 1010/1018/1066
f 1010/1018/1066 933/941/965 929/937/961
f 1009/1017/1065 1010/1018/1066 1011/1019/1067
f 1011/1019/1067 1010/1018/1066 929/937/961
f 1009/1017/1065 1011/1019/1067 1008/1016/1064
f 1011/1019/1067 929/937/961 1012/1020/1068
f 1008/1016/1064 1011/1019/1067 1013/1021/1069
f 1013/1021/1069 1011/1019/1067 1012/1020/1068
f 1012/1020/1068 929/937/961 928/936/960
f 1013/1021/1069 1012/1020/1068 1014/1022/1070
f 1014/1022/1070 1012/1020/1068 928/936/960
f 1008/1016/1064 1013/1021/1069 1015/1023/1071
f 1016/1024/1072 1004/1012/1059 1008/1016/1064
f 1016/1024/1072 1008/1016/1064 1015/1023/1071
f 1015/1023/1071 1013/1021/1069 1017/1025/1073
f 1017/1025/1073 1013/1021/1069 1018/1026/1074
f 1018/1026/1074 1013/1021/1069 1014/1022/1070
f 1015/1023/1071 1017/1025/1073 1019/1027/1075
f 1018/1026/1074 1014/1022/1070 1020/1028/1076
f 1017/1025/1073 1018/1026/1074 1021/1029/1077
f 1017/1025/1073 1021/1029/1077 1019/1027/1075
f 1018/1026/1074 1020/1028/1076 1022/1030/1078
f 1018/1026/1074 1022/1030/1078 1021/1029/1077
f 1020/1028/1079 1014/1022/1080 1023/1031/1081
f 1020/1028/1076 1023/1031/1082 1022/1030/1078
f 1024/1032/1083 1014/1022/1070 928/936/960
f 1014/1022/1080 1024/1032/1084 1023/1031/1081
f 1024/1032/1083 928/936/960 1025/1033/1085
f 1023/1031/1082 1024/1032/1083 1026/1034/1086
f 1026/1034/1086 1024/1032/1083 1025/1033/1085
f 1025/1033/1085 928/936/960 1027/1035/1087
f 1027/1035/1087 928/936/960 922/930/953
f 1026/1034/1086 1025/1033/1085 1028/1036/1088
f 1028/1036/1088 1025/1033/1085 1027/1035/1087
f 1027/1035/1087 922/930/953 921/929/952
f 1027/1035/1087 921/929/952 1028/1036/1088
f 1023/1031/1082 1026/1034/1086 1029/1037/1089
f 1029/1037/1089 1026/1034/1086 1028/1036/1088
f 1023/1031/1082 1029/1037/1089 1030/1038/1090
f 1023/1031/1082 1030/1038/1090 1022/1030/1078
f 1029/1037/1089 1028/1036/1088 1031/1039/1091
f 1028/1036/1088 921/929/952 1032/1040/1092
f 1028/1036/1088 1032/1040/1092 1031/1039/1091
f 1032/1040/1092 921/929/952 1033/1041/1093
f 1033/1041/1093 921/929/952 917/925/948
f 1032/1040/1092 1033/1041/1093 1034/1042/1094
f 1032/1040/1092 1034/1042/1094 1031/1039/1091
f 1033/1041/1093 917/925/948 1035/1043/1095
f 1033/1041/1093 1035/1043/1095 1034/1042/1094
f 1035/1043/1095 917/925/948 910/918/941
f 1035/1043/1095 910/918/941 1036/1044/1096
f 1037/1045/1097 1029/1037/1089 1031/1039/1091
f 1029/1037/1089 1037/1045/1097 1030/1038/1090
f 1036/1044/1096 910/918/941 1038/1046/1098
f 1038/1046/1098 910/918/941 909/917/940
f 1035/1043/1095 1036/1044/1096 1039/1047/1099
f 1039/1047/1099 1036/1044/1096 1038/1046/1098
f 1038/1046/1098 909/917/940 911/919/942
f 1035/1043/1095 1039/1047/1099 1040/1048/1100
f 1035/1043/1095 1040/1048/1100 1034/1042/1094
f 1039/1047/1099 1038/1046/1098 1041/1049/1101
f 1041/1049/1101 1038/1046/1098 911/919/942
f 1040/1048/1100 1039/1047/1099 1042/1050/1102
f 1042/1050/1102 1039/1047/1099 1041/1049/1101
f 1040/1048/1100 1042/1050/1102 1043/1051/1103
f 1040/1048/1100 1043/1051/1103 1034/1042/1094
f 1042/1050/1102 1041/1049/1101 1044/1052/1104
f 1041/1049/1101 911/919/942 1045/1053/1105
f 1041/1049/1101 1045/1053/1105 1044/1052/1104
f 1043/1051/1103 1042/1050/1102 1046/1054/1106
f 1046/1054/1106 1042/1050/1102 1044/1052/1104
f 1043/1051/1103 1046/1054/1106 1047/1055/1107
f 1046/1054/1106 1044/1052/1104 1048/1056/1108
f 1044/1052/1104 1045/1053/1105 1049/1057/1109
f 1044/1052/1104 1049/1057/1109 1048/1056/1108
f 1046/1054/1106 1048/1056/1108 1050/1058/1110
f 1046/1054/1106 1050/1058/1110 1047/1055/1107
f 1050/1058/1110 1048/1056/1108 1051/1056/1111
f 1051/1056/1111 1048/1056/1108 1049/1057/1109
f 1050/1058/1110 1051/1056/1111 1052/1059/1112
f 1052/1059/1112 1051/1056/1111 1049/1057/1109
f 1047/1055/1107 1050/1058/1110 1053/1060/1113
f 1053/1060/1113 1050/1058/1110 1052/1059/1112
f 1054/1061/1114 1043/1051/1103 1047/1055/1107
f 1055/1062/1115 1049/1057/1109 1045/1053/1105
f 1043/1051/1103 1054/1061/1114 1034/1042/1094
f 1055/1062/1115 1045/1053/1105 1056/1063/1116
f 1056/1063/1116 1045/1053/1105 911/919/942
f 1049/1057/1109 1055/1062/1115 1057/1064/1117
f 1057/1064/1117 1055/1062/1115 1056/1063/1116
f 1049/1057/1109 1057/1064/1117 1058/1065/1118
f 1049/1057/1109 1058/1065/1118 1052/1059/1112
f 1058/1065/1118 1057/1064/1117 1059/1066/1119
f 1059/1066/1119 1057/1064/1117 1060/1067/1120
f 1060/1067/1120 1057/1064/1117 1056/1063/1116
f 1058/1065/1118 1059/1066/1119 1061/1068/1121
f 1052/1059/1112 1058/1065/1118 1062/1069/1122
f 1062/1069/1122 1058/1065/1118 1061/1068/1121
f 1061/1068/1121 1059/1066/1119 1063/1070/1123
f 1063/1070/1123 1059/1066/1119 1060/1067/1120
f 1062/1069/1122 1061/1068/1121 1064/1071/1124
f 1064/1071/1124 1061/1068/1121 1065/1072/1125
f 1065/1072/1125 1061/1068/1121 1063/1070/1123
f 1062/1069/1122 1064/1071/1124 1066/1073/1126
f 1065/1072/1125 1063/1070/1123 1067/1074/1127
f 1067/1074/1127 1063/1070/1123 886/894/917
f 1063/1070/1123 1060/1067/1120 1068/1075/1128
f 1063/1070/1123 1068/1075/1128 886/894/917
f 886/894/917 1068/1075/1128 1069/1076/1129
f 1069/1076/1129 1068/1075/1128 1060/1067/1120
f 886/894/917 1069/1076/1129 885/893/916
f 885/893/916 1069/1076/1129 888/896/919
f 1069/1076/1129 1060/1067/1120 1070/1077/1130
f 1069/1076/1129 1070/1077/1130 888/896/919
f 1070/1077/1130 1060/1067/1120 1056/1063/1116
f 888/896/919 1070/1077/1130 897/905/928
f 897/905/928 1070/1077/1130 1071/1078/1131
f 1071/1078/1131 1070/1077/1130 1056/1063/1116
f 897/905/928 1071/1078/1131 895/903/926
f 895/903/926 1071/1078/1131 898/906/929
f 1071/1078/1131 1056/1063/1116 1072/1079/1132
f 1071/1078/1131 1072/1079/1132 898/906/929
f 1072/1079/1132 1056/1063/1116 911/919/942
f 898/906/929 1072/1079/1132 903/911/934
f 903/911/934 1072/1079/1132 911/919/942
f 1073/1080/1133 315/327/317 320/332/322
f 315/327/317 1073/1080/1133 316/328/318
f 1073/1080/1133 320/332/322 330/342/332
f 316/328/318 1073/1080/1133 1074/1081/1134
f 1074/1081/1134 1073/1080/1133 330/342/332
f 316/328/318 1074/1081/1134 317/329/319
f 317/329/319 1074/1081/1134 1075/1082/1135
f 317/329/319 1075/1082/1135 1076/1083/1136
f 317/329/319 1076/1083/1136 313/325/315
f 1075/1082/1135 1074/1081/1134 1077/1083/1137
f 1075/1082/1135 1077/1083/1137 1076/1083/1136
f 1074/1081/1134 330/342/332 1078/1084/1138
f 1074/1081/1134 1078/1084/1138 1077/1083/1137
f 313/325/315 1076/1083/1136 1079/1085/1139
f 1079/1085/1139 1076/1083/1136 1077/1083/1137
f 313/325/315 1079/1085/1139 1080/1086/1140
f 313/325/315 1080/1086/1140 309/321/311
f 1080/1086/1140 1079/1085/1139 1081/1087/1141
f 309/321/311 1080/1086/1140 1082/1088/1142
f 1082/1088/1142 1080/1086/1140 1081/1087/1141
f 309/321/311 1082/1088/1142 1083/1089/1143
f 309/321/311 1083/1089/1143 308/320/310
f 1081/1087/1141 1079/1085/1139 468/480/471
f 468/480/471 1079/1085/1139 1077/1083/1137
f 468/480/471 1077/1083/1137 464/476/467
f 464/476/467 1077/1083/1137 456/468/458
f 456/468/458 1077/1083/1137 1084/1090/1144
f 1084/1090/1144 1077/1083/1137 1078/1084/1138
f 456/468/458 1084/1090/1144 1085/1091/1145
f 1085/1091/1145 1084/1090/1144 1078/1084/1138
f 456/468/458 1085/1091/1145 1086/1092/1146
f 456/468/458 1086/1092/1146 448/460/450
f 448/460/450 1086/1092/1146 435/447/437
f 435/447/437 1086/1092/1146 1087/1093/1147
f 1087/1093/1147 1086/1092/1146 1085/1091/1145
f 435/447/437 1087/1093/1147 421/433/423
f 421/433/423 1087/1093/1147 1088/1094/1148
f 1087/1093/1147 1085/1091/1145 1089/1095/1149
f 1087/1093/1147 1089/1095/1149 1088/1094/1148
f 1089/1095/1149 1085/1091/1145 1078/1084/1138
f 421/433/423 1088/1094/1148 1090/1096/1150
f 1090/1096/1150 1088/1094/1148 1089/1095/1149
f 421/433/423 1090/1096/1150 405/417/407
f 405/417/407 1090/1096/1150 335/347/337
f 1090/1096/1150 1089/1095/1149 1091/1097/1151
f 1090/1096/1150 1091/1097/1151 335/347/337
f 1091/1097/1151 1089/1095/1149 1078/1084/1138
f 335/347/337 1091/1097/1151 1092/1098/1152
f 1092/1098/1152 1091/1097/1151 1078/1084/1138
f 335/347/337 1092/1098/1152 331/343/333
f 1092/1098/1152 1078/1084/1138 330/342/332
f 1092/1098/1152 330/342/332 331/343/333
f 1093/1099/1153 382/394/384 374/386/376
f 1093/1099/1153 374/386/376 1094/1100/1154
f 1094/1100/1154 374/386/376 375/387/377
f 382/394/384 1093/1099/1153 1095/1101/1155
f 1094/1100/1154 375/387/377 1096/1102/1156
f 1096/1102/1156 375/387/377 1097/1103/1157
f 1096/1102/1156 1097/1103/1157 1098/1104/1158
f 1094/1100/1154 1096/1102/1156 1099/1105/1159
f 1099/1105/1159 1096/1102/1156 1098/1104/1158
f 1093/1099/1153 1094/1100/1154 1100/1106/1160
f 1100/1106/1160 1094/1100/1154 1099/1105/1159
f 1093/1099/1153 1100/1106/1160 1095/1101/1155
f 1099/1105/1159 1098/1104/1158 1101/1107/1161
f 1099/1105/1159 1101/1107/1161 1100/1106/1160
f 1095/1101/1155 1100/1106/1160 1102/1108/1162
f 1102/1108/1163 1100/1106/1163 1101/1107/1163
f 1102/1108/1162 1101/1107/1161 1103/1109/1164
f 1101/1107/1161 1098/1104/1158 1104/1110/1165
f 1101/1107/1161 1104/1110/1165 1103/1109/1164
f 1104/1110/1165 1098/1104/1158 1105/1111/1166
f 1104/1110/1165 1105/1111/1166 1106/1112/1167
f 1104/1110/1165 1106/1112/1167 1107/1113/1168
f 1104/1110/1165 1107/1113/1168 1103/1109/1164
f 1107/1113/1168 1106/1112/1167 1108/1114/1169
f 1107/1113/1168 1108/1114/1169 1109/1115/1170
f 1107/1113/1168 1109/1115/1170 1103/1109/1164
f 1109/1115/1170 1108/1114/1169 1110/1116/1171
f 1111/1117/1172 1102/1108/1162 1103/1109/1164
f 1102/1108/1162 1111/1117/1172 1095/1101/1155
f 1103/1109/1164 1109/1115/1170 1112/1118/1173
f 1103/1109/1164 1112/1118/1173 1111/1117/1172
f 1109/1115/1170 1110/1116/1171 1113/1119/1174
f 1113/1119/1174 1110/1116/1171 1114/1120/1175
f 1112/1118/1173 1109/1115/1170 1115/1121/1176
f 1113/1119/1174 1114/1120/1175 1116/1122/1177
f 1116/1122/1177 1114/1120/1175 1117/1123/1178
f 1109/1115/1179 1113/1119/1179 1118/1124/1179
f 1118/1124/1180 1113/1119/1174 1116/1122/1177
f 1109/1115/1170 1118/1124/1180 1115/1121/1176
f 1112/1118/1173 1115/1121/1176 1119/1125/1181
f 1112/1118/1173 1119/1125/1181 1111/1117/1172
f 1119/1125/1181 1115/1121/1176 1120/1126/1182
f 1120/1126/1182 1115/1121/1176 1118/1124/1180
f 1111/1117/1172 1119/1125/1181 1121/1127/1183
f 1118/1124/1180 1116/1122/1177 1122/1128/1184
f 1122/1128/1184 1116/1122/1177 1123/1129/1185
f 1123/1129/1185 1116/1122/1177 1117/1123/1178
f 1118/1124/1180 1122/1128/1184 1124/1130/1186
f 1123/1129/1185 1117/1123/1178 1125/1131/1187
f 1125/1131/1187 1117/1123/1178 1126/1132/1188
f 1125/1131/1187 1126/1132/1188 1127/1133/1189
f 1125/1131/1187 1127/1133/1189 1123/1129/1185
f 1122/1128/1184 1123/1129/1185 1128/1134/1190
f 1122/1128/1184 1128/1134/1190 1124/1130/1186
f 1123/1129/1185 1127/1133/1189 1129/1135/1191
f 1128/1134/1190 1123/1129/1185 1130/1136/1192
f 1130/1136/1192 1123/1129/1185 1129/1135/1191
f 1129/1135/1191 1127/1133/1189 1131/1137/1193
f 1131/1137/1193 1127/1133/1189 1132/1138/1194
f 1131/1137/1193 1132/1138/1194 1133/1139/1195
f 1128/1134/1190 1130/1136/1192 1134/1140/1196
f 1128/1134/1190 1134/1140/1196 1124/1130/1186
f 1130/1136/1192 1129/1135/1191 1135/1141/1197
f 1134/1140/1196 1130/1136/1192 1136/1142/1198
f 1136/1142/1198 1130/1136/1192 1135/1141/1197
f 1135/1141/1197 1129/1135/1191 1137/1143/1199
f 1137/1143/1199 1129/1135/1191 1131/1137/1193
f 1136/1142/1198 1135/1141/1197 1138/1144/1200
f 1138/1144/1200 1135/1141/1197 1137/1143/1199
f 1134/1140/1196 1136/1142/1198 1139/1145/1201
f 1134/1140/1196 1139/1145/1201 1124/1130/1186
f 1139/1145/1201 1136/1142/1198 1140/1146/1202
f 1140/1146/1202 1136/1142/1198 1138/1144/1200
f 1137/1143/1199 1131/1137/1193 1141/1147/1203
f 1137/1143/1199 1141/1147/1203 1138/1144/1200
f 1142/1148/1204 1131/1137/1193 1133/1139/1195
f 1131/1137/1193 1142/1148/1204 1141/1147/1203
f 1142/1148/1204 1133/1139/1195 1143/1149/1205
f 1142/1148/1204 1143/1149/1205 1144/1150/1206
f 1141/1147/1203 1142/1148/1204 1145/1151/1207
f 1145/1151/1207 1142/1148/1204 1144/1150/1206
f 1138/1144/1200 1141/1147/1203 1146/1152/1208
f 1146/1152/1208 1141/1147/1203 1145/1151/1207
f 1147/1153/1209 1148/1154/1210 1144/1150/1206
f 1144/1150/1206 1148/1154/1210 1149/1155/1211
f 1144/1150/1206 1149/1155/1211 1145/1151/1207
f 1149/1155/1211 1148/1154/1210 1150/1156/1212
f 1149/1155/1211 1150/1156/1212 1151/1157/1213
f 1149/1155/1211 1151/1157/1213 1145/1151/1207
f 1151/1157/1213 1150/1156/1212 1152/1158/1214
f 1153/1159/1215 1146/1152/1208 1145/1151/1207
f 1153/1159/1215 1145/1151/1207 1151/1157/1213
f 1151/1157/1213 1152/1158/1214 1154/1160/1216
f 1153/1159/1215 1151/1157/1213 1155/1161/1217
f 1155/1161/1217 1151/1157/1213 1154/1160/1216
f 1146/1152/1208 1153/1159/1215 1156/1162/1218
f 1156/1162/1218 1153/1159/1215 1155/1161/1217
f 1146/1152/1208 1156/1162/1218 1157/1163/1219
f 1146/1152/1208 1157/1163/1219 1138/1144/1200
f 1156/1162/1218 1155/1161/1217 1158/1164/1220
f 1138/1144/1200 1157/1163/1219 1159/1165/1221
f 1138/1144/1200 1159/1165/1221 1140/1146/1202
f 1157/1163/1219 1156/1162/1218 1160/1166/1222
f 1160/1166/1222 1156/1162/1218 1158/1164/1220
f 1159/1165/1221 1157/1163/1219 1161/1167/1223
f 1161/1167/1223 1157/1163/1219 1160/1166/1222
f 1140/1146/1202 1159/1165/1221 1162/1168/1224
f 1162/1168/1224 1159/1165/1221 1161/1167/1223
f 1140/1146/1202 1162/1168/1224 1139/1145/1201
f 1163/1169/1225 1158/1164/1220 1155/1161/1217
f 1163/1169/1225 1155/1161/1217 1154/1160/1216
f 1164/1170/1226 1160/1166/1222 1158/1164/1220
f 1164/1170/1226 1158/1164/1220 1163/1169/1225
f 1139/1145/1201 1162/1168/1224 1165/1171/1227
f 1139/1145/1201 1165/1171/1227 1124/1130/1186
f 1124/1130/1186 1165/1171/1227 1166/1172/1228
f 1124/1130/1186 1166/1172/1228 1167/1173/1229
f 1124/1130/1186 1167/1173/1229 1118/1124/1180
f 1166/1172/1228 1165/1171/1227 1168/1174/1230
f 1166/1172/1228 1168/1174/1230 1167/1173/1229
f 1118/1124/1180 1167/1173/1229 1120/1126/1182
f 1120/1126/1182 1167/1173/1229 1168/1174/1230
f 1169/1175/1231 1165/1171/1227 1162/1168/1224
f 1165/1171/1227 1169/1175/1231 1168/1174/1230
f 1169/1175/1231 1162/1168/1224 1170/1176/1232
f 1170/1176/1232 1162/1168/1224 1161/1167/1223
f 1168/1174/1230 1169/1175/1231 1171/1177/1233
f 1169/1175/1231 1170/1176/1232 1172/1178/1234
f 1169/1175/1231 1172/1178/1234 1171/1177/1233
f 1173/1179/1235 1120/1126/1182 1168/1174/1230
f 1170/1176/1232 1161/1167/1223 1174/1180/1236
f 1172/1178/1234 1170/1176/1232 1175/1181/1237
f 1175/1181/1237 1170/1176/1232 1174/1180/1236
f 1174/1180/1236 1161/1167/1223 1176/1182/1238
f 1176/1182/1238 1161/1167/1223 1160/1166/1222
f 1175/1181/1237 1174/1180/1236 1177/1183/1239
f 1177/1183/1239 1174/1180/1236 1176/1182/1238
f 1172/1178/1234 1175/1181/1237 1178/1181/1240
f 1178/1181/1240 1175/1181/1237 1177/1183/1239
f 1176/1182/1238 1160/1166/1222 1164/1170/1226
f 1172/1178/1234 1178/1181/1240 1179/1184/1241
f 1172/1178/1234 1179/1184/1241 1171/1177/1233
f 1179/1184/1241 1178/1181/1240 1180/1185/1242
f 1180/1185/1242 1178/1181/1240 1177/1183/1239
f 1171/1177/1233 1179/1184/1241 1181/1186/1243
f 1182/1187/1244 1177/1183/1239 1176/1182/1238
f 1182/1187/1244 1176/1182/1238 1164/1170/1226
f 1179/1184/1241 1180/1185/1242 1183/1188/1245
f 1179/1184/1241 1183/1188/1245 1181/1186/1243
f 1180/1185/1242 1177/1183/1239 1184/1189/1246
f 1183/1188/1245 1180/1185/1242 1185/1190/1247
f 1185/1190/1247 1180/1185/1242 1184/1189/1246
f 1184/1189/1246 1177/1183/1239 1186/1191/1248
f 1186/1191/1248 1177/1183/1239 1182/1187/1244
f 1184/1189/1246 1186/1191/1248 1187/1192/1249
f 1184/1189/1246 1187/1192/1249 1185/1190/1247
f 1186/1191/1248 1182/1187/1244 1188/1193/1250
f 1189/1194/1251 1181/1186/1243 1183/1188/1245
f 1190/1195/1252 1183/1188/1245 1185/1190/1247
f 1183/1188/1245 1190/1195/1252 1189/1194/1251
f 1181/1186/1243 1189/1194/1251 1191/1196/1253
f 1181/1186/1243 1191/1196/1253 1171/1177/1233
f 1171/1177/1233 1191/1196/1253 1192/1197/1254
f 1171/1177/1233 1192/1197/1254 1168/1174/1230
f 1168/1174/1230 1192/1197/1254 1173/1179/1235
f 1192/1197/1254 1191/1196/1253 1193/1198/1255
f 1192/1197/1254 1193/1198/1255 1173/1179/1235
f 1191/1196/1253 1189/1194/1251 1194/1199/1256
f 1191/1196/1253 1194/1199/1256 1193/1198/1255
f 1194/1199/1256 1189/1194/1251 1195/1200/1257
f 1195/1200/1257 1189/1194/1251 1190/1195/1252
f 1193/1198/1255 1194/1199/1256 1196/1201/1258
f 1196/1201/1258 1194/1199/1256 1197/1202/1259
f 1197/1202/1259 1194/1199/1256 1195/1200/1257
f 1193/1198/1255 1196/1201/1258 539/549/553
f 1195/1200/1257 1190/1195/1252 1198/1203/1260
f 1196/1201/1258 1197/1202/1259 1199/1204/1261
f 1196/1201/1258 1199/1204/1261 539/549/553
f 1197/1202/1259 1195/1200/1257 1200/1202/1262
f 1200/1202/1262 1195/1200/1257 1198/1203/1260
f 539/549/553 1199/1204/1261 540/550/554
f 1193/1198/1255 539/549/553 1201/1205/1263
f 1193/1198/1255 1201/1205/1263 1173/1179/1235
f 1201/1205/1263 539/549/553 536/546/550
f 540/550/554 1199/1204/1261 543/553/557
f 1201/1205/1263 536/546/550 1202/1206/1264
f 1201/1205/1263 1202/1206/1264 1173/1179/1235
f 1202/1206/1264 536/546/550 530/540/544
f 1173/1179/1235 1202/1206/1264 1203/1207/1265
f 1173/1179/1235 1203/1207/1265 1120/1126/1182
f 1120/1126/1182 1203/1207/1265 1119/1125/1181
f 1202/1206/1264 530/540/544 1204/1208/1266
f 1202/1206/1264 1204/1208/1266 1203/1207/1265
f 1204/1208/1266 530/540/544 531/541/545
f 1119/1125/1181 1203/1207/1265 1121/1127/1183
f 1121/1127/1183 1203/1207/1265 1204/1208/1266
f 1204/1208/1266 531/541/545 397/409/399
f 1204/1208/1266 397/409/399 1121/1127/1183
f 1121/1127/1183 397/409/399 1205/1209/1267
f 1121/1127/1183 1205/1209/1267 1111/1117/1172
f 1205/1209/1267 397/409/399 1206/1210/1268
f 1206/1210/1268 397/409/399 391/403/393
f 1206/1210/1268 391/403/393 380/392/382
f 1206/1210/1268 380/392/382 1207/1211/1269
f 1206/1210/1268 1207/1211/1269 1205/1209/1267
f 1207/1211/1269 380/392/382 379/391/381
f 1207/1211/1269 379/391/381 382/394/384
f 1205/1209/1267 1207/1211/1269 1208/1212/1270
f 1208/1212/1270 1207/1211/1269 382/394/384
f 1205/1209/1267 1208/1212/1270 1111/1117/1172
f 1208/1212/1270 382/394/384 1095/1101/1155
f 1208/1212/1270 1095/1101/1155 1111/1117/1172
f 1209/1213/1271 543/553/557 1199/1204/1261
f 1209/1213/1271 1199/1204/1261 1197/1202/1259
f 1209/1213/1271 1197/1202/1259 1200/1202/1262
f 1209/1213/1271 1200/1202/1262 1210/1214/1272
f 1210/1214/1272 1200/1202/1262 1198/1203/1260
f 543/553/557 1209/1213/1271 1211/1215/1273
f 1211/1215/1273 1209/1213/1271 1210/1214/1272
f 1210/1214/1272 1198/1203/1260 1212/1216/1274
f 1212/1216/1274 1198/1203/1260 1213/1216/1275
f 1213/1216/1275 1198/1203/1260 1190/1195/1252
f 1213/1216/1275 1190/1195/1252 1185/1190/1247
f 1213/1216/1275 1185/1190/1247 1214/1217/1276
f 1213/1216/1275 1214/1217/1276 1212/1216/1274
f 1214/1217/1276 1185/1190/1247 1187/1192/1249
f 1210/1214/1272 1212/1216/1274 1215/1218/1277
f 1215/1218/1277 1212/1216/1274 1214/1217/1276
f 1210/1214/1272 1215/1218/1277 1216/1219/1278
f 1210/1214/1272 1216/1219/1278 1211/1215/1273
f 1215/1218/1277 1214/1217/1276 1217/1220/1279
f 1216/1219/1278 1215/1218/1277 1218/1221/1280
f 1218/1221/1280 1215/1218/1277 1217/1220/1279
f 1216/1219/1278 1218/1221/1280 1219/1222/1281
f 1218/1221/1280 1217/1220/1279 633/643/658
f 1218/1221/1280 633/643/658 1219/1222/1281
f 633/643/658 1217/1220/1279 635/645/661
f 635/645/661 1217/1220/1279 1220/1223/1282
f 1220/1223/1282 1217/1220/1279 1214/1217/1276
f 635/645/661 1220/1223/1282 639/649/665
f 1220/1223/1282 1214/1217/1276 1221/1224/1283
f 1220/1223/1282 1221/1224/1283 639/649/665
f 1221/1224/1283 1214/1217/1276 1187/1192/1249
f 639/649/665 1221/1224/1283 1222/1225/1284
f 1222/1225/1284 1221/1224/1283 1187/1192/1249
f 639/649/665 1222/1225/1284 643/653/669
f 1222/1225/1284 1187/1192/1249 1223/1226/1285
f 1223/1226/1285 1187/1192/1249 1186/1191/1248
f 643/653/669 1222/1225/1284 1224/1227/1286
f 1224/1227/1286 1222/1225/1284 1223/1226/1285
f 1223/1226/1285 1186/1191/1248 1188/1193/1250
f 1224/1227/1286 1223/1226/1285 1225/1227/1287
f 1225/1227/1287 1223/1226/1285 1188/1193/1250
f 643/653/669 1224/1227/1286 1226/1228/1288
f 643/653/669 1226/1228/1288 641/651/667
f 1224/1227/1286 1225/1227/1287 1227/1229/1289
f 1227/1229/1289 1225/1227/1287 1188/1193/1250
f 1224/1227/1286 1227/1229/1289 1226/1228/1288
f 641/651/667 1226/1228/1288 1228/1230/1290
f 1228/1230/1290 1226/1228/1288 1227/1229/1289
f 641/651/667 1228/1230/1290 1229/1231/1291
f 641/651/667 1229/1231/1291 644/654/670
f 1227/1229/1289 1188/1193/1250 1230/1232/1292
f 1230/1232/1292 1188/1193/1250 1182/1187/1244
f 1230/1232/1292 1182/1187/1244 1164/1170/1226
f 1227/1229/1289 1230/1232/1292 1231/1233/1293
f 1231/1233/1293 1230/1232/1292 1164/1170/1226
f 1228/1230/1290 1227/1229/1289 1232/1234/1294
f 1232/1234/1294 1227/1229/1289 1231/1233/1293
f 1233/1235/1295 1229/1231/1291 1228/1230/1290
f 1233/1235/1295 1228/1230/1290 1232/1234/1294
f 1229/1231/1291 1233/1235/1295 1234/1236/1296
f 1229/1231/1291 1234/1236/1296 644/654/670
f 1233/1235/1295 1232/1234/1294 1235/1237/1297
f 644/654/670 1234/1236/1296 1236/1238/1298
f 644/654/670 1236/1238/1298 649/659/675
f 649/659/675 1236/1238/1298 784/792/815
f 1234/1236/1296 1233/1235/1295 1237/1239/1299
f 1237/1239/1299 1233/1235/1295 1235/1237/1297
f 1236/1238/1298 1234/1236/1296 1238/1240/1300
f 1238/1240/1300 1234/1236/1296 1237/1239/1299
f 784/792/815 1236/1238/1298 1239/1241/1301
f 1239/1241/1301 1236/1238/1298 1238/1240/1300
f 1240/1242/1302 1235/1237/1297 1232/1234/1294
f 1240/1242/1302 1232/1234/1294 1231/1233/1293
f 1235/1237/1297 1240/1242/1302 1237/1239/1299
f 784/792/815 1239/1241/1301 1241/1243/1303
f 1241/1243/1303 1239/1241/1301 1238/1240/1300
f 1240/1242/1302 1231/1233/1293 1242/1244/1304
f 1242/1244/1304 1231/1233/1293 1164/1170/1226
f 1242/1244/1304 1164/1170/1226 1163/1169/1225
f 1240/1242/1302 1242/1244/1304 1243/1245/1305
f 1240/1242/1302 1243/1245/1305 1237/1239/1299
f 1242/1244/1304 1163/1169/1225 1244/1246/1306
f 1242/1244/1304 1244/1246/1306 1243/1245/1305
f 1244/1246/1306 1163/1169/1225 1154/1160/1216
f 1237/1239/1299 1243/1245/1305 1245/1247/1307
f 1246/1248/1308 1238/1240/1300 1237/1239/1299
f 1246/1248/1308 1237/1239/1299 1245/1247/1307
f 1238/1240/1300 1246/1248/1308 1247/1249/1309
f 1238/1240/1300 1247/1249/1309 1241/1243/1303
f 1247/1249/1309 1246/1248/1308 1248/1250/1310
f 1248/1250/1310 1246/1248/1308 1249/1251/1311
f 1249/1251/1311 1246/1248/1308 1245/1247/1307
f 1247/1249/1309 1248/1250/1310 1250/1252/1312
f 1251/1253/1313 1245/1247/1307 1243/1245/1305
f 1251/1253/1313 1243/1245/1305 1244/1246/1306
f 1245/1247/1307 1251/1253/1313 1252/1254/1314
f 1245/1247/1307 1252/1254/1314 1253/1255/1315
f 1245/1247/1307 1253/1255/1315 1249/1251/1311
f 1252/1254/1314 1251/1253/1313 1254/1256/1316
f 1253/1255/1315 1252/1254/1314 1255/1257/1317
f 1255/1257/1317 1252/1254/1314 1254/1256/1316
f 1254/1256/1316 1251/1253/1313 1256/1258/1318
f 1256/1258/1318 1251/1253/1313 1244/1246/1306
f 1254/1256/1316 1256/1258/1318 1257/1259/1319
f 1254/1256/1316 1257/1259/1319 1258/1260/1320
f 1254/1256/1316 1258/1260/1320 1255/1257/1317
f 1257/1259/1319 1256/1258/1318 1259/1261/1321
f 1259/1261/1321 1256/1258/1318 1244/1246/1306
f 1257/1259/1319 1259/1261/1321 1260/1262/1322
f 1259/1261/1321 1244/1246/1306 1261/1263/1323
f 1259/1261/1321 1261/1263/1323 1260/1262/1322
f 1261/1263/1323 1244/1246/1306 1154/1160/1216
f 1260/1262/1322 1261/1263/1323 1262/1264/1324
f 1261/1263/1323 1154/1160/1216 1152/1158/1214
f 1261/1263/1323 1152/1158/1214 1262/1264/1324
f 1263/1265/1325 1255/1257/1317 1258/1260/1320
f 1263/1265/1325 1258/1260/1320 1264/1266/1326
f 1263/1265/1325 1264/1266/1326 223/1267/223
f 1255/1257/1317 1263/1265/1325 1265/1268/1327
f 1263/1265/1325 223/1267/223 1266/1269/1328
f 1263/1265/1325 1266/1269/1328 1265/1268/1327
f 1266/1269/1328 223/1267/223 215/1270/215
f 215/1270/215 223/1267/223 217/1271/217
f 1266/1269/1328 215/1270/215 1267/1272/1329
f 1266/1269/1328 1267/1272/1329 1265/1268/1327
f 1255/1257/1317 1265/1268/1327 1268/1273/1330
f 1255/1257/1317 1268/1273/1330 1253/1255/1315
f 1253/1255/1315 1268/1273/1330 1249/1251/1311
f 1268/1273/1330 1265/1268/1327 1269/1274/1331
f 1249/1251/1311 1268/1273/1330 1270/1275/1332
f 1270/1275/1332 1268/1273/1330 1269/1274/1331
f 1249/1251/1311 1270/1275/1332 1271/1276/1333
f 1249/1251/1311 1271/1276/1333 1248/1250/1310
f 1248/1250/1310 1271/1276/1333 1250/1252/1312
f 1271/1276/1333 1270/1275/1332 1272/1277/1334
f 1271/1276/1333 1272/1277/1334 1250/1252/1312
f 1272/1277/1334 1270/1275/1332 1269/1274/1331
f 1273/1278/1335 1269/1274/1331 1265/1268/1327
f 1273/1278/1335 1265/1268/1327 1267/1272/1329
f 1272/1277/1334 1269/1274/1331 1274/1279/1336
f 1273/1278/1335 1267/1272/1329 1275/1280/1337
f 1275/1280/1337 1267/1272/1329 215/1270/215
f 1269/1274/1331 1273/1278/1335 1276/1281/1338
f 1269/1274/1331 1276/1281/1338 1274/1279/1336
f 1276/1281/1338 1273/1278/1335 1275/1280/1337
f 1274/1279/1336 1276/1281/1338 1277/1282/1339
f 1277/1282/1339 1276/1281/1338 1275/1280/1337
f 1275/1280/1337 215/1270/215 1278/1283/1340
f 1278/1283/1340 215/1270/215 213/1284/213
f 1277/1282/1339 1275/1280/1337 1279/1285/1341
f 1274/1279/1336 1277/1282/1339 1280/1286/1342
f 1275/1280/1337 1278/1283/1340 1281/1287/1343
f 1275/1280/1337 1281/1287/1343 1279/1285/1341
f 1278/1283/1340 213/1284/213 1282/1288/1344
f 1282/1288/1344 213/1284/213 211/1289/211
f 1282/1288/1344 211/1289/211 210/1290/210
f 1278/1283/1340 1282/1288/1344 1283/1288/1345
f 1283/1288/1345 1282/1288/1344 210/1290/210
f 1281/1287/1343 1278/1283/1340 1284/1291/1346
f 1284/1291/1346 1278/1283/1340 1283/1288/1345
f 1283/1288/1345 210/1290/210 1285/1292/1347
f 1283/1288/1345 1285/1292/1347 1284/1291/1346
f 1285/1292/1347 210/1290/210 209/1293/209
f 1284/1291/1346 1285/1292/1347 1286/1294/1348
f 1281/1287/1343 1284/1291/1346 1287/1295/1349
f 1287/1295/1349 1284/1291/1346 1286/1294/1348
f 1281/1287/1343 1287/1295/1349 1279/1285/1341
f 1286/1294/1348 1285/1292/1347 1288/1296/1350
f 1286/1294/1348 1288/1296/1350 1287/1295/1349
f 1285/1292/1347 209/1293/209 1289/1297/1351
f 1285/1292/1347 1289/1297/1351 1288/1296/1350
f 1289/1297/1351 209/1293/209 1290/1298/1352
f 1290/1298/1352 209/1293/209 177/1299/177
f 1288/1296/1350 1289/1297/1351 1291/1300/1353
f 1291/1300/1353 1289/1297/1351 1290/1298/1352
f 1290/1298/1352 177/1299/177 1292/1301/1354
f 1290/1298/1352 1292/1301/1354 1291/1300/1353
f 1292/1301/1354 177/1299/177 179/1302/179
f 1292/1301/1354 179/1302/179 1293/1303/1355
f 1293/1303/1355 179/1302/179 183/1304/183
f 1291/1300/1353 1292/1301/1354 1294/1305/1356
f 1294/1305/1356 1292/1301/1354 1293/1303/1355
f 1295/1306/1357 1288/1296/1350 1291/1300/1353
f 1295/1306/1357 1291/1300/1353 1294/1305/1356
f 1288/1296/1350 1295/1306/1357 1287/1295/1349
f 1294/1305/1356 1293/1303/1355 1296/1307/1358
f 1295/1306/1357 1294/1305/1356 1297/1308/1359
f 1297/1308/1359 1294/1305/1356 1296/1307/1358
f 1287/1295/1349 1295/1306/1357 1298/1309/1360
f 1298/1309/1360 1295/1306/1357 1297/1308/1359
f 1287/1295/1349 1298/1309/1360 1299/1310/1361
f 1287/1295/1349 1299/1310/1361 1279/1285/1341
f 1279/1285/1341 1299/1310/1361 1300/1311/1362
f 1300/1311/1362 1299/1310/1361 1298/1309/1360
f 1279/1285/1341 1300/1311/1362 1277/1282/1339
f 1301/1312/1363 1296/1307/1358 1293/1303/1355
f 1296/1307/1358 1301/1312/1363 1297/1308/1359
f 1301/1312/1363 1293/1303/1355 1302/1313/1364
f 1302/1313/1364 1293/1303/1355 183/1304/183
f 1297/1308/1359 1301/1312/1363 1303/1314/1365
f 1303/1314/1365 1301/1312/1363 1302/1313/1364
f 1302/1313/1364 183/1304/183 1304/1315/1366
f 1304/1315/1366 183/1304/183 186/1316/186
f 1304/1315/1366 186/1316/186 224/1317/224
f 1302/1313/1364 1304/1315/1366 1305/1318/1367
f 1305/1318/1367 1304/1315/1366 224/1317/224
f 1302/1313/1364 1305/1318/1367 1303/1314/1365
f 1305/1318/1367 224/1317/224 222/1319/222
f 1306/1320/1368 1297/1308/1359 1303/1314/1365
f 223/1321/223 1264/1322/1326 222/1319/222
f 222/1319/222 1264/1322/1326 1307/1323/1369
f 1307/1323/1369 1264/1322/1326 1258/1324/1320
f 1305/1318/1367 222/1319/222 1308/1325/1370
f 1308/1325/1370 222/1319/222 1307/1323/1369
f 1309/1326/1371 1303/1314/1365 1305/1318/1367
f 1309/1326/1371 1305/1318/1367 1308/1325/1370
f 1308/1325/1370 1307/1323/1369 1310/1327/1372
f 1308/1325/1370 1310/1327/1372 1309/1326/1371
f 1310/1327/1372 1307/1323/1369 1258/1324/1320
f 1303/1314/1365 1309/1326/1371 1311/1328/1373
f 1303/1314/1365 1311/1328/1373 1306/1320/1368
f 1309/1326/1371 1310/1327/1372 1312/1329/1374
f 1309/1326/1371 1312/1329/1374 1311/1328/1373
f 1310/1327/1372 1258/1324/1320 1313/1330/1375
f 1310/1327/1372 1313/1330/1375 1312/1329/1374
f 1313/1330/1375 1258/1324/1320 1257/1331/1319
f 1313/1330/1375 1257/1331/1319 1260/1332/1322
f 1313/1330/1375 1260/1332/1322 1314/1333/1376
f 1313/1330/1375 1314/1333/1376 1312/1329/1374
f 1314/1333/1376 1260/1332/1322 1262/1334/1324
f 1315/1335/1377 1311/1328/1373 1312/1329/1374
f 1315/1335/1377 1312/1329/1374 1314/1333/1376
f 1311/1328/1373 1315/1335/1377 1316/1336/1378
f 1311/1328/1373 1316/1336/1378 1306/1320/1368
f 1314/1333/1376 1262/1334/1324 1317/1337/1379
f 1317/1337/1379 1262/1334/1324 1152/1338/1214
f 1317/1337/1379 1152/1338/1214 1150/1339/1212
f 1314/1333/1376 1317/1337/1379 1318/1340/1380
f 1314/1333/1376 1318/1340/1380 1315/1335/1377
f 1317/1337/1379 1150/1339/1212 1319/1341/1381
f 1317/1337/1379 1319/1341/1381 1318/1340/1380
f 1319/1341/1381 1150/1339/1212 1148/1342/1210
f 1319/1341/1381 1148/1342/1210 1320/1343/1382
f 1315/1335/1377 1318/1340/1380 1321/1344/1383
f 1315/1335/1377 1321/1344/1383 1316/1336/1378
f 1318/1340/1380 1319/1341/1381 1322/1345/1384
f 1318/1340/1380 1322/1345/1384 1321/1344/1383
f 1319/1341/1381 1320/1343/1382 1323/1346/1385
f 1319/1341/1381 1323/1346/1385 1322/1345/1384
f 1323/1346/1385 1320/1343/1382 1324/1347/1386
f 1321/1344/1383 1322/1345/1384 1325/1348/1387
f 1325/1348/1387 1322/1345/1384 1323/1346/1385
f 1326/1349/1388 1316/1336/1378 1321/1344/1383
f 1326/1349/1388 1321/1344/1383 1325/1348/1387
f 1316/1336/1378 1326/1349/1388 1327/1350/1389
f 1316/1336/1378 1327/1350/1389 1306/1320/1368
f 1323/1346/1385 1324/1347/1386 1328/1351/1390
f 1323/1346/1385 1328/1351/1390 1325/1348/1387
f 1328/1351/1390 1324/1347/1386 1329/1352/1391
f 1329/1352/1391 1324/1347/1386 1330/1353/1392
f 1328/1351/1390 1329/1352/1391 1331/1354/1393
f 1328/1351/1390 1331/1354/1393 1325/1348/1387
f 1331/1354/1393 1329/1352/1391 1330/1353/1392
f 1332/1355/1394 1326/1349/1388 1325/1348/1387
f 1332/1355/1394 1325/1348/1387 1331/1354/1393
f 1326/1349/1388 1332/1355/1394 1333/1356/1395
f 1326/1349/1388 1333/1356/1395 1327/1350/1389
f 1327/1350/1389 1333/1356/1395 1334/1357/1396
f 1327/1350/1389 1334/1357/1396 1306/1320/1368
f 1306/1320/1368 1334/1357/1396 1335/1358/1397
f 1306/1320/1368 1335/1358/1397 1297/1308/1359
f 1297/1308/1359 1335/1358/1397 1298/1309/1360
f 1298/1309/1360 1335/1358/1397 1300/1311/1362
f 1300/1311/1362 1335/1358/1397 1334/1357/1396
f 1334/1357/1396 1333/1356/1395 1336/1359/1398
f 1334/1357/1396 1336/1359/1398 1300/1311/1362
f 1336/1359/1398 1333/1356/1395 1337/1360/1399
f 1337/1360/1399 1333/1356/1395 1332/1355/1394
f 1300/1311/1362 1336/1359/1398 1280/1286/1342
f 1280/1286/1342 1336/1359/1398 1337/1360/1399
f 1300/1311/1362 1280/1286/1342 1277/1282/1339
f 1280/1286/1342 1337/1360/1399 1338/1361/1400
f 1337/1360/1399 1332/1355/1394 1339/1362/1401
f 1337/1360/1399 1339/1362/1401 1338/1361/1400
f 1280/1286/1342 1338/1361/1400 1340/1363/1402
f 1340/1363/1402 1338/1361/1400 1339/1362/1401
f 1280/1286/1342 1340/1363/1402 1274/1279/1336
f 1274/1279/1336 1340/1363/1402 1272/1277/1334
f 1339/1362/1401 1332/1355/1394 1331/1354/1393
f 1272/1277/1334 1340/1363/1402 1341/1364/1403
f 1341/1364/1403 1340/1363/1402 1339/1362/1401
f 1272/1277/1334 1341/1364/1403 1250/1252/1312
f 1250/1252/1312 1341/1364/1403 1342/1365/1404
f 1250/1252/1312 1342/1365/1404 1247/1249/1309
f 1341/1364/1403 1339/1362/1401 1343/1366/1405
f 1341/1364/1403 1343/1366/1405 1342/1365/1404
f 1247/1249/1309 1342/1365/1404 1241/1243/1303
f 1241/1243/1303 1342/1365/1404 1344/1367/1406
f 1344/1367/1406 1342/1365/1404 1343/1366/1405
f 1241/1243/1303 1344/1367/1406 1345/1368/1407
f 1345/1368/1407 1344/1367/1406 1343/1366/1405
f 1343/1366/1405 1339/1362/1401 1346/1369/1408
f 1346/1369/1408 1339/1362/1401 1331/1354/1393
f 1345/1368/1407 1343/1366/1405 1347/1370/1409
f 1347/1370/1409 1343/1366/1405 1346/1369/1408
f 1346/1369/1408 1331/1354/1393 1348/1371/1410
f 1346/1369/1408 1348/1371/1410 1347/1370/1409
f 1348/1371/1410 1331/1354/1393 1330/1353/1392
f 1348/1371/1410 1330/1353/1392 1349/1372/1411
f 1348/1371/1410 1349/1372/1411 1347/1370/1409
f 1349/1372/1411 1330/1353/1392 800/808/831
f 1349/1372/1411 800/808/831 799/807/830
f 1347/1370/1409 1349/1372/1411 1350/1372/1412
f 1350/1372/1412 1349/1372/1411 799/807/830
f 1347/1370/1409 1350/1372/1412 1351/1373/1413
f 1351/1373/1413 1350/1372/1412 799/807/830
f 1347/1370/1409 1351/1373/1413 1345/1368/1407
f 1351/1373/1413 799/807/830 786/794/817
f 1345/1368/1407 1351/1373/1413 1352/1374/1414
f 1352/1374/1414 1351/1373/1413 786/794/817
f 1345/1368/1407 1352/1374/1414 1241/1243/1303
f 1352/1374/1414 786/794/817 783/791/814
f 1241/1243/1303 1352/1374/1414 784/792/815
f 784/792/815 1352/1374/1414 783/791/814
f 1353/1375/1415 543/553/557 1211/1215/1273
f 543/553/557 1353/1375/1415 1354/1376/1416
f 543/553/557 1354/1376/1416 544/554/558
f 544/554/558 1354/1376/1416 548/558/562
f 548/558/562 1354/1376/1416 562/572/576
f 562/572/576 1354/1376/1416 1353/1375/1415
f 1353/1375/1415 1211/1215/1273 1355/1377/1417
f 1353/1375/1415 1355/1377/1417 562/572/576
f 1355/1377/1417 1211/1215/1273 1216/1219/1278
f 1355/1377/1417 1216/1219/1278 1219/1222/1281
f 562/572/576 1355/1377/1417 1356/1378/1418
f 1356/1378/1418 1355/1377/1417 1219/1222/1281
f 1356/1378/1418 1219/1222/1281 1357/1379/1419
f 1357/1379/1419 1219/1222/1281 633/643/658
f 1357/1379/1419 633/643/658 632/642/659
f 1357/1379/1419 632/642/659 1358/1380/1420
f 1358/1380/1421 632/642/657 620/630/656
f 1356/1378/1418 1357/1379/1419 1359/1381/1422
f 1359/1381/1422 1357/1379/1419 1358/1380/1420
f 1360/1382/1423 562/572/576 1356/1378/1418
f 1360/1382/1423 1356/1378/1418 1359/1381/1422
f 562/572/576 1360/1382/1423 1361/1383/1424
f 562/572/576 1361/1383/1424 559/569/573
f 559/569/573 1361/1383/1424 557/567/571
f 1361/1383/1424 1360/1382/1423 1362/1384/1425
f 1362/1384/1425 1360/1382/1423 1359/1381/1422
f 1361/1383/1424 1362/1384/1425 557/567/571
f 1362/1384/1425 1359/1381/1422 1358/1380/1420
f 557/567/571 1362/1384/1425 558/568/572
f 1362/1384/1425 1358/1380/1420 1363/1385/1426
f 1362/1384/1425 1363/1385/1426 558/568/572
f 1363/1385/1427 1358/1380/1421 620/630/656
f 558/568/572 1363/1385/1426 565/575/579
f 565/575/591 1363/1385/1428 620/630/638
f 1364/1386/1429 279/291/281 281/293/283
f 1364/1386/1429 281/293/283 295/307/297
f 279/291/281 1364/1386/1429 1365/1387/1430
f 279/291/281 1365/1387/1430 282/294/284
f 1364/1386/1429 295/307/297 1366/1388/1431
f 282/294/284 1365/1387/1430 1367/1389/1432
f 1365/1387/1430 1364/1386/1429 1368/1390/1433
f 1368/1390/1433 1364/1386/1429 1366/1388/1431
f 1365/1387/1430 1368/1390/1433 1367/1389/1432
f 282/294/284 1367/1389/1432 1369/1391/1434
f 1368/1390/1433 1366/1388/1431 1370/1392/1435
f 1370/1392/1435 1366/1388/1431 295/307/297
f 1369/1391/1434 1367/1389/1432 1371/1393/1436
f 1369/1391/1434 1371/1393/1436 1372/1394/1437
f 1370/1392/1435 295/307/297 1373/1395/1438
f 1373/1395/1438 295/307/297 296/308/298
f 1373/1395/1438 296/308/298 299/311/301
f 1370/1392/1435 1373/1395/1438 1374/1396/1439
f 1373/1395/1438 299/311/301 1375/1397/1440
f 1373/1395/1438 1375/1397/1440 1374/1396/1439
f 1375/1397/1440 299/311/301 1376/1398/1441
f 1376/1398/1441 299/311/301 302/314/304
f 1376/1398/1441 302/314/304 306/318/308
f 1370/1392/1435 1374/1396/1439 1377/1399/1442
f 1370/1392/1435 1377/1399/1442 1368/1390/1433
f 1374/1396/1439 1375/1397/1440 1378/1400/1443
f 1376/1398/1441 306/318/308 1379/1401/1444
f 1375/1397/1440 1376/1398/1441 1380/1402/1445
f 1380/1402/1445 1376/1398/1441 1379/1401/1444
f 1375/1397/1440 1380/1402/1445 1378/1400/1443
f 1379/1401/1444 306/318/308 308/320/310
f 1381/1403/1446 1377/1399/1442 1374/1396/1439
f 1381/1403/1446 1374/1396/1439 1378/1400/1443
f 1382/1404/1447 1368/1390/1433 1377/1399/1442
f 1382/1404/1447 1377/1399/1442 1381/1403/1446
f 1368/1390/1433 1382/1404/1447 1367/1389/1432
f 1381/1403/1446 1378/1400/1443 1383/1405/1448
f 1384/1406/1449 1378/1400/1443 1380/1402/1445
f 1378/1400/1443 1384/1406/1449 1383/1405/1448
f 1384/1406/1449 1380/1402/1445 1379/1401/1444
f 1367/1389/1432 1382/1404/1447 1385/1407/1450
f 1367/1389/1432 1385/1407/1450 1371/1393/1436
f 1385/1407/1450 1382/1404/1447 1386/1408/1451
f 1371/1393/1436 1385/1407/1450 1387/1409/1452
f 1387/1409/1452 1385/1407/1450 1386/1408/1451
f 1386/1408/1451 1382/1404/1447 1388/1410/1453
f 1386/1408/1451 1388/1410/1453 1387/1409/1452
f 1389/1411/1454 1382/1404/1447 1381/1403/1446
f 1382/1404/1447 1389/1411/1454 1388/1410/1453
f 1389/1411/1454 1381/1403/1446 1383/1405/1448
f 1387/1409/1452 1388/1410/1453 1390/1412/1455
f 1391/1413/1456 1371/1393/1436 1387/1409/1452
f 1391/1413/1456 1387/1409/1452 1390/1412/1455
f 1388/1410/1453 1389/1411/1454 1392/1414/1457
f 1388/1410/1453 1392/1414/1457 1390/1412/1455
f 1389/1411/1454 1383/1405/1448 1393/1415/1458
f 1389/1411/1454 1393/1415/1458 1392/1414/1457
f 1393/1415/1458 1383/1405/1448 1394/1416/1459
f 1394/1416/1459 1383/1405/1448 1395/1417/1460
f 1395/1417/1460 1383/1405/1448 1384/1406/1449
f 1394/1416/1459 1395/1417/1460 1396/1418/1461
f 1396/1418/1461 1395/1417/1460 1384/1406/1449
f 1393/1415/1458 1394/1416/1459 1397/1419/1462
f 1397/1419/1462 1394/1416/1459 1396/1418/1461
f 1398/1420/1463 1392/1414/1457 1393/1415/1458
f 1398/1420/1463 1393/1415/1458 1397/1419/1462
f 1392/1414/1457 1398/1420/1463 1399/1421/1464
f 1392/1414/1457 1399/1421/1464 1390/1412/1455
f 1398/1420/1463 1397/1419/1462 1400/1422/1465
f 1400/1422/1465 1397/1419/1462 1396/1418/1461
f 1399/1421/1464 1398/1420/1463 1401/1423/1466
f 1401/1423/1466 1398/1420/1463 1400/1422/1465
f 1390/1412/1455 1399/1421/1464 1402/1424/1467
f 1390/1412/1455 1402/1424/1467 1391/1413/1456
f 1399/1421/1464 1401/1423/1466 1403/1425/1468
f 1399/1421/1464 1403/1425/1468 1402/1424/1467
f 1403/1425/1468 1401/1423/1466 1404/1426/1469
f 1404/1426/1469 1401/1423/1466 1400/1422/1465
f 1402/1424/1467 1403/1425/1468 1405/1427/1470
f 1402/1424/1467 1405/1427/1470 1406/1428/1471
f 1402/1424/1467 1406/1428/1471 1391/1413/1456
f 1405/1427/1470 1403/1425/1468 1407/1429/1472
f 1407/1429/1472 1403/1425/1468 1404/1426/1469
f 1405/1427/1470 1407/1429/1472 1408/1430/1473
f 1405/1427/1470 1408/1430/1473 1406/1428/1471
f 1408/1430/1473 1407/1429/1472 1409/1431/1474
f 1407/1429/1472 1404/1426/1469 1410/1432/1475
f 1407/1429/1472 1410/1432/1475 1409/1431/1474
f 1411/1433/1476 1404/1426/1469 1400/1422/1465
f 1404/1426/1469 1411/1433/1476 1410/1432/1475
f 1411/1433/1476 1400/1422/1465 1412/1434/1477
f 1412/1434/1477 1400/1422/1465 1413/1435/1478
f 1413/1435/1478 1400/1422/1465 1396/1418/1461
f 1413/1435/1478 1396/1418/1461 1414/1436/1479
f 1412/1434/1477 1413/1435/1478 1415/1437/1480
f 1415/1437/1480 1413/1435/1478 1414/1436/1479
f 1414/1436/1479 1396/1418/1461 1384/1406/1449
f 1414/1436/1479 1384/1406/1449 1416/1438/1481
f 1416/1438/1481 1384/1406/1449 1379/1401/1444
f 1417/1439/1482 1411/1433/1476 1412/1434/1477
f 1417/1439/1482 1412/1434/1477 1415/1437/1480
f 1411/1433/1476 1417/1439/1482 1418/1440/1483
f 1411/1433/1476 1418/1440/1483 1410/1432/1475
f 1417/1439/1482 1415/1437/1480 1419/1441/1484
f 1418/1440/1483 1417/1439/1482 1420/1442/1485
f 1420/1442/1485 1417/1439/1482 1419/1441/1484
f 1410/1432/1475 1418/1440/1483 1421/1443/1486
f 1419/1441/1484 1415/1437/1480 1422/1444/1487
f 1418/1440/1483 1420/1442/1485 1423/1445/1488
f 1418/1440/1483 1423/1445/1488 1421/1443/1486
f 1420/1442/1485 1419/1441/1484 1424/1446/1489
f 1424/1446/1489 1419/1441/1484 1422/1444/1487
f 1423/1445/1488 1420/1442/1485 1425/1447/1490
f 1425/1447/1490 1420/1442/1485 1424/1446/1489
f 1422/1444/1487 1415/1437/1480 1426/1448/1491
f 1426/1448/1491 1415/1437/1480 1414/1436/1479
f 1422/1444/1487 1426/1448/1491 1427/1449/1492
f 1422/1444/1487 1427/1449/1492 1424/1446/1489
f 1426/1448/1491 1414/1436/1479 1428/1450/1493
f 1428/1450/1493 1414/1436/1479 1416/1438/1481
f 1427/1449/1492 1426/1448/1491 1429/1451/1494
f 1429/1451/1494 1426/1448/1491 1428/1450/1493
f 1428/1450/1493 1416/1438/1481 1430/1452/1495
f 1428/1450/1493 1430/1452/1495 1429/1451/1494
f 1430/1452/1495 1416/1438/1481 1431/1453/1496
f 1429/1451/1494 1430/1452/1495 1432/1454/1497
f 1432/1454/1497 1430/1452/1495 1431/1453/1496
f 1431/1453/1496 1416/1438/1481 1433/1455/1498
f 1432/1454/1497 1431/1453/1496 1434/1456/1499
f 1434/1456/1499 1431/1453/1496 1433/1455/1498
f 1433/1455/1498 1416/1438/1481 1379/1401/1444
f 1433/1455/1498 1379/1401/1444 1435/1457/1500
f 1435/1457/1500 1379/1401/1444 308/320/310
f 1433/1455/1498 1435/1457/1500 1436/1458/1501
f 1433/1455/1498 1436/1458/1501 1434/1456/1499
f 1435/1457/1500 308/320/310 1437/1459/1502
f 1435/1457/1500 1437/1459/1502 1436/1458/1501
f 1437/1459/1502 308/320/310 1083/1089/1143
f 1437/1459/1502 1083/1089/1143 1438/1460/1503
f 1438/1460/1503 1083/1089/1143 1082/1088/1142
f 1436/1458/1501 1437/1459/1502 1439/1461/1504
f 1439/1461/1504 1437/1459/1502 1438/1460/1503
f 1438/1460/1503 1082/1088/1142 1440/1462/1505
f 1440/1462/1505 1082/1088/1142 1081/1087/1141
f 1439/1461/1504 1438/1460/1503 1441/1463/1506
f 1441/1463/1506 1438/1460/1503 1440/1462/1505
f 1440/1462/1505 1081/1087/1141 1442/1464/1507
f 1442/1464/1507 1081/1087/1141 468/480/471
f 1442/1464/1507 468/480/471 463/475/466
f 1442/1464/1507 463/475/466 466/478/469
f 1442/1464/1507 466/478/469 1440/1462/1505
f 1440/1462/1505 466/478/469 1441/1463/1506
f 1441/1463/1506 466/478/469 475/487/479
f 1441/1463/1506 475/487/479 1439/1461/1504
f 1439/1461/1504 475/487/479 1443/1465/1508
f 1439/1461/1504 1443/1465/1508 1436/1458/1501
f 1443/1465/1508 475/487/479 1444/1466/1509
f 1444/1466/1509 475/487/479 474/486/478
f 1436/1458/1501 1443/1465/1508 1445/1467/1510
f 1445/1467/1510 1443/1465/1508 1444/1466/1509
f 1436/1458/1501 1445/1467/1510 1434/1456/1499
f 1444/1466/1509 474/486/478 1446/1468/1511
f 1444/1466/1509 1446/1468/1511 1445/1467/1510
f 1445/1467/1510 1446/1468/1511 1434/1456/1499
f 1446/1468/1511 474/486/478 477/489/481
f 1446/1468/1511 477/489/481 1434/1456/1499
f 1434/1456/1499 477/489/481 1432/1454/1497
f 1432/1454/1497 477/489/481 1429/1451/1494
f 1429/1451/1494 477/489/481 1447/1469/1512
f 1447/1469/1512 477/489/481 476/488/480
f 1429/1451/1494 1447/1469/1512 1427/1449/1492
f 1447/1469/1512 476/488/480 478/490/482
f 1427/1449/1492 1447/1469/1512 1448/1470/1513
f 1448/1470/1513 1447/1469/1512 478/490/482
f 1427/1449/1492 1448/1470/1513 1424/1446/1489
f 1448/1470/1513 478/490/482 1449/1471/1514
f 1448/1470/1513 1449/1471/1514 1424/1446/1489
f 1449/1471/1514 478/490/482 1450/1472/1515
f 1450/1472/1516 478/490/1517 481/493/489
f 1450/1472/1516 481/493/489 485/497/491
f 1449/1471/1514 1450/1472/1515 1451/1473/1518
f 1450/1472/1515 485/497/493 1452/1474/1519
f 1450/1472/1515 1452/1474/1519 1451/1473/1518
f 1452/1474/1519 485/497/493 1453/1475/1520
f 1453/1475/1520 485/497/493 962/970/1009
f 1451/1473/1518 1452/1474/1519 1454/1476/1521
f 1454/1476/1521 1452/1474/1519 1453/1475/1520
f 1449/1471/1514 1451/1473/1518 1455/1477/1522
f 1449/1471/1514 1455/1477/1522 1424/1446/1489
f 1455/1477/1522 1451/1473/1518 1454/1476/1521
f 1453/1475/1520 962/970/1009 1456/1478/1523
f 1453/1475/1520 1456/1478/1523 1454/1476/1521
f 1456/1478/1523 962/970/1009 963/971/1010
f 1456/1478/1523 963/971/1010 989/997/1037
f 1424/1446/1489 1455/1477/1522 1457/1479/1524
f 1424/1446/1489 1457/1479/1524 1425/1447/1490
f 1425/1447/1490 1457/1479/1524 1458/1480/1525
f 1458/1480/1525 1457/1479/1524 1455/1477/1522
f 1425/1447/1490 1458/1480/1525 1423/1445/1488
f 1456/1478/1523 989/997/1037 1459/1481/1526
f 1456/1478/1523 1459/1481/1526 1454/1476/1521
f 1460/1482/1527 1455/1477/1522 1454/1476/1521
f 1460/1482/1527 1454/1476/1521 1459/1481/1526
f 1458/1480/1525 1455/1477/1522 1461/1483/1528
f 1461/1483/1528 1455/1477/1522 1460/1482/1527
f 1423/1445/1488 1458/1480/1525 1462/1484/1529
f 1423/1445/1488 1462/1484/1529 1421/1443/1486
f 1462/1484/1529 1458/1480/1525 1463/1485/1530
f 1463/1485/1530 1458/1480/1525 1461/1483/1528
f 1421/1443/1486 1462/1484/1529 1464/1486/1531
f 1464/1486/1531 1462/1484/1529 1463/1485/1530
f 1461/1483/1528 1460/1482/1527 1465/1487/1532
f 1466/1488/1533 1460/1482/1527 1459/1481/1526
f 1466/1488/1533 1459/1481/1526 989/997/1037
f 1465/1487/1532 1460/1482/1527 1467/1489/1534
f 1467/1489/1534 1460/1482/1527 1466/1488/1533
f 1461/1483/1528 1465/1487/1532 1468/1490/1535
f 1468/1490/1535 1465/1487/1532 1467/1489/1534
f 1469/1491/1536 1463/1485/1530 1461/1483/1528
f 1469/1491/1536 1461/1483/1528 1468/1490/1535
f 1463/1485/1530 1469/1491/1536 1470/1492/1537
f 1463/1485/1530 1470/1492/1537 1464/1486/1531
f 1469/1491/1536 1468/1490/1535 1471/1493/1538
f 1470/1492/1537 1469/1491/1536 1472/1494/1539
f 1472/1494/1539 1469/1491/1536 1471/1493/1538
f 1470/1492/1537 1472/1494/1539 1473/1495/1540
f 1470/1492/1537 1473/1495/1540 1464/1486/1531
f 1473/1495/1540 1472/1494/1539 1474/1496/1541
f 1474/1496/1541 1472/1494/1539 1471/1493/1538
f 1464/1486/1531 1473/1495/1540 1475/1497/1542
f 1476/1498/1543 1471/1493/1538 1468/1490/1535
f 1476/1498/1543 1468/1490/1535 1467/1489/1534
f 1464/1486/1531 1475/1497/1542 1477/1499/1544
f 1464/1486/1531 1477/1499/1544 1421/1443/1486
f 1475/1497/1542 1473/1495/1540 1478/1500/1545
f 1478/1500/1545 1473/1495/1540 1474/1496/1541
f 1421/1443/1486 1477/1499/1544 1479/1501/1546
f 1477/1499/1544 1475/1497/1542 1480/1502/1547
f 1480/1502/1547 1475/1497/1542 1478/1500/1545
f 1477/1499/1544 1480/1502/1547 1479/1501/1546
f 1421/1443/1486 1479/1501/1546 1410/1432/1475
f 1410/1432/1475 1479/1501/1546 1481/1503/1548
f 1410/1432/1475 1481/1503/1548 1409/1431/1474
f 1481/1503/1548 1479/1501/1546 1482/1504/1549
f 1481/1503/1548 1482/1504/1549 1409/1431/1474
f 1482/1504/1549 1479/1501/1546 1483/1505/1550
f 1483/1505/1550 1479/1501/1546 1480/1502/1547
f 1409/1431/1474 1482/1504/1549 1484/1504/1551
f 1484/1504/1551 1482/1504/1549 1483/1505/1550
f 1409/1431/1474 1484/1504/1551 1485/1506/1552
f 1409/1431/1474 1485/1506/1552 1408/1430/1473
f 1484/1504/1551 1483/1505/1550 1486/1507/1553
f 1486/1507/1553 1483/1505/1550 1480/1502/1547
f 1485/1506/1552 1484/1504/1551 1487/1508/1554
f 1487/1508/1554 1484/1504/1551 1486/1507/1553
f 1408/1430/1473 1485/1506/1552 1488/1509/1555
f 1408/1430/1473 1488/1509/1555 1406/1428/1471
f 1485/1506/1552 1487/1508/1554 1489/1510/1556
f 1485/1506/1552 1489/1510/1556 1488/1509/1555
f 1487/1508/1554 1486/1507/1553 1490/1511/1557
f 1487/1508/1554 1490/1511/1557 1489/1510/1556
f 1490/1511/1557 1486/1507/1553 1491/1512/1558
f 1491/1512/1558 1486/1507/1553 1480/1502/1547
f 1491/1512/1558 1480/1502/1547 1492/1513/1559
f 1492/1513/1559 1480/1502/1547 1478/1500/1545
f 1490/1511/1557 1491/1512/1558 1493/1514/1560
f 1493/1514/1560 1491/1512/1558 1492/1513/1559
f 1489/1510/1556 1490/1511/1557 1494/1515/1561
f 1494/1515/1561 1490/1511/1557 1493/1514/1560
f 1489/1510/1556 1494/1515/1561 1495/1516/1562
f 1494/1515/1561 1493/1514/1560 1496/1517/1563
f 1494/1515/1561 1496/1517/1563 1495/1516/1562
f 1493/1514/1560 1492/1513/1559 1497/1518/1564
f 1493/1514/1560 1497/1518/1564 1496/1517/1563
f 1497/1518/1564 1492/1513/1559 1498/1519/1565
f 1499/1520/1566 1492/1513/1559 1478/1500/1545
f 1492/1513/1559 1499/1520/1566 1498/1519/1565
f 1499/1520/1566 1478/1500/1545 1500/1521/1567
f 1500/1521/1567 1478/1500/1545 1474/1496/1541
f 1498/1519/1565 1499/1520/1566 1501/1522/1568
f 1501/1522/1568 1499/1520/1566 1500/1521/1567
f 1500/1521/1567 1474/1496/1541 1502/1523/1569
f 1500/1521/1567 1502/1523/1569 1501/1522/1568
f 1502/1523/1569 1474/1496/1541 1503/1524/1570
f 1501/1522/1568 1502/1523/1569 1504/1525/1571
f 1504/1525/1571 1502/1523/1569 1503/1524/1570
f 1498/1519/1565 1501/1522/1568 1505/1526/1572
f 1505/1526/1572 1501/1522/1568 1504/1525/1571
f 1498/1519/1565 1505/1526/1572 1506/1527/1573
f 1498/1519/1565 1506/1527/1573 1497/1518/1564
f 1503/1524/1570 1474/1496/1541 1507/1528/1574
f 1507/1528/1574 1474/1496/1541 1471/1493/1538
f 1503/1524/1570 1507/1528/1574 1508/1529/1575
f 1507/1528/1574 1471/1493/1538 1509/1530/1576
f 1507/1528/1574 1509/1530/1576 1508/1529/1575
f 1509/1530/1576 1471/1493/1538 1476/1498/1543
f 1497/1518/1564 1506/1527/1573 1510/1531/1577
f 1497/1518/1564 1510/1531/1577 1496/1517/1563
f 1509/1530/1576 1476/1498/1578 1511/1532/1579
f 1509/1530/1576 1511/1532/1579 1508/1529/1575
f 1503/1524/1570 1508/1529/1575 1512/1533/1580
f 1503/1524/1570 1512/1533/1580 1504/1525/1571
f 1496/1517/1563 1510/1531/1577 1513/1534/1581
f 1512/1533/1580 1508/1529/1575 1514/1535/1582
f 1515/1536/1583 1510/1531/1577 1506/1527/1573
f 1510/1531/1577 1515/1536/1583 1513/1534/1581
f 1515/1536/1583 1506/1527/1573 1516/1537/1584
f 1516/1537/1584 1506/1527/1573 1505/1526/1572
f 1516/1537/1584 1505/1526/1572 1517/1538/1585
f 1517/1538/1585 1505/1526/1572 1504/1525/1571
f 1518/1539/1586 1504/1525/1571 1512/1533/1580
f 1504/1525/1571 1518/1539/1586 1517/1538/1585
f 1518/1539/1586 1512/1533/1580 1519/1540/1587
f 1519/1540/1587 1512/1533/1580 1514/1535/1582
f 1517/1538/1585 1518/1539/1586 1520/1541/1588
f 1517/1538/1585 1520/1541/1588 1516/1537/1584
f 1520/1541/1588 1518/1539/1586 1521/1542/1589
f 1521/1542/1589 1518/1539/1586 1519/1540/1587
f 1516/1537/1584 1520/1541/1588 1522/1543/1590
f 1516/1537/1584 1522/1543/1590 1515/1536/1583
f 1520/1541/1588 1521/1542/1589 1523/1544/1591
f 1520/1541/1588 1523/1544/1591 1522/1543/1590
f 1515/1536/1583 1522/1543/1590 1524/1545/1592
f 1515/1536/1583 1524/1545/1592 1513/1534/1581
f 1522/1543/1590 1523/1544/1591 1525/1546/1593
f 1522/1543/1590 1525/1546/1593 1524/1545/1592
f 1523/1544/1591 1521/1542/1589 1526/1547/1594
f 1525/1546/1593 1523/1544/1591 1527/1548/1595
f 1527/1548/1595 1523/1544/1591 1526/1547/1594
f 1525/1546/1593 1527/1548/1595 1528/1549/1596
f 1525/1546/1593 1528/1549/1596 1524/1545/1592
f 1528/1549/1596 1527/1548/1595 1529/1550/1597
f 1526/1547/1594 1521/1542/1589 1530/1551/1598
f 1530/1551/1598 1521/1542/1589 1519/1540/1587
f 1527/1548/1595 1526/1547/1594 1531/1552/1599
f 1527/1548/1595 1531/1552/1599 1529/1550/1597
f 1526/1547/1594 1530/1551/1598 1532/1553/1600
f 1526/1547/1594 1532/1553/1600 1531/1552/1599
f 1531/1552/1599 1532/1553/1600 1533/1554/1601
f 1531/1552/1599 1533/1554/1601 1529/1550/1597
f 1532/1553/1600 1530/1551/1598 1534/1555/1602
f 1535/1556/1603 1528/1549/1596 1529/1550/1597
f 1528/1549/1596 1535/1556/1603 1524/1545/1592
f 1535/1556/1603 1529/1550/1597 1536/1557/1604
f 1535/1556/1603 1536/1557/1604 1537/1558/1605
f 1524/1545/1592 1535/1556/1603 1538/1559/1606
f 1538/1559/1606 1535/1556/1603 1537/1558/1605
f 1537/1558/1605 1536/1557/1604 1539/1560/1607
f 1538/1559/1606 1537/1558/1605 1540/1561/1608
f 1538/1559/1606 1540/1561/1608 1541/1562/1609
f 1538/1559/1606 1541/1562/1609 1542/1563/1610
f 1524/1545/1592 1538/1559/1606 1543/1564/1611
f 1543/1564/1611 1538/1559/1606 1542/1563/1610
f 1524/1545/1592 1543/1564/1611 1544/1565/1612
f 1544/1565/1612 1543/1564/1611 1542/1563/1610
f 1524/1545/1592 1544/1565/1612 1513/1534/1581
f 1544/1565/1612 1542/1563/1610 1545/1566/1613
f 1513/1534/1581 1544/1565/1612 1546/1567/1614
f 1546/1567/1614 1544/1565/1612 1545/1566/1613
f 1513/1534/1581 1546/1567/1614 1496/1517/1563
f 1546/1567/1614 1545/1566/1613 1547/1568/1615
f 1496/1517/1563 1546/1567/1614 1495/1516/1562
f 1495/1516/1562 1546/1567/1614 1547/1568/1615
f 1495/1516/1562 1547/1568/1615 1548/1569/1616
f 1548/1569/1616 1547/1568/1615 1549/1570/1617
f 1548/1569/1616 1549/1570/1617 1550/1571/1618
f 1548/1569/1616 1550/1571/1618 1495/1516/1562
f 1550/1571/1618 1549/1570/1617 1551/1572/1619
f 1495/1516/1562 1550/1571/1618 1552/1573/1620
f 1495/1516/1562 1552/1573/1620 1489/1510/1556
f 1489/1510/1556 1552/1573/1620 1488/1509/1555
f 1552/1573/1620 1550/1571/1618 1553/1574/1621
f 1553/1574/1621 1550/1571/1618 1551/1572/1619
f 1552/1573/1620 1553/1574/1621 1488/1509/1555
f 1553/1574/1621 1551/1572/1619 1554/1575/1622
f 1553/1574/1621 1554/1575/1622 1488/1509/1555
f 1554/1575/1622 1551/1572/1619 1555/1576/1623
f 1488/1509/1555 1554/1575/1622 1556/1577/1624
f 1488/1509/1555 1556/1577/1624 1406/1428/1471
f 1554/1575/1622 1555/1576/1623 1557/1578/1625
f 1554/1575/1622 1557/1578/1625 1556/1577/1624
f 1557/1578/1625 1555/1576/1623 1558/1579/1626
f 1406/1428/1471 1556/1577/1624 1559/1580/1627
f 1559/1580/1627 1556/1577/1624 1557/1578/1625
f 1406/1428/1471 1559/1580/1627 1391/1413/1456
f 1559/1580/1627 1557/1578/1625 1560/1581/1628
f 1559/1580/1627 1560/1581/1628 1391/1413/1456
f 1560/1581/1628 1557/1578/1625 1558/1579/1626
f 1391/1413/1456 1560/1581/1628 1561/1582/1629
f 1561/1582/1629 1560/1581/1628 1558/1579/1626
f 1391/1413/1456 1561/1582/1629 1371/1393/1436
f 1561/1582/1629 1558/1579/1626 1562/1583/1630
f 1371/1393/1436 1561/1582/1629 1372/1394/1437
f 1372/1394/1437 1561/1582/1629 1562/1583/1630
f 277/1584/279 280/1585/282 1563/1586/1631
f 277/1584/279 1563/1586/1631 1564/1587/1632
f 277/1584/279 1564/1587/1632 275/1588/277
f 1563/1586/1631 280/1585/282 1565/1589/1633
f 1563/1586/1631 1565/1589/1633 1564/1587/1632
f 1565/1589/1634 280/1585/1634 1566/1590/1634
f 1566/1590/1635 280/1585/282 1567/1591/1636
f 1567/1591/1636 280/1585/282 282/1592/284
f 1567/1591/1636 282/1592/284 1369/1593/1434
f 1567/1591/1636 1369/1593/1434 1372/1594/1437
f 1566/1590/1635 1567/1591/1636 1568/1595/1637
f 1566/1590/1638 1568/1595/1638 1565/1589/1638
f 1567/1591/1636 1372/1594/1437 1569/1596/1639
f 1567/1591/1636 1569/1596/1639 1568/1595/1637
f 1569/1596/1639 1372/1594/1437 1562/1597/1630
f 1568/1595/1637 1569/1596/1639 1570/1598/1640
f 1570/1598/1640 1569/1596/1639 1562/1597/1630
f 1568/1595/1637 1570/1598/1640 1571/1599/1641
f 1570/1598/1640 1562/1597/1630 1572/1600/1642
f 1572/1600/1642 1562/1597/1630 1558/1601/1626
f 1570/1598/1640 1572/1600/1642 1573/1602/1643
f 1570/1598/1640 1573/1602/1643 1571/1599/1641
f 1572/1600/1642 1558/1601/1626 1574/1603/1644
f 1572/1600/1642 1574/1603/1644 1573/1602/1643
f 1574/1603/1644 1558/1601/1626 1575/1604/1645
f 1575/1604/1645 1558/1601/1626 1555/1605/1623
f 1575/1604/1645 1555/1605/1623 1576/1606/1646
f 1576/1606/1646 1555/1605/1623 1551/1607/1619
f 1576/1606/1646 1551/1607/1619 1549/1608/1617
f 1575/1604/1645 1576/1606/1646 1577/1609/1647
f 1576/1606/1646 1549/1608/1617 1578/1610/1648
f 1576/1606/1646 1578/1610/1648 1577/1609/1647
f 1575/1604/1645 1577/1609/1647 1579/1611/1649
f 1575/1604/1645 1579/1611/1649 1574/1603/1644
f 1574/1603/1644 1579/1611/1649 1580/1612/1650
f 1574/1603/1644 1580/1612/1650 1573/1602/1643
f 1579/1611/1649 1577/1609/1647 1581/1613/1651
f 1579/1611/1649 1581/1613/1651 1580/1612/1650
f 1581/1613/1651 1577/1609/1647 1582/1614/1652
f 1582/1614/1652 1577/1609/1647 1578/1610/1648
f 1581/1613/1651 1582/1614/1652 1583/1615/1653
f 1580/1612/1650 1581/1613/1651 1584/1616/1654
f 1584/1616/1654 1581/1613/1651 1583/1615/1653
f 1585/1617/1655 1573/1602/1643 1580/1612/1650
f 1585/1617/1655 1580/1612/1650 1584/1616/1654
f 1582/1614/1652 1578/1610/1648 1586/1618/1656
f 1582/1614/1652 1586/1618/1656 1583/1615/1653
f 1586/1618/1656 1578/1610/1648 1587/1619/1657
f 1584/1616/1654 1583/1615/1653 1588/1620/1658
f 1584/1616/1654 1588/1620/1658 1589/1621/1659
f 1584/1616/1654 1589/1621/1659 1585/1617/1655
f 1588/1620/1658 1583/1615/1653 1590/1622/1660
f 1583/1615/1653 1586/1618/1656 1591/1623/1661
f 1583/1615/1653 1591/1623/1661 1590/1622/1660
f 1591/1623/1661 1586/1618/1656 1592/1624/1662
f 1592/1624/1662 1586/1618/1656 1587/1619/1657
f 1589/1621/1659 1588/1620/1658 1593/1625/1663
f 1593/1625/1663 1588/1620/1658 1590/1622/1660
f 1589/1621/1659 1593/1625/1663 1594/1626/1664
f 1593/1625/1663 1590/1622/1660 1595/1627/1665
f 1593/1625/1663 1595/1627/1665 1594/1626/1664
f 1596/1628/1666 1590/1622/1660 1591/1623/1661
f 1590/1622/1660 1596/1628/1666 1595/1627/1665
f 1597/1629/1667 1591/1623/1661 1592/1624/1662
f 1591/1623/1661 1597/1629/1667 1596/1628/1666
f 1598/1630/1668 1592/1624/1662 1587/1619/1657
f 1592/1624/1662 1598/1630/1668 1599/1631/1669
f 1598/1630/1668 1587/1619/1657 1600/1632/1670
f 1598/1630/1668 1600/1632/1670 1599/1631/1669
f 1600/1632/1670 1587/1619/1657 1601/1633/1671
f 1601/1633/1671 1587/1619/1657 1578/1610/1648
f 1601/1633/1671 1578/1610/1648 1549/1608/1617
f 1601/1633/1671 1549/1608/1617 1547/1634/1615
f 1601/1633/1671 1547/1634/1615 1602/1635/1672
f 1601/1633/1671 1602/1635/1672 1600/1632/1670
f 1602/1635/1672 1547/1634/1615 1545/1636/1613
f 1602/1635/1672 1545/1636/1613 1542/1637/1610
f 1602/1635/1672 1542/1637/1610 1603/1638/1673
f 1603/1638/1673 1542/1637/1610 1541/1639/1609
f 1600/1632/1670 1602/1635/1672 1604/1640/1674
f 1604/1640/1674 1602/1635/1672 1603/1638/1673
f 1600/1632/1675 1604/1640/1675 1599/1631/1675
f 1603/1638/1673 1541/1639/1609 1605/1641/1676
f 1603/1638/1673 1605/1641/1676 1604/1640/1674
f 1605/1641/1676 1541/1639/1609 1540/1642/1608
f 1599/1631/1669 1604/1640/1674 1606/1643/1677
f 1606/1643/1677 1604/1640/1674 1605/1641/1676
f 1607/1644/1678 1592/1624/1662 1599/1631/1669
f 1592/1624/1662 1607/1644/1678 1597/1629/1667
f 1607/1644/1678 1599/1631/1669 1608/1645/1679
f 1607/1644/1678 1608/1645/1679 1597/1629/1667
f 1608/1645/1679 1599/1631/1669 1606/1643/1677
f 1597/1629/1667 1608/1645/1679 1609/1646/1680
f 1597/1629/1667 1609/1646/1680 1610/1647/1681
f 1597/1629/1667 1610/1647/1681 1596/1628/1666
f 1609/1646/1680 1608/1645/1679 1611/1648/1682
f 1611/1648/1682 1608/1645/1679 1606/1643/1677
f 1609/1646/1680 1611/1648/1682 1612/1649/1683
f 1609/1646/1680 1612/1649/1683 1610/1647/1681
f 1611/1648/1682 1606/1643/1677 1613/1650/1684
f 1612/1649/1683 1611/1648/1682 1614/1651/1685
f 1614/1651/1685 1611/1648/1682 1613/1650/1684
f 1610/1647/1681 1612/1649/1683 1615/1652/1686
f 1615/1652/1686 1612/1649/1683 1614/1651/1685
f 1613/1650/1684 1606/1643/1677 1616/1653/1687
f 1616/1653/1687 1606/1643/1677 1605/1641/1676
f 1616/1653/1687 1605/1641/1676 1617/1654/1688
f 1617/1654/1688 1605/1641/1676 1540/1642/1608
f 1613/1650/1684 1616/1653/1687 1618/1655/1689
f 1618/1655/1689 1616/1653/1687 1617/1654/1688
f 1617/1654/1688 1540/1642/1608 1619/1656/1690
f 1619/1656/1690 1540/1642/1608 1537/1657/1605
f 1618/1655/1689 1617/1654/1688 1620/1658/1691
f 1620/1658/1691 1617/1654/1688 1619/1656/1690
f 1619/1656/1690 1537/1657/1605 1621/1659/1692
f 1619/1656/1690 1621/1659/1692 1620/1658/1691
f 1613/1650/1684 1618/1655/1689 1622/1660/1693
f 1613/1650/1684 1622/1660/1693 1614/1651/1685
f 1618/1655/1689 1620/1658/1691 1623/1661/1694
f 1618/1655/1689 1623/1661/1694 1622/1660/1693
f 1623/1661/1694 1620/1658/1691 1624/1662/1695
f 1624/1662/1695 1620/1658/1691 1621/1659/1692
f 1622/1660/1693 1623/1661/1694 1625/1663/1696
f 1626/1664/1697 1621/1659/1692 1537/1657/1605
f 1626/1664/1697 1537/1657/1605 1539/1665/1607
f 1626/1664/1697 1539/1665/1607 1627/1666/1698
f 1626/1664/1697 1627/1666/1698 1628/1667/1699
f 1626/1664/1697 1628/1667/1699 1621/1659/1692
f 1628/1667/1699 1627/1666/1698 1629/1668/1700
f 1622/1660/1701 1625/1663/1701 1630/1669/1701
f 1622/1660/1693 1630/1669/1702 1614/1651/1685
f 1621/1659/1692 1628/1667/1699 1631/1670/1703
f 1621/1659/1692 1631/1670/1703 1624/1662/1695
f 1628/1667/1699 1629/1668/1700 1632/1671/1704
f 1631/1670/1703 1628/1667/1699 1633/1672/1705
f 1633/1672/1705 1628/1667/1699 1632/1671/1704
f 1632/1671/1704 1629/1668/1700 1634/1673/1706
f 1632/1671/1704 1634/1673/1706 1633/1672/1705
f 1634/1673/1706 1629/1668/1700 1635/1674/1707
f 1624/1662/1695 1631/1670/1703 1636/1675/1708
f 1636/1675/1708 1631/1670/1703 1633/1672/1705
f 1634/1673/1706 1635/1674/1707 1637/1676/1709
f 1633/1672/1705 1634/1673/1706 1638/1677/1710
f 1633/1672/1705 1638/1677/1710 1636/1675/1708
f 1624/1662/1695 1636/1675/1708 1639/1678/1711
f 1624/1662/1695 1639/1678/1711 1623/1661/1694
f 1623/1661/1694 1639/1678/1711 1625/1663/1696
f 1625/1663/1696 1639/1678/1711 1640/1679/1712
f 1639/1678/1711 1636/1675/1708 1641/1680/1713
f 1639/1678/1711 1641/1680/1713 1640/1679/1712
f 1625/1663/1696 1640/1679/1712 1630/1669/1702
f 1641/1680/1713 1636/1675/1708 1642/1681/1714
f 1642/1681/1714 1636/1675/1708 1638/1677/1710
f 1640/1679/1712 1641/1680/1713 1643/1682/1715
f 1630/1669/1702 1640/1679/1712 1644/1683/1716
f 1644/1683/1716 1640/1679/1712 1643/1682/1715
f 1643/1682/1715 1641/1680/1713 1645/1684/1717
f 1645/1684/1717 1641/1680/1713 1642/1681/1714
f 1642/1681/1714 1638/1677/1710 1646/1685/1718
f 1646/1685/1718 1638/1677/1710 1634/1673/1706
f 1645/1684/1717 1642/1681/1714 1647/1686/1719
f 1647/1686/1719 1642/1681/1714 1646/1685/1718
f 1643/1682/1715 1645/1684/1717 1648/1687/1720
f 1646/1685/1718 1634/1673/1706 1649/1688/1721
f 1649/1688/1721 1634/1673/1706 1637/1676/1709
f 1647/1686/1719 1646/1685/1718 1650/1689/1722
f 1650/1689/1722 1646/1685/1718 1649/1688/1721
f 1649/1688/1721 1637/1676/1709 1651/1690/1723
f 1649/1688/1721 1651/1690/1723 1650/1689/1722
f 1651/1690/1723 1637/1676/1709 1652/1691/1724
f 1651/1690/1723 1652/1691/1724 1653/1692/1725
f 1651/1690/1723 1653/1692/1725 1654/1693/1726
f 1655/1694/1727 1645/1684/1717 1647/1686/1719
f 1645/1684/1717 1655/1694/1727 1648/1687/1720
f 1656/1695/1728 1647/1686/1719 1650/1689/1722
f 1647/1686/1719 1656/1695/1728 1655/1694/1727
f 1657/1696/1729 1650/1689/1722 1651/1690/1723
f 1650/1689/1722 1657/1696/1729 1656/1695/1728
f 1657/1696/1729 1651/1690/1723 1658/1697/1730
f 1656/1695/1728 1657/1696/1729 1659/1698/1731
f 1656/1695/1728 1659/1698/1731 1655/1694/1727
f 1659/1698/1731 1657/1696/1729 1658/1697/1730
f 1660/1699/1732 1648/1687/1720 1655/1694/1727
f 1660/1699/1732 1655/1694/1727 1659/1698/1731
f 1661/1700/1733 1651/1690/1723 1654/1693/1726
f 1651/1690/1723 1661/1700/1733 1658/1697/1730
f 1661/1700/1733 1654/1693/1726 1662/1701/1734
f 1662/1701/1734 1654/1693/1726 1663/1702/1735
f 1662/1701/1734 1663/1702/1735 1664/1703/1736
f 1661/1700/1733 1662/1701/1734 1665/1704/1737
f 1665/1704/1737 1662/1701/1734 1664/1703/1736
f 1661/1700/1733 1665/1704/1737 1658/1697/1730
f 1665/1704/1737 1664/1703/1736 1666/1705/1738
f 1658/1697/1730 1665/1704/1737 1667/1706/1739
f 1667/1706/1739 1665/1704/1737 1666/1705/1738
f 1658/1697/1730 1667/1706/1739 1668/1707/1740
f 1658/1697/1730 1668/1707/1740 1659/1698/1731
f 1667/1706/1739 1666/1705/1738 1669/1708/1741
f 1669/1708/1741 1666/1705/1738 1670/1709/1742
f 1669/1708/1741 1670/1709/1742 1671/1710/1743
f 1669/1708/1741 1671/1710/1743 1672/1711/1744
f 1659/1698/1731 1668/1707/1740 1673/1712/1745
f 1668/1707/1740 1667/1706/1739 1674/1713/1746
f 1674/1713/1746 1667/1706/1739 1669/1708/1741
f 1673/1712/1747 1668/1707/1747 1675/1714/1747
f 1675/1714/1748 1668/1707/1740 1674/1713/1746
f 1659/1698/1731 1673/1712/1745 1676/1715/1749
f 1676/1715/1749 1673/1712/1745 1675/1714/1748
f 1659/1698/1731 1676/1715/1749 1660/1699/1732
f 1675/1714/1748 1674/1713/1746 1677/1716/1750
f 1674/1713/1751 1669/1708/1751 1678/1717/1751
f 1674/1713/1746 1678/1717/1752 1677/1716/1750
f 1679/1718/1753 1669/1708/1741 1672/1711/1744
f 1669/1708/1741 1679/1718/1753 1678/1717/1752
f 1679/1718/1753 1672/1711/1744 1680/1719/1754
f 1681/1720/1755 1676/1715/1749 1675/1714/1748
f 1681/1720/1755 1675/1714/1748 1677/1716/1750
f 1676/1715/1749 1681/1720/1755 1682/1721/1756
f 1676/1715/1749 1682/1721/1756 1660/1699/1732
f 1681/1720/1755 1677/1716/1750 1683/1722/1757
f 1660/1699/1732 1682/1721/1756 1684/1723/1758
f 1660/1699/1732 1684/1723/1758 1648/1687/1720
f 1682/1721/1756 1681/1720/1755 1685/1724/1759
f 1685/1724/1759 1681/1720/1755 1683/1722/1757
f 1684/1723/1758 1682/1721/1756 1686/1725/1760
f 1686/1725/1760 1682/1721/1756 1685/1724/1759
f 1648/1687/1720 1684/1723/1758 1687/1726/1761
f 1648/1687/1720 1687/1726/1761 1643/1682/1715
f 1643/1682/1715 1687/1726/1761 1644/1683/1716
f 1687/1726/1761 1684/1723/1758 1688/1727/1762
f 1688/1727/1762 1684/1723/1758 1686/1725/1760
f 1644/1683/1716 1687/1726/1761 1689/1728/1763
f 1689/1728/1763 1687/1726/1761 1688/1727/1762
f 1644/1683/1716 1689/1728/1763 1690/1729/1764
f 1644/1683/1716 1690/1729/1764 1630/1669/1702
f 1689/1728/1763 1688/1727/1762 1691/1730/1765
f 1630/1669/1702 1690/1729/1764 1692/1731/1766
f 1630/1669/1702 1692/1731/1766 1614/1651/1685
f 1690/1729/1764 1689/1728/1763 1693/1732/1767
f 1693/1732/1767 1689/1728/1763 1691/1730/1765
f 1692/1731/1766 1690/1729/1764 1694/1733/1768
f 1694/1733/1768 1690/1729/1764 1693/1732/1767
f 1614/1651/1685 1692/1731/1766 1695/1734/1769
f 1614/1651/1685 1695/1734/1769 1615/1652/1686
f 1692/1731/1766 1694/1733/1768 1696/1735/1770
f 1692/1731/1766 1696/1735/1770 1695/1734/1769
f 1694/1733/1768 1693/1732/1767 1697/1736/1771
f 1694/1733/1768 1697/1736/1771 1696/1735/1770
f 1697/1736/1771 1693/1732/1767 1698/1737/1772
f 1698/1737/1772 1693/1732/1767 1691/1730/1765
f 1615/1652/1686 1695/1734/1769 1699/1738/1773
f 1699/1738/1773 1695/1734/1769 1696/1735/1770
f 1615/1652/1686 1699/1738/1773 1700/1739/1774
f 1699/1738/1773 1696/1735/1770 1701/1740/1775
f 1699/1738/1773 1701/1740/1775 1700/1739/1774
f 1615/1652/1686 1700/1739/1774 1702/1741/1776
f 1615/1652/1686 1702/1741/1776 1610/1647/1681
f 1610/1647/1681 1702/1741/1776 1703/1742/1777
f 1610/1647/1681 1703/1742/1777 1596/1628/1666
f 1702/1741/1776 1700/1739/1774 1704/1743/1778
f 1700/1739/1774 1701/1740/1775 1705/1744/1779
f 1700/1739/1774 1705/1744/1779 1704/1743/1778
f 1596/1628/1666 1703/1742/1777 1706/1745/1780
f 1596/1628/1666 1706/1745/1780 1595/1627/1665
f 1595/1627/1665 1706/1745/1780 1594/1626/1664
f 1707/1746/1781 1703/1742/1777 1702/1741/1776
f 1707/1746/1781 1702/1741/1776 1704/1743/1778
f 1706/1745/1780 1703/1742/1777 1708/1747/1782
f 1708/1747/1782 1703/1742/1777 1707/1746/1781
f 1594/1626/1664 1706/1745/1780 1709/1748/1783
f 1709/1748/1783 1706/1745/1780 1708/1747/1782
f 1709/1748/1783 1708/1747/1782 1710/1749/1784
f 1594/1626/1785 1709/1748/1785 1711/1750/1785
f 1708/1747/1782 1707/1746/1781 1712/1751/1786
f 1708/1747/1787 1712/1751/1787 1710/1749/1787
f 1713/1752/1788 1707/1746/1781 1704/1743/1778
f 1713/1752/1788 1704/1743/1778 1705/1744/1779
f 1712/1751/1786 1707/1746/1781 1714/1753/1789
f 1707/1746/1781 1713/1752/1788 1715/1754/1790
f 1707/1746/1781 1715/1754/1790 1714/1753/1789
f 1713/1752/1788 1705/1744/1779 1716/1755/1791
f 1715/1754/1790 1713/1752/1788 1717/1756/1792
f 1717/1756/1792 1713/1752/1788 1716/1755/1791
f 1716/1755/1791 1705/1744/1779 1718/1757/1793
f 1716/1755/1791 1718/1757/1793 1717/1756/1792
f 1714/1753/1789 1715/1754/1790 1719/1758/1794
f 1719/1758/1794 1715/1754/1790 1717/1756/1792
f 1720/1759/1795 1712/1751/1786 1714/1753/1789
f 1714/1753/1789 1719/1758/1794 1721/1760/1796
f 1714/1753/1789 1721/1760/1796 1720/1759/1795
f 1719/1758/1794 1717/1756/1792 1722/1761/1797
f 1719/1758/1794 1722/1761/1797 1721/1760/1796
f 1712/1751/1786 1720/1759/1795 1723/1762/1798
f 1712/1751/1786 1723/1762/1798 1710/1749/1799
f 1723/1762/1798 1720/1759/1795 1724/1763/1800
f 1710/1749/1799 1723/1762/1798 1725/1764/1801
f 1725/1764/1801 1723/1762/1798 1724/1763/1800
f 1724/1763/1800 1720/1759/1795 1726/1765/1802
f 1726/1765/1802 1720/1759/1795 1721/1760/1796
f 1725/1764/1801 1724/1763/1800 1727/1766/1803
f 1710/1749/1799 1725/1764/1801 1728/1767/1804
f 1724/1763/1800 1726/1765/1802 1729/1768/1805
f 1724/1763/1800 1729/1768/1805 1730/1769/1806
f 1724/1763/1800 1730/1769/1806 1727/1766/1803
f 1729/1768/1805 1726/1765/1802 1731/1770/1807
f 1729/1768/1805 1731/1770/1807 1730/1769/1806
f 1731/1770/1807 1726/1765/1802 1732/1771/1808
f 1728/1767/1804 1725/1764/1801 1733/1772/1809
f 1733/1772/1810 1725/1764/1810 1727/1766/1810
f 1734/1773/1811 1710/1749/1799 1728/1767/1804
f 1710/1749/1812 1734/1773/1812 1709/1748/1812
f 1709/1748/1813 1734/1773/1813 1711/1750/1813
f 1734/1773/1811 1728/1767/1804 1735/1774/1814
f 1711/1750/1815 1734/1773/1811 1736/1775/1816
f 1736/1775/1816 1734/1773/1811 1735/1774/1814
f 1711/1750/1815 1736/1775/1816 1737/1776/1817
f 1735/1774/1814 1728/1767/1804 1738/1777/1818
f 1738/1777/1818 1728/1767/1804 1733/1772/1809
f 1736/1775/1816 1735/1774/1814 1739/1778/1819
f 1735/1774/1814 1738/1777/1818 1740/1779/1820
f 1735/1774/1814 1740/1779/1820 1739/1778/1819
f 1736/1775/1816 1739/1778/1819 1741/1780/1821
f 1736/1775/1816 1741/1780/1821 1737/1776/1817
f 1739/1778/1819 1740/1779/1820 1742/1781/1822
f 1741/1780/1821 1739/1778/1819 1743/1782/1823
f 1743/1782/1823 1739/1778/1819 1742/1781/1822
f 1742/1781/1822 1740/1779/1820 1744/1783/1824
f 1745/1784/1825 1740/1779/1820 1738/1777/1818
f 1740/1779/1820 1745/1784/1825 1744/1783/1824
f 1745/1784/1825 1738/1777/1818 1746/1785/1826
f 1746/1785/1826 1738/1777/1818 1733/1772/1809
f 1745/1784/1825 1746/1785/1826 1747/1786/1827
f 1746/1785/1828 1733/1772/1828 1748/1787/1828
f 1746/1785/1826 1748/1787/1829 1747/1786/1827
f 1748/1787/1829 1733/1772/1830 1749/1788/1831
f 1749/1788/1831 1733/1772/1830 1727/1766/1803
f 1750/1789/1832 1744/1783/1824 1745/1784/1825
f 1750/1789/1832 1745/1784/1825 1747/1786/1827
f 1747/1786/1827 1748/1787/1829 1751/1790/1833
f 1751/1790/1833 1748/1787/1829 1749/1788/1831
f 1750/1789/1832 1747/1786/1827 1752/1791/1834
f 1747/1786/1827 1751/1790/1833 1753/1792/1835
f 1747/1786/1827 1753/1792/1835 1752/1791/1834
f 1744/1783/1824 1750/1789/1832 1754/1793/1836
f 1750/1789/1832 1752/1791/1834 1755/1794/1837
f 1750/1789/1838 1755/1794/1838 1754/1793/1838
f 1752/1791/1834 1753/1792/1835 1756/1795/1839
f 1756/1795/1839 1753/1792/1835 1751/1790/1833
f 1744/1783/1824 1754/1793/1836 1757/1796/1840
f 1744/1783/1824 1757/1796/1840 1742/1781/1822
f 1754/1793/1841 1755/1794/1841 1758/1797/1841
f 1742/1781/1822 1757/1796/1842 1759/1798/1843
f 1742/1781/1822 1759/1798/1843 1743/1782/1823
f 1757/1796/1840 1754/1793/1836 1760/1799/1844
f 1760/1799/1844 1754/1793/1836 1758/1797/1845
f 1759/1798/1846 1757/1796/1846 1761/1800/1846
f 1761/1800/1847 1757/1796/1840 1760/1799/1844
f 1759/1798/1843 1761/1800/1848 1762/1801/1849
f 1743/1782/1823 1759/1798/1843 1763/1802/1850
f 1763/1802/1850 1759/1798/1843 1762/1801/1849
f 1743/1782/1823 1763/1802/1850 1764/1803/1851
f 1743/1782/1823 1764/1803/1851 1741/1780/1821
f 1764/1803/1851 1763/1802/1850 1765/1804/1852
f 1741/1780/1821 1764/1803/1851 1766/1805/1853
f 1741/1780/1821 1766/1805/1853 1737/1776/1817
f 1766/1805/1853 1764/1803/1851 1767/1806/1854
f 1767/1806/1854 1764/1803/1851 1765/1804/1852
f 1737/1776/1817 1766/1805/1853 1768/1807/1855
f 1768/1807/1855 1766/1805/1853 1767/1806/1854
f 1765/1804/1852 1763/1802/1850 1769/1808/1856
f 1769/1808/1856 1763/1802/1850 1762/1801/1849
f 1767/1806/1854 1765/1804/1852 1770/1809/1857
f 1767/1806/1854 1770/1809/1857 1771/1810/1858
f 1767/1806/1854 1771/1810/1858 1768/1807/1855
f 1770/1809/1857 1765/1804/1852 1772/1811/1859
f 1771/1810/1858 1770/1809/1857 1773/1812/1860
f 1773/1812/1860 1770/1809/1857 1772/1811/1859
f 1772/1811/1859 1765/1804/1852 1774/1813/1861
f 1774/1813/1861 1765/1804/1852 1769/1808/1856
f 1773/1812/1860 1772/1811/1859 1775/1814/1862
f 1772/1811/1859 1774/1813/1861 1776/1815/1863
f 1772/1811/1859 1776/1815/1863 1775/1814/1862
f 1774/1813/1861 1769/1808/1856 1777/1816/1864
f 1774/1813/1861 1777/1816/1864 1776/1815/1863
f 1773/1812/1860 1775/1814/1862 1565/1589/1865
f 1775/1814/1862 1776/1815/1863 1564/1587/1632
f 1775/1814/1866 1564/1587/1866 1565/1589/1866
f 1773/1812/1860 1565/1589/1865 1778/1817/1867
f 1773/1812/1860 1778/1817/1867 1771/1810/1858
f 1778/1817/1867 1565/1589/1865 1568/1595/1637
f 1778/1817/1867 1568/1595/1637 1571/1599/1641
f 1771/1810/1858 1778/1817/1867 1779/1818/1868
f 1779/1818/1868 1778/1817/1867 1571/1599/1641
f 1771/1810/1858 1779/1818/1868 1768/1807/1855
f 1780/1819/1869 1564/1587/1632 1776/1815/1863
f 1564/1587/1632 1780/1819/1869 275/1588/277
f 275/1588/277 1780/1819/1869 1781/1820/1870
f 275/1588/277 1781/1820/1870 260/1821/262
f 1780/1819/1869 1776/1815/1863 1782/1822/1871
f 1780/1819/1869 1782/1822/1871 1781/1820/1870
f 1781/1820/1870 1782/1822/1871 260/1821/262
f 1782/1822/1871 1776/1815/1863 1777/1816/1864
f 260/1821/262 1782/1822/1871 1783/1823/1872
f 1783/1823/1872 1782/1822/1871 1777/1816/1864
f 260/1821/262 1783/1823/1872 255/1824/257
f 255/1824/257 1783/1823/1872 1784/1825/1873
f 255/1824/257 1784/1825/1873 252/1826/254
f 1783/1823/1872 1777/1816/1864 1785/1827/1874
f 1783/1823/1872 1785/1827/1874 1784/1825/1873
f 1785/1827/1874 1777/1816/1864 1786/1828/1875
f 1786/1828/1875 1777/1816/1864 1769/1808/1856
f 1786/1828/1875 1769/1808/1856 1787/1829/1876
f 1786/1828/1875 1787/1829/1876 1785/1827/1874
f 1787/1829/1876 1769/1808/1856 1762/1801/1849
f 1784/1825/1873 1785/1827/1874 1788/1830/1877
f 1788/1830/1877 1785/1827/1874 1787/1829/1876
f 1789/1831/1878 252/1826/254 1784/1825/1873
f 1789/1831/1878 1784/1825/1873 1788/1830/1877
f 252/1826/254 1789/1831/1878 246/1832/248
f 1787/1829/1876 1762/1801/1849 1790/1833/1879
f 1788/1830/1877 1787/1829/1876 1791/1834/1880
f 1791/1834/1880 1787/1829/1876 1790/1833/1879
f 1788/1830/1877 1791/1834/1880 1789/1831/1878
f 1790/1833/1879 1762/1801/1849 1792/1835/1881
f 1790/1833/1879 1792/1835/1881 1791/1834/1880
f 1792/1835/1881 1762/1801/1849 1761/1800/1847
f 1793/1836/1882 246/1832/248 1789/1831/1878
f 246/1832/248 1793/1836/1882 243/1837/245
f 1789/1831/1878 1791/1834/1880 1794/1838/1883
f 1793/1836/1882 1789/1831/1878 1795/1839/1884
f 1793/1836/1882 1795/1839/1884 243/1837/245
f 1795/1839/1884 1789/1831/1878 1794/1838/1883
f 1794/1838/1883 1791/1834/1880 1796/1840/1885
f 1796/1840/1885 1791/1834/1880 1792/1835/1881
f 1794/1838/1883 1796/1840/1885 1795/1839/1884
f 1797/1841/1886 1792/1835/1881 1761/1800/1847
f 1792/1835/1881 1797/1841/1886 1796/1840/1885
f 1797/1841/1886 1761/1800/1847 1760/1799/1844
f 1795/1839/1884 1796/1840/1885 1798/1842/1887
f 1796/1840/1885 1797/1841/1886 1799/1843/1888
f 1796/1840/1885 1799/1843/1888 1798/1842/1887
f 1797/1841/1886 1760/1799/1844 1800/1844/1889
f 1797/1841/1886 1800/1844/1889 1799/1843/1888
f 1800/1844/1889 1760/1799/1844 1758/1797/1845
f 1795/1839/1884 1798/1842/1887 1801/1845/1890
f 1801/1845/1890 1798/1842/1887 1799/1843/1888
f 1802/1846/1891 243/1837/245 1795/1839/1884
f 1802/1846/1891 1795/1839/1884 1801/1845/1890
f 243/1837/245 1802/1846/1891 242/1847/244
f 242/1847/244 1802/1846/1891 1803/1848/1892
f 1803/1848/1892 1802/1846/1891 1801/1845/1890
f 242/1847/244 1803/1848/1892 244/1849/246
f 1801/1845/1890 1799/1843/1888 1804/1850/1893
f 244/1849/246 1803/1848/1892 1805/1851/1894
f 1803/1848/1892 1801/1845/1890 1806/1852/1895
f 1806/1852/1895 1801/1845/1890 1804/1850/1893
f 1803/1848/1892 1806/1852/1895 1805/1851/1894
f 244/1849/1896 1805/1851/1897 248/1853/1898
f 1804/1850/1893 1799/1843/1888 1807/1854/1899
f 1804/1850/1893 1807/1854/1899 1806/1852/1895
f 1807/1854/1899 1799/1843/1888 1800/1844/1889
f 1805/1851/1894 1806/1852/1895 1808/1855/1900
f 248/1853/1898 1805/1851/1897 1809/1856/1901
f 1809/1856/1901 1805/1851/1897 1808/1855/1902
f 248/1853/250 1809/1856/1903 250/1857/252
f 1806/1852/1895 1807/1854/1899 1810/1858/1904
f 1808/1855/1900 1806/1852/1895 1811/1859/1905
f 1811/1859/1905 1806/1852/1895 1810/1858/1904
f 1808/1855/1900 1811/1859/1905 1809/1856/1906
f 250/1857/252 1809/1856/1903 1812/1860/1907
f 1810/1858/1904 1807/1854/1899 1813/1861/1908
f 1810/1858/1904 1813/1861/1908 1811/1859/1905
f 250/1857/252 1812/1860/1907 355/1862/357
f 1809/1856/1906 1811/1859/1905 1814/1863/1909
f 1812/1860/1907 1809/1856/1903 1815/1864/1910
f 1815/1864/1911 1809/1856/1911 1814/1863/1911
f 1812/1860/1907 1815/1864/1910 355/1862/357
f 1814/1863/1909 1811/1859/1905 1816/1865/1912
f 1814/1863/1909 1816/1865/1912 1815/1864/1910
f 1817/1866/1913 1811/1859/1905 1813/1861/1908
f 1811/1859/1905 1817/1866/1913 1816/1865/1912
f 1817/1866/1913 1813/1861/1908 1818/1867/1914
f 1817/1866/1913 1818/1867/1914 1816/1865/1912
f 355/1862/357 1815/1864/1910 1819/1868/1915
f 1815/1864/1910 1816/1865/1912 1820/1869/1916
f 355/1862/357 1819/1868/1915 1821/1870/1917
f 1819/1868/1915 1815/1864/1910 1822/1871/1918
f 1822/1871/1918 1815/1864/1910 1820/1869/1916
f 1819/1868/1915 1822/1871/1918 1821/1870/1917
f 1820/1869/1916 1816/1865/1912 1823/1872/1919
f 1820/1869/1916 1823/1872/1919 1822/1871/1918
f 1824/1873/1920 1816/1865/1912 1818/1867/1914
f 1816/1865/1912 1824/1873/1920 1823/1872/1919
f 1824/1873/1920 1818/1867/1914 1825/1874/1921
f 1825/1874/1921 1818/1867/1914 1826/1875/1922
f 1826/1875/1922 1818/1867/1914 1813/1861/1908
f 1824/1873/1923 1825/1874/1923 1827/1876/1923
f 1823/1872/1919 1824/1873/1920 1828/1877/1924
f 1828/1877/1925 1824/1873/1925 1827/1876/1925
f 1827/1876/1926 1825/1874/1921 1829/1878/1927
f 1829/1878/1927 1825/1874/1921 1826/1875/1922
f 1828/1877/1928 1827/1876/1928 1830/1879/1928
f 1830/1879/1929 1827/1876/1929 1831/1880/1929
f 1831/1880/1930 1827/1876/1926 1829/1878/1927
f 1823/1872/1919 1828/1877/1924 1832/1881/1931
f 1823/1872/1919 1832/1881/1931 1822/1871/1918
f 1832/1881/1931 1828/1877/1924 1833/1882/1932
f 1833/1882/1932 1828/1877/1924 1830/1879/1933
f 1822/1871/1918 1832/1881/1931 1834/1883/1934
f 1832/1881/1931 1833/1882/1932 1835/1884/1935
f 1832/1881/1931 1835/1884/1935 1834/1883/1934
f 1822/1871/1918 1834/1883/1934 1836/1885/1936
f 1822/1871/1918 1836/1885/1936 1821/1870/1917
f 1834/1883/1934 1835/1884/1935 1837/1886/1937
f 1821/1870/1917 1836/1885/1936 1838/1887/1938
f 1836/1885/1936 1834/1883/1934 1839/1888/1939
f 1839/1888/1939 1834/1883/1934 1837/1886/1937
f 1836/1885/1936 1839/1888/1939 1838/1887/1938
f 1840/1889/1940 1835/1884/1935 1833/1882/1932
f 1840/1889/1940 1833/1882/1932 1841/1890/1941
f 1841/1890/1941 1833/1882/1932 1830/1879/1933
f 1841/1890/1941 1830/1879/1933 1842/1891/1942
f 1841/1890/1941 1842/1891/1942 1840/1889/1940
f 1842/1891/1943 1830/1879/1943 1843/1892/1943
f 1843/1892/1944 1830/1879/1945 1844/1893/1946
f 1844/1893/1946 1830/1879/1945 1831/1880/1947
f 1842/1891/1942 1843/1892/1948 1845/1894/1949
f 1845/1894/1949 1843/1892/1948 1844/1893/1950
f 1844/1893/1950 1831/1880/1930 1829/1878/1927
f 1842/1891/1942 1845/1894/1949 1846/1895/1951
f 1844/1893/1950 1829/1878/1927 1847/1896/1952
f 1848/1897/1953 1840/1889/1940 1842/1891/1942
f 1848/1897/1953 1842/1891/1942 1846/1895/1951
f 1849/1898/1954 1835/1884/1935 1840/1889/1940
f 1835/1884/1935 1849/1898/1954 1837/1886/1937
f 1840/1889/1940 1848/1897/1953 1850/1899/1955
f 1849/1898/1954 1840/1889/1940 1851/1900/1956
f 1851/1900/1956 1840/1889/1940 1850/1899/1955
f 1850/1899/1955 1848/1897/1953 1852/1901/1957
f 1849/1898/1954 1851/1900/1956 1853/1902/1958
f 1851/1900/1956 1850/1899/1955 1854/1903/1959
f 1851/1900/1956 1854/1903/1959 1853/1902/1958
f 1850/1899/1955 1852/1901/1957 1855/1904/1960
f 1850/1899/1955 1855/1904/1960 1854/1903/1959
f 1852/1901/1957 1848/1897/1953 1856/1905/1961
f 1856/1905/1961 1848/1897/1953 1846/1895/1951
f 1855/1904/1960 1852/1901/1957 1857/1906/1962
f 1857/1906/1962 1852/1901/1957 1856/1905/1961
f 1854/1903/1959 1855/1904/1960 1858/1907/1963
f 1859/1908/1964 1853/1902/1958 1854/1903/1959
f 1859/1908/1964 1854/1903/1959 1858/1907/1963
f 1858/1907/1963 1855/1904/1960 1860/1909/1965
f 1860/1909/1965 1855/1904/1960 1857/1906/1962
f 1859/1908/1964 1858/1907/1963 1861/1910/1966
f 1858/1907/1963 1860/1909/1965 1862/1911/1967
f 1858/1907/1963 1862/1911/1967 1861/1910/1966
f 1860/1909/1965 1857/1906/1962 1863/1912/1968
f 1862/1911/1967 1860/1909/1965 1864/1913/1969
f 1864/1913/1969 1860/1909/1965 1863/1912/1968
f 1863/1912/1968 1857/1906/1962 1865/1914/1970
f 1865/1914/1970 1857/1906/1962 1856/1905/1961
f 1864/1913/1969 1863/1912/1968 1866/1915/1971
f 1863/1912/1968 1865/1914/1970 1867/1916/1972
f 1863/1912/1968 1867/1916/1972 1866/1915/1971
f 1865/1914/1970 1856/1905/1961 1868/1917/1973
f 1865/1914/1970 1868/1917/1973 1867/1916/1972
f 1868/1917/1973 1856/1905/1961 1869/1918/1974
f 1866/1915/1971 1867/1916/1972 1870/1919/1975
f 1867/1916/1972 1868/1917/1973 1871/1920/1976
f 1867/1916/1972 1871/1920/1976 1870/1919/1975
f 1871/1920/1976 1868/1917/1973 1872/1921/1977
f 1872/1921/1977 1868/1917/1973 1869/1918/1974
f 1870/1919/1975 1871/1920/1976 1873/1922/1978
f 1871/1920/1976 1872/1921/1977 1874/1923/1979
f 1871/1920/1976 1874/1923/1979 1873/1922/1978
f 1874/1923/1979 1872/1921/1977 1875/1924/1980
f 1870/1919/1975 1873/1922/1978 1876/1925/1981
f 1877/1926/1982 1866/1915/1971 1870/1919/1975
f 1877/1926/1982 1870/1919/1975 1876/1925/1981
f 1866/1915/1971 1877/1926/1982 1878/1927/1983
f 1866/1915/1971 1878/1927/1983 1864/1913/1969
f 1864/1913/1969 1878/1927/1983 1879/1928/1984
f 1864/1913/1969 1879/1928/1984 1862/1911/1967
f 1878/1927/1983 1877/1926/1982 1880/1929/1985
f 1862/1911/1967 1879/1928/1984 1881/1930/1986
f 1862/1911/1967 1881/1930/1986 1861/1910/1966
f 1879/1928/1984 1878/1927/1983 1882/1931/1987
f 1882/1931/1987 1878/1927/1983 1880/1929/1985
f 1881/1930/1986 1879/1928/1984 1883/1932/1988
f 1883/1932/1988 1879/1928/1984 1882/1931/1987
f 1881/1930/1986 1883/1932/1988 1105/1933/1166
f 1861/1910/1966 1881/1930/1986 1884/1934/1989
f 1884/1934/1989 1881/1930/1986 1105/1933/1166
f 1105/1933/1166 1883/1932/1988 1106/1935/1167
f 1884/1934/1989 1105/1933/1166 1098/1936/1158
f 1106/1935/1167 1883/1932/1988 1885/1937/1990
f 1885/1937/1990 1883/1932/1988 1882/1931/1987
f 1106/1935/1167 1885/1937/1990 1886/1938/1991
f 1886/1938/1991 1885/1937/1990 1882/1931/1987
f 1106/1935/1167 1886/1938/1991 1108/1939/1169
f 1884/1934/1989 1098/1936/1158 1887/1940/1992
f 1884/1934/1989 1887/1940/1992 1861/1910/1966
f 1887/1940/1992 1098/1936/1158 1097/1941/1157
f 1861/1910/1966 1887/1940/1992 1859/1908/1964
f 1859/1908/1964 1887/1940/1992 1888/1942/1993
f 1888/1942/1993 1887/1940/1992 1097/1941/1157
f 1859/1908/1964 1888/1942/1993 1853/1902/1958
f 1888/1942/1993 1097/1941/1157 1889/1943/1994
f 1889/1943/1994 1097/1941/1157 375/1944/377
f 1853/1902/1958 1888/1942/1993 1890/1945/1995
f 1890/1945/1995 1888/1942/1993 1889/1943/1994
f 1853/1902/1958 1890/1945/1995 1849/1898/1954
f 1889/1943/1994 375/1944/377 373/1946/375
f 1849/1898/1954 1890/1945/1995 1837/1886/1937
f 1837/1886/1937 1890/1945/1995 1891/1947/1996
f 1891/1947/1996 1890/1945/1995 1889/1943/1994
f 1837/1886/1937 1891/1947/1996 1839/1888/1939
f 1889/1943/1994 373/1946/375 1892/1948/1997
f 1889/1943/1994 1892/1948/1997 1891/1947/1996
f 1891/1947/1996 1892/1948/1997 1839/1888/1939
f 1892/1948/1997 373/1946/375 372/1949/374
f 1839/1888/1939 1892/1948/1997 1838/1887/1938
f 1838/1887/1938 1892/1948/1997 372/1949/374
f 1838/1887/1938 372/1949/374 368/1950/370
f 1838/1887/1938 368/1950/370 367/1951/369
f 1838/1887/1938 367/1951/369 1821/1870/1917
f 1821/1870/1917 367/1951/369 1893/1952/1998
f 1821/1870/1917 1893/1952/1998 355/1862/357
f 1893/1952/1998 367/1951/369 358/1953/360
f 355/1862/357 1893/1952/1998 356/1954/358
f 356/1954/358 1893/1952/1998 358/1953/360
f 1894/1955/1999 1882/1931/1987 1895/1956/2000
f 1895/1956/2000 1882/1931/1987 1880/1929/1985
f 1882/1931/1987 1894/1955/1999 1886/1938/1991
f 1895/1956/2000 1880/1929/1985 1896/1957/2001
f 1896/1957/2001 1880/1929/1985 1877/1926/1982
f 1896/1957/2001 1877/1926/1982 1876/1925/1981
f 1894/1955/1999 1895/1956/2000 1897/1958/2002
f 1897/1958/2002 1895/1956/2000 1896/1957/2001
f 1886/1938/1991 1894/1955/1999 1898/1959/2003
f 1886/1938/1991 1898/1959/2003 1108/1939/1169
f 1108/1939/1169 1898/1959/2003 1110/1960/1171
f 1896/1957/2001 1876/1925/1981 1899/1961/2004
f 1110/1960/1171 1898/1959/2003 1900/1962/2005
f 1898/1959/2003 1894/1955/1999 1901/1963/2006
f 1901/1963/2006 1894/1955/1999 1897/1958/2002
f 1898/1959/2003 1901/1963/2006 1900/1962/2005
f 1110/1960/1171 1900/1962/2005 1114/1964/1175
f 1899/1961/2004 1876/1925/1981 1902/1965/2007
f 1902/1965/2007 1876/1925/1981 1873/1922/1978
f 1114/1964/1175 1900/1962/2005 1903/1966/2008
f 1114/1964/1175 1903/1966/2008 1117/1967/1178
f 1900/1962/2005 1901/1963/2006 1904/1968/2009
f 1900/1962/2005 1904/1968/2009 1903/1966/2008
f 1117/1967/1178 1903/1966/2008 1126/1969/1188
f 1126/1969/1188 1903/1966/2008 1904/1968/2009
f 1904/1968/2009 1901/1963/2006 1905/1970/2010
f 1905/1970/2010 1901/1963/2006 1897/1958/2002
f 1126/1969/1188 1904/1968/2009 1906/1971/2011
f 1904/1968/2009 1905/1970/2010 1907/1972/2012
f 1904/1968/2009 1907/1972/2012 1906/1971/2011
f 1905/1970/2010 1897/1958/2002 1908/1973/2013
f 1908/1973/2013 1897/1958/2002 1896/1957/2001
f 1907/1972/2012 1905/1970/2010 1909/1974/2014
f 1909/1974/2014 1905/1970/2010 1908/1973/2013
f 1908/1973/2013 1896/1957/2001 1910/1975/2015
f 1910/1975/2015 1896/1957/2001 1899/1961/2004
f 1910/1975/2015 1899/1961/2004 1902/1965/2007
f 1908/1973/2013 1910/1975/2015 1911/1976/2016
f 1908/1973/2013 1911/1976/2016 1909/1974/2014
f 1911/1976/2016 1910/1975/2015 1912/1977/2017
f 1912/1977/2017 1910/1975/2015 1902/1965/2007
f 1909/1974/2014 1911/1976/2016 1913/1978/2018
f 1914/1979/2019 1907/1972/2012 1909/1974/2014
f 1914/1979/2019 1909/1974/2014 1913/1978/2018
f 1907/1972/2012 1914/1979/2019 1915/1980/2020
f 1907/1972/2012 1915/1980/2020 1906/1971/2011
f 1913/1978/2018 1911/1976/2016 1916/1981/2021
f 1916/1981/2021 1911/1976/2016 1912/1977/2017
f 1914/1979/2019 1913/1978/2018 1917/1982/2022
f 1917/1982/2022 1913/1978/2018 1916/1981/2021
f 1915/1980/2020 1914/1979/2019 1918/1983/2023
f 1918/1983/2023 1914/1979/2019 1917/1982/2022
f 1906/1971/2011 1915/1980/2020 1919/1984/2024
f 1906/1971/2011 1919/1984/2024 1126/1969/1188
f 1915/1980/2020 1918/1983/2023 1920/1985/2025
f 1915/1980/2020 1920/1985/2025 1919/1984/2024
f 1126/1969/1188 1919/1984/2024 1921/1986/2026
f 1126/1969/1188 1921/1986/2026 1127/1987/1189
f 1919/1984/2024 1920/1985/2025 1922/1988/2027
f 1919/1984/2024 1922/1988/2027 1921/1986/2026
f 1127/1987/1189 1921/1986/2026 1923/1989/2028
f 1923/1989/2028 1921/1986/2026 1922/1988/2027
f 1127/1987/1189 1923/1989/2028 1132/1990/1194
f 1132/1990/1194 1923/1989/2028 1924/1991/2029
f 1132/1990/1194 1924/1991/2029 1133/1992/1195
f 1923/1989/2028 1922/1988/2027 1925/1993/2030
f 1923/1989/2028 1925/1993/2030 1924/1991/2029
f 1926/1994/2031 1922/1988/2027 1920/1985/2025
f 1922/1988/2027 1926/1994/2031 1925/1993/2030
f 1926/1994/2031 1920/1985/2025 1927/1995/2032
f 1927/1995/2032 1920/1985/2025 1918/1983/2023
f 1925/1993/2030 1926/1994/2031 1928/1996/2033
f 1928/1996/2033 1926/1994/2031 1927/1995/2032
f 1927/1995/2032 1918/1983/2023 1929/1997/2034
f 1929/1997/2034 1918/1983/2023 1917/1982/2022
f 1927/1995/2032 1929/1997/2034 1930/1998/2035
f 1930/1998/2035 1929/1997/2034 1917/1982/2022
f 1927/1995/2032 1930/1998/2035 1928/1996/2033
f 1925/1993/2030 1928/1996/2033 1931/1999/2036
f 1925/1993/2030 1931/1999/2036 1924/1991/2029
f 1924/1991/2029 1931/1999/2036 1932/2000/2037
f 1924/1991/2029 1932/2000/2037 1133/1992/1195
f 1133/1992/1195 1932/2000/2037 1143/2001/1205
f 1932/2000/2037 1931/1999/2036 1933/2002/2038
f 1931/1999/2036 1928/1996/2033 1934/2003/2039
f 1931/1999/2036 1934/2003/2039 1933/2002/2038
f 1934/2003/2039 1928/1996/2033 1935/2004/2040
f 1935/2004/2040 1928/1996/2033 1930/1998/2035
f 1934/2003/2039 1935/2004/2040 1936/2005/2041
f 1143/2001/1205 1932/2000/2037 1937/2006/2042
f 1937/2006/2042 1932/2000/2037 1933/2002/2038
f 1933/2002/2038 1934/2003/2039 1938/2007/2043
f 1938/2007/2043 1934/2003/2039 1936/2005/2041
f 1937/2006/2042 1933/2002/2038 1939/2008/2044
f 1939/2008/2044 1933/2002/2038 1938/2007/2043
f 1143/2001/1205 1937/2006/2042 1147/2009/1209
f 1143/2001/1205 1147/2009/1209 1144/2010/1206
f 1937/2006/2042 1939/2008/2044 1940/2011/2045
f 1937/2006/2042 1940/2011/2045 1147/2009/1209
f 1938/2007/2043 1936/2005/2041 1941/2012/2046
f 1941/2012/2046 1936/2005/2041 1935/2004/2040
f 1939/2008/2044 1938/2007/2043 1942/2013/2047
f 1147/2009/1209 1940/2011/2045 1943/2014/2048
f 1147/2009/1209 1943/2014/2048 1148/2015/1210
f 1148/2015/1210 1943/2014/2048 1320/2016/1382
f 1943/2014/2048 1940/2011/2045 1944/2017/2049
f 1943/2014/2048 1944/2017/2049 1320/2016/1382
f 1945/2018/2050 1940/2011/2045 1939/2008/2044
f 1945/2018/2050 1939/2008/2044 1942/2013/2047
f 1940/2011/2045 1945/2018/2050 1944/2017/2049
f 1946/2019/2051 1942/2013/2047 1938/2007/2043
f 1946/2019/2051 1938/2007/2043 1941/2012/2046
f 1945/2018/2050 1942/2013/2047 1947/2020/2052
f 1947/2020/2052 1942/2013/2047 1946/2019/2051
f 1944/2017/2049 1945/2018/2050 1948/2021/2053
f 1948/2021/2053 1945/2018/2050 1947/2020/2052
f 1949/2022/2054 1320/2016/1382 1944/2017/2049
f 1949/2022/2054 1944/2017/2049 1948/2021/2053
f 1320/2016/1382 1949/2022/2054 1324/2023/1386
f 1947/2020/2052 1946/2019/2051 1950/2024/2055
f 1948/2021/2053 1947/2020/2052 1951/2025/2056
f 1951/2025/2056 1947/2020/2052 1950/2024/2055
f 1950/2024/2055 1946/2019/2051 1952/2026/2057
f 1952/2026/2057 1946/2019/2051 1941/2012/2046
f 1951/2025/2056 1950/2024/2055 1953/2027/2058
f 1948/2021/2053 1951/2025/2056 1954/2028/2059
f 1954/2028/2059 1951/2025/2056 1953/2027/2058
f 1953/2027/2058 1950/2024/2055 1955/2029/2060
f 1955/2029/2060 1950/2024/2055 1952/2026/2057
f 1956/2030/2061 1949/2022/2054 1948/2021/2053
f 1956/2030/2061 1948/2021/2053 1954/2028/2059
f 1949/2022/2054 1956/2030/2061 1957/2031/2062
f 1949/2022/2054 1957/2031/2062 1324/2023/1386
f 1324/2023/1386 1957/2031/2062 1958/2032/2063
f 1324/2023/1386 1958/2032/2063 1330/2033/1392
f 1330/2033/1392 1958/2032/2063 1959/2034/2064
f 1959/2034/2064 1958/2032/2063 1957/2031/2062
f 1330/2033/1392 1959/2034/2064 800/2035/831
f 800/2035/831 1959/2034/2064 798/2036/829
f 1960/2037/2065 1957/2031/2062 1956/2030/2061
f 1957/2031/2062 1960/2037/2065 1959/2034/2064
f 1960/2037/2065 1956/2030/2061 1954/2028/2059
f 798/2036/829 1959/2034/2064 1961/2038/2066
f 1961/2038/2066 1959/2034/2064 1960/2037/2065
f 798/2036/829 1961/2038/2066 794/2039/825
f 1961/2038/2066 1960/2037/2065 1962/2040/2067
f 1961/2038/2066 1962/2040/2067 794/2039/825
f 1960/2037/2065 1954/2028/2059 1963/2041/2068
f 1960/2037/2065 1963/2041/2068 1962/2040/2067
f 794/2039/825 1962/2040/2067 1964/2042/2069
f 1964/2042/2069 1962/2040/2067 1963/2041/2068
f 794/2039/825 1964/2042/2069 792/2043/823
f 1963/2041/2068 1954/2028/2059 1965/2044/2070
f 1965/2044/2070 1954/2028/2059 1953/2027/2058
f 1964/2042/2069 1963/2041/2068 1966/2045/2071
f 1966/2045/2071 1963/2041/2068 1965/2044/2070
f 792/2043/823 1964/2042/2069 1967/2046/2072
f 1967/2046/2072 1964/2042/2069 1966/2045/2071
f 792/2043/823 1967/2046/2072 793/2047/824
f 1965/2044/2070 1953/2027/2058 1968/2048/2073
f 1968/2048/2073 1953/2027/2058 1955/2029/2060
f 1966/2045/2071 1965/2044/2070 1969/2049/2074
f 1969/2049/2074 1965/2044/2070 1968/2048/2073
f 1967/2046/2072 1966/2045/2071 1970/2050/2075
f 1970/2050/2075 1966/2045/2071 1969/2049/2074
f 793/2047/824 1967/2046/2072 1971/2051/2076
f 1971/2051/2076 1967/2046/2072 1970/2050/2075
f 793/2047/824 1971/2051/2076 796/2052/827
f 1970/2050/2075 1969/2049/2074 1972/2053/2077
f 1972/2053/2077 1969/2049/2074 1968/2048/2073
f 1971/2051/2076 1970/2050/2075 1973/2054/2078
f 1973/2054/2078 1970/2050/2075 1972/2053/2077
f 796/2052/827 1971/2051/2076 1974/2055/2079
f 1974/2055/2079 1971/2051/2076 1973/2054/2078
f 796/2052/827 1974/2055/2079 802/2056/833
f 802/2056/833 1974/2055/2079 1975/2057/2080
f 802/2056/833 1975/2057/2080 805/2058/836
f 1974/2055/2079 1973/2054/2078 1976/2059/2081
f 1974/2055/2079 1976/2059/2081 1975/2057/2080
f 1973/2054/2078 1972/2053/2077 1977/2060/2082
f 1973/2054/2078 1977/2060/2082 1976/2059/2081
f 1977/2060/2082 1972/2053/2077 1978/2061/2083
f 1978/2061/2083 1972/2053/2077 1968/2048/2073
f 1976/2059/2081 1977/2060/2082 1979/2062/2084
f 1975/2057/2080 1976/2059/2081 1980/2063/2085
f 1980/2063/2085 1976/2059/2081 1979/2062/2084
f 1975/2057/2080 1980/2063/2085 1981/2064/2086
f 1975/2057/2080 1981/2064/2086 805/2058/836
f 1977/2060/2082 1978/2061/2083 1982/2065/2087
f 1977/2060/2082 1982/2065/2087 1979/2062/2084
f 1978/2061/2083 1968/2048/2073 1983/2066/2088
f 1978/2061/2083 1983/2066/2088 1982/2065/2087
f 805/2058/836 1981/2064/2086 1984/2067/2089
f 805/2058/836 1984/2067/2089 810/2068/841
f 810/2068/841 1984/2067/2089 813/2069/844
f 1983/2066/2088 1968/2048/2073 1985/2070/2090
f 1985/2070/2090 1968/2048/2073 1955/2029/2060
f 1985/2070/2090 1955/2029/2060 1986/2071/2091
f 1985/2070/2090 1986/2071/2091 1983/2066/2088
f 1986/2071/2091 1955/2029/2060 1952/2026/2057
f 1986/2071/2091 1952/2026/2057 1987/2072/2092
f 1987/2072/2092 1952/2026/2057 1941/2012/2046
f 1983/2066/2088 1986/2071/2091 1988/2073/2093
f 1986/2071/2091 1987/2072/2092 1989/2074/2094
f 1986/2071/2091 1989/2074/2094 1988/2073/2093
f 1989/2074/2094 1987/2072/2092 1990/2075/2095
f 1987/2072/2092 1941/2012/2046 1991/2076/2096
f 1987/2072/2092 1991/2076/2096 1990/2075/2095
f 1991/2076/2096 1941/2012/2046 1992/2077/2097
f 1992/2077/2097 1941/2012/2046 1935/2004/2040
f 1990/2075/2095 1991/2076/2096 1993/2078/2098
f 1993/2078/2098 1991/2076/2096 1992/2077/2097
f 1989/2074/2094 1990/2075/2095 1994/2079/2099
f 1994/2079/2099 1990/2075/2095 1993/2078/2098
f 1992/2077/2097 1935/2004/2040 1930/1998/2035
f 1995/2080/2100 1988/2073/2093 1989/2074/2094
f 1995/2080/2100 1989/2074/2094 1994/2079/2099
f 1988/2073/2093 1995/2080/2100 1996/2081/2101
f 1988/2073/2102 1996/2081/2102 1983/2066/2102
f 1995/2080/2100 1994/2079/2099 1997/2082/2103
f 1983/2066/2104 1996/2081/2104 1998/2083/2104
f 1983/2066/2088 1998/2083/2105 1982/2065/2087
f 1996/2081/2101 1995/2080/2100 1999/2084/2106
f 1999/2084/2106 1995/2080/2100 1997/2082/2103
f 1998/2083/2105 1996/2081/2101 2000/2085/2107
f 2000/2085/2107 1996/2081/2101 1999/2084/2106
f 1982/2065/2087 1998/2083/2105 2001/2086/2108
f 2001/2086/2108 1998/2083/2105 2000/2085/2107
f 1982/2065/2087 2001/2086/2108 1979/2062/2084
f 2000/2085/2107 1999/2084/2106 2002/2087/2109
f 1999/2084/2106 1997/2082/2103 2003/2088/2110
f 1999/2084/2106 2003/2088/2110 2002/2087/2109
f 2003/2088/2110 1997/2082/2103 2004/2089/2111
f 2002/2087/2109 2003/2088/2110 2005/2090/2112
f 2005/2090/2112 2003/2088/2110 2004/2089/2111
f 2004/2089/2111 1997/2082/2103 2006/2091/2113
f 2006/2091/2113 1997/2082/2103 1994/2079/2099
f 2006/2091/2113 1994/2079/2099 2007/2092/2114
f 2007/2092/2114 1994/2079/2099 1993/2078/2098
f 2004/2089/2111 2006/2091/2113 2008/2093/2115
f 2007/2092/2114 1993/2078/2098 2009/2094/2116
f 2009/2094/2116 1993/2078/2098 1992/2077/2097
f 2006/2091/2113 2007/2092/2114 2010/2095/2117
f 2006/2091/2113 2010/2095/2117 2008/2093/2115
f 2007/2092/2114 2009/2094/2116 2011/2096/2118
f 2007/2092/2119 2011/2096/2120 2010/2095/2121
f 2009/2094/2116 1992/2077/2097 2012/2097/2122
f 2009/2094/2116 2012/2097/2122 2011/2096/2118
f 2012/2097/2122 1992/2077/2097 1930/1998/2035
f 2013/2098/2123 2004/2089/2111 2008/2093/2115
f 2004/2089/2111 2013/2098/2123 2005/2090/2112
f 2014/2099/2124 2008/2093/2124 2010/2095/2124
f 2008/2093/2125 2014/2099/2125 2013/2098/2125
f 2015/2100/2126 2010/2095/2121 2011/2096/2120
f 2010/2095/2127 2015/2100/2127 2014/2099/2127
f 2016/2101/2128 2011/2096/2118 2012/2097/2122
f 2011/2096/2118 2016/2101/2128 2015/2100/2129
f 2016/2101/2128 2012/2097/2122 2017/2102/2130
f 2017/2102/2130 2012/2097/2122 1930/1998/2035
f 2016/2101/2128 2017/2102/2130 2018/2103/2131
f 2016/2101/2128 2018/2103/2131 2015/2100/2129
f 2017/2102/2130 1930/1998/2035 2019/2104/2132
f 2017/2102/2130 2019/2104/2132 2018/2103/2131
f 2019/2104/2132 1930/1998/2035 1917/1982/2022
f 2020/2105/2133 2014/2099/2134 2015/2100/2129
f 2019/2104/2132 1917/1982/2022 2021/2106/2135
f 2021/2106/2135 1917/1982/2022 1916/1981/2021
f 2018/2103/2131 2019/2104/2132 2022/2107/2136
f 2022/2107/2136 2019/2104/2132 2021/2106/2135
f 2021/2106/2135 1916/1981/2021 2023/2108/2137
f 2021/2106/2135 2023/2108/2137 2022/2107/2136
f 2023/2108/2137 1916/1981/2021 1912/1977/2017
f 2024/2109/2138 2014/2099/2134 2020/2105/2133
f 2014/2099/2134 2024/2109/2138 2013/2098/2123
f 2018/2103/2131 2022/2107/2136 2025/2110/2139
f 2018/2103/2131 2025/2110/2139 2015/2100/2129
f 2026/2111/2140 2020/2105/2133 2015/2100/2129
f 2026/2111/2140 2015/2100/2129 2025/2110/2139
f 2020/2105/2133 2026/2111/2140 2024/2109/2138
f 2025/2110/2139 2022/2107/2136 2027/2112/2141
f 2027/2112/2141 2022/2107/2136 2023/2108/2137
f 2026/2111/2140 2025/2110/2139 2028/2113/2142
f 2028/2113/2142 2025/2110/2139 2027/2112/2141
f 2027/2112/2141 2023/2108/2137 2029/2114/2143
f 2029/2114/2143 2023/2108/2137 1912/1977/2017
f 2028/2113/2142 2027/2112/2141 2030/2115/2144
f 2030/2115/2144 2027/2112/2141 2029/2114/2143
f 2026/2111/2140 2028/2113/2142 2031/2116/2145
f 2026/2111/2140 2031/2116/2145 2024/2109/2138
f 2028/2113/2142 2030/2115/2144 2032/2117/2146
f 2028/2113/2142 2032/2117/2146 2031/2116/2145
f 2029/2114/2143 1912/1977/2017 2033/2118/2147
f 2033/2118/2147 1912/1977/2017 1902/1965/2007
f 2029/2114/2143 2033/2118/2147 2034/2119/2148
f 2024/2109/2138 2031/2116/2145 2035/2120/2149
f 2035/2120/2149 2031/2116/2145 2032/2117/2146
f 2029/2114/2143 2034/2119/2148 2036/2121/2150
f 2029/2114/2143 2036/2121/2150 2030/2115/2144
f 2034/2119/2148 2033/2118/2147 2037/2122/2151
f 2034/2119/2148 2037/2122/2151 2036/2121/2150
f 2033/2118/2147 1902/1965/2007 2038/2123/2152
f 2033/2118/2147 2038/2123/2152 2037/2122/2151
f 2038/2123/2152 1902/1965/2007 2039/2124/2153
f 2039/2124/2153 1902/1965/2007 1873/1922/1978
f 2039/2124/2153 1873/1922/1978 1874/1923/1979
f 2038/2123/2152 2039/2124/2153 2040/2125/2154
f 2040/2125/2154 2039/2124/2153 1874/1923/1979
f 2038/2123/2152 2040/2125/2154 2037/2122/2151
f 2040/2125/2154 1874/1923/1979 1875/1924/1980
f 2037/2122/2151 2040/2125/2154 2041/2126/2155
f 2042/2127/2156 2036/2121/2150 2037/2122/2151
f 2042/2127/2156 2037/2122/2151 2041/2126/2155
f 2036/2121/2150 2042/2127/2156 2043/2128/2157
f 2036/2121/2150 2043/2128/2157 2030/2115/2144
f 2030/2115/2144 2043/2128/2157 2032/2117/2146
f 2043/2128/2157 2042/2127/2156 2044/2129/2158
f 2044/2129/2158 2042/2127/2156 2041/2126/2155
f 2032/2117/2146 2043/2128/2157 2045/2130/2159
f 2045/2130/2159 2043/2128/2157 2044/2129/2158
f 2032/2117/2146 2045/2130/2159 2035/2120/2149
f 2046/2131/2160 2041/2126/2155 2040/2125/2154
f 2046/2131/2160 2040/2125/2154 1875/1924/1980
f 2044/2129/2158 2041/2126/2155 2047/2132/2161
f 2046/2131/2160 1875/1924/1980 2048/2133/2162
f 2047/2132/2161 2041/2126/2155 2049/2134/2163
f 2049/2134/2163 2041/2126/2155 2046/2131/2160
f 2044/2129/2158 2047/2132/2161 2050/2135/2164
f 2044/2129/2158 2050/2135/2164 2045/2130/2159
f 2049/2134/2163 2046/2131/2160 2051/2136/2165
f 2051/2136/2165 2046/2131/2160 2048/2133/2162
f 2047/2132/2161 2049/2134/2163 2052/2137/2166
f 2047/2132/2161 2052/2137/2166 2050/2135/2164
f 2052/2137/2166 2049/2134/2163 2053/2138/2167
f 2053/2138/2167 2049/2134/2163 2051/2136/2165
f 2050/2135/2164 2052/2137/2166 2054/2139/2168
f 2055/2140/2169 2045/2130/2159 2050/2135/2164
f 2055/2140/2169 2050/2135/2164 2054/2139/2168
f 2045/2130/2159 2055/2140/2169 2035/2120/2149
f 2054/2139/2168 2052/2137/2166 2056/2141/2170
f 2056/2141/2170 2052/2137/2166 2053/2138/2167
f 2055/2140/2169 2054/2139/2168 2057/2142/2171
f 2035/2120/2149 2055/2140/2169 2058/2143/2172
f 2058/2143/2172 2055/2140/2169 2057/2142/2171
f 2057/2142/2171 2054/2139/2168 2059/2144/2173
f 2059/2144/2173 2054/2139/2168 2056/2141/2170
f 2058/2143/2172 2057/2142/2171 2060/2145/2174
f 2060/2145/2174 2057/2142/2171 2059/2144/2173
f 2035/2120/2149 2058/2143/2172 2061/2146/2175
f 2061/2146/2175 2058/2143/2172 2060/2145/2174
f 2035/2120/2149 2061/2146/2175 2062/2147/2176
f 2035/2120/2149 2062/2147/2176 2024/2109/2138
f 2024/2109/2138 2062/2147/2176 2063/2148/2177
f 2063/2148/2177 2062/2147/2176 2061/2146/2175
f 2024/2109/2138 2063/2148/2177 2013/2098/2123
f 2061/2146/2175 2060/2145/2174 2064/2149/2178
f 2013/2098/2123 2063/2148/2177 2065/2150/2179
f 2065/2150/2179 2063/2148/2177 2061/2146/2175
f 2013/2098/2123 2065/2150/2179 2005/2090/2112
f 2061/2146/2175 2064/2149/2178 2066/2151/2180
f 2061/2146/2175 2066/2151/2180 2065/2150/2179
f 2064/2149/2178 2060/2145/2174 2067/2152/2181
f 2064/2149/2178 2067/2152/2181 2066/2151/2180
f 2067/2152/2181 2060/2145/2174 2059/2144/2173
f 2005/2090/2112 2065/2150/2179 2068/2153/2182
f 2005/2090/2112 2068/2153/2182 2069/2154/2183
f 2005/2090/2112 2069/2154/2183 2002/2087/2109
f 2068/2153/2182 2065/2150/2179 2070/2155/2184
f 2068/2153/2182 2070/2155/2184 2069/2154/2183
f 2071/2156/2185 2065/2150/2179 2066/2151/2180
f 2065/2150/2179 2071/2156/2185 2070/2155/2184
f 2071/2156/2185 2066/2151/2180 2072/2157/2186
f 2072/2157/2186 2066/2151/2180 2067/2152/2181
f 2071/2156/2185 2072/2157/2186 2073/2158/2187
f 2071/2156/2185 2073/2158/2187 2070/2155/2184
f 2072/2157/2186 2067/2152/2181 2074/2159/2188
f 2072/2157/2186 2074/2159/2188 2073/2158/2187
f 2070/2155/2184 2073/2158/2187 2075/2160/2189
f 2075/2160/2189 2073/2158/2187 2076/2161/2190
f 2076/2161/2190 2073/2158/2187 2074/2159/2188
f 2070/2155/2184 2075/2160/2189 2077/2162/2191
f 2077/2162/2191 2075/2160/2189 2076/2161/2190
f 2078/2163/2192 2069/2154/2183 2070/2155/2184
f 2078/2163/2192 2070/2155/2184 2077/2162/2191
f 2077/2162/2191 2076/2161/2190 2079/2164/2193
f 2069/2154/2183 2078/2163/2192 2080/2165/2194
f 2069/2154/2183 2080/2165/2194 2002/2087/2109
f 2002/2087/2109 2080/2165/2194 2000/2085/2107
f 2078/2163/2192 2077/2162/2191 2081/2166/2195
f 2078/2163/2192 2081/2166/2195 2080/2165/2194
f 2077/2162/2191 2079/2164/2193 2082/2167/2196
f 2077/2162/2197 2082/2167/2197 2081/2166/2197
f 2083/2168/2198 2079/2164/2193 2076/2161/2190
f 2079/2164/2193 2083/2168/2198 2082/2167/2196
f 2000/2085/2107 2080/2165/2194 2084/2169/2199
f 2000/2085/2107 2084/2169/2199 2001/2086/2108
f 2080/2165/2194 2081/2166/2195 2085/2170/2200
f 2084/2169/2199 2080/2165/2194 2086/2171/2201
f 2086/2171/2201 2080/2165/2194 2085/2170/2200
f 2084/2169/2199 2086/2171/2201 2087/2172/2202
f 2084/2169/2199 2087/2172/2202 2001/2086/2108
f 2086/2171/2201 2085/2170/2200 2088/2173/2203
f 2085/2170/2200 2081/2166/2195 2089/2174/2204
f 2089/2174/2204 2081/2166/2195 2082/2167/2196
f 2085/2170/2200 2089/2174/2204 2090/2175/2205
f 2085/2170/2200 2090/2175/2205 2088/2173/2203
f 2087/2172/2202 2086/2171/2201 2091/2176/2206
f 2091/2176/2206 2086/2171/2201 2088/2173/2203
f 2087/2172/2202 2091/2176/2206 2092/2177/2207
f 2087/2172/2202 2092/2177/2207 2093/2178/2208
f 2087/2172/2202 2093/2178/2208 2001/2086/2108
f 2092/2177/2207 2091/2176/2206 2094/2179/2209
f 2094/2179/2210 2091/2176/2211 2088/2173/2212
f 2092/2177/2207 2094/2179/2209 2095/2180/2213
f 2092/2177/2207 2095/2180/2213 2093/2178/2208
f 2094/2179/2210 2088/2173/2212 2096/2181/2214
f 2094/2179/2209 2096/2181/2215 2095/2180/2213
f 2097/2182/2216 2088/2173/2203 2090/2175/2205
f 2088/2173/2203 2097/2182/2216 2096/2181/2217
f 2098/2183/2218 2001/2086/2108 2093/2178/2208
f 2001/2086/2108 2098/2183/2218 1979/2062/2084
f 1979/2062/2084 2098/2183/2218 1980/2063/2085
f 1980/2063/2085 2098/2183/2218 2099/2184/2219
f 2099/2184/2219 2098/2183/2218 2093/2178/2208
f 1980/2063/2085 2099/2184/2219 1981/2064/2086
f 1981/2064/2086 2099/2184/2219 1984/2067/2089
f 1984/2067/2089 2099/2184/2219 2093/2178/2208
f 1984/2067/2089 2093/2178/2208 2095/2180/2213
f 1984/2067/2089 2095/2180/2213 2100/2185/2220
f 1984/2067/2089 2100/2185/2220 813/2069/844
f 813/2069/844 2100/2185/2220 817/2186/848
f 817/2186/848 2100/2185/2220 2101/2187/2221
f 2101/2187/2221 2100/2185/2220 2095/2180/2213
f 817/2186/848 2101/2187/2221 819/2188/850
f 2101/2187/2221 2095/2180/2213 2102/2189/2222
f 2101/2187/2221 2102/2189/2222 819/2188/850
f 2102/2189/2222 2095/2180/2213 2096/2181/2215
f 819/2188/850 2102/2189/2222 2103/2190/2223
f 2103/2190/2224 2102/2189/2224 2096/2181/2224
f 2103/2190/2223 2096/2181/2217 2104/2191/2225
f 2104/2191/2225 2096/2181/2217 2097/2182/2216
f 819/2188/850 2103/2190/2223 2105/2192/2226
f 819/2188/850 2105/2192/2226 823/2193/854
f 2103/2190/2223 2104/2191/2225 2106/2194/2227
f 2106/2194/2227 2104/2191/2225 2097/2182/2216
f 2103/2190/2223 2106/2194/2227 2105/2192/2226
f 823/2193/854 2105/2192/2226 828/2195/859
f 828/2195/859 2105/2192/2226 2107/2196/2228
f 828/2195/859 2107/2196/2228 832/2197/863
f 2107/2196/2228 2105/2192/2226 2108/2198/2229
f 2107/2196/2228 2108/2198/2229 832/2197/863
f 2108/2198/2229 2105/2192/2226 2106/2194/2227
f 832/2197/863 2108/2198/2229 2109/2199/2230
f 832/2197/863 2109/2199/2230 836/2200/867
f 2108/2198/2229 2106/2194/2227 2110/2201/2231
f 2108/2198/2229 2110/2201/2231 2109/2199/2230
f 2110/2201/2231 2106/2194/2227 2111/2202/2232
f 2111/2202/2232 2106/2194/2227 2097/2182/2216
f 2109/2199/2230 2110/2201/2231 2112/2203/2233
f 2112/2203/2233 2110/2201/2231 2111/2202/2232
f 2111/2202/2232 2097/2182/2216 2113/2204/2234
f 2111/2202/2232 2113/2204/2234 2112/2203/2233
f 2113/2204/2234 2097/2182/2216 2090/2175/2205
f 2109/2199/2230 2112/2203/2233 2114/2205/2235
f 2109/2199/2230 2114/2205/2235 836/2200/867
f 2113/2204/2236 2090/2175/2236 2115/2206/2236
f 2115/2206/2237 2090/2175/2205 2089/2174/2204
f 2112/2203/2233 2113/2204/2234 2116/2207/2238
f 2115/2206/2237 2089/2174/2204 2117/2208/2239
f 2117/2208/2239 2089/2174/2204 2082/2167/2196
f 2117/2208/2239 2082/2167/2196 2118/2209/2240
f 2118/2209/2240 2082/2167/2196 2083/2168/2198
f 2117/2208/2239 2118/2209/2240 2119/2210/2241
f 2119/2210/2241 2118/2209/2240 2083/2168/2198
f 2115/2206/2237 2117/2208/2239 2120/2211/2242
f 2120/2211/2242 2117/2208/2239 2119/2210/2241
f 2121/2212/2243 2113/2204/2234 2115/2206/2237
f 2121/2212/2243 2115/2206/2237 2120/2211/2242
f 2113/2204/2234 2121/2212/2243 2116/2207/2238
f 2122/2213/2244 2112/2203/2233 2116/2207/2238
f 2112/2203/2233 2122/2213/2244 2114/2205/2235
f 2116/2207/2238 2121/2212/2243 2123/2214/2245
f 2122/2213/2244 2116/2207/2238 2124/2215/2246
f 2124/2215/2246 2116/2207/2238 2123/2214/2245
f 2122/2213/2244 2124/2215/2246 2125/2216/2247
f 2122/2213/2244 2125/2216/2247 2114/2205/2235
f 2126/2217/2248 2121/2212/2243 2120/2211/2242
f 2121/2212/2243 2126/2217/2248 2123/2214/2245
f 2126/2217/2248 2120/2211/2242 2127/2218/2249
f 2127/2218/2249 2120/2211/2242 2119/2210/2241
f 2123/2214/2245 2126/2217/2248 2128/2219/2250
f 2128/2219/2250 2126/2217/2248 2129/2220/2251
f 2129/2220/2251 2126/2217/2248 2127/2218/2249
f 2123/2214/2245 2128/2219/2250 2130/2221/2252
f 2127/2218/2249 2119/2210/2241 2131/2222/2253
f 2127/2218/2249 2131/2222/2253 2132/2223/2254
f 2131/2222/2253 2119/2210/2241 2133/2224/2255
f 2131/2222/2256 2133/2224/2256 2132/2223/2256
f 2133/2224/2255 2119/2210/2241 2134/2225/2257
f 2134/2225/2257 2119/2210/2241 2083/2168/2198
f 2133/2224/2255 2134/2225/2257 2135/2226/2258
f 2135/2226/2258 2134/2225/2257 2083/2168/2198
f 2127/2218/2249 2132/2223/2254 2136/2227/2259
f 2127/2218/2249 2136/2227/2259 2129/2220/2251
f 2136/2227/2260 2132/2223/2260 2137/2228/2260
f 2136/2227/2259 2137/2228/2261 2129/2220/2251
f 2138/2229/2262 2132/2223/2263 2133/2224/2255
f 2135/2226/2258 2083/2168/2198 2139/2230/2264
f 2139/2230/2264 2083/2168/2198 2076/2161/2190
f 2135/2226/2258 2139/2230/2264 2140/2231/2265
f 2141/2232/2266 2133/2224/2255 2135/2226/2258
f 2141/2232/2266 2135/2226/2258 2140/2231/2265
f 2133/2224/2255 2141/2232/2266 2138/2229/2262
f 2139/2230/2264 2076/2161/2190 2074/2159/2188
f 2140/2231/2265 2139/2230/2264 2142/2233/2267
f 2140/2231/2265 2142/2233/2267 2141/2232/2266
f 2142/2233/2267 2139/2230/2264 2074/2159/2188
f 2138/2229/2262 2141/2232/2266 2143/2234/2268
f 2142/2233/2267 2074/2159/2188 2144/2235/2269
f 2144/2235/2269 2074/2159/2188 2145/2236/2270
f 2144/2235/2269 2145/2236/2270 2142/2233/2267
f 2145/2236/2270 2074/2159/2188 2146/2237/2271
f 2146/2237/2271 2074/2159/2188 2067/2152/2181
f 2146/2237/2271 2067/2152/2181 2059/2144/2173
f 2146/2237/2271 2059/2144/2173 2147/2238/2272
f 2147/2238/2272 2059/2144/2173 2056/2141/2170
f 2145/2236/2270 2146/2237/2271 2148/2239/2273
f 2148/2239/2273 2146/2237/2271 2147/2238/2272
f 2149/2240/2274 2142/2233/2267 2145/2236/2270
f 2149/2240/2274 2145/2236/2270 2148/2239/2273
f 2147/2238/2272 2056/2141/2170 2150/2241/2275
f 2150/2241/2275 2056/2141/2170 2053/2138/2167
f 2148/2239/2273 2147/2238/2272 2151/2242/2276
f 2151/2242/2276 2147/2238/2272 2150/2241/2275
f 2150/2241/2275 2053/2138/2167 2152/2243/2277
f 2152/2243/2277 2053/2138/2167 2051/2136/2165
f 2150/2241/2275 2152/2243/2277 2153/2244/2278
f 2150/2241/2275 2153/2244/2278 2151/2242/2276
f 2152/2243/2277 2051/2136/2165 2154/2245/2279
f 2152/2243/2277 2154/2245/2279 2153/2244/2278
f 2154/2245/2279 2051/2136/2165 2155/2246/2280
f 2156/2247/2281 2148/2239/2273 2151/2242/2276
f 2148/2239/2273 2156/2247/2281 2149/2240/2274
f 2151/2242/2276 2153/2244/2278 2157/2248/2282
f 2156/2247/2281 2151/2242/2276 2158/2249/2283
f 2158/2249/2283 2151/2242/2276 2157/2248/2282
f 2157/2248/2282 2153/2244/2278 2159/2250/2284
f 2157/2248/2282 2159/2250/2284 2158/2249/2283
f 2160/2251/2285 2153/2244/2278 2154/2245/2279
f 2160/2251/2285 2154/2245/2279 2155/2246/2280
f 2159/2250/2284 2153/2244/2278 2161/2252/2286
f 2161/2252/2286 2153/2244/2278 2160/2251/2285
f 2159/2250/2284 2161/2252/2286 2162/2253/2287
f 2158/2249/2283 2159/2250/2284 2163/2254/2288
f 2163/2254/2288 2159/2250/2284 2162/2253/2287
f 2158/2249/2283 2163/2254/2288 2164/2255/2289
f 2158/2249/2290 2164/2255/2290 2156/2247/2290
f 2160/2251/2285 2155/2246/2280 2165/2256/2291
f 2161/2252/2286 2160/2251/2285 2166/2256/2292
f 2166/2256/2292 2160/2251/2285 2165/2256/2291
f 2165/2256/2291 2155/2246/2280 2167/2257/2293
f 2165/2256/2291 2167/2257/2293 2166/2256/2292
f 2167/2257/2293 2155/2246/2280 2168/2258/2294
f 2168/2258/2294 2155/2246/2280 2048/2133/2162
f 2048/2133/2162 2155/2246/2280 2051/2136/2165
f 2167/2257/2293 2168/2258/2294 2169/2259/2295
f 2167/2257/2293 2169/2259/2295 2166/2256/2292
f 2168/2258/2294 2048/2133/2162 2170/2260/2296
f 2168/2258/2294 2170/2260/2296 2169/2259/2295
f 2170/2260/2296 2048/2133/2162 2171/2261/2297
f 2171/2261/2297 2048/2133/2162 1875/1924/1980
f 2171/2261/2297 1875/1924/1980 1872/1921/1977
f 2171/2261/2297 1872/1921/1977 1869/1918/1974
f 2171/2261/2297 1869/1918/1974 2170/2260/2296
f 2170/2260/2296 1869/1918/1974 2169/2259/2295
f 2169/2259/2295 1869/1918/1974 2172/2262/2298
f 2172/2262/2298 1869/1918/1974 1856/1905/1961
f 2172/2262/2298 1856/1905/1961 1846/1895/1951
f 2169/2259/2295 2172/2262/2298 2173/2263/2299
f 2173/2263/2299 2172/2262/2298 1846/1895/1951
f 2169/2259/2295 2173/2263/2299 2174/2264/2300
f 2169/2259/2295 2174/2264/2300 2166/2256/2292
f 2173/2263/2299 1846/1895/1951 2175/2265/2301
f 2173/2263/2299 2175/2265/2301 2174/2264/2300
f 2175/2265/2301 1846/1895/1951 1845/1894/1949
f 2166/2256/2292 2174/2264/2300 2176/2266/2302
f 2176/2266/2302 2174/2264/2300 2175/2265/2301
f 2175/2265/2301 1845/1894/1949 2177/2267/2303
f 2175/2265/2301 2177/2267/2303 2176/2266/2302
f 2177/2267/2303 1845/1894/1949 1844/1893/1950
f 2177/2267/2303 1844/1893/1950 2178/2268/2304
f 2178/2268/2304 1844/1893/1950 1847/1896/1952
f 2176/2266/2302 2177/2267/2303 2179/2269/2305
f 2179/2269/2305 2177/2267/2303 2178/2268/2304
f 2180/2270/2306 2166/2256/2292 2176/2266/2302
f 2180/2270/2306 2176/2266/2302 2179/2269/2305
f 2166/2256/2292 2180/2270/2306 2181/2271/2307
f 2166/2256/2292 2181/2271/2307 2161/2252/2286
f 2180/2270/2306 2179/2269/2305 2182/2272/2308
f 2180/2270/2306 2182/2272/2308 2181/2271/2307
f 2179/2269/2305 2178/2268/2304 2183/2273/2309
f 2179/2269/2305 2183/2273/2309 2182/2272/2308
f 2161/2252/2286 2181/2271/2307 2162/2253/2287
f 2183/2273/2310 2178/2268/2310 2184/2274/2310
f 2184/2274/2311 2178/2268/2304 1847/1896/1952
f 2182/2272/2308 2183/2273/2309 2185/2275/2312
f 2184/2274/2311 1847/1896/1952 2186/2276/2313
f 2186/2276/2313 1847/1896/1952 1829/1878/1927
f 2183/2273/2309 2184/2274/2314 2187/2277/2315
f 2183/2273/2309 2187/2277/2315 2185/2275/2312
f 2186/2276/2313 1829/1878/1927 2188/2278/2316
f 2187/2277/2315 2184/2274/2314 2189/2279/2317
f 2189/2279/2318 2184/2274/2318 2186/2276/2318
f 2188/2278/2316 1829/1878/1927 1826/1875/1922
f 2186/2276/2313 2188/2278/2316 2190/2280/2319
f 2186/2276/2320 2190/2280/2320 2189/2279/2320
f 2190/2280/2319 2188/2278/2316 1826/1875/1922
f 2187/2277/2315 2189/2279/2317 2191/2281/2321
f 2189/2279/2317 2190/2280/2322 2192/2282/2323
f 2189/2279/2317 2192/2282/2323 2191/2281/2321
f 2187/2277/2315 2191/2281/2321 2193/2283/2324
f 2187/2277/2315 2193/2283/2324 2185/2275/2312
f 2191/2281/2321 2192/2282/2323 2194/2284/2325
f 2193/2283/2324 2191/2281/2321 2195/2285/2326
f 2195/2285/2326 2191/2281/2321 2194/2284/2325
f 2185/2275/2312 2193/2283/2324 2196/2286/2327
f 2193/2283/2324 2195/2285/2326 2197/2287/2328
f 2193/2283/2324 2197/2287/2328 2196/2286/2327
f 2185/2275/2312 2196/2286/2327 2198/2288/2329
f 2185/2275/2312 2198/2288/2329 2182/2272/2308
f 2182/2272/2308 2198/2288/2329 2181/2271/2307
f 2181/2271/2307 2198/2288/2329 2199/2289/2330
f 2199/2289/2330 2198/2288/2329 2196/2286/2327
f 2181/2271/2307 2199/2289/2330 2162/2253/2287
f 2199/2289/2330 2196/2286/2327 2200/2286/2331
f 2200/2286/2331 2196/2286/2327 2197/2287/2328
f 2200/2286/2331 2197/2287/2328 2199/2289/2330
f 2162/2253/2287 2199/2289/2330 2201/2290/2332
f 2201/2290/2332 2199/2289/2330 2197/2287/2328
f 2162/2253/2287 2201/2290/2332 2202/2291/2333
f 2162/2253/2287 2202/2291/2333 2163/2254/2288
f 2202/2291/2333 2201/2290/2332 2203/2292/2334
f 2163/2254/2288 2202/2291/2333 2204/2293/2335
f 2163/2254/2288 2204/2293/2335 2164/2255/2289
f 2204/2293/2335 2202/2291/2333 2205/2294/2336
f 2205/2294/2336 2202/2291/2333 2203/2292/2334
f 2164/2255/2289 2204/2293/2335 2206/2295/2337
f 2206/2295/2337 2204/2293/2335 2205/2294/2336
f 2207/2296/2338 2201/2290/2332 2197/2287/2328
f 2201/2290/2332 2207/2296/2338 2203/2292/2334
f 2205/2294/2336 2203/2292/2334 2208/2297/2339
f 2205/2294/2336 2208/2297/2339 2206/2295/2337
f 2208/2297/2339 2203/2292/2334 2209/2298/2340
f 2203/2292/2334 2207/2296/2338 2210/2299/2341
f 2203/2292/2334 2210/2299/2341 2209/2298/2340
f 2207/2296/2338 2197/2287/2328 2211/2300/2342
f 2210/2299/2341 2207/2296/2338 2212/2301/2343
f 2212/2301/2343 2207/2296/2338 2211/2300/2342
f 2211/2300/2342 2197/2287/2328 2213/2302/2344
f 2213/2302/2344 2197/2287/2328 2195/2285/2326
f 2213/2302/2344 2195/2285/2326 2214/2303/2345
f 2214/2303/2345 2195/2285/2326 2194/2284/2325
f 2211/2300/2342 2213/2302/2344 2215/2304/2346
f 2215/2304/2346 2213/2302/2344 2214/2303/2345
f 2212/2301/2343 2211/2300/2342 2216/2305/2347
f 2216/2305/2347 2211/2300/2342 2215/2304/2346
f 2215/2304/2346 2214/2303/2345 2217/2306/2348
f 2215/2304/2346 2217/2306/2348 2216/2305/2347
f 2214/2303/2345 2194/2284/2325 2218/2307/2349
f 2214/2303/2345 2218/2307/2349 2217/2306/2348
f 2218/2307/2349 2194/2284/2325 2219/2308/2350
f 2219/2308/2350 2194/2284/2325 2192/2282/2323
f 2217/2306/2348 2218/2307/2349 2220/2309/2351
f 2219/2308/2350 2192/2282/2323 2221/2310/2352
f 2221/2310/2352 2192/2282/2323 2190/2280/2322
f 2218/2307/2349 2219/2308/2350 2222/2311/2353
f 2218/2307/2349 2222/2311/2353 2220/2309/2351
f 2219/2308/2350 2221/2310/2352 2223/2312/2354
f 2219/2308/2350 2223/2312/2354 2222/2311/2353
f 2221/2310/2352 2190/2280/2322 2224/2313/2355
f 2221/2310/2352 2224/2313/2355 2223/2312/2354
f 2224/2313/2356 2190/2280/2356 1826/1875/2356
f 2222/2311/2353 2223/2312/2354 1752/1791/1834
f 1752/1791/1834 2223/2312/2354 1755/1794/1837
f 2222/2311/2353 1752/1791/1834 1756/1795/1839
f 2222/2311/2353 1756/1795/1839 2220/2309/2351
f 1755/1794/2357 2223/2312/2358 2225/2314/2359
f 2225/2314/2360 2223/2312/2360 2224/2313/2360
f 1755/1794/2357 2225/2314/2359 1758/1797/2361
f 1758/1797/1845 2225/2314/2362 1800/1844/1889
f 2225/2314/2362 2224/2313/2363 2226/2315/2364
f 2225/2314/2362 2226/2315/2364 1800/1844/1889
f 2226/2315/2364 2224/2313/2363 1826/1875/1922
f 1800/1844/1889 2226/2315/2364 1807/1854/1899
f 2226/2315/2364 1826/1875/1922 1813/1861/1908
f 2226/2315/2364 1813/1861/1908 1807/1854/1899
f 2227/2316/2365 2220/2309/2351 1756/1795/1839
f 2220/2309/2351 2227/2316/2365 2217/2306/2348
f 2217/2306/2348 2227/2316/2365 2216/2305/2347
f 2227/2316/2365 1756/1795/1839 2228/2317/2366
f 2216/2305/2347 2227/2316/2365 2229/2318/2367
f 2229/2318/2367 2227/2316/2365 2228/2317/2366
f 2216/2305/2347 2229/2318/2367 2230/2319/2368
f 2228/2317/2366 1756/1795/1839 2231/2320/2369
f 2229/2318/2367 2228/2317/2366 2232/2321/2370
f 2229/2318/2367 2232/2321/2370 2230/2319/2368
f 2232/2321/2370 2228/2317/2366 2231/2320/2369
f 2231/2320/2369 1756/1795/1839 1751/1790/1833
f 2216/2305/2347 2230/2319/2368 2233/2322/2371
f 2233/2322/2371 2230/2319/2368 2232/2321/2370
f 2216/2305/2347 2233/2322/2371 2212/2301/2343
f 2212/2301/2343 2233/2322/2371 2234/2323/2372
f 2212/2301/2343 2234/2323/2372 2210/2299/2341
f 2234/2323/2372 2233/2322/2371 2235/2324/2373
f 2235/2324/2373 2233/2322/2371 2232/2321/2370
f 2210/2299/2341 2234/2323/2372 2236/2325/2374
f 2210/2299/2341 2236/2325/2374 2209/2298/2340
f 2236/2325/2374 2234/2323/2372 2237/2326/2375
f 2237/2326/2375 2234/2323/2372 2235/2324/2373
f 2209/2298/2340 2236/2325/2374 2238/2327/2376
f 2238/2327/2376 2236/2325/2374 2237/2326/2375
f 2237/2326/2375 2235/2324/2373 2239/2328/2377
f 2237/2326/2375 2239/2328/2377 2238/2327/2376
f 2240/2329/2378 2235/2324/2373 2232/2321/2370
f 2239/2328/2379 2235/2324/2379 2241/2330/2379
f 2241/2330/2380 2235/2324/2373 2240/2329/2378
f 2238/2327/2376 2239/2328/2377 2242/2331/2381
f 2243/2332/2382 2209/2298/2340 2238/2327/2376
f 2243/2332/2382 2238/2327/2376 2242/2331/2381
f 2209/2298/2340 2243/2332/2382 2244/2333/2383
f 2209/2298/2340 2244/2333/2383 2208/2297/2339
f 2208/2297/2339 2244/2333/2383 2206/2295/2337
f 2244/2333/2383 2243/2332/2382 2245/2334/2384
f 2244/2333/2383 2245/2334/2384 2206/2295/2337
f 2245/2334/2384 2243/2332/2382 2246/2335/2385
f 2246/2335/2385 2243/2332/2382 2242/2331/2381
f 2206/2295/2337 2245/2334/2384 2247/2336/2386
f 2245/2334/2384 2246/2335/2385 2248/2337/2387
f 2245/2334/2384 2248/2337/2387 2247/2336/2386
f 2246/2335/2385 2242/2331/2381 2249/2338/2388
f 2246/2335/2385 2249/2338/2388 2248/2337/2387
f 2250/2339/2389 2242/2331/2381 2239/2328/2377
f 2250/2339/2389 2239/2328/2377 2241/2330/2390
f 2249/2338/2388 2242/2331/2381 2251/2340/2391
f 2251/2340/2391 2242/2331/2381 2250/2339/2389
f 2248/2337/2387 2249/2338/2388 2252/2341/2392
f 2250/2339/2389 2241/2330/2390 2253/2342/2393
f 2249/2338/2388 2251/2340/2391 2254/2343/2394
f 2249/2338/2388 2254/2343/2394 2252/2341/2392
f 2251/2340/2391 2250/2339/2389 2255/2344/2395
f 2255/2344/2395 2250/2339/2389 2253/2342/2393
f 2254/2343/2394 2251/2340/2391 2256/2345/2396
f 2256/2345/2396 2251/2340/2391 2255/2344/2395
f 2252/2341/2392 2254/2343/2394 2257/2346/2397
f 2254/2343/2394 2256/2345/2396 2258/2347/2398
f 2254/2343/2394 2258/2347/2398 2257/2346/2397
f 2258/2347/2398 2256/2345/2396 2259/2348/2399
f 2256/2345/2396 2255/2344/2395 2260/2349/2400
f 2256/2345/2396 2260/2349/2400 2259/2348/2399
f 2260/2349/2400 2255/2344/2395 2261/2350/2401
f 2261/2350/2401 2255/2344/2395 2253/2342/2393
f 2259/2348/2399 2260/2349/2400 2262/2351/2402
f 2260/2349/2400 2261/2350/2401 2263/2352/2403
f 2260/2349/2400 2263/2352/2403 2262/2351/2402
f 2261/2350/2401 2253/2342/2393 2264/2353/2404
f 2261/2350/2401 2264/2353/2404 2263/2352/2403
f 2265/2354/2405 2258/2347/2398 2259/2348/2399
f 2259/2348/2399 2262/2351/2402 2266/2355/2406
f 2259/2348/2399 2266/2355/2406 2265/2354/2405
f 2258/2347/2398 2265/2354/2405 2267/2356/2407
f 2258/2347/2398 2267/2356/2407 2257/2346/2397
f 2267/2356/2407 2265/2354/2405 2268/2357/2408
f 2265/2354/2405 2266/2355/2406 2269/2358/2409
f 2265/2354/2405 2269/2358/2409 2268/2357/2408
f 2266/2355/2406 2262/2351/2402 2270/2359/2410
f 2269/2358/2411 2266/2355/2411 2271/2360/2411
f 2271/2360/2412 2266/2355/2406 2270/2359/2410
f 2270/2359/2410 2262/2351/2402 2272/2361/2413
f 2272/2361/2413 2262/2351/2402 2263/2352/2403
f 2270/2359/2410 2272/2361/2413 2273/2362/2414
f 2270/2359/2415 2273/2362/2415 2271/2360/2415
f 2272/2361/2413 2263/2352/2403 2274/2363/2416
f 2274/2363/2416 2263/2352/2403 2264/2353/2404
f 2273/2362/2414 2272/2361/2413 2275/2364/2417
f 2275/2364/2417 2272/2361/2413 2274/2363/2416
f 2273/2362/2414 2275/2364/2417 2276/2365/2418
f 2271/2360/2419 2273/2362/2414 2277/2366/2420
f 2277/2366/2420 2273/2362/2414 2276/2365/2418
f 2275/2364/2417 2274/2363/2416 2278/2367/2421
f 2274/2363/2416 2264/2353/2404 2279/2368/2422
f 2274/2363/2416 2279/2368/2422 2278/2367/2421
f 2271/2360/2419 2277/2366/2420 2280/2369/2423
f 2276/2365/2418 2275/2364/2417 2281/2370/2424
f 2281/2370/2424 2275/2364/2417 2278/2367/2421
f 2276/2365/2418 2281/2370/2424 2282/2371/2425
f 2282/2371/2425 2281/2370/2424 2283/2372/2426
f 2276/2365/2418 2282/2371/2425 2284/2373/2427
f 2284/2373/2427 2282/2371/2425 2283/2372/2426
f 2285/2374/2428 2277/2366/2420 2276/2365/2418
f 2285/2374/2428 2276/2365/2418 2284/2373/2427
f 2277/2366/2420 2285/2374/2428 2286/2375/2429
f 2277/2366/2420 2286/2375/2429 2280/2369/2423
f 2285/2374/2428 2284/2373/2427 2287/2376/2430
f 2285/2374/2428 2287/2376/2430 2286/2375/2429
f 2280/2369/2423 2286/2375/2429 2288/2377/2431
f 2286/2375/2429 2287/2376/2430 2289/2378/2432
f 2286/2375/2433 2289/2378/2432 2288/2377/2431
f 2280/2369/2423 2288/2377/2431 2290/2379/2434
f 2290/2379/2434 2288/2377/2431 2289/2378/2432
f 2291/2380/2435 2271/2360/2419 2280/2369/2423
f 2291/2380/2435 2280/2369/2423 2290/2379/2434
f 2271/2360/2436 2291/2380/2436 2269/2358/2436
f 2292/2381/2437 2287/2376/2430 2284/2373/2427
f 2293/2382/2438 2289/2378/2432 2287/2376/2430
f 2293/2382/2438 2287/2376/2430 2292/2381/2437
f 2292/2381/2437 2284/2373/2427 2294/2383/2439
f 2294/2383/2439 2284/2373/2427 2283/2372/2426
f 2293/2382/2438 2292/2381/2437 2295/2384/2440
f 2289/2378/2432 2293/2382/2438 2296/2385/2441
f 2296/2385/2441 2293/2382/2438 2295/2384/2440
f 2292/2381/2442 2294/2383/2439 2297/2386/2443
f 2292/2381/2437 2297/2386/2443 2295/2384/2440
f 2294/2383/2439 2283/2372/2426 2298/2387/2444
f 2294/2383/2439 2298/2387/2444 2297/2386/2443
f 2289/2378/2432 2296/2385/2441 2299/2388/2445
f 2298/2387/2444 2283/2372/2426 2300/2389/2446
f 2296/2385/2441 2295/2384/2440 2301/2390/2447
f 2296/2385/2441 2301/2390/2447 2302/2391/2448
f 2296/2385/2441 2302/2391/2448 2299/2388/2445
f 2301/2390/2447 2295/2384/2440 2303/2392/2449
f 2304/2393/2450 2295/2384/2440 2297/2386/2443
f 2295/2384/2440 2304/2393/2450 2303/2392/2449
f 2305/2394/2451 2297/2386/2443 2298/2387/2444
f 2297/2386/2443 2305/2394/2451 2304/2393/2450
f 2301/2390/2447 2303/2392/2449 2306/2395/2452
f 2301/2390/2453 2306/2395/2453 2302/2391/2453
f 2306/2395/2452 2303/2392/2449 2307/2396/2454
f 2302/2391/2455 2306/2395/2456 2308/2397/2457
f 2308/2397/2458 2306/2395/2458 2307/2396/2458
f 2309/2398/2459 2303/2392/2449 2304/2393/2450
f 2303/2392/2449 2309/2398/2459 2307/2396/2454
f 2310/2399/2460 2304/2393/2450 2305/2394/2451
f 2304/2393/2450 2310/2399/2460 2309/2398/2459
f 2302/2391/2455 2308/2397/2457 2311/2400/2461
f 2308/2397/2462 2307/2396/2463 2312/2401/2464
f 2308/2397/2462 2312/2401/2464 2311/2400/2465
f 2302/2391/2448 2311/2400/2465 2313/2402/2466
f 2302/2391/2448 2313/2402/2466 2299/2388/2445
f 2311/2400/2465 2312/2401/2464 2314/2403/2467
f 2312/2401/2464 2307/2396/2463 2315/2404/2468
f 2312/2401/2464 2315/2404/2468 2314/2403/2467
f 2316/2405/2469 2307/2396/2469 2309/2398/2469
f 2307/2396/2470 2316/2405/2470 2315/2404/2470
f 2316/2405/2471 2309/2398/2459 2317/2406/2472
f 2317/2406/2472 2309/2398/2459 2310/2399/2460
f 2315/2404/2468 2316/2405/2471 2318/2407/2473
f 2318/2407/2473 2316/2405/2471 2317/2406/2472
f 2317/2406/2472 2310/2399/2460 2319/2408/2474
f 2320/2409/2475 2311/2400/2465 2314/2403/2467
f 2311/2400/2465 2320/2409/2475 2313/2402/2466
f 2321/2410/2476 2314/2403/2467 2315/2404/2468
f 2313/2402/2466 2320/2409/2475 2322/2411/2477
f 2320/2409/2475 2314/2403/2467 2323/2412/2478
f 2313/2402/2466 2322/2411/2477 2324/2413/2479
f 2313/2402/2466 2324/2413/2479 2325/2414/2480
f 2313/2402/2466 2325/2414/2480 2299/2388/2445
f 2299/2388/2445 2325/2414/2480 2326/2415/2481
f 2326/2415/2481 2325/2414/2480 2324/2413/2479
f 2299/2388/2445 2326/2415/2481 2289/2378/2432
f 2289/2378/2432 2326/2415/2481 2290/2379/2434
f 2326/2415/2481 2324/2413/2479 2327/2416/2482
f 2326/2415/2481 2327/2416/2482 2290/2379/2434
f 2328/2417/2483 2324/2413/2479 2322/2411/2477
f 2324/2413/2479 2328/2417/2484 2329/2418/2485
f 2324/2413/2479 2329/2418/2485 2327/2416/2482
f 2328/2417/2483 2322/2411/2477 2330/2419/2486
f 2328/2417/2483 2330/2419/2486 2329/2418/2485
f 2290/2379/2434 2327/2416/2482 2331/2420/2487
f 2290/2379/2434 2331/2420/2487 2291/2380/2435
f 2327/2416/2482 2329/2418/2485 2332/2421/2488
f 2331/2420/2487 2327/2416/2482 2333/2422/2489
f 2333/2422/2489 2327/2416/2482 2332/2421/2488
f 2332/2421/2488 2329/2418/2485 2334/2423/2490
f 2334/2423/2490 2329/2418/2485 2330/2419/2486
f 2291/2380/2435 2331/2420/2487 2335/2424/2491
f 2335/2424/2491 2331/2420/2487 2333/2422/2489
f 2291/2380/2492 2335/2424/2493 2336/2425/2494
f 2333/2422/2489 2332/2421/2488 2337/2426/2495
f 2332/2421/2488 2334/2423/2490 2338/2427/2496
f 2332/2421/2488 2338/2427/2496 2337/2426/2495
f 2333/2422/2497 2337/2426/2498 2339/2428/2499
f 2333/2422/2497 2339/2428/2499 2335/2424/2500
f 2335/2424/2493 2339/2428/2501 2340/2429/2502
f 2335/2424/2493 2340/2429/2502 2336/2425/2494
f 2291/2380/2492 2336/2425/2494 2341/2430/2503
f 2291/2380/2492 2341/2430/2503 2269/2358/2409
f 2269/2358/2409 2341/2430/2503 2268/2357/2408
f 2341/2430/2503 2336/2425/2494 2342/2431/2504
f 2341/2430/2503 2342/2431/2504 2268/2357/2408
f 2336/2425/2494 2340/2429/2502 2343/2432/2505
f 2336/2425/2494 2343/2432/2505 2342/2431/2504
f 2268/2357/2506 2342/2431/2507 2344/2433/2508
f 2344/2433/2509 2342/2431/2504 2343/2432/2505
f 2268/2357/2506 2344/2433/2508 2345/2434/2510
f 2268/2357/2506 2345/2434/2510 2267/2356/2510
f 2267/2356/2407 2345/2434/2511 2346/2435/2512
f 2346/2435/2512 2345/2434/2511 2344/2433/2513
f 2267/2356/2407 2346/2435/2512 2257/2346/2397
f 2347/2436/2514 2343/2432/2505 2340/2429/2502
f 2344/2433/2509 2343/2432/2505 2348/2437/2515
f 2348/2437/2515 2343/2432/2505 2347/2436/2514
f 2344/2433/2516 2348/2437/2516 2349/2438/2516
f 2344/2433/2513 2349/2438/2517 2346/2435/2512
f 2257/2346/2397 2346/2435/2512 2350/2439/2518
f 2257/2346/2397 2350/2439/2518 2252/2341/2392
f 2252/2341/2392 2350/2439/2518 2351/2440/2519
f 2350/2439/2518 2346/2435/2512 2352/2441/2520
f 2350/2439/2518 2352/2441/2520 2351/2440/2519
f 2252/2341/2392 2351/2440/2519 2248/2337/2387
f 2248/2337/2387 2351/2440/2519 2353/2442/2521
f 2248/2337/2387 2353/2442/2521 2247/2336/2386
f 2354/2443/2522 2346/2435/2512 2349/2438/2517
f 2346/2435/2512 2354/2443/2522 2352/2441/2520
f 2354/2443/2522 2349/2438/2517 2355/2444/2523
f 2351/2440/2519 2352/2441/2520 2356/2445/2524
f 2353/2442/2521 2351/2440/2519 2357/2446/2525
f 2357/2446/2525 2351/2440/2519 2356/2445/2524
f 2353/2442/2521 2357/2446/2525 2358/2447/2526
f 2353/2442/2521 2358/2447/2526 2247/2336/2386
f 2357/2446/2525 2356/2445/2524 2359/2448/2527
f 2247/2336/2386 2358/2447/2526 2360/2449/2528
f 2247/2336/2386 2360/2449/2528 2206/2295/2337
f 2206/2295/2337 2360/2449/2528 2164/2255/2289
f 2358/2447/2526 2357/2446/2525 2361/2450/2529
f 2361/2450/2529 2357/2446/2525 2359/2448/2527
f 2360/2449/2528 2358/2447/2526 2362/2451/2530
f 2362/2451/2530 2358/2447/2526 2361/2450/2529
f 2164/2255/2289 2360/2449/2528 2363/2452/2531
f 2363/2452/2531 2360/2449/2528 2362/2451/2530
f 2164/2255/2289 2363/2452/2531 2156/2247/2281
f 2156/2247/2281 2363/2452/2531 2149/2240/2274
f 2149/2240/2274 2363/2452/2531 2362/2451/2530
f 2149/2240/2274 2362/2451/2530 2364/2453/2532
f 2364/2453/2532 2362/2451/2530 2361/2450/2529
f 2149/2240/2274 2364/2453/2532 2142/2233/2267
f 2142/2233/2267 2364/2453/2532 2141/2232/2266
f 2364/2453/2532 2361/2450/2529 2365/2454/2533
f 2364/2453/2532 2365/2454/2533 2141/2232/2266
f 2365/2454/2533 2361/2450/2529 2359/2448/2527
f 2141/2232/2266 2365/2454/2533 2143/2234/2268
f 2143/2234/2268 2365/2454/2533 2359/2448/2527
f 2143/2234/2268 2359/2448/2527 2366/2455/2534
f 2366/2455/2534 2359/2448/2527 2356/2445/2524
f 2366/2455/2534 2356/2445/2524 2352/2441/2520
f 2143/2234/2268 2366/2455/2534 2367/2456/2535
f 2143/2234/2268 2367/2456/2535 2138/2229/2262
f 2366/2455/2534 2352/2441/2520 2368/2457/2536
f 2366/2455/2534 2368/2457/2536 2367/2456/2535
f 2368/2457/2536 2352/2441/2520 2354/2443/2522
f 2138/2229/2262 2367/2456/2535 2369/2458/2537
f 2138/2229/2262 2369/2458/2537 2132/2223/2263
f 2132/2223/2263 2369/2458/2537 2137/2228/2261
f 2369/2458/2537 2367/2456/2535 2370/2459/2538
f 2370/2459/2538 2367/2456/2535 2368/2457/2536
f 2368/2457/2536 2354/2443/2522 2371/2460/2539
f 2368/2457/2536 2371/2460/2539 2370/2459/2538
f 2371/2460/2539 2354/2443/2522 2355/2444/2523
f 2369/2458/2537 2370/2459/2538 2372/2461/2540
f 2369/2458/2537 2372/2461/2540 2137/2228/2261
f 2370/2459/2538 2371/2460/2539 2373/2462/2541
f 2370/2459/2538 2373/2462/2541 2372/2461/2540
f 2371/2460/2539 2355/2444/2523 2374/2463/2542
f 2371/2460/2539 2374/2463/2542 2373/2462/2541
f 2137/2228/2261 2372/2461/2540 2375/2464/2543
f 2372/2461/2540 2373/2462/2541 2376/2465/2544
f 2372/2461/2540 2376/2465/2544 2375/2464/2543
f 2373/2462/2541 2374/2463/2542 2377/2466/2545
f 2373/2462/2541 2377/2466/2545 2376/2465/2544
f 2374/2463/2542 2355/2444/2523 2378/2467/2546
f 2137/2228/2261 2375/2464/2543 2379/2468/2547
f 2137/2228/2261 2379/2468/2547 2129/2220/2251
f 2129/2220/2251 2379/2468/2547 2380/2469/2548
f 2380/2469/2548 2379/2468/2547 2375/2464/2543
f 2129/2220/2251 2380/2469/2548 2128/2219/2250
f 2128/2219/2250 2380/2469/2548 2130/2221/2252
f 2380/2469/2548 2375/2464/2543 2381/2470/2549
f 2130/2221/2550 2380/2469/2550 2382/2471/2550
f 2382/2471/2551 2380/2469/2551 2381/2470/2551
f 2381/2470/2549 2375/2464/2543 2383/2472/2552
f 2383/2472/2552 2375/2464/2543 2376/2465/2544
f 2382/2471/2553 2381/2470/2549 2384/2473/2554
f 2384/2473/2554 2381/2470/2549 2383/2472/2552
f 2383/2472/2552 2376/2465/2544 2385/2474/2555
f 2383/2472/2552 2385/2474/2555 2384/2473/2554
f 2385/2474/2555 2376/2465/2544 2377/2466/2545
f 2384/2473/2554 2385/2474/2555 2386/2475/2556
f 2386/2475/2556 2385/2474/2555 2377/2466/2545
f 2382/2471/2553 2384/2473/2554 2387/2476/2557
f 2388/2477/2558 2130/2221/2558 2382/2471/2558
f 2388/2477/2559 2382/2471/2553 2387/2476/2557
f 2387/2476/2557 2384/2473/2554 2389/2478/2560
f 2389/2478/2560 2384/2473/2554 2386/2475/2556
f 2386/2475/2556 2377/2466/2545 2390/2479/2561
f 2387/2476/2557 2389/2478/2560 2391/2480/2562
f 2390/2479/2561 2377/2466/2545 2392/2481/2563
f 2392/2481/2563 2377/2466/2545 2374/2463/2542
f 2386/2475/2556 2390/2479/2561 2393/2482/2564
f 2393/2482/2564 2390/2479/2561 2392/2481/2563
f 2392/2481/2563 2374/2463/2542 2378/2467/2546
f 2389/2478/2560 2386/2475/2556 2394/2483/2565
f 2394/2483/2565 2386/2475/2556 2393/2482/2564
f 2393/2482/2564 2392/2481/2563 2395/2484/2566
f 2395/2484/2566 2392/2481/2563 2378/2467/2546
f 2393/2482/2564 2395/2484/2566 2396/2485/2567
f 2395/2484/2566 2378/2467/2546 2397/2486/2568
f 2397/2486/2568 2378/2467/2546 2398/2487/2569
f 2398/2487/2569 2378/2467/2546 2355/2444/2523
f 2398/2487/2569 2355/2444/2523 2349/2438/2517
f 2398/2487/2570 2349/2438/2571 2348/2437/2570
f 2398/2487/2570 2348/2437/2570 2399/2488/2572
f 2399/2488/2573 2348/2437/2515 2347/2436/2514
f 2397/2486/2568 2398/2487/2569 2400/2489/2574
f 2400/2489/2574 2398/2487/2569 2399/2488/2573
f 2401/2490/2575 2395/2484/2566 2397/2486/2568
f 2401/2490/2575 2397/2486/2568 2400/2489/2574
f 2395/2484/2566 2401/2490/2575 2396/2485/2567
f 2400/2489/2574 2399/2488/2573 2402/2491/2576
f 2402/2491/2576 2399/2488/2573 2347/2436/2514
f 2400/2489/2574 2402/2491/2576 2403/2492/2577
f 2403/2492/2577 2402/2491/2576 2347/2436/2514
f 2401/2490/2575 2400/2489/2574 2404/2493/2578
f 2404/2493/2578 2400/2489/2574 2403/2492/2577
f 2403/2492/2577 2347/2436/2514 2405/2494/2579
f 2405/2494/2579 2347/2436/2514 2406/2495/2580
f 2406/2495/2580 2347/2436/2514 2340/2429/2502
f 2403/2492/2577 2405/2494/2579 2407/2496/2581
f 2407/2496/2581 2405/2494/2579 2406/2495/2580
f 2406/2495/2580 2340/2429/2502 2339/2428/2501
f 2403/2492/2582 2407/2496/2582 2408/2497/2582
f 2403/2492/2583 2408/2497/2583 2404/2493/2583
f 2404/2493/2578 2408/2497/2584 2409/2498/2585
f 2409/2498/2585 2408/2497/2584 2407/2496/2581
f 2406/2495/2580 2339/2428/2501 2410/2499/2586
f 2410/2499/2586 2339/2428/2501 2337/2426/2495
f 2407/2496/2581 2406/2495/2580 2411/2500/2587
f 2411/2500/2587 2406/2495/2580 2410/2499/2586
f 2410/2499/2586 2337/2426/2495 2412/2501/2588
f 2412/2501/2588 2337/2426/2495 2338/2427/2496
f 2411/2500/2589 2410/2499/2589 2413/2502/2589
f 2413/2502/2590 2410/2499/2586 2412/2501/2588
f 2407/2496/2581 2411/2500/2587 2414/2503/2591
f 2415/2504/2592 2409/2498/2585 2407/2496/2581
f 2415/2504/2592 2407/2496/2581 2414/2503/2591
f 2409/2498/2585 2415/2504/2592 2416/2505/2593
f 2409/2498/2585 2416/2505/2593 2404/2493/2578
f 2415/2504/2592 2414/2503/2591 2417/2506/2594
f 2415/2504/2592 2417/2506/2594 2416/2505/2593
f 2414/2503/2591 2411/2500/2587 2418/2507/2595
f 2418/2507/2596 2411/2500/2596 2413/2502/2596
f 2414/2503/2591 2418/2507/2595 2419/2508/2597
f 2414/2503/2591 2419/2508/2597 2417/2506/2594
f 2418/2507/2595 2413/2502/2590 2420/2509/2598
f 2418/2507/2595 2420/2509/2598 2419/2508/2597
f 2416/2505/2593 2417/2506/2594 2421/2510/2599
f 2421/2510/2599 2417/2506/2594 2422/2511/2600
f 2422/2511/2600 2417/2506/2594 2423/2512/2601
f 2423/2512/2601 2417/2506/2594 2419/2508/2597
f 2422/2511/2600 2423/2512/2601 2424/2513/2602
f 2424/2513/2602 2423/2512/2601 2425/2512/2603
f 2425/2512/2603 2423/2512/2601 2426/2514/2604
f 2423/2512/2601 2419/2508/2597 2427/2515/2605
f 2423/2512/2601 2427/2515/2605 2426/2514/2604
f 2427/2515/2605 2419/2508/2597 2420/2509/2598
f 2426/2514/2604 2427/2515/2605 2428/2516/2606
f 2427/2515/2605 2420/2509/2598 2429/2517/2607
f 2429/2517/2607 2420/2509/2598 2413/2502/2590
f 2428/2516/2606 2427/2515/2605 2430/2518/2608
f 2430/2518/2608 2427/2515/2605 2429/2517/2607
f 2428/2516/2606 2430/2518/2608 2431/2519/2609
f 2429/2517/2607 2413/2502/2590 2432/2520/2610
f 2429/2517/2607 2432/2520/2610 2430/2518/2608
f 2432/2520/2610 2413/2502/2590 2412/2501/2588
f 2431/2519/2609 2430/2518/2608 2433/2521/2611
f 2431/2519/2609 2433/2521/2611 2434/2522/2612
f 2430/2518/2608 2432/2520/2610 2435/2523/2613
f 2430/2518/2608 2435/2523/2613 2433/2521/2611
f 2434/2522/2612 2433/2521/2611 2436/2524/2614
f 2432/2520/2610 2412/2501/2588 2437/2525/2615
f 2432/2520/2610 2437/2525/2615 2435/2523/2613
f 2437/2525/2615 2412/2501/2588 2338/2427/2496
f 2433/2521/2611 2435/2523/2613 2438/2526/2616
f 2438/2526/2616 2435/2523/2613 2437/2525/2615
f 2437/2525/2615 2338/2427/2496 2439/2527/2617
f 2437/2525/2615 2439/2527/2617 2438/2526/2616
f 2439/2527/2617 2338/2427/2496 2334/2423/2490
f 2433/2521/2611 2438/2526/2616 2440/2528/2618
f 2433/2521/2611 2440/2528/2618 2436/2524/2614
f 2438/2526/2616 2439/2527/2617 2441/2529/2619
f 2438/2526/2616 2441/2529/2619 2440/2528/2618
f 2439/2527/2617 2334/2423/2490 2442/2530/2620
f 2439/2527/2617 2442/2530/2620 2441/2529/2619
f 2436/2524/2614 2440/2528/2618 2443/2531/2621
f 2443/2531/2621 2440/2528/2618 2441/2529/2619
f 2436/2524/2614 2443/2531/2621 2444/2532/2622
f 2442/2530/2620 2334/2423/2490 2330/2419/2486
f 2443/2531/2621 2441/2529/2619 2445/2533/2623
f 2445/2533/2624 2441/2529/2624 2442/2530/2624
f 2444/2532/2622 2443/2531/2621 2446/2534/2625
f 2444/2532/2622 2446/2534/2625 2447/2535/2626
f 2443/2531/2621 2445/2533/2623 2448/2536/2627
f 2443/2531/2621 2448/2536/2627 2446/2534/2625
f 2445/2533/2624 2442/2530/2624 2449/2537/2624
f 2445/2533/2623 2449/2537/2628 2448/2536/2627
f 2447/2535/2626 2446/2534/2625 2450/2538/2629
f 2450/2538/2629 2446/2534/2625 2448/2536/2627
f 2447/2535/2626 2450/2538/2629 2451/2539/2630
f 2451/2539/2630 2450/2538/2629 2452/2540/2631
f 2452/2540/2631 2450/2538/2629 2448/2536/2627
f 2451/2539/2630 2452/2540/2631 2453/2541/2632
f 2452/2540/2631 2448/2536/2627 2454/2542/2633
f 2454/2542/2633 2448/2536/2627 2449/2537/2628
f 2453/2541/2632 2452/2540/2631 2455/2543/2634
f 2452/2540/2631 2454/2542/2633 2456/2544/2635
f 2452/2540/2631 2456/2544/2635 2455/2543/2634
f 2456/2544/2636 2454/2542/2636 2449/2537/2636
f 2453/2541/2632 2455/2543/2634 2457/2545/2637
f 2457/2545/2637 2455/2543/2634 2456/2544/2635
f 2453/2541/2632 2457/2545/2637 2458/2546/2638
f 2458/2546/2638 2457/2545/2637 2459/2547/2639
f 2458/2546/2638 2459/2547/2639 2460/2548/2640
f 2457/2545/2637 2456/2544/2635 2461/2549/2641
f 2457/2545/2637 2461/2549/2641 2459/2547/2639
f 2460/2548/2640 2459/2547/2639 1680/1719/1754
f 2460/2548/2640 1680/1719/1754 2462/2550/2642
f 2459/2547/2643 2461/2549/2643 2463/2551/2643
f 2459/2547/2639 2463/2551/2644 1680/1719/1754
f 2461/2549/2641 2456/2544/2635 2464/2552/2645
f 2461/2549/2641 2464/2552/2645 2463/2551/2644
f 1680/1719/1754 2463/2551/2644 2465/2553/2646
f 1680/1719/1754 2465/2553/2646 1679/1718/1753
f 1679/1718/1753 2465/2553/2646 2466/2554/2647
f 2466/2554/2647 2465/2553/2646 2463/2551/2644
f 1679/1718/1753 2466/2554/2647 1678/1717/1752
f 1678/1717/1752 2466/2554/2647 2467/2555/2648
f 2467/2555/2648 2466/2554/2647 2463/2551/2644
f 1678/1717/1752 2467/2555/2648 1677/1716/1750
f 2467/2555/2648 2463/2551/2644 2468/2556/2649
f 2468/2556/2649 2463/2551/2644 2464/2552/2645
f 1677/1716/1750 2467/2555/2648 2469/2557/2650
f 1677/1716/2651 2469/2557/2652 1683/1722/2653
f 2467/2555/2648 2468/2556/2649 2470/2558/2654
f 2467/2555/2648 2470/2558/2654 2469/2557/2650
f 1683/1722/2653 2469/2557/2652 2471/2559/2655
f 2471/2559/2656 2469/2557/2650 2470/2558/2654
f 1683/1722/2657 2471/2559/2657 2321/2410/2657
f 2321/2410/2476 2471/2559/2656 2314/2403/2467
f 2314/2403/2467 2471/2559/2656 2323/2412/2478
f 2323/2412/2478 2471/2559/2656 2470/2558/2654
f 2472/2560/2658 2470/2558/2654 2468/2556/2649
f 2470/2558/2654 2472/2560/2658 2323/2412/2478
f 2472/2560/2658 2468/2556/2649 2473/2561/2659
f 2473/2561/2659 2468/2556/2649 2464/2552/2645
f 2323/2412/2478 2472/2560/2658 2474/2562/2660
f 2474/2562/2660 2472/2560/2658 2473/2561/2659
f 2323/2412/2661 2474/2562/2661 2320/2409/2661
f 2320/2409/2475 2474/2562/2660 2322/2411/2477
f 2473/2561/2659 2464/2552/2645 2475/2563/2662
f 2473/2561/2659 2475/2563/2662 2474/2562/2660
f 2475/2563/2662 2464/2552/2645 2476/2564/2663
f 2476/2564/2663 2464/2552/2645 2456/2544/2635
f 2476/2564/2664 2456/2544/2664 2449/2537/2664
f 2475/2563/2662 2476/2564/2663 2477/2565/2665
f 2477/2565/2665 2476/2564/2663 2449/2537/2666
f 2475/2563/2662 2477/2565/2665 2474/2562/2660
f 2477/2565/2665 2449/2537/2666 2442/2530/2620
f 2478/2566/2667 2322/2411/2477 2474/2562/2660
f 2478/2566/2667 2474/2562/2660 2477/2565/2665
f 2478/2566/2667 2477/2565/2665 2442/2530/2620
f 2322/2411/2477 2478/2566/2667 2330/2419/2486
f 2330/2419/2486 2478/2566/2667 2442/2530/2620
f 2479/2567/2668 2231/2320/2369 1751/1790/1833
f 2231/2320/2369 2479/2567/2668 2480/2568/2669
f 2231/2320/2369 2480/2568/2669 2232/2321/2370
f 2479/2567/2668 1751/1790/1833 2481/2569/2670
f 2481/2569/2670 1751/1790/1833 1749/1788/1831
f 2480/2568/2669 2479/2567/2668 2482/2570/2671
f 2482/2570/2671 2479/2567/2668 2481/2569/2670
f 2232/2321/2370 2480/2568/2669 2483/2571/2672
f 2483/2571/2672 2480/2568/2669 2482/2570/2671
f 2232/2321/2370 2483/2571/2672 2240/2329/2378
f 2483/2571/2672 2482/2570/2671 2484/2572/2673
f 2483/2571/2672 2484/2572/2673 2240/2329/2378
f 2482/2570/2671 2481/2569/2670 2485/2573/2674
f 2482/2570/2671 2485/2573/2674 2484/2572/2673
f 2240/2329/2378 2484/2572/2673 2486/2574/2675
f 2240/2329/2378 2486/2574/2675 2241/2330/2380
f 2241/2330/2676 2486/2574/2677 2253/2342/2678
f 2253/2342/2678 2486/2574/2677 2487/2575/2679
f 2253/2342/2393 2487/2575/2680 2264/2353/2404
f 2486/2574/2675 2484/2572/2673 2488/2576/2681
f 2486/2574/2675 2488/2576/2681 2487/2575/2680
f 2264/2353/2404 2487/2575/2680 2489/2577/2682
f 2489/2577/2682 2487/2575/2680 2488/2576/2681
f 2264/2353/2404 2489/2577/2682 2279/2368/2422
f 2488/2576/2681 2484/2572/2673 2490/2578/2683
f 2490/2578/2683 2484/2572/2673 2485/2573/2674
f 2489/2577/2682 2488/2576/2681 2491/2579/2684
f 2491/2579/2684 2488/2576/2681 2490/2578/2683
f 2489/2577/2682 2491/2579/2684 2279/2368/2422
f 2490/2578/2683 2485/2573/2674 2492/2580/2685
f 2490/2578/2683 2492/2580/2685 2491/2579/2684
f 2492/2580/2685 2485/2573/2674 2493/2581/2686
f 2491/2579/2684 2492/2580/2685 2494/2582/2687
f 2494/2582/2687 2492/2580/2685 2493/2581/2686
f 2493/2581/2686 2485/2573/2674 2495/2583/2688
f 2495/2583/2688 2485/2573/2674 2481/2569/2670
f 2495/2583/2688 2481/2569/2670 1749/1788/1831
f 2493/2581/2686 2495/2583/2688 2496/2584/2689
f 2496/2584/2689 2495/2583/2688 1749/1788/1831
f 2493/2581/2686 2496/2584/2689 2494/2582/2687
f 2496/2584/2689 1749/1788/1831 1727/1766/1803
f 2496/2584/2689 1727/1766/1803 2497/2585/2690
f 2496/2584/2689 2497/2585/2690 2494/2582/2687
f 2497/2585/2690 1727/1766/1803 1730/1769/1806
f 2494/2582/2687 2497/2585/2690 2498/2586/2691
f 2498/2586/2691 2497/2585/2690 1730/1769/1806
f 2494/2582/2687 2498/2586/2691 2499/2587/2692
f 2499/2587/2692 2498/2586/2691 1730/1769/1806
f 2494/2582/2687 2499/2587/2692 2500/2588/2693
f 2494/2582/2687 2500/2588/2693 2491/2579/2684
f 2499/2587/2692 1730/1769/1806 2501/2589/2694
f 2501/2589/2694 1730/1769/1806 1731/1770/1807
f 2501/2589/2694 1731/1770/1807 1732/1771/1808
f 2491/2579/2684 2500/2588/2693 2502/2590/2695
f 2491/2579/2684 2502/2590/2695 2279/2368/2422
f 2500/2588/2693 2499/2587/2692 2503/2591/2696
f 2503/2591/2696 2499/2587/2692 2501/2589/2694
f 2500/2588/2693 2503/2591/2696 2502/2590/2695
f 2279/2368/2422 2502/2590/2695 2504/2592/2697
f 2504/2592/2697 2502/2590/2695 2503/2591/2696
f 2279/2368/2422 2504/2592/2697 2278/2367/2421
f 2503/2591/2696 2501/2589/2694 2505/1771/2698
f 2505/1771/2698 2501/2589/2694 1732/1771/1808
f 2504/2592/2697 2503/2591/2696 2506/2593/2699
f 2504/2592/2697 2506/2593/2699 2278/2367/2421
f 2503/2591/2696 2505/1771/2698 2507/2594/2700
f 2503/2591/2696 2507/2594/2700 2506/2593/2699
f 2505/1771/2698 1732/1771/1808 2508/2595/2701
f 2505/1771/2698 2508/2595/2701 2507/2594/2700
f 2278/2367/2421 2506/2593/2699 2509/2596/2702
f 2278/2367/2421 2509/2596/2702 2281/2370/2424
f 2281/2370/2424 2509/2596/2702 2283/2372/2426
f 2506/2593/2699 2507/2594/2700 2510/2597/2703
f 2506/2593/2699 2510/2597/2703 2509/2596/2702
f 2510/2597/2703 2507/2594/2700 2508/2595/2701
f 2283/2372/2426 2509/2596/2702 2300/2389/2446
f 2300/2389/2446 2509/2596/2702 2510/2597/2703
f 2300/2389/2446 2510/2597/2703 2508/2595/2701
f 2300/2389/2446 2508/2595/2701 2511/2598/2704
f 2300/2389/2446 2511/2598/2704 2512/2599/2705
f 2300/2389/2706 2512/2599/2706 2298/2387/2706
f 2511/2598/2704 2508/2595/2701 2513/2600/2707
f 2511/2598/2704 2513/2600/2707 2512/2599/2705
f 2513/2600/2707 2508/2595/2701 2514/2601/2708
f 2514/2601/2708 2508/2595/2701 1732/1771/1808
f 2514/2601/2708 1732/1771/1808 1726/1765/1802
f 2514/2601/2708 1726/1765/1802 1721/1760/1796
f 2514/2601/2708 1721/1760/1796 2513/2600/2707
f 2513/2600/2707 1721/1760/1796 2515/2602/2709
f 2513/2600/2707 2515/2602/2709 2512/2599/2705
f 2515/2602/2709 1721/1760/1796 1722/1761/1797
f 2516/2603/2710 2298/2387/2444 2512/2599/2705
f 2298/2387/2444 2516/2603/2710 2305/2394/2451
f 2512/2599/2705 2515/2602/2709 2517/2604/2711
f 2512/2599/2705 2517/2604/2711 2516/2603/2710
f 2515/2602/2709 1722/1761/1797 2518/2605/2712
f 2515/2602/2709 2518/2605/2712 2517/2604/2711
f 2518/2605/2712 1722/1761/1797 1717/1756/1792
f 2305/2394/2451 2516/2603/2710 2519/2606/2713
f 2519/2606/2713 2516/2603/2710 2517/2604/2711
f 2519/2606/2713 2517/2604/2711 2518/2605/2712
f 2305/2394/2451 2519/2606/2713 2310/2399/2460
f 2518/2605/2712 1717/1756/1792 2520/2607/2714
f 2518/2605/2712 2520/2607/2714 2519/2606/2713
f 2520/2607/2714 1717/1756/1792 1718/1757/1793
f 2310/2399/2460 2519/2606/2713 2521/2608/2715
f 2521/2608/2715 2519/2606/2713 2520/2607/2714
f 2310/2399/2460 2521/2608/2715 2319/2408/2474
f 2521/2608/2715 2520/2607/2714 2522/2609/2716
f 2522/2609/2716 2520/2607/2714 1718/1757/1793
f 2521/2608/2715 2522/2609/2716 2319/2408/2474
f 2522/2609/2716 1718/1757/1793 2523/2610/2717
f 2523/2610/2717 1718/1757/1793 1705/1744/1779
f 2319/2408/2474 2522/2609/2716 2524/2611/2718
f 2524/2611/2718 2522/2609/2716 2523/2610/2717
f 2523/2610/2717 1705/1744/1779 2525/2612/2719
f 2523/2610/2717 2525/2612/2719 2524/2611/2718
f 2525/2612/2719 1705/1744/1779 1701/1740/1775
f 2319/2408/2474 2524/2611/2718 2526/2613/2720
f 2319/2408/2474 2526/2613/2720 2317/2406/2472
f 2524/2611/2718 2525/2612/2719 2527/2614/2721
f 2524/2611/2718 2527/2614/2721 2526/2613/2720
f 2525/2612/2719 1701/1740/1775 2528/2615/2722
f 2525/2612/2719 2528/2615/2722 2527/2614/2721
f 2528/2615/2722 1701/1740/1775 1696/1735/1770
f 2317/2406/2472 2526/2613/2720 2529/2616/2723
f 2529/2616/2723 2526/2613/2720 2527/2614/2721
f 2317/2406/2472 2529/2616/2723 2318/2407/2473
f 2527/2614/2721 2528/2615/2722 2530/2617/2724
f 2530/2617/2724 2528/2615/2722 1696/1735/1770
f 2527/2614/2721 2530/2617/2724 2529/2616/2723
f 2529/2616/2723 2530/2617/2724 2318/2407/2473
f 2530/2617/2724 1696/1735/1770 1697/1736/1771
f 2530/2617/2724 1697/1736/1771 2318/2407/2473
f 2318/2407/2473 1697/1736/1771 1698/1737/1772
f 2318/2407/2473 1698/1737/1772 2531/2618/2725
f 2531/2618/2725 1698/1737/1772 1691/1730/1765
f 2318/2407/2473 2531/2618/2725 2315/2404/2468
f 2531/2618/2725 1691/1730/1765 2532/2619/2726
f 2532/2619/2726 1691/1730/1765 1688/1727/1762
f 2315/2404/2468 2531/2618/2725 2533/2620/2727
f 2533/2620/2727 2531/2618/2725 2532/2619/2726
f 2315/2404/2468 2533/2620/2727 2321/2410/2476
f 2532/2619/2726 1688/1727/1762 1686/1725/1760
f 2321/2410/2476 2533/2620/2727 2534/2621/2728
f 2534/2621/2728 2533/2620/2727 2532/2619/2726
f 2534/2621/2728 2532/2619/2726 1686/1725/1760
f 2321/2410/2729 2534/2621/2729 1683/1722/2729
f 2534/2621/2728 1686/1725/1760 1685/1724/1759
f 2534/2621/2728 1685/1724/1759 1683/1722/1757
f 2535/2622/2730 2536/2623/2731 1571/1599/1641
f 2535/2622/2730 1571/1599/1641 1573/1602/1643
f 1571/1599/1641 2536/2623/2731 1779/1818/1868
f 2535/2622/2730 1573/1602/1643 1585/1617/1655
f 1779/1818/1868 2536/2623/2731 1768/1807/1855
f 2536/2623/2731 2535/2622/2730 2537/2624/2732
f 2536/2623/2731 2537/2624/2732 1768/1807/1855
f 2537/2624/2732 2535/2622/2730 1585/1617/1655
f 1768/1807/1855 2537/2624/2732 1737/1776/1817
f 2537/2624/2732 1585/1617/1655 2538/2625/2733
f 2537/2624/2732 2538/2625/2733 1737/1776/1817
f 2538/2625/2733 1585/1617/1655 1589/1621/1659
f 1737/1776/1817 2538/2625/2733 1711/1750/1815
f 2538/2625/2734 1589/1621/2734 1594/1626/2734
f 2538/2625/2735 1594/1626/2735 1711/1750/2735
f 2539/2626/2736 1530/1551/1598 1519/1540/1587
f 1530/1551/1598 2539/2626/2736 1534/1555/1602
f 2539/2626/2736 1519/1540/1587 2540/2627/2737
f 2540/2627/2737 1519/1540/1587 2541/2628/2738
f 2540/2627/2737 2541/2628/2738 2539/2626/2736
f 1534/1555/1602 2539/2626/2736 2542/2629/2739
f 2542/2629/2739 2539/2626/2736 2541/2628/2738
f 1534/1555/1602 2542/2629/2739 2543/2630/2740
f 2541/2628/2738 1519/1540/1587 2544/2631/2741
f 2544/2631/2741 1519/1540/1587 1514/1535/1582
f 2542/2629/2739 2541/2628/2738 2545/2632/2742
f 2542/2629/2739 2545/2632/2742 2543/2630/2740
f 2541/2628/2738 2544/2631/2741 2546/2633/2743
f 2541/2628/2738 2546/2633/2743 2545/2632/2742
f 2546/2633/2743 2544/2631/2741 2547/2634/2744
f 1534/1555/1602 2543/2630/2740 2548/2635/2745
f 1534/1555/1602 2548/2635/2745 1532/1553/1600
f 1532/1553/1600 2548/2635/2745 1533/1554/1601
f 2548/2635/2745 2543/2630/2740 2549/2636/2746
f 2548/2635/2745 2549/2636/2746 1533/1554/1601
f 2550/2637/2747 2543/2630/2740 2545/2632/2742
f 2543/2630/2740 2550/2637/2747 2549/2636/2746
f 2550/2637/2747 2545/2632/2742 2551/2638/2748
f 2551/2638/2748 2545/2632/2742 2546/2633/2743
f 2549/2636/2746 2550/2637/2747 2552/2639/2749
f 1533/1554/1601 2549/2636/2746 2553/2640/2750
f 2550/2637/2747 2551/2638/2748 2554/2641/2751
f 2550/2637/2747 2554/2641/2751 2552/2639/2749
f 2551/2638/2748 2546/2633/2743 2555/2642/2752
f 2555/2642/2752 2546/2633/2743 2547/2634/2744
f 2549/2636/2746 2552/2639/2749 2556/2643/2753
f 2549/2636/2746 2556/2643/2753 2553/2640/2750
f 2554/2641/2751 2551/2638/2748 2557/2644/2754
f 2552/2639/2749 2554/2641/2751 2558/2645/2755
f 2558/2645/2755 2554/2641/2751 2557/2644/2754
f 2556/2643/2753 2552/2639/2749 2559/2646/2756
f 2559/2646/2756 2552/2639/2749 2558/2645/2755
f 2556/2643/2753 2559/2646/2756 2560/2647/2757
f 2556/2643/2753 2560/2647/2757 2553/2640/2750
f 2559/2646/2756 2558/2645/2755 2561/2648/2758
f 2559/2646/2756 2561/2648/2758 2560/2647/2757
f 2561/2648/2758 2558/2645/2755 2562/2649/2759
f 2562/2649/2759 2558/2645/2755 2557/2644/2754
f 2560/2647/2757 2561/2648/2758 2563/2650/2760
f 2561/2648/2758 2562/2649/2759 2564/2651/2761
f 2561/2648/2758 2564/2651/2761 2563/2650/2760
f 2564/2651/2761 2562/2649/2759 2565/2652/2762
f 2562/2649/2759 2557/2644/2754 2566/2653/2763
f 2562/2649/2759 2566/2653/2763 2565/2652/2762
f 2564/2651/2761 2565/2652/2762 2567/2654/2764
f 2567/2654/2764 2565/2652/2762 2566/2653/2763
f 2564/2651/2761 2567/2654/2764 2568/2655/2765
f 2563/2650/2760 2564/2651/2761 2569/2656/2766
f 2569/2656/2766 2564/2651/2761 2568/2655/2765
f 2568/2655/2765 2567/2654/2764 2570/2657/2767
f 2563/2650/2760 2569/2656/2766 2571/2658/2768
f 2567/2654/2764 2566/2653/2763 2572/2659/2769
f 2567/2654/2764 2572/2659/2769 2570/2657/2767
f 2572/2659/2769 2566/2653/2763 2573/2660/2770
f 2568/2655/2765 2570/2657/2767 2574/2661/2771
f 2569/2656/2766 2568/2655/2765 2575/2662/2772
f 2575/2662/2772 2568/2655/2765 2574/2661/2771
f 2569/2656/2766 2575/2662/2772 2576/2663/2773
f 2569/2656/2766 2576/2663/2773 2571/2658/2768
f 2575/2662/2772 2574/2661/2771 2577/2664/2774
f 2576/2663/2773 2575/2662/2772 2578/2665/2775
f 2578/2665/2775 2575/2662/2772 2577/2664/2774
f 2576/2663/2773 2578/2665/2775 2579/2666/2776
f 2571/2658/2768 2576/2663/2773 2580/2667/2777
f 2580/2667/2777 2576/2663/2773 2579/2666/2776
f 2577/2664/2774 2574/2661/2771 2581/2668/2778
f 2578/2665/2775 2577/2664/2774 2582/2669/2779
f 2582/2669/2779 2577/2664/2774 2581/2668/2778
f 2578/2665/2775 2582/2669/2779 2583/2670/2780
f 2578/2665/2775 2583/2670/2780 2579/2666/2776
f 2580/2667/2777 2579/2666/2776 1652/2671/1724
f 1652/2671/1724 2579/2666/2776 1653/2672/1725
f 1653/2672/1725 2579/2666/2776 1654/2673/1726
f 1654/2673/1726 2579/2666/2776 2583/2670/2780
f 2580/2667/2777 1652/2671/1724 1637/2674/1709
f 1654/2673/1726 2583/2670/2780 2584/2675/2781
f 2584/2675/2781 2583/2670/2780 2582/2669/2779
f 1654/2673/1726 2584/2675/2781 1663/2676/1735
f 2580/2667/2777 1637/2674/1709 2585/2677/2782
f 2585/2677/2782 1637/2674/1709 1635/2678/1707
f 2580/2667/2777 2585/2677/2782 2571/2658/2768
f 2585/2677/2782 1635/2678/1707 1629/2679/1700
f 2571/2658/2768 2585/2677/2782 2586/2680/2783
f 2571/2658/2768 2586/2680/2783 2563/2650/2760
f 2585/2677/2782 1629/2679/1700 2587/2681/2784
f 2563/2650/2760 2586/2680/2783 2588/2682/2785
f 2588/2682/2785 2586/2680/2783 2585/2677/2782
f 2588/2682/2785 2585/2677/2782 2587/2681/2784
f 2563/2650/2760 2588/2682/2785 2560/2647/2757
f 2587/2681/2784 1629/2679/1700 1627/2683/1698
f 2560/2647/2757 2588/2682/2785 2589/2684/2786
f 2589/2684/2786 2588/2682/2785 2587/2681/2784
f 2560/2647/2757 2589/2684/2786 2553/2640/2750
f 2587/2681/2784 1627/2683/1698 2590/2685/2787
f 2587/2681/2784 2590/2685/2787 2589/2684/2786
f 2589/2684/2786 2590/2685/2787 2553/2640/2750
f 2590/2685/2787 1627/2683/1698 1539/1560/1607
f 2553/2640/2750 2590/2685/2787 2591/2686/2788
f 2591/2686/2788 2590/2685/2787 1539/1560/1607
f 2553/2640/2750 2591/2686/2788 1533/1554/1601
f 2591/2686/2788 1539/1560/1607 1536/1557/1604
f 1533/1554/1601 2591/2686/2788 1529/1550/1597
f 1529/1550/1597 2591/2686/2788 1536/1557/1604
f 2592/2687/2789 1514/1535/1582 1508/1529/1575
f 2592/2687/2789 1508/1529/1575 1511/1532/1579
f 1514/1535/1582 2592/2687/2789 2593/2688/2790
f 1514/1535/1582 2593/2688/2790 2544/2631/2741
f 2544/2631/2741 2593/2688/2790 2547/2634/2744
f 2593/2688/2790 2592/2687/2789 2594/2689/2791
f 2547/2634/2744 2593/2688/2790 2595/2690/2792
f 2595/2690/2792 2593/2688/2790 2594/2689/2791
f 2594/2689/2791 2592/2687/2789 2596/2691/2793
f 2596/2691/2793 2592/2687/2789 1511/1532/1579
f 2595/2690/2792 2594/2689/2791 2597/2692/2794
f 2597/2692/2794 2594/2689/2791 2596/2691/2793
f 2596/2691/2793 1511/1532/1579 2598/2693/2795
f 2596/2691/2793 2598/2693/2795 2597/2692/2794
f 2598/2693/2795 1511/1532/1579 2599/2694/2796
f 2599/2694/2796 1511/1532/1579 1476/1498/1578
f 2599/2694/2796 1476/1498/1578 1467/1489/2797
f 2599/2694/2796 1467/1489/2797 2600/2695/2798
f 2598/2693/2795 2599/2694/2796 2601/2696/2799
f 2601/2696/2799 2599/2694/2796 2600/2695/2798
f 2600/2695/2798 1467/1489/2797 2602/2697/2800
f 2600/2695/2798 2602/2697/2800 2601/2696/2799
f 2602/2697/2800 1467/1489/1534 1466/1488/1533
f 2598/2693/2795 2601/2696/2799 2603/2698/2801
f 2598/2693/2795 2603/2698/2801 2597/2692/2794
f 2601/2696/2799 2602/2697/2800 2604/2699/2802
f 2603/2698/2801 2601/2696/2799 2605/2700/2803
f 2605/2700/2803 2601/2696/2799 2604/2699/2802
f 2602/2697/2800 1466/1488/1533 2606/2701/2804
f 2606/2701/2804 1466/1488/1533 989/997/1037
f 2606/2701/2804 989/997/1037 988/996/1036
f 2606/2701/2804 988/996/1036 992/1000/1040
f 2606/2701/2804 992/1000/1040 2602/2697/2800
f 2602/2697/2800 992/1000/1040 2604/2699/2802
f 2604/2699/2802 992/1000/1040 2607/2702/2805
f 2604/2699/2802 2607/2702/2805 2605/2700/2803
f 2607/2702/2805 992/1000/1040 993/1001/1046
f 2607/2702/2805 993/1001/1046 1000/1008/1055
f 2605/2700/2803 2607/2702/2805 2608/2703/2806
f 2608/2703/2806 2607/2702/2805 1000/1008/1055
f 2605/2700/2803 2608/2703/2806 2609/2704/2807
f 2608/2703/2806 1000/1008/1055 2610/2705/2808
f 2608/2703/2806 2610/2705/2808 2611/2706/2809
f 2608/2703/2806 2611/2706/2809 2609/2704/2807
f 2610/2705/2808 1000/1008/1055 2612/2707/2810
f 2612/2707/2810 1000/1008/1055 996/1004/1048
f 2611/2706/2809 2610/2705/2808 2613/2708/2811
f 2613/2708/2811 2610/2705/2808 2612/2707/2810
f 2612/2707/2810 996/1004/1048 2614/2709/2812
f 2614/2709/2812 996/1004/1048 999/1007/1054
f 2613/2708/2813 2612/2707/2814 2615/2710/2815
f 2615/2710/2815 2612/2707/2814 2614/2709/2812
f 2611/2706/2809 2613/2708/2811 2616/2711/2816
f 2616/2711/2817 2613/2708/2813 2615/2710/2815
f 2611/2706/2809 2616/2711/2816 2617/2712/2818
f 2611/2706/2809 2617/2712/2818 2609/2704/2807
f 2614/2709/2812 999/1007/1054 2618/2713/2819
f 2614/2709/2812 2618/2713/2819 2615/2710/2815
f 2616/2711/2817 2615/2710/2815 2619/2714/2820
f 2619/2714/2820 2615/2710/2815 2618/2713/2819
f 2616/2711/2817 2619/2714/2820 2620/2715/2821
f 2616/2711/2817 2620/2715/2821 2617/2712/2822
f 2618/2713/2819 999/1007/1054 2621/2716/2823
f 2621/2716/2823 999/1007/1054 1007/1015/1063
f 2619/2714/2820 2618/2713/2819 2622/2717/2824
f 2620/2715/2821 2619/2714/2820 2623/2718/2825
f 2623/2718/2825 2619/2714/2820 2622/2717/2824
f 2622/2717/2824 2618/2713/2819 2624/2719/2826
f 2624/2719/2826 2618/2713/2819 2621/2716/2823
f 2622/2717/2824 2624/2719/2826 2625/2720/2827
f 2621/2716/2823 1007/1015/1063 2626/2721/2828
f 2624/2719/2826 2621/2716/2823 2627/2722/2829
f 2627/2722/2829 2621/2716/2823 2628/2723/2830
f 2628/2723/2830 2621/2716/2823 2626/2721/2828
f 2624/2719/2826 2627/2722/2829 2629/2724/2831
f 2624/2719/2826 2629/2724/2831 2625/2720/2827
f 2627/2722/2829 2628/2723/2830 2630/2725/2832
f 2627/2722/2829 2630/2725/2832 2629/2724/2831
f 2628/2723/2830 2626/2721/2828 2631/2726/2833
f 2628/2723/2830 2631/2726/2833 2630/2725/2832
f 2632/2727/2834 2626/2721/2828 1007/1015/1063
f 2632/2727/2834 1007/1015/1063 1006/1014/1062
f 2626/2721/2828 2632/2727/2834 2633/2728/2835
f 2626/2721/2828 2633/2728/2835 2631/2726/2833
f 2632/2727/2834 1006/1014/1062 2634/2729/2836
f 2632/2727/2834 2634/2729/2836 2633/2728/2835
f 2634/2729/2836 1006/1014/1062 1004/1012/1059
f 2634/2729/2836 1004/1012/1059 1016/1024/1072
f 2634/2729/2836 1016/1024/1072 2633/2728/2835
f 2635/2730/2837 2630/2725/2832 2631/2726/2833
f 2635/2730/2837 2631/2726/2833 2636/2731/2838
f 2636/2731/2838 2631/2726/2833 2637/2732/2839
f 2637/2732/2839 2631/2726/2833 2633/2728/2835
f 2636/2731/2838 2637/2732/2839 2638/2733/2840
f 2636/2731/2838 2638/2733/2840 2635/2730/2837
f 2637/2732/2839 2633/2728/2835 2639/2734/2841
f 2637/2732/2839 2639/2734/2841 2638/2733/2840
f 2639/2734/2841 2633/2728/2835 2640/2735/2842
f 2639/2734/2841 2640/2735/2842 2638/2733/2840
f 2641/2736/2843 2633/2728/2835 1016/1024/1072
f 2633/2728/2835 2641/2736/2843 2640/2735/2842
f 2641/2736/2843 1016/1024/1072 2642/2737/2844
f 2642/2737/2844 1016/1024/1072 1015/1023/1071
f 2640/2735/2842 2641/2736/2843 2643/2738/2845
f 2643/2738/2845 2641/2736/2843 2642/2737/2844
f 2642/2737/2844 1015/1023/1071 1019/1027/1075
f 2642/2737/2844 1019/1027/1075 2643/2738/2845
f 2644/2739/2846 2638/2733/2840 2640/2735/2842
f 2644/2739/2846 2640/2735/2842 2643/2738/2845
f 2638/2733/2840 2644/2739/2846 2645/2740/2847
f 2638/2733/2840 2645/2740/2847 2635/2730/2837
f 2644/2739/2846 2643/2738/2845 2646/2741/2848
f 2645/2740/2847 2644/2739/2846 2647/2742/2849
f 2647/2742/2849 2644/2739/2846 2646/2741/2848
f 2645/2740/2847 2647/2742/2849 2648/2743/2850
f 2635/2730/2837 2645/2740/2847 2649/2744/2851
f 2649/2744/2851 2645/2740/2847 2648/2743/2850
f 2635/2730/2837 2649/2744/2851 2650/2745/2852
f 2650/2745/2852 2649/2744/2851 2651/2746/2853
f 2651/2746/2853 2649/2744/2851 2648/2743/2850
f 2635/2730/2837 2650/2745/2852 2652/2745/2854
f 2635/2730/2837 2652/2745/2854 2630/2725/2832
f 2652/2745/2854 2650/2745/2852 2653/2747/2855
f 2653/2747/2855 2650/2745/2852 2651/2746/2853
f 2630/2725/2832 2652/2745/2854 2654/2748/2856
f 2630/2725/2832 2654/2748/2856 2629/2724/2831
f 2654/2748/2856 2652/2745/2854 2655/2749/2857
f 2655/2749/2857 2652/2745/2854 2653/2747/2855
f 2629/2724/2831 2654/2748/2856 2656/2750/2858
f 2629/2724/2831 2656/2750/2858 2625/2720/2827
f 2654/2748/2856 2655/2749/2857 2657/2751/2859
f 2654/2748/2856 2657/2751/2859 2656/2750/2858
f 2657/2751/2859 2655/2749/2857 2658/2752/2860
f 2656/2750/2858 2657/2751/2859 2659/2753/2861
f 2625/2720/2827 2656/2750/2858 2660/2754/2862
f 2660/2754/2862 2656/2750/2858 2659/2753/2861
f 2625/2720/2827 2660/2754/2862 2661/2755/2863
f 2625/2720/2827 2661/2755/2863 2622/2717/2824
f 2622/2717/2824 2661/2755/2863 2623/2718/2825
f 2661/2755/2863 2660/2754/2862 2662/2756/2864
f 2662/2756/2864 2660/2754/2862 2659/2753/2861
f 2623/2718/2825 2661/2755/2863 2663/2757/2865
f 2663/2757/2865 2661/2755/2863 2662/2756/2864
f 2663/2757/2865 2662/2756/2864 2664/2758/2866
f 2664/2758/2866 2662/2756/2864 2659/2753/2861
f 2623/2718/2825 2663/2757/2865 2665/2759/2867
f 2665/2759/2867 2663/2757/2865 2666/2760/2868
f 2666/2760/2868 2663/2757/2865 2664/2758/2866
f 2623/2718/2825 2665/2759/2867 2667/2761/2869
f 2623/2718/2825 2667/2761/2869 2620/2715/2821
f 2667/2761/2869 2665/2759/2867 2668/2762/2870
f 2668/2762/2870 2665/2759/2867 2666/2760/2868
f 2620/2715/2821 2667/2761/2869 2669/2763/2871
f 2620/2715/2821 2669/2763/2871 2617/2712/2822
f 2667/2761/2869 2668/2762/2870 2670/2764/2872
f 2667/2761/2869 2670/2764/2872 2669/2763/2871
f 2668/2762/2870 2666/2760/2868 2671/2765/2873
f 2669/2763/2871 2670/2764/2872 2672/2766/2874
f 2670/2764/2872 2668/2762/2870 2673/2767/2875
f 2670/2764/2872 2673/2767/2875 2672/2766/2874
f 2668/2762/2870 2671/2765/2873 2674/2768/2876
f 2668/2762/2870 2674/2768/2876 2673/2767/2875
f 2671/2765/2873 2666/2760/2868 2675/2769/2877
f 2671/2765/2873 2675/2769/2877 2674/2768/2876
f 2669/2763/2871 2672/2766/2874 2676/2770/2878
f 2676/2770/2878 2672/2766/2874 2673/2767/2875
f 2673/2767/2875 2674/2768/2876 2677/2771/2879
f 2676/2770/2878 2673/2767/2875 2678/2772/2880
f 2678/2772/2880 2673/2767/2875 2677/2771/2879
f 2677/2771/2879 2674/2768/2876 2679/2773/2881
f 2679/2773/2881 2674/2768/2876 2675/2769/2877
f 2678/2772/2880 2677/2771/2879 2680/2774/2882
f 2680/2774/2882 2677/2771/2879 2679/2773/2881
f 2680/2774/2882 2679/2773/2881 2681/2775/2883
f 2681/2775/2883 2679/2773/2881 2682/2776/2884
f 2680/2774/2882 2681/2775/2883 2683/2774/2885
f 2683/2774/2885 2681/2775/2883 2682/2776/2884
f 2678/2772/2880 2680/2774/2882 2684/2777/2886
f 2684/2777/2886 2680/2774/2882 2683/2774/2885
f 2678/2772/2880 2684/2777/2886 2685/2778/2887
f 2678/2772/2880 2685/2778/2887 2686/2779/2888
f 2678/2772/2880 2686/2779/2888 2676/2770/2878
f 2685/2778/2887 2684/2777/2886 2687/2780/2889
f 2685/2778/2887 2687/2780/2889 2686/2779/2888
f 2687/2780/2889 2684/2777/2886 2688/2781/2890
f 2676/2770/2878 2686/2779/2888 2689/2782/2891
f 2676/2770/2878 2689/2782/2891 2669/2763/2871
f 2686/2779/2888 2687/2780/2889 2690/2783/2892
f 2690/2783/2892 2687/2780/2889 2688/2781/2890
f 2669/2763/2871 2689/2782/2891 2691/2784/2893
f 2669/2763/2871 2691/2784/2893 2617/2712/2822
f 2689/2782/2891 2686/2779/2888 2692/2785/2894
f 2689/2782/2891 2692/2785/2894 2691/2784/2893
f 2686/2779/2888 2690/2783/2892 2693/2786/2895
f 2686/2779/2888 2693/2786/2895 2692/2785/2894
f 2691/2784/2893 2692/2785/2894 2694/2787/2896
f 2694/2787/2897 2692/2785/2897 2693/2786/2897
f 2617/2712/2822 2691/2784/2893 2695/2788/2898
f 2691/2784/2893 2694/2787/2896 2696/2789/2899
f 2691/2784/2893 2696/2789/2899 2695/2788/2898
f 2617/2712/2818 2695/2788/2898 2609/2704/2807
f 2609/2704/2807 2695/2788/2898 2697/2790/2900
f 2609/2704/2807 2697/2790/2900 2605/2700/2803
f 2605/2700/2803 2697/2790/2900 2603/2698/2801
f 2697/2790/2900 2695/2788/2898 2698/2791/2901
f 2698/2791/2901 2695/2788/2898 2696/2789/2899
f 2603/2698/2801 2697/2790/2900 2699/2792/2902
f 2699/2792/2902 2697/2790/2900 2698/2791/2901
f 2603/2698/2801 2699/2792/2902 2597/2692/2794
f 2597/2692/2794 2699/2792/2902 2595/2690/2792
f 2595/2690/2792 2699/2792/2902 2700/2793/2903
f 2700/2793/2903 2699/2792/2902 2698/2791/2901
f 2595/2690/2792 2700/2793/2903 2547/2634/2744
f 2698/2791/2901 2696/2789/2899 2701/2794/2904
f 2698/2791/2901 2701/2794/2904 2700/2793/2903
f 2547/2634/2744 2700/2793/2903 2702/2795/2905
f 2702/2795/2905 2700/2793/2903 2701/2794/2904
f 2547/2634/2744 2702/2795/2905 2555/2642/2752
f 2702/2795/2905 2701/2794/2904 2703/2796/2906
f 2555/2642/2752 2702/2795/2905 2704/2797/2907
f 2704/2797/2907 2702/2795/2905 2703/2796/2906
f 2703/2796/2906 2701/2794/2904 2705/2798/2908
f 2703/2796/2906 2705/2798/2908 2704/2797/2907
f 2706/2799/2909 2701/2794/2904 2696/2789/2899
f 2701/2794/2904 2706/2799/2909 2705/2798/2908
f 2706/2799/2909 2696/2789/2899 2707/2800/2910
f 2707/2800/2910 2696/2789/2899 2694/2787/2896
f 2705/2798/2908 2706/2799/2909 2708/2801/2911
f 2708/2801/2911 2706/2799/2909 2707/2800/2910
f 2707/2800/2910 2694/2787/2896 2693/2786/2895
f 2707/2800/2910 2693/2786/2895 2708/2801/2911
f 2709/2802/2912 2704/2797/2907 2705/2798/2908
f 2709/2802/2912 2705/2798/2908 2708/2801/2911
f 2710/2803/2913 2555/2642/2752 2704/2797/2907
f 2555/2642/2752 2710/2803/2913 2551/2638/2748
f 2551/2638/2748 2710/2803/2913 2557/2644/2754
f 2710/2803/2913 2704/2797/2907 2711/2804/2914
f 2710/2803/2913 2711/2804/2914 2557/2644/2754
f 2711/2804/2914 2704/2797/2907 2709/2802/2912
f 2557/2644/2754 2711/2804/2914 2566/2653/2763
f 2712/2805/2915 2709/2802/2912 2708/2801/2911
f 2709/2802/2912 2712/2805/2915 2711/2804/2914
f 2712/2805/2915 2708/2801/2911 2713/2806/2916
f 2713/2806/2916 2708/2801/2911 2693/2786/2895
f 2566/2653/2763 2711/2804/2914 2714/2807/2917
f 2566/2653/2763 2714/2807/2917 2573/2660/2770
f 2711/2804/2914 2712/2805/2915 2715/2808/2918
f 2711/2804/2914 2715/2808/2918 2714/2807/2917
f 2712/2805/2915 2713/2806/2916 2716/2809/2919
f 2712/2805/2915 2716/2809/2919 2715/2808/2918
f 2713/2806/2916 2693/2786/2895 2717/2810/2920
f 2713/2806/2916 2717/2810/2920 2716/2809/2919
f 2717/2810/2920 2693/2786/2895 2690/2783/2892
f 2717/2810/2920 2690/2783/2892 2688/2781/2890
f 2714/2807/2917 2715/2808/2918 2718/2660/2921
f 2714/2807/2917 2718/2660/2921 2573/2660/2770
f 2715/2808/2918 2716/2809/2919 2719/2811/2922
f 2715/2808/2918 2719/2811/2922 2718/2660/2921
f 2573/2660/2770 2718/2660/2921 2720/2812/2923
f 2720/2812/2923 2718/2660/2921 2719/2811/2922
f 2573/2660/2770 2720/2812/2923 2572/2659/2769
f 2572/2659/2769 2720/2812/2923 2721/2813/2924
f 2721/2813/2924 2720/2812/2923 2719/2811/2922
f 2572/2659/2769 2721/2813/2924 2570/2657/2767
f 2722/2814/2925 2716/2809/2919 2717/2810/2920
f 2722/2814/2925 2717/2810/2920 2688/2781/2890
f 2716/2809/2919 2722/2814/2925 2723/2809/2926
f 2716/2809/2919 2723/2809/2926 2719/2811/2922
f 2570/2657/2767 2721/2813/2924 2724/2815/2927
f 2570/2657/2767 2724/2815/2927 2574/2661/2771
f 2574/2661/2771 2724/2815/2927 2581/2668/2778
f 2724/2815/2927 2721/2813/2924 2725/2816/2928
f 2725/2816/2928 2721/2813/2924 2719/2811/2922
f 2581/2668/2778 2724/2815/2927 2726/2817/2929
f 2726/2817/2929 2724/2815/2927 2725/2816/2928
f 2727/2818/2930 2719/2811/2922 2723/2809/2926
f 2719/2811/2922 2727/2818/2930 2728/2819/2931
f 2728/2819/2931 2727/2818/2930 2723/2809/2926
f 2719/2811/2922 2728/2819/2931 2729/2820/2932
f 2719/2811/2922 2729/2820/2932 2725/2816/2928
f 2728/2819/2931 2723/2809/2926 2730/2821/2933
f 2730/2821/2933 2723/2809/2926 2722/2814/2925
f 2729/2820/2932 2728/2819/2931 2731/2822/2934
f 2731/2822/2934 2728/2819/2931 2730/2821/2933
f 2725/2816/2928 2729/2820/2932 2732/2823/2935
f 2725/2816/2928 2732/2823/2935 2726/2817/2929
f 2729/2820/2932 2731/2822/2934 2733/2824/2936
f 2729/2820/2932 2733/2824/2936 2732/2823/2935
f 2730/2821/2933 2722/2814/2925 2734/2825/2937
f 2734/2825/2937 2722/2814/2925 2688/2781/2890
f 2731/2822/2934 2730/2821/2933 2735/2826/2938
f 2735/2826/2938 2730/2821/2933 2734/2825/2937
f 2733/2824/2936 2731/2822/2934 2736/2827/2939
f 2736/2827/2939 2731/2822/2934 2735/2826/2938
f 2734/2825/2937 2688/2781/2890 2737/2828/2940
f 2737/2828/2940 2688/2781/2890 2684/2777/2886
f 2735/2826/2938 2734/2825/2937 2738/2829/2941
f 2738/2829/2941 2734/2825/2937 2737/2828/2940
f 2737/2828/2940 2684/2777/2886 2739/2830/2942
f 2737/2828/2940 2739/2830/2942 2738/2829/2941
f 2739/2830/2942 2684/2777/2886 2683/2774/2885
f 2735/2826/2938 2738/2829/2941 2740/2831/2943
f 2735/2826/2938 2740/2831/2943 2736/2827/2939
f 2738/2829/2941 2739/2830/2942 2741/2832/2944
f 2738/2829/2941 2741/2832/2944 2740/2831/2943
f 2739/2830/2942 2683/2774/2885 2742/2833/2945
f 2739/2830/2942 2742/2833/2945 2741/2832/2944
f 2742/2833/2945 2683/2774/2885 2682/2776/2884
f 2736/2827/2939 2740/2831/2943 2743/2834/2946
f 2740/2831/2943 2741/2832/2944 2744/2835/2947
f 2740/2831/2943 2744/2835/2947 2743/2834/2946
f 2741/2832/2944 2742/2833/2945 2745/2836/2948
f 2741/2832/2944 2745/2836/2948 2744/2835/2947
f 2742/2833/2945 2682/2776/2884 2746/2837/2949
f 2742/2833/2945 2746/2837/2949 2745/2836/2948
f 2736/2827/2939 2743/2834/2946 2747/2838/2950
f 2736/2827/2939 2747/2838/2950 2733/2824/2936
f 2747/2838/2950 2743/2834/2946 2748/2839/2951
f 2745/2836/2948 2746/2837/2949 2749/2840/2952
f 2745/2836/2948 2749/2840/2952 2744/2835/2947
f 2750/2841/2953 2743/2834/2946 2744/2835/2947
f 2743/2834/2946 2750/2841/2953 2748/2839/2951
f 2733/2824/2936 2747/2838/2950 2751/2842/2954
f 2733/2824/2936 2751/2842/2954 2732/2823/2935
f 2747/2838/2950 2748/2839/2951 2752/2843/2955
f 2747/2838/2950 2752/2843/2955 2751/2842/2954
f 2752/2843/2955 2748/2839/2951 2753/2844/2956
f 2752/2843/2955 2753/2844/2956 2751/2842/2954
f 2732/2823/2935 2751/2842/2954 2754/2845/2957
f 2732/2823/2935 2754/2845/2957 2726/2817/2929
f 2754/2845/2957 2751/2842/2954 2755/2846/2958
f 2754/2845/2957 2755/2846/2958 2726/2817/2929
f 2751/2842/2954 2753/2844/2956 2756/2847/2959
f 2751/2842/2954 2756/2847/2959 2755/2846/2958
f 2726/2817/2929 2755/2846/2958 2757/2848/2960
f 2726/2817/2929 2757/2848/2960 2581/2668/2778
f 2581/2668/2778 2757/2848/2960 2582/2669/2779
f 2582/2669/2779 2757/2848/2960 2584/2675/2781
f 2757/2848/2960 2755/2846/2958 2758/2849/2961
f 2757/2848/2960 2758/2849/2961 2584/2675/2781
f 2758/2849/2961 2755/2846/2958 2756/2847/2959
f 2584/2675/2781 2758/2849/2961 1663/2676/1735
f 2758/2849/2961 2756/2847/2959 2759/2850/2962
f 2758/2849/2961 2759/2850/2962 1663/2676/1735
f 2759/2850/2962 2756/2847/2959 2760/2851/2963
f 2760/2851/2963 2756/2847/2959 2753/2844/2956
f 1663/2676/1735 2759/2850/2962 2761/2852/2964
f 2761/2852/2964 2759/2850/2962 2760/2851/2963
f 1663/2676/1735 2761/2852/2964 1664/2853/1736
f 1664/2853/1736 2761/2852/2964 1666/2854/1738
f 1666/2854/1738 2761/2852/2964 1670/2855/1742
f 2760/2851/2963 2753/2844/2956 2762/2856/2965
f 2762/2856/2965 2753/2844/2956 2748/2839/2951
f 2761/2852/2964 2760/2851/2963 2763/2857/2966
f 2763/2857/2966 2760/2851/2963 2762/2856/2965
f 2761/2852/2964 2763/2857/2966 1670/2855/1742
f 2762/2856/2965 2748/2839/2951 2764/2858/2967
f 2762/2856/2965 2764/2858/2967 2763/2857/2966
f 2764/2858/2967 2748/2839/2951 2750/2841/2953
f 1670/2855/1742 2763/2857/2966 2765/2859/2968
f 2765/2859/2968 2763/2857/2966 2764/2858/2967
f 1670/2855/1742 2765/2859/2968 2766/2860/2969
f 2766/2860/2969 2765/2859/2968 2764/2858/2967
f 1670/2855/1742 2766/2860/2969 1671/2861/1743
f 1671/2861/1743 2766/2860/2969 1672/2862/1744
f 1672/2862/1744 2766/2860/2969 2767/2863/2970
f 1672/2862/1744 2767/2863/2970 1680/2864/1754
f 2768/2865/2971 2764/2858/2967 2750/2841/2953
f 2768/2865/2971 2750/2841/2953 2744/2835/2947
f 2764/2858/2967 2768/2865/2971 2769/2866/2972
f 2770/2867/2973 2766/2860/2969 2764/2858/2967
f 2770/2867/2973 2764/2858/2967 2769/2866/2972
f 2769/2866/2972 2768/2865/2971 2771/2868/2974
f 2769/2866/2972 2771/2868/2974 2770/2867/2973
f 2768/2865/2971 2744/2835/2947 2772/2869/2975
f 2768/2865/2971 2772/2869/2975 2771/2868/2974
f 2772/2869/2975 2744/2835/2947 2749/2840/2952
f 2766/2860/2969 2770/2867/2973 2773/2870/2976
f 2773/2870/2976 2770/2867/2973 2771/2868/2974
f 2766/2860/2969 2773/2870/2976 2767/2863/2970
f 2771/2868/2974 2772/2869/2975 2774/2871/2977
f 2771/2868/2974 2774/2871/2977 2773/2870/2976
f 2767/2863/2970 2773/2870/2976 2775/2872/2978
f 2775/2872/2978 2773/2870/2976 2774/2871/2977
f 2767/2863/2970 2775/2872/2978 2776/2873/2979
f 2776/2873/2979 2775/2872/2978 2774/2871/2977
f 2777/2874/2980 1680/2864/1754 2767/2863/2970
f 2777/2874/2980 2767/2863/2970 2776/2873/2979
f 1680/2864/1754 2777/2874/2980 2462/2875/2642
f 2462/2875/2642 2777/2874/2980 2776/2873/2979
f 2778/2876/2981 2774/2871/2977 2772/2869/2975
f 2778/2876/2981 2772/2869/2975 2749/2840/2952
f 2776/2873/2979 2774/2871/2977 2779/2877/2982
f 2779/2877/2982 2774/2871/2977 2778/2876/2981
f 2462/2875/2642 2776/2873/2979 2780/2878/2983
f 2780/2878/2983 2776/2873/2979 2779/2877/2982
f 2462/2875/2642 2780/2878/2983 2460/2879/2640
f 2778/2876/2981 2749/2840/2952 2781/2880/2984
f 2781/2880/2984 2749/2840/2952 2746/2837/2949
f 2779/2877/2982 2778/2876/2981 2782/2881/2985
f 2782/2881/2985 2778/2876/2981 2781/2880/2984
f 2460/2879/2640 2780/2878/2983 2783/2882/2986
f 2460/2879/2640 2783/2882/2986 2458/2883/2638
f 2780/2878/2983 2779/2877/2982 2784/2884/2987
f 2784/2884/2987 2779/2877/2982 2782/2881/2985
f 2780/2878/2983 2784/2884/2987 2783/2882/2986
f 2458/2883/2638 2783/2882/2986 2453/2885/2632
f 2782/2881/2985 2781/2880/2984 2785/2886/2988
f 2784/2884/2987 2782/2881/2985 2786/2887/2989
f 2786/2887/2989 2782/2881/2985 2785/2886/2988
f 2783/2882/2986 2784/2884/2987 2787/2888/2990
f 2787/2888/2990 2784/2884/2987 2786/2887/2989
f 2453/2885/2632 2783/2882/2986 2788/2889/2991
f 2788/2889/2991 2783/2882/2986 2787/2888/2990
f 2453/2885/2632 2788/2889/2991 2789/2890/2992
f 2453/2885/2632 2789/2890/2992 2451/2891/2630
f 2788/2889/2993 2787/2888/2993 2790/2892/2993
f 2788/2889/2991 2790/2892/2994 2789/2890/2992
f 2787/2888/2990 2786/2887/2989 2791/2893/2995
f 2787/2888/2990 2791/2893/2995 2790/2892/2994
f 2451/2891/2630 2789/2890/2992 2792/2894/2996
f 2451/2891/2630 2792/2894/2996 2447/2895/2626
f 2792/2894/2996 2789/2890/2992 2793/2896/2997
f 2793/2896/2997 2789/2890/2992 2790/2892/2994
f 2447/2895/2626 2792/2894/2996 2794/2897/2998
f 2792/2894/2996 2793/2896/2997 2795/2898/2999
f 2792/2894/2996 2795/2898/2999 2794/2897/2998
f 2447/2895/2626 2794/2897/2998 2796/2899/3000
f 2447/2895/2626 2796/2899/3000 2444/2900/2622
f 2796/2899/3000 2794/2897/2998 2797/2901/3001
f 2444/2900/2622 2796/2899/3000 2798/2902/3002
f 2798/2902/3002 2796/2899/3000 2797/2901/3001
f 2444/2900/2622 2798/2902/3002 2436/2903/2614
f 2436/2903/2614 2798/2902/3002 2799/2904/3003
f 2799/2904/3003 2798/2902/3002 2797/2901/3001
f 2436/2903/2614 2799/2904/3003 2434/2905/2612
f 2797/2901/3001 2794/2897/2998 2800/2906/3004
f 2800/2906/3004 2794/2897/2998 2795/2898/2999
f 2799/2904/3003 2797/2901/3001 2801/2907/3005
f 2434/2905/2612 2799/2904/3003 2802/2908/3006
f 2802/2908/3006 2799/2904/3003 2801/2907/3005
f 2801/2907/3005 2797/2901/3001 2803/2909/3007
f 2803/2909/3007 2797/2901/3001 2800/2906/3004
f 2801/2907/3005 2803/2909/3007 2804/2910/3008
f 2800/2906/3004 2795/2898/2999 2805/2911/3009
f 2802/2908/3006 2801/2907/3005 2806/2912/3010
f 2806/2912/3010 2801/2907/3005 2804/2910/3008
f 2803/2909/3007 2800/2906/3004 2807/2913/3011
f 2804/2910/3008 2803/2909/3007 2808/2914/3012
f 2808/2914/3012 2803/2909/3007 2807/2913/3011
f 2807/2913/3011 2800/2906/3004 2809/2915/3013
f 2809/2915/3013 2800/2906/3004 2805/2911/3009
f 2808/2914/3012 2807/2913/3011 2653/2747/2855
f 2808/2914/3012 2653/2747/2855 2651/2746/2853
f 2807/2913/3011 2809/2915/3013 2810/2916/3014
f 2807/2913/3011 2810/2916/3014 2653/2747/2855
f 2810/2916/3014 2809/2915/3013 2811/2917/3015
f 2811/2917/3015 2809/2915/3013 2805/2911/3009
f 2653/2747/2855 2810/2916/3014 2812/2916/3016
f 2812/2916/3016 2810/2916/3014 2811/2917/3015
f 2653/2747/2855 2812/2916/3016 2655/2749/2857
f 2655/2749/2857 2812/2916/3016 2658/2752/2860
f 2658/2752/2860 2812/2916/3016 2811/2917/3015
f 2811/2917/3015 2805/2911/3009 2813/2918/3017
f 2811/2917/3015 2813/2918/3017 2658/2752/2860
f 2813/2918/3017 2805/2911/3009 2814/2919/3018
f 2658/2752/2860 2813/2918/3017 2815/2920/3019
f 2658/2752/2860 2815/2920/3019 2657/2751/2859
f 2657/2751/2859 2815/2920/3019 2659/2753/2861
f 2815/2920/3019 2813/2918/3017 2816/2921/3020
f 2816/2921/3020 2813/2918/3017 2814/2919/3018
f 2659/2753/2861 2815/2920/3019 2817/2922/3021
f 2817/2922/3021 2815/2920/3019 2816/2921/3020
f 2659/2753/2861 2817/2922/3021 2664/2758/2866
f 2818/2923/3022 2814/2919/3018 2805/2911/3009
f 2814/2919/3018 2818/2923/3022 2816/2921/3020
f 2818/2923/3022 2805/2911/3009 2795/2898/2999
f 2818/2923/3022 2795/2898/2999 2819/2923/3023
f 2819/2923/3023 2795/2898/2999 2793/2896/2997
f 2818/2923/3022 2819/2923/3023 2820/2924/3024
f 2820/2924/3024 2819/2923/3023 2793/2896/2997
f 2818/2923/3022 2820/2924/3024 2816/2921/3020
f 2820/2924/3024 2793/2896/2997 2790/2892/2994
f 2816/2921/3020 2820/2924/3024 2821/2925/3025
f 2821/2925/3025 2820/2924/3024 2790/2892/2994
f 2816/2921/3020 2821/2925/3025 2822/2926/3026
f 2822/2926/3026 2821/2925/3025 2790/2892/2994
f 2822/2926/3026 2790/2892/2994 2823/2927/3027
f 2823/2927/3027 2790/2892/2994 2791/2893/2995
f 2823/2927/3027 2791/2893/2995 2822/2926/3026
f 2822/2926/3026 2791/2893/2995 2824/2928/3028
f 2816/2921/3020 2822/2926/3026 2825/2929/3029
f 2825/2929/3029 2822/2926/3026 2824/2928/3028
f 2816/2921/3020 2825/2929/3029 2817/2922/3021
f 2824/2928/3028 2791/2893/2995 2826/2930/3030
f 2824/2928/3028 2826/2930/3030 2825/2929/3029
f 2817/2922/3021 2825/2929/3029 2827/2931/3031
f 2827/2931/3031 2825/2929/3029 2826/2930/3030
f 2817/2922/3021 2827/2931/3031 2664/2758/2866
f 2664/2758/2866 2827/2931/3031 2666/2760/2868
f 2826/2930/3030 2791/2893/2995 2786/2887/2989
f 2666/2760/2868 2827/2931/3031 2675/2769/2877
f 2826/2930/3030 2786/2887/2989 2828/2932/3032
f 2827/2931/3031 2826/2930/3030 2829/2933/3033
f 2829/2933/3033 2826/2930/3030 2828/2932/3032
f 2827/2931/3031 2829/2933/3033 2675/2769/2877
f 2828/2932/3032 2786/2887/2989 2785/2886/2988
f 2675/2769/2877 2829/2933/3033 2830/2934/3034
f 2829/2933/3033 2828/2932/3032 2831/2935/3035
f 2829/2933/3033 2831/2935/3035 2830/2934/3034
f 2831/2935/3035 2828/2932/3032 2785/2886/2988
f 2675/2769/2877 2830/2934/3034 2832/2936/3036
f 2832/2936/3036 2830/2934/3034 2831/2935/3035
f 2675/2769/2877 2832/2936/3036 2679/2773/2881
f 2679/2773/2881 2832/2936/3036 2682/2776/2884
f 2832/2936/3036 2831/2935/3035 2833/2937/3037
f 2833/2937/3037 2831/2935/3035 2785/2886/2988
f 2682/2776/2884 2832/2936/3036 2834/2938/3038
f 2834/2938/3038 2832/2936/3036 2833/2937/3037
f 2834/2938/3038 2833/2937/3037 2785/2886/2988
f 2682/2776/2884 2834/2938/3038 2746/2837/2949
f 2834/2938/3038 2785/2886/2988 2781/2880/2984
f 2834/2938/3038 2781/2880/2984 2746/2837/2949
f 2431/2939/2609 2434/2905/2612 2835/2940/3039
f 2431/2939/2609 2835/2940/3039 2428/2941/2606
f 2428/2941/2606 2835/2940/3039 2426/2942/2604
f 2835/2940/3039 2434/2905/2612 2836/2943/3040
f 2836/2943/3040 2434/2905/2612 2802/2908/3006
f 2836/2943/3040 2802/2908/3006 2835/2940/3039
f 2835/2940/3039 2802/2908/3006 2837/2944/3041
f 2837/2944/3041 2802/2908/3006 2838/2945/3042
f 2835/2940/3039 2837/2944/3041 2839/2946/3043
f 2839/2946/3043 2837/2944/3041 2838/2945/3042
f 2838/2945/3042 2802/2908/3006 2806/2912/3010
f 2835/2940/3039 2839/2946/3043 2840/2947/3044
f 2835/2940/3039 2840/2947/3044 2426/2942/2604
f 2839/2946/3043 2838/2945/3042 2841/2948/3045
f 2426/2942/2604 2840/2947/3044 2842/2949/3046
f 2426/2942/2604 2842/2949/3046 2425/2950/2603
f 2840/2947/3044 2839/2946/3043 2843/2951/3047
f 2840/2947/3044 2843/2951/3047 2842/2949/3046
f 2843/2951/3047 2839/2946/3043 2841/2948/3045
f 2425/2950/2603 2842/2949/3046 2844/2952/3048
f 2844/2952/3048 2842/2949/3046 2843/2951/3047
f 2425/2950/2603 2844/2952/3048 2424/2953/2602
f 2845/2954/3049 2841/2948/3045 2838/2945/3042
f 2845/2954/3049 2838/2945/3042 2806/2912/3010
f 2424/2953/2602 2844/2952/3048 2846/2955/3050
f 2424/2953/2602 2846/2955/3050 2422/2956/2600
f 2844/2952/3048 2843/2951/3047 2847/2957/3051
f 2848/2958/3052 2843/2951/3047 2841/2948/3045
f 2843/2951/3047 2848/2958/3052 2847/2957/3051
f 2848/2958/3052 2841/2948/3045 2849/2959/3053
f 2849/2959/3053 2841/2948/3045 2845/2954/3049
f 2846/2955/3050 2844/2952/3048 2850/2960/3054
f 2850/2960/3054 2844/2952/3048 2847/2957/3051
f 2851/2961/3055 2422/2956/2600 2846/2955/3050
f 2851/2961/3055 2846/2955/3050 2850/2960/3054
f 2422/2956/2600 2851/2961/3055 2852/2962/3056
f 2422/2956/2600 2852/2962/3056 2421/2963/2599
f 2421/2963/2599 2852/2962/3056 2853/2964/3057
f 2853/2964/3057 2852/2962/3056 2854/2965/3058
f 2852/2962/3056 2851/2961/3055 2855/2966/3059
f 2852/2962/3056 2855/2966/3059 2854/2965/3058
f 2853/2964/3057 2854/2965/3058 2856/2967/3060
f 2856/2967/3060 2854/2965/3058 2855/2966/3059
f 2853/2964/3057 2856/2967/3060 2857/2968/3061
f 2855/2966/3059 2851/2961/3055 2858/2969/3062
f 2858/2969/3062 2851/2961/3055 2850/2960/3054
f 2856/2967/3060 2855/2966/3059 2859/2970/3063
f 2859/2970/3063 2855/2966/3059 2858/2969/3062
f 2857/2968/3061 2856/2967/3060 2860/2971/3064
f 2860/2971/3064 2856/2967/3060 2859/2970/3063
f 2857/2968/3061 2860/2971/3064 2861/2972/3065
f 2857/2968/3061 2861/2972/3065 2862/2973/3066
f 2858/2969/3062 2850/2960/3054 2863/2974/3067
f 2863/2974/3067 2850/2960/3054 2847/2957/3051
f 2859/2970/3063 2858/2969/3062 2864/2975/3068
f 2860/2971/3064 2859/2970/3063 2865/2976/3069
f 2865/2976/3069 2859/2970/3063 2864/2975/3068
f 2858/2969/3062 2863/2974/3067 2866/2977/3070
f 2858/2969/3062 2866/2977/3070 2864/2975/3068
f 2863/2974/3067 2847/2957/3051 2867/2978/3071
f 2863/2974/3067 2867/2978/3071 2866/2977/3070
f 2860/2971/3064 2865/2976/3069 2868/2979/3072
f 2860/2971/3064 2868/2979/3072 2861/2972/3065
f 2865/2976/3069 2864/2975/3068 2869/2980/3073
f 2870/2981/3074 2862/2973/3066 2861/2972/3065
f 2870/2981/3074 2861/2972/3065 2868/2979/3072
f 2862/2973/3066 2870/2981/3074 2871/2982/3075
f 2862/2973/3066 2871/2982/3075 2872/2983/3076
f 2871/2982/3075 2870/2981/3074 2873/2984/3077
f 2873/2984/3077 2870/2981/3074 2868/2979/3072
f 2872/2983/3076 2871/2982/3075 2874/2985/3078
f 2874/2985/3078 2871/2982/3075 2873/2984/3077
f 2872/2983/3076 2874/2985/3078 1066/1073/1126
f 1066/1073/1126 2874/2985/3078 1062/1069/1122
f 1062/1069/1122 2874/2985/3078 2873/2984/3077
f 1062/1069/1122 2873/2984/3077 1052/1059/1112
f 1052/1059/1112 2873/2984/3077 1053/1060/1113
f 1053/1060/1113 2873/2984/3077 2868/2979/3072
f 2875/2986/3079 2868/2979/3072 2865/2976/3069
f 2875/2986/3079 2865/2976/3069 2869/2980/3073
f 1053/1060/1113 2868/2979/3072 2876/2987/3080
f 2876/2987/3080 2868/2979/3072 2875/2986/3079
f 1053/1060/1113 2876/2987/3080 2877/2988/3081
f 1053/1060/1113 2877/2988/3081 1047/1055/1107
f 1047/1055/1107 2877/2988/3081 1054/1061/1114
f 2876/2987/3080 2875/2986/3079 2878/2989/3082
f 2878/2989/3082 2875/2986/3079 2869/2980/3073
f 2877/2988/3081 2876/2987/3080 2879/2990/3083
f 2879/2990/3083 2876/2987/3080 2878/2989/3082
f 1054/1061/1114 2877/2988/3081 2880/2988/3084
f 2880/2988/3084 2877/2988/3081 2879/2990/3083
f 1054/1061/1114 2880/2988/3084 2881/2991/3085
f 1054/1061/1114 2881/2991/3085 1034/1042/1094
f 1034/1042/1094 2881/2991/3085 2882/2992/3086
f 1034/1042/1094 2882/2992/3086 2883/2993/3087
f 2883/2993/3087 2882/2992/3086 2881/2991/3085
f 1034/1042/1094 2883/2993/3087 1031/1039/1091
f 2881/2991/3085 2880/2988/3084 2884/2994/3088
f 2881/2991/3085 2884/2994/3088 2883/2993/3087
f 1031/1039/1091 2883/2993/3087 2885/2995/3089
f 2885/2995/3089 2883/2993/3087 2884/2994/3088
f 1031/1039/1091 2885/2995/3089 1037/1045/1097
f 2885/2995/3089 2884/2994/3088 2886/2996/3090
f 2885/2995/3089 2886/2996/3090 1037/1045/1097
f 2884/2994/3088 2880/2988/3084 2887/2997/3091
f 2887/2997/3091 2880/2988/3084 2879/2990/3083
f 2884/2994/3088 2887/2997/3091 2886/2996/3090
f 1037/1045/1097 2886/2996/3090 2888/2998/3092
f 1037/1045/1097 2888/2998/3092 1030/1038/1090
f 2886/2996/3090 2887/2997/3091 2889/2999/3093
f 2887/2997/3091 2879/2990/3083 2890/3000/3094
f 2887/2997/3091 2890/3000/3094 2889/2999/3093
f 2890/3000/3094 2879/2990/3083 2878/2989/3082
f 2890/3000/3094 2878/2989/3082 2869/2980/3073
f 1030/1038/1090 2888/2998/3092 2891/3001/3095
f 2892/3002/3096 2888/2998/3092 2886/2996/3090
f 2892/3002/3096 2886/2996/3090 2889/2999/3093
f 2888/2998/3092 2892/3002/3096 2891/3001/3095
f 1030/1038/1090 2891/3001/3095 1022/1030/1078
f 2893/3003/3097 2889/2999/3093 2890/3000/3094
f 2893/3003/3097 2890/3000/3094 2869/2980/3073
f 2889/2999/3093 2893/3003/3097 2892/3002/3096
f 2893/3003/3097 2869/2980/3073 2894/3004/3098
f 2893/3003/3097 2894/3004/3098 2892/3002/3096
f 2894/3004/3098 2869/2980/3073 2864/2975/3068
f 1022/1030/1078 2891/3001/3095 2895/3005/3099
f 2896/3006/3100 2891/3001/3095 2892/3002/3096
f 2891/3001/3095 2896/3006/3100 2895/3005/3099
f 1022/1030/1078 2895/3005/3099 2897/3007/3101
f 2897/3007/3101 2895/3005/3099 2896/3006/3100
f 1022/1030/1078 2897/3007/3101 1021/1029/1077
f 1021/1029/1077 2897/3007/3101 2898/3008/3102
f 1021/1029/1077 2898/3008/3102 1019/1027/1075
f 1019/1027/1075 2898/3008/3102 2899/3009/3103
f 2899/3009/3103 2898/3008/3102 2897/3007/3101
f 1019/1027/1075 2899/3009/3103 2643/2738/2845
f 2897/3007/3101 2896/3006/3100 2900/3010/3104
f 2897/3007/3101 2900/3010/3104 2899/3009/3103
f 2643/2738/2845 2899/3009/3103 2901/3011/3105
f 2643/2738/2845 2901/3011/3105 2646/2741/2848
f 2899/3009/3103 2900/3010/3104 2902/3012/3106
f 2899/3009/3103 2902/3012/3106 2901/3011/3105
f 2646/2741/2848 2901/3011/3105 2903/3013/3107
f 2903/3013/3107 2901/3011/3105 2902/3012/3106
f 2646/2741/2848 2903/3013/3107 2647/2742/2849
f 2902/3012/3106 2900/3010/3104 2904/3014/3108
f 2904/3014/3108 2900/3010/3104 2896/3006/3100
f 2904/3014/3108 2896/3006/3100 2905/3015/3109
f 2905/3015/3109 2896/3006/3100 2892/3002/3096
f 2905/3015/3109 2892/3002/3096 2906/3016/3110
f 2906/3016/3110 2892/3002/3096 2894/3004/3098
f 2904/3014/3108 2905/3015/3109 2907/3017/3111
f 2907/3017/3111 2905/3015/3109 2906/3016/3110
f 2902/3012/3106 2904/3014/3108 2908/3018/3112
f 2908/3018/3112 2904/3014/3108 2907/3017/3111
f 2902/3012/3106 2908/3018/3112 2909/3019/3113
f 2902/3012/3106 2909/3019/3113 2903/3013/3107
f 2906/3016/3110 2894/3004/3098 2910/3020/3114
f 2906/3016/3110 2910/3020/3114 2907/3017/3111
f 2910/3020/3114 2894/3004/3098 2911/3021/3115
f 2911/3021/3115 2894/3004/3098 2864/2975/3068
f 2911/3021/3115 2864/2975/3068 2866/2977/3070
f 2911/3021/3115 2866/2977/3070 2912/3022/3116
f 2911/3021/3115 2912/3022/3116 2910/3020/3114
f 2912/3022/3116 2866/2977/3070 2867/2978/3071
f 2907/3017/3111 2910/3020/3114 2913/3023/3117
f 2913/3023/3117 2910/3020/3114 2912/3022/3116
f 2913/3023/3117 2912/3022/3116 2867/2978/3071
f 2907/3017/3111 2913/3023/3117 2908/3018/3112
f 2908/3018/3112 2913/3023/3117 2914/3024/3118
f 2914/3024/3118 2913/3023/3117 2867/2978/3071
f 2908/3018/3112 2914/3024/3118 2909/3019/3113
f 2914/3024/3118 2867/2978/3071 2915/3025/3119
f 2915/3025/3119 2867/2978/3071 2847/2957/3051
f 2915/3025/3119 2847/2957/3051 2848/2958/3052
f 2909/3019/3113 2914/3024/3118 2916/3026/3120
f 2916/3026/3120 2914/3024/3118 2915/3025/3119
f 2909/3019/3113 2916/3026/3120 2903/3013/3107
f 2915/3025/3119 2848/2958/3052 2917/3027/3121
f 2915/3025/3119 2917/3027/3121 2916/3026/3120
f 2917/3027/3121 2848/2958/3052 2849/2959/3053
f 2903/3013/3107 2916/3026/3120 2918/3028/3122
f 2918/3028/3122 2916/3026/3120 2917/3027/3121
f 2917/3027/3121 2849/2959/3053 2919/3029/3123
f 2917/3027/3121 2919/3029/3123 2918/3028/3122
f 2919/3029/3123 2849/2959/3053 2845/2954/3049
f 2903/3013/3107 2918/3028/3122 2920/3030/3124
f 2903/3013/3107 2920/3030/3124 2647/2742/2849
f 2647/2742/2849 2920/3030/3124 2648/2743/2850
f 2920/3030/3124 2918/3028/3122 2921/3031/3125
f 2921/3031/3125 2918/3028/3122 2919/3029/3123
f 2648/2743/2850 2920/3030/3124 2922/3032/3126
f 2922/3032/3126 2920/3030/3124 2921/3031/3125
f 2648/2743/2850 2922/3032/3126 2923/3033/3127
f 2648/2743/2850 2923/3033/3127 2651/2746/2853
f 2922/3032/3126 2921/3031/3125 2924/3034/3128
f 2922/3032/3126 2924/3034/3128 2923/3033/3127
f 2921/3031/3125 2919/3029/3123 2925/3035/3129
f 2925/3035/3129 2919/3029/3123 2845/2954/3049
f 2921/3031/3125 2925/3035/3129 2924/3034/3128
f 2925/3035/3129 2845/2954/3049 2806/2912/3010
f 2651/2746/2853 2923/3033/3127 2926/3036/3130
f 2926/3036/3130 2923/3033/3127 2924/3034/3128
f 2651/2746/2853 2926/3036/3130 2808/2914/3012
f 2808/2914/3012 2926/3036/3130 2804/2910/3008
f 2925/3035/3129 2806/2912/3010 2927/3037/3131
f 2925/3035/3129 2927/3037/3131 2924/3034/3128
f 2927/3037/3131 2806/2912/3010 2804/2910/3008
f 2924/3034/3128 2927/3037/3131 2926/3036/3130
f 2926/3036/3130 2927/3037/3131 2804/2910/3008
f 2928/3038/3132 2393/2482/2564 2396/2485/2567
f 2393/2482/2564 2928/3038/3132 2394/2483/2565
f 2928/3038/3132 2396/2485/2567 2929/3039/3133
f 2928/3038/3132 2929/3039/3133 2930/3040/3134
f 2929/3039/3133 2396/2485/2567 2931/3041/3135
f 2930/3040/3134 2929/3039/3133 2932/3042/3136
f 2932/3042/3136 2929/3039/3133 2931/3041/3135
f 2931/3041/3135 2396/2485/2567 2933/3043/3137
f 2933/3043/3137 2396/2485/2567 2401/2490/2575
f 2933/3043/3137 2401/2490/2575 2404/2493/2578
f 2933/3043/3137 2404/2493/2578 2416/2505/2593
f 2933/3043/3137 2416/2505/2593 2934/3044/3138
f 2933/3043/3137 2934/3044/3138 2931/3041/3135
f 2934/3044/3138 2416/2505/2593 2421/2510/2599
f 2934/3044/3138 2421/2510/2599 2853/3045/3057
f 2934/3044/3138 2853/3045/3057 2857/3046/3061
f 2934/3044/3138 2857/3046/3061 2931/3041/3135
f 2931/3041/3135 2857/3046/3061 2932/3042/3136
f 2932/3042/3136 2857/3046/3061 2862/3047/3066
f 2932/3042/3136 2862/3047/3066 2872/3048/3076
f 2932/3042/3136 2872/3048/3076 2935/3049/3139
f 2932/3042/3136 2935/3049/3139 2930/3040/3134
f 2935/3049/3139 2872/3048/3076 1066/3050/1126
f 2935/3049/3139 1066/3050/1126 1064/3051/1124
f 2930/3040/3134 2935/3049/3139 2936/3052/3140
f 2930/3040/3134 2936/3052/3140 2928/3038/3132
f 2935/3049/3139 1064/3051/1124 2937/3053/3141
f 2935/3049/3139 2937/3053/3141 2936/3052/3140
f 2937/3053/3141 1064/3051/1124 1065/3054/1125
f 2928/3038/3132 2936/3052/3140 2938/3055/3142
f 2938/3055/3142 2936/3052/3140 2937/3053/3141
f 2928/3038/3132 2938/3055/3142 2394/2483/2565
f 2937/3053/3141 1065/3054/1125 2939/3056/3143
f 2939/3056/3143 1065/3054/1125 1067/3057/1127
f 2938/3055/3142 2937/3053/3141 2940/3058/3144
f 2938/3055/3142 2940/3058/3144 2394/2483/2565
f 2940/3058/3144 2937/3053/3141 2939/3056/3143
f 2394/2483/2565 2940/3058/3144 2941/3059/3145
f 2941/3059/3145 2940/3058/3144 2939/3056/3143
f 2394/2483/2565 2941/3059/3145 2942/3060/3146
f 2942/3060/3146 2941/3059/3145 2939/3056/3143
f 2394/2483/2565 2942/3060/3146 2389/2478/2560
f 2389/2478/2560 2942/3060/3146 2391/2480/2562
f 2391/2480/2562 2942/3060/3146 2939/3056/3143
f 2391/2480/2562 2939/3056/3143 2943/3061/3147
f 2943/3061/3147 2939/3056/3143 1067/3057/1127
f 2943/3061/3147 1067/3057/1127 2944/3062/3148
f 2944/3062/3148 1067/3057/1127 886/3063/917
f 2944/3062/3148 886/3063/917 2945/3064/3149
f 2944/3062/3148 2945/3064/3149 2943/3061/3147
f 2945/3064/3149 886/3063/917 884/3065/915
f 2391/2480/2562 2943/3061/3147 2946/3066/3150
f 2946/3066/3150 2943/3061/3147 2945/3064/3149
f 2945/3064/3149 884/3065/915 881/3067/912
f 2391/2480/2562 2946/3066/3150 2947/3068/3151
f 2391/2480/2562 2947/3068/3151 2387/2476/2557
f 2946/3066/3150 2945/3064/3149 2948/3069/3152
f 2946/3066/3150 2948/3069/3152 2947/3068/3151
f 2387/2476/2557 2947/3068/3151 2388/2477/2559
f 2388/2477/2559 2947/3068/3151 2948/3069/3152
f 2945/3064/3149 881/3067/912 2949/3070/3153
f 2949/3070/3153 881/3067/912 846/3071/877
f 2948/3069/3152 2945/3064/3149 2950/3072/3154
f 2950/3072/3154 2945/3064/3149 2949/3070/3153
f 2388/2477/2559 2948/3069/3152 2951/3073/3155
f 2951/3073/3155 2948/3069/3152 2950/3072/3154
f 2388/2477/2559 2951/3073/3155 2952/3074/3156
f 2388/2477/2559 2952/3074/3156 2130/2221/2252
f 2130/2221/2252 2952/3074/3156 2123/2214/2245
f 2123/2214/2245 2952/3074/3156 2124/2215/2246
f 2951/3073/3155 2950/3072/3154 2953/3075/3157
f 2953/3075/3157 2950/3072/3154 2949/3070/3153
f 2951/3073/3155 2953/3075/3157 2952/3074/3156
f 2124/2215/2246 2952/3074/3156 2125/2216/2247
f 2952/3074/3156 2953/3075/3157 2954/3076/3158
f 2954/3076/3158 2953/3075/3157 2949/3070/3153
f 2952/3074/3156 2954/3076/3158 2125/2216/2247
f 2125/2216/2247 2954/3076/3158 2955/3077/3159
f 2954/3076/3158 2949/3070/3153 2956/3078/3160
f 2954/3076/3158 2956/3078/3160 2955/3077/3159
f 2956/3078/3160 2949/3070/3153 846/3071/877
f 2125/2216/2247 2955/3077/3159 2957/3079/3161
f 2957/3079/3161 2955/3077/3159 2956/3078/3160
f 2125/2216/2247 2957/3079/3161 2114/2205/2235
f 2956/3078/3160 846/3071/877 2958/3080/3162
f 2956/3078/3160 2958/3080/3162 2957/3079/3161
f 2957/3079/3161 2958/3080/3162 2114/2205/2235
f 2958/3080/3162 846/3071/877 842/3081/873
f 2114/2205/2235 2958/3080/3162 836/2200/867
f 2958/3080/3162 842/3081/873 838/3082/869
f 2958/3080/3162 838/3082/869 836/2200/867
f 84/3083/84 2959/3084/3163 46/3085/46
f 2959/3084/3163 84/3083/84 74/3086/74
f 46/3085/46 2959/3084/3163 2960/3087/3164
f 46/3085/46 2960/3087/3164 37/3088/37
f 2959/3084/3163 74/3086/74 2961/3089/3165
f 37/3088/37 2960/3087/3164 2962/3090/3166
f 37/3088/37 2962/3090/3166 28/3091/28
f 37/3088/37 28/3091/28 29/3092/29
f 2962/3090/3166 2960/3087/3164 2963/3093/3167
f 2963/3093/3167 2960/3087/3164 2959/3084/3163
f 28/3091/28 2962/3090/3166 2964/3094/3168
f 2964/3094/3168 2962/3090/3166 2963/3093/3167
f 28/3091/28 2964/3094/3168 2965/3095/3169
f 2965/3095/3169 2964/3094/3168 2966/3096/3170
f 2966/3096/3170 2964/3094/3168 2963/3093/3167
f 2965/3095/3169 2966/3096/3170 2967/3097/3171
f 2967/3097/3171 2966/3096/3170 2968/3098/3172
f 2963/3093/3167 2959/3084/3163 2969/3099/3173
f 2969/3099/3173 2959/3084/3163 2961/3089/3165
f 2966/3096/3170 2963/3093/3167 2970/3100/3174
f 2968/3098/3172 2966/3096/3170 2971/3101/3175
f 2971/3101/3175 2966/3096/3170 2970/3100/3174
f 2968/3098/3172 2971/3101/3175 2972/3102/3176
f 2968/3098/3172 2972/3102/3176 2973/3103/3177
f 2973/3103/3177 2972/3102/3176 2974/3104/3178
f 2972/3102/3176 2971/3101/3175 2975/3105/3179
f 2972/3102/3176 2975/3105/3179 2974/3104/3178
f 2971/3101/3175 2970/3100/3174 2976/3106/3180
f 2971/3101/3175 2976/3106/3180 2975/3105/3179
f 2977/3107/3181 2970/3100/3174 2963/3093/3167
f 2977/3107/3181 2963/3093/3167 2969/3099/3173
f 2976/3106/3180 2970/3100/3174 2978/3108/3182
f 2978/3108/3182 2970/3100/3174 2977/3107/3181
f 2975/3105/3179 2976/3106/3180 2979/3109/3183
f 2979/3109/3183 2976/3106/3180 2978/3108/3182
f 2980/3110/3184 2974/3104/3178 2975/3105/3179
f 2980/3110/3184 2975/3105/3179 2979/3109/3183
f 2974/3104/3178 2980/3110/3184 2981/3111/3185
f 2982/3112/3186 2977/3107/3181 2969/3099/3173
f 2982/3112/3186 2969/3099/3173 2961/3089/3165
f 2983/3113/3187 2978/3108/3182 2977/3107/3181
f 2983/3113/3187 2977/3107/3181 2982/3112/3186
f 2984/3114/3188 2979/3109/3183 2978/3108/3182
f 2984/3114/3188 2978/3108/3182 2983/3113/3187
f 2985/3115/3189 2980/3110/3184 2979/3109/3183
f 2985/3115/3189 2979/3109/3183 2984/3114/3188
f 2986/3116/3190 2981/3111/3185 2980/3110/3184
f 2986/3116/3190 2980/3110/3184 2985/3115/3189
f 2981/3111/3185 2986/3116/3190 2987/3117/3191
f 2988/3118/3192 2983/3113/3187 2982/3112/3186
f 2983/3113/3187 2988/3118/3192 2984/3114/3188
f 2985/3115/3189 2984/3114/3188 2989/3119/3193
f 2989/3119/3193 2984/3114/3188 2988/3118/3192
f 2985/3115/3189 2989/3119/3193 2990/3120/3194
f 2985/3115/3189 2990/3120/3194 2986/3116/3190
f 2986/3116/3190 2990/3120/3194 2991/3121/3195
f 2992/3122/3196 2987/3117/3191 2986/3116/3190
f 2987/3117/3191 2992/3122/3196 2993/3123/3197
f 2986/3116/3190 2991/3121/3195 2994/3124/3198
f 2986/3116/3190 2994/3124/3198 2992/3122/3196
f 2991/3121/3195 2990/3120/3194 2995/3125/3199
f 2991/3121/3195 2995/3125/3199 2994/3124/3198
f 2996/3126/3200 2990/3120/3194 2989/3119/3193
f 2990/3120/3194 2996/3126/3200 2995/3125/3199
f 2996/3126/3200 2989/3119/3193 2997/3127/3201
f 2997/3127/3201 2989/3119/3193 2988/3118/3192
f 2996/3126/3200 2997/3127/3201 2998/3128/3202
f 2997/3127/3201 2988/3118/3192 2999/3129/3203
f 2997/3127/3201 2999/3129/3203 2998/3128/3202
f 2999/3129/3203 2988/3118/3192 3000/3130/3204
f 2996/3126/3200 2998/3128/3202 3001/3131/3205
f 2996/3126/3200 3001/3131/3205 2995/3125/3199
f 2998/3128/3202 2999/3129/3203 3002/3132/3206
f 3002/3132/3206 2999/3129/3203 3000/3130/3204
f 3000/3130/3204 2988/3118/3192 3003/3133/3207
f 3003/3133/3207 2988/3118/3192 2982/3112/3186
f 3003/3133/3207 2982/3112/3186 2961/3089/3165
f 3003/3133/3207 2961/3089/3165 3004/3134/3208
f 3004/3134/3208 2961/3089/3165 74/3086/74
f 3004/3134/3208 74/3086/74 68/3135/68
f 3004/3134/3208 68/3135/68 66/3136/66
f 3003/3133/3207 3004/3134/3208 3005/3137/3209
f 3005/3137/3209 3004/3134/3208 66/3136/66
f 3003/3133/3207 3005/3137/3209 3000/3130/3204
f 3005/3137/3209 66/3136/66 64/3138/64
f 3000/3130/3204 3005/3137/3209 3006/3139/3210
f 3006/3139/3210 3005/3137/3209 64/3138/64
f 3000/3130/3204 3006/3139/3210 3002/3132/3206
f 3006/3139/3210 64/3138/64 18/3140/18
f 3002/3132/3206 3006/3139/3210 3007/3141/3211
f 3006/3139/3210 18/3140/18 3008/3142/3212
f 3006/3139/3210 3008/3142/3212 3007/3141/3211
f 3008/3142/3212 18/3140/18 3009/3143/3213
f 3009/3143/3213 18/3140/18 3010/3144/3214
f 3010/3144/3214 18/3140/18 20/3145/20
f 3010/3144/3214 20/3145/20 3009/3143/3213
f 3009/3143/3213 20/3145/20 3011/3146/3215
f 3008/3142/3212 3009/3143/3213 3012/3147/3216
f 3012/3147/3216 3009/3143/3213 3011/3146/3215
f 3008/3142/3212 3012/3147/3216 3007/3141/3211
f 3011/3146/3215 20/3145/20 27/3148/27
f 3012/3147/3216 3011/3146/3215 3013/3149/3217
f 3011/3146/3215 27/3148/27 3014/3150/3218
f 3011/3146/3215 3014/3150/3218 3013/3149/3217
f 3014/3150/3218 27/3148/27 2965/3151/3169
f 2965/3151/3169 27/3148/27 28/3152/28
f 3014/3150/3218 2965/3151/3169 3015/3153/3219
f 3014/3150/3218 3015/3153/3219 3013/3149/3217
f 3015/3153/3219 2965/3151/3169 2967/3154/3171
f 3015/3153/3219 2967/3154/3171 2968/3155/3172
f 3015/3153/3219 2968/3155/3172 3016/3156/3220
f 3016/3156/3220 2968/3155/3172 2973/3157/3177
f 3013/3149/3217 3015/3153/3219 3017/3158/3221
f 3016/3156/3220 2973/3157/3177 3018/3159/3222
f 3018/3159/3222 2973/3157/3177 2974/3160/3178
f 3015/3153/3219 3016/3156/3220 3019/3161/3223
f 3015/3153/3219 3019/3161/3223 3017/3158/3221
f 3016/3156/3220 3018/3159/3222 3020/3162/3224
f 3016/3156/3220 3020/3162/3224 3019/3161/3223
f 3018/3159/3222 2974/3160/3178 3021/3163/3225
f 3017/3158/3221 3019/3161/3223 3022/3164/3226
f 3017/3158/3221 3022/3164/3226 3013/3149/3217
f 3022/3164/3226 3019/3161/3223 3023/3165/3227
f 3023/3165/3227 3019/3161/3223 3020/3162/3224
f 3013/3149/3217 3022/3164/3226 3024/3164/3228
f 3024/3164/3228 3022/3164/3226 3023/3165/3227
f 3018/3159/3222 3021/3163/3225 3025/3166/3229
f 3018/3159/3222 3025/3166/3229 3020/3162/3224
f 3013/3149/3217 3024/3164/3228 3026/3167/3230
f 3013/3149/3217 3026/3167/3230 3012/3147/3216
f 3024/3164/3228 3023/3165/3227 3027/3164/3231
f 3027/3164/3231 3023/3165/3227 3020/3162/3224
f 3024/3164/3228 3027/3164/3231 3026/3167/3230
f 3020/3162/3224 3025/3166/3229 3028/3168/3232
f 3028/3168/3232 3025/3166/3229 3021/3163/3225
f 3027/3164/3231 3020/3162/3224 3029/3169/3233
f 3029/3169/3233 3020/3162/3224 3028/3168/3232
f 3027/3164/3231 3029/3169/3233 3026/3167/3230
f 3012/3147/3216 3026/3167/3230 3007/3141/3211
f 3029/3169/3233 3028/3168/3232 3030/3170/3234
f 3026/3167/3230 3029/3169/3233 3031/3171/3235
f 3031/3171/3235 3029/3169/3233 3030/3170/3234
f 3007/3141/3211 3026/3167/3230 3032/3171/3236
f 3032/3171/3236 3026/3167/3230 3031/3171/3235
f 3007/3141/3211 3032/3171/3236 3033/3172/3237
f 3032/3171/3236 3031/3171/3235 3034/3173/3238
f 3032/3171/3236 3034/3173/3238 3033/3172/3237
f 3034/3173/3238 3031/3171/3235 3030/3170/3234
f 3007/3141/3211 3033/3172/3237 3035/3174/3239
f 3035/3174/3239 3033/3172/3237 3034/3173/3238
f 3007/3141/3211 3035/3174/3239 3002/3132/3206
f 3035/3174/3239 3034/3173/3238 3036/3175/3240
f 3035/3174/3239 3036/3175/3240 3002/3132/3206
f 3036/3175/3240 3034/3173/3238 3030/3170/3234
f 3002/3132/3206 3036/3175/3240 2998/3128/3202
f 2998/3128/3202 3036/3175/3240 3030/3170/3234
f 2998/3128/3202 3030/3170/3234 3001/3131/3205
f 3037/3176/3241 3030/3170/3234 3028/3168/3232
f 3030/3170/3234 3037/3176/3241 3001/3131/3205
f 3037/3176/3241 3028/3168/3232 3021/3163/3225
f 3001/3131/3205 3037/3176/3241 3038/3177/3242
f 3038/3177/3242 3037/3176/3241 3021/3163/3225
f 3001/3131/3205 3038/3177/3242 3039/3178/3243
f 3001/3131/3205 3039/3178/3243 2995/3125/3199
f 2995/3125/3199 3039/3178/3243 3040/3179/3244
f 3040/3179/3244 3039/3178/3243 3038/3177/3242
f 2995/3125/3199 3040/3179/3244 3041/3180/3245
f 2995/3125/3199 3041/3180/3245 2994/3124/3198
f 3040/3179/3244 3038/3177/3242 3042/3181/3246
f 2994/3124/3198 3041/3180/3245 3043/3182/3247
f 2994/3124/3198 3043/3182/3247 2992/3122/3196
f 3041/3180/3245 3040/3179/3244 3044/3183/3248
f 3040/3179/3244 3042/3181/3246 3045/3184/3249
f 3040/3179/3244 3045/3184/3249 3044/3183/3248
f 3042/3181/3246 3038/3177/3242 3046/3185/3250
f 3042/3181/3246 3046/3185/3250 3045/3184/3249
f 3047/3186/3251 3038/3177/3242 3021/3163/3225
f 3038/3177/3242 3047/3186/3251 3046/3185/3250
f 3047/3186/3251 3021/3163/3225 3048/3187/3252
f 3048/3187/3252 3021/3163/3225 2974/3160/3178
f 3048/3187/3252 2974/3160/3178 2981/3188/3185
f 3049/3189/3253 3044/3183/3248 3045/3184/3249
f 3050/3190/3254 3041/3180/3245 3044/3183/3248
f 3041/3180/3245 3050/3190/3254 3043/3182/3247
f 3050/3190/3254 3044/3183/3248 3051/3191/3255
f 3051/3191/3255 3044/3183/3248 3049/3189/3253
f 3043/3182/3247 3050/3190/3254 3052/3192/3256
f 3052/3192/3256 3050/3190/3254 3051/3191/3255
f 3049/3189/3253 3045/3184/3249 3053/3193/3257
f 3053/3193/3257 3045/3184/3249 3046/3185/3250
f 3051/3191/3255 3049/3189/3253 3054/3194/3258
f 3049/3189/3253 3053/3193/3257 3055/3195/3259
f 3049/3189/3253 3055/3195/3259 3054/3194/3258
f 3055/3195/3259 3053/3193/3257 3056/3196/3260
f 3054/3194/3258 3055/3195/3259 3057/3197/3261
f 3053/3193/3257 3046/3185/3250 3058/3198/3262
f 3053/3193/3257 3058/3198/3262 3056/3196/3260
f 3058/3198/3262 3046/3185/3250 3059/3199/3263
f 3059/3199/3263 3046/3185/3250 3060/3200/3264
f 3060/3200/3264 3046/3185/3250 3047/3186/3251
f 3058/3198/3262 3059/3199/3263 3061/3201/3265
f 3061/3201/3265 3059/3199/3263 3060/3200/3264
f 3060/3200/3264 3047/3186/3251 3048/3187/3252
f 3061/3201/3265 3060/3200/3264 3062/3202/3266
f 3062/3202/3266 3060/3200/3264 3048/3187/3252
f 3061/3201/3265 3062/3202/3266 3063/3203/3267
f 3063/3203/3267 3062/3202/3266 3048/3187/3252
f 3058/3198/3262 3061/3201/3265 3064/3204/3268
f 3064/3204/3268 3061/3201/3265 3063/3203/3267
f 3058/3198/3262 3064/3204/3268 3056/3196/3260
f 3063/3203/3267 3048/3187/3252 3065/3205/3269
f 3064/3204/3268 3063/3203/3267 3066/3206/3270
f 3065/3205/3269 3048/3187/3252 3067/3207/3271
f 3067/3207/3271 3048/3187/3252 2981/3188/3185
f 3067/3207/3271 2981/3188/3185 2987/3208/3191
f 3063/3203/3267 3065/3205/3269 3068/3209/3272
f 3068/3209/3272 3065/3205/3269 3067/3207/3271
f 3063/3203/3267 3068/3209/3272 3066/3206/3270
f 3067/3207/3271 2987/3208/3191 3069/3209/3273
f 3067/3207/3271 3069/3209/3273 3068/3209/3272
f 3069/3209/3273 2987/3208/3191 2993/3210/3197
f 3068/3209/3272 3069/3209/3273 3070/3211/3274
f 3068/3209/3272 3070/3211/3274 3066/3206/3270
f 3069/3209/3273 2993/3210/3197 3071/3212/3275
f 3069/3209/3273 3071/3212/3275 3070/3211/3274
f 3071/3212/3275 2993/3210/3197 3072/3213/3276
f 3066/3206/3270 3070/3211/3274 3073/3214/3277
f 3073/3214/3277 3070/3211/3274 3071/3212/3275
f 3071/3212/3275 3072/3213/3276 3074/3215/3278
f 3071/3212/3275 3074/3215/3278 3073/3214/3277
f 3074/3215/3278 3072/3213/3276 3075/3216/3279
f 3074/3215/3278 3075/3216/3279 3076/3217/3280
f 3074/3215/3278 3076/3217/3280 3073/3214/3277
f 3076/3217/3280 3075/3216/3279 3077/3218/3281
f 3076/3217/3280 3077/3218/3281 3073/3214/3277
f 3077/3218/3281 3075/3216/3279 3078/3219/3282
f 3079/3220/3283 3066/3206/3270 3073/3214/3277
f 3066/3206/3270 3079/3220/3283 3080/3221/3284
f 3066/3206/3270 3080/3221/3284 3064/3204/3268
f 3064/3204/3268 3080/3221/3284 3056/3196/3260
f 3080/3221/3284 3079/3220/3283 3081/3222/3285
f 3080/3221/3284 3081/3222/3285 3056/3196/3260
f 3079/3220/3283 3073/3214/3277 3082/3223/3286
f 3079/3220/3283 3082/3223/3286 3081/3222/3285
f 3082/3223/3286 3073/3214/3277 3083/3224/3287
f 3083/3224/3287 3073/3214/3277 3077/3218/3281
f 3082/3223/3286 3083/3224/3287 3084/3225/3288
f 3082/3223/3286 3084/3225/3288 3081/3222/3285
f 3083/3224/3287 3077/3218/3281 3085/3226/3289
f 3085/3226/3289 3077/3218/3281 3078/3219/3282
f 3083/3224/3287 3085/3226/3289 3086/3227/3290
f 3083/3224/3287 3086/3227/3290 3084/3225/3288
f 3085/3226/3289 3078/3219/3282 3087/3228/3291
f 3085/3226/3289 3087/3228/3291 3086/3227/3290
f 3087/3228/3291 3078/3219/3282 3088/3229/3292
f 3089/3230/3293 3081/3222/3285 3084/3225/3288
f 3087/3228/3291 3088/3229/3292 3090/3231/3294
f 3090/3231/3294 3088/3229/3292 3091/3232/3295
f 3086/3227/3290 3087/3228/3291 3092/3233/3296
f 3092/3233/3296 3087/3228/3291 3090/3231/3294
f 3093/3234/3297 3084/3225/3288 3086/3227/3290
f 3093/3234/3297 3086/3227/3290 3092/3233/3296
f 3089/3230/3293 3084/3225/3288 3094/3235/3298
f 3094/3235/3298 3084/3225/3288 3093/3234/3297
f 3090/3231/3294 3091/3232/3295 3095/3236/3299
f 3095/3236/3299 3091/3232/3295 3096/3237/3300
f 3092/3233/3296 3090/3231/3294 3097/3238/3301
f 3097/3238/3301 3090/3231/3294 3095/3236/3299
f 3093/3234/3297 3092/3233/3296 3098/3239/3302
f 3098/3239/3302 3092/3233/3296 3097/3238/3301
f 3093/3234/3297 3098/3239/3302 3094/3235/3298
f 3095/3236/3299 3096/3237/3300 3099/3240/3303
f 3099/3240/3303 3096/3237/3300 3100/3241/3304
f 3097/3238/3301 3095/3236/3299 3101/3242/3305
f 3097/3238/3301 3101/3242/3305 3098/3239/3302
f 3095/3236/3299 3099/3240/3303 3102/3243/3306
f 3095/3236/3299 3102/3243/3306 3101/3242/3305
f 3099/3240/3303 3100/3241/3304 3103/3244/3307
f 3099/3240/3303 3103/3244/3307 3102/3243/3306
f 3103/3244/3307 3100/3241/3304 3104/3245/3308
f 3098/3239/3302 3101/3242/3305 3105/3246/3309
f 3105/3246/3309 3101/3242/3305 3102/3243/3306
f 3098/3239/3302 3105/3246/3309 3106/3247/3310
f 3105/3246/3309 3102/3243/3306 3107/3248/3311
f 3098/3239/3302 3106/3247/3310 3108/3249/3312
f 3098/3239/3302 3108/3249/3312 3094/3235/3298
f 3106/3247/3310 3105/3246/3309 3109/3250/3313
f 3109/3250/3313 3105/3246/3309 3107/3248/3311
f 3107/3248/3311 3102/3243/3306 3110/3251/3314
f 3110/3251/3314 3102/3243/3306 3103/3244/3307
f 3109/3250/3313 3107/3248/3311 3111/3252/3315
f 3111/3252/3315 3107/3248/3311 3112/3253/3316
f 3112/3253/3316 3107/3248/3311 3110/3251/3314
f 3109/3250/3313 3111/3252/3315 3113/3254/3317
f 3113/3254/3317 3111/3252/3315 3112/3253/3316
f 3114/3255/3318 3106/3247/3310 3109/3250/3313
f 3114/3255/3318 3109/3250/3313 3113/3254/3317
f 3106/3247/3310 3114/3255/3318 3115/3256/3319
f 3106/3247/3310 3115/3256/3319 3108/3249/3312
f 3114/3255/3318 3113/3254/3317 3116/3257/3320
f 3108/3249/3312 3115/3256/3319 3117/3258/3321
f 3108/3249/3312 3117/3258/3321 3094/3235/3298
f 3115/3256/3319 3114/3255/3318 3118/3259/3322
f 3118/3259/3322 3114/3255/3318 3116/3257/3320
f 3117/3258/3321 3115/3256/3319 3119/3260/3323
f 3119/3260/3323 3115/3256/3319 3118/3259/3322
f 3094/3235/3298 3117/3258/3321 3120/3261/3324
f 3120/3261/3324 3117/3258/3321 3119/3260/3323
f 3094/3235/3298 3120/3261/3324 3121/3262/3325
f 3094/3235/3298 3121/3262/3325 3089/3230/3293
f 3089/3230/3293 3121/3262/3325 3081/3222/3285
f 3081/3222/3285 3121/3262/3325 3122/3263/3326
f 3081/3222/3285 3122/3263/3326 3056/3196/3260
f 3056/3196/3260 3122/3263/3326 3055/3195/3259
f 3055/3195/3259 3122/3263/3326 3057/3197/3261
f 3057/3197/3261 3122/3263/3326 3121/3262/3325
f 3057/3197/3261 3121/3262/3325 3120/3261/3324
f 3057/3197/3261 3120/3261/3324 3123/3264/3327
f 3123/3264/3327 3120/3261/3324 3119/3260/3323
f 3057/3197/3261 3123/3264/3327 3124/3265/3328
f 3057/3197/3261 3124/3265/3328 3054/3194/3258
f 3123/3264/3327 3119/3260/3323 3125/3266/3329
f 3123/3264/3327 3125/3266/3329 3124/3265/3328
f 3125/3266/3329 3119/3260/3323 3126/3267/3330
f 3054/3194/3258 3124/3265/3328 3127/3268/3331
f 3054/3194/3258 3127/3268/3331 3051/3191/3255
f 3124/3265/3328 3125/3266/3329 3128/3269/3332
f 3124/3265/3328 3128/3269/3332 3127/3268/3331
f 3125/3266/3329 3126/3267/3330 3129/3270/3333
f 3125/3266/3329 3129/3270/3333 3128/3269/3332
f 3126/3267/3330 3119/3260/3323 3130/3271/3334
f 3130/3271/3334 3119/3260/3323 3118/3259/3322
f 3129/3270/3333 3126/3267/3330 3131/3272/3335
f 3131/3272/3335 3126/3267/3330 3130/3271/3334
f 3128/3269/3332 3129/3270/3333 3132/3273/3336
f 3132/3273/3336 3129/3270/3333 3131/3272/3335
f 3133/3274/3337 3127/3268/3331 3128/3269/3332
f 3133/3274/3337 3128/3269/3332 3132/3273/3336
f 3134/3275/3338 3051/3191/3255 3127/3268/3331
f 3134/3275/3338 3127/3268/3331 3133/3274/3337
f 3051/3191/3255 3134/3275/3338 3052/3192/3256
f 3052/3192/3256 3134/3275/3338 3135/3276/3339
f 3052/3192/3256 3135/3276/3339 3043/3182/3247
f 3134/3275/3338 3133/3274/3337 3136/3277/3340
f 3134/3275/3338 3136/3277/3340 3135/3276/3339
f 3137/3278/3341 3133/3274/3337 3132/3273/3336
f 3133/3274/3337 3137/3278/3341 3136/3277/3340
f 3137/3278/3341 3132/3273/3336 3138/3279/3342
f 3136/3277/3340 3137/3278/3341 3139/3280/3343
f 3140/3281/3344 3132/3273/3336 3131/3272/3335
f 3132/3273/3336 3140/3281/3344 3138/3279/3342
f 3136/3277/3340 3139/3280/3343 3141/3282/3345
f 3136/3277/3340 3141/3282/3345 3135/3276/3339
f 3139/3280/3343 3137/3278/3341 3142/3283/3346
f 3142/3283/3346 3137/3278/3341 3138/3279/3342
f 3141/3282/3345 3139/3280/3343 3078/3284/3282
f 3078/3284/3282 3139/3280/3343 3142/3283/3346
f 3141/3282/3345 3078/3284/3282 3075/3285/3279
f 3078/3284/3282 3142/3283/3346 3088/3286/3292
f 3141/3282/3345 3075/3285/3279 3143/3287/3347
f 3141/3282/3345 3143/3287/3347 3135/3276/3339
f 3143/3287/3347 3075/3285/3279 3144/3288/3348
f 3143/3287/3347 3144/3288/3348 3135/3276/3339
f 3144/3288/3348 3075/3285/3279 3072/3289/3276
f 3088/3286/3292 3142/3283/3346 3145/3290/3349
f 3145/3290/3349 3142/3283/3346 3138/3279/3342
f 3088/3286/3292 3145/3290/3349 3091/3291/3295
f 3145/3290/3349 3138/3279/3342 3146/3292/3350
f 3144/3288/3348 3072/3289/3276 3147/3293/3351
f 3144/3288/3348 3147/3293/3351 3135/3276/3339
f 3147/3293/3351 3072/3289/3276 2993/3123/3197
f 3135/3276/3339 3147/3293/3351 3043/3182/3247
f 3147/3293/3351 2993/3123/3197 2992/3122/3196
f 3147/3293/3351 2992/3122/3196 3043/3182/3247
f 3146/3292/3350 3138/3279/3342 3140/3281/3344
f 3145/3290/3349 3146/3292/3350 3148/3294/3352
f 3148/3294/3352 3146/3292/3350 3140/3281/3344
f 3149/3295/3353 3091/3291/3295 3145/3290/3349
f 3149/3295/3353 3145/3290/3349 3148/3294/3352
f 3091/3291/3295 3149/3295/3353 3096/3296/3300
f 3096/3296/3300 3149/3295/3353 3150/3297/3354
f 3150/3297/3354 3149/3295/3353 3148/3294/3352
f 3096/3296/3300 3150/3297/3354 3100/3298/3304
f 3148/3294/3352 3140/3281/3344 3151/3299/3355
f 3100/3298/3304 3150/3297/3354 3152/3300/3356
f 3100/3298/3304 3152/3300/3356 3104/3301/3308
f 3150/3297/3354 3148/3294/3352 3153/3302/3357
f 3150/3297/3354 3153/3302/3357 3152/3300/3356
f 3148/3294/3352 3151/3299/3355 3154/3303/3358
f 3148/3294/3352 3154/3303/3358 3153/3302/3357
f 3151/3299/3355 3140/3281/3344 3155/3304/3359
f 3151/3299/3355 3155/3304/3359 3154/3303/3358
f 3155/3304/3359 3140/3281/3344 3131/3272/3335
f 3155/3304/3359 3131/3272/3335 3130/3271/3334
f 3154/3303/3358 3155/3304/3359 3156/3305/3360
f 3156/3305/3360 3155/3304/3359 3130/3271/3334
f 3153/3302/3357 3154/3303/3358 3157/3306/3361
f 3157/3306/3361 3154/3303/3358 3156/3305/3360
f 3156/3305/3360 3130/3271/3334 3158/3307/3362
f 3158/3307/3362 3130/3271/3334 3118/3259/3322
f 3157/3306/3361 3156/3305/3360 3159/3308/3363
f 3159/3308/3363 3156/3305/3360 3158/3307/3362
f 3158/3307/3362 3118/3259/3322 3116/3257/3320
f 3159/3308/3363 3158/3307/3362 3160/3309/3364
f 3158/3307/3362 3116/3257/3320 3161/3310/3365
f 3158/3307/3362 3161/3310/3365 3160/3309/3364
f 3161/3310/3365 3116/3257/3320 3113/3254/3317
f 3161/3310/3365 3113/3254/3317 3112/3253/3316
f 3160/3309/3364 3161/3310/3365 3162/3311/3366
f 3160/3309/3364 3162/3311/3366 3159/3308/3363
f 3161/3310/3365 3112/3253/3316 3163/3312/3367
f 3162/3311/3366 3161/3310/3365 3164/3313/3368
f 3164/3313/3368 3161/3310/3365 3163/3312/3367
f 3159/3308/3363 3162/3311/3366 3165/3314/3369
f 3159/3308/3363 3165/3314/3369 3157/3306/3361
f 3162/3311/3366 3164/3313/3368 3166/3315/3370
f 3162/3311/3366 3166/3315/3370 3165/3314/3369
f 3157/3306/3361 3165/3314/3369 3167/3316/3371
f 3157/3306/3361 3167/3316/3371 3153/3302/3357
f 3153/3302/3357 3167/3316/3371 3152/3300/3356
f 3167/3316/3371 3165/3314/3369 3168/3317/3372
f 3168/3317/3372 3165/3314/3369 3166/3315/3370
f 3166/3315/3370 3164/3313/3368 3169/3318/3373
f 3169/3318/3373 3164/3313/3368 3163/3312/3367
f 3168/3317/3372 3166/3315/3370 3170/3319/3374
f 3171/3320/3375 3163/3312/3367 3112/3253/3316
f 3171/3320/3375 3112/3253/3316 3110/3251/3314
f 3166/3315/3370 3169/3318/3373 3172/3321/3376
f 3166/3315/3370 3172/3321/3376 3170/3319/3374
f 3169/3318/3373 3163/3312/3367 3173/3322/3377
f 3173/3322/3377 3163/3312/3367 3174/3323/3378
f 3174/3323/3378 3163/3312/3367 3171/3320/3375
f 3169/3318/3373 3173/3322/3377 3175/3324/3379
f 3169/3318/3373 3175/3324/3379 3172/3321/3376
f 3175/3324/3379 3173/3322/3377 3176/3325/3380
f 3176/3325/3380 3173/3322/3377 3174/3323/3378
f 3172/3321/3376 3175/3324/3379 3177/3326/3381
f 3172/3321/3376 3177/3326/3381 3178/3327/3382
f 3172/3321/3376 3178/3327/3382 3170/3319/3374
f 3177/3326/3381 3175/3324/3379 3179/3328/3383
f 3179/3328/3383 3175/3324/3379 3176/3325/3380
f 3178/3327/3382 3177/3326/3381 3180/3329/3384
f 3178/3327/3382 3180/3329/3384 3170/3319/3374
f 3180/3329/3384 3177/3326/3381 3179/3328/3383
f 3181/3330/3385 3176/3325/3380 3174/3323/3378
f 3179/3328/3383 3176/3325/3380 3182/3331/3386
f 3182/3331/3386 3176/3325/3380 3181/3330/3385
f 3181/3330/3385 3174/3323/3378 3183/3332/3387
f 3181/3330/3385 3183/3332/3387 3182/3331/3386
f 3183/3332/3387 3174/3323/3378 3184/3333/3388
f 3184/3333/3388 3174/3323/3378 3171/3320/3375
f 3183/3332/3387 3184/3333/3388 3185/3334/3389
f 3183/3332/3387 3185/3334/3389 3182/3331/3386
f 3184/3333/3388 3171/3320/3375 3186/3335/3390
f 3187/3336/3391 3179/3328/3383 3182/3331/3386
f 3179/3328/3383 3187/3336/3391 3180/3329/3384
f 3186/3335/3390 3171/3320/3375 3188/3337/3392
f 3188/3337/3392 3171/3320/3375 3110/3251/3314
f 3188/3337/3392 3110/3251/3314 3103/3244/3307
f 3184/3333/3388 3186/3335/3390 3189/3338/3393
f 3184/3333/3388 3189/3338/3393 3185/3334/3389
f 3186/3335/3390 3188/3337/3392 3190/3339/3394
f 3186/3335/3390 3190/3339/3394 3189/3338/3393
f 3188/3337/3392 3103/3244/3307 3191/3340/3395
f 3188/3337/3392 3191/3340/3395 3190/3339/3394
f 3191/3340/3395 3103/3244/3307 3192/3341/3396
f 3191/3340/3395 3192/3341/3396 3190/3339/3394
f 3192/3341/3396 3103/3244/3307 3104/3245/3308
f 3192/3341/3396 3104/3245/3308 3193/3342/3397
f 3192/3341/3396 3193/3342/3397 3194/3343/3398
f 3192/3341/3396 3194/3343/3398 3190/3339/3394
f 3194/3343/3398 3193/3342/3397 3195/3344/3399
f 3190/3339/3394 3194/3343/3398 3196/3345/3400
f 3196/3345/3400 3194/3343/3398 3195/3344/3399
f 3190/3339/3394 3196/3345/3400 3189/3338/3393
f 3196/3345/3400 3195/3344/3399 3197/3346/3401
f 3196/3345/3400 3197/3346/3401 3198/3347/3402
f 3198/3347/3402 3197/3346/3401 3199/3347/3403
f 3189/3338/3393 3196/3345/3400 3200/3348/3404
f 3189/3338/3393 3200/3348/3404 3185/3334/3389
f 3196/3345/3400 3198/3347/3402 3201/3349/3405
f 3196/3345/3400 3201/3349/3405 3200/3348/3404
f 3198/3347/3402 3199/3347/3403 3202/3350/3406
f 3198/3347/3402 3202/3350/3406 3201/3349/3405
f 3202/3350/3406 3199/3347/3403 3203/3351/3407
f 3200/3348/3404 3201/3349/3405 3204/3352/3408
f 3204/3352/3408 3201/3349/3405 3202/3350/3406
f 3205/3353/3409 3185/3334/3389 3200/3348/3404
f 3205/3353/3409 3200/3348/3404 3204/3352/3408
f 3202/3350/3406 3203/3351/3407 3206/3354/3410
f 3206/3354/3410 3203/3351/3407 3207/3355/3411
f 3202/3350/3406 3206/3354/3410 3208/3356/3412
f 3206/3354/3410 3207/3355/3411 3209/3357/3413
f 3209/3357/3413 3207/3355/3411 3210/3358/3414
f 3208/3356/3412 3206/3354/3410 3211/3359/3415
f 3211/3359/3415 3206/3354/3410 3209/3357/3413
f 3202/3350/3406 3208/3356/3412 3212/3356/3416
f 3202/3350/3406 3212/3356/3416 3204/3352/3408
f 3212/3356/3416 3208/3356/3412 3211/3359/3415
f 3209/3357/3413 3210/3358/3414 3213/3360/3417
f 3209/3357/3413 3213/3360/3417 3211/3359/3415
f 3213/3360/3417 3210/3358/3414 3214/3361/3418
f 3204/3352/3408 3212/3356/3416 3215/3362/3419
f 3204/3352/3408 3215/3362/3419 3205/3353/3409
f 3212/3356/3416 3211/3359/3415 3216/3363/3420
f 3212/3356/3416 3216/3363/3420 3215/3362/3419
f 3216/3363/3420 3211/3359/3415 3217/3364/3421
f 3217/3364/3421 3211/3359/3415 3213/3360/3417
f 3215/3362/3419 3216/3363/3420 3218/3365/3422
f 3218/3365/3422 3216/3363/3420 3217/3364/3421
f 3205/3353/3409 3215/3362/3419 3219/3366/3423
f 3205/3353/3409 3219/3366/3423 3185/3334/3389
f 3215/3362/3419 3218/3365/3422 3220/3367/3424
f 3215/3362/3419 3220/3367/3424 3219/3366/3423
f 3185/3334/3389 3219/3366/3423 3221/3368/3425
f 3185/3334/3389 3221/3368/3425 3182/3331/3386
f 3219/3366/3423 3220/3367/3424 3222/3369/3426
f 3219/3366/3423 3222/3369/3426 3221/3368/3425
f 3221/3368/3425 3222/3369/3426 3223/3370/3427
f 3222/3369/3426 3220/3367/3424 3224/3371/3428
f 3222/3369/3426 3224/3371/3428 3223/3370/3427
f 3182/3331/3386 3221/3368/3425 3225/3372/3429
f 3182/3331/3386 3225/3372/3429 3187/3336/3391
f 3221/3368/3425 3223/3370/3427 3226/3373/3430
f 3221/3368/3425 3226/3373/3430 3225/3372/3429
f 3226/3373/3430 3223/3370/3427 3224/3371/3428
f 3187/3336/3391 3225/3372/3429 3227/3374/3431
f 3227/3374/3431 3225/3372/3429 3226/3373/3430
f 3187/3336/3391 3227/3374/3431 3228/3375/3432
f 3187/3336/3391 3228/3375/3432 3180/3329/3384
f 3227/3374/3431 3226/3373/3430 3229/3376/3433
f 3229/3376/3433 3226/3373/3430 3224/3371/3428
f 3228/3375/3432 3227/3374/3431 3230/3377/3434
f 3230/3377/3434 3227/3374/3431 3229/3376/3433
f 3180/3329/3384 3228/3375/3432 3231/3378/3435
f 3231/3378/3435 3228/3375/3432 3230/3377/3434
f 3180/3329/3384 3231/3378/3435 3232/3379/3436
f 3231/3378/3435 3230/3377/3434 3233/3380/3437
f 3231/3378/3435 3233/3380/3437 3232/3379/3436
f 3230/3377/3434 3229/3376/3433 3234/3381/3438
f 3230/3377/3434 3234/3381/3438 3233/3380/3437
f 3180/3329/3384 3232/3379/3436 3235/3382/3439
f 3180/3329/3384 3235/3382/3439 3170/3319/3374
f 3232/3379/3436 3233/3380/3437 3236/3383/3440
f 3170/3319/3374 3235/3382/3439 3237/3384/3441
f 3170/3319/3374 3237/3384/3441 3168/3317/3372
f 3235/3382/3439 3232/3379/3436 3238/3385/3442
f 3235/3382/3439 3238/3385/3442 3237/3384/3441
f 3238/3385/3442 3232/3379/3436 3236/3383/3440
f 3168/3317/3372 3237/3384/3441 3239/3386/3443
f 3239/3386/3443 3237/3384/3441 3238/3385/3442
f 3168/3317/3372 3239/3386/3443 3167/3316/3371
f 3167/3316/3371 3239/3386/3443 3240/3387/3444
f 3167/3316/3371 3240/3387/3444 3152/3300/3356
f 3239/3386/3443 3238/3385/3442 3241/3388/3445
f 3239/3386/3443 3241/3388/3445 3240/3387/3444
f 3152/3300/3356 3240/3387/3444 3242/3389/3446
f 3242/3389/3446 3240/3387/3444 3241/3388/3445
f 3152/3300/3356 3242/3389/3446 3243/3390/3447
f 3243/3390/3447 3242/3389/3446 3241/3388/3445
f 3152/3300/3356 3243/3390/3447 3104/3301/3308
f 3104/3301/3308 3243/3390/3447 3193/3391/3397
f 3193/3391/3397 3243/3390/3447 3244/3392/3448
f 3244/3392/3448 3243/3390/3447 3241/3388/3445
f 3193/3391/3397 3244/3392/3448 3195/3393/3399
f 3245/3394/3449 3241/3388/3445 3238/3385/3442
f 3241/3388/3445 3245/3394/3449 3244/3392/3448
f 3244/3392/3448 3245/3394/3449 3195/3393/3399
f 3195/3393/3399 3245/3394/3449 3197/3395/3401
f 3245/3394/3449 3238/3385/3442 3236/3383/3440
f 3197/3395/3401 3245/3394/3449 3246/3396/3450
f 3197/3395/3401 3246/3396/3450 3199/3396/3403
f 3245/3394/3449 3236/3383/3440 3247/3397/3451
f 3245/3394/3449 3247/3397/3451 3246/3396/3450
f 3199/3396/3403 3246/3396/3450 3248/3398/3452
f 3248/3398/3452 3246/3396/3450 3247/3397/3451
f 3199/3396/3403 3248/3398/3452 3203/3399/3407
f 3203/3399/3407 3248/3398/3452 3207/3400/3411
f 3248/3398/3452 3247/3397/3451 3249/3401/3453
f 3249/3401/3453 3247/3397/3451 3236/3383/3440
f 3207/3400/3411 3248/3398/3452 3250/3402/3454
f 3250/3402/3454 3248/3398/3452 3249/3401/3453
f 3249/3401/3453 3236/3383/3440 3251/3403/3455
f 3249/3401/3453 3251/3403/3455 3250/3402/3454
f 3251/3403/3455 3236/3383/3440 3233/3380/3437
f 3207/3400/3411 3250/3402/3454 3252/3404/3456
f 3207/3400/3411 3252/3404/3456 3210/3405/3414
f 3210/3405/3414 3252/3404/3456 3253/3406/3457
f 3210/3405/3414 3253/3406/3457 3214/3407/3418
f 3252/3404/3456 3250/3402/3454 3254/3408/3458
f 3252/3404/3456 3254/3408/3458 3253/3406/3457
f 3214/3407/3418 3253/3406/3457 3255/3409/3459
f 3254/3408/3458 3250/3402/3454 3256/3410/3460
f 3256/3410/3460 3250/3402/3454 3251/3403/3455
f 3253/3406/3457 3254/3408/3458 3257/3411/3461
f 3257/3411/3461 3254/3408/3458 3256/3410/3460
f 3255/3409/3459 3253/3406/3457 3258/3412/3462
f 3258/3412/3462 3253/3406/3457 3257/3411/3461
f 3255/3409/3459 3258/3412/3462 3259/3413/3463
f 3255/3409/3459 3259/3413/3463 119/3414/119
f 3258/3412/3462 3257/3411/3461 3260/3415/3464
f 3260/3415/3464 3257/3411/3461 3256/3410/3460
f 3259/3413/3463 3258/3412/3462 3261/3416/3465
f 3261/3416/3465 3258/3412/3462 3260/3415/3464
f 119/3414/119 3259/3413/3463 3262/3417/3466
f 3262/3417/3466 3259/3413/3463 3261/3416/3465
f 119/3414/119 3262/3417/3466 117/3418/117
f 117/3418/117 3262/3417/3466 3263/3419/3467
f 3263/3419/3467 3262/3417/3466 3261/3416/3465
f 117/3418/117 3263/3419/3467 3264/3420/3468
f 3263/3419/3467 3261/3416/3465 3265/3421/3469
f 3263/3419/3467 3265/3421/3469 3264/3420/3468
f 3266/3422/3470 3261/3416/3465 3260/3415/3464
f 3265/3421/3469 3261/3416/3465 3267/3423/3471
f 3267/3423/3471 3261/3416/3465 3266/3422/3470
f 3266/3422/3470 3260/3415/3464 3268/3424/3472
f 3268/3424/3472 3260/3415/3464 3256/3410/3460
f 3267/3423/3471 3266/3422/3470 3269/3425/3473
f 3269/3425/3473 3266/3422/3470 3268/3424/3472
f 3265/3421/3469 3267/3423/3471 3270/3426/3474
f 3270/3426/3474 3267/3423/3471 3269/3425/3473
f 3271/3427/3475 3264/3420/3468 3265/3421/3469
f 3271/3427/3475 3265/3421/3469 3270/3426/3474
f 3264/3420/3468 3271/3427/3475 3272/3428/3476
f 3273/3429/3477 117/3418/117 3264/3420/3468
f 3273/3429/3477 3264/3420/3468 3272/3428/3476
f 117/3418/117 3273/3429/3477 115/177/115
f 115/177/115 3273/3429/3477 168/174/168
f 168/174/168 3273/3429/3477 3274/3430/3478
f 3274/3430/3478 3273/3429/3477 3272/3428/3476
f 168/174/168 3274/3430/3478 169/176/169
f 169/176/169 3274/3430/3478 165/167/165
f 165/167/165 3274/3430/3478 3272/3428/3476
f 3275/3431/3479 3272/3428/3476 3271/3427/3475
f 3275/3431/3479 3271/3427/3475 3270/3426/3474
f 165/167/165 3272/3428/3476 3276/3432/3480
f 3276/3432/3480 3272/3428/3476 3275/3431/3479
f 165/167/165 3276/3432/3480 3277/3433/3481
f 165/167/165 3277/3433/3481 161/163/161
f 161/163/161 3277/3433/3481 3276/3432/3480
f 161/163/161 3276/3432/3480 162/164/162
f 3276/3432/3480 3275/3431/3479 3278/3434/3482
f 3278/3434/3482 3275/3431/3479 3270/3426/3474
f 162/164/162 3276/3432/3480 3279/3435/3483
f 3279/3435/3483 3276/3432/3480 3278/3434/3482
f 162/164/162 3279/3435/3483 3280/3436/3484
f 3279/3435/3483 3278/3434/3482 3281/3437/3485
f 3279/3435/3483 3281/3437/3485 3280/3436/3484
f 3278/3434/3482 3270/3426/3474 3282/3438/3486
f 3278/3434/3482 3282/3438/3486 3281/3437/3485
f 3282/3438/3486 3270/3426/3474 3283/3439/3487
f 3283/3439/3487 3270/3426/3474 3269/3425/3473
f 3281/3437/3485 3282/3438/3486 3284/3440/3488
f 3284/3440/3488 3282/3438/3486 3283/3439/3487
f 3283/3439/3487 3269/3425/3473 3285/3441/3489
f 3283/3439/3487 3285/3441/3489 3284/3440/3488
f 3285/3441/3489 3269/3425/3473 3286/3442/3490
f 3286/3442/3490 3269/3425/3473 3268/3424/3472
f 3284/3440/3488 3285/3441/3489 3287/3443/3491
f 3287/3443/3491 3285/3441/3489 3286/3442/3490
f 3284/3440/3488 3287/3443/3491 3288/3444/3492
f 3284/3440/3488 3288/3444/3492 3289/3445/3493
f 3288/3444/3492 3287/3443/3491 3290/3446/3494
f 3288/3444/3492 3290/3446/3494 3289/3445/3493
f 3284/3440/3488 3289/3445/3493 3291/3447/3495
f 3284/3440/3488 3291/3447/3495 3281/3437/3485
f 3281/3437/3485 3291/3447/3495 3292/3448/3496
f 3281/3437/3485 3292/3448/3496 3280/3436/3484
f 3291/3447/3495 3289/3445/3493 3293/3449/3497
f 3280/3436/3484 3292/3448/3496 3294/3450/3498
f 3280/3436/3484 3294/3450/3498 162/164/162
f 162/164/162 3294/3450/3498 94/97/94
f 94/97/94 3294/3450/3498 3295/3451/3499
f 3295/3451/3499 3294/3450/3498 3292/3448/3496
f 94/97/94 3295/3451/3499 92/95/92
f 92/95/92 3295/3451/3499 3296/3452/3500
f 3296/3452/3500 3295/3451/3499 3292/3448/3496
f 92/95/92 3296/3452/3500 96/99/96
f 3297/3453/3501 3292/3448/3496 3291/3447/3495
f 3292/3448/3496 3297/3453/3501 3296/3452/3500
f 3297/3453/3501 3291/3447/3495 3293/3449/3497
f 3296/3452/3500 3297/3453/3501 3298/3454/3502
f 3296/3452/3500 3298/3454/3502 96/99/96
f 3298/3454/3502 3297/3453/3501 3299/3455/3503
f 3299/3455/3503 3297/3453/3501 3293/3449/3497
f 96/99/96 3298/3454/3502 3300/3456/3504
f 3298/3454/3502 3299/3455/3503 3301/3457/3505
f 3298/3454/3502 3301/3457/3505 3300/3456/3504
f 96/99/96 3300/3456/3504 3302/3458/3506
f 3302/3458/3506 3300/3456/3504 3301/3457/3505
f 96/99/96 3302/3458/3506 3303/3459/3507
f 96/99/96 3303/3459/3507 85/88/85
f 85/88/85 3303/3459/3507 3304/3460/3508
f 85/88/85 3304/3460/3508 91/94/91
f 91/94/91 3304/3460/3508 113/116/113
f 3304/3460/3508 3303/3459/3507 3305/3461/3509
f 3305/3461/3509 3303/3459/3507 3302/3458/3506
f 113/116/113 3304/3460/3508 3306/3462/3510
f 3306/3462/3510 3304/3460/3508 3305/3461/3509
f 113/116/113 3306/3462/3510 119/121/119
f 119/121/119 3306/3462/3510 3307/3463/3511
f 3307/3463/3511 3306/3462/3510 3305/3461/3509
f 119/121/119 3307/3463/3511 3255/3464/3459
f 3305/3461/3509 3302/3458/3506 3308/3465/3512
f 3305/3461/3509 3308/3465/3512 3307/3463/3511
f 3307/3463/3511 3308/3465/3512 3255/3464/3459
f 3308/3465/3512 3302/3458/3506 3301/3457/3505
f 3255/3464/3459 3308/3465/3512 3309/3466/3513
f 3309/3466/3513 3308/3465/3512 3301/3457/3505
f 3255/3464/3459 3309/3466/3513 3214/3361/3418
f 3214/3361/3418 3309/3466/3513 3213/3360/3417
f 3309/3466/3513 3301/3457/3505 3310/3467/3514
f 3309/3466/3513 3310/3467/3514 3213/3360/3417
f 3310/3467/3514 3301/3457/3505 3311/3468/3515
f 3310/3467/3514 3311/3468/3515 3213/3360/3417
f 3311/3468/3515 3301/3457/3505 3299/3455/3503
f 3213/3360/3417 3311/3468/3515 3217/3364/3421
f 3311/3468/3515 3299/3455/3503 3293/3449/3497
f 3311/3468/3515 3293/3449/3497 3217/3364/3421
f 3217/3364/3421 3293/3449/3497 3218/3365/3422
f 3218/3365/3422 3293/3449/3497 3312/3469/3516
f 3312/3469/3516 3293/3449/3497 3289/3445/3493
f 3218/3365/3422 3312/3469/3516 3220/3367/3424
f 3312/3469/3516 3289/3445/3493 3290/3446/3494
f 3312/3469/3516 3290/3446/3494 3220/3367/3424
f 3220/3367/3424 3290/3446/3494 3224/3371/3428
f 3224/3371/3428 3290/3446/3494 3313/3470/3517
f 3313/3470/3517 3290/3446/3494 3287/3443/3491
f 3313/3470/3517 3287/3443/3491 3286/3442/3490
f 3224/3371/3428 3313/3470/3517 3314/3471/3518
f 3314/3471/3518 3313/3470/3517 3286/3442/3490
f 3224/3371/3428 3314/3471/3518 3229/3376/3433
f 3229/3376/3433 3314/3471/3518 3234/3381/3438
f 3314/3471/3518 3286/3442/3490 3315/3472/3519
f 3314/3471/3518 3315/3472/3519 3234/3381/3438
f 3315/3472/3519 3286/3442/3490 3316/3473/3520
f 3315/3472/3519 3316/3473/3520 3234/3381/3438
f 3316/3473/3520 3286/3442/3490 3268/3424/3472
f 3316/3473/3520 3268/3424/3472 3256/3410/3460
f 3234/3381/3438 3316/3473/3520 3317/3474/3521
f 3317/3474/3521 3316/3473/3520 3256/3410/3460
f 3234/3381/3438 3317/3474/3521 3233/3380/3437
f 3317/3474/3521 3256/3410/3460 3251/3403/3455
f 3317/3474/3521 3251/3403/3455 3233/3380/3437
s off
