# Blender 5.1.0
# www.blender.org
mtllib SPD-89001X-B.mtl
o SPD-89001X-B
v -539.974304 130.276855 104.528427
v -546.820862 72.607414 96.701767
v -543.189026 111.711967 64.134270
v -544.371765 111.831512 62.273464
v -560.209778 97.641098 116.056755
v -572.666382 103.278709 124.860085
v -572.933411 103.289322 124.115112
v -563.204041 120.052826 115.985191
v -560.509338 120.277519 113.686409
v -553.324097 47.607025 80.180756
v -553.791260 68.196358 78.774574
v -553.745422 68.620811 77.996971
v -549.725647 42.980286 103.018562
v -553.522888 68.240677 77.601112
v -545.055908 109.877319 62.866673
v -562.936035 117.821785 107.922432
v -548.256104 43.133537 96.794716
v -547.780762 43.820129 96.722221
v -546.015320 45.307648 102.494186
v -542.835449 114.254082 62.749264
v -546.285095 46.006123 101.039856
v -546.587708 93.659889 71.283951
v -565.307007 119.669716 111.253510
v -564.279602 117.989166 108.791382
v -567.048340 119.640594 111.960213
v -561.601318 117.251892 106.717690
v -544.852295 42.174042 98.789001
v -545.576660 41.062481 99.557358
v -545.505493 79.617119 98.696770
v -559.963562 119.493172 110.430275
v -543.850037 43.557903 103.536072
v -558.263428 117.183105 106.526329
v -557.234009 116.454849 105.681580
v -554.820557 117.314461 106.919228
v -555.013123 118.528847 108.908875
v -546.983643 40.745201 99.799774
v -546.641785 40.224663 97.701599
v -552.085266 119.452194 109.775803
v -552.115967 118.635910 108.546448
v -555.825134 115.854019 105.608620
v -554.005371 116.537155 106.641212
v -554.077332 118.139694 107.941551
v -552.083374 117.379036 106.775192
v -550.941833 119.240463 108.940926
v -548.993286 118.255699 107.954865
v -542.296692 117.374870 61.178230
v -540.840637 113.579796 96.608124
v -542.873352 115.394768 100.140427
v -542.107300 115.552521 99.744431
v -542.643677 103.193138 73.234932
v -553.366821 115.917221 106.651627
v -551.063232 115.626572 105.786346
v -550.062927 116.017113 104.556343
v -550.589172 114.692688 104.720497
v -552.353333 117.924492 107.277733
v -550.797180 116.993774 106.035210
v -545.704407 119.686188 107.833160
v -547.518921 120.852318 108.185280
v -568.011719 118.254509 117.831665
v -569.644104 114.840813 119.246147
v -567.769165 116.957321 117.711815
v -565.259766 117.658417 115.777199
v -566.487488 118.619080 116.086426
v -554.919006 41.365028 82.696220
v -554.067749 41.788990 81.833702
v -555.213074 41.024155 84.191727
v -555.181885 41.407104 85.565521
v -555.653015 41.524231 84.263779
v -555.161682 42.556000 84.851784
v -555.265259 42.178440 83.900467
v -548.902588 40.946918 91.585663
v -547.153198 41.852200 92.945366
v -546.876282 40.711819 95.399643
v -548.533142 43.416645 89.351936
v -546.620056 42.817104 93.698189
v -548.091431 42.308331 90.604362
v -552.310120 116.104767 106.552040
v -551.274658 114.818413 106.553833
v -552.770325 115.173340 106.891830
v -547.599670 118.437531 108.078644
v -555.329163 96.067383 110.358444
v -554.716431 95.611092 111.012550
v -549.774414 120.512024 108.955147
v -545.880920 41.968296 95.600868
v -547.751343 93.218590 110.036057
v -567.313721 119.816116 115.523277
v -567.798279 120.155769 113.597839
v -566.974976 119.180016 111.601372
v -553.967041 114.675133 106.834419
v -552.560669 114.194557 107.867355
v -551.673218 114.340370 107.526176
v -553.820923 113.986977 108.026855
v -549.076965 116.948257 105.367416
v -548.390564 119.532059 108.585899
v -544.680908 121.113892 107.399185
v -549.306946 121.935829 108.619667
v -544.202271 107.420906 65.503380
v -565.153259 118.584137 114.991478
v -565.620789 118.812332 114.136909
v -566.770752 118.805977 112.060066
v -566.398132 118.877228 113.383308
v -546.943726 92.076080 107.603409
v -548.945068 93.516830 108.206871
v -548.185059 92.623421 106.346443
v -547.913696 92.777306 105.514915
v -546.654175 91.965904 105.673691
v -553.706360 113.488419 109.860626
v -554.727783 113.568230 109.786339
v -554.721924 114.048492 108.714912
v -550.349915 113.951454 106.727066
v -550.567078 113.692642 108.965401
v -550.634216 114.148766 103.637505
v -550.107300 113.602867 105.030556
v -549.439453 113.389961 106.729546
v -549.668274 115.961800 102.719833
v -548.164917 123.466957 107.615555
v -549.023010 124.095047 108.109123
v -563.742920 118.407616 113.719185
v -566.313782 118.575020 110.993576
v -548.561218 94.280235 110.477486
v -555.151367 114.119301 106.146538
v -555.188843 114.050308 107.221001
v -556.883057 115.575562 106.924698
v -555.448914 115.164726 109.193268
v -555.808716 114.671356 110.019775
v -551.383911 113.848198 109.938850
v -549.069702 113.377983 108.382484
v -549.446594 112.988121 109.827026
v -546.259827 113.237938 108.198814
v -546.857117 112.102585 109.321716
v -547.521057 113.030388 108.706001
v -551.160645 93.418671 106.051224
v -547.611633 91.409721 109.206100
v -546.939758 92.786102 105.081558
v -546.367310 117.564903 106.730316
v -546.901367 117.018669 105.590858
v -545.031372 116.997993 106.221893
v -546.020630 116.575691 105.760902
v -545.419312 118.156944 107.063728
v -546.886292 124.890884 106.769524
v -570.906372 112.395439 120.801491
v -569.771729 106.431870 120.883560
v -564.092468 113.809669 115.799538
v -564.613770 118.212875 112.243271
v -565.371094 118.113319 110.557106
v -556.447388 116.203232 109.180954
v -560.386353 117.529381 111.550385
v -555.027832 113.315094 110.075981
v -547.690552 113.265175 107.924004
v -551.050720 113.031097 110.719368
v -550.329041 113.380768 110.139442
v -548.601685 103.594040 112.868111
v -548.292969 113.038040 105.911385
v -549.325745 112.823166 105.075470
v -549.864319 112.371574 103.555084
v -548.210571 116.657616 103.828896
v -550.362732 115.527397 101.027061
v -544.555603 119.376823 107.377960
v -543.881409 121.771957 106.923439
v -540.894226 135.300400 55.478806
v -563.552856 118.275894 114.291023
v -555.875977 114.095665 105.409279
v -558.212341 115.468407 105.067940
v -558.193665 116.474915 111.389458
v -558.130493 116.808167 110.550339
v -540.874573 134.631744 55.644379
v -555.174255 95.245132 109.648094
v -549.934204 112.123154 110.784477
v -550.566467 112.758354 102.682091
v -551.133179 113.405869 100.950150
v -550.321777 112.489700 102.471954
v -550.546875 114.791634 100.002762
v -548.753540 115.705956 100.658379
v -548.036194 116.219414 102.144363
v -543.819824 116.980331 105.084114
v -543.325989 120.002876 105.984337
v -547.405884 127.394234 106.299225
v -547.937866 127.257111 106.758163
v -542.764526 117.743454 60.536629
v -557.511292 96.717941 111.864151
v -559.671631 97.216705 112.255066
v -557.851562 96.087509 110.325531
v -561.141663 117.508492 112.991051
v -562.316040 117.119118 108.574364
v -556.877258 114.569992 104.029953
v -558.540894 115.545494 103.618301
v -556.779480 114.665825 103.629242
v -560.318359 116.265312 105.100533
v -541.156433 136.958420 54.858269
v -556.453796 115.860199 110.119522
v -558.239075 115.075470 111.765778
v -557.160400 110.903061 111.592110
v -554.388306 112.617767 110.180801
v -555.886292 108.417007 111.623314
v -551.582520 113.511200 110.560059
v -566.249878 106.280861 125.265358
v -566.227661 106.923691 125.317253
v -551.482971 114.290741 101.100082
v -551.188232 114.423729 101.972488
v -541.884644 114.769554 98.721390
v -546.933105 116.104301 103.534645
v -543.179504 115.053215 102.474785
v -543.163574 115.652916 101.012810
v -544.242371 119.937477 107.269623
v -544.443359 133.050919 103.370491
v -543.339966 122.131317 106.369347
v -542.623779 123.395432 105.306824
v -542.414490 128.472992 104.534851
v -562.778870 117.214699 108.084290
v -559.897583 116.426231 107.173119
v -554.761169 94.474213 108.324753
v -554.205627 109.763847 111.197159
v -552.577332 108.446510 112.282166
v -545.573486 111.061661 108.515717
v -546.515198 109.954430 110.204361
v -542.119629 113.649338 100.386200
v -543.304565 115.817085 102.700745
v -572.567871 105.798607 123.980545
v -571.713013 108.947998 123.158463
v -571.899414 108.628662 122.628693
v -571.155090 112.122047 121.660110
v -550.989746 113.365837 100.350151
v -551.279480 114.199562 100.413406
v -551.875000 114.933197 101.157097
v -552.905640 114.918060 100.792320
v -553.219116 114.836670 100.754242
v -543.040283 116.256401 102.501663
v -542.459900 116.134590 101.355621
v -547.699280 115.539139 101.312119
v -545.660767 112.403709 62.897919
v -544.424133 116.771660 63.266598
v -565.746521 100.466187 121.068390
v -544.979980 113.687218 64.509476
v -571.174927 108.339676 121.554955
v -566.637451 106.267220 118.765114
v -545.632935 41.042297 97.621025
v -556.523743 115.019051 102.327599
v -556.737549 115.008553 102.489166
v -559.814758 108.519066 113.931885
v -541.131775 120.695274 61.126534
v -542.166565 120.157402 59.779881
v -547.384766 109.768730 110.815964
v -545.732300 112.618042 108.256729
v -545.335754 109.432365 107.994965
v -545.061768 113.784515 107.448357
v -544.143555 118.836090 61.712273
v -541.030823 122.951317 59.270092
v -552.971008 114.882164 100.670326
v -546.106689 99.730309 67.454903
v -548.333191 115.338264 100.646492
v -544.771240 107.118652 71.290848
v -540.729553 129.508255 102.299240
v -541.191895 124.845215 58.017395
v -542.510376 121.824455 58.624260
v -546.394043 130.786865 104.926147
v -556.332947 114.965843 102.357460
v -555.841675 114.924019 102.006638
v -558.474243 104.644157 113.554565
v -545.351807 46.651661 108.556557
v -544.213989 47.008408 107.694534
v -545.457153 49.050404 109.948357
v -556.817261 102.405663 113.423981
v -544.206482 114.163994 105.709297
v -543.448914 93.944817 86.999550
v -550.749084 114.513496 99.895676
v -543.856018 43.821640 101.917923
v -540.271790 126.141731 58.327671
v -543.659241 45.358551 104.879707
v -544.141663 49.666435 103.397423
v -544.194885 102.072350 77.189178
v -555.163147 114.919350 101.478554
v -540.036743 109.618690 82.548088
v -544.617188 115.179962 106.129608
v -543.523926 115.973785 103.956482
v -543.091553 113.568649 102.806252
v -542.472168 117.991684 102.876030
v -541.138000 120.802917 100.558891
v -545.693054 41.584454 101.847435
v -544.816956 42.388481 103.220543
v -544.583923 130.529449 104.417511
v -553.429688 95.910233 114.243080
v -539.617798 109.790527 84.157928
v -571.201233 104.944679 121.917381
v -562.068665 117.041817 106.946617
v -556.191589 94.889656 108.536324
v -555.542175 96.359581 112.185356
v -553.721130 101.195213 114.422333
v -554.301941 102.355415 114.077621
v -548.056641 108.125786 111.556946
v -544.918640 44.531879 106.462036
v -548.225891 39.974064 96.994240
v -547.543640 40.079357 96.122726
v -548.827332 39.989002 95.644028
v -537.485535 117.607132 82.941330
v -553.086609 83.983559 118.146156
v -552.684265 87.617439 117.402046
v -542.088806 126.658257 104.666054
v -554.637512 42.292793 83.269112
v -541.901245 130.996780 103.048897
v -547.737854 130.617508 105.703224
v -537.948914 122.534248 68.425262
v -540.137939 127.736351 57.185413
v -553.324646 42.698685 84.850029
v -547.092712 107.572144 111.308983
v -546.361389 108.375938 110.242416
v -552.009338 43.874245 86.293320
v -552.464905 42.722713 86.537750
v -551.073486 73.905106 75.667305
v -558.697876 100.756294 114.206314
v -561.098267 98.529488 112.213432
v -562.210754 98.512939 114.025421
v -540.583435 140.099579 75.224304
v -541.237244 140.066711 74.377869
v -539.865234 139.010635 81.041687
v -540.543701 139.634247 78.138069
v -546.915588 95.618530 68.983765
v -541.307800 117.014694 99.761765
v -539.175537 129.644562 98.102516
v -544.249939 118.655266 60.931305
v -543.091614 122.565468 58.543293
v -572.569153 104.163078 123.203362
v -558.156311 102.776115 113.724190
v -554.325134 42.426876 82.860176
v -557.372559 103.338120 113.273170
v -553.466614 43.479027 83.425438
v -553.299194 104.286659 113.546677
v -558.197449 67.919250 120.391052
v -541.482971 126.228653 57.149025
v -558.297363 69.938004 120.152306
v -558.415588 68.097099 120.033119
v -552.410522 52.706364 112.209473
v -553.831848 58.474373 114.544151
v -543.942627 118.810905 60.313751
v -542.881165 125.059601 58.736557
v -542.591248 125.486763 58.135586
v -558.771912 78.992096 121.430801
v -559.369141 75.228668 121.341240
v -554.223511 95.364311 116.240791
v -551.753845 94.457581 115.989876
v -553.325684 54.504436 113.524330
v -552.904419 54.447689 112.927948
v -554.756775 58.444435 115.339180
v -555.614075 93.550514 117.670502
v -541.494690 116.413918 99.827438
v -545.427307 112.999802 61.901180
v -545.888916 135.649109 103.252846
v -545.037354 136.555588 101.534554
v -545.174927 134.803864 102.955002
v -544.097900 133.955475 102.674454
v -546.819336 132.841629 104.725533
v -561.262756 101.935265 115.967270
v -544.643127 102.805756 104.215378
v -565.758911 94.551102 103.393135
v -549.360229 123.364563 108.789238
v -548.911499 124.951553 108.150398
v -553.802307 43.267769 82.717567
v -539.971436 130.262512 55.838390
v -539.021606 130.501358 97.371277
v -540.880066 130.241776 102.116959
v -549.318481 43.374012 92.895081
v -547.159058 133.066559 105.046738
v -547.878479 100.112221 112.027779
v -547.614319 102.965317 112.060783
v -549.047791 42.778603 94.618500
v -542.922791 108.255089 101.138756
v -547.424988 103.776360 67.342392
v -547.088867 106.565865 65.750916
v -547.803345 102.969131 66.593872
v -547.553894 103.056023 65.018631
v -548.882751 98.543602 68.292603
v -540.553345 111.244049 95.670700
v -544.927429 142.623627 64.212387
v -550.396545 45.148090 106.327629
v -549.498535 43.599232 102.631851
v -542.927185 141.687424 68.173874
v -543.136536 141.533661 68.926819
v -543.932129 141.361252 57.906750
v -548.020325 44.913361 104.884689
v -541.683411 129.521759 103.823051
v -571.646790 101.462532 122.296333
v -570.648499 102.319702 121.147751
v -568.758301 100.078865 119.559303
v -566.632812 103.151833 119.258141
v -538.756836 136.417831 56.357006
v -539.660278 136.713135 54.530510
v -540.007935 138.139420 56.651623
v -538.828186 132.196671 56.653877
v -552.714417 102.295677 114.044693
v -549.518982 102.474731 113.415474
v -552.419617 100.969810 114.101517
v -549.285583 100.149857 113.051308
v -547.713623 98.155670 111.037056
v -543.348450 140.359589 68.279503
v -543.250854 140.954102 69.255058
v -542.416626 140.521164 71.575729
v -550.826355 83.996391 71.349960
v -551.179932 84.102211 71.562065
v -545.915771 107.782249 63.397633
v -537.355530 129.818451 93.430862
v -536.255615 131.169022 89.731133
v -543.568726 134.311157 101.432922
v -568.761230 103.802338 120.510628
v -567.737915 101.758202 119.366379
v -557.939392 101.117210 113.843086
v -559.789612 98.849937 113.478249
v -559.484192 99.480804 114.560844
v -556.267151 102.227127 113.524529
v -548.417297 102.014435 112.823296
v -545.519714 78.953720 96.587975
v -547.359619 102.407127 64.794022
v -551.476440 74.156868 75.080070
v -539.493835 115.708214 94.632004
v -536.092041 128.845627 89.720695
v -540.829773 139.968658 77.029770
v -540.059937 140.008804 77.160484
v -554.305481 58.105099 80.215370
v -554.450562 58.881683 80.417816
v -553.281982 72.291130 76.611900
v -551.191711 78.924477 73.522812
v -551.846985 78.515198 73.656189
v -565.682495 101.961990 118.750496
v -562.620972 101.456917 116.768250
v -554.314697 100.160316 113.559364
v -557.038086 101.026077 113.638725
v -555.428528 101.727417 113.843185
v -556.828186 100.038742 112.710686
v -556.216797 100.406982 113.307076
v -552.358215 99.543350 113.224678
v -548.331299 98.831734 112.104706
v -541.230896 136.453781 55.789513
v -539.828003 113.297401 94.233665
v -545.088623 112.182236 61.698284
v -541.221680 135.840332 92.903145
v -544.411621 136.388351 100.315933
v -567.458313 100.448433 118.560196
v -563.827576 100.907173 117.162598
v -565.987732 99.163521 116.885887
v -558.737183 100.071350 113.131760
v -559.928772 98.968582 113.996948
v -554.864319 62.568142 116.724960
v -542.910828 95.119324 79.637619
v -549.110779 97.977982 112.102394
v -546.195984 108.798996 63.114590
v -545.628235 109.767853 62.631104
v -542.910583 135.506790 97.528046
v -544.928223 137.270233 101.244797
v -540.602051 135.779617 57.578865
v -559.287109 99.519554 112.613899
v -560.445923 99.902847 115.495934
v -560.140381 99.533333 115.116913
v -557.837891 100.175629 112.799110
v -559.422119 99.115852 111.039612
v -559.454895 98.618355 109.348785
v -551.136902 97.044228 111.332405
v -554.324158 98.628418 111.751671
v -557.714539 99.304314 110.906822
v -554.887573 65.232254 117.717110
v -545.068665 141.584763 65.321030
v -545.544250 142.258774 63.943756
v -544.872803 140.740829 62.661476
v -548.707031 97.110321 111.336952
v -546.622742 96.487778 107.511230
v -541.983521 103.355835 97.153778
v -539.286682 111.826897 91.673431
v -535.901184 126.610260 88.103806
v -564.566406 99.349182 116.181694
v -558.617310 100.037239 112.798042
v -551.643738 96.179367 110.101509
v -548.751404 61.397415 115.948341
v -547.583862 96.510811 109.319496
v -543.876343 96.703995 100.450920
v -540.874329 105.138535 94.096939
v -538.517090 115.694710 91.706894
v -536.168091 123.598991 86.990936
v -544.215027 137.483276 99.718513
v -564.362915 98.600281 114.411591
v -560.936462 98.206009 113.362816
v -540.108704 102.249962 81.323418
v -534.192993 131.460709 80.924934
v -545.991638 93.918297 104.384956
v -545.148499 94.913986 103.091583
v -538.036011 115.755608 89.719933
v -536.122559 130.493347 90.145714
v -563.709778 98.182846 111.062759
v -560.477356 98.797745 111.889084
v -561.515442 97.529495 107.848534
v -545.958557 110.500435 62.773773
v -546.654968 108.163429 63.818928
v -549.601685 46.512329 108.918709
v -549.655884 45.837040 107.663925
v -549.306396 44.777367 106.987648
v -539.167114 103.181671 83.496841
v -538.734131 136.778275 57.586693
v -565.790527 98.590103 116.720207
v -565.399170 98.399910 116.857391
v -566.840271 98.930389 118.304550
v -539.517822 137.976883 59.749790
v -538.859131 133.778305 55.525101
v -540.110352 106.359573 91.114212
v -538.949402 111.164993 88.396683
v -537.728394 115.943314 87.885872
v -540.482056 136.720276 89.277336
v -539.524414 133.485504 54.566936
v -561.157898 98.367325 111.412567
v -563.720154 97.510368 109.241119
v -558.014709 119.475571 112.292526
v -556.104675 118.976952 110.996704
v -558.592773 119.905975 111.625648
v -557.204041 119.505142 111.081535
v -553.332214 81.836052 118.726799
v -552.727844 80.753548 118.491013
v -564.053833 118.273270 121.677261
v -539.776672 138.433334 80.939522
v -539.314941 137.676422 80.843727
v -550.799866 87.810921 116.044373
v -546.037415 92.410683 104.174248
v -542.891541 97.565651 97.791550
v -542.195068 97.301476 94.598465
v -535.160706 131.431351 86.127411
v -564.090515 98.048782 111.892662
v -560.910217 96.357697 105.461777
v -563.054810 96.289093 105.630363
v -549.837891 95.667038 113.686813
v -549.508667 95.385689 114.576996
v -542.566040 139.222977 67.817070
v -537.803406 135.113632 59.073383
v -538.279907 135.083359 56.790932
v -553.611389 44.561077 81.722343
v -553.702087 47.498055 80.648300
v -553.460266 43.685890 81.040436
v -553.217041 45.438374 80.335129
v -552.979919 43.211151 80.697906
v -559.590698 95.686745 104.771210
v -553.969177 52.515705 80.523201
v -553.931030 50.476913 80.238319
v -554.238098 51.891979 80.831879
v -541.872375 98.006729 92.697830
v -540.885376 102.325012 90.142265
v -538.260925 113.653282 86.410927
v -536.283813 121.949127 83.880447
v -535.094666 127.485802 84.261414
v -534.967712 130.552368 86.495430
v -561.710754 94.516167 103.830803
v -554.382935 96.094078 115.339737
v -552.254517 95.405991 115.381363
v -551.164185 95.515137 113.069275
v -553.136292 95.645287 112.574638
v -553.195435 94.770859 110.131577
v -558.270508 97.874290 108.320305
v -546.528137 90.357780 105.852394
v -545.949585 46.802956 104.995636
v -544.966980 89.071922 101.517792
v -544.478455 91.031555 100.239075
v -543.937805 90.278023 97.857132
v -546.112000 45.581268 104.261925
v -539.108093 110.949478 85.434059
v -534.446655 130.930267 83.886162
v -551.372192 95.667671 114.429543
v -554.601990 94.035019 116.965485
v -549.864197 94.630821 110.855965
v -549.960205 95.585220 114.899406
v -544.141174 85.663048 95.290764
v -544.744202 82.726311 94.672638
v -566.702820 108.385025 121.457169
v -566.410950 108.388916 122.537720
v -567.155151 104.238304 123.187042
v -566.776123 105.678223 121.254829
v -566.884033 105.337067 123.902031
v -535.565674 130.318512 94.241524
v -540.748230 103.528343 87.476761
v -546.313354 45.981533 105.064171
v -564.320923 96.928963 108.644547
v -564.816895 95.299690 104.220276
v -565.064697 95.819313 105.461746
v -546.542603 47.264400 105.975952
v -554.226013 90.123711 117.497528
v -549.482971 94.914238 114.792831
v -549.244995 93.711746 114.363510
v -550.239075 95.205238 115.311668
v -546.867676 43.933044 101.635796
v -548.390259 42.925568 98.954651
v -549.266113 42.538177 99.453575
v -546.093567 44.771210 102.351845
v -547.308899 44.995159 97.553787
v -544.364929 88.221382 99.334946
v -542.358887 95.729164 90.691711
v -546.393433 109.933983 63.991577
v -534.793091 128.888931 81.198692
v -534.766479 132.356812 81.680016
v -564.348145 94.572044 103.157372
v -564.345947 94.187660 102.841080
v -550.723389 85.699532 70.652214
v -550.803345 87.885277 71.411484
v -550.498901 87.780907 70.713692
v -550.022888 88.869652 114.956123
v -549.241760 87.768555 112.283997
v -547.933289 85.314758 108.511383
v -546.647400 82.462135 104.459618
v -543.556458 89.872581 94.983841
v -542.366333 96.788010 88.470932
v -559.255798 95.330856 104.607498
v -550.799438 91.699402 116.340263
v -544.290771 117.721489 60.488625
v -545.535339 96.766518 78.227806
v -543.988586 96.528641 82.718636
v -550.326172 86.937309 115.264313
v -544.071533 86.878662 96.926346
v -543.637512 89.535530 92.275246
v -541.630493 101.495903 85.704117
v -565.214355 94.444870 103.041107
v -556.822998 91.149277 118.560066
v -556.990173 87.623878 119.044983
v -550.201599 91.958168 115.841835
v -553.091492 60.687874 80.034378
v -552.703491 60.396507 80.359375
v -552.546631 77.316101 74.718475
v -552.722656 74.683365 75.456306
v -552.153137 75.348862 74.714729
v -552.871033 72.815544 75.817421
v -550.536377 85.576065 115.068596
v -549.137512 85.295280 111.377892
v -547.655396 52.643383 109.854462
v -547.631348 54.323185 109.649925
v -556.282349 85.741417 118.967270
v -550.221619 85.127144 113.212578
v -551.650146 80.564247 116.646988
v -550.674561 80.021332 114.486481
v -541.600159 104.212379 82.787003
v -551.593567 89.088974 116.803017
v -552.078369 85.558113 117.351990
v -547.775574 80.896835 107.368591
v -550.657471 84.678520 114.091667
v -547.140503 75.850075 103.902580
v -545.175354 109.410995 67.913033
v -549.320496 81.591949 111.604462
v -546.229553 77.793785 101.321945
v -551.466125 83.938461 116.900925
v -551.287964 83.779633 116.127518
v -552.939819 61.697929 115.626152
v -544.480957 140.667419 64.821510
v -553.261353 73.578041 119.354492
v -544.556458 140.534378 58.272854
v -545.399841 141.382919 59.406513
v -547.641541 76.362076 105.555885
v -543.345398 140.668777 56.838982
v -551.958008 80.516800 73.449821
v -544.920837 140.412033 59.365395
v -545.370239 141.454147 62.561222
v -545.447876 142.034790 61.436337
v -555.500366 81.846535 119.409859
v -557.510925 80.194725 120.225159
v -551.964294 82.973518 117.368904
v -551.968689 79.937637 74.567650
v -549.459839 76.368347 110.242775
v -558.165710 81.868530 120.409622
v -550.987915 82.462158 72.477600
v -552.409729 78.454956 118.520706
v -547.040771 72.713661 102.229393
v -551.575012 82.974724 72.793442
v -553.329346 79.343956 119.299583
v -558.801147 77.825356 120.944626
v -555.841248 78.669495 119.888443
v -552.821350 77.098793 119.177574
v -548.454590 71.285324 107.024620
v -547.639038 69.573662 103.998413
v -546.736755 72.681259 99.245644
v -547.080078 96.097664 74.786240
v -545.056396 142.021317 65.764854
v -556.588013 75.565163 120.156876
v -552.420776 74.262154 117.878571
v -547.300903 68.845985 101.780968
v -558.247192 74.359688 120.633202
v -550.713684 71.603821 113.094955
v -553.789551 76.315742 119.595749
v -552.704407 70.853828 118.580238
v -548.796997 66.210999 108.277084
v -547.491089 65.988953 102.863266
v -558.983093 71.155724 120.831223
v -547.918579 65.503548 105.445969
v -548.369080 95.326759 72.102798
v -557.115784 72.417999 120.026176
v -549.356628 95.033821 69.929344
v -542.218201 124.807472 57.838482
v -553.198120 69.504219 118.790375
v -550.446533 89.230705 71.940079
v -543.543457 118.180275 60.162086
v -543.068787 119.371910 59.812714
v -541.852722 127.861183 56.739544
v -541.663574 130.532898 56.426807
v -541.081299 132.237030 55.186039
v -541.507812 128.223862 56.339180
v -540.595947 132.486496 54.628330
v -556.695618 69.165703 119.338882
v -553.831238 72.529846 119.466736
v -551.765259 66.205482 116.806137
v -553.050354 67.362595 118.028450
v -547.610107 61.607536 105.607597
v -547.363525 62.927467 102.260750
v -549.430603 94.965408 68.830826
v -549.902649 92.336723 70.233803
v -548.023987 99.527863 65.622650
v -542.192688 128.093643 57.648746
v -540.560974 134.845993 54.238609
v -540.155396 132.277985 54.587917
v -539.979553 134.147705 54.013798
v -541.193909 133.063522 55.990051
v -542.219116 139.134033 55.387508
v -540.869507 137.343903 54.419846
v -548.511597 61.572613 108.954987
v -550.049072 90.866539 69.695999
v -548.983215 95.800270 67.987679
v -548.840942 97.920860 67.723854
v -548.267334 98.169296 66.557556
v -548.589600 96.076225 67.606415
v -546.666870 104.378838 64.233864
v -539.787598 135.879410 53.874546
v -539.495422 135.650284 54.099819
v -540.893616 138.126053 54.806110
v -542.198242 137.620895 56.490898
v -556.866882 66.210449 118.733505
v -549.308105 91.953117 69.100365
v -550.006409 88.056351 70.386314
v -548.630493 93.545288 68.635681
v -540.968323 129.169159 55.838486
v -541.910095 139.685745 55.734604
v -550.601196 60.573414 114.524948
v -551.015381 63.951492 115.320900
v -551.731323 63.192863 115.877281
v -547.210266 58.048264 105.689507
v -557.451721 63.781487 118.595413
v -550.752258 62.683655 115.147415
v -548.636719 56.788124 111.620544
v -546.993652 57.622299 103.719078
v -546.996704 57.195614 101.322441
v -557.944397 65.377647 119.283768
v -550.878479 42.010891 85.258308
v -548.810730 55.876888 111.803726
v -549.215759 55.439922 111.860458
v -551.827515 74.430580 74.890068
v -555.758057 61.172638 116.973602
v -551.766052 56.218994 112.672470
v -551.072693 54.925877 111.930870
v -545.999695 47.838566 103.711197
v -549.709961 51.625286 109.967636
v -546.132202 48.684883 106.190033
v -548.221130 49.513748 108.424820
v -549.778503 47.838909 108.469353
v -548.215576 51.978951 109.886871
v -546.316711 50.120888 102.135323
v -550.907043 48.705433 109.700226
v -546.570984 49.990120 107.782143
v -549.599060 46.627857 107.595787
v -547.792236 46.551891 106.279442
v -549.487000 45.377777 106.490402
v -554.188232 49.724045 80.525871
v -541.660156 137.731750 91.513412
v -541.625183 136.625992 92.743095
v -557.624878 94.088562 106.343948
v -562.429688 94.165550 104.603127
v -559.178650 93.956718 104.980385
v -550.435547 77.416962 74.865585
v -542.953308 136.375488 96.896660
v -542.853882 136.953415 96.551987
v -535.895569 131.320419 94.444618
v -553.060974 66.401497 78.203064
v -549.312561 42.337090 88.319191
v -547.205139 69.007286 99.325615
v -552.527039 72.943184 75.483604
v -552.654175 75.614716 76.456688
v -533.377686 130.450409 88.529266
v -548.334045 41.629185 102.227287
v -547.537354 42.063934 103.573174
v -548.807190 43.110870 104.892021
v -568.784302 102.580330 126.289764
v -568.948792 102.038033 126.038216
v -550.273315 41.892033 99.775604
v -542.055481 128.363647 58.249702
v -540.536560 138.269028 87.111862
v -539.732788 137.669754 84.760529
v -541.517883 136.754211 56.728504
v -539.020996 136.925552 83.884895
v -540.676880 139.213898 77.771965
v -541.964783 139.721085 72.521622
v -541.122864 138.634521 72.921257
v -541.027283 139.123016 75.053062
v -540.059204 138.644684 84.450562
v -540.203125 138.626785 79.130646
v -540.813354 137.975662 71.056664
v -537.944092 135.535416 74.001114
v -539.426147 135.367111 62.512318
v -536.310364 133.624481 73.046494
v -539.434387 135.044373 61.221546
v -538.204773 134.388870 65.081032
v -539.664734 134.875336 59.470310
v -539.115234 134.144623 61.327526
v -535.057861 132.825897 80.041908
v -534.916382 132.151260 75.950371
v -536.164490 133.114502 71.702309
v -537.279907 133.568359 67.669853
v -538.262817 132.980164 64.722099
v -539.853821 133.299088 59.926189
v -534.799988 132.364456 77.399895
v -536.057739 132.428299 71.900475
v -534.386169 130.592911 79.914574
v -535.127563 131.035294 75.935471
v -534.478088 131.440918 77.786377
v -536.910706 125.329910 76.044571
v -538.749329 125.613541 70.267288
v -535.135925 128.587051 79.050262
v -541.006836 125.280266 64.150192
v -536.194336 123.646744 80.703056
v -542.956726 119.358528 64.366356
v -537.364075 120.857582 79.051064
v -541.784546 118.419777 68.332779
v -547.180359 96.577225 68.047714
v -539.154663 115.537735 78.721207
v -542.010376 112.708908 73.242760
v -541.699585 109.073372 77.830040
v -534.806274 132.477158 90.294662
v -537.075317 134.054169 92.975220
v -540.849609 137.990646 93.890457
v -539.743958 138.459518 89.617233
v -541.550171 138.446655 92.447723
v -541.416077 138.411530 93.120583
v -540.665405 138.649628 90.158508
v -549.696533 60.896564 116.686996
v -551.194092 63.381844 118.200516
v -550.549927 54.960110 114.265770
v -550.938599 58.506142 116.039024
v -553.102539 60.791019 117.420921
v -554.701172 59.604401 116.626648
v -554.336792 57.128265 115.139381
v -559.419006 96.451118 110.255653
v -558.767212 95.105461 108.827583
v -544.301208 43.618347 104.831078
v -544.006653 47.931362 107.021919
v -547.069214 49.191196 110.663048
v -546.657776 45.078701 107.670158
v -548.335022 44.471668 106.983299
v -545.684937 43.460827 105.656761
v -547.893982 43.101864 105.353889
v -550.219666 44.641857 106.726219
v -549.215210 40.490688 98.388344
v -548.638123 40.601700 99.100609
v -546.058105 42.432327 103.989647
v -570.715515 112.162560 122.330391
v -571.447998 106.451294 124.441223
v -569.443848 114.342209 122.075462
v -565.886108 113.213905 123.308090
v -566.159668 110.235497 124.278572
v -565.487549 110.856705 124.139008
v -565.021240 111.324097 123.672958
v -544.531250 88.440025 88.651375
v -545.858398 88.804810 84.187134
v -549.919373 84.494766 77.146255
v -551.543823 83.980553 73.451706
v -548.138062 85.712357 80.597679
v -544.210815 86.044548 92.563126
v -546.494507 84.172813 85.954346
v -551.864685 78.604584 76.218529
v -545.763367 79.487846 92.723129
v -546.365356 79.790672 89.940605
v -548.700623 76.816978 85.541199
v -551.610291 69.346878 83.617149
v -547.736389 72.524811 92.276611
v -547.841431 69.932510 94.247864
v -549.466919 69.892769 88.897408
v -547.553894 68.175926 96.796661
v -554.129211 65.639763 78.536263
v -553.666504 65.778908 80.702118
v -549.489563 66.022110 91.224541
v -551.656372 64.976875 86.039490
v -554.080872 64.126511 78.746437
v -554.004700 61.315620 79.808533
v -554.499817 64.182419 79.083626
v -547.406494 65.045532 100.655571
v -547.545959 65.046181 98.721184
v -548.594055 64.332558 94.571754
v -547.989136 64.448082 96.587952
v -554.304504 63.113735 80.328064
v -547.448120 60.470036 99.319527
v -554.275391 61.131870 80.359024
v -550.664429 62.350948 89.358047
v -554.214111 59.745190 81.552208
v -547.954956 60.257648 97.243248
v -549.105530 60.465626 93.747208
v -551.616699 58.729118 87.664742
v -548.572693 57.315655 95.219238
v -547.953796 53.194580 96.489471
v -551.033447 54.161259 89.134247
v -554.509399 56.222294 81.310204
v -554.082458 50.389034 81.657402
v -554.341553 52.642738 81.467468
v -554.476990 55.881413 80.528915
v -554.194763 55.626198 80.220444
v -547.095215 50.890705 98.971100
v -547.808838 92.414993 69.817230
v -548.236450 92.705254 69.224022
v -548.002075 48.494106 96.182533
v -550.688293 48.552883 89.563553
v -549.586914 42.013733 98.597176
v -550.298096 41.802704 97.004669
v -549.714478 41.911118 97.976326
v -552.955811 50.096188 84.607292
v -549.952820 42.520756 96.284737
v -550.507629 42.201656 94.923332
v -549.997253 40.533249 96.685173
v -550.707336 41.584766 94.833519
v -550.982361 42.924393 90.645546
v -551.406494 42.389328 91.840103
v -550.928772 42.336739 93.650139
v -553.170227 44.342365 83.765350
v -551.381165 41.732208 92.187721
v -550.282837 44.222477 90.363289
v -553.515259 44.500111 82.664742
v -550.762573 43.385166 90.100571
v -552.553162 42.386372 89.333344
v -553.372864 42.552994 87.579422
v -555.004883 42.282642 86.412918
v -565.410217 95.250694 105.737648
v -552.737915 42.678684 87.115364
v -554.185669 42.500786 84.797989
v -553.127563 42.350697 85.697403
v -554.501038 41.856216 87.047340
v -571.985901 102.698479 125.434036
v -552.811951 41.905910 89.346558
v -549.297913 88.602715 70.341759
v -570.458374 114.322548 121.574883
v -564.765869 114.331062 122.945717
v -565.786743 108.619987 124.864037
v -570.839966 114.479050 120.875465
v -564.451965 115.218002 122.382523
v -567.403809 105.763382 125.597359
v -553.965149 40.809685 84.488251
v -570.680603 114.761978 120.323212
v -564.649170 116.542969 122.289246
v -567.550049 103.351608 126.294304
v -569.758911 101.398537 124.317505
v -568.409851 101.983475 124.245232
v -571.825562 101.133339 123.702866
v -572.294067 101.474892 124.420303
v -538.979858 139.481216 73.842690
v -572.714172 101.785004 124.397064
v -540.383850 140.337967 73.565163
v -569.058594 117.288246 121.043976
v -567.372559 103.391083 125.799591
v -548.233948 88.169670 71.726746
v -569.643372 117.073624 119.865303
v -564.691895 119.696854 121.172180
v -570.283264 102.141281 125.622406
v -572.681091 102.353844 123.644722
v -564.092957 117.218887 121.666534
v -570.755493 100.985497 123.915810
v -569.860535 100.137344 121.435303
v -549.482178 41.254646 99.434143
v -549.681030 41.585480 100.691902
v -543.036926 137.468552 97.578529
v -568.106995 119.538437 119.961067
v -567.322815 119.740738 120.510941
v -564.121216 119.556091 121.064697
v -567.098206 100.009590 121.412651
v -565.431091 99.518761 120.061951
v -568.487732 99.619873 119.875763
v -563.734009 95.326073 107.568741
v -550.569458 44.808064 106.387291
v -567.061462 120.436272 119.366432
v -566.132935 120.547333 119.885902
v -565.122681 120.395294 120.576340
v -564.618896 120.137947 120.540329
v -567.009216 99.526413 120.122620
v -564.119385 95.960190 108.389160
v -562.725159 95.581505 108.757385
v -553.347229 54.526638 113.905487
v -567.294861 102.920357 122.912231
v -566.680176 102.697968 121.698532
v -567.293030 101.220306 122.303635
v -564.035706 97.021255 110.371796
v -565.120972 95.921967 106.446960
v -555.569580 93.999779 106.094330
v -550.030823 93.218445 106.414619
v -554.731567 93.880257 106.749489
v -552.207397 53.849171 113.741173
v -552.186829 51.996555 112.340874
v -551.401245 50.608459 111.825096
v -551.640991 49.550652 110.862297
v -550.993164 48.472866 109.983978
v -550.489624 48.493637 110.444153
v -545.566162 45.160664 107.441452
v -544.171936 42.612404 101.161095
v -565.995117 110.231987 120.858711
v -566.513062 106.437279 120.775673
v -563.505920 97.139763 110.858810
v -561.960999 97.177002 111.055740
v -555.046692 61.787590 117.887383
v -556.761047 65.947670 119.844925
v -555.287354 59.811054 116.317947
v -548.938721 49.787022 111.313965
v -547.649597 46.800835 109.309822
v -566.047424 109.568176 120.190247
v -564.724548 100.515121 120.374825
v -544.621948 50.068581 108.877159
v -543.874268 44.986378 105.761581
v -550.511658 41.182884 88.708252
v -549.669983 41.680912 88.580734
v -565.931458 120.510658 113.151474
v -565.949219 121.162430 115.083008
v -566.502136 121.230629 116.227715
v -567.327209 120.775841 114.426384
v -565.058228 121.279259 116.236229
v -564.356567 115.655556 117.904449
v -565.020325 112.922508 119.118172
v -564.437805 113.593918 118.194115
v -543.076477 98.446899 76.313850
v -565.393616 111.274040 120.232773
v -565.014648 110.570770 119.359970
v -564.373413 109.980446 118.737213
v -563.720886 106.298935 118.803795
v -563.034973 98.107491 116.504631
v -563.787354 99.600258 119.844872
v -563.813171 97.756981 112.134468
v -564.230225 98.185921 113.697098
v -556.832642 72.782104 121.921661
v -558.804810 74.079834 121.723404
v -559.204529 72.285294 121.329140
v -558.699158 71.328133 121.360664
v -556.230652 69.156128 121.134628
v -555.016113 66.389282 120.083748
v -547.955505 54.343071 113.381592
v -546.421875 52.867508 112.019814
v -544.622131 43.061749 98.959412
v -562.752991 120.482750 113.491722
v -563.741150 120.914558 115.863457
v -559.655273 98.076859 116.991798
v -560.328308 97.442848 114.520775
v -557.305786 77.176407 121.945396
v -545.514343 52.030319 110.776390
v -544.437988 46.857773 100.313957
v -550.717407 43.365162 84.280273
v -551.391052 42.681480 83.521957
v -564.644958 119.675606 118.169281
v -563.062622 118.821228 116.283188
v -565.471558 120.714973 117.614365
v -564.189270 118.224174 118.044884
v -562.894958 117.136139 116.412476
v -562.499329 110.981491 117.255440
v -559.173218 99.129028 117.205879
v -561.125244 99.275665 118.287315
v -562.998108 98.676514 118.744476
v -557.453369 98.026100 116.576530
v -564.791870 98.364456 115.234001
v -555.324463 96.284775 110.905716
v -552.072754 68.225464 120.104012
v -550.443787 64.826630 118.347435
v -549.640503 63.820747 117.439369
v -548.034607 58.252171 114.782295
v -545.662537 53.603687 110.865120
v -545.654541 46.389641 96.568558
v -551.834290 43.658646 82.223640
v -560.368286 118.922592 114.276192
v -561.375427 98.580185 118.350037
v -556.823120 80.845879 121.455688
v -556.607849 78.625282 121.858284
v -555.036987 80.646873 121.234535
v -552.113342 70.774506 120.588867
v -556.008606 96.593536 111.378235
v -548.177795 60.724937 115.010941
v -544.523926 53.948425 104.831879
v -552.203857 44.490395 81.091232
v -558.254333 118.839371 112.947166
v -558.562622 100.364212 116.574516
v -557.144287 97.172226 115.764328
v -556.618530 96.767265 114.756081
v -558.565552 81.323715 121.178383
v -556.928345 84.798950 120.745934
v -550.880493 69.289314 119.429436
v -551.484375 69.487450 120.080925
v -547.083435 61.530262 111.428444
v -545.084839 56.045883 107.550453
v -544.570740 53.393848 106.199669
v -545.592529 53.298405 97.402588
v -546.673218 52.417091 94.319160
v -549.439636 54.855633 87.716797
v -551.754456 48.682384 82.200005
v -558.625671 107.936218 115.322571
v -555.291931 81.770615 121.195526
v -554.502502 78.858337 121.300545
v -551.152405 73.716370 120.026199
v -552.256653 73.493477 120.908630
v -550.437012 68.471321 118.648140
v -552.636902 45.244831 80.511627
v -555.486145 97.860489 117.090057
v -556.695496 99.968391 116.575729
v -555.651306 96.642570 116.506920
v -557.377380 100.957161 116.103874
v -557.802307 85.684708 120.299049
v -557.271179 88.715240 119.668663
v -551.390442 76.313011 120.293205
v -552.325012 52.073879 81.540932
v -557.168152 102.980614 115.561142
v -556.235596 104.365204 115.138618
v -555.244934 100.589584 116.929863
v -556.632812 92.084717 118.501144
v -557.585449 88.158363 119.557297
v -555.149170 85.166473 120.534996
v -552.575195 78.405434 120.951538
v -551.587524 79.459404 120.517677
v -550.282776 77.365349 118.530037
v -547.487183 64.712830 111.624252
v -544.695557 53.093781 100.808846
v -555.827454 112.030540 112.879639
v -554.943176 109.601517 113.462021
v -555.947205 108.246239 113.791878
v -554.376160 100.686592 117.027840
v -555.314209 95.277519 117.592789
v -555.028503 94.545486 118.096619
v -554.046509 93.857162 118.323570
v -555.383301 90.332115 119.363533
v -549.563843 72.658180 116.336067
v -551.819885 54.129673 82.400688
v -555.582886 117.606323 111.575615
v -554.279114 113.382126 112.253311
v -554.655701 96.953384 117.518402
v -552.885803 98.375717 117.316460
v -555.282715 95.191154 117.159615
v -550.796875 82.827141 119.660995
v -550.403076 81.477943 119.403923
v -546.263062 62.083843 108.754677
v -544.518921 53.699261 102.597839
v -554.540100 116.655769 111.302895
v -552.298523 118.210533 110.893364
v -553.400269 101.428864 116.761963
v -552.284485 90.709488 118.545776
v -550.882629 87.847130 118.940918
v -549.481140 83.473381 117.853729
v -545.420898 61.889206 105.448463
v -545.114868 55.907230 99.355766
v -547.426453 54.314281 92.382713
v -553.288147 53.224506 80.701958
v -553.992737 118.277222 110.623405
v -554.589600 118.755592 110.206230
v -553.087830 118.333542 110.591415
v -553.768005 105.959846 115.500107
v -552.244873 96.105484 117.700394
v -549.752319 87.348770 118.555367
v -546.917786 67.547935 109.656441
v -545.528870 142.600952 64.033943
v -545.277161 142.448929 62.778141
v -552.096802 106.792923 115.142029
v -549.772034 98.328873 116.461334
v -550.003540 92.316734 117.847504
v -549.203186 77.185463 116.036537
v -547.785889 72.248795 111.783684
v -544.984192 59.111965 102.168846
v -546.238037 57.862988 95.605026
v -542.698303 140.820282 57.155811
v -543.908020 141.771240 59.300827
v -543.952698 142.239059 61.792141
v -545.043518 142.445984 61.377392
v -551.058899 119.955017 110.269814
v -551.722290 115.351303 112.403542
v -550.803284 116.467590 112.062103
v -548.927002 87.417274 117.396416
v -545.678101 65.175262 105.421425
v -545.227051 62.814838 102.049019
v -552.217224 55.744152 81.589722
v -553.134827 56.043949 80.473000
v -543.148193 141.581528 60.277767
v -545.058533 142.377945 65.569740
v -543.409729 137.789581 98.963646
v -542.475647 136.969101 100.398552
v -542.970459 137.599655 99.455574
v -540.455444 130.939804 104.664566
v -543.699585 135.573364 104.312088
v -540.659485 130.401825 105.071388
v -542.438538 136.035721 102.037918
v -543.814636 136.783737 103.223022
v -544.564148 137.633789 101.307762
v -545.001587 136.720978 103.357414
v -545.245911 135.200317 104.948151
v -546.218018 135.633255 104.087997
v -543.923401 134.617477 104.871758
v -549.963745 112.860443 112.986519
v -549.417603 91.748802 117.683022
v -547.761475 80.415413 113.115013
v -545.397217 59.435371 99.044724
v -548.233215 57.217094 90.539642
v -542.722473 141.589905 64.152504
v -542.163086 141.300583 68.189293
v -541.694519 140.645828 72.504417
v -541.826416 137.507660 96.675980
v -542.928406 135.655563 103.509956
v -546.878723 133.492432 105.477402
v -550.040039 121.529793 109.280914
v -549.979980 121.121574 110.074783
v -548.097656 123.228729 109.360237
v -549.919128 117.787415 111.548325
v -547.276672 105.445366 114.077446
v -548.020752 92.321388 116.310272
v -546.807129 75.511681 109.711685
v -546.135925 69.396332 107.196068
v -550.661621 58.084961 84.839775
v -540.087402 139.130936 86.791794
v -540.777649 138.783951 87.864662
v -541.042236 138.594208 89.639488
v -545.426697 130.733109 106.531349
v -546.946167 131.678070 106.165382
v -547.824951 130.714539 106.004204
v -547.632385 127.448029 107.446266
v -547.972046 127.497734 107.152863
v -548.687561 124.286514 108.809898
v -548.180115 107.703049 113.848076
v -547.969971 95.894707 116.023170
v -547.546875 95.388535 115.336830
v -545.272400 66.850845 102.198036
v -545.416748 63.219460 99.133125
v -548.818970 61.389366 88.824646
v -539.176941 139.729355 75.912910
v -539.501038 139.398422 80.562927
v -538.894165 139.189926 83.326653
v -539.563599 139.319290 83.831261
v -539.946167 139.090347 84.603004
v -541.135559 137.163208 96.473450
v -546.556274 127.124474 107.726547
v -546.403870 121.907059 109.617332
v -545.523621 115.436417 110.904640
v -545.931763 107.649132 113.040329
v -544.518555 110.506187 111.491142
v -546.552979 99.486511 114.210526
v -546.625610 102.938545 114.229187
v -545.342346 69.037300 103.763626
v -546.372009 61.410900 95.167496
v -538.963379 138.419373 66.831398
v -538.274902 139.045334 81.362808
v -539.941040 131.789795 103.364700
v -546.925781 95.173332 113.553665
v -547.118347 90.110825 113.416031
v -546.253113 83.628784 109.710739
v -551.993408 60.851593 81.277161
v -537.248474 136.469040 65.389908
v -538.020020 138.950150 78.522720
v -537.095032 138.032104 82.027069
v -537.475159 137.789108 85.311943
v -538.274414 137.126495 89.832962
v -544.002136 126.396996 107.455719
v -545.229919 104.238884 112.393440
v -546.001160 103.278114 113.605934
v -545.550537 72.602654 105.502052
v -547.302673 63.330944 92.153992
v -537.409912 135.937622 62.375553
v -536.396790 136.983810 74.515900
v -536.742859 137.738037 78.348625
v -539.288818 130.728287 103.235863
v -541.544128 129.102234 105.860062
v -544.697266 120.663185 109.367722
v -544.073425 116.459564 110.054443
v -545.422974 78.043137 106.420311
v -545.198059 67.494019 99.597122
v -545.696045 65.559830 96.782715
v -553.393433 62.796627 79.334747
v -532.930115 133.170776 80.609596
v -535.069153 133.680450 88.746452
v -541.499268 118.873451 106.544662
v -543.749146 111.154961 110.188354
v -545.178650 90.580467 108.105583
v -544.928284 72.992493 103.128181
v -546.430176 65.727837 93.915482
v -552.056152 63.139595 80.408302
v -536.985901 134.541687 61.388279
v -535.791687 134.436523 65.437057
v -534.823364 134.218857 69.216232
v -533.237061 133.253326 82.933556
v -533.277039 132.664841 85.334160
v -537.045654 129.799332 98.410118
v -539.276550 129.692963 103.789619
v -538.958557 129.027237 103.091080
v -541.533508 124.686714 106.936501
v -542.934631 118.678871 108.884315
v -542.621033 117.082489 108.654022
v -544.836731 98.654465 109.676720
v -544.759888 71.588371 100.500916
v -548.616089 65.966400 87.476334
v -551.731140 66.884346 79.282532
v -533.846069 133.976212 74.024086
v -536.155518 133.209702 64.138458
v -540.658081 124.867928 105.929314
v -542.831848 107.588554 107.043877
v -542.963074 101.616692 105.589325
v -544.198181 95.117180 106.723526
v -544.964478 70.094971 98.518051
v -533.054199 133.346771 77.212257
v -542.193970 113.301468 107.119530
v -544.761230 78.353401 104.526634
v -537.488586 132.389862 60.324944
v -532.459167 132.293854 79.151031
v -532.270142 131.356094 81.656410
v -532.592773 131.057693 85.127129
v -532.555481 132.222687 82.566086
v -533.635315 131.404221 88.629234
v -535.956482 129.095596 95.227829
v -538.684387 123.508301 100.711182
v -543.834229 76.883217 99.245300
v -545.445801 69.353073 95.421761
v -546.366821 69.315430 92.112885
v -547.579468 68.815125 88.668037
v -552.324402 70.069191 77.035240
v -536.200378 131.102661 65.498672
v -534.334473 132.591675 70.030403
v -532.868958 132.328049 75.573463
v -532.481201 129.746674 81.435623
v -532.475769 131.384277 78.120804
v -532.415100 130.124588 83.416298
v -533.287415 129.280457 87.974937
v -534.163757 129.450546 90.666428
v -540.579407 110.182564 101.876518
v -543.722107 82.147751 102.195267
v -549.030701 69.615410 84.049149
v -551.101135 69.665268 78.770058
v -534.167542 129.981857 72.678299
v -532.997009 131.603409 75.208321
v -533.430359 126.397621 86.420097
v -535.377869 124.018776 92.266075
v -542.138000 92.823685 100.793121
v -544.008057 86.207207 104.138611
v -544.172913 74.913727 96.675514
v -534.005127 126.095474 77.316628
v -534.049988 123.786629 80.473572
v -541.330505 104.481239 102.248695
v -543.246399 81.217812 99.653145
v -545.046692 73.324013 93.239494
v -551.621826 70.625153 77.360893
v -535.544922 122.230339 75.811180
v -534.015930 123.261803 81.960747
v -533.468689 125.246872 83.508141
v -537.559937 115.814316 95.478874
v -539.508728 114.479477 100.184120
v -539.702637 106.232033 98.591843
v -541.246460 98.361290 100.261833
v -542.882629 88.938026 101.693939
v -542.547729 85.465401 98.919090
v -544.755005 75.101952 92.249146
v -545.806641 74.928925 88.805992
v -534.305908 121.205498 85.070885
v -536.054993 119.357208 92.592346
v -542.756836 82.454117 96.627563
v -535.273254 117.927826 88.149269
v -538.632690 111.258057 97.133865
v -539.860657 101.433479 97.242844
v -540.754761 94.316048 96.736397
v -541.685486 90.663033 98.280403
v -547.361633 78.327347 81.707779
v -549.831604 78.150894 75.639297
v -535.506104 118.414055 89.920898
v -542.958008 81.351753 95.256981
v -543.588257 79.169701 93.097191
v -535.683411 116.773788 81.526901
v -534.952881 118.535904 83.578537
v -537.142212 112.129608 92.851540
v -538.436157 108.281876 95.570129
v -539.648193 99.834694 95.671852
v -541.711060 88.212257 96.316879
v -544.725525 79.281525 88.194138
v -550.520325 79.012947 73.922012
v -536.083252 113.583946 88.237930
v -541.591187 88.166283 94.053856
v -545.029358 81.703629 85.218796
v -536.913940 116.716965 77.142128
v -536.947266 109.288994 86.788925
v -538.430908 104.597511 93.604980
v -540.400330 93.981247 93.940559
v -549.251770 81.739342 74.329674
v -550.193604 82.399460 72.776436
v -549.328552 83.016563 73.230789
v -541.638000 111.462540 68.447624
v -537.585999 107.379608 91.353058
v -539.293457 99.145683 92.993103
v -536.907349 109.308716 88.488159
v -541.760132 87.616104 92.162361
v -542.454956 86.056221 89.798126
v -545.974060 86.350182 78.789970
v -539.528625 111.604065 74.195396
v -537.343140 112.241760 80.072174
v -537.667542 107.391266 84.741783
v -539.583923 97.375237 90.766121
v -540.507202 93.632759 90.156029
v -538.604126 102.027786 89.082329
v -543.774292 85.293015 85.705635
v -541.227966 92.112663 88.092957
v -539.194275 100.848373 86.577728
v -542.239990 89.662636 86.586472
v -543.325745 89.828987 83.016647
v -539.144775 109.122635 77.402351
v -541.036560 95.401749 85.035667
v -548.090027 96.089470 67.617271
v -547.497131 97.882477 66.887039
v -545.684509 104.424133 65.143150
v -550.086365 85.124504 71.034302
v -541.096863 139.691574 75.292358
v -542.418335 137.590561 95.449791
v -558.872192 79.403542 121.097893
v -564.519470 117.519936 118.928909
v -549.132996 95.570961 109.536255
v -547.577881 94.397362 106.569450
v -561.751892 94.124802 104.056679
v -571.410156 110.336494 121.599617
v -547.137146 100.735825 65.403976
v -556.738647 119.086876 110.012253
v -558.117615 94.192848 105.244492
v -560.153381 94.209518 104.268242
v -565.552002 109.168884 124.131958
v -545.289429 115.624878 106.207268
v -546.108582 115.648560 105.259560
v -546.446594 113.933189 107.052734
v -546.032837 114.780502 106.179947
v -545.263672 114.631844 106.832970
v -548.190002 113.213501 103.907639
v -548.042603 114.434982 101.617584
v -550.481079 113.263412 100.539062
v -550.389709 114.217186 99.994171
v -549.778381 112.531631 102.392059
v -537.546082 133.868515 59.456188
v -557.412964 115.319839 103.394211
v -556.658875 114.945518 103.469902
v -556.436829 115.087921 104.271461
v -555.527832 114.819016 105.365334
v -567.478271 120.736801 116.693214
v -567.858459 119.542259 117.780396
v -567.429749 120.441101 117.807747
v -566.534851 120.926971 117.612144
v -554.581787 115.517540 106.226799
v -551.311401 114.971413 100.510696
v -565.075073 120.193520 119.295517
v -550.894653 115.181038 101.814629
v -550.541016 115.061836 103.231209
v -564.518188 119.015137 119.385025
v -564.437500 117.344009 120.103691
v -565.210815 112.685135 120.963593
v -565.409729 111.425308 122.081154
v -567.534363 103.316635 124.470993
v -556.629822 94.431122 105.612007
v -556.445862 94.798065 105.768280
v -554.311218 95.266342 107.226410
v -552.420227 94.333755 106.804337
v -551.151733 94.895027 108.141716
v -548.740540 93.181839 105.707550
v -548.906677 94.478241 107.368416
v -549.263245 93.561600 106.048416
v -547.192749 93.600906 105.416702
v -553.945801 94.023003 106.075859
v -558.254456 82.688683 120.684158
v -552.899902 68.700890 77.411911
v -553.782043 59.762733 80.009285
v -553.804810 55.480026 80.232246
v -553.198303 50.723797 80.526909
v -553.246704 42.182182 81.431534
v -553.403992 41.281185 82.952271
v -552.491028 41.757107 83.021080
v -552.292480 41.114048 85.168251
v -552.840637 41.282871 88.416496
v -549.966064 40.711491 92.312057
v -551.574219 41.192722 90.552406
v -551.159729 41.041451 89.162010
v -550.415405 40.802395 93.320465
vn 0.7671 -0.3859 -0.5125
vn -0.3121 0.7190 -0.6210
vn -0.2625 0.7425 -0.6163
vn 0.0009 0.9460 -0.3242
vn 0.0075 0.8546 -0.5192
vn -0.1979 0.8280 -0.5246
vn 0.2560 -0.9277 0.2718
vn 0.0064 0.8538 -0.5205
vn 0.1927 0.8470 -0.4954
vn -0.0101 0.8717 -0.4899
vn -0.0405 0.8329 -0.5520
vn -0.0506 0.7948 -0.6048
vn -0.2389 0.8117 -0.5330
vn -0.0684 0.6350 -0.7695
vn 0.7693 -0.3882 -0.5074
vn 0.2485 0.5466 -0.7996
vn 0.0530 0.0378 -0.9979
vn -0.7889 0.2435 -0.5643
vn -0.2710 0.5762 -0.7710
vn -0.7214 0.0591 -0.6900
vn -0.4952 -0.3816 -0.7805
vn -0.8780 0.4699 -0.0910
vn 0.6412 -0.6657 -0.3817
vn 0.9046 -0.1060 -0.4128
vn -0.0571 0.2826 -0.9575
vn -0.2632 -0.2132 -0.9409
vn -0.7376 -0.6253 0.2547
vn -0.6056 -0.0398 -0.7948
vn -0.7428 -0.0775 -0.6650
vn -0.1482 0.8846 -0.4422
vn 0.1326 -0.2067 -0.9694
vn -0.5857 -0.4724 -0.6587
vn -0.0020 0.8365 -0.5480
vn 0.0233 0.4342 -0.9005
vn -0.0550 0.8146 -0.5774
vn -0.1752 0.5016 -0.8472
vn -0.3108 -0.0821 -0.9469
vn -0.3040 -0.1228 -0.9447
vn -0.5154 -0.6294 -0.5816
vn -0.8331 -0.5479 -0.0759
vn -0.6706 -0.7408 0.0381
vn -0.6393 -0.7369 0.2197
vn -0.5400 -0.8233 0.1748
vn -0.4870 -0.8166 -0.3100
vn -0.0305 -0.3292 -0.9438
vn -0.3066 -0.7984 -0.5182
vn -0.0415 -0.9116 -0.4089
vn 0.3005 -0.6403 -0.7069
vn -0.0061 -0.9136 -0.4065
vn -0.9148 -0.3444 0.2110
vn -0.1460 -0.7138 -0.6849
vn -0.1259 0.1928 -0.9731
vn -0.6515 -0.7336 -0.1933
vn -0.4435 0.2306 -0.8661
vn -0.2617 -0.1179 -0.9579
vn -0.3866 -0.2865 -0.8766
vn -0.5576 -0.4990 -0.6634
vn -0.2403 -0.9625 -0.1255
vn -0.6774 -0.6390 -0.3645
vn -0.2386 -0.9607 -0.1420
vn -0.3269 -0.9089 0.2589
vn -0.7502 -0.6351 -0.1838
vn 0.1290 -0.9635 -0.2344
vn -0.3133 -0.8931 -0.3228
vn -0.1957 -0.6356 -0.7468
vn -0.5202 -0.6625 -0.5390
vn -0.9353 -0.0821 -0.3441
vn -0.5189 -0.8420 -0.1477
vn -0.9089 -0.4146 -0.0448
vn -0.3126 -0.6252 -0.7151
vn -0.7882 0.2553 -0.5599
vn -0.2169 0.7616 -0.6107
vn 0.0294 0.7049 -0.7087
vn -0.2561 -0.1084 -0.9606
vn -0.3003 -0.2733 -0.9138
vn -0.5596 -0.1203 -0.8200
vn -0.5137 -0.1565 -0.8436
vn -0.5693 -0.1773 -0.8027
vn -0.1645 -0.9717 -0.1695
vn -0.1986 -0.9496 0.2425
vn -0.1864 -0.9765 0.1082
vn -0.3150 -0.9388 0.1393
vn -0.9841 0.1710 -0.0471
vn 0.1563 -0.9506 -0.2682
vn -0.3111 -0.5915 -0.7439
vn -0.3462 -0.6016 -0.7199
vn -0.4446 -0.8840 -0.1447
vn -0.0399 -0.9915 0.1238
vn -0.1921 -0.9807 0.0359
vn -0.0621 -0.9455 0.3197
vn -0.5225 -0.8468 0.0993
vn -0.3568 -0.9234 -0.1414
vn -0.0433 -0.9534 0.2985
vn -0.3973 -0.9177 -0.0072
vn -0.3782 0.9221 -0.0816
vn -0.0690 0.5711 -0.8180
vn -0.2427 0.3995 -0.8840
vn -0.2748 0.2337 -0.9327
vn -0.2306 -0.2895 -0.9290
vn -0.5504 -0.1432 -0.8226
vn -0.2612 -0.9598 0.1029
vn -0.4371 -0.8994 0.0075
vn 0.0776 -0.8594 -0.5054
vn -0.0558 -0.9983 0.0162
vn -0.2472 -0.9388 -0.2397
vn 0.0385 -0.3713 -0.9277
vn 0.1522 -0.8883 -0.4332
vn -0.1504 -0.9439 -0.2940
vn -0.1617 -0.9543 -0.2515
vn -0.2596 -0.9644 0.0511
vn -0.6990 -0.6898 0.1884
vn -0.7465 -0.5662 0.3496
vn -0.7423 -0.6701 -0.0076
vn -0.2147 0.8111 -0.5441
vn 0.0631 0.9674 -0.2451
vn -0.2156 0.7180 -0.6618
vn -0.6108 0.4416 -0.6572
vn -0.3533 0.3671 -0.8605
vn -0.3630 0.0228 -0.9315
vn -0.5723 -0.1482 -0.8065
vn -0.1365 -0.9057 0.4013
vn -0.3496 -0.9317 -0.0985
vn -0.2144 -0.9646 0.1533
vn -0.0083 -0.9979 -0.0644
vn 0.5197 -0.7010 -0.4884
vn -0.4236 -0.8521 -0.3074
vn -0.6301 -0.6055 0.4861
vn -0.3617 -0.2455 -0.8994
vn -0.6533 -0.6307 0.4188
vn -0.9369 -0.2278 0.2651
vn -0.1647 0.9521 -0.2576
vn 0.5252 0.7746 -0.3525
vn -0.8956 -0.4081 -0.1771
vn 0.4736 0.8020 -0.3639
vn -0.3343 -0.2506 -0.9085
vn -0.3348 -0.2407 -0.9110
vn -0.6268 -0.1360 -0.7672
vn -0.7049 -0.0842 -0.7043
vn -0.4205 -0.5585 -0.7150
vn -0.2692 -0.9608 0.0669
vn -0.8647 -0.4135 -0.2851
vn 0.0941 -0.9937 -0.0605
vn -0.5177 -0.8374 0.1754
vn -0.5177 -0.8525 0.0720
vn 0.7044 -0.2574 -0.6615
vn -0.5935 -0.1910 -0.7819
vn -0.3056 -0.8611 0.4063
vn -0.1635 -0.2691 -0.9491
vn -0.6895 -0.3665 -0.6248
vn -0.3575 -0.6804 -0.6397
vn -0.9428 0.2959 0.1533
vn -0.9503 0.2529 0.1817
vn -0.6460 -0.7387 0.1922
vn -0.6510 -0.7517 -0.1055
vn -0.9179 -0.3240 -0.2291
vn -0.9098 -0.3856 0.1535
vn -0.7877 -0.5112 0.3439
vn -0.2624 -0.2430 0.9339
vn -0.4476 0.6604 -0.6029
vn 0.5557 0.7397 -0.3797
vn -0.7784 0.2926 -0.5554
vn -0.5732 -0.1610 -0.8035
vn 0.4848 -0.5559 0.6752
vn -0.5598 -0.1327 -0.8179
vn 0.8318 -0.5548 -0.0184
vn -0.1038 -0.9613 -0.2550
vn -0.5136 -0.8544 0.0790
vn -0.3533 -0.9350 0.0303
vn -0.3484 -0.9264 0.1427
vn -0.1898 -0.9569 0.2200
vn -0.7072 -0.6340 0.3129
vn -0.4753 -0.8049 -0.3554
vn -0.3820 -0.8992 -0.2134
vn -0.5924 -0.1208 -0.7966
vn -0.5945 -0.1186 -0.7953
vn 0.8051 -0.3496 -0.4791
vn 0.7390 -0.6543 0.1603
vn -0.2683 -0.3027 -0.9145
vn -0.6278 -0.1897 -0.7549
vn -0.3579 -0.3840 -0.8511
vn -0.9229 -0.2476 0.2949
vn 0.7959 -0.4056 -0.4496
vn -0.2578 0.6651 0.7008
vn 0.8862 -0.3074 -0.3467
vn 0.4925 0.5839 -0.6453
vn -0.1391 0.9548 -0.2627
vn -0.8951 0.0600 -0.4419
vn 0.6447 -0.3828 -0.6617
vn 0.5597 -0.3911 -0.7307
vn -0.2317 -0.2901 -0.9285
vn -0.3818 -0.2466 -0.8907
vn -0.5822 -0.1469 -0.7996
vn -0.5347 -0.1670 -0.8284
vn -0.1930 -0.9377 -0.2891
vn -0.4283 -0.8609 -0.2745
vn -0.3517 -0.7810 -0.5160
vn -0.2262 -0.9665 0.1210
vn -0.2497 -0.9672 0.0472
vn -0.5402 -0.1441 -0.8291
vn 0.6320 -0.3679 0.6820
vn -0.3894 -0.4326 -0.8132
vn -0.4692 -0.3985 -0.7881
vn -0.7809 -0.4861 0.3924
vn -0.6373 -0.1644 -0.7528
vn -0.9298 -0.3078 -0.2016
vn 0.8930 -0.3091 -0.3270
vn -0.4318 -0.0588 -0.9001
vn -0.0949 -0.7303 -0.6765
vn 0.0030 -0.9926 0.1214
vn 0.2075 0.2676 -0.9409
vn 0.4145 0.7796 -0.4695
vn -0.7607 -0.0394 -0.6479
vn -0.9332 0.0040 -0.3593
vn -0.9244 0.1496 -0.3508
vn -0.9267 0.1207 -0.3559
vn -0.8475 0.0349 -0.5296
vn -0.2284 -0.2939 -0.9281
vn -0.2978 -0.9495 0.0984
vn -0.1215 -0.9912 -0.0521
vn -0.4640 -0.6275 0.6252
vn 0.7024 -0.3502 -0.6197
vn -0.3943 -0.2133 -0.8939
vn -0.1710 -0.2638 -0.9493
vn -0.4793 -0.4767 -0.7369
vn -0.8975 0.0011 -0.4411
vn -0.9053 0.0037 -0.4247
vn 0.1553 -0.9879 0.0022
vn -0.9810 -0.0958 -0.1686
vn -0.9175 -0.1377 -0.3731
vn -0.9078 0.3478 -0.2343
vn -0.8741 0.2252 -0.4304
vn -0.8147 0.3641 -0.4512
vn -0.9322 0.1210 -0.3412
vn -0.4700 -0.2071 -0.8580
vn 0.7593 -0.4199 -0.4972
vn -0.4412 -0.1829 -0.8786
vn -0.3548 -0.1933 -0.9147
vn -0.9097 -0.0000 -0.4152
vn -0.9294 0.0449 -0.3662
vn -0.8770 0.4336 -0.2073
vn -0.8164 0.3625 -0.4495
vn -0.9301 0.1090 -0.3506
vn -0.5232 -0.0864 -0.8478
vn -0.5897 -0.1263 -0.7977
vn -0.4092 -0.1514 -0.8998
vn 0.8640 -0.3157 -0.3921
vn -0.1709 -0.2593 -0.9506
vn -0.5200 -0.2523 -0.8161
vn -0.7878 -0.0915 -0.6091
vn -0.9255 0.0863 -0.3688
vn -0.6152 0.0902 -0.7832
vn -0.8176 -0.0324 -0.5748
vn -0.5646 -0.0215 -0.8251
vn -0.7163 -0.4047 -0.5685
vn -0.4749 -0.1824 -0.8609
vn -0.5791 -0.1218 -0.8061
vn -0.1749 -0.2542 -0.9512
vn -0.3593 -0.2192 -0.9071
vn -0.7141 0.6872 0.1336
vn -0.9210 0.0855 -0.3801
vn -0.8853 0.2313 -0.4035
vn -0.5835 -0.2171 -0.7826
vn -0.4334 -0.4398 -0.7866
vn -0.2992 -0.3516 -0.8870
vn -0.5264 -0.0823 -0.8462
vn -0.7018 0.0603 -0.7098
vn -0.5608 -0.0989 -0.8220
vn -0.9261 0.1183 0.3583
vn 0.6230 -0.4817 0.6163
vn -0.9416 0.1605 -0.2961
vn -0.9308 0.0891 -0.3546
vn -0.6592 0.5211 -0.5422
vn -0.9296 0.1084 -0.3523
vn -0.8906 -0.2731 -0.3637
vn -0.7102 -0.1056 -0.6961
vn -0.5326 -0.1331 -0.8359
vn 0.8752 0.2920 -0.3857
vn 0.8995 -0.3018 -0.3158
vn 0.2752 -0.3427 -0.8982
vn -0.1783 -0.2878 -0.9410
vn -0.1657 -0.3203 -0.9327
vn -0.1880 -0.0837 -0.9786
vn -0.9293 0.1048 -0.3541
vn -0.9331 0.0995 -0.3455
vn -0.9146 -0.2981 0.2732
vn -0.9471 0.0123 -0.3208
vn -0.9230 0.1511 -0.3540
vn -0.7616 -0.5585 -0.3288
vn -0.7461 -0.5548 -0.3681
vn -0.4318 0.1689 -0.8860
vn -0.7695 0.6219 -0.1452
vn -0.7323 0.0756 -0.6768
vn -0.6527 -0.0548 -0.7557
vn -0.8252 0.0012 -0.5648
vn -0.9308 0.0903 -0.3543
vn -0.9801 0.1910 -0.0535
vn -0.9480 0.0152 0.3179
vn -0.2171 0.9296 -0.2979
vn -0.8140 0.4445 -0.3739
vn -0.9266 0.1167 -0.3574
vn -0.9297 0.1092 -0.3518
vn -0.6864 -0.5672 -0.4551
vn 0.5817 -0.6716 -0.4589
vn 0.8358 -0.3002 -0.4597
vn -0.5395 -0.1324 -0.8315
vn -0.5070 -0.0039 -0.8619
vn -0.5939 -0.0997 -0.7983
vn 0.1753 0.7472 -0.6410
vn -0.4400 0.0957 -0.8929
vn -0.2871 0.1200 -0.9504
vn -0.4835 -0.0316 -0.8748
vn -0.5689 0.1664 -0.8054
vn -0.9314 0.0957 -0.3512
vn -0.9168 0.0464 -0.3965
vn -0.0744 0.8757 -0.4771
vn -0.7496 -0.5783 -0.3219
vn -0.7567 -0.5784 -0.3047
vn -0.5619 -0.4939 -0.6635
vn -0.4255 0.2704 -0.8636
vn -0.3432 0.5464 -0.7639
vn -0.4469 0.4106 -0.7948
vn -0.5166 0.0341 -0.8556
vn -0.5791 -0.0439 -0.8141
vn -0.3167 -0.1391 -0.9383
vn -0.1197 0.5162 -0.8481
vn 0.0610 0.6184 -0.7835
vn -0.2541 -0.0977 -0.9622
vn -0.1490 0.5132 -0.8453
vn -0.5926 0.1621 -0.7890
vn -0.3758 0.3455 -0.8599
vn -0.2350 -0.3202 -0.9177
vn -0.9201 -0.1452 -0.3639
vn -0.7538 -0.5757 -0.3168
vn -0.8172 -0.4520 -0.3576
vn -0.7116 -0.5342 -0.4563
vn -0.8912 -0.0468 -0.4512
vn -0.2968 0.4538 -0.8402
vn -0.7275 -0.6861 -0.0028
vn -0.5126 0.7969 -0.3197
vn 0.2320 0.6567 -0.7176
vn 0.2776 -0.1433 -0.9500
vn 0.1287 0.7562 -0.6415
vn -0.9090 -0.3997 0.1183
vn -0.8223 -0.5571 0.1162
vn -0.7688 0.2362 -0.5943
vn -0.9388 0.0894 -0.3328
vn 0.9012 -0.2831 -0.3283
vn -0.9311 0.1105 -0.3475
vn -0.9514 0.1191 -0.2841
vn -0.9497 0.1391 -0.2806
vn -0.9365 0.1796 -0.3011
vn -0.9408 0.1259 -0.3148
vn -0.2119 0.5907 -0.7786
vn -0.4125 0.6174 -0.6698
vn -0.1895 0.6222 -0.7595
vn -0.9392 -0.2047 0.2756
vn 0.9149 -0.2658 -0.3038
vn 0.1816 0.7497 -0.6363
vn 0.2793 0.7278 -0.6264
vn 0.9794 0.0932 -0.1790
vn 0.8534 0.0012 0.5213
vn -0.4823 0.4424 -0.7560
vn -0.6404 0.4251 -0.6397
vn -0.6854 0.4993 -0.5300
vn -0.8106 0.3912 -0.4358
vn -0.9280 0.1041 -0.3578
vn -0.9340 0.0951 -0.3444
vn -0.9539 0.1281 -0.2715
vn -0.9313 0.1880 -0.3119
vn -0.9645 0.1624 -0.2081
vn -0.9474 0.1305 -0.2923
vn -0.3809 0.5411 -0.7498
vn -0.1558 0.8516 -0.5005
vn -0.1785 0.8646 -0.4697
vn 0.0869 0.9070 -0.4120
vn -0.1597 0.9026 -0.3999
vn -0.1267 0.9523 -0.2777
vn -0.1318 0.8971 -0.4217
vn 0.7544 -0.4178 -0.5064
vn -0.1904 -0.9788 0.0755
vn -0.2190 -0.9751 0.0339
vn -0.8293 0.3379 -0.4451
vn -0.9251 0.1326 -0.3558
vn -0.9536 0.1191 -0.2766
vn -0.9552 0.1920 -0.2253
vn -0.9620 0.1497 -0.2283
vn -0.9219 -0.1156 -0.3698
vn -0.4234 0.8848 -0.1945
vn -0.9506 0.1660 -0.2623
vn -0.8424 -0.4585 0.2832
vn -0.8476 0.0247 -0.5301
vn 0.8386 -0.3055 -0.4511
vn -0.9431 0.1135 -0.3125
vn -0.9707 0.1516 -0.1865
vn -0.9696 0.1646 -0.1810
vn -0.9779 0.1610 -0.1331
vn -0.9727 0.1813 -0.1446
vn -0.7480 -0.5937 -0.2967
vn 0.0474 0.9981 0.0382
vn -0.0708 0.9880 -0.1370
vn -0.2928 0.9188 -0.2647
vn 0.5762 0.4706 0.6682
vn 0.3615 0.8943 0.2638
vn -0.8879 0.2510 -0.3855
vn -0.9616 0.2380 -0.1369
vn -0.9554 0.1152 -0.2721
vn -0.9520 0.0598 -0.3002
vn -0.8585 -0.3802 -0.3441
vn -0.7170 0.6607 -0.2222
vn -0.0441 0.9798 -0.1951
vn -0.0204 0.9380 -0.3461
vn -0.0640 0.8893 -0.4529
vn -0.4205 0.8917 -0.1675
vn -0.7803 -0.6037 0.1636
vn -0.6976 -0.7158 0.0318
vn 0.9414 0.2714 -0.2001
vn 0.5290 -0.8177 -0.2269
vn -0.9896 -0.0754 -0.1227
vn -0.8140 0.0654 -0.5772
vn -0.9654 0.1366 -0.2219
vn -0.9775 0.1880 -0.0962
vn -0.9792 0.1984 -0.0428
vn -0.9775 0.2022 -0.0600
vn -0.9692 0.2445 -0.0296
vn -0.9792 0.1919 -0.0654
vn -0.9737 0.2145 -0.0775
vn -0.9705 0.1544 -0.1850
vn -0.7546 -0.5968 -0.2727
vn -0.2182 0.9174 -0.3329
vn -0.2390 -0.7748 -0.5852
vn -0.9854 -0.0931 -0.1426
vn -0.8806 0.1723 -0.4414
vn -0.9228 0.1117 -0.3688
vn -0.9431 0.1118 -0.3130
vn -0.9747 0.2206 0.0362
vn -0.9569 0.2889 0.0303
vn -0.9752 0.1677 -0.1448
vn -0.9728 0.1557 -0.1717
vn -0.1798 0.9065 -0.3821
vn 0.1280 0.8223 -0.5545
vn -0.3040 -0.9468 -0.1056
vn -0.2402 -0.4110 -0.8794
vn -0.0806 -0.9395 -0.3330
vn -0.3019 -0.6226 -0.7220
vn -0.0999 -0.9853 0.1389
vn 0.0577 -0.9911 0.1200
vn -0.1458 -0.9303 0.3365
vn -0.1078 -0.9434 0.3136
vn -0.9507 0.1659 -0.2622
vn -0.9331 0.1198 -0.3390
vn -0.9059 -0.1162 -0.4072
vn -0.6896 -0.5661 -0.4516
vn -0.9163 0.0826 -0.3919
vn -0.9562 0.1349 -0.2597
vn -0.9718 0.2295 0.0536
vn -0.9592 0.2678 0.0908
vn -0.8609 0.2711 -0.4306
vn -0.1394 -0.5507 -0.8230
vn 0.0245 -0.9695 -0.2438
vn -0.0942 -0.6995 -0.7084
vn -0.4427 0.8927 -0.0840
vn -0.4735 0.7826 -0.4041
vn -0.9393 0.0804 -0.3334
vn -0.4106 0.8380 -0.3594
vn -0.9572 0.0529 -0.2846
vn -0.9738 0.2217 0.0500
vn -0.9555 0.2530 0.1519
vn -0.9652 0.2517 0.0712
vn -0.9777 0.2100 -0.0000
vn -0.6244 0.7714 -0.1230
vn -0.1749 0.8953 -0.4096
vn -0.0083 0.8234 -0.5674
vn 0.2106 0.5952 -0.7754
vn -0.5546 -0.2866 -0.7812
vn -0.5957 -0.1370 -0.7914
vn 0.9037 -0.2879 -0.3168
vn -0.9208 0.0918 -0.3791
vn 0.3844 -0.8381 0.3871
vn -0.9721 0.0353 -0.2318
vn -0.9795 0.1742 -0.1016
vn -0.9609 0.2486 0.1217
vn -0.7549 0.2850 -0.5907
vn -0.0695 0.8361 -0.5442
vn -0.2991 -0.1568 -0.9412
vn -0.8944 -0.0081 -0.4472
vn -0.8939 0.2233 -0.3886
vn -0.9336 0.1389 -0.3302
vn -0.9293 0.0899 -0.3582
vn -0.9343 0.0832 -0.3467
vn -0.9734 0.1704 -0.1532
vn -0.9791 0.2032 0.0040
vn -0.9789 0.2042 0.0055
vn -0.9761 0.2172 -0.0099
vn -0.9500 0.2547 0.1808
vn -0.8437 -0.5368 -0.0036
vn -0.0423 0.8156 -0.5770
vn 0.2060 0.6225 -0.7550
vn -0.2295 -0.2004 -0.9524
vn -0.7630 -0.0637 -0.6432
vn -0.7543 -0.1299 -0.6436
vn -0.3392 -0.8728 0.3508
vn -0.9174 0.1023 -0.3847
vn -0.9824 0.0843 -0.1667
vn -0.9868 0.0777 -0.1419
vn 0.0104 0.6354 -0.7721
vn -0.4959 -0.0952 -0.8631
vn -0.3681 -0.1600 -0.9159
vn -0.4044 -0.1146 -0.9074
vn -0.3213 -0.1621 -0.9330
vn -0.9386 0.0698 -0.3379
vn -0.8576 0.1447 -0.4935
vn -0.9713 0.1366 -0.1945
vn -0.9453 0.2541 0.2045
vn -0.9132 0.3029 0.2727
vn -0.9299 0.3210 -0.1796
vn -0.9141 0.2191 -0.3413
vn -0.9404 0.0533 -0.3360
vn -0.9425 0.0972 -0.3199
vn -0.4655 -0.0153 -0.8849
vn -0.8525 0.0979 -0.5134
vn -0.6420 0.0553 -0.7647
vn -0.9444 0.0969 -0.3141
vn -0.9748 0.1528 -0.1627
vn -0.9812 0.1727 -0.0865
vn -0.9158 0.2821 0.2857
vn -0.3250 -0.1551 -0.9329
vn 0.8989 -0.3040 -0.3154
vn -0.8680 -0.0388 -0.4950
vn -0.9349 0.0573 -0.3504
vn -0.3830 -0.0903 -0.9193
vn -0.7027 -0.0141 -0.7114
vn -0.8807 0.3491 0.3201
vn -0.9218 0.0219 -0.3871
vn -0.9435 0.0986 -0.3165
vn -0.9614 0.1252 -0.2450
vn -0.8028 -0.5828 0.1258
vn -0.4887 -0.1228 -0.8638
vn -0.8375 -0.1902 -0.5123
vn -0.8825 0.0871 -0.4623
vn -0.7434 0.2955 -0.6001
vn -0.9939 -0.1100 0.0118
vn 0.9212 -0.2139 -0.3249
vn 0.8236 -0.3033 -0.4792
vn -0.2555 -0.1597 -0.9535
vn -0.2970 -0.1665 -0.9402
vn -0.3488 -0.2072 -0.9140
vn -0.8228 -0.5642 0.0682
vn -0.6489 -0.0336 -0.7601
vn -0.9916 0.1185 0.0521
vn 0.8974 -0.3067 -0.3170
vn -0.9609 0.0648 -0.2691
vn -0.9139 -0.0310 -0.4048
vn -0.9221 0.1204 -0.3676
vn -0.9265 0.1178 -0.3573
vn -0.9259 0.1163 -0.3594
vn -0.9601 0.1072 -0.2582
vn -0.8997 0.2910 0.3253
vn -0.4799 -0.0916 -0.8725
vn -0.2944 -0.2144 -0.9313
vn -0.8844 0.0243 -0.4661
vn -0.9138 -0.0306 -0.4049
vn -0.9753 0.1229 -0.1836
vn -0.9809 0.1661 -0.1017
vn -0.5568 -0.1323 -0.8201
vn -0.8609 0.0397 -0.5072
vn -0.9314 0.0446 -0.3614
vn -0.9495 0.0632 -0.3073
vn -0.8923 0.2927 0.3436
vn -0.2934 -0.1115 -0.9495
vn -0.9023 0.0676 -0.4258
vn -0.9252 0.0598 -0.3747
vn -0.9367 0.0837 -0.3401
vn -0.9523 0.0711 -0.2969
vn -0.9773 0.0746 -0.1981
vn -0.8921 0.2922 0.3446
vn -0.8604 -0.3923 0.3251
vn -0.4038 -0.0574 -0.9130
vn -0.3927 -0.0647 -0.9174
vn -0.2241 -0.0303 -0.9741
vn -0.1943 -0.1257 -0.9729
vn -0.6157 -0.1765 -0.7680
vn -0.6164 -0.1770 -0.7673
vn -0.9352 0.0380 -0.3522
vn -0.8923 0.2932 0.3434
vn -0.8897 0.3003 0.3438
vn -0.9363 0.0285 -0.3500
vn -0.9917 0.0785 -0.1019
vn -0.8799 0.3376 0.3344
vn -0.3008 0.0375 -0.9529
vn -0.1861 -0.0401 -0.9817
vn -0.3991 0.0038 -0.9169
vn -0.9802 0.0866 -0.1779
vn -0.9654 0.0008 -0.2607
vn -0.9882 0.0077 -0.1532
vn -0.5395 -0.0106 -0.8419
vn -0.4984 0.0610 -0.8648
vn -0.9570 -0.0366 -0.2878
vn -0.9673 0.2421 0.0757
vn -0.9522 0.2555 0.1674
vn -0.3382 0.0956 -0.9362
vn -0.9374 -0.0226 -0.3477
vn -0.9868 0.0104 -0.1614
vn -0.5783 -0.1154 -0.8077
vn -0.6846 -0.4148 -0.5994
vn -0.9759 0.1827 -0.1192
vn -0.9569 0.1574 -0.2440
vn -0.8963 -0.4430 0.0185
vn -0.3228 0.1060 -0.9405
vn -0.1698 0.0693 -0.9830
vn -0.9403 0.0082 -0.3401
vn -0.9385 -0.0261 -0.3442
vn -0.9803 -0.0850 -0.1783
vn -0.9779 0.1616 -0.1325
vn -0.6395 -0.0750 -0.7651
vn -0.3879 -0.0239 -0.9214
vn -0.4582 -0.0771 -0.8855
vn -0.2822 -0.3562 -0.8908
vn -0.3255 -0.3513 -0.8779
vn -0.1672 -0.2358 -0.9573
vn -0.7587 -0.1383 -0.6366
vn -0.7220 -0.1191 -0.6816
vn -0.6130 0.0923 -0.7847
vn -0.1711 0.1825 -0.9682
vn -0.9962 -0.0251 -0.0833
vn -0.9775 0.2039 0.0531
vn -0.9433 -0.1793 -0.2795
vn -0.9794 0.1377 -0.1474
vn -0.9836 0.1544 -0.0933
vn -0.8416 0.0093 -0.5400
vn -0.6458 -0.1452 -0.7495
vn -0.5539 -0.0885 -0.8279
vn -0.6860 -0.1055 -0.7199
vn -0.7276 -0.1013 -0.6785
vn -0.2133 -0.2685 -0.9394
vn -0.8148 -0.4799 -0.3253
vn -0.8528 -0.3153 -0.4163
vn -0.7311 -0.1983 -0.6528
vn -0.3807 0.8409 -0.3847
vn -0.3933 0.1412 -0.9085
vn -0.1695 0.1811 -0.9688
vn -0.9571 -0.0987 -0.2723
vn -0.9876 0.1305 -0.0878
vn -0.8977 0.0054 -0.4406
vn -0.8839 0.0011 -0.4677
vn -0.9553 0.1620 -0.2475
vn -0.8712 -0.1626 -0.4632
vn -0.7670 -0.0076 -0.6416
vn -0.1217 -0.2313 -0.9652
vn -0.6251 -0.0019 -0.7806
vn -0.5560 -0.3184 -0.7677
vn -0.6888 -0.1315 -0.7129
vn 0.5414 -0.1268 -0.8311
vn -0.3921 -0.0305 -0.9194
vn -0.0579 0.4406 -0.8958
vn -0.8029 -0.3585 -0.4763
vn -0.5740 0.0896 -0.8139
vn -0.9434 -0.0786 -0.3223
vn -0.9291 -0.1464 -0.3395
vn -0.9617 -0.0869 -0.2599
vn -0.9165 0.0016 -0.4001
vn -0.4521 -0.2192 -0.8646
vn -0.5335 -0.0969 -0.8403
vn -0.8446 -0.0817 -0.5291
vn -0.0074 -0.2773 -0.9608
vn -0.5407 -0.3093 -0.7823
vn -0.9840 0.1177 -0.1334
vn -0.1907 0.5970 -0.7792
vn -0.8897 0.3023 0.3420
vn -0.3617 0.2072 -0.9090
vn -0.3640 0.2071 -0.9081
vn -0.9410 -0.1049 -0.3217
vn -0.9866 -0.1135 -0.1174
vn -0.9380 -0.1496 -0.3126
vn -0.9977 -0.0660 0.0130
vn -0.5543 -0.4542 -0.6975
vn 0.6427 -0.6615 -0.3865
vn -0.9049 0.1097 -0.4112
vn -0.5041 0.1695 -0.8468
vn -0.3330 0.3626 -0.8704
vn -0.2366 0.3372 -0.9112
vn -0.2528 0.3555 -0.8998
vn -0.9917 -0.0935 -0.0888
vn -0.7538 0.0500 -0.6552
vn -0.2744 0.3709 -0.8872
vn -0.9426 -0.1434 -0.3015
vn -0.9556 -0.1408 -0.2588
vn -0.1453 0.4452 -0.8836
vn -0.9710 -0.1139 -0.2104
vn -0.9895 -0.1184 -0.0832
vn 0.0053 -0.3175 -0.9482
vn -0.6415 0.2070 -0.7386
vn -0.6030 0.2513 -0.7572
vn -0.8060 0.0351 -0.5909
vn -0.9947 -0.1011 0.0192
vn -0.2153 -0.2563 -0.9423
vn -0.9634 -0.1363 -0.2307
vn -0.6473 0.1509 -0.7472
vn -0.3816 0.3578 -0.8523
vn -0.9947 -0.1010 -0.0187
vn -0.8165 0.0066 -0.5773
vn -0.5088 0.2065 -0.8357
vn -0.5152 0.2983 -0.8034
vn -0.1554 0.4568 -0.8759
vn -0.4511 0.3401 -0.8251
vn -0.8105 0.0118 -0.5857
vn -0.1589 0.4540 -0.8767
vn -0.1650 0.5034 -0.8482
vn -0.9964 -0.0803 -0.0259
vn -0.8347 0.0312 -0.5499
vn -0.3938 0.3444 -0.8523
vn -0.3946 0.3442 -0.8519
vn -0.4357 0.4940 -0.7524
vn 0.4657 -0.8330 -0.2988
vn -0.6335 0.2260 -0.7400
vn -0.5082 0.4531 -0.7325
vn -0.4897 0.4486 -0.7477
vn -0.4725 0.5597 -0.6808
vn -0.4783 0.5458 -0.6880
vn -0.3264 0.6386 -0.6969
vn -0.9804 0.1792 -0.0814
vn -0.4951 0.6021 -0.6264
vn -0.1556 0.9019 -0.4030
vn -0.4494 0.4628 -0.7641
vn -0.6930 0.3932 -0.6043
vn -0.9910 -0.0529 0.1228
vn -0.8878 0.3245 0.3264
vn -0.1635 0.8951 -0.4148
vn -0.7394 -0.1969 -0.6438
vn -0.2503 0.8987 -0.3600
vn -0.7816 0.6098 0.1312
vn -0.5844 -0.1075 -0.8043
vn -0.7723 -0.6033 0.1992
vn -0.6462 -0.1089 -0.7554
vn 0.8855 -0.3088 -0.3473
vn -0.9083 -0.3236 -0.2652
vn -0.0850 -0.9778 0.1914
vn -0.9075 0.2793 0.3139
vn 0.8646 -0.2558 -0.4325
vn -0.9482 0.1016 -0.3011
vn -0.9305 -0.0070 -0.3662
vn -0.9206 -0.0706 -0.3840
vn -0.8996 -0.0734 -0.4306
vn -0.3125 0.3980 -0.8625
vn -0.2964 0.3311 -0.8958
vn -0.1883 0.2991 -0.9355
vn -0.3730 -0.0340 -0.9272
vn -0.6414 -0.1310 -0.7559
vn -0.8621 -0.1256 -0.4910
vn -0.5879 -0.0312 -0.8083
vn -0.5847 0.0869 -0.8066
vn -0.9636 0.1482 -0.2225
vn -0.9333 0.1047 -0.3434
vn -0.9362 0.0779 -0.3428
vn -0.8714 -0.1605 -0.4635
vn -0.4938 -0.1346 -0.8591
vn -0.8112 -0.0580 -0.5819
vn -0.4380 0.0111 -0.8989
vn -0.9731 0.2301 -0.0060
vn -0.9167 0.1212 -0.3807
vn -0.7765 0.3301 -0.5368
vn -0.8723 0.2649 -0.4110
vn -0.6807 -0.1184 -0.7230
vn 0.4577 0.6989 -0.5496
vn -0.0120 0.9813 -0.1922
vn 0.0241 0.8919 -0.4515
vn -0.4284 0.2418 -0.8706
vn 0.1122 0.8576 -0.5019
vn -0.2214 0.5993 -0.7693
vn 0.9075 0.2051 -0.3667
vn 0.0159 0.8987 -0.4383
vn -0.6084 0.7785 -0.1542
vn -0.9167 -0.1395 -0.3744
vn -0.9690 0.0873 -0.2311
vn 0.9107 0.3916 -0.1316
vn -0.7652 0.0456 -0.6421
vn -0.2799 -0.9050 0.3203
vn -0.9750 0.1552 -0.1590
vn -0.8322 0.0424 -0.5528
vn -0.9329 0.1078 -0.3436
vn -0.1506 -0.9279 0.3410
vn -0.1640 -0.9383 0.3045
vn -0.1061 -0.9464 0.3050
vn -0.9571 0.0799 -0.2784
vn 0.1074 0.8602 -0.4986
vn 0.0789 0.8486 -0.5231
vn -0.5421 -0.1371 -0.8291
vn -0.5400 -0.1439 -0.8293
vn -0.1184 -0.9659 0.2302
vn -0.1729 -0.9683 0.1804
vn -0.6146 -0.7408 -0.2711
vn -0.8830 -0.0542 -0.4662
vn -0.5096 -0.3940 -0.7649
vn -0.4340 -0.3753 -0.8190
vn -0.4732 0.2379 -0.8482
vn -0.9723 0.1186 -0.2013
vn -0.2955 -0.2625 -0.9186
vn -0.6865 -0.1875 -0.7026
vn 0.1770 -0.8842 0.4324
vn -0.3725 -0.9279 0.0128
vn -0.9270 0.2791 0.2503
vn -0.9495 0.2624 0.1718
vn -0.9389 0.2681 0.2157
vn -0.9414 0.2924 0.1681
vn -0.9585 0.1664 0.2316
vn 0.8665 -0.1805 -0.4654
vn -0.9830 0.1644 0.0815
vn 0.7619 -0.5483 -0.3448
vn 0.9116 0.2091 0.3540
vn -0.0347 -0.9969 -0.0708
vn 0.9110 -0.0043 -0.4124
vn -0.1325 0.8685 -0.4776
vn -0.7101 0.6653 -0.2305
vn -0.6952 0.2223 -0.6836
vn -0.9309 0.3636 0.0352
vn 0.1518 0.4414 -0.8844
vn -0.2386 0.9158 -0.3232
vn -0.9278 0.0735 -0.3658
vn -0.9343 0.0245 -0.3556
vn -0.8740 -0.3131 -0.3716
vn -0.8903 -0.2956 -0.3464
vn -0.8249 -0.4834 -0.2929
vn -0.9520 -0.0184 -0.3055
vn -0.8274 -0.4832 -0.2861
vn -0.8821 -0.3624 -0.3008
vn -0.8699 -0.4113 -0.2723
vn -0.9116 -0.3449 -0.2237
vn -0.9844 -0.1747 -0.0223
vn -0.8521 -0.4064 -0.3298
vn -0.8856 0.2891 0.3634
vn -0.8279 -0.5053 -0.2435
vn -0.9646 0.1044 -0.2423
vn -0.7397 -0.6098 -0.2845
vn -0.7000 -0.7096 0.0810
vn -0.8223 -0.4660 -0.3266
vn -0.9651 0.0921 0.2453
vn -0.8081 -0.5652 0.1657
vn -0.8080 -0.5661 0.1632
vn -0.6959 -0.7109 0.1021
vn -0.7665 -0.6324 -0.1119
vn -0.7508 -0.6202 -0.2271
vn -0.9609 -0.1840 0.2069
vn -0.9419 -0.2557 0.2179
vn -0.8986 -0.4183 0.1326
vn -0.9110 -0.3912 0.1304
vn -0.9141 0.0173 -0.4051
vn -0.7167 -0.6863 0.1235
vn -0.9427 0.2920 0.1617
vn -0.9413 -0.3329 -0.0557
vn -0.8372 -0.5285 0.1409
vn -0.7122 -0.6941 0.1046
vn -0.7140 -0.6889 0.1249
vn -0.6988 -0.7106 0.0823
vn -0.8552 -0.5100 -0.0921
vn -0.6971 -0.7095 0.1034
vn -0.7671 -0.6361 -0.0829
vn -0.7187 -0.6820 0.1352
vn -0.7133 -0.6942 0.0961
vn -0.9115 0.2114 0.3528
vn -0.7745 -0.6205 0.1230
vn -0.7496 -0.6615 0.0217
vn -0.7454 -0.6628 0.0712
vn -0.8259 -0.5422 0.1546
vn -0.4727 -0.8746 -0.1084
vn -0.2452 0.9237 0.2945
vn -0.9595 -0.2183 -0.1778
vn -0.9830 0.1837 0.0071
vn -0.9813 0.1777 -0.0736
vn -0.7500 -0.6553 -0.0893
vn -0.7507 -0.6593 0.0419
vn -0.7423 -0.6669 0.0645
vn -0.7789 -0.6097 0.1468
vn -0.9736 0.2150 0.0761
vn -0.7549 -0.6538 -0.0529
vn -0.9713 -0.0203 0.2369
vn -0.9097 0.2652 0.3194
vn -0.9034 0.2983 0.3082
vn -0.9164 0.0664 -0.3947
vn -0.9612 -0.0727 0.2660
vn -0.9374 0.1999 0.2851
vn -0.9602 0.2597 0.1026
vn -0.9892 0.1164 0.0891
vn -0.9002 0.2971 0.3184
vn -0.9020 0.2955 0.3147
vn -0.9470 0.2512 0.2000
vn -0.9006 0.2951 0.3191
vn -0.9089 0.2863 0.3033
vn -0.9093 0.2869 0.3014
vn -0.9454 0.2866 0.1550
vn -0.9008 0.2975 0.3162
vn -0.9611 0.2556 0.1046
vn -0.9507 0.1029 -0.2926
vn -0.8934 0.3129 0.3223
vn -0.9562 0.2590 0.1361
vn -0.9389 0.2718 0.2111
vn -0.9233 0.2933 0.2480
vn -0.8902 0.3055 0.3379
vn -0.9381 0.2537 0.2359
vn -0.8759 0.3605 0.3207
vn -0.9641 0.2445 0.1035
vn -0.9401 0.2754 0.2007
vn -0.9061 0.2955 0.3029
vn -0.9230 0.1065 -0.3696
vn -0.9098 0.2877 0.2992
vn -0.9015 0.2952 0.3166
vn -0.8910 0.3056 0.3357
vn -0.9027 0.2973 0.3110
vn -0.8838 0.3238 0.3378
vn -0.8894 0.3089 0.3370
vn -0.8838 0.3246 0.3369
vn -0.9307 0.2860 0.2279
vn -0.9284 0.2988 0.2207
vn -0.9001 0.3040 0.3122
vn -0.9050 0.2945 0.3069
vn -0.8968 0.2890 0.3349
vn -0.9157 0.2776 0.2906
vn -0.9053 0.3175 0.2824
vn -0.8891 0.3275 0.3198
vn -0.8990 0.3115 0.3078
vn 0.6316 0.7358 0.2442
vn -0.0620 0.9960 0.0643
vn 0.2824 0.9479 0.1477
vn 0.1229 -0.1718 -0.9774
vn 0.3939 -0.2932 0.8711
vn 0.1977 -0.4307 0.8806
vn -0.1185 -0.9368 0.3291
vn -0.1280 -0.9415 0.3118
vn 0.7353 -0.3585 -0.5752
vn 0.7030 -0.6556 0.2755
vn -0.2304 -0.7411 0.6306
vn -0.7186 0.6063 -0.3406
vn -0.1481 -0.5663 0.8108
vn -0.2410 -0.7740 0.5855
vn -0.7865 0.3712 0.4935
vn -0.4896 0.3569 0.7956
vn -0.2006 0.3201 0.9259
vn -0.0964 0.3164 0.9437
vn -0.9029 0.2805 0.3258
vn -0.9671 0.2283 0.1122
vn -0.9145 0.2774 0.2945
vn -0.8932 0.2887 0.3448
vn -0.8927 0.2888 0.3458
vn -0.9842 0.1173 -0.1327
vn -0.9547 0.2510 0.1596
vn -0.9447 0.2496 0.2128
vn -0.9011 0.2827 0.3288
vn -0.8889 0.2860 0.3579
vn -0.8901 0.2908 0.3509
vn -0.8824 0.2909 0.3697
vn -0.9403 0.0804 -0.3306
vn -0.9850 0.1657 0.0483
vn -0.9670 0.1741 0.1858
vn -0.9251 0.2394 0.2946
vn -0.9006 0.2573 0.3503
vn -0.7702 -0.1075 -0.6287
vn -0.9803 0.1904 0.0517
vn -0.9654 0.2315 0.1201
vn -0.9484 0.2299 0.2185
vn -0.9252 0.2400 0.2938
vn -0.9005 0.2403 0.3625
vn -0.9708 0.1530 0.1846
vn -0.9795 0.2012 -0.0003
vn -0.9445 0.2346 0.2299
vn -0.9147 0.2568 0.3120
vn -0.9028 0.2511 0.3492
vn -0.8922 0.2611 0.3684
vn -0.9035 0.2428 0.3532
vn -0.9625 0.2212 0.1572
vn -0.9977 0.0681 0.0049
vn -0.9754 0.2016 0.0894
vn -0.8985 0.2587 0.3546
vn -0.8937 0.2648 0.3621
vn -0.9399 0.2515 0.2307
vn -0.9785 0.1801 -0.1007
vn -0.9615 0.2325 0.1465
vn -0.9298 0.2459 0.2739
vn -0.9141 0.2698 0.3028
vn -0.8925 -0.0563 -0.4476
vn -0.9271 0.2415 0.2866
vn -0.9028 0.2643 0.3392
vn -0.9041 0.2474 0.3484
vn -0.9915 0.1299 0.0124
vn -0.8668 -0.0691 -0.4939
vn -0.9731 0.1899 0.1305
vn -0.9269 0.2503 0.2797
vn -0.8632 0.0199 -0.5044
vn -0.9614 0.1638 0.2213
vn -0.9061 0.2342 0.3524
vn -0.9916 0.1258 -0.0304
vn -0.9421 0.1768 0.2849
vn -0.9164 0.2101 0.3406
vn -0.9143 0.2037 0.3501
vn -0.9026 0.2159 0.3724
vn -0.6231 -0.2912 -0.7259
vn -0.9986 0.0385 -0.0364
vn -0.9946 0.0746 0.0718
vn -0.9911 0.0678 0.1144
vn -0.9679 0.1421 0.2072
vn -0.9549 0.0958 0.2810
vn -0.9353 0.1444 0.3231
vn -0.9356 0.1815 0.3027
vn -0.9973 -0.0119 0.0720
vn -0.9792 0.1046 0.1740
vn -0.9142 0.1670 0.3694
vn -0.9363 0.1881 0.2965
vn -0.8262 -0.2680 -0.4956
vn -0.9996 0.0009 0.0280
vn -0.9794 0.0055 0.2019
vn -0.9374 0.1373 0.3201
vn -0.9247 0.1108 0.3641
vn -0.9717 0.0287 0.2343
vn -0.9150 0.1349 0.3802
vn -0.9181 0.1133 0.3797
vn -0.9993 -0.0141 0.0349
vn -0.9035 0.0592 -0.4244
vn -0.9924 -0.0790 0.0945
vn -0.9577 0.0368 0.2853
vn -0.9345 0.0484 0.3527
vn -0.9860 0.0723 0.1504
vn -0.9473 0.0581 0.3152
vn -0.9291 0.0750 0.3622
vn -0.9863 0.0805 0.1443
vn -0.9500 -0.0150 0.3118
vn -0.9157 0.0546 0.3982
vn -0.9695 -0.0445 0.2412
vn -0.9534 -0.0322 0.3000
vn -0.9296 0.0148 0.3682
vn -0.9248 0.0043 0.3805
vn -0.9162 0.0495 0.3976
vn -0.9929 -0.1162 -0.0245
vn -0.9990 0.0071 -0.0447
vn -0.9398 -0.0364 0.3398
vn -0.8358 -0.0130 -0.5489
vn -0.9911 -0.0659 0.1155
vn -0.9618 -0.0452 0.2699
vn -0.9123 0.0152 0.4093
vn -0.5810 0.7583 -0.2957
vn -0.9719 -0.0675 0.2254
vn -0.9232 -0.0203 0.3839
vn -0.9561 -0.0353 0.2910
vn -0.9935 -0.0510 -0.1014
vn -0.6460 -0.0962 -0.7572
vn -0.9894 0.1333 -0.0569
vn -0.9792 0.2012 0.0265
vn -0.9481 -0.0110 0.3178
vn -0.9233 -0.0275 0.3830
vn -0.9153 -0.0155 0.4025
vn -0.9223 -0.0263 0.3857
vn -0.5219 0.8005 -0.2947
vn -0.9365 -0.0495 0.3471
vn -0.9120 -0.0248 0.4095
vn -0.6744 0.7304 0.1085
vn -0.6245 0.7802 0.0363
vn -0.8220 0.5695 0.0038
vn -0.9265 -0.0150 0.3759
vn -0.8370 -0.2106 -0.5050
vn -0.7967 0.5737 0.1901
vn -0.4107 0.8378 0.3598
vn -0.6047 0.7964 -0.0074
vn -0.7964 0.5721 0.1964
vn -0.8463 0.4483 0.2878
vn -0.9339 -0.0780 0.3490
vn -0.9925 -0.0392 0.1157
vn -0.8190 0.0617 -0.5705
vn -0.9468 0.2847 0.1499
vn -0.6756 0.6581 0.3324
vn -0.9397 -0.2742 0.2046
vn -0.9261 -0.0363 0.3755
vn -0.9123 -0.0280 0.4086
vn -0.1287 0.7302 -0.6710
vn -0.9614 0.1120 0.2511
vn -0.3781 0.9237 -0.0624
vn -0.3225 0.9242 0.2047
vn -0.3305 0.9432 -0.0336
vn -0.9234 -0.0156 0.3836
vn -0.9346 -0.0172 0.3553
vn -0.9444 -0.2375 0.2273
vn -0.9117 0.2474 0.3279
vn -0.5482 0.7142 -0.4352
vn -0.9103 -0.0265 0.4131
vn -0.2764 0.9558 0.1007
vn -0.4724 0.8547 0.2151
vn -0.9915 -0.0887 0.0953
vn -0.9792 -0.0113 -0.2025
vn -0.9201 -0.0138 0.3915
vn -0.9666 0.2300 0.1134
vn -0.7623 0.4914 -0.4212
vn -0.2295 -0.0994 -0.9682
vn -0.9046 0.2262 0.3614
vn -0.9298 0.1590 -0.3319
vn -0.8099 0.0016 -0.5865
vn -0.4323 0.8886 0.1531
vn -0.8907 0.1349 0.4340
vn -0.7302 0.4830 -0.4832
vn -0.0945 0.9859 0.1378
vn -0.3215 0.9167 0.2373
vn -0.6770 0.6150 0.4043
vn -0.8347 -0.2865 0.4704
vn -0.7682 -0.6091 0.1973
vn -0.4439 0.3107 0.8405
vn -0.8033 -0.0689 0.5916
vn -0.4209 0.3438 0.8394
vn -0.2139 0.3300 0.9194
vn -0.0227 0.3289 0.9441
vn 0.6320 0.1310 0.7638
vn -0.0989 0.3188 0.9427
vn -0.5221 0.3453 0.7799
vn -0.9233 0.3517 0.1543
vn -0.9362 -0.1276 0.3274
vn -0.9631 0.0401 -0.2663
vn 0.8372 -0.0727 0.5421
vn -0.0329 0.2660 0.9634
vn -0.1249 0.3124 0.9417
vn -0.6921 -0.7149 0.0993
vn -0.7209 -0.6632 0.2012
vn -0.2244 -0.9374 0.2664
vn -0.1084 -0.9644 -0.2411
vn -0.8158 0.2779 0.5073
vn -0.8110 0.2767 0.5154
vn -0.4528 0.3596 0.8159
vn -0.2036 0.3549 0.9125
vn 0.0278 0.2831 0.9587
vn 0.7237 -0.0804 0.6855
vn -0.5029 0.2877 0.8151
vn -0.9295 0.1534 0.3353
vn -0.4206 -0.5137 0.7478
vn -0.0628 0.9960 0.0637
vn 0.9062 -0.2963 0.3016
vn -0.0479 0.2800 0.9588
vn -0.9391 -0.0740 0.3355
vn -0.9151 0.3988 -0.0599
vn -0.7428 0.4408 0.5039
vn -0.4202 0.3483 0.8379
vn 0.7376 0.1560 0.6570
vn -0.1804 0.2832 0.9420
vn 0.2931 -0.4740 0.8303
vn -0.4152 0.3617 0.8347
vn -0.1939 0.3109 0.9305
vn -0.3237 -0.9194 -0.2233
vn -0.9991 -0.0372 -0.0224
vn -0.0165 -0.9711 0.2382
vn -0.8107 0.4954 0.3121
vn -0.1907 0.3254 0.9261
vn -0.0013 0.3339 0.9426
vn 0.4939 0.1340 0.8591
vn 0.9830 -0.0346 -0.1805
vn -0.2382 0.2802 0.9299
vn -0.7207 -0.1841 0.6684
vn 0.7388 -0.3569 -0.5716
vn -0.6518 -0.7159 -0.2504
vn -0.1914 -0.9288 0.3172
vn -0.6910 -0.6794 -0.2468
vn -0.5923 -0.7973 0.1161
vn -0.6927 -0.6551 0.3017
vn 0.0221 -0.9569 0.2895
vn -0.3244 -0.9375 0.1255
vn 0.8918 -0.2855 -0.3509
vn -0.8470 0.5297 -0.0443
vn -0.5723 0.5393 0.6178
vn -0.2186 0.3478 0.9117
vn 0.9002 -0.2824 -0.3316
vn 0.6563 -0.7334 0.1770
vn -0.2450 -0.4603 0.8533
vn -0.9692 -0.1739 -0.1741
vn -0.2728 -0.5721 0.7735
vn -0.0719 -0.8165 0.5729
vn -0.1825 -0.9486 0.2585
vn -0.6619 -0.6527 -0.3686
vn -0.1779 -0.9672 0.1814
vn -0.2740 -0.8915 0.3608
vn -0.4814 -0.7558 0.4439
vn -0.2157 -0.9522 0.2164
vn -0.7728 -0.5507 0.3153
vn -0.2228 -0.9195 0.3238
vn -0.9860 -0.0499 0.1589
vn -0.2223 0.3547 0.9081
vn -0.9515 -0.2947 0.0883
vn -0.3042 -0.3234 0.8960
vn 0.1333 -0.8373 0.5302
vn -0.5937 -0.8047 -0.0046
vn -0.6654 -0.6479 -0.3707
vn -0.9282 0.3711 0.0272
vn -0.2088 -0.9384 0.2754
vn -0.9974 0.0447 -0.0573
vn -0.2377 -0.8592 0.4531
vn -0.5583 0.1405 -0.8176
vn -0.6053 -0.7165 0.3467
vn -0.5565 -0.7642 0.3261
vn -0.6247 -0.6979 0.3503
vn -0.1351 -0.9565 0.2586
vn -0.4704 0.7977 0.3774
vn -0.3407 0.8360 0.4302
vn -0.2536 0.7979 0.5468
vn -0.1921 0.5656 0.8020
vn 0.4305 0.7790 0.4558
vn -0.9736 0.2281 0.0086
vn -0.9125 0.2017 -0.3558
vn 0.9443 -0.2091 -0.2542
vn 0.4001 -0.9045 0.1478
vn 0.1360 -0.8396 0.5260
vn -0.0648 -0.9512 0.3018
vn -0.1000 -0.9673 0.2329
vn -0.9620 0.2459 0.1190
vn -0.9935 -0.0870 0.0740
vn -0.7630 -0.6160 -0.1958
vn -0.4087 -0.5133 0.7547
vn -0.5790 -0.7874 0.2115
vn -0.2612 -0.8626 0.4333
vn -0.0542 -0.9451 0.3223
vn -0.9632 0.2475 0.1051
vn 0.2679 0.4266 0.8638
vn 0.9097 -0.2863 -0.3009
vn 0.9787 -0.1883 -0.0818
vn 0.9856 -0.0390 0.1643
vn 0.9870 -0.1255 0.1000
vn 0.8950 0.0937 0.4361
vn -0.2001 -0.8839 0.4227
vn 0.3642 -0.7763 0.5146
vn -0.0103 -0.9367 0.3501
vn 0.8153 -0.1944 0.5454
vn -0.6854 -0.6296 0.3659
vn -0.1289 -0.9414 0.3117
vn -0.1396 -0.9902 -0.0021
vn -0.1308 -0.9822 -0.1346
vn -0.0827 -0.4751 0.8761
vn -0.1756 -0.5010 0.8474
vn -0.2376 -0.5874 0.7736
vn -0.4822 -0.5316 0.6964
vn -0.4585 -0.7106 0.5337
vn -0.4926 -0.6587 0.5688
vn -0.6409 -0.6641 0.3851
vn -0.0383 -0.7005 0.7126
vn 0.7931 -0.5977 -0.1170
vn 0.8806 -0.3254 -0.3445
vn 0.9095 -0.0554 0.4119
vn 0.7812 0.1165 0.6133
vn 0.8669 -0.1672 0.4697
vn 0.6381 0.0500 0.7683
vn 0.3828 -0.6098 0.6940
vn -0.1100 -0.9475 0.3004
vn -0.4133 -0.9072 -0.0790
vn -0.8832 -0.1029 0.4576
vn -0.4237 -0.8021 0.4209
vn -0.1368 -0.7919 0.5952
vn -0.3020 -0.9002 0.3136
vn -0.0085 -0.8380 0.5457
vn -0.0368 -0.9306 0.3641
vn -0.6478 -0.6527 -0.3928
vn -0.1782 -0.5131 0.8397
vn -0.1274 -0.4648 0.8762
vn -0.5346 -0.5095 0.6742
vn -0.5351 -0.4915 0.6871
vn 0.0316 -0.4649 0.8848
vn -0.4765 -0.5302 0.7012
vn -0.0100 -0.5497 0.8353
vn -0.0393 -0.7003 0.7127
vn 0.1321 -0.5124 0.8485
vn 0.1203 -0.9159 0.3830
vn -0.0107 -0.9497 0.3131
vn 0.6029 -0.7659 -0.2235
vn -0.9188 -0.0487 -0.3917
vn 0.9194 -0.2763 -0.2799
vn -0.8231 -0.4891 -0.2885
vn -0.1248 -0.9879 0.0917
vn -0.0332 0.9191 -0.3927
vn -0.9696 -0.0853 -0.2293
vn 0.9334 -0.2885 0.2135
vn 0.9076 -0.0572 0.4160
vn 0.6484 0.0457 0.7600
vn 0.5544 0.1116 0.8248
vn 0.7463 0.1278 0.6532
vn 0.3702 -0.5112 0.7756
vn -0.3433 -0.8220 0.4544
vn -0.3446 -0.8141 0.4674
vn -0.0493 -0.8127 0.5806
vn -0.1226 -0.9037 0.4103
vn -0.2153 -0.9151 0.3410
vn -0.1120 -0.9473 0.3003
vn -0.9906 0.0047 0.1368
vn -0.8229 -0.5658 0.0508
vn 0.1118 -0.4346 0.8936
vn 0.0477 -0.4838 0.8739
vn 0.0097 -0.5071 0.8618
vn -0.0631 -0.6264 0.7769
vn 0.2581 -0.8470 0.4648
vn 0.6651 -0.7356 0.1283
vn 0.6291 -0.7772 -0.0101
vn 0.4670 -0.3975 -0.7899
vn -0.1984 0.9680 -0.1535
vn -0.4172 0.4101 -0.8110
vn 0.9451 -0.0900 0.3141
vn 0.8298 0.0454 0.5562
vn 0.7588 -0.3052 0.5754
vn 0.6633 -0.0659 0.7454
vn 0.5767 0.1195 0.8082
vn 0.5503 -0.4357 0.7123
vn -0.1634 -0.9029 0.3975
vn -0.0078 -0.9696 0.2444
vn -0.1743 -0.9604 0.2172
vn -0.1015 -0.7467 0.6573
vn -0.2968 -0.8927 0.3390
vn -0.2198 -0.9142 0.3406
vn -0.3160 -0.1359 0.9390
vn -0.6111 -0.2985 0.7331
vn -0.2233 -0.4079 0.8853
vn -0.2029 -0.4399 0.8748
vn -0.0145 -0.4306 0.9024
vn -0.0043 -0.4308 0.9025
vn -0.0526 -0.5056 0.8611
vn 0.2015 -0.4203 0.8847
vn 0.1621 -0.4505 0.8779
vn 0.2124 -0.6046 0.7677
vn 0.9383 -0.1875 -0.2907
vn 0.8999 -0.3440 -0.2682
vn 0.7626 -0.5495 -0.3414
vn -0.4413 0.8417 -0.3110
vn 0.8987 -0.1871 -0.3967
vn 0.6848 -0.6482 -0.3332
vn 0.7301 -0.5560 -0.3972
vn 0.7658 -0.5500 -0.3332
vn -0.0732 0.8678 -0.4916
vn -0.1975 0.8706 -0.4507
vn -0.0331 0.9966 -0.0754
vn 0.8065 0.1019 0.5824
vn 0.7283 0.0719 0.6815
vn 0.5768 0.1169 0.8085
vn 0.5067 0.0198 0.8619
vn -0.1051 -0.9146 0.3905
vn -0.0920 -0.9647 0.2466
vn -0.0329 -0.9028 0.4289
vn -0.6114 -0.0374 0.7904
vn -0.2646 0.0591 0.9625
vn -0.1869 -0.1354 0.9730
vn -0.0341 -0.3679 0.9292
vn 0.1477 -0.3832 0.9118
vn 0.1634 -0.3927 0.9051
vn -0.4952 0.8485 0.1864
vn -0.6052 0.7600 0.2370
vn 0.3249 -0.4639 0.8242
vn 0.9345 0.0166 -0.3556
vn 0.8923 -0.1651 -0.4202
vn 0.8836 -0.2766 -0.3778
vn 0.8391 -0.3805 -0.3887
vn 0.8345 -0.3844 -0.3947
vn 0.8923 -0.3001 -0.3372
vn 0.0499 0.9191 -0.3908
vn 0.0425 0.9468 -0.3191
vn 0.1143 0.9757 -0.1871
vn 0.2469 0.9663 -0.0731
vn 0.7943 0.2275 0.5633
vn 0.3535 0.8237 0.4433
vn 0.5448 0.6887 0.4784
vn 0.7933 0.1998 0.5751
vn 0.8162 0.1245 0.5642
vn 0.7525 -0.0847 0.6531
vn 0.6731 0.0768 0.7356
vn 0.5844 0.1469 0.7981
vn 0.5704 0.1320 0.8107
vn 0.5315 0.1349 0.8363
vn -0.5266 -0.7973 -0.2950
vn 0.1723 -0.2716 0.9469
vn -0.1265 -0.9916 -0.0257
vn -0.1955 -0.9798 0.0424
vn -0.1207 -0.9575 0.2620
vn -0.5275 -0.7751 -0.3476
vn -0.1715 -0.2928 0.9407
vn -0.1296 -0.3513 0.9273
vn 0.4901 -0.2852 0.8237
vn -0.8691 0.0825 -0.4877
vn 0.8053 -0.1443 0.5750
vn 0.9465 0.0668 -0.3158
vn 0.9338 0.0338 -0.3562
vn 0.9166 0.0688 -0.3939
vn -0.0184 0.9463 -0.3227
vn 0.6019 0.4667 0.6480
vn 0.5716 0.2544 0.7801
vn 0.1264 -0.7132 0.6894
vn 0.0408 -0.9190 0.3922
vn -0.1915 -0.9792 0.0668
vn -0.1953 -0.9799 0.0412
vn -0.3044 -0.8945 0.3275
vn -0.1113 -0.0173 0.9936
vn 0.1704 -0.2836 0.9437
vn 0.1978 -0.3272 0.9240
vn 0.7145 -0.0588 0.6972
vn 0.9941 0.1003 0.0407
vn 0.9944 0.0999 -0.0332
vn 0.8282 -0.2739 -0.4889
vn 0.8197 -0.3001 -0.4879
vn -0.0505 0.8577 -0.5117
vn -0.0102 0.9487 -0.3159
vn 0.5395 0.4965 0.6800
vn 0.5902 0.1200 0.7983
vn 0.1246 -0.6598 0.7411
vn -0.3178 -0.8848 0.3409
vn -0.1084 0.1729 0.9790
vn 0.2301 -0.1017 0.9678
vn 0.1956 -0.1802 0.9640
vn -0.0124 -0.9243 0.3814
vn 0.6058 -0.2091 0.7676
vn 0.0920 -0.8586 0.5043
vn 0.8462 -0.0003 0.5328
vn 0.9366 0.1452 0.3188
vn 0.8955 0.0595 0.4411
vn 0.7751 -0.0887 0.6256
vn 0.9553 0.1326 0.2642
vn 0.9815 0.1107 0.1563
vn 0.9759 0.1274 0.1769
vn 0.9496 0.0292 -0.3121
vn 0.9264 0.0162 -0.3762
vn 0.9180 0.0287 -0.3957
vn 0.9238 0.0117 -0.3827
vn 0.9081 0.0134 -0.4185
vn 0.0983 0.9913 -0.0873
vn 0.5237 0.2376 0.8181
vn 0.5325 0.1484 0.8334
vn 0.5277 0.1394 0.8379
vn 0.5293 0.1340 0.8378
vn 0.4865 0.1948 0.8517
vn 0.4934 -0.0995 0.8641
vn -0.1832 -0.9803 0.0733
vn -0.0905 -0.8811 0.4642
vn -0.2521 -0.9665 0.0477
vn -0.1904 0.1223 0.9741
vn -0.1162 0.1464 0.9824
vn 0.1415 0.1899 0.9716
vn 0.2195 0.0021 0.9756
vn 0.3915 -0.1660 0.9051
vn 0.9405 0.1261 0.3156
vn 0.4074 0.8866 0.2191
vn 0.5066 0.1447 0.8500
vn 0.2794 -0.1087 0.9540
vn -0.3564 -0.9329 0.0511
vn -0.5047 -0.6839 0.5269
vn -0.6987 0.2610 0.6661
vn 0.2434 0.1083 0.9639
vn 0.2254 0.2296 0.9468
vn 0.2153 0.0054 0.9765
vn -0.1613 -0.9167 0.3656
vn 0.3684 -0.2814 0.8861
vn 0.8758 0.0247 0.4820
vn 0.9370 0.1454 0.3176
vn 0.9550 0.1335 0.2648
vn 0.9902 0.1143 0.0803
vn 0.9139 0.0196 -0.4055
vn 0.8334 0.0561 -0.5498
vn 0.8493 0.0406 -0.5264
vn -0.2275 -0.9187 0.3230
vn 0.5013 0.3887 0.7731
vn 0.5265 0.2304 0.8183
vn 0.5385 0.1517 0.8288
vn 0.4779 0.1472 0.8660
vn 0.2603 0.2249 0.9390
vn -0.2686 0.0801 0.9599
vn 0.1707 0.3802 0.9090
vn -0.1135 -0.9410 0.3188
vn -0.1860 -0.9725 0.1399
vn -0.3298 -0.9229 0.1987
vn -0.7779 0.3323 0.5334
vn 0.0594 0.1779 0.9822
vn 0.0774 0.1872 0.9793
vn 0.1296 0.0637 0.9895
vn 0.8408 0.0214 0.5410
vn 0.9207 0.0232 0.3897
vn 0.9352 0.0977 0.3405
vn 0.9884 0.0521 -0.1425
vn 0.4311 0.8476 0.3093
vn -0.1448 0.3339 0.9314
vn 0.0662 0.4666 0.8820
vn -0.9577 -0.0078 0.2876
vn -0.2439 0.0956 0.9651
vn 0.8872 -0.2944 -0.3552
vn -0.0983 0.2941 0.9507
vn -0.0663 0.2593 0.9635
vn 0.0691 0.2236 0.9722
vn 0.5054 0.1442 0.8507
vn 0.2373 0.1066 0.9656
vn 0.2180 0.1898 0.9573
vn 0.6269 -0.0226 0.7788
vn 0.6923 -0.0081 0.7216
vn 0.9662 0.0598 -0.2508
vn 0.9403 0.0325 -0.3388
vn 0.8282 0.0306 -0.5597
vn 0.4855 0.1789 0.8558
vn 0.4700 0.1928 0.8614
vn -0.0657 0.3315 0.9412
vn -0.3530 0.3238 0.8778
vn -0.3067 0.1622 0.9379
vn -0.2632 -0.3873 0.8836
vn -0.6108 0.2730 0.7432
vn -0.4111 0.4025 0.8179
vn -0.0616 0.2322 0.9707
vn -0.0184 0.2893 0.9571
vn 0.2595 0.1540 0.9534
vn 0.2528 0.1582 0.9545
vn 0.3992 0.1368 0.9066
vn -0.4633 -0.0755 -0.8830
vn 0.9316 0.0063 0.3633
vn 0.9451 0.1008 0.3108
vn 0.9958 0.0916 -0.0081
vn 0.5666 0.4942 0.6593
vn 0.4076 0.1910 0.8930
vn -0.2823 0.3656 0.8869
vn 0.1613 0.2806 0.9462
vn 0.1907 0.2243 0.9557
vn -0.1392 0.2903 0.9468
vn 0.0549 0.2720 0.9607
vn -0.3794 0.0876 0.9211
vn -0.9669 -0.2544 -0.0197
vn -0.0870 0.2453 0.9655
vn -0.3411 0.3648 0.8663
vn 0.9120 -0.0504 0.4071
vn 0.9614 0.1404 0.2366
vn 0.9817 0.1119 0.1539
vn 0.9153 -0.0450 -0.4002
vn 0.1032 0.7238 0.6823
vn -0.3130 0.3387 0.8873
vn -0.1267 0.3222 0.9381
vn -0.3610 0.3640 0.8586
vn -0.3412 0.3283 0.8808
vn -0.1262 0.1385 0.9823
vn 0.0974 0.1926 0.9764
vn 0.2136 0.2253 0.9506
vn 0.3737 0.1380 0.9172
vn 0.9314 0.0074 0.3638
vn 0.9316 0.0616 0.3583
vn 0.9914 0.1060 0.0770
vn -0.0408 0.6273 0.7777
vn 0.0087 0.3840 0.9233
vn -0.3648 0.3623 0.8577
vn 0.0696 0.2729 0.9595
vn 0.2616 0.2150 0.9409
vn 0.1783 0.1682 0.9695
vn 0.2205 0.2386 0.9458
vn 0.9001 -0.0838 0.4275
vn 0.9146 -0.0583 0.4002
vn 0.9355 0.0545 0.3492
vn 0.9963 0.0851 -0.0073
vn 0.9671 0.0130 -0.2539
vn 0.9435 0.0029 -0.3315
vn 0.9349 0.0091 -0.3548
vn 0.9110 0.0261 -0.4115
vn 0.2472 0.9531 -0.1745
vn -0.2795 0.9589 -0.0486
vn -0.0017 0.9927 -0.1205
vn -0.0085 0.5941 0.8044
vn -0.5453 0.7547 0.3648
vn -0.0354 0.3832 0.9230
vn -0.0373 0.3203 0.9466
vn 0.0568 0.2960 0.9535
vn 0.2593 0.2209 0.9402
vn 0.2635 0.2173 0.9399
vn 0.1671 0.1368 0.9764
vn 0.1501 0.2070 0.9668
vn 0.8147 -0.0065 0.5798
vn -0.3551 -0.0295 -0.9344
vn 0.9227 -0.0688 0.3793
vn 0.9155 -0.0465 0.3997
vn 0.9288 -0.0497 0.3672
vn 0.9672 0.0777 0.2418
vn 0.9968 0.0638 -0.0485
vn 0.9895 0.0753 -0.1231
vn 0.9616 0.0284 -0.2731
vn 0.8818 -0.0196 -0.4711
vn 0.6507 -0.0090 -0.7593
vn 0.7567 -0.0937 -0.6470
vn 0.4239 0.8921 -0.1565
vn 0.4272 0.8900 -0.1595
vn 0.2115 0.9749 -0.0697
vn 0.0900 0.9785 0.1858
vn 0.4884 0.4009 0.7751
vn -0.0023 0.9137 0.4064
vn 0.2463 0.4461 0.8604
vn -0.2480 0.4775 0.8429
vn 0.1603 0.2799 0.9466
vn 0.2608 0.2321 0.9371
vn 0.2849 0.2049 0.9364
vn 0.3947 0.1444 0.9074
vn 0.3785 0.1522 0.9130
vn -0.3780 -0.4668 -0.7995
vn 0.9462 0.0289 0.3223
vn 0.9676 0.0763 0.2405
vn 0.9908 0.1053 0.0852
vn 0.9852 0.0649 -0.1587
vn 0.9291 0.0239 -0.3690
vn 0.9183 0.0039 -0.3958
vn 0.8896 -0.3077 -0.3377
vn 0.4246 0.9054 0.0061
vn 0.0542 0.9753 0.2142
vn 0.4519 0.8919 -0.0174
vn 0.0629 0.9743 0.2164
vn 0.9041 -0.2787 -0.3241
vn 0.3046 0.9478 0.0940
vn 0.2214 0.9597 0.1728
vn 0.4949 0.8197 0.2884
vn 0.3336 0.9031 0.2703
vn 0.6648 0.6555 0.3582
vn -0.2533 0.7184 0.6479
vn 0.0483 0.6706 0.7402
vn -0.8971 0.3995 0.1889
vn -0.3769 0.5833 0.7195
vn -0.8768 0.3974 0.2707
vn -0.6434 0.6599 0.3879
vn -0.5024 -0.3225 -0.8023
vn -0.5340 0.5945 0.6012
vn -0.2179 0.4211 0.8804
vn 0.1401 0.2763 0.9508
vn 0.2527 0.2438 0.9363
vn 0.2902 0.2109 0.9334
vn 0.3107 0.2022 0.9288
vn 0.9254 -0.0774 0.3711
vn 0.9299 -0.0473 0.3648
vn 0.9568 -0.0183 0.2903
vn 0.9640 0.0542 -0.2604
vn 0.9308 -0.0099 -0.3654
vn 0.9199 -0.0012 -0.3921
vn 0.9090 -0.0266 -0.4159
vn 0.9116 0.0181 -0.4106
vn 0.7785 0.5982 -0.1898
vn 0.5577 0.8276 -0.0631
vn 0.4249 0.9048 0.0274
vn 0.0509 0.9742 0.2198
vn 0.4515 0.8922 0.0103
vn -0.5120 0.7774 0.3653
vn -0.4010 0.9153 0.0380
vn 0.3941 0.8970 0.2004
vn 0.3131 0.9112 0.2678
vn -0.2386 0.9299 -0.2798
vn 0.5857 0.7814 0.2152
vn 0.1150 0.7092 0.6956
vn -0.0703 0.3560 0.9319
vn -0.5015 0.3231 0.8026
vn -0.5025 0.3242 0.8015
vn -0.6000 0.2932 0.7443
vn -0.6197 0.4376 0.6515
vn -0.6921 0.4932 0.5270
vn -0.1131 0.4082 0.9058
vn 0.8602 0.0287 0.5092
vn -0.8579 -0.4670 -0.2141
vn 0.9982 0.0090 0.0594
vn 0.9914 0.0082 -0.1303
vn 0.7561 0.6488 -0.0856
vn 0.6971 0.7133 -0.0729
vn 0.6973 0.7130 -0.0734
vn 0.1062 0.9824 0.1539
vn 0.5238 0.8516 -0.0209
vn 0.3673 0.9287 0.0519
vn -0.2390 0.9648 0.1098
vn 0.2097 0.9774 0.0277
vn 0.2666 0.9577 0.1081
vn 0.4224 0.8921 0.1606
vn 0.3019 0.9351 0.1855
vn -0.2669 0.9594 0.0913
vn -0.1730 0.9847 0.0204
vn 0.6826 0.6706 0.2904
vn 0.4957 0.8096 0.3143
vn 0.4845 0.8499 0.2075
vn 0.7829 0.5482 0.2944
vn -0.5285 -0.8224 0.2108
vn 0.5536 0.5855 0.5922
vn -0.0188 0.3346 0.9422
vn -0.0276 0.3221 0.9463
vn -0.1517 0.3089 0.9389
vn -0.5630 0.4785 0.6738
vn 0.2779 0.2669 0.9228
vn 0.2863 0.2534 0.9240
vn 0.8676 -0.0328 0.4962
vn 0.5570 0.1036 0.8240
vn 0.9285 -0.0919 0.3597
vn 0.9280 -0.0884 0.3618
vn 0.9301 -0.0477 0.3642
vn 0.9547 -0.0174 0.2970
vn 0.9833 0.0783 0.1645
vn 0.9176 -0.0340 -0.3961
vn 0.9174 -0.0642 -0.3928
vn 0.8057 -0.0713 -0.5880
vn 0.7570 -0.0919 -0.6469
vn 0.6039 -0.0806 -0.7930
vn 0.6939 0.7133 -0.0989
vn 0.6738 0.7350 -0.0756
vn 0.6847 0.7209 -0.1076
vn 0.5276 0.8479 -0.0514
vn 0.3710 0.9270 0.0549
vn 0.1861 0.9720 0.1438
vn 0.2684 0.9632 0.0137
vn 0.6037 0.7869 0.1281
vn 0.6943 0.6562 0.2956
vn 0.6564 0.4856 0.5773
vn 0.7476 0.3945 0.5342
vn 0.2823 0.1990 0.9385
vn 0.2622 0.2339 0.9363
vn 0.3337 0.2330 0.9134
vn 0.8483 -0.0128 0.5293
vn 0.9310 -0.1323 0.3403
vn 0.9421 -0.0399 0.3330
vn 0.9435 -0.0448 0.3284
vn 0.9268 -0.0854 0.3658
vn 0.9289 -0.0469 0.3673
vn 0.9964 0.0635 -0.0560
vn 0.9706 0.0070 -0.2405
vn 0.9329 -0.0169 -0.3598
vn 0.9219 -0.0509 -0.3841
vn 0.7098 0.6974 -0.0992
vn 0.5287 0.8486 0.0190
vn 0.6132 0.7891 -0.0362
vn 0.6889 0.7248 0.0080
vn 0.6408 0.7670 0.0318
vn 0.5981 0.7907 0.1304
vn 0.7386 0.6009 0.3057
vn 0.2747 0.2859 0.9180
vn 0.1747 0.2599 0.9497
vn -0.1069 0.4237 0.8995
vn -0.0957 0.4169 0.9039
vn 0.1249 0.3413 0.9316
vn 0.1200 0.3355 0.9344
vn 0.3341 0.2267 0.9149
vn 0.4303 0.1655 0.8874
vn 0.8582 -0.0433 0.5115
vn 0.9715 -0.0556 0.2304
vn 0.9938 -0.0421 0.1033
vn 0.9710 0.0106 -0.2387
vn 0.8956 -0.2935 -0.3343
vn 0.7492 0.6559 -0.0920
vn 0.7773 0.6111 -0.1494
vn 0.7032 0.7069 -0.0756
vn 0.6831 0.7280 -0.0575
vn 0.7643 0.5531 0.3314
vn 0.3416 0.3066 0.8884
vn 0.2808 0.2853 0.9164
vn 0.1942 0.3392 0.9204
vn 0.9180 -0.1361 0.3725
vn 0.9342 -0.0675 0.3502
vn 0.9391 -0.0785 0.3346
vn 0.9995 0.0101 0.0311
vn 0.9768 -0.0821 -0.1978
vn 0.9273 -0.1114 -0.3574
vn 0.5401 -0.1944 -0.8188
vn 0.7074 0.6991 -0.1042
vn 0.7053 0.7011 -0.1054
vn 0.7583 0.6378 0.1349
vn 0.7555 0.6198 0.2123
vn 0.7478 0.6250 0.2238
vn 0.7438 0.5972 0.3001
vn 0.7702 0.5451 0.3312
vn 0.8174 0.4602 0.3465
vn 0.6248 0.3060 0.7183
vn 0.2659 0.2990 0.9165
vn 0.3216 0.2585 0.9109
vn 0.3839 0.2041 0.9005
vn 0.3677 0.2280 0.9016
vn 0.5759 0.1509 0.8035
vn 0.6376 0.0989 0.7640
vn 0.9218 -0.1151 0.3701
vn 0.9396 -0.0450 0.3392
vn 0.9357 -0.0593 0.3479
vn 0.9679 -0.0622 0.2435
vn 0.9966 -0.0433 -0.0708
vn 0.9490 -0.0325 -0.3138
vn 0.9538 -0.1608 -0.2537
vn 0.9183 -0.1183 -0.3778
vn 0.8195 -0.1837 -0.5429
vn 0.6413 -0.1379 -0.7548
vn 0.8663 0.4358 -0.2442
vn 0.7878 0.5980 -0.1476
vn 0.7683 0.6352 0.0789
vn 0.7625 0.6254 0.1660
vn 0.7623 0.5673 0.3115
vn 0.8134 0.4690 0.3442
vn 0.4588 0.2115 0.8630
vn 0.4174 0.2065 0.8849
vn 0.9307 -0.1050 0.3505
vn 0.9189 -0.1415 0.3681
vn 0.9391 -0.0673 0.3371
vn 0.9451 -0.0758 0.3178
vn 0.9668 -0.0923 0.2383
vn 0.9903 -0.0861 0.1095
vn 0.9898 -0.0608 0.1292
vn 0.9879 -0.0341 -0.1514
vn 0.9405 -0.1049 -0.3231
vn 0.9294 -0.1416 -0.3407
vn 0.9113 -0.1530 -0.3823
vn 0.8846 0.4168 -0.2094
vn 0.8320 0.5237 -0.1830
vn 0.7496 0.6532 -0.1068
vn 0.7564 0.6513 -0.0599
vn 0.7664 0.6424 0.0053
vn 0.7623 0.6469 0.0212
vn 0.9083 0.2279 0.3508
vn 0.9228 0.0384 0.3834
vn 0.6307 0.1519 0.7610
vn 0.7504 0.0417 0.6597
vn 0.5826 0.1245 0.8032
vn 0.9018 -0.0609 0.4279
vn 0.9277 -0.0825 0.3642
vn 0.9304 -0.1059 0.3508
vn 0.9249 -0.0871 0.3701
vn 0.9943 -0.1068 0.0020
vn 0.9106 -0.1895 -0.3674
vn 0.9592 0.0146 -0.2825
vn 0.7567 0.6510 -0.0594
vn 0.8088 0.5229 0.2691
vn 0.9184 -0.1174 0.3780
vn 0.8890 -0.0528 0.4549
vn 0.9089 -0.0709 0.4110
vn 0.9151 -0.1073 0.3887
vn 0.9356 -0.0645 0.3471
vn 0.9881 -0.1255 -0.0886
vn 0.9550 -0.1540 -0.2535
vn 0.8971 -0.2441 -0.3684
vn 0.6640 -0.2675 -0.6983
vn 0.9356 0.3373 -0.1039
vn -0.7728 0.5035 0.3865
vn 0.9263 -0.1094 0.3605
vn 0.9233 -0.0913 0.3730
vn 0.9322 -0.1174 0.3422
vn 0.9363 -0.0728 0.3436
vn 0.9454 -0.0493 0.3222
vn 0.9946 -0.1005 -0.0269
vn 0.9858 -0.1105 -0.1268
vn 0.9530 -0.1493 -0.2636
vn 0.9297 -0.1783 -0.3222
vn 0.9306 -0.2146 -0.2964
vn 0.6639 -0.3447 -0.6637
vn 0.9371 -0.2032 -0.2839
vn 0.9254 -0.2192 -0.3090
vn 0.9087 0.3833 -0.1654
vn 0.9555 0.1646 -0.2448
vn 0.8481 0.5112 0.1395
vn 0.9877 0.1089 -0.1121
vn -0.9280 0.1931 0.3187
vn -0.8517 0.5222 -0.0435
vn 0.9357 -0.0921 0.3406
vn 0.9277 -0.1113 0.3565
vn 0.9510 -0.0764 0.2995
vn 0.9589 -0.0992 0.2659
vn 0.9242 -0.2003 -0.3251
vn 0.8960 -0.2682 -0.3539
vn 0.9222 -0.2447 -0.2993
vn 0.9908 -0.1219 -0.0586
vn 0.9800 -0.0817 -0.1816
vn -0.9903 0.1385 0.0124
vn 0.9751 -0.0289 0.2198
vn 0.9394 0.2268 0.2572
vn 0.9291 -0.0917 0.3582
vn 0.9808 -0.1389 0.1371
vn 0.9102 -0.2876 -0.2982
vn 0.9283 -0.2684 -0.2574
vn 0.9651 -0.2355 -0.1147
vn 0.9285 -0.1024 0.3570
vn 0.9326 -0.1002 0.3468
vn 0.9265 -0.1082 0.3603
vn 0.9266 -0.1081 0.3602
vn 0.9260 -0.1050 0.3625
vn 0.9244 -0.1121 0.3645
vn 0.9292 -0.0953 0.3571
vn 0.9334 -0.0695 0.3521
vn 0.9698 -0.1053 0.2200
vn 0.9807 -0.1453 0.1308
vn 0.9851 -0.1718 0.0018
vn 0.9876 -0.1562 0.0158
vn 0.9744 -0.1997 -0.1036
vn 0.8241 -0.2777 -0.4937
vn 0.6169 -0.3738 -0.6926
vn 0.9101 -0.2838 -0.3020
vn 0.9775 -0.2110 0.0076
vn 0.9788 -0.1327 0.1559
vn 0.9265 -0.1095 0.3601
vn 0.9340 -0.0806 0.3480
vn 0.9336 -0.0967 0.3450
vn 0.9395 -0.0918 0.3300
vn 0.9647 -0.1013 0.2432
vn 0.9669 -0.1202 0.2249
vn 0.9694 -0.1857 -0.1606
vn 0.9369 -0.2360 -0.2581
vn 0.9388 -0.2396 -0.2476
vn 0.9219 -0.2608 -0.2866
vn 0.9065 -0.2898 -0.3070
vn 0.9533 -0.2499 -0.1693
vn 0.9753 -0.2094 0.0699
vn 0.9258 -0.0981 0.3651
vn 0.9233 -0.1135 0.3668
vn 0.9086 -0.2560 -0.3299
vn 0.7330 -0.4048 -0.5466
vn 0.7336 -0.2751 -0.6214
vn 0.9657 -0.2371 -0.1059
vn 0.9714 -0.2335 -0.0440
vn 0.9818 -0.1808 0.0585
vn 0.9651 -0.1599 0.2076
vn 0.9472 -0.1419 0.2874
vn 0.9278 -0.1098 0.3566
vn 0.9290 -0.0965 0.3574
vn 0.9846 -0.1430 0.1009
vn 0.9626 -0.2340 -0.1365
vn 0.9170 -0.2981 -0.2651
vn 0.6461 -0.4327 -0.6288
vn 0.9627 -0.1230 0.2412
vn 0.9290 -0.1055 0.3548
vn 0.9543 -0.1249 0.2716
vn 0.9828 -0.1845 0.0119
vn 0.8963 -0.2669 -0.3540
vn 0.9279 -0.2692 -0.2580
vn 0.9688 -0.1750 0.1754
vn 0.9289 -0.0880 0.3597
vn 0.9284 -0.0892 0.3608
vn 0.9283 -0.0932 0.3599
vn 0.9274 -0.1292 0.3510
vn 0.9379 -0.0954 0.3335
vn 0.9522 -0.1266 0.2781
vn 0.9542 -0.1192 0.2744
vn 0.9762 -0.1700 0.1344
vn 0.9844 -0.1446 0.1002
vn 0.9828 -0.1845 0.0042
vn 0.9594 -0.2467 -0.1367
vn 0.9091 -0.2613 -0.3243
vn 0.8956 -0.2656 -0.3568
vn 0.8971 -0.2647 -0.3537
vn 0.9344 -0.2937 -0.2015
vn 0.9761 -0.1914 0.1030
vn 0.9461 -0.1396 0.2922
vn 0.9522 -0.1248 0.2788
vn 0.9760 -0.2020 -0.0808
vn 0.9428 -0.2523 -0.2180
vn 0.9741 -0.2161 -0.0672
vn 0.9757 -0.2162 -0.0363
vn 0.9353 -0.1289 0.3294
vn 0.9454 -0.1113 0.3064
vn 0.9408 -0.1069 0.3218
vn 0.9429 -0.1316 0.3059
vn 0.9687 -0.0963 0.2289
vn 0.9515 -0.1232 0.2821
vn 0.9808 -0.1945 0.0125
vn 0.9252 -0.2676 -0.2692
vn 0.9050 -0.2709 -0.3279
vn -0.9915 0.1270 0.0291
vn 0.9769 -0.1798 0.1155
vn 0.9459 -0.0998 0.3089
vn 0.9527 -0.1389 0.2703
vn 0.9764 -0.1627 0.1421
vn 0.9829 -0.1755 0.0556
vn 0.9739 -0.2179 -0.0640
vn 0.9018 -0.2855 -0.3245
vn 0.9647 -0.2408 -0.1071
vn 0.9614 -0.2379 -0.1381
vn 0.9684 -0.1770 0.1758
vn 0.9600 -0.1356 0.2451
vn 0.9557 -0.1375 0.2603
vn 0.9577 -0.1344 0.2545
vn 0.9753 -0.1678 0.1437
vn 0.9762 -0.1628 0.1433
vn 0.9791 -0.2015 -0.0289
vn 0.9480 -0.2250 -0.2250
vn 0.7856 -0.2833 -0.5500
vn 0.6049 -0.3069 -0.7347
vn 0.8866 -0.3163 -0.3376
vn 0.9039 -0.2984 -0.3065
vn 0.9222 -0.2906 -0.2550
vn 0.9750 -0.2203 -0.0287
vn 0.9767 -0.2105 0.0415
vn 0.9661 -0.1553 0.2063
vn 0.9697 -0.1728 0.1729
vn 0.9690 -0.1758 0.1736
vn 0.9783 -0.1993 0.0559
vn 0.9651 -0.2239 -0.1359
vn 0.8681 -0.2879 -0.4044
vn 0.8389 -0.3251 -0.4365
vn -0.9338 0.3339 0.1286
vn 0.9815 -0.1904 -0.0208
vn 0.9761 -0.1657 0.1408
vn 0.9773 -0.1820 0.1089
vn 0.9721 -0.1481 0.1817
vn 0.9732 -0.1712 0.1536
vn 0.9336 -0.2528 -0.2538
vn 0.9080 -0.2746 -0.3163
vn 0.9015 -0.2769 -0.3326
vn 0.8912 -0.2831 -0.3545
vn 0.9081 -0.2905 -0.3017
vn 0.9310 -0.2582 -0.2579
vn 0.9629 -0.2461 -0.1106
vn 0.9785 -0.2035 0.0342
vn 0.9791 -0.2011 -0.0290
vn 0.9389 -0.2617 -0.2237
vn 0.9044 -0.2716 -0.3292
vn 0.8883 -0.2772 -0.3662
vn 0.8875 -0.2687 -0.3744
vn 0.8997 -0.3004 -0.3166
vn 0.9602 -0.2474 -0.1294
vn 0.9750 -0.2003 0.0961
vn 0.9799 -0.1974 0.0291
vn 0.9711 -0.2387 -0.0054
vn 0.9784 -0.2066 -0.0086
vn 0.8862 -0.2930 -0.3590
vn 0.8979 -0.2998 -0.3222
vn 0.9369 -0.2730 -0.2185
vn 0.9733 -0.2285 -0.0202
vn 0.9695 -0.2323 -0.0777
vn 0.9712 -0.2287 -0.0669
vn 0.9625 -0.2416 -0.1235
vn 0.9580 -0.2388 -0.1587
vn 0.9383 -0.2704 -0.2157
vn 0.9286 -0.2761 -0.2479
vn 0.9001 -0.2845 -0.3298
vn 0.6845 -0.3550 -0.6368
vn 0.9075 -0.2876 -0.3063
vn 0.9137 -0.2612 -0.3114
vn 0.9618 -0.2535 -0.1034
vn 0.9614 -0.2533 -0.1073
vn 0.9652 -0.2338 -0.1173
vn 0.9567 -0.2489 -0.1509
vn 0.9418 -0.2531 -0.2212
vn 0.9401 -0.2756 -0.2004
vn 0.9417 -0.2569 -0.2174
vn 0.9421 -0.2560 -0.2165
vn 0.9193 -0.2640 -0.2919
vn 0.8856 -0.2945 -0.3592
vn 0.8420 -0.2892 -0.4555
vn 0.9448 -0.2651 -0.1924
vn 0.8865 -0.3169 -0.3371
vn 0.9154 -0.2885 -0.2806
vn 0.9175 -0.2883 -0.2740
vn 0.9173 -0.2712 -0.2916
vn 0.8443 -0.3426 -0.4121
vn 0.6537 -0.3776 -0.6558
vn 0.5698 -0.4645 -0.6779
vn 0.7389 -0.3550 -0.5727
vn 0.7884 -0.3274 -0.5207
vn 0.8990 -0.2961 -0.3227
vn 0.7213 -0.3572 -0.5934
vn 0.5534 -0.3766 -0.7429
vn 0.6694 -0.3515 -0.6545
vn 0.7134 -0.2888 -0.6384
vn 0.7515 -0.3269 -0.5730
vn 0.6410 -0.4311 -0.6350
vn 0.5151 -0.3188 -0.7956
vn 0.7040 -0.3333 -0.6271
vn 0.3596 -0.1751 -0.9165
vn 0.1502 -0.4265 -0.8919
vn 0.1925 -0.4556 -0.8691
vn 0.6388 -0.4358 -0.6340
vn 0.6435 -0.2827 -0.7113
vn 0.4466 -0.8362 -0.3183
vn 0.0889 -0.9948 -0.0506
vn -0.3111 -0.9417 0.1281
vn -0.9615 0.0987 0.2566
vn -0.8240 -0.1095 -0.5560
vn -0.7653 -0.0832 -0.6382
vn -0.9980 -0.0609 -0.0148
vn -0.7788 -0.1165 -0.6164
vn -0.7517 -0.0349 -0.6586
vn -0.9914 0.1299 0.0125
vn -0.6322 -0.1264 -0.7645
vn -0.9569 0.1497 -0.2490
vn -0.8824 -0.0208 -0.4700
vn -0.6647 -0.1317 -0.7354
vn -0.9699 0.2198 0.1046
vn 0.1969 -0.3818 -0.9030
vn -0.3879 -0.2254 -0.8937
vn -0.5413 -0.3086 -0.7821
vn -0.7843 -0.0202 -0.6201
vn 0.0636 -0.2514 -0.9658
vn -0.3113 -0.1597 -0.9368
vn -0.2872 -0.2937 -0.9117
vn -0.3236 -0.2919 -0.9000
vn -0.2315 -0.3104 -0.9220
vn 0.0238 0.5228 -0.8521
vn -0.9517 -0.2053 0.2282
vn -0.9606 0.0700 0.2690
vn -0.9877 -0.1389 -0.0712
vn -0.9666 0.2546 -0.0276
vn -0.9037 -0.3707 -0.2144
vn -0.9637 -0.0777 -0.2554
vn -0.6087 -0.2044 -0.7666
vn -0.9040 0.1372 -0.4050
vn -0.1532 0.1516 -0.9765
vn 0.1020 0.9853 -0.1369
vn 0.4587 0.4882 0.7424
vn -0.5619 0.6690 0.4865
vn 0.4306 0.2213 0.8750
vn -0.5358 0.4720 0.7001
vn -0.9043 0.3534 0.2393
vn 0.0133 0.9980 0.0611
vn -0.2916 0.9345 0.2040
vn -0.4266 0.8948 0.1317
vn -0.5080 0.8600 -0.0487
vn -0.5893 0.8061 -0.0530
vn -0.5947 0.7156 0.3663
vn -0.6487 0.6352 0.4192
vn 0.6736 0.7128 -0.1953
vn 0.6860 0.6509 -0.3252
vn 0.7542 0.5955 -0.2768
vn 0.6555 -0.3541 -0.6671
vn 0.4795 -0.4373 -0.7608
vn 0.4962 -0.4244 -0.7574
vn 0.2707 -0.3484 -0.8974
vn 0.7748 -0.3175 -0.5467
vn -0.2581 -0.8302 0.4942
vn -0.3855 0.6066 0.6953
vn -0.0851 -0.7315 0.6765
vn -0.2892 -0.6076 0.7397
vn -0.4800 0.0553 0.8755
vn -0.8927 0.1314 0.4311
vn -0.2454 0.2327 0.9411
vn -0.2401 0.2378 0.9412
vn -0.9653 0.1847 -0.1844
vn -0.7119 0.1010 -0.6950
vn -0.7499 0.0304 -0.6609
vn -0.9509 -0.0519 -0.3051
vn 0.8948 -0.3499 0.2773
vn 0.9280 0.0403 0.3705
vn 0.9528 -0.0781 0.2935
vn -0.1122 0.9412 -0.3186
vn 0.0413 0.7811 -0.6231
vn 0.2032 0.5729 -0.7941
vn -0.5202 -0.8121 -0.2644
vn -0.5408 -0.7937 -0.2785
vn -0.7161 -0.0720 -0.6943
vn -0.6601 -0.0747 -0.7475
vn -0.7434 -0.0295 -0.6682
vn -0.6158 0.0385 -0.7870
vn -0.6775 0.7088 -0.1963
vn -0.4938 0.8167 -0.2987
vn -0.0441 0.6731 -0.7383
vn 0.2886 0.8103 -0.5100
vn 0.2848 0.8308 -0.4782
vn -0.5011 0.7128 -0.4908
vn -0.4926 0.6895 -0.5310
vn -0.5151 0.6790 -0.5230
vn -0.9439 -0.0421 -0.3275
vn -0.2270 -0.9417 -0.2483
vn -0.0636 -0.9980 -0.0045
vn -0.0374 -0.9989 0.0281
vn -0.6101 -0.7543 -0.2423
vn -0.6999 -0.0345 -0.7134
vn -0.9651 0.1453 -0.2177
vn -0.9617 0.1453 -0.2323
vn -0.9653 0.0399 -0.2582
vn -0.8115 0.4937 0.3127
vn 0.2958 0.7190 0.6290
vn 0.9319 -0.0383 0.3607
vn 0.8235 0.0663 0.5634
vn -0.3630 0.4650 -0.8075
vn -0.9502 0.0627 -0.3053
vn -0.6028 -0.1904 -0.7748
vn -0.9437 0.0977 -0.3162
vn -0.9406 0.2999 -0.1589
vn -0.8691 0.2047 0.4503
vn -0.8131 0.4482 0.3714
vn -0.7095 0.3981 0.5815
vn -0.2933 0.9362 0.1934
vn 0.3385 0.0904 -0.9366
vn -0.9894 -0.0123 0.1446
vn -0.6348 -0.1262 -0.7623
vn -0.7073 -0.1617 -0.6882
vn 0.1971 -0.3129 -0.9291
vn 0.1559 -0.3202 -0.9344
vn -0.9283 -0.2349 0.2883
vn -0.9646 -0.1935 0.1791
vn -0.9889 -0.0726 0.1299
vn 0.0705 0.9302 -0.3602
vn -0.0873 0.9817 0.1693
vn -0.5277 0.1743 -0.8314
vn -0.5178 0.2133 -0.8285
vn -0.5141 0.1798 -0.8387
vn 0.1074 0.4971 -0.8610
vn -0.1266 0.8774 -0.4628
vn -0.0561 -0.9924 -0.1092
vn -0.0517 -0.9961 -0.0713
vn 0.2612 -0.9429 -0.2065
vn 0.3163 -0.6707 -0.6709
vn 0.1076 -0.8813 -0.4601
vn -0.3966 -0.9089 -0.1285
vn -0.8319 -0.1303 -0.5393
vn 0.7217 -0.0304 0.6915
vn 0.9595 -0.0378 0.2792
vn 0.9685 -0.1589 0.1916
vn 0.4771 -0.0928 0.8739
vn -0.9719 0.0833 0.2203
vn -0.4258 0.7624 -0.4873
vn -0.3687 0.8508 -0.3744
vn -0.9876 -0.1413 -0.0688
vn -0.8737 0.4717 -0.1188
vn -0.2262 -0.9735 -0.0343
vn -0.8593 0.3167 0.4016
vn -0.6029 -0.0160 -0.7976
vn -0.2480 -0.9541 0.1677
vn -0.6742 -0.7081 0.2099
vn -0.7549 -0.3638 -0.5458
vn -0.6400 -0.5044 -0.5796
vn -0.3724 -0.5134 -0.7731
vn -0.4805 -0.5150 -0.7099
vn -0.6964 -0.6725 -0.2505
vn -0.0129 -0.3362 -0.9417
vn 0.2956 -0.3575 -0.8859
vn -0.0059 -0.3208 -0.9471
vn -0.7184 0.0101 -0.6956
vn -0.1241 -0.9716 0.2014
vn -0.2466 -0.9412 0.2308
vn -0.2357 -0.9236 0.3024
vn -0.6285 -0.2802 -0.7256
vn 0.2985 -0.3593 -0.8842
vn 0.9917 0.0750 -0.1048
vn -0.7329 -0.6750 -0.0852
vn -0.8127 0.0986 -0.5743
vn -0.6853 -0.0828 -0.7235
vn -0.3710 -0.9051 -0.2076
vn -0.1441 -0.2751 -0.9506
vn -0.8472 -0.0361 -0.5300
vn -0.5408 -0.2020 -0.8165
vn -0.5373 -0.3293 -0.7764
vn -0.5295 -0.3718 -0.7625
vn -0.2056 -0.2515 -0.9458
vn -0.6450 -0.6147 0.4540
vn -0.2600 -0.8114 -0.5234
vn -0.3727 -0.9128 -0.1669
vn 0.1197 -0.3263 -0.9377
vn -0.9810 -0.1141 -0.1570
vn -0.6768 -0.6556 0.3349
vn -0.5617 -0.1595 -0.8118
vn -0.8417 -0.0948 -0.5316
vn -0.8942 -0.4111 -0.1774
vn 0.9769 -0.1281 0.1713
vn -0.1746 -0.2577 -0.9503
vn 0.3017 -0.3557 -0.8846
vn 0.9507 -0.2462 -0.1887
vn 0.9420 -0.1180 0.3142
vn -0.3735 -0.2502 -0.8933
vn -0.4305 0.8483 -0.3082
vn -0.4941 -0.4602 -0.7377
vn 0.9467 -0.0753 0.3131
vn 0.0718 -0.3121 -0.9473
vn -0.4161 0.6891 -0.5934
vn -0.7416 0.5626 -0.3655
vn -0.8118 -0.2922 -0.5056
vn -0.7611 -0.3860 -0.5213
vn -0.2871 -0.3537 -0.8902
vn -0.3246 -0.3657 -0.8723
vn -0.6511 -0.0499 -0.7574
vn -0.9284 -0.1302 -0.3480
vn 0.0798 -0.3025 -0.9498
vn 0.9655 -0.0410 -0.2572
vn -0.3365 0.8138 -0.4739
vn 0.9311 -0.2288 -0.2842
vn -0.3786 -0.1977 -0.9042
vn 0.2768 -0.1417 -0.9504
vn -0.0741 -0.2624 -0.9621
vn 0.0209 -0.2751 -0.9612
vn -0.8953 0.2373 -0.3770
vn -0.3836 -0.1158 -0.9162
vn 0.0079 -0.1551 -0.9879
vn 0.2215 -0.2322 -0.9471
vn 0.2345 -0.2655 -0.9352
vn -0.2980 0.1633 -0.9405
vn 0.9308 -0.0026 0.3656
vn -0.0779 0.7365 -0.6719
vn -0.6466 0.6998 -0.3038
vn 0.2466 0.6911 -0.6794
vn 0.1514 0.6153 -0.7736
vn 0.1801 0.5670 -0.8038
vn -0.3851 0.1988 -0.9012
vn -0.6409 0.1883 -0.7442
vn -0.6121 0.2599 -0.7468
vn -0.8528 0.4540 -0.2582
vn -0.7434 0.6638 0.0820
vn -0.5395 0.7959 -0.2749
vn 0.0298 0.6879 -0.7252
vn -0.6314 0.6939 0.3461
vn -0.4534 0.8578 -0.2420
vn -0.1570 0.7458 -0.6474
vn 0.3316 0.9193 0.2120
vn -0.1442 -0.9696 -0.1977
vn -0.4221 -0.9064 -0.0188
vn -0.9622 0.2303 -0.1456
vn 0.9331 0.0319 0.3581
vn -0.1429 0.9666 -0.2129
vn -0.9019 -0.3197 -0.2905
vn -0.8867 -0.3558 -0.2953
vn -0.9320 0.0892 -0.3513
vn -0.9265 -0.2990 -0.2283
vn -0.0850 -0.5695 -0.8176
vn -0.6169 -0.3249 -0.7169
vn -0.4643 -0.8793 -0.1062
vn -0.0527 -0.9376 0.3437
vn -0.8692 -0.4630 -0.1734
vn -0.3046 -0.2230 -0.9260
vn -0.6419 -0.3479 -0.6833
vn -0.9453 -0.0736 -0.3179
vn -0.9824 0.1792 -0.0520
vn -0.8861 -0.4371 -0.1542
vn -0.5997 -0.1342 -0.7889
vn -0.8499 0.0198 -0.5266
vn -0.9740 0.2264 -0.0083
vn 0.9050 0.3551 0.2343
vn -0.8790 0.0838 -0.4694
vn 0.9132 0.3657 0.1797
vn -0.2647 -0.1264 -0.9560
vn -0.6557 0.0661 -0.7521
vn -0.9090 0.0194 -0.4164
vn -0.7004 -0.1060 -0.7058
vn -0.7076 -0.1223 -0.6959
vn 0.9724 0.2066 0.1081
vn 0.9954 0.0172 0.0940
vn -0.2559 0.0357 -0.9660
vn -0.8620 -0.0324 -0.5059
vn -0.6078 0.0997 -0.7878
vn 0.9916 -0.1289 -0.0085
vn -0.8850 0.2919 0.3628
vn 0.9032 0.4279 0.0344
vn 0.9591 0.2812 0.0329
vn 0.9972 0.0471 -0.0576
vn -0.3992 0.1197 -0.9090
vn -0.6809 0.1371 -0.7195
vn -0.9769 0.2047 0.0611
vn -0.9727 0.1820 -0.1439
vn -0.5406 0.2486 -0.8037
vn -0.9043 -0.0201 -0.4264
vn -0.5459 0.2412 -0.8023
vn -0.7228 0.1962 -0.6626
vn -0.5123 0.2091 -0.8330
vn -0.2259 0.4001 -0.8882
vn -0.7178 0.1492 -0.6801
vn -0.4529 0.3114 -0.8354
vn 0.9051 0.3994 -0.1460
vn -0.8254 0.0445 -0.5628
vn -0.9084 -0.0377 -0.4164
vn -0.1525 0.4289 -0.8904
vn -0.4682 0.3275 -0.8207
vn -0.9049 -0.0387 -0.4239
vn -0.5084 0.3912 -0.7671
vn -0.9779 -0.1217 -0.1698
vn -0.4344 0.4602 -0.7743
vn -0.9154 0.1486 -0.3741
vn -0.8545 0.3461 -0.3872
vn -0.9995 -0.0091 0.0317
vn -0.9832 0.1644 -0.0792
vn -0.1769 0.3190 -0.9311
vn -0.2057 0.0356 -0.9780
vn -0.2117 -0.0632 -0.9753
vn -0.8655 0.1961 -0.4610
vn -0.3850 0.8379 -0.3870
vn -0.8476 -0.5305 0.0099
vn -0.7994 -0.6003 -0.0229
vn -0.4549 0.8788 -0.1441
vn -0.9456 0.3070 0.1078
vn -0.5515 -0.0864 -0.8297
vn -0.9856 0.1594 0.0564
vn -0.8707 0.3117 0.3805
vn -0.7808 -0.6236 -0.0389
vn 0.9432 -0.0348 0.3305
vn -0.9457 0.2394 0.2198
vn -0.7931 -0.5897 0.1525
vn -0.8003 -0.5804 0.1502
vn -0.8338 -0.5282 0.1607
vn 0.9068 0.2265 0.3557
vn -0.9041 -0.2993 0.3049
vn -0.9228 -0.2987 0.2433
vn 0.8322 0.4817 0.2748
vn -0.9368 -0.3142 0.1536
vn -0.9387 0.1949 0.2844
vn -0.9690 0.1549 -0.1926
vn -0.9451 -0.0436 0.3238
vn 0.8454 0.5259 0.0930
vn -0.9632 -0.0753 0.2580
vn -0.9500 0.0903 0.2988
vn 0.8761 0.4822 -0.0070
vn -0.8445 -0.5159 0.1437
vn -0.8273 -0.5491 0.1185
vn -0.9520 -0.2824 0.1180
vn -0.9521 0.1289 0.2771
vn -0.9062 0.2891 0.3087
vn -0.9134 0.3213 0.2501
vn -0.9692 0.2338 0.0778
vn 0.2637 -0.3776 0.8876
vn 0.2669 -0.3789 0.8861
vn -0.0139 -0.8323 0.5541
vn 0.9569 0.1697 -0.2355
vn 0.6195 -0.4855 0.6168
vn 0.4659 -0.5719 0.6752
vn 0.2990 -0.7008 0.6477
vn 0.1941 -0.7168 0.6698
vn 0.0212 -0.7743 0.6325
vn 0.0346 -0.7604 0.6486
vn -0.9240 0.2645 0.2761
vn -0.9708 0.2210 0.0930
vn -0.9708 0.2260 0.0802
vn 0.9559 0.0263 -0.2927
vn -0.9645 0.2464 0.0948
vn -0.9246 0.2659 0.2729
vn -0.9467 0.2037 0.2493
vn -0.9616 0.1154 0.2490
vn -0.9245 0.0683 0.3750
vn -0.9882 -0.0721 0.1348
vn 0.9079 -0.0853 0.4104
vn -0.9551 -0.0418 0.2934
vn -0.4261 0.8724 0.2395
vn -0.6431 0.6870 0.3384
vn -0.8342 0.3423 0.4324
vn 0.7361 0.0472 0.6752
vn -0.6367 0.6961 0.3318
vn -0.8597 0.3886 0.3315
vn -0.7849 0.4091 -0.4654
vn -0.1487 0.9889 0.0051
vn -0.7389 0.6312 0.2357
vn -0.8513 0.4071 0.3310
vn -0.7494 0.5464 0.3740
vn -0.8352 0.4086 0.3681
vn -0.3782 0.9193 -0.1087
vn -0.2196 0.9732 -0.0675
vn -0.2276 0.8810 0.4147
vn 0.0320 0.9278 -0.3717
vn -0.2383 0.9692 -0.0614
vn -0.6462 0.5332 -0.5460
vn 0.2089 0.9386 -0.2745
vn -0.1316 0.9874 0.0874
vn 0.0614 0.9937 0.0936
vn -0.9240 -0.3243 0.2025
vn 0.4153 -0.7176 0.5591
vn 0.0688 -0.8558 0.5126
vn 0.0688 -0.8559 0.5126
vn 0.0729 -0.9381 0.3385
vn 0.2513 -0.9409 0.2272
vn 0.0090 -0.9362 0.3513
vn 0.2061 -0.6099 0.7652
vn 0.6148 -0.5657 0.5496
vn 0.3778 -0.7902 0.4825
vn 0.2104 -0.8962 0.3906
vn 0.4494 -0.8657 0.2202
vn 0.0074 -0.9500 0.3121
vn -0.2033 -0.7572 0.6207
vn -0.0007 -0.5575 0.8302
vn 0.2350 -0.5214 0.8203
vn 0.8270 -0.4690 0.3100
vn 0.9663 -0.2116 0.1464
vn 0.1396 -0.3854 0.9121
vn -0.1870 -0.8731 0.4503
vn 0.9725 -0.0533 0.2267
vn 0.9749 -0.0490 0.2170
vn 0.9956 -0.0916 -0.0186
vn 0.9727 -0.2285 -0.0409
vn 0.9684 -0.1145 -0.2214
vn 0.9508 -0.2013 -0.2355
vn -0.9540 -0.2251 -0.1982
vn 0.1251 -0.7139 0.6890
vn -0.0777 -0.9586 0.2740
vn -0.1596 -0.9285 0.3354
vn 0.8499 0.4057 0.3362
vn 0.8730 -0.0701 0.4826
vn 0.9521 0.0088 0.3056
vn 0.9640 0.0466 -0.2616
vn -0.1197 -0.9618 0.2463
vn 0.1995 -0.1761 0.9639
vn 0.7743 0.6201 -0.1261
vn 0.4637 -0.2906 0.8370
vn 0.4070 -0.3541 0.8420
vn 0.3442 -0.3912 0.8535
vn 0.7394 -0.1670 0.6522
vn -0.1401 -0.9806 0.1374
vn 0.1105 0.0065 0.9939
vn -0.1126 -0.2286 0.9670
vn 0.6665 -0.1977 0.7188
vn 0.6520 -0.1284 0.7473
vn 0.9278 0.0667 0.3671
vn 0.0454 -0.9155 0.3998
vn -0.2024 0.1556 0.9669
vn 0.8547 0.0056 0.5191
vn 0.5587 0.4469 0.6986
vn 0.5835 0.3744 0.7206
vn 0.4992 -0.3865 0.7755
vn 0.6303 -0.0578 0.7742
vn 0.7451 0.1040 0.6588
vn 0.4057 0.2174 0.8878
vn 0.8478 -0.0452 0.5284
vn 0.7148 -0.0979 0.6925
vn 0.4817 -0.2090 0.8511
vn 0.6420 -0.0636 0.7641
vn 0.7451 0.0802 0.6621
vn 0.8626 -0.0152 0.5056
vn 0.0626 0.2525 0.9656
vn -0.1761 0.3224 0.9301
vn 0.5207 0.0263 0.8534
vn 0.4348 -0.0370 0.8998
vn 0.7529 0.0718 0.6542
vn 0.9903 0.0686 -0.1209
vn 0.9011 0.2128 0.3779
vn 0.8918 0.2706 0.3625
vn 0.1340 0.2861 0.9488
vn 0.1159 0.1964 0.9737
vn 0.6391 0.0402 0.7680
vn 0.6447 0.0428 0.7632
vn 0.8649 -0.0800 0.4956
vn 0.1342 0.2861 0.9487
vn 0.0090 0.1296 0.9915
vn 0.2280 0.1950 0.9539
vn 0.8967 -0.0754 0.4361
vn -0.3453 0.3830 0.8568
vn -0.9544 0.1309 -0.2682
vn -0.1678 0.4120 0.8956
vn 0.4381 0.1981 0.8768
vn 0.7426 0.0431 0.6683
vn 0.5911 0.1134 0.7986
vn 0.8150 -0.0224 0.5790
vn 0.6748 0.6285 0.3869
vn -0.1113 0.4068 0.9067
vn 0.7636 0.0572 0.6431
vn 0.5393 0.1592 0.8269
vn 0.5077 0.8615 -0.0086
vn 0.6095 0.4750 0.6347
vn 0.8108 -0.0248 0.5848
vn 0.6913 0.0516 0.7207
vn 0.8330 -0.0506 0.5509
vn 0.9745 0.0115 0.2240
vn 0.5617 0.8097 0.1699
vn 0.7362 0.5544 0.3881
vn 0.4362 0.3764 0.8173
vn 0.4206 0.1633 0.8924
vn 0.6373 0.7383 0.2209
vn 0.1948 0.3206 0.9269
vn 0.6848 0.0717 0.7252
vn 0.7996 0.2906 0.5255
vn 0.7233 0.4110 0.5550
vn 0.8684 -0.0373 0.4944
vn 0.4472 -0.0746 -0.8913
vn 0.7320 0.2691 -0.6259
vn 0.6312 -0.5377 -0.5590
vn -0.2907 -0.6067 -0.7399
vn 0.3578 -0.7714 -0.5262
vn 0.4577 -0.8875 -0.0542
vn 0.3448 0.1083 -0.9324
vn 0.2588 0.0852 -0.9622
vn -0.0960 0.0286 -0.9950
vn 0.3375 -0.7503 -0.5684
vn -0.0639 -0.8578 -0.5100
vn 0.4623 -0.8851 -0.0538
vn 0.6237 -0.7056 -0.3363
vn 0.8618 -0.3653 -0.3520
vn 0.2113 -0.5001 -0.8398
vn -0.0417 -0.3603 -0.9319
vn 0.5342 -0.4574 -0.7110
vn 0.9075 0.1299 -0.3995
vn 0.5292 -0.4425 -0.7240
vn -0.2044 -0.6067 -0.7682
vn 0.0570 -0.9896 -0.1320
vn 0.5431 -0.6900 -0.4785
vn 0.7238 -0.3837 -0.5734
vn -0.0505 -0.9286 -0.3676
vn -0.4146 -0.4928 -0.7650
vn 0.4535 -0.8905 -0.0352
vn 0.8894 -0.2938 -0.3503
vn 0.4621 -0.8825 -0.0873
vn 0.9001 0.2314 -0.3691
vn 0.5094 -0.5488 -0.6629
vn 0.7393 -0.6128 -0.2793
vn 0.2578 -0.9086 -0.3287
vn 0.0168 -0.9278 -0.3727
vn 0.7326 -0.6280 -0.2624
vn 0.9004 -0.3006 -0.3145
vn 0.9437 -0.1395 -0.2999
vn 0.9429 -0.1156 -0.3123
vn 0.9692 0.1375 -0.2042
vn 0.9008 -0.3012 -0.3128
vn 0.9394 -0.1459 -0.3104
vn 0.9590 0.0138 -0.2829
vn 0.9199 0.3405 -0.1946
vn 0.9457 0.1004 -0.3092
vn -0.8415 0.0254 -0.5396
vn -0.9020 0.3319 -0.2761
vn -0.6717 -0.0480 -0.7393
vn -0.9388 0.1866 -0.2896
vn -0.9334 0.1881 -0.3055
vn -0.9353 0.2358 -0.2638
vn -0.5359 0.3598 -0.7638
vn -0.8211 -0.3356 -0.4617
vn -0.5397 -0.3445 -0.7681
vn -0.5475 0.4473 -0.7072
vn -0.7461 -0.1679 -0.6444
vn -0.2271 0.7408 -0.6322
vn -0.5312 0.4663 -0.7073
vn -0.4710 0.6646 -0.5800
vn 0.8706 -0.4657 -0.1585
vn 0.4287 0.8923 0.1419
vn 0.5183 0.5423 0.6612
vn 0.8036 -0.1953 -0.5622
vn -0.3404 0.1414 -0.9296
vn -0.9694 0.1075 -0.2209
vn 0.5960 -0.4338 -0.6757
vn -0.3692 0.9096 0.1908
vn 0.2489 0.2406 -0.9382
vn -0.0755 0.9668 -0.2441
vn -0.4193 0.8728 0.2498
vn 0.4051 -0.3217 -0.8558
vn -0.1761 0.8142 -0.5532
vn -0.1015 0.1203 -0.9875
vn -0.7977 0.0711 -0.5988
vn 0.4023 0.8970 0.1833
vn -0.0341 0.9764 0.2133
vn -0.5378 0.0835 -0.8390
vn 0.4444 0.8873 -0.1233
vn -0.6983 0.6349 -0.3305
vn 0.1937 0.9727 0.1282
vn 0.2417 0.9599 -0.1422
vn -0.6345 0.7407 0.2208
vn 0.8908 0.4317 0.1417
vn -0.5799 0.3755 0.7230
vn -0.8829 0.3951 0.2537
vn -0.9951 0.0981 -0.0078
vn 0.9976 0.0195 -0.0667
vn -0.9248 0.3753 0.0631
vn 0.9790 -0.1801 -0.0952
vn -0.7471 -0.0732 -0.6606
vn 0.9017 -0.3578 -0.2428
vn 0.9416 -0.2940 -0.1638
vn -0.8365 -0.0864 -0.5411
vn -0.8216 0.0502 -0.5678
vn -0.9569 0.1253 -0.2621
vn 0.8945 -0.2906 -0.3397
vn -0.8319 -0.4245 -0.3575
vn 0.9187 -0.3482 -0.1864
vn 0.8393 -0.5390 -0.0720
vn 0.9724 -0.1417 0.1854
vn -0.6334 0.2355 -0.7371
vn -0.3941 0.6826 -0.6154
vn -0.8288 0.4748 -0.2961
vn -0.8708 0.3375 -0.3574
vn -0.9759 -0.2097 -0.0597
vn -0.7234 -0.6904 -0.0036
vn -0.8043 -0.5054 0.3125
vn -0.9375 -0.3031 0.1710
vn -0.8906 0.4377 0.1236
vn -0.6391 0.7603 -0.1157
vn -0.7870 0.6074 -0.1082
vn 0.3589 -0.4946 -0.7915
vn 0.1395 -0.5059 -0.8512
vn 0.2648 -0.7811 -0.5655
vn 0.3565 -0.0027 -0.9343
vn 0.1888 0.6963 -0.6925
vn 0.2402 0.8384 -0.4892
vn -0.0404 0.8258 -0.5625
vn -0.0195 0.7623 -0.6470
vn -0.2738 0.4059 -0.8720
vn -0.0165 0.6572 -0.7536
vn -0.3761 -0.3627 -0.8526
vn 0.0201 0.6098 -0.7923
vn 0.5410 0.7358 -0.4074
vn 0.1491 0.9640 -0.2203
vn -0.8574 0.2243 -0.4632
vn 0.2239 0.9425 0.2482
vn 0.7736 0.2548 -0.5802
vn 0.9307 -0.2486 0.2682
vn -0.0035 0.9999 -0.0133
vn -0.0738 0.9667 -0.2449
vn -0.9136 -0.3720 0.1643
vn 0.4638 0.0957 -0.8808
vn -0.8941 0.4218 0.1508
vn -0.4571 0.8893 -0.0152
vn -0.9694 0.1066 -0.2210
vn -0.2351 0.7371 0.6336
vn -0.8721 0.4234 -0.2453
vn 0.1768 0.8911 0.4179
vn 0.7800 0.6257 0.0101
vn -0.8215 0.2690 -0.5029
vn -0.9071 0.2449 0.3423
vn -0.7555 0.6296 -0.1813
vn 0.9754 -0.0457 -0.2158
vn 0.9538 0.2943 0.0604
vn 0.9533 -0.2000 -0.2262
vn 0.9825 -0.1686 0.0798
vn 0.9906 -0.1043 0.0888
vn 0.6145 0.1661 0.7712
vn 0.8861 -0.2985 0.3546
vn 0.9097 -0.3365 -0.2435
vn 0.9231 -0.3775 -0.0735
vn -0.9645 0.1140 -0.2382
vn 0.9094 -0.3366 -0.2444
vn -0.9131 -0.0424 -0.4055
vn 0.9260 -0.3089 -0.2170
vn 0.7854 -0.5603 0.2631
vn -0.3101 0.8534 -0.4190
vn -0.1852 0.8242 -0.5351
vn 0.2759 -0.3309 -0.9024
vn 0.3627 0.6490 -0.6688
vn 0.3424 0.7546 -0.5597
vn 0.0030 -0.7421 -0.6702
vn 0.3446 0.7540 -0.5592
vn -0.0486 0.6293 -0.7756
vn 0.0619 0.8045 -0.5908
vn -0.1154 0.2249 -0.9675
vn -0.6304 0.5240 -0.5727
vn -0.6633 0.0991 -0.7418
vn -0.2249 0.8752 -0.4283
vn -0.3526 0.8342 -0.4240
vn -0.7690 0.6380 -0.0403
vn 0.6838 -0.0269 -0.7291
vn -0.5966 0.7897 0.1434
vn -0.2255 0.9537 0.1991
vn -0.1328 0.7867 -0.6029
vn -0.3476 0.9220 0.1707
vn -0.5399 0.8417 0.0054
vn 0.8706 0.3885 -0.3018
vn 0.9541 -0.0881 0.2861
vn 0.9748 -0.0445 -0.2185
vn 0.9622 -0.2104 -0.1730
vn 0.8943 -0.2924 -0.3388
vn 0.9224 -0.3752 -0.0913
vn -0.8176 -0.0882 -0.5689
vn 0.9552 -0.2858 0.0771
vn 0.2816 0.0643 -0.9574
vn 0.1032 0.8785 -0.4665
vn 0.1564 0.7470 -0.6462
vn -0.0461 0.5962 -0.8015
vn -0.2225 0.8611 -0.4572
vn -0.2532 0.8253 -0.5047
vn -0.1981 0.7742 -0.6011
vn -0.2539 0.2995 -0.9197
vn -0.6781 0.1219 -0.7248
vn -0.1282 0.3884 -0.9125
vn 0.0889 0.8895 -0.4483
vn 0.2961 0.7640 -0.5733
vn 0.7614 0.3474 -0.5473
vn 0.4904 0.3304 -0.8064
vn 0.8436 0.4200 -0.3346
vn 0.6544 -0.7238 0.2187
vn 0.4044 0.1792 -0.8968
vn 0.4098 0.5025 -0.7613
vn 0.0847 0.8430 -0.5312
vn -0.0112 -0.0109 -0.9999
vn -0.4555 0.8834 0.1104
vn 0.2570 0.7797 -0.5710
vn 0.2745 0.9606 -0.0423
vn 0.2959 0.6942 -0.6562
vn 0.3295 0.7441 -0.5812
vn 0.4495 0.8498 -0.2754
vn 0.0111 0.8934 -0.4491
vn 0.2060 0.2942 -0.9333
vn -0.9565 -0.2521 0.1468
vn -0.8762 -0.2673 0.4011
vn -0.8764 -0.2630 0.4034
vn -0.6871 0.0395 -0.7255
vn -0.9512 -0.2858 -0.1167
vn -0.9537 -0.2465 -0.1725
vn -0.9497 -0.2824 -0.1355
vn -0.9224 0.1830 0.3402
vn -0.9244 -0.3275 -0.1954
vn -0.8963 0.1253 0.4254
vn -0.9536 -0.2799 0.1111
vn -0.9446 0.1025 -0.3117
vn -0.7044 0.0906 -0.7040
vn -0.8864 -0.1880 -0.4230
vn -0.6146 -0.2354 -0.7529
vn -0.9638 0.0466 -0.2626
vn -0.5397 -0.4555 -0.7080
vn -0.6506 -0.6423 -0.4051
vn -0.9807 0.1656 -0.1044
vn -0.2379 0.2839 0.9289
vn -0.2699 -0.9601 -0.0736
vn -0.8757 0.0654 -0.4785
vn -0.6849 -0.0673 -0.7255
vn -0.6843 -0.0659 -0.7262
vn -0.4292 -0.1244 -0.8946
vn -0.9151 -0.4022 -0.0284
vn -0.9393 -0.3415 -0.0333
vn -0.9729 0.1623 -0.1644
vn -0.6119 0.2626 -0.7460
vn -0.9152 -0.1277 -0.3822
vn -0.5117 -0.1595 -0.8442
vn -0.9849 0.0566 -0.1638
vn -0.8376 0.0897 -0.5389
vn -0.2793 0.9572 -0.0761
vn -0.4736 0.4433 -0.7610
vn -0.4022 0.1822 -0.8972
vn 0.1681 0.9603 -0.2227
vn -0.6850 0.0537 -0.7266
vn 0.1512 0.9884 0.0130
vn -0.6868 0.0604 -0.7243
vn 0.4163 0.8935 -0.1683
vn -0.9030 0.0173 -0.4292
vn -0.9383 0.1375 -0.3174
vn 0.0649 0.9179 -0.3914
vn -0.9381 0.2537 -0.2358
vn -0.9955 0.0121 -0.0935
vn -0.9626 -0.0274 -0.2695
vn -0.9129 0.2285 -0.3383
vn -0.7128 -0.0818 -0.6966
vn -0.7224 -0.1180 -0.6814
vn -0.9264 0.0991 -0.3632
vn -0.5917 0.7850 0.1835
vn -0.7114 0.6858 0.1536
vn -0.6713 0.7094 -0.2146
vn -0.4994 0.8453 -0.1898
vn -0.5894 0.7375 -0.3296
vn -0.7305 0.5493 -0.4058
vn -0.9457 0.1899 -0.2639
vn -0.9238 0.3451 -0.1656
vn -0.9198 0.3563 -0.1644
vn -0.9287 0.3391 -0.1502
vn -0.8872 0.4536 -0.0839
vn -0.9640 -0.0810 -0.2534
vn -0.9496 0.2853 -0.1300
vn -0.5589 0.8286 -0.0313
vn -0.7273 0.6863 0.0027
vn -0.4913 0.8209 0.2911
vn -0.2885 0.9331 0.2148
vn -0.1022 0.9448 0.3114
vn -0.6242 0.7807 -0.0286
vn -0.5410 0.7457 0.3889
vn -0.8906 0.3561 0.2828
vn -0.9234 -0.0767 0.3762
vn -0.8460 0.3792 0.3748
vn -0.7263 0.4416 0.5268
vn -0.8181 0.2722 0.5065
vn -0.8667 -0.3434 0.3618
vn -0.9510 0.1440 0.2735
vn -0.9570 -0.0330 0.2883
vn -0.9734 0.0983 -0.2070
vn -0.7951 0.6006 -0.0842
vn -0.7164 0.6871 -0.1209
vn 0.0524 0.9578 -0.2826
vn 0.2389 0.9305 -0.2778
vn 0.0560 0.8514 -0.5215
vn 0.0991 0.8038 -0.5867
vn 0.6641 0.6512 -0.3673
vn 0.7287 0.3513 -0.5878
vn 0.8325 -0.1275 -0.5391
vn 0.6529 -0.1681 -0.7385
vn 0.5354 -0.2935 -0.7920
vn 0.4742 -0.4325 -0.7669
vn -0.1928 -0.3712 -0.9083
vn 0.1666 -0.4988 -0.8506
vn 0.1750 -0.2668 -0.9477
vn 0.3820 -0.4720 -0.7945
vn 0.4681 -0.3638 -0.8053
vn 0.6355 -0.3716 -0.6768
vn 0.4469 -0.3995 -0.8005
vn 0.4133 -0.3794 -0.8278
vn 0.6623 -0.3091 -0.6825
vn 0.4326 -0.4582 -0.7765
vn 0.2157 -0.4286 -0.8774
vn 0.0314 -0.4518 -0.8916
vn 0.3672 -0.4118 -0.8340
vn 0.0301 -0.3770 -0.9257
vn 0.1697 -0.3421 -0.9242
vn 0.2041 -0.3396 -0.9182
vn 0.1066 -0.2174 -0.9703
vn 0.3557 -0.2109 -0.9105
vn 0.3176 -0.2854 -0.9043
vn -0.0189 -0.2823 -0.9591
vn 0.5154 -0.3154 -0.7968
vn -0.2360 -0.2623 -0.9357
vn -0.6443 -0.1963 -0.7391
vn 0.0312 -0.4160 -0.9089
vn -0.0494 -0.3219 -0.9455
vn 0.1204 -0.2813 -0.9520
vn 0.1961 -0.3101 -0.9302
vn 0.1225 -0.3480 -0.9295
vn -0.3198 -0.1664 -0.9328
vn 0.0107 -0.1267 -0.9919
vn -0.3212 -0.0163 -0.9469
vn 0.0107 -0.0521 -0.9986
vn -0.0064 -0.0973 -0.9952
vn 0.3587 -0.1109 -0.9268
vn 0.1793 0.0751 -0.9809
vn 0.3228 0.1369 -0.9365
vn 0.7251 0.0470 -0.6871
vn 0.6514 0.0839 -0.7541
vn 0.2487 -0.1299 -0.9598
vn 0.6628 -0.1784 -0.7272
vn 0.1700 -0.8554 -0.4892
vn 0.4438 -0.7903 -0.4223
vn 0.4592 -0.8384 -0.2936
vn 0.2529 -0.9469 -0.1983
vn -0.3008 -0.9536 0.0141
vn 0.1169 -0.9822 -0.1472
vn -0.8123 -0.5185 0.2669
vn -0.4348 -0.9003 -0.0180
vn -0.9269 -0.2820 0.2477
vn -0.7293 0.5728 0.3741
vn -0.9792 0.0734 0.1891
vn -0.6698 -0.5898 -0.4511
vn 0.1536 0.9411 -0.3013
vn 0.4276 0.5178 -0.7410
vn 0.4132 -0.4071 -0.8146
vn 0.4477 -0.3879 -0.8056
vn 0.6042 -0.3134 -0.7326
vn 0.7771 -0.3434 -0.5274
vn 0.6438 -0.4153 -0.6427
vn 0.1296 -0.5778 -0.8058
vn 0.4760 -0.3437 -0.8095
vn 0.4372 -0.4966 -0.7498
vn 0.2428 -0.5910 -0.7692
vn 0.4338 -0.4041 -0.8053
vn 0.1816 -0.3312 -0.9259
vn 0.3626 -0.2463 -0.8988
vn 0.1620 -0.0943 -0.9823
vn 0.3749 -0.0502 -0.9257
vn 0.4071 -0.0959 -0.9083
vn 0.7043 0.0747 -0.7060
vn 0.2738 -0.0548 -0.9602
vn 0.7988 -0.3299 -0.5031
vn 0.6935 -0.5287 -0.4893
vn 0.6830 -0.5562 -0.4735
vn 0.0215 -0.9055 -0.4239
vn 0.6876 -0.5857 -0.4292
vn -0.6027 -0.6543 0.4569
vn -0.2875 -0.9377 0.1953
vn -0.6791 -0.6695 0.3011
vn -0.7187 -0.5673 0.4021
vn 0.1136 -0.9830 -0.1441
vn -0.7127 -0.7007 0.0325
vn -0.5787 0.7739 -0.2571
vn 0.2338 -0.3581 -0.9039
vn 0.2693 -0.3035 -0.9140
vn 0.5259 -0.8002 -0.2883
vn -0.1668 -0.9843 0.0574
vn 0.1751 -0.9829 -0.0563
vn -0.0031 -0.9557 -0.2945
vn 0.5277 -0.8047 -0.2719
vn -0.2167 -0.9599 0.1777
vn 0.8012 -0.3137 -0.5096
vn 0.4717 -0.8537 -0.2207
vn -0.3622 -0.9289 -0.0776
vn 0.2129 -0.9731 -0.0882
vn 0.0577 -0.9714 -0.2303
vn 0.1533 -0.9611 -0.2297
vn -0.2583 -0.9657 -0.0281
vn -0.6097 -0.6362 0.4729
vt 0.034814 0.266468
vt 0.019544 0.263973
vt 0.029922 0.244120
vt 0.738549 0.985241
vt 0.765542 0.980678
vt 0.755733 0.985175
vt 0.729472 0.994474
vt 0.776820 0.974274
vt 0.796522 0.932810
vt 0.789680 0.954595
vt 0.755138 0.949496
vt 0.780256 0.921563
vt 0.791510 0.920627
vt 0.298771 0.867816
vt 0.284829 0.871445
vt 0.292928 0.856886
vt 0.798525 0.952067
vt 0.804472 0.969635
vt 0.791279 0.899556
vt 0.797776 0.906634
vt 0.808629 0.920534
vt 0.800647 0.897752
vt 0.816983 0.895227
vt 0.024986 0.219664
vt 0.804660 0.930695
vt 0.805288 0.945432
vt 0.506220 0.510253
vt 0.507309 0.521862
vt 0.501676 0.519861
vt 0.583254 0.327751
vt 0.577322 0.319177
vt 0.586550 0.318305
vt 0.803314 0.916665
vt 0.820551 0.916846
vt 0.509728 0.149586
vt 0.484455 0.137437
vt 0.483425 0.127499
vt 0.509758 0.176416
vt 0.500057 0.153174
vt 0.516049 0.165426
vt 0.952539 0.820393
vt 0.947631 0.817436
vt 0.951981 0.816386
vt 0.239391 0.885993
vt 0.249655 0.870633
vt 0.268057 0.873697
vt 0.219779 0.866847
vt 0.253105 0.860983
vt 0.231634 0.872975
vt 0.589961 0.332028
vt 0.586396 0.340648
vt 0.581657 0.336935
vt 0.527851 0.786387
vt 0.531667 0.787220
vt 0.527644 0.792505
vt 0.831661 0.912004
vt 0.512854 0.525811
vt 0.506314 0.531884
vt 0.809880 0.889808
vt 0.822967 0.888307
vt 0.836413 0.889390
vt 0.618938 0.262351
vt 0.611958 0.272487
vt 0.601386 0.262174
vt 0.607165 0.253020
vt 0.526099 0.162970
vt 0.537123 0.184568
vt 0.537678 0.169764
vt 0.542128 0.185107
vt 0.531243 0.181028
vt 0.554070 0.849018
vt 0.545191 0.857404
vt 0.542300 0.840707
vt 0.558989 0.852266
vt 0.557934 0.860652
vt 0.581293 0.341072
vt 0.593566 0.337776
vt 0.488636 0.274996
vt 0.490848 0.268585
vt 0.499920 0.272130
vt 0.517876 0.535170
vt 0.530378 0.537977
vt 0.522391 0.529653
vt 0.585815 0.310370
vt 0.595430 0.316639
vt 0.575456 0.336179
vt 0.597692 0.329538
vt 0.631746 0.273873
vt 0.617692 0.243760
vt 0.516633 0.179903
vt 0.523100 0.180945
vt 0.514088 0.192600
vt 0.518239 0.193895
vt 0.541799 0.192574
vt 0.531173 0.544480
vt 0.510974 0.540197
vt 0.600612 0.343410
vt 0.610610 0.338735
vt 0.609708 0.349880
vt 0.635098 0.337703
vt 0.629562 0.353903
vt 0.624069 0.341649
vt 0.604977 0.326939
vt 0.684670 0.493643
vt 0.683419 0.505638
vt 0.679092 0.493699
vt 0.576011 0.325973
vt 0.831420 0.924434
vt 0.845006 0.883675
vt 0.846272 0.892449
vt 0.640421 0.263951
vt 0.628086 0.233867
vt 0.611652 0.239819
vt 0.428525 0.135034
vt 0.481766 0.189956
vt 0.527705 0.195925
vt 0.539675 0.200253
vt 0.767277 0.582424
vt 0.782282 0.582760
vt 0.777535 0.635773
vt 0.517089 0.553570
vt 0.601061 0.354808
vt 0.598563 0.353214
vt 0.603590 0.350429
vt 0.609604 0.359979
vt 0.613342 0.318088
vt 0.622605 0.334836
vt 0.603000 0.313819
vt 0.597084 0.304499
vt 0.842450 0.930155
vt 0.843497 0.914802
vt 0.854100 0.941659
vt 0.836101 0.880897
vt 0.637410 0.290048
vt 0.641519 0.276929
vt 0.618194 0.282440
vt 0.509188 0.239416
vt 0.514787 0.223976
vt 0.508977 0.253766
vt 0.510239 0.275560
vt 0.501029 0.280398
vt 0.482920 0.270378
vt 0.532098 0.549547
vt 0.589975 0.299660
vt 0.579904 0.291452
vt 0.591411 0.298146
vt 0.861717 0.945853
vt 0.859210 0.932432
vt 0.852924 0.922311
vt 0.840094 0.899500
vt 0.660640 0.298406
vt 0.647617 0.301258
vt 0.644386 0.271985
vt 0.621504 0.216485
vt 0.522888 0.769358
vt 0.522482 0.751066
vt 0.535250 0.769943
vt 0.509854 0.212026
vt 0.536529 0.226496
vt 0.514633 0.283244
vt 0.818803 0.947486
vt 0.817300 0.951365
vt 0.818436 0.938796
vt 0.537898 0.280146
vt 0.545548 0.269795
vt 0.539872 0.282037
vt 0.521312 0.263481
vt 0.534130 0.266002
vt 0.497258 0.257429
vt 0.488246 0.264168
vt 0.468692 0.247493
vt 0.852517 0.909723
vt 0.697422 0.306822
vt 0.682898 0.311562
vt 0.690877 0.305907
vt 0.660426 0.209833
vt 0.646317 0.258867
vt 0.625975 0.215244
vt 0.440106 0.121566
vt 0.467571 0.123819
vt 0.541814 0.226592
vt 0.727443 0.314447
vt 0.701408 0.318950
vt 0.523861 0.280862
vt 0.030373 0.198695
vt 0.020716 0.216819
vt 0.496033 0.234960
vt 0.504884 0.235687
vt 0.531000 0.803903
vt 0.537054 0.791153
vt 0.546912 0.796045
vt 0.596178 0.385150
vt 0.644288 0.356109
vt 0.632970 0.367747
vt 0.420914 0.102742
vt 0.444210 0.108234
vt 0.441460 0.112701
vt 0.465888 0.118116
vt 0.579606 0.288380
vt 0.574263 0.294324
vt 0.574519 0.289005
vt 0.577021 0.300908
vt 0.569909 0.297147
vt 0.562236 0.291521
vt 0.701698 0.302270
vt 0.709608 0.307572
vt 0.859201 0.924636
vt 0.655223 0.271426
vt 0.663364 0.222870
vt 0.604159 0.183964
vt 0.611254 0.180375
vt 0.613219 0.187004
vt 0.431326 0.166478
vt 0.288365 0.852224
vt 0.282136 0.862466
vt 0.544381 0.253879
vt 0.532619 0.246749
vt 0.452121 0.222008
vt 0.017185 0.196438
vt 0.300154 0.841918
vt 0.311554 0.832156
vt 0.312409 0.841417
vt 0.626248 0.370801
vt 0.623015 0.384650
vt 0.639825 0.342840
vt 0.645449 0.332021
vt 0.022955 0.174279
vt 0.852639 0.959154
vt 0.850390 0.953030
vt 0.852895 0.957327
vt 0.037727 0.298821
vt 0.078502 0.339072
vt 0.034739 0.358599
vt 0.861584 0.930140
vt 0.678546 0.202579
vt 0.659802 0.246904
vt 0.014868 0.159450
vt 0.014003 0.184784
vt 0.638241 0.190438
vt 0.547429 0.283172
vt 0.548454 0.281110
vt 0.549813 0.280884
vt 0.553060 0.284782
vt 0.330243 0.805481
vt 0.343608 0.790077
vt 0.338138 0.807145
vt 0.574801 0.284559
vt 0.023137 0.151642
vt 0.563852 0.289880
vt 0.555464 0.286757
vt 0.652170 0.316315
vt 0.658399 0.323792
vt 0.670700 0.305137
vt 0.679256 0.324119
vt 0.677677 0.286145
vt 0.693024 0.260536
vt 0.651060 0.255384
vt 0.649469 0.194630
vt 0.515526 0.801211
vt 0.504623 0.797779
vt 0.519801 0.783881
vt 0.547474 0.786298
vt 0.452732 0.257181
vt 0.652150 0.363092
vt 0.281575 0.887197
vt 0.273643 0.883024
vt 0.681973 0.301683
vt 0.691134 0.298893
vt 0.700914 0.197559
vt 0.627353 0.191314
vt 0.017819 0.134778
vt 0.416762 0.245286
vt 0.424374 0.233206
vt 0.636584 0.378268
vt 0.680765 0.306281
vt 0.702286 0.296404
vt 0.417285 0.123152
vt 0.410794 0.239461
vt 0.039424 0.390910
vt 0.051239 0.407633
vt 0.595828 0.417197
vt 0.630349 0.386201
vt 0.698468 0.361195
vt 0.628567 0.740227
vt 0.615273 0.722727
vt 0.624588 0.727728
vt 0.710921 0.809343
vt 0.687672 0.788697
vt 0.715596 0.807247
vt 0.579833 0.562695
vt 0.574641 0.590233
vt 0.573880 0.570692
vt 0.649226 0.153886
vt 0.661398 0.145902
vt 0.653649 0.160102
vt 0.636632 0.174548
vt 0.405232 0.212452
vt 0.624855 0.415244
vt 0.955294 0.800487
vt 0.954364 0.811897
vt 0.948762 0.800571
vt 0.632434 0.417172
vt 0.701868 0.290136
vt 0.668054 0.202712
vt 0.655358 0.174829
vt 0.662176 0.167550
vt 0.411747 0.142825
vt 0.400069 0.130718
vt 0.411441 0.112032
vt 0.882726 0.825536
vt 0.854881 0.830480
vt 0.848145 0.821853
vt 0.327702 0.823474
vt 0.321367 0.820260
vt 0.819089 0.864367
vt 0.790134 0.859833
vt 0.820036 0.858061
vt 0.732233 0.332415
vt 0.764750 0.195647
vt 0.678033 0.196339
vt 0.704326 0.189430
vt 0.394497 0.118736
vt 0.385188 0.148246
vt 0.408194 0.162938
vt 0.029943 0.068273
vt 0.013727 0.072245
vt 0.017206 0.061100
vt 0.023607 0.099975
vt 0.536794 0.583996
vt 0.551408 0.631181
vt 0.539576 0.639737
vt 0.603068 0.430517
vt 0.620125 0.424183
vt 0.604535 0.439215
vt 0.686806 0.411307
vt 0.886660 0.066543
vt 0.894814 0.070250
vt 0.869705 0.074039
vt 0.735481 0.196973
vt 0.669336 0.163949
vt 0.669414 0.191510
vt 0.390840 0.236367
vt 0.385616 0.230626
vt 0.388324 0.227023
vt 0.635142 0.434733
vt 0.628129 0.424897
vt 0.778980 0.527948
vt 0.740486 0.295017
vt 0.503614 0.285754
vt 0.012791 0.112993
vt 0.399148 0.199224
vt 0.391800 0.217763
vt 0.395827 0.237211
vt 0.605497 0.467582
vt 0.585741 0.472277
vt 0.589513 0.465207
vt 0.626169 0.437356
vt 0.636048 0.443230
vt 0.745406 0.311436
vt 0.761057 0.176114
vt 0.725516 0.140683
vt 0.690259 0.148380
vt 0.396879 0.156166
vt 0.493623 0.686750
vt 0.493899 0.705598
vt 0.483176 0.692171
vt 0.396394 0.190449
vt 0.400256 0.171961
vt 0.609815 0.448645
vt 0.594798 0.440921
vt 0.594092 0.452236
vt 0.633609 0.449893
vt 0.966135 0.319107
vt 0.969561 0.311198
vt 0.967339 0.325165
vt 0.670427 0.146805
vt 0.662704 0.141301
vt 0.388620 0.160121
vt 0.969168 0.100827
vt 0.979741 0.104108
vt 0.967257 0.111772
vt 0.524135 0.672416
vt 0.530257 0.678020
vt 0.526462 0.678343
vt 0.627792 0.462492
vt 0.558651 0.637353
vt 0.547052 0.639409
vt 0.933866 0.056334
vt 0.915172 0.056478
vt 0.924410 0.051759
vt 0.931281 0.063111
vt 0.643783 0.446303
vt 0.668062 0.459039
vt 0.089106 0.468917
vt 0.092742 0.379401
vt 0.114664 0.409855
vt 0.735187 0.388687
vt 0.765268 0.317936
vt 0.761977 0.290782
vt 0.519412 0.675785
vt 0.499857 0.700072
vt 0.513983 0.676891
vt 0.864748 0.081205
vt 0.125984 0.451984
vt 0.149094 0.411781
vt 0.632093 0.474076
vt 0.302379 0.831424
vt 0.284596 0.817348
vt 0.301795 0.794651
vt 0.370180 0.703706
vt 0.378004 0.696324
vt 0.371016 0.720829
vt 0.641056 0.454865
vt 0.653959 0.457932
vt 0.718601 0.445942
vt 0.757856 0.373265
vt 0.782728 0.227257
vt 0.776821 0.208402
vt 0.375937 0.175303
vt 0.521298 0.693046
vt 0.588904 0.485718
vt 0.583501 0.482883
vt 0.540692 0.661501
vt 0.547600 0.679008
vt 0.538398 0.666905
vt 0.559095 0.682595
vt 0.552388 0.668047
vt 0.020471 0.278049
vt 0.504048 0.772587
vt 0.507280 0.745128
vt 0.691976 0.480803
vt 0.700595 0.469279
vt 0.739981 0.438900
vt 0.774283 0.286811
vt 0.759390 0.183153
vt 0.542060 0.693191
vt 0.540509 0.685113
vt 0.957873 0.312396
vt 0.965698 0.306476
vt 0.961387 0.325026
vt 0.362251 0.818290
vt 0.364165 0.828917
vt 0.356452 0.836184
vt 0.957880 0.362929
vt 0.019509 0.086442
vt 0.762409 0.436776
vt 0.775688 0.359831
vt 0.788552 0.320448
vt 0.786994 0.284743
vt 0.750494 0.129457
vt 0.535822 0.690037
vt 0.512945 0.708271
vt 0.537207 0.712030
vt 0.565449 0.699899
vt 0.749568 0.930405
vt 0.743571 0.926935
vt 0.764032 0.921308
vt 0.759667 0.929496
vt 0.750597 0.938819
vt 0.783140 0.179410
vt 0.530110 0.714944
vt 0.554697 0.711516
vt 0.591713 0.716609
vt 0.579526 0.717078
vt 0.897936 0.080707
vt 0.613507 0.533467
vt 0.633570 0.525606
vt 0.609030 0.538656
vt 0.046472 0.082729
vt 0.031172 0.078599
vt 0.957597 0.787622
vt 0.957449 0.764939
vt 0.963903 0.791097
vt 0.949966 0.729797
vt 0.955361 0.744470
vt 0.948208 0.735025
vt 0.751322 0.497216
vt 0.776884 0.426076
vt 0.786568 0.390829
vt 0.797270 0.299262
vt 0.806789 0.236086
vt 0.800254 0.197887
vt 0.784975 0.171082
vt 0.569984 0.725081
vt 0.579068 0.552646
vt 0.577425 0.544253
vt 0.591054 0.544271
vt 0.687755 0.520836
vt 0.667037 0.519393
vt 0.731399 0.495468
vt 0.806833 0.318075
vt 0.798261 0.174088
vt 0.584528 0.688227
vt 0.574414 0.685386
vt 0.495639 0.805514
vt 0.497633 0.789495
vt 0.597620 0.552156
vt 0.501309 0.812577
vt 0.510917 0.815344
vt 0.504369 0.823679
vt 0.524579 0.827745
vt 0.963020 0.292844
vt 0.658353 0.535150
vt 0.696166 0.495122
vt 0.801505 0.376520
vt 0.817381 0.267599
vt 0.960018 0.817276
vt 0.162361 0.896006
vt 0.157355 0.884412
vt 0.161977 0.890238
vt 0.496741 0.822070
vt 0.494981 0.819825
vt 0.844862 0.842294
vt 0.843095 0.850755
vt 0.824958 0.838884
vt 0.803112 0.843952
vt 0.818099 0.832366
vt 0.617383 0.545574
vt 0.644272 0.527437
vt 0.806231 0.830942
vt 0.745217 0.519104
vt 0.723434 0.518959
vt 0.790804 0.441170
vt 0.816558 0.326968
vt 0.816869 0.184880
vt 0.552327 0.719986
vt 0.576571 0.727669
vt 0.579904 0.733882
vt 0.587505 0.744474
vt 0.939493 0.503075
vt 0.942272 0.490561
vt 0.941586 0.502606
vt 0.610413 0.541675
vt 0.610064 0.565011
vt 0.603770 0.542692
vt 0.135416 0.355652
vt 0.651090 0.574078
vt 0.679557 0.573275
vt 0.771618 0.494236
vt 0.804415 0.429126
vt 0.800453 0.825345
vt 0.799907 0.831334
vt 0.792581 0.826409
vt 0.595954 0.584053
vt 0.977992 0.211299
vt 0.972240 0.241585
vt 0.968070 0.243924
vt 0.971584 0.250415
vt 0.627610 0.575144
vt 0.720778 0.576783
vt 0.791690 0.492456
vt 0.818535 0.390674
vt 0.819455 0.155894
vt 0.815705 0.167595
vt 0.810019 0.161146
vt 0.577185 0.734177
vt 0.579102 0.736419
vt 0.930571 0.571437
vt 0.935936 0.565732
vt 0.933151 0.584411
vt 0.931056 0.553459
vt 0.936023 0.543133
vt 0.524804 0.839157
vt 0.553408 0.832589
vt 0.662378 0.585280
vt 0.764063 0.522414
vt 0.584076 0.611999
vt 0.595068 0.621332
vt 0.612169 0.597061
vt 0.651666 0.593941
vt 0.755160 0.601345
vt 0.818736 0.449291
vt 0.835151 0.368038
vt 0.645895 0.600584
vt 0.639050 0.598029
vt 0.703951 0.602425
vt 0.741029 0.624519
vt 0.614252 0.582770
vt 0.624152 0.587237
vt 0.613615 0.561717
vt 0.843750 0.424331
vt 0.617471 0.622393
vt 0.088891 0.187875
vt 0.660995 0.630030
vt 0.672288 0.610673
vt 0.620481 0.608126
vt 0.928186 0.315243
vt 0.949682 0.338947
vt 0.725154 0.626839
vt 0.918133 0.063893
vt 0.636214 0.665882
vt 0.650655 0.681416
vt 0.642238 0.689678
vt 0.968347 0.060294
vt 0.974691 0.069182
vt 0.962367 0.066347
vt 0.941187 0.051829
vt 0.954616 0.056187
vt 0.051911 0.107886
vt 0.012239 0.086586
vt 0.609314 0.642591
vt 0.600326 0.657849
vt 0.622286 0.637090
vt 0.954771 0.063816
vt 0.630505 0.614353
vt 0.630460 0.625239
vt 0.933972 0.530053
vt 0.927582 0.535512
vt 0.929216 0.508258
vt 0.124513 0.302304
vt 0.636415 0.612642
vt 0.643029 0.636191
vt 0.694254 0.644026
vt 0.759381 0.640371
vt 0.872615 0.421221
vt 0.881998 0.373935
vt 0.591265 0.651139
vt 0.627412 0.653760
vt 0.636693 0.655514
vt 0.935097 0.512760
vt 0.939551 0.515184
vt 0.629255 0.642749
vt 0.729627 0.668315
vt 0.901985 0.423856
vt 0.613794 0.664851
vt 0.753483 0.670938
vt 0.922869 0.425932
vt 0.912114 0.053355
vt 0.597625 0.679417
vt 0.617368 0.686632
vt 0.937790 0.366240
vt 0.910146 0.336935
vt 0.686683 0.682667
vt 0.770687 0.670919
vt 0.610982 0.699095
vt 0.630996 0.673919
vt 0.732389 0.700454
vt 0.770489 0.691460
vt 0.600981 0.698275
vt 0.754501 0.702797
vt 0.960184 0.243782
vt 0.952978 0.261731
vt 0.625519 0.709989
vt 0.968379 0.287158
vt 0.641984 0.698385
vt 0.656205 0.702833
vt 0.762413 0.729142
vt 0.971088 0.292213
vt 0.975927 0.245445
vt 0.978368 0.236227
vt 0.982383 0.216299
vt 0.981504 0.193539
vt 0.977795 0.189479
vt 0.983045 0.169319
vt 0.991407 0.132254
vt 0.986799 0.165685
vt 0.986513 0.135131
vt 0.637111 0.726897
vt 0.781834 0.716149
vt 0.935954 0.426325
vt 0.943644 0.425249
vt 0.938841 0.444900
vt 0.948632 0.364157
vt 0.991664 0.115379
vt 0.995386 0.119882
vt 0.994834 0.133641
vt 0.974854 0.092700
vt 0.985822 0.099801
vt 0.982889 0.083003
vt 0.989599 0.097615
vt 0.054736 0.005864
vt 0.067672 0.006450
vt 0.044219 0.014350
vt 0.655039 0.715237
vt 0.739341 0.739762
vt 0.942235 0.454942
vt 0.947991 0.403301
vt 0.954196 0.400473
vt 0.948594 0.418078
vt 0.943350 0.398480
vt 0.958624 0.388604
vt 0.961103 0.366962
vt 0.963682 0.351957
vt 0.986674 0.181562
vt 0.007139 0.079796
vt 0.010250 0.069312
vt 0.995304 0.107955
vt 0.024377 0.034207
vt 0.018765 0.047394
vt 0.017259 0.044912
vt 0.647123 0.746582
vt 0.690558 0.741749
vt 0.697753 0.748119
vt 0.940285 0.477800
vt 0.936404 0.478860
vt 0.943306 0.475031
vt 0.946733 0.445996
vt 0.949690 0.427980
vt 0.951824 0.415503
vt 0.982060 0.074823
vt 0.660869 0.745470
vt 0.771735 0.755073
vt 0.735873 0.777911
vt 0.799608 0.749289
vt 0.784600 0.752780
vt 0.652971 0.765612
vt 0.662815 0.730461
vt 0.689169 0.760516
vt 0.670694 0.763833
vt 0.689160 0.748106
vt 0.706275 0.761994
vt 0.640739 0.755590
vt 0.754024 0.787472
vt 0.715663 0.791839
vt 0.735236 0.788985
vt 0.787138 0.815347
vt 0.033428 0.515337
vt 0.029634 0.540468
vt 0.030785 0.516785
vt 0.669612 0.774008
vt 0.695904 0.785926
vt 0.736666 0.784426
vt 0.805852 0.815763
vt 0.031884 0.546338
vt 0.777009 0.811889
vt 0.724638 0.818605
vt 0.728153 0.799898
vt 0.766809 0.838984
vt 0.750101 0.814590
vt 0.756362 0.807415
vt 0.757021 0.801185
vt 0.767289 0.822636
vt 0.753931 0.837320
vt 0.740769 0.833757
vt 0.776081 0.847133
vt 0.784190 0.855038
vt 0.789886 0.837390
vt 0.815483 0.827709
vt 0.810824 0.798003
vt 0.887201 0.298369
vt 0.960930 0.759195
vt 0.953731 0.749782
vt 0.966773 0.808907
vt 0.967402 0.792447
vt 0.062087 0.273624
vt 0.724505 0.131733
vt 0.696078 0.132929
vt 0.731125 0.123650
vt 0.568631 0.777886
vt 0.573331 0.747456
vt 0.579569 0.766826
vt 0.040360 0.526651
vt 0.047608 0.524253
vt 0.037940 0.551075
vt 0.694648 0.138487
vt 0.672642 0.137088
vt 0.039243 0.065639
vt 0.632079 0.588296
vt 0.588607 0.496701
vt 0.600307 0.502288
vt 0.543904 0.235826
vt 0.964603 0.778028
vt 0.555724 0.288854
vt 0.831793 0.323917
vt 0.213548 0.877845
vt 0.794335 0.629476
vt 0.805718 0.658622
vt 0.787507 0.661065
vt 0.267763 0.861433
vt 0.266587 0.178066
vt 0.229183 0.166690
vt 0.231119 0.160372
vt 0.945419 0.049781
vt 0.844880 0.860630
vt 0.991158 0.097696
vt 0.977193 0.169331
vt 0.980718 0.148216
vt 0.762358 0.114378
vt 0.779700 0.115108
vt 0.783785 0.126615
vt 0.981219 0.130550
vt 0.954390 0.822741
vt 0.827149 0.092331
vt 0.803577 0.099613
vt 0.824200 0.090237
vt 0.861465 0.090579
vt 0.846245 0.088901
vt 0.818705 0.100172
vt 0.805450 0.104941
vt 0.875627 0.096956
vt 0.780616 0.108282
vt 0.807962 0.111084
vt 0.855734 0.123813
vt 0.932740 0.115456
vt 0.862960 0.142458
vt 0.941149 0.127393
vt 0.953971 0.120012
vt 0.954558 0.132197
vt 0.942605 0.121007
vt 0.834901 0.157030
vt 0.898479 0.138557
vt 0.917424 0.129190
vt 0.529518 0.686572
vt 0.982244 0.112880
vt 0.971839 0.167633
vt 0.871713 0.146208
vt 0.981401 0.119317
vt 0.918077 0.144762
vt 0.974400 0.194353
vt 0.871330 0.151795
vt 0.845077 0.158730
vt 0.845370 0.165485
vt 0.834551 0.165861
vt 0.823083 0.172478
vt 0.934099 0.200520
vt 0.949753 0.289174
vt 0.893463 0.199530
vt 0.852234 0.204095
vt 0.829621 0.183931
vt 0.824492 0.219802
vt 0.939876 0.243080
vt 0.841211 0.242451
vt 0.854810 0.280671
vt 0.915071 0.253127
vt 0.863100 0.327891
vt 0.258596 0.115894
vt 0.262635 0.101379
vt 0.291773 0.113650
vt 0.285973 0.103656
vt 0.289488 0.107297
vt 0.269730 0.097284
vt 0.535345 0.641316
vt 0.540010 0.651790
vt 0.383880 0.699974
vt 0.396250 0.669855
vt 0.400288 0.680742
vt 0.367536 0.750644
vt 0.385909 0.747631
vt 0.355352 0.790195
vt 0.548781 0.739371
vt 0.547585 0.768609
vt 0.032648 0.383173
vt 0.318932 0.830587
vt 0.348870 0.833968
vt 0.784158 0.860624
vt 0.775212 0.853716
vt 0.360318 0.841558
vt 0.338846 0.845119
vt 0.466629 0.112198
vt 0.587167 0.927308
vt 0.579501 0.908729
vt 0.605947 0.945737
vt 0.623865 0.914570
vt 0.637806 0.932282
vt 0.630928 0.914891
vt 0.847970 0.487100
vt 0.815849 0.493136
vt 0.900065 0.508373
vt 0.877514 0.503496
vt 0.929979 0.469320
vt 0.794078 0.520707
vt 0.848699 0.524369
vt 0.786449 0.548510
vt 0.801843 0.567049
vt 0.826524 0.560265
vt 0.918905 0.545760
vt 0.857517 0.574344
vt 0.925529 0.568265
vt 0.893808 0.623865
vt 0.826979 0.617139
vt 0.929573 0.589765
vt 0.819149 0.641617
vt 0.931386 0.616784
vt 0.934296 0.618906
vt 0.854786 0.629464
vt 0.926918 0.621210
vt 0.931878 0.638385
vt 0.918128 0.641599
vt 0.851653 0.662304
vt 0.885442 0.658822
vt 0.934241 0.647665
vt 0.935645 0.668698
vt 0.931824 0.648366
vt 0.786988 0.693066
vt 0.799325 0.688124
vt 0.829658 0.682948
vt 0.815023 0.687142
vt 0.926052 0.657347
vt 0.805779 0.721354
vt 0.932417 0.671255
vt 0.868962 0.683889
vt 0.820912 0.718974
vt 0.923777 0.682670
vt 0.936120 0.686746
vt 0.843558 0.709047
vt 0.935227 0.704767
vt 0.888515 0.705847
vt 0.839523 0.730673
vt 0.827983 0.786403
vt 0.840859 0.766690
vt 0.887514 0.736486
vt 0.945932 0.747759
vt 0.943497 0.731835
vt 0.941939 0.706734
vt 0.938992 0.691161
vt 0.824056 0.821421
vt 0.850823 0.795698
vt 0.897922 0.779611
vt 0.927647 0.757129
vt 0.851769 0.853844
vt 0.857755 0.835684
vt 0.856420 0.852030
vt 0.877154 0.845344
vt 0.864161 0.853316
vt 0.866334 0.845299
vt 0.872942 0.834215
vt 0.879666 0.849516
vt 0.876344 0.861682
vt 0.928391 0.803754
vt 0.534680 0.653721
vt 0.886728 0.840614
vt 0.898317 0.841829
vt 0.899324 0.813430
vt 0.943823 0.794802
vt 0.535423 0.666358
vt 0.531234 0.658513
vt 0.899182 0.835481
vt 0.903965 0.824878
vt 0.918481 0.828314
vt 0.952104 0.790743
vt 0.957272 0.807972
vt 0.404099 0.245362
vt 0.400154 0.243320
vt 0.929729 0.816979
vt 0.930478 0.821503
vt 0.943009 0.821889
vt 0.941735 0.808527
vt 0.946672 0.824559
vt 0.938440 0.825844
vt 0.403847 0.098424
vt 0.412003 0.099052
vt 0.920419 0.832224
vt 0.614861 0.958870
vt 0.625122 0.955309
vt 0.648869 0.933282
vt 0.636537 0.917255
vt 0.620192 0.902470
vt 0.570443 0.905682
vt 0.481960 0.123507
vt 0.612204 0.892402
vt 0.611244 0.887552
vt 0.601764 0.888440
vt 0.954664 0.831608
vt 0.481964 0.119872
vt 0.658271 0.945163
vt 0.594530 0.872089
vt 0.564630 0.883445
vt 0.404983 0.104156
vt 0.394369 0.105846
vt 0.395750 0.094479
vt 0.397001 0.105247
vt 0.162693 0.050682
vt 0.172687 0.054256
vt 0.175334 0.059127
vt 0.597224 0.870632
vt 0.504806 0.130633
vt 0.501016 0.124294
vt 0.638347 0.971794
vt 0.655285 0.936964
vt 0.584642 0.868089
vt 0.587209 0.865849
vt 0.575231 0.733263
vt 0.298271 0.879593
vt 0.672198 0.960888
vt 0.667854 0.952252
vt 0.665255 0.946401
vt 0.673890 0.957990
vt 0.383536 0.130297
vt 0.391379 0.110148
vt 0.384925 0.109461
vt 0.311089 0.885881
vt 0.305911 0.884763
vt 0.313379 0.880424
vt 0.295973 0.885244
vt 0.289868 0.894558
vt 0.280745 0.894824
vt 0.516788 0.132952
vt 0.524013 0.147036
vt 0.666797 0.977014
vt 0.664438 0.982524
vt 0.383800 0.095389
vt 0.377081 0.090905
vt 0.399752 0.108255
vt 0.558976 0.826157
vt 0.329524 0.876613
vt 0.318610 0.867476
vt 0.376423 0.092348
vt 0.377270 0.105001
vt 0.380895 0.146327
vt 0.563738 0.726236
vt 0.566986 0.729766
vt 0.556547 0.735239
vt 0.342504 0.856669
vt 0.323625 0.856773
vt 0.796021 0.871800
vt 0.786463 0.862626
vt 0.348141 0.870156
vt 0.678644 0.978812
vt 0.678068 0.972035
vt 0.675509 0.965739
vt 0.676665 0.962207
vt 0.633718 0.172990
vt 0.643118 0.153214
vt 0.639580 0.887958
vt 0.632336 0.893479
vt 0.615869 0.865996
vt 0.370268 0.103399
vt 0.367448 0.127592
vt 0.458683 0.678855
vt 0.468172 0.697039
vt 0.455157 0.678467
vt 0.466583 0.686519
vt 0.403885 0.752551
vt 0.419332 0.714286
vt 0.413315 0.733141
vt 0.359293 0.844508
vt 0.615311 0.876062
vt 0.632270 0.869864
vt 0.613566 0.856081
vt 0.622214 0.850330
vt 0.605035 0.209419
vt 0.600562 0.204362
vt 0.610865 0.202440
vt 0.368568 0.134873
vt 0.613434 0.842331
vt 0.599762 0.854028
vt 0.552997 0.727858
vt 0.542253 0.720390
vt 0.565506 0.794627
vt 0.558033 0.798628
vt 0.395180 0.756758
vt 0.410143 0.703330
vt 0.392768 0.774869
vt 0.383155 0.783376
vt 0.381340 0.794381
vt 0.376608 0.802825
vt 0.373283 0.800793
vt 0.353426 0.808539
vt 0.342155 0.822742
vt 0.638458 0.872939
vt 0.624507 0.831645
vt 0.608707 0.193658
vt 0.479577 0.697660
vt 0.371867 0.173695
vt 0.369640 0.170802
vt 0.377633 0.161084
vt 0.532916 0.734915
vt 0.424382 0.697568
vt 0.439004 0.686193
vt 0.440004 0.671315
vt 0.421616 0.716689
vt 0.430645 0.700066
vt 0.366683 0.786594
vt 0.321623 0.845345
vt 0.307933 0.852371
vt 0.156420 0.354979
vt 0.648472 0.898732
vt 0.651276 0.892237
vt 0.667040 0.889409
vt 0.632833 0.827783
vt 0.615642 0.833556
vt 0.535052 0.758317
vt 0.392853 0.717716
vt 0.327396 0.834220
vt 0.011860 0.145626
vt 0.702828 0.980108
vt 0.710885 0.978777
vt 0.711875 0.989537
vt 0.669175 0.911332
vt 0.684855 0.926974
vt 0.682656 0.941768
vt 0.678094 0.912659
vt 0.662372 0.895638
vt 0.657493 0.903307
vt 0.661772 0.860254
vt 0.528547 0.718863
vt 0.536763 0.724926
vt 0.516537 0.713570
vt 0.465254 0.650536
vt 0.472315 0.647790
vt 0.468557 0.652616
vt 0.452320 0.660176
vt 0.445616 0.677263
vt 0.429412 0.664423
vt 0.335390 0.819744
vt 0.286477 0.844834
vt 0.215775 0.883993
vt 0.190391 0.885637
vt 0.722469 0.983593
vt 0.704924 0.970248
vt 0.655051 0.807302
vt 0.639324 0.818804
vt 0.469473 0.709216
vt 0.481185 0.724414
vt 0.496819 0.724208
vt 0.438317 0.091213
vt 0.440651 0.097177
vt 0.434565 0.095450
vt 0.457365 0.086821
vt 0.467255 0.099132
vt 0.466940 0.636757
vt 0.446401 0.647503
vt 0.536116 0.674390
vt 0.183141 0.874481
vt 0.177131 0.882120
vt 0.728269 0.960322
vt 0.710252 0.960941
vt 0.709598 0.952851
vt 0.691760 0.958285
vt 0.705650 0.944555
vt 0.694392 0.968602
vt 0.691132 0.945736
vt 0.700976 0.933740
vt 0.685504 0.888984
vt 0.504134 0.251124
vt 0.604074 0.135618
vt 0.602353 0.118369
vt 0.610971 0.131948
vt 0.492319 0.706838
vt 0.505982 0.712926
vt 0.345963 0.769248
vt 0.265095 0.828470
vt 0.728053 0.935932
vt 0.604740 0.161206
vt 0.609229 0.171640
vt 0.609000 0.150973
vt 0.429289 0.074129
vt 0.414932 0.648536
vt 0.387575 0.641198
vt 0.388051 0.677735
vt 0.316086 0.818321
vt 0.304410 0.763355
vt 0.323896 0.800293
vt 0.167357 0.878181
vt 0.158895 0.875978
vt 0.732886 0.943623
vt 0.594711 0.116395
vt 0.483101 0.087143
vt 0.509069 0.094844
vt 0.483501 0.102000
vt 0.426220 0.037490
vt 0.443943 0.043411
vt 0.408891 0.030534
vt 0.525121 0.780784
vt 0.344417 0.757844
vt 0.350754 0.700507
vt 0.354583 0.761608
vt 0.334318 0.784797
vt 0.322963 0.742826
vt 0.315559 0.763365
vt 0.261844 0.776437
vt 0.241740 0.789275
vt 0.177037 0.786123
vt 0.157180 0.848399
vt 0.702761 0.856856
vt 0.614522 0.144875
vt 0.618500 0.127624
vt 0.496416 0.767473
vt 0.490493 0.747206
vt 0.497081 0.742875
vt 0.484176 0.076558
vt 0.468589 0.083788
vt 0.473855 0.054464
vt 0.415500 0.025915
vt 0.677801 0.807674
vt 0.615336 0.112274
vt 0.491123 0.778635
vt 0.490569 0.762127
vt 0.530577 0.105351
vt 0.514126 0.102922
vt 0.535497 0.103210
vt 0.474234 0.066646
vt 0.327186 0.697826
vt 0.152170 0.872927
vt 0.142594 0.823376
vt 0.760250 0.910837
vt 0.721647 0.850929
vt 0.695332 0.817732
vt 0.688688 0.807726
vt 0.600491 0.102882
vt 0.619567 0.102432
vt 0.622559 0.117866
vt 0.559556 0.102562
vt 0.490967 0.079419
vt 0.515221 0.083926
vt 0.398121 0.589438
vt 0.394007 0.604150
vt 0.385495 0.584880
vt 0.372094 0.612543
vt 0.346203 0.671525
vt 0.282130 0.775355
vt 0.706987 0.826128
vt 0.734476 0.853620
vt 0.583934 0.098629
vt 0.592546 0.105159
vt 0.548429 0.092368
vt 0.578544 0.094704
vt 0.481780 0.049294
vt 0.449054 0.039922
vt 0.462220 0.042209
vt 0.388457 0.553890
vt 0.396933 0.569538
vt 0.148241 0.800946
vt 0.735550 0.873789
vt 0.648497 0.111859
vt 0.595573 0.093896
vt 0.574584 0.086037
vt 0.607481 0.084365
vt 0.536921 0.057864
vt 0.505650 0.048236
vt 0.338822 0.623968
vt 0.292917 0.766772
vt 0.761375 0.900067
vt 0.750163 0.876903
vt 0.780458 0.891080
vt 0.779863 0.899179
vt 0.657537 0.095598
vt 0.620696 0.095387
vt 0.627226 0.088582
vt 0.567124 0.548522
vt 0.571561 0.558716
vt 0.568594 0.560614
vt 0.303366 0.701655
vt 0.220618 0.777324
vt 0.774470 0.905771
vt 0.775516 0.913011
vt 0.770259 0.875377
vt 0.722645 0.837747
vt 0.735399 0.840297
vt 0.591789 0.076394
vt 0.538150 0.046786
vt 0.328740 0.657933
vt 0.665479 0.084874
vt 0.610740 0.059312
vt 0.555875 0.069871
vt 0.570798 0.056340
vt 0.364191 0.582484
vt 0.375050 0.543063
vt 0.281713 0.729912
vt 0.268427 0.754769
vt 0.238056 0.746477
vt 0.070891 0.014469
vt 0.053349 0.013287
vt 0.087581 0.007280
vt 0.078108 0.003708
vt 0.085955 0.003770
vt 0.795413 0.891309
vt 0.784224 0.063291
vt 0.734295 0.081534
vt 0.743600 0.071771
vt 0.725388 0.087684
vt 0.678192 0.058697
vt 0.372785 0.516714
vt 0.379802 0.513982
vt 0.347863 0.562144
vt 0.300337 0.677411
vt 0.279480 0.700918
vt 0.009313 0.689454
vt 0.019183 0.678942
vt 0.018307 0.691227
vt 0.005937 0.681996
vt 0.015013 0.671831
vt 0.060029 0.020838
vt 0.039489 0.024560
vt 0.096363 0.008122
vt 0.113409 0.025604
vt 0.844536 0.007971
vt 0.873172 0.032986
vt 0.840473 0.010821
vt 0.352293 0.141396
vt 0.347853 0.127652
vt 0.356998 0.137485
vt 0.866255 0.034667
vt 0.870850 0.044873
vt 0.709853 0.070518
vt 0.567320 0.049556
vt 0.311417 0.645778
vt 0.262510 0.729319
vt 0.202372 0.759008
vt 0.113670 0.033885
vt 0.085890 0.026356
vt 0.118748 0.024628
vt 0.886223 0.062329
vt 0.862348 0.073503
vt 0.876188 0.065373
vt 0.331208 0.128041
vt 0.311821 0.120879
vt 0.330599 0.122508
vt 0.333876 0.136010
vt 0.340811 0.146642
vt 0.648665 0.142397
vt 0.635526 0.149423
vt 0.359608 0.151598
vt 0.630534 0.168011
vt 0.597529 0.253259
vt 0.599634 0.248767
vt 0.606659 0.244243
vt 0.595833 0.249008
vt 0.803591 0.882779
vt 0.664955 0.048474
vt 0.324765 0.600776
vt 0.231122 0.718720
vt 0.170188 0.770132
vt 0.040793 0.694109
vt 0.050026 0.679352
vt 0.032422 0.052674
vt 0.866115 0.068755
vt 0.150711 0.049279
vt 0.850162 0.081081
vt 0.842472 0.080221
vt 0.756247 0.111337
vt 0.743937 0.114008
vt 0.761824 0.106528
vt 0.318511 0.118163
vt 0.362787 0.145715
vt 0.857622 0.056356
vt 0.844923 0.055290
vt 0.853384 0.059899
vt 0.622355 0.186496
vt 0.625404 0.190744
vt 0.615534 0.214194
vt 0.618728 0.214849
vt 0.603313 0.245698
vt 0.611637 0.234010
vt 0.816710 0.874301
vt 0.814854 0.872120
vt 0.759665 0.078304
vt 0.792246 0.068366
vt 0.361217 0.462578
vt 0.366283 0.458855
vt 0.362601 0.486294
vt 0.503125 0.261321
vt 0.276547 0.668775
vt 0.258700 0.701249
vt 0.054278 0.059354
vt 0.849891 0.076192
vt 0.146993 0.063009
vt 0.165826 0.063203
vt 0.224585 0.077774
vt 0.219177 0.080798
vt 0.200860 0.068379
vt 0.246700 0.086336
vt 0.740163 0.111200
vt 0.724276 0.117661
vt 0.307038 0.126517
vt 0.533457 0.849202
vt 0.350627 0.151395
vt 0.838220 0.045541
vt 0.815890 0.052516
vt 0.816168 0.062336
vt 0.608712 0.232074
vt 0.731807 0.044601
vt 0.358268 0.407181
vt 0.345371 0.346191
vt 0.356286 0.354983
vt 0.644538 0.040141
vt 0.597120 0.043935
vt 0.343703 0.496303
vt 0.296194 0.622119
vt 0.085899 0.671579
vt 0.086246 0.694068
vt 0.034321 0.649312
vt 0.026378 0.648867
vt 0.022566 0.645369
vt 0.103107 0.061340
vt 0.203879 0.080195
vt 0.230485 0.103859
vt 0.205677 0.095129
vt 0.347794 0.192836
vt 0.337808 0.182637
vt 0.341440 0.198803
vt 0.332572 0.192870
vt 0.770736 0.038860
vt 0.777412 0.049708
vt 0.679027 0.038255
vt 0.350319 0.398922
vt 0.341372 0.462137
vt 0.357500 0.433491
vt 0.320768 0.536850
vt 0.203634 0.728399
vt 0.092612 0.080901
vt 0.182967 0.077610
vt 0.178435 0.090328
vt 0.272574 0.144216
vt 0.808972 0.035835
vt 0.286116 0.651521
vt 0.113162 0.277963
vt 0.069858 0.080802
vt 0.151892 0.091199
vt 0.830523 0.018086
vt 0.328002 0.430365
vt 0.300333 0.577202
vt 0.259276 0.668649
vt 0.238537 0.685856
vt 0.211362 0.706715
vt 0.026746 0.630452
vt 0.201277 0.138711
vt 0.241364 0.143027
vt 0.216877 0.146236
vt 0.245225 0.157040
vt 0.271386 0.170820
vt 0.347903 0.204660
vt 0.742334 0.030380
vt 0.700259 0.031237
vt 0.362415 0.412768
vt 0.360677 0.378590
vt 0.309240 0.491051
vt 0.278991 0.620618
vt 0.216052 0.686295
vt 0.037520 0.631102
vt 0.089470 0.099821
vt 0.061638 0.092727
vt 0.114252 0.107446
vt 0.184393 0.135356
vt 0.802741 0.014144
vt 0.300065 0.402546
vt 0.307749 0.451476
vt 0.282859 0.579569
vt 0.261839 0.632493
vt 0.112486 0.665811
vt 0.093113 0.633753
vt 0.130845 0.644661
vt 0.145641 0.117687
vt 0.164065 0.128073
vt 0.292866 0.192703
vt 0.325913 0.208376
vt 0.332737 0.201809
vt 0.345199 0.243690
vt 0.341313 0.242010
vt 0.344409 0.302850
vt 0.758761 0.024074
vt 0.331870 0.288716
vt 0.320515 0.363201
vt 0.039948 0.606493
vt 0.078609 0.106873
vt 0.298300 0.242578
vt 0.329126 0.327256
vt 0.278749 0.519422
vt 0.246618 0.647383
vt 0.226798 0.654275
vt 0.079561 0.596657
vt 0.029803 0.607539
vt 0.174692 0.139345
vt 0.153140 0.132719
vt 0.937726 0.812067
vt 0.931196 0.811808
vt 0.132601 0.620884
vt 0.147360 0.628508
vt 0.109132 0.615735
vt 0.034352 0.580210
vt 0.085513 0.124342
vt 0.117270 0.122560
vt 0.194727 0.146153
vt 0.166401 0.145096
vt 0.246234 0.214694
vt 0.272601 0.188105
vt 0.266756 0.547807
vt 0.047783 0.586403
vt 0.129884 0.145220
vt 0.188001 0.149915
vt 0.183278 0.161140
vt 0.148562 0.138382
vt 0.224168 0.173790
vt 0.208410 0.158193
vt 0.263009 0.461050
vt 0.246251 0.590667
vt 0.152216 0.180225
vt 0.164359 0.198211
vt 0.244328 0.179397
vt 0.278614 0.382069
vt 0.288529 0.336926
vt 0.265263 0.417995
vt 0.262216 0.494444
vt 0.248057 0.556738
vt 0.230467 0.613188
vt 0.040697 0.576331
vt 0.133697 0.204253
vt 0.197054 0.162203
vt 0.187809 0.195418
vt 0.209817 0.192173
vt 0.255900 0.280228
vt 0.286761 0.303527
vt 0.241109 0.523181
vt 0.214396 0.630163
vt 0.154517 0.596302
vt 0.151953 0.610117
vt 0.129875 0.572824
vt 0.260894 0.357246
vt 0.034154 0.548634
vt 0.176996 0.205655
vt 0.195973 0.225658
vt 0.220921 0.253482
vt 0.237554 0.255140
vt 0.224165 0.545838
vt 0.152510 0.579583
vt 0.169175 0.586904
vt 0.238239 0.476101
vt 0.087384 0.534536
vt 0.208322 0.253742
vt 0.259875 0.317051
vt 0.246730 0.390970
vt 0.230515 0.442169
vt 0.226992 0.518192
vt 0.219661 0.564470
vt 0.168963 0.551279
vt 0.189697 0.541759
vt 0.162983 0.251112
vt 0.181128 0.240833
vt 0.231624 0.304955
vt 0.244573 0.337205
vt 0.230147 0.397979
vt 0.203735 0.525210
vt 0.198996 0.485043
vt 0.135912 0.537062
vt 0.202024 0.284714
vt 0.218450 0.490447
vt 0.185174 0.486298
vt 0.121866 0.517168
vt 0.225650 0.358215
vt 0.212284 0.441032
vt 0.038220 0.514964
vt 0.047333 0.496587
vt 0.035553 0.490117
vt 0.041917 0.485777
vt 0.135715 0.246868
vt 0.184484 0.313630
vt 0.212185 0.335263
vt 0.209875 0.398624
vt 0.163682 0.496300
vt 0.198126 0.315786
vt 0.133322 0.489266
vt 0.147618 0.280237
vt 0.168535 0.321531
vt 0.195970 0.410079
vt 0.183293 0.435489
vt 0.043097 0.447141
vt 0.189688 0.370572
vt 0.168457 0.444162
vt 0.150891 0.458396
vt 0.038630 0.415392
vt 0.032331 0.443717
vt 0.172828 0.375870
vt 0.033150 0.413091
vt 0.026693 0.372349
vt 0.026221 0.387234
vt 0.028518 0.321298
vt 0.032099 0.468632
vt 0.029717 0.558022
vt 0.217557 0.891815
vt 0.266292 0.891150
vt 0.945286 0.707430
vt 0.935707 0.580305
vt 0.028799 0.477401
vt 0.026927 0.464375
vt 0.989911 0.158521
vt 0.027818 0.033494
vt 0.831277 0.085105
vt 0.779164 0.105172
vt 0.594473 0.270068
vt 0.808867 0.888763
vt 0.307027 0.113544
vt 0.703346 0.126496
vt 0.714294 0.121671
vt 0.784007 0.101208
vt 0.007780 0.093555
vt 0.009894 0.127294
vt 0.016799 0.212485
vt 0.462195 0.100539
vt 0.579427 0.611234
vt 0.573253 0.585948
vt 0.592497 0.669872
vt 0.609057 0.716950
vt 0.544491 0.213852
vt 0.599781 0.740326
vt 0.647782 0.468037
vt 0.670624 0.477782
vt 0.583471 0.747870
vt 0.453902 0.120170
vt 0.960410 0.751261
vt 0.019462 0.360478
vt 0.017952 0.341335
vt 0.021734 0.350347
vt 0.018369 0.322712
vt 0.843795 0.084821
vt 0.767744 0.928813
vt 0.596180 0.757356
vt 0.577058 0.775208
vt 0.585544 0.756861
vt 0.362299 0.178523
vt 0.626602 0.903728
vt 0.517958 0.570667
vt 0.525905 0.583081
vt 0.410889 0.247920
vt 0.599631 0.348939
vt 0.550499 0.620322
vt 0.593612 0.433585
vt 0.547413 0.650894
vt 0.545531 0.656752
vt 0.559412 0.647450
vt 0.389214 0.223731
vt 0.385047 0.232754
vt 0.605895 0.540017
vt 0.498433 0.825840
vt 0.677747 0.729187
vt 0.904786 0.818952
vt 0.351975 0.292873
vt 0.945421 0.813096
vt 0.603847 0.187170
vt 0.413402 0.060813
vt 0.489931 0.740539
vt 0.401402 0.610194
vt 0.400258 0.619219
vt 0.400466 0.634013
vt 0.396823 0.636038
vt 0.405753 0.018462
vt 0.628853 0.118581
vt 0.496176 0.044181
vt 0.353770 0.322489
vt 0.853085 0.886328
vt 0.854146 0.895347
vt 0.860357 0.887820
vt 0.646064 0.322346
vt 0.635204 0.327148
vt 0.600983 0.302767
vt 0.869694 0.944598
vt 0.864288 0.946517
vt 0.647712 0.313203
vt 0.642383 0.318875
vt 0.879854 0.897222
vt 0.877347 0.911121
vt 0.868017 0.883040
vt 0.884375 0.925476
vt 0.867217 0.923656
vt 0.577251 0.283483
vt 0.582885 0.286980
vt 0.877545 0.941138
vt 0.594025 0.296812
vt 0.047812 0.091643
vt 0.546037 0.239905
vt 0.545185 0.223778
vt 0.787798 0.974349
vt 0.542520 0.180764
vt 0.817150 0.971176
vt 0.810870 0.968342
vt 0.811025 0.964966
vt 0.815680 0.962347
vt 0.812562 0.955473
vt 0.817405 0.961256
vt 0.818535 0.970997
vt 0.820284 0.974938
vt 0.818176 0.978154
vt 0.812899 0.944842
vt 0.813747 0.983467
vt 0.815913 0.980913
vt 0.518662 0.147642
vt 0.527982 0.153529
vt 0.815702 0.929815
vt 0.697595 0.985225
vt 0.692462 0.977838
vt 0.499878 0.527772
vt 0.814745 0.985706
vt 0.810494 0.993083
vt 0.689433 0.985514
vt 0.857063 0.950338
vt 0.570395 0.286522
vt 0.684628 0.963620
vt 0.573115 0.283990
vt 0.846963 0.944981
vt 0.836787 0.937055
vt 0.683245 0.953534
vt 0.843495 0.948015
vt 0.580418 0.310921
vt 0.574337 0.305411
vt 0.675368 0.943337
vt 0.656806 0.915451
vt 0.646145 0.910684
vt 0.604125 0.864732
vt 0.503246 0.707735
vt 0.357862 0.180627
vt 0.358695 0.177544
vt 0.359022 0.176470
vt 0.572155 0.787269
vt 0.630162 0.497234
vt 0.644275 0.496514
vt 0.639620 0.505445
vt 0.645048 0.483274
vt 0.665627 0.490781
vt 0.660084 0.479441
vt 0.680130 0.485740
vt 0.671294 0.493282
vt 0.808458 0.935637
vt 0.615428 0.525672
vt 0.609691 0.525730
vt 0.564609 0.805190
vt 0.656714 0.499798
vt 0.717146 0.996182
vt 0.535288 0.162073
vt 0.572225 0.792418
vt 0.625867 0.513150
vt 0.640432 0.509512
vt 0.622776 0.735841
vt 0.454027 0.666399
vt 0.693823 0.797708
vt 0.677413 0.782630
vt 0.586249 0.648030
vt 0.581764 0.624808
vt 0.726125 0.823285
vt 0.591055 0.667909
vt 0.587289 0.657284
vt 0.493331 0.103201
vt 0.752724 0.839682
vt 0.402012 0.758895
vt 0.705118 0.807243
vt 0.589770 0.264338
vt 0.665047 0.136974
vt 0.678730 0.132363
vt 0.688210 0.130557
vt 0.805324 0.094251
vt 0.819962 0.087436
vt 0.913097 0.050635
vt 0.923927 0.049235
vt 0.932173 0.048431
vt 0.033780 0.022786
vt 0.994658 0.150478
vt 0.986613 0.190659
vt 0.980675 0.232613
vt 0.015371 0.259206
vt 0.018029 0.296495
vt 0.015865 0.281233
vt 0.022173 0.373655
vt 0.023163 0.381468
vt 0.028002 0.407314
vt 0.024833 0.392840
vt 0.027131 0.419662
vt 0.027612 0.448438
vt 0.029592 0.490405
vt 0.031847 0.590391
vt 0.029577 0.585122
vt 0.935998 0.632095
vt 0.939028 0.656906
vt 0.939628 0.679093
vt 0.948600 0.707653
vt 0.952337 0.724970
vt 0.955418 0.736490
vt 0.143394 0.860853
vt 0.138229 0.834993
vt 0.147629 0.872520
vt 0.171472 0.897254
vt 0.173489 0.890932
vt 0.187914 0.896110
vt 0.178303 0.899618
vt 0.919888 0.848298
vt 0.898709 0.856093
vt 0.910470 0.843324
vt 0.899664 0.860371
vt 0.891567 0.853103
vt 0.881664 0.866675
vt 0.293380 0.897331
vt 0.851399 0.860671
vt 0.012057 0.064331
vt 0.971670 0.300443
vt 0.941636 0.672422
vt 0.947108 0.697822
vt 0.010807 0.672395
vt 0.137983 0.822765
vt 0.965651 0.826437
vt 0.928118 0.836518
vt 0.910493 0.856651
vt 0.921004 0.852566
vt 0.978718 0.260286
vt 0.975042 0.277897
vt 0.942205 0.846553
s 0
usemtl _texture
f 3/1/1 4/2/1 20/3/1
f 23/4/2 16/5/2 24/6/2
f 24/6/3 25/7/3 23/4/3
f 26/8/4 34/9/4 32/10/4
f 34/9/5 26/8/5 30/11/5
f 35/12/6 42/13/6 34/9/6
f 36/14/7 37/15/7 28/16/7
f 34/9/8 30/11/8 35/12/8
f 32/10/9 33/17/9 186/18/9
f 186/18/10 26/8/10 32/10/10
f 38/19/11 39/20/11 42/13/11
f 42/13/12 43/21/12 34/9/12
f 39/20/13 38/19/13 44/22/13
f 44/22/14 45/23/14 39/20/14
f 20/3/15 4/2/15 46/24/15
f 41/25/16 40/26/16 34/9/16
f 43/27/17 51/28/17 41/29/17
f 52/30/18 53/31/18 54/32/18
f 55/33/19 56/34/19 43/21/19
f 59/35/20 60/36/20 935/37/20
f 62/38/21 61/39/21 63/40/21
f 68/41/22 69/42/22 70/43/22
f 71/44/23 72/45/23 73/46/23
f 74/47/24 75/48/24 76/49/24
f 41/25/25 34/9/25 43/21/25
f 78/50/26 79/51/26 77/52/26
f 1051/53/27 81/54/27 82/55/27
f 61/39/28 60/36/28 59/35/28
f 59/35/29 63/40/29 61/39/29
f 56/34/30 45/23/30 93/56/30
f 79/57/31 89/58/31 51/28/31
f 77/52/32 52/30/32 78/50/32
f 45/23/33 56/34/33 39/20/33
f 45/23/34 94/59/34 80/60/34
f 80/60/35 135/61/35 45/23/35
f 45/23/36 44/22/36 94/59/36
f 58/62/37 94/63/37 83/64/37
f 58/62/38 83/64/38 96/65/38
f 59/35/39 86/66/39 63/40/39
f 100/67/40 87/68/40 88/69/40
f 86/66/41 87/68/41 101/70/41
f 101/70/42 87/68/42 100/67/42
f 104/71/43 102/72/43 103/73/43
f 104/71/44 105/74/44 106/75/44
f 51/76/45 77/52/45 79/51/45
f 79/51/46 78/50/46 91/77/46
f 107/78/47 108/79/47 109/80/47
f 90/81/48 89/58/48 79/57/48
f 111/82/49 90/81/49 91/83/49
f 54/32/50 112/84/50 113/85/50
f 91/83/51 90/81/51 79/57/51
f 77/52/52 51/76/52 43/86/52
f 54/32/53 110/87/53 78/50/53
f 52/30/54 77/52/54 43/86/54
f 58/62/55 57/88/55 94/63/55
f 96/65/56 116/89/56 58/62/56
f 98/90/57 62/38/57 63/40/57
f 99/91/58 161/92/58 98/90/58
f 63/40/59 86/66/59 99/91/59
f 161/92/60 99/91/60 118/93/60
f 101/70/61 99/91/61 86/66/61
f 100/67/62 88/69/62 119/94/62
f 126/95/63 92/96/63 90/81/63
f 111/97/64 127/98/64 128/99/64
f 129/100/65 130/101/65 131/102/65
f 91/77/66 78/50/66 110/87/66
f 78/50/67 52/30/67 54/32/67
f 110/87/68 114/103/68 111/97/68
f 54/32/69 113/85/69 110/87/69
f 134/104/70 106/105/70 105/106/70
f 53/31/71 52/30/71 56/107/71
f 53/108/72 56/34/72 93/56/72
f 137/109/73 138/110/73 135/61/73
f 58/62/74 95/111/74 57/88/74
f 140/112/75 58/62/75 116/89/75
f 116/89/76 96/65/76 117/113/76
f 142/114/77 60/36/77 61/39/77
f 143/115/78 61/39/78 62/38/78
f 98/90/79 63/40/79 99/91/79
f 118/93/80 101/70/80 144/116/80
f 118/93/81 99/91/81 101/70/81
f 100/67/82 145/117/82 101/70/82
f 29/118/83 409/119/83 666/120/83
f 107/121/84 92/96/84 126/95/84
f 150/122/85 195/123/85 151/124/85
f 168/125/86 128/99/86 130/101/86
f 111/97/87 128/99/87 151/124/87
f 127/98/88 153/126/88 149/127/88
f 111/97/89 114/103/89 127/98/89
f 114/103/90 154/128/90 153/126/90
f 110/87/91 113/85/91 114/103/91
f 111/97/92 91/77/92 110/87/92
f 154/128/93 155/129/93 153/126/93
f 106/75/94 102/72/94 104/71/94
f 115/130/95 156/131/95 157/132/95
f 139/133/96 137/109/96 135/61/96
f 139/134/97 57/88/97 158/135/97
f 57/88/98 80/136/98 94/63/98
f 95/111/99 58/62/99 140/112/99
f 142/114/100 61/39/100 143/115/100
f 165/137/101 147/138/101 146/139/101
f 145/117/102 100/67/102 119/94/102
f 89/58/103 90/81/103 92/96/103
f 122/140/104 92/141/104 109/80/104
f 109/80/105 92/141/105 107/78/105
f 108/79/106 107/78/106 193/142/106
f 195/143/107 107/121/107 126/95/107
f 131/102/108 128/99/108 127/98/108
f 127/98/109 149/127/109 131/102/109
f 114/103/110 153/126/110 127/98/110
f 154/128/111 114/103/111 113/85/111
f 169/144/112 155/129/112 113/85/112
f 170/145/113 171/146/113 169/144/113
f 172/147/114 157/132/114 173/148/114
f 174/149/115 156/131/115 136/150/115
f 135/61/116 80/60/116 139/133/116
f 158/135/117 175/151/117 137/152/117
f 139/134/118 80/136/118 57/88/118
f 158/135/119 57/88/119 204/153/119
f 117/113/120 178/154/120 116/89/120
f 180/155/121 181/156/121 182/157/121
f 161/92/122 118/93/122 183/158/122
f 145/117/123 184/159/123 144/116/123
f 121/160/124 92/141/124 122/140/124
f 162/161/125 187/162/125 121/163/125
f 185/164/126 186/165/126 187/166/126
f 123/167/127 163/168/127 122/140/127
f 125/169/128 148/170/128 192/171/128
f 154/128/129 113/85/129 155/129/129
f 169/144/130 113/85/130 112/84/130
f 173/148/131 157/132/131 156/131/131
f 201/172/132 174/149/132 136/150/132
f 48/173/133 202/174/133 203/175/133
f 201/172/134 136/150/134 138/110/134
f 208/176/135 159/177/135 95/111/135
f 116/89/136 177/178/136 140/112/136
f 178/154/137 177/178/137 116/89/137
f 234/179/138 141/180/138 60/36/138
f 62/38/139 98/90/139 161/92/139
f 145/117/140 209/181/140 184/159/140
f 47/182/141 216/183/141 48/173/141
f 162/184/142 121/160/142 122/140/142
f 163/168/143 162/184/143 122/140/143
f 186/165/144 185/164/144 163/168/144
f 240/185/145 46/24/145 179/186/145
f 125/169/146 191/187/146 164/188/146
f 548/189/147 167/190/147 211/191/147
f 150/122/148 168/125/148 213/192/148
f 130/101/149 214/193/149 215/194/149
f 130/101/150 128/99/150 131/102/150
f 218/195/151 219/196/151 220/197/151
f 219/196/152 221/198/152 220/197/152
f 171/146/153 155/129/153 169/144/153
f 222/199/154 171/146/154 170/145/154
f 198/200/155 223/201/155 170/145/155
f 170/145/156 169/144/156 198/200/156
f 198/200/157 199/202/157 224/203/157
f 224/203/158 226/204/158 198/200/158
f 49/205/159 200/206/159 48/173/159
f 201/172/160 229/207/160 174/149/160
f 176/208/161 175/151/161 158/135/161
f 159/177/162 208/176/162 297/209/162
f 962/210/163 1000/211/163 232/212/163
f 235/213/164 142/114/164 143/115/164
f 27/214/165 28/16/165 236/215/165
f 162/184/166 185/164/166 187/166/166
f 185/164/167 162/184/167 163/168/167
f 186/165/168 163/168/168 188/216/168
f 188/216/169 163/168/169 210/217/169
f 146/139/170 147/138/170 210/217/170
f 146/139/171 123/167/171 109/80/171
f 164/188/172 183/158/172 165/137/172
f 165/137/173 183/158/173 147/138/173
f 239/218/174 191/187/174 125/169/174
f 239/218/175 125/169/175 192/171/175
f 240/185/176 179/186/176 241/219/176
f 989/220/177 31/221/177 279/222/177
f 242/223/178 289/224/178 168/125/178
f 243/225/179 214/193/179 130/101/179
f 243/225/180 129/100/180 245/226/180
f 169/144/181 112/84/181 198/200/181
f 240/185/182 241/219/182 247/227/182
f 226/228/183 224/229/183 225/230/183
f 97/231/184 50/232/184 249/233/184
f 173/148/185 229/207/185 250/234/185
f 173/148/186 156/131/186 174/149/186
f 252/235/187 207/236/187 297/209/187
f 247/227/188 241/219/188 253/237/188
f 253/237/189 241/219/189 254/238/189
f 208/176/190 95/111/190 140/112/190
f 177/178/191 255/239/191 140/112/191
f 234/179/192 60/36/192 142/114/192
f 191/187/193 143/115/193 62/38/193
f 256/240/194 187/166/194 238/241/194
f 187/166/195 186/165/195 238/241/195
f 238/241/196 237/242/196 257/243/196
f 210/217/197 209/181/197 188/216/197
f 209/181/198 210/217/198 184/159/198
f 143/115/199 191/187/199 239/218/199
f 260/244/200 261/245/200 259/246/200
f 242/223/201 168/125/201 130/101/201
f 215/194/202 242/223/202 130/101/202
f 82/55/203 81/54/203 167/190/203
f 223/201/204 265/247/204 222/199/204
f 222/199/205 170/145/205 223/201/205
f 267/248/206 240/185/206 247/227/206
f 226/204/207 257/243/207 237/242/207
f 248/249/208 198/200/208 226/204/208
f 237/242/209 271/250/209 226/204/209
f 250/234/210 172/147/210 173/148/210
f 173/148/211 174/149/211 229/207/211
f 273/251/212 175/151/212 263/252/212
f 263/252/213 274/253/213 275/254/213
f 276/255/214 176/208/214 277/256/214
f 277/256/215 176/208/215 207/236/215
f 207/236/216 206/257/216 297/209/216
f 280/258/217 208/176/217 140/112/217
f 547/259/218 281/260/218 286/261/218
f 257/243/219 256/240/219 238/241/219
f 167/190/220 81/54/220 285/262/220
f 267/248/221 247/227/221 253/237/221
f 148/170/222 194/263/222 192/171/222
f 213/192/223 168/125/223 289/224/223
f 130/101/224 129/100/224 243/225/224
f 245/226/225 263/252/225 244/264/225
f 244/264/226 214/193/226 245/226/226
f 291/265/227 292/266/227 37/15/227
f 275/254/228 274/253/228 202/174/228
f 275/254/229 202/174/229 216/183/229
f 274/253/230 276/255/230 227/267/230
f 274/253/231 175/151/231 276/255/231
f 228/268/232 227/267/232 276/255/232
f 318/269/233 207/236/233 252/235/233
f 255/239/234 177/178/234 300/270/234
f 302/271/235 267/248/235 253/237/235
f 192/171/236 324/272/236 258/273/236
f 324/272/237 192/171/237 194/263/237
f 244/264/238 305/274/238 214/193/238
f 275/254/239 244/264/239 263/252/239
f 217/275/240 274/253/240 227/267/240
f 228/268/241 276/255/241 344/276/241
f 277/256/242 207/236/242 318/269/242
f 283/277/243 234/179/243 142/114/243
f 239/218/244 192/171/244 258/273/244
f 324/272/245 322/278/245 258/273/245
f 316/279/246 249/233/246 22/280/246
f 326/281/247 213/192/247 289/224/247
f 242/223/248 215/194/248 304/282/248
f 304/282/249 215/194/249 305/274/249
f 275/254/250 216/183/250 365/283/250
f 330/284/251 678/285/251 329/286/251
f 340/287/252 342/288/252 341/289/252
f 559/290/253 611/291/253 343/292/253
f 346/293/254 347/294/254 348/295/254
f 255/239/255 300/270/255 350/296/255
f 351/297/256 239/218/256 258/273/256
f 152/298/257 326/281/257 289/224/257
f 152/298/258 289/224/258 304/282/258
f 356/299/259 298/300/259 325/301/259
f 244/264/260 363/302/260 305/274/260
f 276/255/261 317/303/261 344/276/261
f 348/295/262 350/296/262 346/293/262
f 379/304/263 205/305/263 349/306/263
f 280/258/264 255/239/264 205/305/264
f 142/114/265 402/307/265 283/277/265
f 381/308/266 321/309/266 283/277/266
f 142/114/267 235/213/267 402/307/267
f 360/310/268 18/311/268 584/312/268
f 259/246/269 290/313/269 1002/314/269
f 13/315/270 373/316/270 374/317/270
f 371/318/271 365/283/271 216/183/271
f 344/276/272 200/206/272 49/205/272
f 413/319/273 277/256/273 318/269/273
f 252/235/274 359/320/274 358/321/274
f 205/305/255 255/239/255 350/296/255
f 380/322/275 381/308/275 382/323/275
f 383/324/276 402/307/276 235/213/276
f 384/325/277 717/326/277 385/327/277
f 387/328/278 267/248/278 302/271/278
f 213/329/279 288/330/279 407/331/279
f 388/332/280 326/281/280 152/298/280
f 388/332/281 152/298/281 389/333/281
f 390/334/282 388/332/282 389/333/282
f 352/335/283 363/302/283 244/264/283
f 365/283/284 352/335/284 244/264/284
f 394/336/285 393/337/285 395/338/285
f 371/318/286 216/183/286 47/182/286
f 399/339/287 413/319/287 318/269/287
f 358/321/288 359/320/288 401/340/288
f 299/341/289 401/340/289 359/320/289
f 283/277/290 402/307/290 381/308/290
f 438/342/291 405/343/291 406/344/291
f 363/302/292 362/345/292 408/346/292
f 408/346/293 152/298/293 363/302/293
f 305/274/294 363/302/294 304/282/294
f 352/335/295 362/345/295 363/302/295
f 29/118/296 562/347/296 409/119/296
f 198/200/297 112/84/297 199/202/297
f 93/56/298 156/131/298 115/130/298
f 412/348/299 200/206/299 344/276/299
f 412/348/300 317/303/300 277/256/300
f 412/348/301 277/256/301 413/319/301
f 349/306/302 401/340/302 299/341/302
f 92/141/303 121/160/303 89/349/303
f 387/328/304 302/271/304 357/350/304
f 235/213/305 351/297/305 383/324/305
f 422/351/306 351/297/306 449/352/306
f 351/297/307 258/273/307 309/353/307
f 455/354/308 426/355/308 427/356/308
f 391/357/309 389/333/309 408/346/309
f 391/357/310 390/334/310 389/333/310
f 389/333/311 152/298/311 408/346/311
f 429/358/312 391/357/312 408/346/312
f 352/335/313 365/283/313 371/318/313
f 431/359/314 371/318/314 47/182/314
f 42/13/315 39/20/315 55/33/315
f 400/360/316 358/321/316 433/361/316
f 445/362/317 358/321/317 401/340/317
f 348/295/318 347/294/318 349/306/318
f 383/324/319 403/363/319 402/307/319
f 436/364/320 437/365/320 421/366/320
f 436/367/321 421/368/321 422/351/321
f 351/297/322 422/351/322 383/324/322
f 351/297/323 309/353/323 449/352/323
f 309/353/324 258/273/324 322/278/324
f 428/369/325 287/370/325 390/334/325
f 423/371/326 287/370/326 428/369/326
f 287/370/327 388/332/327 390/334/327
f 391/357/328 428/369/328 390/334/328
f 362/345/329 429/358/329 408/346/329
f 442/372/330 391/357/330 429/358/330
f 443/373/331 444/374/331 398/375/331
f 358/321/332 399/339/332 318/269/332
f 445/362/333 433/361/333 358/321/333
f 349/306/334 347/294/334 434/376/334
f 434/376/335 401/340/335 349/306/335
f 446/377/336 434/376/336 347/294/336
f 435/378/337 403/363/337 421/368/337
f 780/379/338 430/380/338 447/381/338
f 406/382/339 405/383/339 439/384/339
f 454/385/340 455/354/340 428/369/340
f 288/330/341 287/386/341 425/387/341
f 428/369/342 455/354/342 423/371/342
f 648/388/343 458/389/343 459/390/343
f 648/388/344 460/391/344 458/389/344
f 362/345/345 392/392/345 429/358/345
f 392/392/346 362/345/346 462/393/346
f 1379/394/347 1013/395/347 441/396/347
f 462/393/348 362/345/348 352/335/348
f 463/397/349 371/318/349 464/398/349
f 464/398/350 371/318/350 431/359/350
f 431/359/351 412/348/351 464/398/351
f 412/348/352 413/319/352 473/399/352
f 436/364/353 450/400/353 466/401/353
f 466/401/354 437/365/354 436/364/354
f 436/364/355 449/402/355 450/400/355
f 393/337/356 783/403/356 395/338/356
f 1390/404/357 441/396/357 1392/405/357
f 423/371/358 455/354/358 427/356/358
f 454/385/359 468/406/359 455/354/359
f 266/407/360 1037/408/360 269/409/360
f 1066/410/361 469/411/361 1055/412/361
f 442/372/362 429/358/362 461/413/362
f 461/413/363 429/358/363 392/392/363
f 461/413/364 392/392/364 470/414/364
f 470/414/365 392/392/365 462/393/365
f 471/415/366 462/393/366 352/335/366
f 471/415/367 352/335/367 463/397/367
f 472/416/368 463/397/368 464/398/368
f 473/399/369 464/398/369 412/348/369
f 474/417/370 473/399/370 465/418/370
f 473/399/371 413/319/371 465/418/371
f 435/378/372 421/368/372 437/419/372
f 311/420/373 466/401/373 450/400/373
f 439/384/374 311/420/374 450/400/374
f 426/355/375 456/421/375 451/422/375
f 451/423/376 452/424/376 467/425/376
f 453/426/377 452/424/377 456/427/377
f 456/427/378 452/424/378 451/423/378
f 4/2/379 3/1/379 15/428/379
f 286/261/380 1072/429/380 180/155/380
f 180/155/381 1034/430/381 181/156/381
f 470/414/382 462/393/382 480/431/382
f 481/432/383 462/393/383 471/415/383
f 463/397/384 472/416/384 517/433/384
f 482/434/385 464/398/385 473/399/385
f 482/434/386 473/399/386 474/417/386
f 483/435/387 399/339/387 358/321/387
f 504/436/388 485/437/388 452/424/388
f 587/438/389 487/439/389 488/440/389
f 489/441/390 490/442/390 491/443/390
f 488/440/391 443/373/391 369/444/391
f 498/445/392 387/328/392 357/350/392
f 517/433/393 471/415/393 463/397/393
f 518/446/394 472/416/394 499/447/394
f 499/447/395 472/416/395 464/398/395
f 464/398/396 500/448/396 499/447/396
f 501/449/397 482/434/397 474/417/397
f 502/450/398 400/360/398 433/361/398
f 311/420/399 310/451/399 476/452/399
f 310/451/400 484/453/400 476/452/400
f 453/426/401 486/454/401 452/424/401
f 506/455/402 1069/456/402 507/457/402
f 509/458/403 508/459/403 506/455/403
f 480/431/404 462/393/404 481/432/404
f 464/398/405 482/434/405 501/449/405
f 465/418/406 413/319/406 542/460/406
f 413/319/407 483/435/407 542/460/407
f 358/321/408 400/360/408 483/435/408
f 484/453/409 520/461/409 476/452/409
f 504/436/410 484/453/410 310/451/410
f 504/436/411 505/462/411 484/453/411
f 486/454/412 521/463/412 522/464/412
f 452/424/413 486/454/413 504/436/413
f 525/465/414 783/403/414 393/337/414
f 523/466/415 120/467/415 524/468/415
f 526/469/416 527/470/416 384/325/416
f 73/46/417 37/15/417 292/266/417
f 528/471/418 529/472/418 530/473/418
f 534/474/419 535/475/419 536/476/419
f 554/477/420 517/433/420 518/446/420
f 537/478/421 518/446/421 499/447/421
f 499/447/422 538/479/422 537/478/422
f 499/447/423 500/448/423 538/479/423
f 539/480/424 500/448/424 501/449/424
f 474/417/425 540/481/425 501/449/425
f 540/481/426 474/417/426 541/482/426
f 465/418/427 542/460/427 474/417/427
f 519/483/428 400/360/428 502/450/428
f 574/484/429 505/462/429 486/454/429
f 338/485/430 544/486/430 545/487/430
f 550/488/431 102/489/431 106/105/431
f 553/490/432 480/431/432 481/432/432
f 553/490/433 481/432/433 471/415/433
f 553/490/434 471/415/434 517/433/434
f 556/491/435 538/479/435 500/448/435
f 556/491/436 500/448/436 539/480/436
f 541/482/437 474/417/437 557/492/437
f 557/492/438 474/417/438 542/460/438
f 574/484/439 486/454/439 522/464/439
f 533/493/440 521/463/440 549/494/440
f 545/495/441 544/496/441 281/260/441
f 339/497/442 559/290/442 338/485/442
f 281/260/443 558/498/443 545/495/443
f 545/487/444 339/497/444 338/485/444
f 281/260/445 547/259/445 546/499/445
f 523/500/446 558/498/446 546/499/446
f 547/259/447 548/189/447 546/499/447
f 546/499/448 548/189/448 560/501/448
f 487/439/449 587/438/449 230/502/449
f 550/488/450 133/503/450 102/489/450
f 106/105/451 516/504/451 550/488/451
f 106/105/452 134/104/452 516/504/452
f 516/504/453 480/431/453 553/490/453
f 553/490/454 517/433/454 554/477/454
f 538/479/455 556/491/455 570/505/455
f 539/480/456 294/506/456 556/491/456
f 68/41/457 70/43/457 64/507/457
f 65/508/458 532/509/458 1454/510/458
f 545/495/459 558/498/459 561/511/459
f 579/512/460 545/495/460 561/511/460
f 581/513/461 582/514/461 580/515/461
f 580/515/462 378/516/462 583/517/462
f 133/503/463 578/518/463 85/519/463
f 378/516/464 555/520/464 583/517/464
f 553/490/465 585/521/465 552/522/465
f 538/479/466 570/505/466 586/523/466
f 282/524/467 570/505/467 556/491/467
f 294/506/468 539/480/468 540/481/468
f 588/525/469 540/481/469 541/482/469
f 572/526/470 505/462/470 574/484/470
f 573/527/471 574/484/471 522/464/471
f 573/527/472 522/464/472 590/528/472
f 521/463/473 543/529/473 590/528/473
f 397/530/474 592/531/474 396/532/474
f 577/533/475 602/534/475 579/535/475
f 478/536/476 1013/395/476 50/232/476
f 596/537/477 133/503/477 597/538/477
f 550/488/478 552/522/478 133/503/478
f 554/477/479 585/521/479 553/490/479
f 518/446/480 537/478/480 599/539/480
f 600/540/481 586/523/481 570/505/481
f 551/541/482 571/542/482 575/543/482
f 522/464/483 521/463/483 590/528/483
f 576/544/484 559/290/484 339/497/484
f 320/545/485 333/546/485 319/547/485
f 333/546/486 603/548/486 319/547/486
f 595/549/487 133/503/487 596/537/487
f 597/538/488 133/503/488 598/550/488
f 598/550/489 133/503/489 552/522/489
f 599/539/490 554/477/490 518/446/490
f 608/551/491 599/539/491 586/523/491
f 586/523/492 599/539/492 537/478/492
f 586/523/493 537/478/493 538/479/493
f 600/540/494 570/505/494 609/552/494
f 796/553/495 479/554/495 589/555/495
f 590/528/496 610/556/496 573/527/496
f 543/529/497 591/557/497 590/528/497
f 602/534/498 576/544/498 339/497/498
f 617/558/499 618/559/499 619/560/499
f 617/558/500 616/561/500 420/562/500
f 120/563/501 980/564/501 103/73/501
f 597/538/502 621/565/502 596/537/502
f 554/477/503 607/566/503 585/521/503
f 599/539/504 607/566/504 554/477/504
f 590/528/505 591/557/505 610/556/505
f 559/290/506 612/567/506 611/291/506
f 576/544/507 612/567/507 559/290/507
f 624/568/508 612/567/508 576/544/508
f 624/568/509 576/544/509 296/569/509
f 413/319/510 399/339/510 483/435/510
f 596/537/511 621/565/511 625/570/511
f 585/521/512 607/566/512 636/571/512
f 264/572/513 600/540/513 628/573/513
f 628/573/514 600/540/514 609/552/514
f 596/537/515 632/574/515 620/575/515
f 625/570/516 632/574/516 596/537/516
f 631/576/517 597/538/517 598/550/517
f 598/550/518 552/522/518 633/577/518
f 296/569/519 602/534/519 629/578/519
f 595/549/520 515/579/520 613/580/520
f 613/580/521 515/579/521 629/578/521
f 631/576/522 598/550/522 633/577/522
f 29/118/523 636/571/523 607/566/523
f 29/118/524 607/566/524 562/347/524
f 605/581/525 264/572/525 628/573/525
f 295/582/526 624/568/526 296/569/526
f 240/185/527 267/248/527 301/583/527
f 621/565/528 627/584/528 632/574/528
f 635/585/529 597/538/529 631/576/529
f 296/569/530 629/578/530 630/586/530
f 515/579/531 630/586/531 629/578/531
f 634/587/532 587/438/532 367/588/532
f 635/585/533 621/565/533 597/538/533
f 644/589/534 631/576/534 633/577/534
f 636/571/535 633/577/535 585/521/535
f 460/391/536 640/590/536 458/389/536
f 630/586/537 295/582/537 296/569/537
f 632/574/538 625/570/538 621/565/538
f 663/591/539 670/592/539 641/593/539
f 377/594/540 645/595/540 642/596/540
f 648/388/541 649/597/541 643/598/541
f 498/445/542 1293/599/542 387/328/542
f 498/445/543 357/350/543 503/600/543
f 650/601/544 651/602/544 624/568/544
f 650/601/545 624/568/545 510/603/545
f 624/568/546 295/582/546 510/603/546
f 648/388/547 647/604/547 460/391/547
f 630/586/548 637/605/548 652/606/548
f 646/607/549 653/608/549 856/609/549
f 478/536/550 50/232/550 1391/610/550
f 638/611/551 632/574/551 626/612/551
f 626/612/552 632/574/552 627/584/552
f 627/584/553 635/585/553 654/613/553
f 654/613/554 635/585/554 631/576/554
f 654/613/555 631/576/555 644/589/555
f 633/577/556 636/571/556 658/614/556
f 604/615/557 605/581/557 270/616/557
f 655/617/558 624/568/558 651/602/558
f 510/603/559 660/618/559 650/601/559
f 652/606/560 638/611/560 626/612/560
f 657/619/561 626/612/561 627/584/561
f 658/614/562 636/571/562 29/118/562
f 666/120/563 658/614/563 29/118/563
f 646/607/564 659/620/564 656/621/564
f 626/612/565 511/622/565 652/606/565
f 654/613/566 644/589/566 664/623/566
f 664/623/567 644/589/567 633/577/567
f 667/624/568 604/615/568 270/616/568
f 650/601/569 662/625/569 651/602/569
f 670/592/570 663/591/570 657/619/570
f 657/619/571 627/584/571 670/592/571
f 670/592/572 627/584/572 654/613/572
f 664/623/573 633/577/573 665/626/573
f 665/626/574 633/577/574 658/614/574
f 680/627/575 667/624/575 270/616/575
f 668/628/576 393/337/576 394/336/576
f 651/602/577 661/629/577 655/617/577
f 651/602/578 669/630/578 661/629/578
f 662/625/579 669/630/579 651/602/579
f 662/625/580 650/601/580 660/618/580
f 511/622/581 510/603/581 652/606/581
f 510/603/582 511/622/582 660/618/582
f 670/592/583 654/613/583 664/623/583
f 366/631/584 680/627/584 270/616/584
f 366/631/585 270/616/585 251/632/585
f 670/592/586 664/623/586 673/633/586
f 671/634/587 658/614/587 666/120/587
f 367/588/588 251/632/588 634/587/588
f 669/630/589 672/635/589 661/629/589
f 674/636/590 669/630/590 662/625/590
f 674/636/591 663/591/591 641/593/591
f 665/626/592 658/614/592 671/634/592
f 676/637/593 664/623/593 665/626/593
f 665/626/594 671/634/594 677/638/594
f 337/639/595 661/629/595 672/635/595
f 672/635/596 678/285/596 337/639/596
f 676/637/597 665/626/597 679/640/597
f 319/547/598 230/502/598 246/641/598
f 231/642/599 246/641/599 230/502/599
f 672/635/600 669/630/600 681/643/600
f 676/637/601 673/633/601 664/623/601
f 677/638/602 679/640/602 665/626/602
f 656/621/603 420/562/603 646/607/603
f 659/620/604 397/530/604 656/621/604
f 319/547/605 345/644/605 230/502/605
f 319/547/606 603/548/606 345/644/606
f 643/598/607 647/604/607 648/388/607
f 329/286/608 672/635/608 681/643/608
f 694/645/609 681/643/609 669/630/609
f 675/646/610 670/592/610 673/633/610
f 675/646/611 673/633/611 676/637/611
f 679/640/612 677/638/612 697/647/612
f 345/644/613 487/439/613 230/502/613
f 603/548/614 432/648/614 345/644/614
f 686/649/615 603/548/615 333/546/615
f 687/650/616 686/649/616 333/546/616
f 687/650/617 333/546/617 320/545/617
f 320/545/618 254/651/618 687/650/618
f 320/545/619 683/652/619 254/651/619
f 335/653/620 688/654/620 683/652/620
f 692/655/621 691/656/621 690/657/621
f 678/285/622 672/635/622 329/286/622
f 693/658/623 681/643/623 694/645/623
f 697/647/624 677/638/624 698/659/624
f 682/660/625 699/661/625 700/662/625
f 85/519/626 577/533/626 524/468/626
f 369/444/627 368/663/627 488/440/627
f 587/438/628 488/440/628 367/588/628
f 443/373/629 488/440/629 487/439/629
f 487/439/630 432/648/630 444/374/630
f 444/374/631 443/373/631 487/439/631
f 432/648/632 487/439/632 345/644/632
f 690/657/633 703/664/633 692/655/633
f 705/665/634 704/666/634 692/655/634
f 430/380/635 719/667/635 189/668/635
f 707/669/636 189/668/636 719/667/636
f 707/669/637 708/670/637 189/668/637
f 643/671/638 1158/672/638 377/673/638
f 693/658/639 329/286/639 681/643/639
f 684/674/640 693/658/640 694/645/640
f 709/675/641 676/637/641 679/640/641
f 700/662/642 699/661/642 710/676/642
f 712/677/643 713/678/643 711/679/643
f 711/679/644 699/661/644 712/677/644
f 712/677/645 370/680/645 701/681/645
f 701/681/646 713/678/646 712/677/646
f 369/444/647 410/682/647 701/681/647
f 443/373/648 715/683/648 410/682/648
f 683/652/649 320/545/649 335/653/649
f 691/656/650 328/684/650 688/654/650
f 688/654/651 690/657/651 691/656/651
f 705/685/652 716/686/652 717/326/652
f 703/664/653 716/687/653 705/665/653
f 707/688/654 718/689/654 708/690/654
f 642/596/655 707/669/655 719/667/655
f 330/284/656 329/286/656 720/691/656
f 727/692/657 675/646/657 676/637/657
f 727/692/658 676/637/658 731/693/658
f 709/675/659 679/640/659 697/647/659
f 594/694/660 593/695/660 710/676/660
f 722/696/661 594/694/661 710/676/661
f 721/697/662 710/676/662 699/661/662
f 699/661/663 711/679/663 721/697/663
f 711/679/664 723/698/664 721/697/664
f 723/698/665 711/679/665 714/699/665
f 659/620/666 646/607/666 856/609/666
f 645/595/667 725/700/667 707/669/667
f 251/632/668 367/588/668 366/631/668
f 329/286/669 693/658/669 720/691/669
f 457/701/670 720/691/670 693/658/670
f 731/693/671 676/637/671 709/675/671
f 697/647/672 698/659/672 729/702/672
f 732/703/673 731/693/673 709/675/673
f 734/704/674 733/705/674 698/659/674
f 656/621/675 397/530/675 396/532/675
f 76/49/676 72/45/676 71/44/676
f 593/695/677 594/694/677 592/531/677
f 330/284/678 720/691/678 730/706/678
f 696/707/679 639/708/679 440/709/679
f 440/709/680 457/701/680 696/707/680
f 728/710/681 726/711/681 639/708/681
f 733/705/682 729/702/682 698/659/682
f 735/712/683 330/284/683 730/706/683
f 728/710/684 639/708/684 696/707/684
f 732/703/685 709/675/685 623/713/685
f 623/713/686 709/675/686 697/647/686
f 741/714/687 639/708/687 738/715/687
f 623/713/688 697/647/688 729/702/688
f 729/702/689 733/705/689 745/716/689
f 419/717/690 618/718/690 420/719/690
f 342/288/691 740/720/691 332/721/691
f 740/720/692 440/709/692 332/721/692
f 726/711/693 732/703/693 737/722/693
f 733/705/694 734/704/694 743/723/694
f 618/718/695 419/717/695 739/724/695
f 623/713/696 729/702/696 751/725/696
f 342/288/697 332/721/697 341/289/697
f 332/721/698 440/709/698 741/714/698
f 743/723/699 745/716/699 733/705/699
f 341/289/700 331/726/700 340/287/700
f 742/727/701 341/289/701 741/714/701
f 742/727/702 747/728/702 341/289/702
f 744/729/703 742/727/703 748/730/703
f 622/731/704 748/730/704 738/715/704
f 341/289/705 747/728/705 331/726/705
f 748/730/706 742/727/706 738/715/706
f 748/730/707 746/732/707 744/729/707
f 551/541/708 745/716/708 743/723/708
f 331/726/709 750/733/709 985/734/709
f 747/728/710 742/727/710 744/729/710
f 746/732/711 747/728/711 744/729/711
f 751/725/712 575/543/712 746/732/712
f 73/46/713 292/266/713 71/44/713
f 747/728/714 750/733/714 331/726/714
f 752/735/715 747/728/715 746/732/715
f 752/735/716 746/732/716 575/543/716
f 754/736/717 752/735/717 753/737/717
f 753/737/718 752/735/718 575/543/718
f 571/542/719 378/516/719 753/737/719
f 555/520/720 551/541/720 19/738/720
f 754/736/721 753/737/721 378/516/721
f 378/516/722 373/316/722 754/736/722
f 571/542/723 753/737/723 575/543/723
f 551/541/724 575/543/724 751/725/724
f 749/739/725 19/738/725 743/723/725
f 634/587/726 251/632/726 817/740/726
f 374/317/727 373/316/727 378/516/727
f 10/741/728 529/472/728 755/742/728
f 378/516/729 580/515/729 374/317/729
f 583/517/730 18/311/730 580/515/730
f 755/742/731 535/475/731 10/741/731
f 640/590/732 393/337/732 458/389/732
f 65/743/733 530/473/733 532/744/733
f 1373/745/734 50/232/734 97/231/734
f 757/746/735 763/747/735 756/748/735
f 758/749/736 759/750/736 760/751/736
f 605/581/737 628/573/737 270/616/737
f 761/752/738 1351/753/738 308/754/738
f 585/521/739 633/577/739 552/522/739
f 516/504/740 553/490/740 552/522/740
f 762/755/741 475/756/741 763/747/741
f 434/376/742 446/377/742 475/756/742
f 639/708/743 741/714/743 440/709/743
f 457/701/744 440/709/744 720/691/744
f 457/701/745 693/658/745 696/707/745
f 674/636/746 660/618/746 663/591/746
f 652/606/747 510/603/747 295/582/747
f 511/622/748 626/612/748 657/619/748
f 295/582/749 630/586/749 652/606/749
f 594/694/750 722/696/750 592/531/750
f 518/446/751 517/433/751 472/416/751
f 371/318/752 463/397/752 352/335/752
f 365/283/753 244/264/753 275/254/753
f 263/252/754 245/226/754 273/251/754
f 705/665/755 692/655/755 703/664/755
f 708/670/756 703/664/756 189/668/756
f 716/687/757 703/664/757 708/670/757
f 540/481/758 539/480/758 501/449/758
f 317/303/759 276/255/759 277/256/759
f 158/135/760 204/153/760 176/208/760
f 175/151/761 176/208/761 276/255/761
f 175/151/762 273/251/762 137/152/762
f 135/61/763 138/110/763 136/150/763
f 136/150/764 156/131/764 93/56/764
f 45/23/765 135/61/765 93/56/765
f 56/107/766 52/30/766 43/86/766
f 55/33/767 39/20/767 56/34/767
f 55/33/768 43/21/768 42/13/768
f 384/325/769 527/470/769 717/326/769
f 93/56/770 135/61/770 136/150/770
f 115/130/771 53/108/771 93/56/771
f 47/182/772 200/206/772 431/359/772
f 659/620/773 593/695/773 397/530/773
f 384/325/774 493/757/774 526/469/774
f 642/596/775 645/595/775 707/669/775
f 103/73/776 980/564/776 104/71/776
f 700/662/777 710/676/777 593/695/777
f 595/549/778 606/758/778 515/579/778
f 133/503/779 595/549/779 578/518/779
f 120/563/780 523/500/780 560/501/780
f 560/501/781 980/564/781 120/563/781
f 560/501/782 548/189/782 980/564/782
f 369/444/783 701/681/783 370/680/783
f 453/759/784 456/421/784 549/760/784
f 549/494/785 521/463/785 453/426/785
f 351/297/786 235/213/786 239/218/786
f 239/218/787 235/213/787 143/115/787
f 147/138/788 144/116/788 210/217/788
f 210/217/789 144/116/789 184/159/789
f 209/181/790 284/761/790 188/216/790
f 347/294/791 346/293/791 446/377/791
f 348/295/792 349/306/792 205/305/792
f 350/296/793 348/295/793 205/305/793
f 402/307/794 403/363/794 381/308/794
f 370/680/795 712/677/795 699/661/795
f 255/239/796 280/258/796 140/112/796
f 530/473/797 531/762/797 532/744/797
f 226/204/798 225/763/798 257/243/798
f 248/249/799 223/201/799 198/200/799
f 609/552/800 272/764/800 628/573/800
f 282/524/801 609/552/801 570/505/801
f 282/524/802 272/764/802 609/552/802
f 556/491/803 294/506/803 272/764/803
f 556/491/804 272/764/804 282/524/804
f 76/49/805 766/765/805 74/47/805
f 2/766/806 868/767/806 767/768/806
f 84/769/807 236/215/807 73/46/807
f 569/770/808 770/771/808 1298/772/808
f 558/498/809 523/500/809 561/511/809
f 717/326/810 527/470/810 498/445/810
f 42/13/811 35/12/811 38/19/811
f 643/598/812 649/597/812 1158/773/812
f 377/594/813 642/596/813 643/598/813
f 374/317/814 776/774/814 13/315/814
f 708/670/815 718/775/815 716/687/815
f 374/317/816 580/515/816 582/514/816
f 688/654/817 335/653/817 702/776/817
f 689/777/818 688/654/818 702/776/818
f 762/755/819 445/362/819 434/376/819
f 762/755/820 433/361/820 445/362/820
f 762/755/821 757/746/821 433/361/821
f 763/747/822 757/746/822 762/755/822
f 757/746/823 502/450/823 433/361/823
f 756/748/824 502/450/824 757/746/824
f 778/778/825 502/450/825 756/748/825
f 779/779/826 502/450/826 778/778/826
f 648/388/827 459/390/827 649/597/827
f 642/596/828 647/604/828 643/598/828
f 680/627/829 370/680/829 682/660/829
f 781/780/830 502/450/830 779/779/830
f 706/781/831 703/664/831 690/657/831
f 68/41/832 64/507/832 66/782/832
f 647/604/833 780/379/833 460/391/833
f 647/604/834 642/596/834 719/667/834
f 782/783/835 314/784/835 315/785/835
f 783/403/836 784/786/836 785/787/836
f 525/465/837 784/786/837 783/403/837
f 640/590/838 460/391/838 525/465/838
f 780/379/839 647/604/839 719/667/839
f 502/450/840 781/780/840 519/483/840
f 314/784/841 787/788/841 513/789/841
f 782/783/842 787/788/842 314/784/842
f 782/783/843 784/786/843 787/788/843
f 785/787/844 784/786/844 782/783/844
f 690/657/845 688/654/845 689/777/845
f 525/465/846 788/790/846 784/786/846
f 366/631/847 368/663/847 370/680/847
f 513/789/848 779/779/848 786/791/848
f 787/788/849 514/792/849 513/789/849
f 784/786/850 789/793/850 787/788/850
f 788/790/851 789/793/851 784/786/851
f 780/379/852 790/794/852 460/391/852
f 779/779/853 513/789/853 514/792/853
f 460/391/854 790/794/854 788/790/854
f 781/780/855 779/779/855 514/792/855
f 788/790/856 791/795/856 789/793/856
f 790/794/857 791/795/857 788/790/857
f 795/796/858 794/797/858 801/798/858
f 792/799/859 780/379/859 447/381/859
f 787/788/860 796/553/860 514/792/860
f 789/793/861 802/800/861 787/788/861
f 790/794/862 799/801/862 791/795/862
f 799/801/863 790/794/863 793/802/863
f 477/803/864 485/437/864 310/451/864
f 160/804/865 189/668/865 703/664/865
f 777/805/866 706/781/866 689/777/866
f 367/588/867 488/440/867 368/663/867
f 781/780/868 514/792/868 589/555/868
f 787/788/869 802/800/869 796/553/869
f 789/793/870 791/795/870 802/800/870
f 798/806/871 791/795/871 799/801/871
f 706/781/872 777/805/872 166/807/872
f 589/555/873 514/792/873 796/553/873
f 800/808/874 793/802/874 795/796/874
f 801/798/875 800/808/875 795/796/875
f 801/798/876 166/807/876 777/805/876
f 334/809/877 702/776/877 335/653/877
f 803/810/878 797/811/878 798/806/878
f 803/810/879 805/812/879 806/813/879
f 702/776/880 777/805/880 689/777/880
f 479/554/881 806/813/881 804/814/881
f 801/798/882 810/815/882 800/808/882
f 801/798/883 777/805/883 810/815/883
f 230/502/884 233/816/884 231/642/884
f 634/587/885 233/816/885 587/438/885
f 803/810/886 808/817/886 807/818/886
f 800/808/887 808/817/887 803/810/887
f 806/813/888 809/819/888 804/814/888
f 810/815/889 808/817/889 800/808/889
f 334/809/890 777/805/890 702/776/890
f 334/809/891 320/545/891 319/547/891
f 246/641/892 810/815/892 777/805/892
f 246/641/893 777/805/893 334/809/893
f 805/812/894 811/820/894 809/819/894
f 805/812/895 807/818/895 811/820/895
f 246/641/896 812/821/896 810/815/896
f 811/820/897 807/818/897 813/822/897
f 231/642/898 812/821/898 246/641/898
f 811/820/899 294/506/899 540/481/899
f 811/820/900 813/822/900 294/506/900
f 807/818/901 808/817/901 813/822/901
f 334/809/902 335/653/902 320/545/902
f 808/817/903 816/823/903 813/822/903
f 810/815/904 814/824/904 808/817/904
f 812/821/905 814/824/905 810/815/905
f 808/817/906 814/824/906 816/823/906
f 812/821/907 233/816/907 814/824/907
f 817/740/908 233/816/908 634/587/908
f 233/816/909 817/740/909 814/824/909
f 294/506/910 816/823/910 272/764/910
f 813/822/911 816/823/911 294/506/911
f 814/824/912 817/740/912 816/823/912
f 628/573/913 818/825/913 270/616/913
f 270/616/914 818/825/914 251/632/914
f 272/764/915 818/825/915 628/573/915
f 272/764/916 816/823/916 818/825/916
f 251/632/917 818/825/917 817/740/917
f 817/740/918 818/825/918 816/823/918
f 1243/826/919 822/827/919 821/828/919
f 823/829/920 824/830/920 825/831/920
f 822/827/921 825/831/921 824/830/921
f 262/832/922 407/331/922 424/833/922
f 826/834/923 1053/835/923 827/836/923
f 1028/837/924 828/838/924 837/839/924
f 972/840/925 758/749/925 834/841/925
f 759/750/926 758/749/926 972/840/926
f 815/842/927 249/233/927 316/279/927
f 31/221/928 835/843/928 279/222/928
f 839/844/929 489/441/929 491/443/929
f 842/845/930 490/846/930 754/736/930
f 491/443/931 490/442/931 842/847/931
f 491/443/932 841/848/932 839/844/932
f 846/849/933 221/198/933 219/196/933
f 219/850/934 847/851/934 846/852/934
f 850/853/935 849/854/935 847/851/935
f 850/853/936 851/855/936 849/854/936
f 604/615/937 854/856/937 605/581/937
f 586/523/938 600/540/938 608/551/938
f 605/581/939 854/856/939 853/857/939
f 667/624/940 855/858/940 604/615/940
f 680/627/941 855/858/941 667/624/941
f 856/609/942 593/695/942 659/620/942
f 600/540/943 853/857/943 608/551/943
f 264/572/944 853/857/944 600/540/944
f 604/615/945 857/859/945 854/856/945
f 855/858/946 857/859/946 604/615/946
f 680/627/947 856/609/947 855/858/947
f 856/609/948 680/627/948 685/860/948
f 593/695/949 592/531/949 397/530/949
f 858/861/950 562/347/950 608/551/950
f 608/551/951 853/857/951 858/861/951
f 854/856/952 859/862/952 853/857/952
f 857/859/953 859/862/953 854/856/953
f 646/607/954 420/562/954 616/561/954
f 563/863/955 562/347/955 858/861/955
f 858/861/956 861/864/956 563/863/956
f 858/861/957 853/857/957 861/864/957
f 853/857/958 859/862/958 862/865/958
f 855/858/959 856/609/959 860/866/959
f 653/608/960 860/866/960 856/609/960
f 563/863/961 409/119/961 562/347/961
f 853/857/962 862/865/962 861/864/962
f 859/862/963 863/867/963 862/865/963
f 857/859/964 863/867/964 859/862/964
f 855/858/965 863/867/965 857/859/965
f 855/858/966 860/866/966 863/867/966
f 616/561/967 769/868/967 653/608/967
f 616/561/968 617/558/968 769/868/968
f 409/119/969 861/864/969 2/766/969
f 860/866/970 864/869/970 863/867/970
f 860/866/971 769/868/971 864/869/971
f 862/865/972 865/870/972 861/864/972
f 617/558/973 418/871/973 769/868/973
f 861/864/974 866/872/974 2/766/974
f 865/870/975 866/872/975 861/864/975
f 863/867/976 865/870/976 862/865/976
f 12/873/977 418/871/977 14/874/977
f 863/867/978 867/875/978 865/870/978
f 864/869/979 867/875/979 863/867/979
f 769/868/980 11/876/980 864/869/980
f 418/871/981 12/873/981 11/876/981
f 418/871/982 619/560/982 14/874/982
f 11/876/983 769/868/983 418/871/983
f 865/870/984 867/875/984 866/872/984
f 14/874/985 869/877/985 12/873/985
f 866/872/986 868/767/986 2/766/986
f 11/876/987 870/878/987 864/869/987
f 671/634/988 666/120/988 767/768/988
f 867/875/989 871/879/989 866/872/989
f 867/875/990 872/880/990 871/879/990
f 864/869/991 872/880/991 867/875/991
f 864/869/992 870/878/992 872/880/992
f 873/881/993 874/882/993 875/883/993
f 767/768/994 876/884/994 671/634/994
f 767/768/995 877/885/995 876/884/995
f 868/767/996 877/885/996 767/768/996
f 866/872/997 878/886/997 868/767/997
f 868/767/998 878/886/998 879/887/998
f 871/879/999 878/886/999 866/872/999
f 875/883/1000 880/888/1000 870/878/1000
f 877/885/1001 881/889/1001 876/884/1001
f 877/885/1002 868/767/1002 879/887/1002
f 870/878/1003 880/888/1003 872/880/1003
f 870/878/1004 11/876/1004 875/883/1004
f 875/883/1005 874/882/1005 882/890/1005
f 698/659/1006 876/884/1006 881/889/1006
f 877/885/1007 879/887/1007 881/889/1007
f 871/879/1008 883/891/1008 878/886/1008
f 871/879/1009 872/880/1009 883/891/1009
f 879/887/1010 885/892/1010 881/889/1010
f 880/888/1011 883/891/1011 872/880/1011
f 880/888/1012 884/893/1012 883/891/1012
f 880/888/1013 882/890/1013 884/893/1013
f 417/894/1014 882/890/1014 874/882/1014
f 734/704/1015 698/659/1015 881/889/1015
f 878/886/1016 885/892/1016 879/887/1016
f 883/891/1017 886/895/1017 878/886/1017
f 417/894/1018 891/896/1018 884/893/1018
f 878/886/1019 886/895/1019 885/892/1019
f 883/891/1020 887/897/1020 886/895/1020
f 884/893/1021 882/890/1021 417/894/1021
f 885/892/1022 886/895/1022 888/898/1022
f 884/893/1023 887/897/1023 883/891/1023
f 885/892/1024 896/899/1024 881/889/1024
f 885/892/1025 889/900/1025 896/899/1025
f 886/895/1026 890/901/1026 888/898/1026
f 886/895/1027 887/897/1027 890/901/1027
f 884/893/1028 891/896/1028 887/897/1028
f 892/902/1029 893/903/1029 536/476/1029
f 417/894/1030 894/904/1030 891/896/1030
f 888/898/1031 889/900/1031 885/892/1031
f 894/904/1032 417/894/1032 416/905/1032
f 734/704/1033 881/889/1033 21/906/1033
f 881/889/1034 896/899/1034 21/906/1034
f 891/896/1035 890/901/1035 887/897/1035
f 582/514/1036 776/774/1036 374/317/1036
f 734/704/1037 21/906/1037 749/739/1037
f 890/901/1038 889/900/1038 888/898/1038
f 21/906/1039 896/899/1039 584/312/1039
f 893/903/1040 891/896/1040 536/476/1040
f 536/476/1041 894/904/1041 534/474/1041
f 607/566/1042 599/539/1042 562/347/1042
f 666/120/1043 409/119/1043 2/766/1043
f 889/900/1044 899/907/1044 896/899/1044
f 890/901/1045 900/908/1045 889/900/1045
f 891/896/1046 904/909/1046 890/901/1046
f 893/903/1047 904/909/1047 891/896/1047
f 901/910/1048 582/514/1048 581/513/1048
f 896/899/1049 899/907/1049 584/312/1049
f 890/901/1050 904/909/1050 900/908/1050
f 581/513/1051 580/515/1051 18/311/1051
f 581/513/1052 17/911/1052 903/912/1052
f 581/513/1053 18/311/1053 17/911/1053
f 889/900/1054 900/908/1054 899/907/1054
f 529/472/1055 528/471/1055 755/742/1055
f 906/913/1056 902/914/1056 905/915/1056
f 905/915/1057 903/912/1057 17/911/1057
f 903/912/1058 901/910/1058 581/513/1058
f 364/916/1059 17/911/1059 18/311/1059
f 18/311/1060 360/310/1060 364/916/1060
f 892/902/1061 904/909/1061 893/903/1061
f 892/902/1062 536/476/1062 755/742/1062
f 755/742/1063 536/476/1063 535/475/1063
f 908/917/1064 902/914/1064 906/913/1064
f 902/914/1065 903/912/1065 905/915/1065
f 908/917/1066 907/918/1066 902/914/1066
f 899/907/1067 900/908/1067 584/312/1067
f 904/909/1068 306/919/1068 900/908/1068
f 451/423/1069 467/425/1069 404/920/1069
f 911/921/1070 913/922/1070 908/917/1070
f 906/913/1071 905/915/1071 364/916/1071
f 364/916/1072 911/921/1072 906/913/1072
f 364/916/1073 905/915/1073 17/911/1073
f 900/908/1074 914/923/1074 584/312/1074
f 892/902/1075 912/924/1075 904/909/1075
f 908/917/1076 913/922/1076 907/918/1076
f 911/921/1077 908/917/1077 906/913/1077
f 404/920/1078 438/925/1078 309/926/1078
f 904/909/1079 912/924/1079 306/919/1079
f 364/916/1080 910/927/1080 911/921/1080
f 910/927/1081 909/928/1081 917/929/1081
f 915/930/1082 755/742/1082 528/471/1082
f 356/299/1083 528/471/1083 530/473/1083
f 900/908/1084 306/919/1084 914/923/1084
f 915/930/1085 528/471/1085 356/299/1085
f 323/931/1086 64/507/1086 298/300/1086
f 322/278/1087 424/932/1087 404/933/1087
f 915/930/1088 356/299/1088 325/301/1088
f 530/473/1089 65/743/1089 323/931/1089
f 417/894/1090 874/882/1090 416/905/1090
f 921/934/1091 917/929/1091 909/928/1091
f 325/301/1092 306/919/1092 912/924/1092
f 323/931/1093 65/743/1093 64/507/1093
f 918/935/1094 917/929/1094 921/934/1094
f 919/936/1095 917/929/1095 918/935/1095
f 325/301/1096 298/300/1096 303/937/1096
f 67/938/1097 924/939/1097 919/936/1097
f 525/465/1098 393/337/1098 640/590/1098
f 6/940/1099 925/941/1099 218/195/1099
f 924/939/1100 926/942/1100 919/936/1100
f 928/943/1101 846/852/1101 848/944/1101
f 849/854/1102 848/944/1102 847/851/1102
f 851/855/1103 929/945/1103 849/854/1103
f 852/946/1104 929/945/1104 851/855/1104
f 850/853/1105 930/947/1105 851/855/1105
f 847/851/1106 219/850/1106 218/948/1106
f 919/936/1107 69/42/1107 68/41/1107
f 67/938/1108 919/936/1108 68/41/1108
f 221/198/1109 931/949/1109 141/180/1109
f 930/947/1110 197/950/1110 196/951/1110
f 930/947/1111 933/952/1111 197/950/1111
f 850/853/1112 933/952/1112 930/947/1112
f 525/465/1113 460/391/1113 788/790/1113
f 67/938/1114 68/41/1114 66/782/1114
f 934/953/1115 67/938/1115 66/782/1115
f 66/782/1116 64/507/1116 934/953/1116
f 931/949/1117 221/198/1117 928/954/1117
f 846/849/1118 928/954/1118 221/198/1118
f 848/944/1119 846/852/1119 847/851/1119
f 849/854/1120 936/955/1120 848/944/1120
f 849/854/1121 929/945/1121 936/955/1121
f 196/951/1122 197/950/1122 937/956/1122
f 218/948/1123 925/957/1123 847/851/1123
f 7/958/1124 6/940/1124 218/195/1124
f 941/959/1125 925/960/1125 943/961/1125
f 312/962/1126 414/963/1126 415/964/1126
f 946/965/1127 196/951/1127 937/956/1127
f 197/950/1128 933/952/1128 937/956/1128
f 7/958/1129 943/961/1129 6/940/1129
f 948/966/1130 935/37/1130 931/949/1130
f 945/967/1131 931/949/1131 928/954/1131
f 848/944/1132 945/968/1132 928/943/1132
f 936/955/1133 929/945/1133 932/969/1133
f 774/970/1134 937/956/1134 933/952/1134
f 774/970/1135 775/971/1135 937/956/1135
f 850/853/1136 774/970/1136 933/952/1136
f 850/853/1137 847/851/1137 774/970/1137
f 591/557/1138 353/972/1138 610/556/1138
f 876/884/1139 698/659/1139 677/638/1139
f 37/15/1140 36/14/1140 844/973/1140
f 931/949/1141 945/967/1141 948/966/1141
f 936/955/1142 949/974/1142 848/944/1142
f 949/974/1143 936/955/1143 512/975/1143
f 936/955/1144 932/969/1144 512/975/1144
f 952/976/1145 960/977/1145 512/975/1145
f 847/851/1146 925/957/1146 774/970/1146
f 6/940/1147 943/961/1147 925/960/1147
f 15/428/1148 3/1/1148 97/231/1148
f 380/322/1149 954/978/1149 940/979/1149
f 953/980/1150 941/959/1150 940/979/1150
f 940/979/1151 943/961/1151 380/322/1151
f 776/981/1152 955/982/1152 956/983/1152
f 843/984/1153 955/982/1153 907/985/1153
f 844/973/1154 291/265/1154 37/15/1154
f 843/984/1155 907/985/1155 293/986/1155
f 1379/394/1156 22/280/1156 1013/395/1156
f 958/987/1157 1427/988/1157 948/966/1157
f 945/968/1158 959/989/1158 958/990/1158
f 848/944/1159 949/974/1159 945/968/1159
f 1379/394/1160 441/396/1160 1390/404/1160
f 775/971/1161 946/965/1161 937/956/1161
f 925/960/1162 950/991/1162 774/992/1162
f 7/958/1163 951/993/1163 943/961/1163
f 950/991/1164 925/960/1164 941/959/1164
f 950/991/1165 941/959/1165 953/980/1165
f 954/978/1166 953/980/1166 940/979/1166
f 382/323/1167 954/978/1167 380/322/1167
f 591/557/1168 759/750/1168 353/972/1168
f 132/994/1169 104/71/1169 980/564/1169
f 13/995/1170 956/983/1170 771/996/1170
f 956/983/1171 955/982/1171 771/996/1171
f 956/983/1172 13/995/1172 776/981/1172
f 843/984/1173 844/973/1173 771/996/1173
f 19/738/1174 749/739/1174 21/906/1174
f 949/974/1175 959/989/1175 945/968/1175
f 806/813/1176 479/554/1176 802/800/1176
f 950/991/1177 775/997/1177 774/992/1177
f 953/980/1178 938/998/1178 950/991/1178
f 940/979/1179 941/959/1179 943/961/1179
f 954/978/1180 382/323/1180 963/999/1180
f 978/1000/1181 353/972/1181 920/1001/1181
f 759/750/1182 964/1002/1182 353/972/1182
f 677/638/1183 671/634/1183 876/884/1183
f 841/848/1184 773/1003/1184 772/1004/1184
f 773/1005/1185 965/1006/1185 373/316/1185
f 373/1007/1186 13/995/1186 773/1003/1186
f 773/1003/1187 13/995/1187 771/996/1187
f 771/996/1188 955/982/1188 843/984/1188
f 291/265/1189 844/973/1189 843/984/1189
f 959/989/1190 966/1008/1190 958/990/1190
f 959/989/1191 967/1009/1191 966/1008/1191
f 959/989/1192 968/1010/1192 967/1009/1192
f 949/974/1193 968/1010/1193 959/989/1193
f 968/1010/1194 960/977/1194 969/1011/1194
f 588/525/1195 541/482/1195 479/554/1195
f 346/293/1196 361/1012/1196 1180/1013/1196
f 564/1014/1197 565/1015/1197 566/1016/1197
f 939/1017/1198 775/997/1198 938/998/1198
f 953/980/1199 961/1018/1199 938/998/1199
f 954/1019/1200 970/1020/1200 953/1021/1200
f 963/1022/1201 970/1020/1201 954/1019/1201
f 588/525/1202 809/819/1202 811/820/1202
f 743/723/1203 734/704/1203 749/739/1203
f 519/483/1204 781/780/1204 589/555/1204
f 973/1023/1205 831/1024/1205 832/1025/1205
f 965/1026/1206 773/1003/1206 842/847/1206
f 773/1003/1207 771/996/1207 772/1004/1207
f 772/1004/1208 844/973/1208 36/14/1208
f 540/481/1209 588/525/1209 811/820/1209
f 949/974/1210 512/975/1210 960/977/1210
f 1392/405/1211 441/396/1211 478/536/1211
f 568/1027/1212 566/1016/1212 565/1015/1212
f 566/1016/1213 567/1028/1213 564/1014/1213
f 566/1016/1214 974/1029/1214 567/1028/1214
f 974/1029/1215 975/1030/1215 567/1028/1215
f 775/997/1216 950/991/1216 938/998/1216
f 939/1031/1217 938/1032/1217 976/1033/1217
f 953/980/1218 970/1034/1218 961/1018/1218
f 976/1035/1219 974/1029/1219 939/1036/1219
f 971/1037/1220 977/1038/1220 978/1000/1220
f 759/750/1221 972/840/1221 964/1002/1221
f 979/1039/1222 980/564/1222 981/1040/1222
f 132/994/1223 980/564/1223 979/1039/1223
f 831/1024/1224 982/1041/1224 830/1042/1224
f 982/1041/1225 831/1024/1225 973/1023/1225
f 983/1043/1226 982/1041/1226 973/1023/1226
f 984/1044/1227 982/1041/1227 983/1043/1227
f 985/1045/1228 986/1046/1228 987/1047/1228
f 986/1046/1229 489/441/1229 987/1047/1229
f 489/441/1230 986/1046/1230 490/442/1230
f 998/1048/1231 839/844/1231 838/1049/1231
f 27/214/1232 989/220/1232 28/16/1232
f 20/3/1233 46/24/1233 1373/745/1233
f 991/1050/1234 564/1014/1234 567/1028/1234
f 991/1050/1235 567/1028/1235 975/1030/1235
f 975/1030/1236 974/1029/1236 976/1035/1236
f 976/1035/1237 232/1051/1237 975/1030/1237
f 962/210/1238 232/212/1238 961/1052/1238
f 496/1053/1239 970/1020/1239 963/1022/1239
f 494/1054/1240 495/1055/1240 496/1056/1240
f 971/1037/1241 978/1000/1241 920/1001/1241
f 971/1037/1242 920/1001/1242 964/1002/1242
f 993/1057/1243 977/1038/1243 972/840/1243
f 920/1001/1244 353/972/1244 964/1002/1244
f 285/262/1245 81/54/1245 834/841/1245
f 285/262/1246 834/841/1246 758/749/1246
f 963/999/1247 382/323/1247 496/1056/1247
f 831/1024/1248 994/1058/1248 730/1059/1248
f 995/1060/1249 730/1059/1249 994/1058/1249
f 996/1061/1250 831/1024/1250 740/1062/1250
f 832/1025/1251 831/1024/1251 996/1061/1251
f 828/838/1252 830/1042/1252 982/1041/1252
f 983/1043/1253 985/1045/1253 984/1044/1253
f 984/1044/1254 987/1047/1254 997/1063/1254
f 489/441/1255 839/844/1255 998/1048/1255
f 837/839/1256 997/1063/1256 998/1048/1256
f 845/1064/1257 772/1004/1257 278/1065/1257
f 771/996/1258 844/973/1258 772/1004/1258
f 37/15/1259 73/46/1259 236/215/1259
f 475/756/1260 762/755/1260 434/376/1260
f 1392/405/1261 478/536/1261 492/1066/1261
f 434/376/1262 445/362/1262 401/340/1262
f 546/499/1263 558/498/1263 281/260/1263
f 466/401/1264 311/420/1264 476/452/1264
f 703/664/1265 166/807/1265 160/804/1265
f 990/1067/1266 564/1014/1266 999/1068/1266
f 999/1068/1267 564/1014/1267 991/1050/1267
f 991/1050/1268 1016/1069/1268 999/1068/1268
f 232/1051/1269 1000/1070/1269 991/1050/1269
f 232/1051/1270 991/1050/1270 975/1030/1270
f 961/1071/1271 232/1051/1271 976/1035/1271
f 977/1038/1272 971/1037/1272 972/840/1272
f 972/840/1273 971/1037/1273 964/1002/1273
f 833/1072/1274 993/1057/1274 972/840/1274
f 285/262/1275 758/749/1275 981/1040/1275
f 981/1040/1276 211/191/1276 285/262/1276
f 548/189/1277 981/1040/1277 980/564/1277
f 447/381/1278 160/804/1278 166/807/1278
f 730/1059/1279 740/1062/1279 831/1024/1279
f 830/1042/1280 828/838/1280 829/1073/1280
f 997/1063/1281 828/838/1281 982/1041/1281
f 982/1041/1282 984/1044/1282 997/1063/1282
f 998/1048/1283 987/1047/1283 489/441/1283
f 279/222/1284 840/1074/1284 845/1064/1284
f 28/16/1285 989/220/1285 279/222/1285
f 37/15/1286 236/215/1286 28/16/1286
f 253/237/1287 328/1075/1287 302/271/1287
f 1007/1076/1288 1006/1077/1288 1008/1078/1288
f 381/308/1289 403/363/1289 435/378/1289
f 1011/1079/1290 1010/1080/1290 1400/1081/1290
f 1011/1079/1291 1012/1082/1291 1010/1080/1291
f 999/1068/1292 1015/1083/1292 1014/1084/1292
f 999/1068/1293 1016/1069/1293 1015/1083/1293
f 1000/1070/1294 1017/1085/1294 991/1050/1294
f 976/1033/1295 938/1032/1295 961/1052/1295
f 1020/1086/1296 977/1038/1296 992/1087/1296
f 993/1057/1297 992/1087/1297 977/1038/1297
f 993/1057/1298 1021/1088/1298 1020/1086/1298
f 972/840/1299 834/841/1299 833/1072/1299
f 82/55/1300 167/190/1300 548/189/1300
f 981/1040/1301 548/189/1301 211/191/1301
f 1025/1089/1302 1023/1090/1302 1024/1091/1302
f 327/1092/1303 1025/1089/1303 1024/1091/1303
f 327/1092/1304 735/1093/1304 995/1060/1304
f 735/1093/1305 730/1059/1305 995/1060/1305
f 995/1060/1306 994/1058/1306 1027/1094/1306
f 994/1058/1307 830/1042/1307 1027/1094/1307
f 994/1058/1308 831/1024/1308 830/1042/1308
f 829/1073/1309 828/838/1309 1028/837/1309
f 828/838/1310 997/1063/1310 837/839/1310
f 998/1048/1311 988/1095/1311 259/246/1311
f 27/214/1312 84/769/1312 1030/1096/1312
f 84/769/1313 27/214/1313 236/215/1313
f 72/45/1314 84/769/1314 73/46/1314
f 439/384/1315 405/383/1315 477/803/1315
f 72/45/1316 76/49/1316 75/48/1316
f 71/44/1317 1004/1097/1317 76/49/1317
f 766/765/1318 76/49/1318 1004/1097/1318
f 766/765/1319 1004/1097/1319 736/1098/1319
f 30/11/1320 26/8/1320 16/5/1320
f 25/7/1321 1005/1099/1321 23/4/1321
f 1006/1077/1322 1007/1076/1322 1009/1100/1322
f 1011/1079/1323 1016/1069/1323 1012/1082/1323
f 1015/1083/1324 1016/1069/1324 1011/1079/1324
f 991/1050/1325 1017/1085/1325 1016/1069/1325
f 1047/1101/1326 1000/1070/1326 1019/1102/1326
f 962/1103/1327 496/1053/1327 1048/1104/1327
f 496/1053/1328 1018/1105/1328 1048/1104/1328
f 1020/1086/1329 992/1087/1329 993/1057/1329
f 1023/1106/1330 337/1107/1330 1024/1108/1330
f 1023/1106/1331 1035/1109/1331 336/1110/1331
f 1023/1090/1332 1025/1089/1332 1022/1111/1332
f 1027/1094/1333 1026/1112/1333 995/1060/1333
f 830/1042/1334 827/836/1334 1027/1094/1334
f 829/1073/1335 827/836/1335 830/1042/1335
f 477/803/1336 405/383/1336 485/437/1336
f 485/437/1337 405/383/1337 448/1113/1337
f 837/839/1338 259/246/1338 261/245/1338
f 75/48/1339 1030/1096/1339 84/769/1339
f 75/48/1340 84/769/1340 72/45/1340
f 766/765/1341 1038/1114/1341 74/47/1341
f 736/1098/1342 1038/1114/1342 766/765/1342
f 736/1098/1343 1039/1115/1343 1038/1114/1343
f 22/280/1344 50/232/1344 1013/395/1344
f 23/4/1345 1005/1099/1345 1031/1116/1345
f 1005/1099/1346 1006/1077/1346 1031/1116/1346
f 1009/1100/1347 1031/1116/1347 1006/1077/1347
f 1032/1117/1348 1031/1116/1348 1009/1100/1348
f 8/1118/1349 1040/1119/1349 1041/1120/1349
f 1009/1100/1350 1042/1121/1350 1032/1117/1350
f 1040/1119/1351 8/1118/1351 1042/1121/1351
f 1043/1122/1352 1041/1120/1352 1040/1119/1352
f 1043/1122/1353 1044/1123/1353 1041/1120/1353
f 1010/1080/1354 1044/1123/1354 1043/1122/1354
f 1012/1082/1355 1044/1123/1355 1010/1080/1355
f 1012/1082/1356 1045/1124/1356 1044/1123/1356
f 1016/1069/1357 1045/1124/1357 1012/1082/1357
f 1016/1069/1325 1017/1085/1325 1045/1124/1325
f 1017/1085/1358 1000/1070/1358 1047/1101/1358
f 146/139/1359 190/1125/1359 165/137/1359
f 1033/1126/1360 1049/1127/1360 1046/1128/1360
f 1018/1105/1361 495/1129/1361 1050/1130/1361
f 1050/1130/1362 1021/1088/1362 1034/430/1362
f 993/1057/1363 181/156/1363 1021/1088/1363
f 165/137/1364 190/1125/1364 164/188/1364
f 1026/1112/1365 1025/1089/1365 327/1092/1365
f 327/1092/1366 995/1060/1366 1026/1112/1366
f 826/834/1367 1028/837/1367 1055/412/1367
f 176/208/1368 206/257/1368 207/236/1368
f 261/245/1369 260/244/1369 1036/1131/1369
f 1030/1096/1370 1057/1132/1370 1037/408/1370
f 75/48/1371 1057/1132/1371 1030/1096/1371
f 75/48/1372 74/47/1372 1057/1132/1372
f 1031/1116/1373 30/11/1373 23/4/1373
f 1032/1117/1374 1042/1121/1374 8/1118/1374
f 1041/1120/1375 1059/1133/1375 8/1118/1375
f 1048/1134/1376 1019/1135/1376 962/210/1376
f 1048/1134/1377 1033/1126/1377 1060/1136/1377
f 1018/1105/1378 1050/1130/1378 1034/430/1378
f 1021/1088/1379 181/156/1379 1034/430/1379
f 548/189/1380 547/259/1380 82/55/1380
f 1035/1109/1381 1023/1106/1381 1022/1137/1381
f 1052/1138/1382 1026/1112/1382 1027/1094/1382
f 1052/1138/1383 1027/1094/1383 827/836/1383
f 1089/1139/1384 1053/835/1384 1054/1140/1384
f 268/1141/1385 1067/1142/1385 836/1143/1385
f 268/1141/1386 269/409/1386 1067/1142/1386
f 1038/1114/1387 1039/1115/1387 1058/1144/1387
f 1058/1144/1388 1068/1145/1388 1038/1114/1388
f 16/5/1389 23/4/1389 30/11/1389
f 1031/1116/1390 508/459/1390 30/11/1390
f 1069/456/1391 506/455/1391 9/1146/1391
f 1041/1120/1392 1044/1123/1392 1059/1133/1392
f 1071/1147/1393 1049/1127/1393 1033/1126/1393
f 286/261/1394 82/55/1394 547/259/1394
f 1061/1148/1395 1074/1149/1395 1073/1150/1395
f 1064/1151/1396 1088/1152/1396 1022/1137/1396
f 1052/1153/1397 1064/1151/1397 1022/1137/1397
f 182/157/1398 81/54/1398 180/155/1398
f 826/834/1399 1054/1140/1399 1053/835/1399
f 1065/1154/1400 180/155/1400 81/54/1400
f 1036/1131/1401 1066/410/1401 1055/412/1401
f 1066/410/1402 1056/1155/1402 1077/1156/1402
f 1036/1131/1403 1056/1155/1403 1066/410/1403
f 1055/412/1404 1029/1157/1404 1036/1131/1404
f 1001/1158/1405 1078/1159/1405 1056/1155/1405
f 1001/1158/1406 1079/1160/1406 1078/1159/1406
f 836/1143/1407 1079/1160/1407 1001/1158/1407
f 1057/1132/1408 1080/1161/1408 1037/408/1408
f 74/47/1409 1081/1162/1409 1057/1132/1409
f 1038/1114/1410 1081/1162/1410 74/47/1410
f 1038/1114/1411 1082/1163/1411 1081/1162/1411
f 1038/1114/1412 1068/1145/1412 1083/1164/1412
f 9/1146/1413 508/459/1413 1031/1116/1413
f 1044/1123/1414 1069/456/1414 1059/1133/1414
f 1045/1124/1415 1084/1165/1415 1044/1123/1415
f 1017/1085/1416 1084/1165/1416 1045/1124/1416
f 1017/1085/1417 1047/1101/1417 1084/1165/1417
f 1047/1166/1418 1046/1128/1418 1070/1167/1418
f 1060/1136/1419 1047/1166/1419 1019/1135/1419
f 1034/430/1420 180/155/1420 1072/429/1420
f 1071/1168/1421 1033/1169/1421 5/1170/1421
f 286/261/1422 281/260/1422 1072/429/1422
f 1073/1150/1423 336/1110/1423 1035/1109/1423
f 1035/1109/1424 1061/1148/1424 1073/1150/1424
f 1063/1171/1425 1061/1148/1425 1062/1172/1425
f 1022/1137/1426 1105/1173/1426 1062/1172/1426
f 1064/1151/1427 1052/1153/1427 1076/1174/1427
f 1066/410/1428 1077/1156/1428 1089/1139/1428
f 9/1146/1429 506/455/1429 508/459/1429
f 1047/1101/1430 1070/1175/1430 1084/1165/1430
f 1049/1127/1431 1092/1176/1431 1046/1128/1431
f 1071/1168/1432 544/496/1432 1093/1177/1432
f 1093/1177/1433 1049/1178/1433 1071/1168/1433
f 1103/1179/1434 1095/1180/1434 1096/1181/1434
f 1062/1172/1435 1086/1182/1435 1063/1171/1435
f 1062/1172/1436 1105/1173/1436 1086/1182/1436
f 1022/1137/1437 1088/1152/1437 1105/1173/1437
f 1065/1154/1438 81/54/1438 1051/53/1438
f 1052/1138/1439 827/836/1439 1053/835/1439
f 1054/1140/1440 469/411/1440 1089/1139/1440
f 1056/1155/1441 1127/1183/1441 1077/1156/1441
f 1056/1155/1442 1078/1159/1442 1127/1183/1442
f 1079/1160/1443 836/1143/1443 1067/1142/1443
f 1038/1114/1444 1083/1164/1444 1082/1163/1444
f 1090/1184/1445 1083/1164/1445 1068/1145/1445
f 1098/1185/1446 1083/1164/1446 1090/1184/1446
f 833/1072/1447 182/157/1447 181/156/1447
f 1059/1133/1448 1069/456/1448 9/1146/1448
f 1044/1123/1449 1120/1186/1449 1069/456/1449
f 1084/1165/1450 1120/1186/1450 1044/1123/1450
f 1084/1165/1451 1070/1175/1451 1112/1187/1451
f 1099/1188/1452 1070/1175/1452 1094/1189/1452
f 1092/1176/1453 1091/1190/1453 1101/1191/1453
f 1094/1192/1454 1070/1167/1454 1046/1128/1454
f 1071/1168/1455 5/1170/1455 1072/429/1455
f 5/1170/1456 1034/430/1456 1072/429/1456
f 1072/429/1457 544/496/1457 1071/1168/1457
f 1096/1181/1458 1102/1193/1458 1103/1179/1458
f 1074/1149/1459 1061/1148/1459 1085/1194/1459
f 1085/1194/1460 1104/1195/1460 1074/1149/1460
f 1085/1194/1461 1061/1148/1461 1063/1171/1461
f 1097/1196/1462 1087/1197/1462 1107/1198/1462
f 1089/1139/1463 1118/1199/1463 1087/1197/1463
f 1077/1156/1464 1108/1200/1464 1089/1139/1464
f 269/409/1465 1037/408/1465 1109/1201/1465
f 507/457/1466 509/458/1466 506/455/1466
f 1100/1202/1467 1111/1203/1467 1112/1187/1467
f 1046/1128/1468 1092/1176/1468 1094/1192/1468
f 1114/1204/1469 1091/1190/1469 1093/1205/1469
f 1092/1176/1470 1049/1127/1470 1091/1190/1470
f 249/233/1471 50/232/1471 22/280/1471
f 1096/1181/1472 1117/1206/1472 1115/1207/1472
f 1117/1206/1473 1096/1181/1473 1074/1149/1473
f 1074/1149/1474 1104/1195/1474 1117/1206/1474
f 1063/1171/1475 1104/1195/1475 1085/1194/1475
f 1086/1182/1476 1106/1208/1476 1063/1171/1476
f 1086/1182/1477 1105/1173/1477 1106/1208/1477
f 1087/1209/1478 1097/1210/1478 1088/1152/1478
f 1097/1196/1479 1126/1211/1479 1106/1212/1479
f 1037/408/1480 1080/1161/1480 1109/1201/1480
f 1057/1132/1481 1081/1162/1481 1080/1161/1481
f 1083/1164/1482 1098/1185/1482 1119/1213/1482
f 1084/1165/1483 1110/1214/1483 1120/1186/1483
f 1110/1214/1484 1084/1165/1484 1112/1187/1484
f 1112/1187/1485 1099/1188/1485 1100/1202/1485
f 1100/1215/1486 1092/1176/1486 1101/1191/1486
f 1122/1216/1487 1091/1190/1487 1114/1204/1487
f 1091/1190/1488 1049/1127/1488 1093/1205/1488
f 1115/1207/1489 1122/1216/1489 1114/1204/1489
f 1102/1193/1490 1115/1207/1490 1114/1204/1490
f 1116/1217/1491 1123/1218/1491 1115/1207/1491
f 1116/1217/1492 1115/1207/1492 1117/1206/1492
f 1063/1171/1493 1133/1219/1493 1104/1195/1493
f 1063/1171/1494 1106/1208/1494 1133/1219/1494
f 1125/1220/1495 1133/1219/1495 1106/1208/1495
f 159/177/1496 204/153/1496 95/111/1496
f 1118/1199/1497 1089/1139/1497 1152/1221/1497
f 1077/1156/1498 1127/1183/1498 1108/1200/1498
f 269/409/1499 1128/1222/1499 1067/1142/1499
f 1120/1186/1500 507/457/1500 1069/456/1500
f 1129/1223/1501 1120/1186/1501 1110/1214/1501
f 1121/1224/1502 1130/1225/1502 1141/1226/1502
f 1112/1187/1503 1070/1175/1503 1099/1188/1503
f 1110/1214/1504 1112/1187/1504 1121/1224/1504
f 1142/1227/1505 1101/1191/1505 1113/1228/1505
f 1131/1229/1506 1142/1227/1506 1113/1228/1506
f 1101/1191/1507 1091/1190/1507 1122/1216/1507
f 1093/1230/1508 1124/1231/1508 1114/1232/1508
f 1115/1207/1509 1123/1218/1509 1122/1216/1509
f 1102/1193/1510 1096/1181/1510 1115/1207/1510
f 1087/1197/1511 1118/1199/1511 1107/1198/1511
f 1127/1183/1512 1078/1159/1512 1135/1233/1512
f 1078/1159/1513 1079/1160/1513 1135/1233/1513
f 1082/1163/1514 1137/1234/1514 1081/1162/1514
f 1139/1235/1515 1140/1236/1515 1120/1186/1515
f 1160/1237/1516 1121/1224/1516 1111/1203/1516
f 1121/1224/1517 1112/1187/1517 1111/1203/1517
f 1100/1238/1518 1142/1239/1518 1111/1203/1518
f 1101/1191/1519 1142/1227/1519 1100/1215/1519
f 1101/1191/1520 1122/1216/1520 1113/1228/1520
f 1143/1240/1521 1123/1218/1521 1116/1217/1521
f 1104/1195/1522 1133/1219/1522 1117/1206/1522
f 1133/1219/1523 1125/1220/1523 1144/1241/1523
f 1089/1139/1524 1145/1242/1524 1152/1221/1524
f 1108/1200/1525 1145/1242/1525 1089/1139/1525
f 1067/1142/1526 1135/1233/1526 1079/1160/1526
f 1139/1235/1527 38/19/1527 1140/1236/1527
f 1141/1226/1528 1139/1235/1528 1129/1223/1528
f 1160/1237/1529 1111/1203/1529 1142/1239/1529
f 1148/1243/1530 1142/1227/1530 1131/1229/1530
f 1123/1218/1531 1149/1244/1531 1131/1229/1531
f 1132/1245/1532 1150/1246/1532 1116/1217/1532
f 1117/1206/1533 1133/1219/1533 1132/1245/1533
f 1126/1211/1534 1151/1247/1534 1134/1248/1534
f 1107/1198/1535 1151/1247/1535 1126/1211/1535
f 1108/1200/1536 1127/1183/1536 1145/1242/1536
f 1128/1222/1537 1153/1249/1537 1067/1142/1537
f 1080/1161/1538 1136/1250/1538 1109/1201/1538
f 1081/1162/1539 1154/1251/1539 1080/1161/1539
f 1081/1162/1540 1137/1234/1540 1154/1251/1540
f 1119/1213/1541 1082/1163/1541 1083/1164/1541
f 1157/1252/1542 1156/1253/1542 1158/672/1542
f 372/1254/1543 1158/672/1543 1147/1255/1543
f 372/1254/1544 1147/1255/1544 1146/1256/1544
f 1141/1226/1545 38/19/1545 1139/1235/1545
f 1159/1257/1546 38/19/1546 1141/1226/1546
f 1195/1258/1547 1161/1259/1547 1196/1260/1547
f 1161/1259/1548 1160/1261/1548 1142/1227/1548
f 1161/1259/1549 1142/1227/1549 1148/1243/1549
f 1131/1229/1550 1211/1262/1550 1148/1243/1550
f 1131/1229/1551 1149/1244/1551 1211/1262/1551
f 1150/1246/1552 1143/1240/1552 1116/1217/1552
f 1150/1246/1553 1132/1245/1553 1133/1219/1553
f 1126/1211/1554 1162/1263/1554 1144/1264/1554
f 57/88/1555 95/111/1555 204/153/1555
f 1151/1247/1556 1184/1265/1556 1134/1248/1556
f 1118/1199/1557 1151/1247/1557 1107/1198/1557
f 1152/1221/1558 1151/1247/1558 1118/1199/1558
f 1135/1233/1559 1163/1266/1559 1127/1183/1559
f 1067/1142/1560 1153/1249/1560 1164/1267/1560
f 1128/1222/1561 1109/1201/1561 1153/1249/1561
f 1136/1250/1562 1080/1161/1562 1154/1251/1562
f 1098/1268/1563 1165/1269/1563 1119/1270/1563
f 1138/1271/1564 1165/1269/1564 1098/1268/1564
f 1166/1272/1565 1165/1269/1565 1138/1271/1565
f 1156/1253/1566 1167/1273/1566 1155/1274/1566
f 1156/1253/1567 1157/1252/1567 1167/1273/1567
f 1158/672/1568 372/1254/1568 1157/1252/1568
f 372/1254/1569 1168/1275/1569 375/1276/1569
f 1172/1277/1570 1173/1278/1570 1174/1279/1570
f 1176/1280/1571 1177/1281/1571 1178/1282/1571
f 1181/1283/1572 1173/1278/1572 1179/1284/1572
f 1141/1226/1573 1130/1225/1573 1159/1257/1573
f 1148/1243/1574 1182/1285/1574 1161/1259/1574
f 1143/1240/1575 1149/1244/1575 1123/1218/1575
f 1143/1240/1576 1150/1246/1576 1149/1244/1576
f 1150/1246/1577 1133/1219/1577 1183/1286/1577
f 1183/1286/1578 1133/1219/1578 1144/1241/1578
f 148/170/1579 108/79/1579 193/142/1579
f 1145/1242/1580 1200/1287/1580 1152/1221/1580
f 1127/1183/1581 1163/1266/1581 1145/1242/1581
f 1164/1267/1582 1135/1233/1582 1067/1142/1582
f 1109/1201/1561 1185/1288/1561 1153/1249/1561
f 1136/1250/1583 1185/1288/1583 1109/1201/1583
f 1137/1234/1584 1186/1289/1584 1154/1251/1584
f 1137/1234/1585 1082/1163/1585 1186/1289/1585
f 20/3/1586 1373/745/1586 3/1/1586
f 372/1254/1587 1188/1290/1587 1187/1291/1587
f 375/1276/1588 1168/1275/1588 376/1292/1588
f 1188/1290/1589 372/1254/1589 375/1276/1589
f 376/1293/1590 1189/1294/1590 375/1295/1590
f 441/396/1591 1013/395/1591 478/536/1591
f 1171/1296/1592 1190/1297/1592 1169/1298/1592
f 1169/1298/1593 1177/1281/1593 1171/1296/1593
f 1171/1296/1594 1176/1280/1594 1170/1299/1594
f 1177/1281/1595 1176/1280/1595 1171/1296/1595
f 1176/1280/1596 1175/1300/1596 1170/1299/1596
f 1178/1301/1597 1180/1013/1597 1179/1302/1597
f 1178/1282/1598 1173/1303/1598 1176/1280/1598
f 1180/1013/1599 361/1012/1599 1192/1304/1599
f 1192/1304/1600 1179/1302/1600 1180/1013/1600
f 1193/1305/1601 1194/1306/1601 354/1307/1601
f 1194/1306/1602 1193/1305/1602 1159/1308/1602
f 125/169/1603 108/79/1603 148/170/1603
f 1130/1225/1604 1194/1309/1604 1159/1257/1604
f 1130/1225/1605 1160/1237/1605 1194/1309/1605
f 1182/1285/1606 1196/1260/1606 1161/1259/1606
f 1148/1243/1607 1211/1262/1607 1182/1285/1607
f 1149/1244/1608 1197/1310/1608 1211/1262/1608
f 1149/1244/1609 1150/1246/1609 1197/1310/1609
f 1151/1247/1610 1199/1311/1610 1184/1265/1610
f 1152/1221/1611 1199/1311/1611 1151/1247/1611
f 1163/1266/1612 1200/1287/1612 1145/1242/1612
f 1154/1251/1613 1185/1288/1613 1136/1250/1613
f 1154/1251/1614 1186/1289/1614 1231/1312/1614
f 1082/1163/1615 1201/1313/1615 1186/1289/1615
f 1082/1314/1616 1165/1269/1616 1201/1315/1616
f 1119/1270/1617 1165/1269/1617 1082/1314/1617
f 493/757/1618 384/325/1618 386/1316/1618
f 1167/1273/1619 1157/1252/1619 1187/1291/1619
f 1157/1252/1620 372/1254/1620 1187/1291/1620
f 375/1295/1621 1189/1294/1621 944/1317/1621
f 944/1318/1622 1188/1290/1622 375/1276/1622
f 1189/1294/1623 313/1319/1623 312/1320/1623
f 1203/1321/1624 1204/1322/1624 1202/1323/1624
f 824/830/1625 821/828/1625 822/827/1625
f 824/830/1626 1190/1297/1626 821/828/1626
f 957/1324/1627 1169/1298/1627 1190/1297/1627
f 1170/1299/1628 1190/1297/1628 1171/1296/1628
f 1179/1325/1629 1173/1303/1629 1178/1282/1629
f 1192/1326/1630 1206/1327/1630 1179/1284/1630
f 1206/1327/1631 1192/1326/1631 1207/1328/1631
f 1206/1329/1632 1207/1330/1632 1208/1331/1632
f 1207/1330/1633 1209/1332/1633 1208/1331/1633
f 1210/1333/1634 355/1334/1634 354/1307/1634
f 354/1335/1635 1194/1309/1635 1210/1336/1635
f 1194/1337/1636 1195/1258/1636 1210/1338/1636
f 1213/1339/1637 1212/1340/1637 1198/1341/1637
f 109/80/1638 108/79/1638 124/1342/1638
f 1135/1233/1639 1164/1267/1639 1214/1343/1639
f 1153/1249/1640 1185/1288/1640 1215/1344/1640
f 493/757/1641 386/1316/1641 497/1345/1641
f 1155/1274/1642 497/1345/1642 386/1316/1642
f 1167/1273/1643 497/1345/1643 1155/1274/1643
f 1189/1294/1644 312/1320/1644 944/1346/1644
f 944/1318/1645 942/1347/1645 1188/1290/1645
f 1217/1348/1646 944/1318/1646 415/964/1646
f 415/964/1647 944/1318/1647 312/962/1647
f 1220/1349/1648 1219/1350/1648 1218/1351/1648
f 1219/1350/1649 1220/1349/1649 1202/1352/1649
f 1202/1352/1650 822/827/1650 1219/1350/1650
f 1202/1352/1651 825/831/1651 822/827/1651
f 825/1353/1652 1202/1323/1652 1204/1322/1652
f 825/1353/1653 1204/1322/1653 823/1354/1653
f 821/828/1654 1222/1355/1654 1243/826/1654
f 1222/1355/1655 821/828/1655 1190/1297/1655
f 1190/1297/1656 1170/1299/1656 1222/1355/1656
f 1175/1300/1657 1222/1355/1657 1170/1299/1657
f 102/72/1658 85/1356/1658 103/73/1658
f 1191/1357/1659 1176/1280/1659 1173/1303/1659
f 1205/1358/1660 1179/1284/1660 1206/1327/1660
f 1223/1359/1661 1205/1358/1661 1206/1327/1661
f 1223/1359/1662 1206/1327/1662 1208/1360/1662
f 355/1334/1663 1210/1361/1663 1208/1331/1663
f 1196/1260/1664 1182/1285/1664 1225/1362/1664
f 1182/1285/1665 1211/1262/1665 1225/1362/1665
f 1246/1363/1666 1263/1364/1666 1227/1365/1666
f 1229/1366/1667 1150/1246/1667 1212/1367/1667
f 1162/1263/1668 1236/1368/1668 1198/1341/1668
f 1162/1263/1669 1134/1248/1669 1236/1368/1669
f 1152/1221/1670 1200/1287/1670 1199/1311/1670
f 1200/1287/1671 1247/1369/1671 1199/1311/1671
f 1214/1343/1672 1163/1266/1672 1135/1233/1672
f 1201/1315/1673 1216/1370/1673 1186/1371/1673
f 1165/1269/1674 1238/1372/1674 1201/1315/1674
f 1165/1269/1675 615/1373/1675 1238/1372/1675
f 1166/1272/1676 615/1373/1676 1165/1269/1676
f 614/1374/1677 615/1373/1677 1166/1272/1677
f 1167/1273/1678 1232/1375/1678 497/1345/1678
f 1187/1291/1679 1232/1375/1679 1167/1273/1679
f 1187/1291/1680 942/1347/1680 1232/1375/1680
f 942/1347/1681 944/1318/1681 1217/1348/1681
f 1233/1376/1682 1217/1348/1682 415/964/1682
f 415/964/1683 1218/1351/1683 1233/1376/1683
f 1219/1350/1684 1233/1376/1684 1218/1351/1684
f 1242/1377/1685 1241/1378/1685 1233/1376/1685
f 1222/1355/1686 1175/1300/1686 1243/826/1686
f 1191/1357/1687 1172/1379/1687 1234/1380/1687
f 1/1381/1688 1252/1382/1688 1234/1380/1688
f 1196/1260/1689 1254/1383/1689 1224/1384/1689
f 1196/1260/1690 1225/1362/1690 1254/1383/1690
f 1211/1262/1691 1226/1385/1691 1225/1362/1691
f 1246/1363/1692 1245/1386/1692 1263/1364/1692
f 1235/1387/1693 1228/1388/1693 1213/1339/1693
f 1198/1341/1694 1235/1387/1694 1213/1339/1694
f 1198/1341/1695 1236/1368/1695 1235/1387/1695
f 1134/1248/1696 1237/1389/1696 1236/1368/1696
f 1184/1265/1697 1237/1389/1697 1134/1248/1697
f 1215/1344/1698 1164/1267/1698 1153/1249/1698
f 1154/1251/1699 1231/1312/1699 1185/1288/1699
f 1216/1390/1700 1231/1312/1700 1186/1289/1700
f 1201/1315/1701 1238/1372/1701 1216/1370/1701
f 1232/1375/1702 1239/1391/1702 497/1345/1702
f 1217/1348/1703 1233/1376/1703 1240/1392/1703
f 1240/1392/1704 942/1347/1704 1217/1348/1704
f 1241/1378/1705 1251/1393/1705 1240/1392/1705
f 1241/1378/1706 1240/1392/1706 1233/1376/1706
f 1233/1376/1707 1219/1350/1707 1242/1377/1707
f 1243/826/1708 1175/1300/1708 820/1394/1708
f 1205/1358/1709 1244/1395/1709 1181/1283/1709
f 1244/1395/1710 1205/1358/1710 1223/1359/1710
f 1208/1360/1711 1210/1338/1711 1223/1359/1711
f 1223/1359/1712 1210/1338/1712 1195/1258/1712
f 1224/1384/1713 1223/1359/1713 1195/1258/1713
f 1224/1384/1714 1195/1258/1714 1196/1260/1714
f 1211/1262/1715 1197/1310/1715 1226/1385/1715
f 1197/1310/1716 1150/1246/1716 1229/1366/1716
f 1228/1388/1717 1245/1386/1717 1246/1363/1717
f 1200/1287/1718 1230/1396/1718 1247/1369/1718
f 1214/1343/1719 1230/1396/1719 1163/1266/1719
f 1185/1288/1720 1231/1312/1720 1215/1344/1720
f 1391/610/1721 50/232/1721 1380/1397/1721
f 497/1345/1722 1249/1398/1722 493/757/1722
f 497/1345/1723 1239/1391/1723 1249/1398/1723
f 1250/1399/1724 942/1347/1724 1251/1393/1724
f 942/1347/1725 1240/1392/1725 1251/1393/1725
f 1234/1380/1726 820/1394/1726 1175/1300/1726
f 1174/1279/1727 1181/1283/1727 1253/1400/1727
f 1244/1395/1728 1253/1400/1728 1181/1283/1728
f 1244/1395/1729 1223/1359/1729 1224/1384/1729
f 1235/1387/1730 1279/1401/1730 1228/1388/1730
f 1184/1265/1731 1256/1402/1731 1237/1389/1731
f 1199/1311/1732 1247/1369/1732 1256/1402/1732
f 1164/1267/1733 1257/1403/1733 1214/1343/1733
f 1258/1404/1734 1215/1344/1734 1231/1312/1734
f 1216/1390/1735 1248/1405/1735 1231/1312/1735
f 1259/1406/1736 615/1373/1736 614/1374/1736
f 942/1347/1737 1239/1391/1737 1232/1375/1737
f 942/1347/1738 1250/1399/1738 1239/1391/1738
f 1242/1377/1739 1271/1407/1739 1241/1378/1739
f 1242/1377/1740 1261/1408/1740 1272/1409/1740
f 1243/826/1741 1261/1408/1741 1242/1377/1741
f 820/1394/1742 1261/1408/1742 1243/826/1742
f 820/1394/1743 1234/1380/1743 819/1410/1743
f 1252/1382/1744 764/1411/1744 1234/1380/1744
f 1/1381/1745 1172/1379/1745 1174/1412/1745
f 1244/1395/1746 1224/1384/1746 1253/1400/1746
f 1253/1400/1747 1224/1384/1747 1254/1383/1747
f 1254/1383/1748 1225/1362/1748 1255/1413/1748
f 1225/1362/1749 1226/1385/1749 1255/1413/1749
f 1227/1414/1750 1255/1413/1750 1226/1385/1750
f 1229/1415/1751 1227/1365/1751 1226/1416/1751
f 1228/1388/1752 1279/1401/1752 1245/1386/1752
f 1236/1368/1753 1264/1417/1753 1235/1387/1753
f 1199/1311/1754 1256/1402/1754 1184/1265/1754
f 1230/1396/1755 1265/1418/1755 1247/1369/1755
f 1215/1344/1756 1257/1403/1756 1164/1267/1756
f 1248/1405/1757 1258/1404/1757 1231/1312/1757
f 1248/1405/1758 1266/1419/1758 1258/1404/1758
f 1238/1372/1759 1267/1420/1759 1216/1370/1759
f 615/1373/1760 1267/1420/1760 1238/1372/1760
f 1259/1406/1761 1267/1420/1761 615/1373/1761
f 1249/1398/1762 1269/1421/1762 1268/1422/1762
f 1270/1423/1763 1249/1398/1763 1239/1391/1763
f 1241/1378/1764 1271/1407/1764 1260/1424/1764
f 1272/1409/1765 1271/1407/1765 1242/1377/1765
f 820/1394/1766 819/1410/1766 1261/1408/1766
f 764/1411/1767 819/1410/1767 1234/1380/1767
f 1253/1400/1768 1276/1425/1768 1174/1279/1768
f 1254/1383/1769 1255/1413/1769 1276/1425/1769
f 1245/1386/1770 1279/1401/1770 1287/1426/1770
f 1235/1387/1771 1288/1427/1771 1279/1401/1771
f 1236/1368/1772 1237/1389/1772 1264/1417/1772
f 1247/1369/1773 1292/1428/1773 1256/1402/1773
f 1247/1369/1774 1265/1418/1774 1292/1428/1774
f 1280/1429/1775 1265/1418/1775 1230/1396/1775
f 1230/1396/1776 1214/1343/1776 1280/1429/1776
f 1215/1344/1777 1258/1404/1777 1257/1403/1777
f 1248/1430/1778 1281/1431/1778 1266/1432/1778
f 1216/1370/1779 1281/1431/1779 1248/1430/1779
f 1216/1370/1780 1267/1420/1780 1281/1431/1780
f 1268/1422/1781 526/469/1781 1249/1398/1781
f 1270/1423/1782 1269/1421/1782 1249/1398/1782
f 1250/1399/1783 1283/1433/1783 1239/1391/1783
f 1251/1393/1784 1283/1433/1784 1250/1399/1784
f 1251/1393/1785 1260/1424/1785 1290/1434/1785
f 1241/1378/1786 1260/1424/1786 1251/1393/1786
f 764/1411/1787 1273/1435/1787 569/770/1787
f 1275/1436/1788 1273/1435/1788 1274/1437/1788
f 1174/1412/1789 1276/1438/1789 1/1381/1789
f 1285/1439/1790 1276/1438/1790 1278/1440/1790
f 1276/1425/1791 1255/1413/1791 1277/1441/1791
f 1262/1442/1792 1278/1440/1792 1263/1364/1792
f 1245/1386/1793 1286/1443/1793 1263/1364/1793
f 1245/1386/1794 1287/1426/1794 1286/1443/1794
f 1235/1387/1795 1264/1417/1795 1288/1427/1795
f 1214/1343/1796 1257/1403/1796 1280/1429/1796
f 1267/1420/1797 1282/1444/1797 1281/1431/1797
f 1284/1445/1798 1268/1422/1798 1269/1421/1798
f 1251/1393/1799 1290/1434/1799 1283/1433/1799
f 1261/1408/1800 819/1410/1800 1272/1409/1800
f 1285/1439/1801 1300/1446/1801 1275/1436/1801
f 1285/1439/1802 1275/1436/1802 1274/1437/1802
f 1291/1447/1803 1262/1442/1803 1263/1364/1803
f 1286/1443/1804 1291/1447/1804 1263/1364/1804
f 1264/1417/1805 1237/1389/1805 1323/1448/1805
f 1257/1403/1806 1258/1404/1806 1289/1449/1806
f 1266/1419/1807 1302/1450/1807 1258/1404/1807
f 1282/1444/1808 1316/1451/1808 1281/1431/1808
f 765/1452/1809 1282/1444/1809 1267/1420/1809
f 1294/1453/1810 1308/1454/1810 1290/1434/1810
f 303/937/1811 923/1455/1811 307/1456/1811
f 1275/1436/1812 1300/1446/1812 1273/1435/1812
f 1285/1439/1813 1262/1442/1813 1300/1446/1813
f 1288/1427/1814 1287/1426/1814 1279/1401/1814
f 1237/1389/1815 1292/1428/1815 1323/1448/1815
f 1256/1402/1816 1292/1428/1816 1237/1389/1816
f 1289/1449/1817 1280/1429/1817 1257/1403/1817
f 1258/1404/1818 1302/1450/1818 1289/1449/1818
f 1266/1432/1819 1303/1457/1819 1302/1458/1819
f 1281/1431/1820 1303/1457/1820 1266/1432/1820
f 1281/1431/1821 1304/1459/1821 1303/1457/1821
f 1305/1460/1822 1282/1444/1822 765/1452/1822
f 1306/1461/1823 1293/599/1823 1284/1445/1823
f 1306/1461/1824 1284/1445/1824 1307/1462/1824
f 1270/1423/1825 1283/1433/1825 1308/1454/1825
f 1307/1462/1826 1270/1423/1826 1308/1454/1826
f 1272/1409/1827 1297/1463/1827 1271/1407/1827
f 1310/1464/1828 1308/1454/1828 1294/1453/1828
f 915/930/1829 325/301/1829 912/924/1829
f 530/473/1830 323/931/1830 356/299/1830
f 1273/1435/1831 1321/1465/1831 1299/1466/1831
f 1273/1435/1832 1300/1446/1832 1321/1465/1832
f 1292/1428/1833 1315/1467/1833 1323/1448/1833
f 1292/1428/1834 1265/1418/1834 1315/1467/1834
f 1281/1431/1835 1316/1451/1835 1304/1459/1835
f 1282/1444/1836 1317/1468/1836 1316/1451/1836
f 1318/1469/1837 1306/1461/1837 1307/1462/1837
f 1310/1464/1838 1295/1470/1838 1309/1471/1838
f 1319/1472/1839 1308/1454/1839 1310/1464/1839
f 599/539/1840 608/551/1840 562/347/1840
f 1312/1473/1841 1296/1474/1841 770/771/1841
f 770/771/1842 1296/1474/1842 1298/772/1842
f 1288/1427/1843 1264/1417/1843 1322/1475/1843
f 1265/1418/1844 1280/1429/1844 1301/1476/1844
f 1306/1461/1845 301/583/1845 1293/599/1845
f 1319/1472/1846 1325/1477/1846 1318/1469/1846
f 1309/1471/1847 1326/1478/1847 1310/1464/1847
f 1321/1465/1848 1313/1479/1848 1299/1466/1848
f 1291/1447/1849 1327/1480/1849 1314/1481/1849
f 1286/1443/1850 1327/1480/1850 1291/1447/1850
f 1287/1426/1851 1327/1480/1851 1286/1443/1851
f 1287/1426/1852 1337/1482/1852 1327/1480/1852
f 1288/1427/1853 1322/1475/1853 1287/1426/1853
f 1264/1417/1854 1338/1483/1854 1322/1475/1854
f 1323/1448/1855 1338/1483/1855 1264/1417/1855
f 1265/1418/1856 1328/1484/1856 1315/1467/1856
f 1265/1418/1857 1301/1476/1857 1328/1484/1857
f 1280/1429/1858 1324/1485/1858 1301/1476/1858
f 1324/1485/1859 1280/1429/1859 1289/1449/1859
f 1302/1450/1860 1324/1485/1860 1289/1449/1860
f 1282/1444/1861 1330/1486/1861 1317/1468/1861
f 1305/1460/1862 1330/1486/1862 1282/1444/1862
f 1318/1469/1863 1331/1487/1863 1306/1461/1863
f 1311/1488/1864 1333/1489/1864 1309/1471/1864
f 1296/1474/1865 1312/1473/1865 1320/1490/1865
f 1300/1446/1866 1262/1442/1866 1334/1491/1866
f 1291/1447/1867 1335/1492/1867 1262/1442/1867
f 1291/1447/1868 1314/1481/1868 1335/1492/1868
f 1323/1448/1869 1315/1467/1869 1338/1483/1869
f 1339/1493/1870 1338/1483/1870 1315/1467/1870
f 1315/1467/1871 1328/1484/1871 1339/1493/1871
f 1302/1450/1872 1329/1494/1872 1324/1485/1872
f 1303/1457/1873 1329/1495/1873 1302/1496/1873
f 1303/1457/1874 1341/1497/1874 1329/1495/1874
f 1303/1457/1875 1304/1459/1875 1341/1497/1875
f 1306/1461/1876 1331/1487/1876 301/583/1876
f 1326/1478/1877 1325/1477/1877 1310/1464/1877
f 1320/1490/1878 1333/1489/1878 1311/1488/1878
f 1327/1480/1879 1336/1498/1879 1314/1481/1879
f 1287/1426/1880 1322/1475/1880 1337/1482/1880
f 1304/1459/1881 1316/1451/1881 1341/1497/1881
f 1330/1486/1882 308/754/1882 1317/1468/1882
f 411/1499/1883 761/752/1883 308/754/1883
f 1326/1478/1884 1309/1471/1884 1332/1500/1884
f 1309/1471/1885 1333/1489/1885 1332/1500/1885
f 1320/1490/1886 1342/1501/1886 1333/1489/1886
f 1312/1473/1887 1352/1502/1887 1320/1490/1887
f 1321/1465/1888 1352/1502/1888 1312/1473/1888
f 1300/1446/1889 1343/1503/1889 1321/1465/1889
f 1262/1442/1890 1335/1492/1890 1334/1491/1890
f 1301/1476/1891 1344/1504/1891 1328/1484/1891
f 1329/1495/1892 1340/1505/1892 1324/1506/1892
f 1341/1497/1893 1340/1505/1893 1329/1495/1893
f 308/754/1894 1330/1486/1894 411/1499/1894
f 1321/1465/1895 1343/1503/1895 1352/1502/1895
f 1300/1446/1896 1334/1491/1896 1343/1503/1896
f 1338/1483/1897 1339/1493/1897 1349/1507/1897
f 1324/1485/1898 1344/1504/1898 1301/1476/1898
f 1317/1468/1899 1350/1508/1899 1316/1451/1899
f 1325/1477/1900 1331/1487/1900 1318/1469/1900
f 1352/1502/1901 1345/1509/1901 1320/1490/1901
f 1335/1492/1902 1346/1510/1902 1334/1491/1902
f 1314/1481/1903 1346/1510/1903 1335/1492/1903
f 1336/1498/1904 1346/1510/1904 1314/1481/1904
f 1327/1480/1905 1347/1511/1905 1336/1498/1905
f 1337/1482/1906 1347/1511/1906 1327/1480/1906
f 1322/1475/1907 1348/1512/1907 1337/1482/1907
f 1338/1483/1908 1349/1507/1908 1322/1475/1908
f 1339/1493/1909 1344/1504/1909 1360/1513/1909
f 1344/1504/1910 1339/1493/1910 1328/1484/1910
f 1344/1504/1911 1324/1485/1911 1353/1514/1911
f 1340/1505/1912 1354/1515/1912 1324/1506/1912
f 1316/1451/1913 1350/1508/1913 1341/1497/1913
f 1317/1468/1914 1351/753/1914 1350/1508/1914
f 1317/1468/1915 308/754/1915 1351/753/1915
f 1326/1478/1916 1331/1487/1916 1325/1477/1916
f 1342/1501/1917 1320/1490/1917 1345/1509/1917
f 1337/1482/1918 1348/1512/1918 1347/1511/1918
f 1322/1475/1919 1349/1507/1919 1348/1512/1919
f 1324/1506/1920 1354/1515/1920 1353/1516/1920
f 1326/1478/1921 1355/1517/1921 1331/1487/1921
f 1333/1489/1922 1356/1518/1922 1332/1500/1922
f 1342/1501/1923 1356/1518/1923 1333/1489/1923
f 1334/1491/1924 1357/1519/1924 1343/1503/1924
f 1346/1510/1925 1357/1519/1925 1334/1491/1925
f 1336/1498/1926 1358/1520/1926 1346/1510/1926
f 1336/1498/1927 1359/1521/1927 1358/1520/1927
f 1347/1511/1928 1359/1521/1928 1336/1498/1928
f 1349/1507/1929 1339/1493/1929 1348/1512/1929
f 1344/1522/1930 1353/1516/1930 1364/1523/1930
f 1341/1497/1931 1361/1524/1931 1340/1505/1931
f 1341/1497/1932 1350/1508/1932 1361/1524/1932
f 666/120/1933 2/766/1933 767/768/1933
f 1345/1509/1934 1363/1525/1934 1342/1501/1934
f 1346/1510/1935 1358/1520/1935 1357/1519/1935
f 1348/1512/1936 1359/1521/1936 1347/1511/1936
f 1360/1526/1937 1348/1512/1937 1339/1493/1937
f 1344/1522/1938 1364/1523/1938 1360/1526/1938
f 1377/1527/1939 1353/1516/1939 1354/1515/1939
f 1350/1508/1940 1365/1528/1940 1361/1524/1940
f 1332/1500/1941 1355/1517/1941 1326/1478/1941
f 1355/1517/1942 1332/1500/1942 1356/1518/1942
f 1352/1502/1943 1363/1525/1943 1345/1509/1943
f 1352/1502/1944 1343/1503/1944 1357/1519/1944
f 1358/1520/1945 1368/1529/1945 1357/1519/1945
f 1359/1521/1946 1368/1529/1946 1358/1520/1946
f 1348/1512/1947 1369/1530/1947 1359/1521/1947
f 1360/1526/1948 1369/1530/1948 1348/1512/1948
f 1364/1523/1949 1353/1516/1949 1377/1527/1949
f 1340/1505/1950 1361/1524/1950 1354/1515/1950
f 1362/1531/1951 1370/1532/1951 761/752/1951
f 1371/1533/1952 1372/1534/1952 1362/1531/1952
f 240/185/1953 1373/745/1953 46/24/1953
f 1366/1535/1954 301/583/1954 1331/1487/1954
f 1355/1517/1955 1366/1535/1955 1331/1487/1955
f 1367/1536/1956 1356/1518/1956 1342/1501/1956
f 1363/1525/1957 1367/1536/1957 1342/1501/1957
f 1357/1519/1958 1374/1537/1958 1352/1502/1958
f 1375/1538/1959 1368/1529/1959 1359/1521/1959
f 1359/1521/1960 1369/1530/1960 1375/1538/1960
f 1360/1526/1961 1364/1523/1961 1369/1530/1961
f 1377/1527/1962 1354/1515/1962 1378/1539/1962
f 1370/1532/1963 1351/753/1963 761/752/1963
f 1372/1534/1964 1370/1532/1964 1362/1531/1964
f 230/502/1965 587/438/1965 233/816/1965
f 1363/1525/1966 1376/1540/1966 1367/1536/1966
f 1374/1537/1967 1363/1525/1967 1352/1502/1967
f 1374/1537/1968 1376/1540/1968 1363/1525/1968
f 1357/1519/1969 1368/1529/1969 1374/1537/1969
f 1374/1537/1970 1368/1529/1970 1375/1538/1970
f 1361/1524/1971 1386/1541/1971 1378/1539/1971
f 1365/1528/1972 1386/1541/1972 1361/1524/1972
f 1350/1508/1973 1379/394/1973 1365/1528/1973
f 1351/753/1974 1379/394/1974 1350/1508/1974
f 301/583/1975 1366/1535/1975 1380/1397/1975
f 1355/1517/1976 1381/1542/1976 1366/1535/1976
f 1356/1518/1977 1367/1536/1977 1382/1543/1977
f 1383/1544/1978 1375/1538/1978 1369/1530/1978
f 1364/1523/1979 1377/1527/1979 1369/1530/1979
f 1361/1524/1980 1378/1539/1980 1354/1515/1980
f 1379/394/1981 1386/1541/1981 1365/1528/1981
f 1370/1532/1982 1379/394/1982 1351/753/1982
f 1370/1532/1983 1372/1534/1983 1379/394/1983
f 240/185/1984 301/583/1984 1373/745/1984
f 1356/1518/1985 1382/1543/1985 1355/1517/1985
f 1374/1537/1986 1383/1544/1986 1376/1540/1986
f 1383/1544/1987 1374/1537/1987 1375/1538/1987
f 1369/1530/1988 1384/1545/1988 1383/1544/1988
f 1377/1527/1989 1384/1545/1989 1369/1530/1989
f 1372/1534/1990 947/1546/1990 1379/394/1990
f 301/583/1991 1380/1397/1991 1373/745/1991
f 1382/1543/1992 1381/1542/1992 1355/1517/1992
f 1385/1547/1993 1367/1536/1993 1376/1540/1993
f 1383/1544/1994 1385/1547/1994 1376/1540/1994
f 1383/1544/1995 1384/1545/1995 1385/1547/1995
f 1378/1539/1996 1384/1545/1996 1377/1527/1996
f 1378/1539/1997 1387/1548/1997 1384/1545/1997
f 1382/1543/1998 492/1066/1998 1381/1542/1998
f 1386/1541/1999 1389/1549/1999 1378/1539/1999
f 1379/394/2000 1390/404/2000 1386/1541/2000
f 897/1550/2001 947/1546/2001 927/1551/2001
f 1381/1542/2002 1380/1397/2002 1366/1535/2002
f 1381/1542/2003 1391/610/2003 1380/1397/2003
f 1367/1536/2004 1388/1552/2004 1382/1543/2004
f 1385/1547/2005 1388/1552/2005 1367/1536/2005
f 1388/1552/2006 1385/1547/2006 1384/1545/2006
f 1384/1545/2007 1387/1548/2007 1388/1552/2007
f 1378/1539/2008 1389/1549/2008 1387/1548/2008
f 1388/1552/2009 492/1066/2009 1382/1543/2009
f 1387/1548/2010 1392/405/2010 1388/1552/2010
f 1387/1548/2011 1389/1549/2011 1392/405/2011
f 1386/1541/2012 1390/404/2012 1389/1549/2012
f 947/1546/2013 22/280/2013 1379/394/2013
f 897/1550/2014 22/280/2014 947/1546/2014
f 1388/1552/2015 1392/405/2015 492/1066/2015
f 3/1/2016 1373/745/2016 97/231/2016
f 1381/1542/2017 478/536/2017 1391/610/2017
f 492/1066/2018 478/536/2018 1381/1542/2018
f 1389/1549/2019 1390/404/2019 1392/405/2019
f 897/1550/2020 316/279/2020 22/280/2020
f 815/842/2021 897/1550/2021 898/1553/2021
f 1394/1554/2022 815/842/2022 1393/1555/2022
f 815/842/2023 316/279/2023 897/1550/2023
f 1395/1556/2024 97/231/2024 249/233/2024
f 1380/1397/2025 50/232/2025 1373/745/2025
f 1395/1556/2026 249/233/2026 815/842/2026
f 815/842/2027 898/1553/2027 1393/1555/2027
f 898/1553/2028 897/1550/2028 927/1551/2028
f 927/1551/2029 947/1546/2029 1396/1557/2029
f 947/1546/2030 1372/1534/2030 1396/1557/2030
f 1372/1534/2031 1371/1533/2031 1396/1557/2031
f 1371/1533/2032 1362/1531/2032 419/717/2032
f 1362/1531/2033 761/752/2033 739/724/2033
f 761/752/2034 411/1499/2034 739/724/2034
f 739/724/2035 411/1499/2035 768/1558/2035
f 411/1499/2036 1305/1460/2036 768/1558/2036
f 411/1499/2037 1330/1486/2037 1305/1460/2037
f 765/1452/2038 1267/1420/2038 1259/1406/2038
f 1004/1097/2039 71/44/2039 1003/1559/2039
f 293/1560/2040 292/266/2040 291/265/2040
f 293/986/2041 291/265/2041 843/984/2041
f 913/922/2042 911/921/2042 910/927/2042
f 530/473/2043 529/472/2043 531/762/2043
f 10/741/2044 531/762/2044 529/472/2044
f 894/904/2045 536/476/2045 891/896/2045
f 895/1561/2046 534/474/2046 894/904/2046
f 894/904/2047 416/905/2047 895/1561/2047
f 11/876/2048 12/873/2048 869/877/2048
f 875/883/2049 869/877/2049 873/881/2049
f 869/877/2050 875/883/2050 11/876/2050
f 418/871/2051 617/558/2051 619/560/2051
f 619/560/2052 618/559/2052 768/1562/2052
f 616/561/2053 653/608/2053 646/607/2053
f 396/1563/2054 592/1564/2054 1396/1557/2054
f 710/676/2055 721/697/2055 722/696/2055
f 711/679/2056 713/678/2056 714/699/2056
f 369/444/2057 443/373/2057 410/682/2057
f 443/373/2058 398/375/2058 715/683/2058
f 686/649/2059 432/648/2059 603/548/2059
f 328/684/2060 683/652/2060 688/654/2060
f 724/1565/2061 691/656/2061 692/655/2061
f 692/655/2062 704/666/2062 724/1565/2062
f 725/1566/2063 718/689/2063 707/688/2063
f 458/389/2064 668/628/2064 459/390/2064
f 782/783/2065 315/785/2065 414/1567/2065
f 314/784/2066 513/789/2066 786/791/2066
f 1221/1568/2067 314/784/2067 786/791/2067
f 786/791/2068 779/779/2068 778/778/2068
f 1203/1321/2069 778/778/2069 756/748/2069
f 177/178/2070 178/154/2070 300/270/2070
f 178/154/2071 117/113/2071 355/1334/2071
f 44/1569/2072 83/64/2072 94/63/2072
f 1031/1116/2073 1032/1117/2073 9/1146/2073
f 507/457/2074 1120/1186/2074 1140/1236/2074
f 1159/1257/2075 1193/1570/2075 38/19/2075
f 1120/1186/2076 1129/1223/2076 1139/1235/2076
f 1208/1331/2077 1209/1332/2077 355/1334/2077
f 1192/1304/2078 361/1012/2078 1207/1330/2078
f 957/1324/2079 1190/1297/2079 1398/1571/2079
f 1398/1571/2080 1190/1297/2080 824/830/2080
f 1398/1572/2081 824/1573/2081 823/1354/2081
f 1202/1323/2082 1221/1568/2082 1203/1321/2082
f 1202/1323/2083 1220/1574/2083 1221/1568/2083
f 395/338/2084 313/1319/2084 1189/1294/2084
f 1189/1294/2085 376/1293/2085 395/338/2085
f 1155/1274/2086 386/1316/2086 725/1566/2086
f 386/1316/2087 385/327/2087 725/1566/2087
f 386/1316/2088 384/325/2088 385/327/2088
f 503/600/2089 357/350/2089 704/1575/2089
f 357/350/2090 302/271/2090 724/1576/2090
f 302/271/2091 328/1075/2091 724/1576/2091
f 241/219/2092 179/186/2092 687/1577/2092
f 97/231/2093 1395/1556/2093 15/428/2093
f 773/1003/2094 841/848/2094 842/847/2094
f 754/736/2095 965/1006/2095 842/845/2095
f 842/847/2096 841/848/2096 491/443/2096
f 985/1045/2097 987/1047/2097 984/1044/2097
f 337/1107/2098 1023/1106/2098 336/1110/2098
f 337/1107/2099 336/1110/2099 1399/1578/2099
f 1074/1149/2100 1095/1180/2100 1073/1150/2100
f 1095/1180/2101 1074/1149/2101 1096/1181/2101
f 611/291/2102 1103/1579/2102 1102/1580/2102
f 611/291/2103 1102/1580/2103 343/292/2103
f 655/617/2104 661/629/2104 1399/1581/2104
f 1024/1582/2105 337/639/2105 678/285/2105
f 999/1068/2106 1014/1084/2106 990/1067/2106
f 1015/1083/2107 1011/1079/2107 1014/1084/2107
f 1010/1080/2108 1043/1122/2108 1400/1081/2108
f 1006/1077/2109 1005/1099/2109 1008/1078/2109
f 33/17/2110 32/10/2110 34/9/2110
f 34/9/2111 40/26/2111 33/17/2111
f 145/117/2112 119/94/2112 24/1583/2112
f 24/1583/2113 209/181/2113 145/117/2113
f 60/36/2114 141/180/2114 935/37/2114
f 321/309/2115 234/179/2115 283/277/2115
f 381/308/2116 380/322/2116 321/309/2116
f 382/323/2117 381/308/2117 435/378/2117
f 520/461/2118 484/453/2118 572/526/2118
f 484/453/2119 505/462/2119 572/526/2119
f 543/529/2120 521/463/2120 533/1584/2120
f 456/421/2121 455/354/2121 549/760/2121
f 455/354/2122 456/421/2122 426/355/2122
f 461/413/2123 470/414/2123 1401/1585/2123
f 470/414/2124 1402/1586/2124 1401/1585/2124
f 470/414/2125 480/431/2125 1402/1586/2125
f 552/522/2126 550/488/2126 516/504/2126
f 132/994/2127 105/74/2127 104/71/2127
f 1403/1587/2128 760/751/2128 759/750/2128
f 759/750/2129 591/557/2129 1403/1587/2129
f 496/1056/2130 382/323/2130 494/1054/2130
f 382/323/2131 437/419/2131 494/1054/2131
f 1404/1588/2132 220/197/2132 221/198/2132
f 221/198/2133 141/180/2133 1404/1588/2133
f 141/180/2134 931/949/2134 935/37/2134
f 948/966/2135 945/967/2135 958/987/2135
f 960/977/2136 968/1010/2136 949/974/2136
f 512/975/2137 932/969/2137 952/976/2137
f 932/969/2138 929/945/2138 852/946/2138
f 137/152/2139 139/134/2139 158/135/2139
f 175/151/2140 274/253/2140 263/252/2140
f 245/226/2141 214/193/2141 243/225/2141
f 595/549/2142 596/537/2142 606/758/2142
f 620/575/2143 632/574/2143 638/611/2143
f 913/922/2144 910/927/2144 926/942/2144
f 910/927/2145 917/929/2145 926/942/2145
f 926/942/2146 917/929/2146 919/936/2146
f 919/936/2147 918/935/2147 69/42/2147
f 535/475/2148 1453/1589/2148 10/741/2148
f 875/883/2149 882/890/2149 880/888/2149
f 869/877/2150 14/874/2150 873/881/2150
f 618/559/2151 617/558/2151 420/562/2151
f 701/1590/2152 410/1591/2152 1405/1592/2152
f 410/1591/2153 715/1593/2153 1405/1592/2153
f 783/403/2154 785/787/2154 1397/1594/2154
f 785/787/2155 414/1567/2155 1397/1594/2155
f 414/1567/2156 785/787/2156 782/783/2156
f 35/12/2157 30/11/2157 1406/1595/2157
f 372/1254/2158 1146/1256/2158 1168/1275/2158
f 720/691/2159 740/720/2159 730/706/2159
f 741/714/2160 341/289/2160 332/721/2160
f 740/720/2161 720/691/2161 440/709/2161
f 533/1584/2162 601/1596/2162 543/529/2162
f 453/426/2163 521/463/2163 486/454/2163
f 981/1040/2164 758/749/2164 979/1039/2164
f 758/749/2165 1407/1597/2165 979/1039/2165
f 758/749/2166 760/751/2166 1407/1597/2166
f 760/751/2167 1408/1598/2167 1407/1597/2167
f 760/751/2168 1403/1587/2168 1408/1598/2168
f 1050/1599/2169 495/1055/2169 494/1054/2169
f 437/419/2170 1050/1599/2170 494/1054/2170
f 851/855/2171 1409/1600/2171 852/946/2171
f 851/855/2172 930/947/2172 1409/1600/2172
f 930/947/2173 196/951/2173 1409/1600/2173
f 1047/1166/2174 1060/1136/2174 1046/1128/2174
f 19/738/2175 21/906/2175 583/517/2175
f 378/516/2176 571/542/2176 555/520/2176
f 48/173/2177 203/175/2177 49/205/2177
f 203/175/2178 202/174/2178 217/275/2178
f 217/275/2179 227/267/2179 203/175/2179
f 111/82/2180 126/95/2180 90/81/2180
f 812/821/2181 231/642/2181 233/816/2181
f 731/693/2182 728/710/2182 727/692/2182
f 145/117/2183 144/116/2183 101/70/2183
f 109/80/2184 123/167/2184 122/140/2184
f 190/1125/2185 124/1342/2185 125/169/2185
f 108/79/2186 125/169/2186 124/1342/2186
f 168/125/2187 150/122/2187 151/124/2187
f 168/125/2188 151/124/2188 128/99/2188
f 124/1342/2189 190/1125/2189 146/139/2189
f 193/1601/2190 107/121/2190 212/1602/2190
f 212/1602/2191 107/121/2191 195/143/2191
f 213/192/2192 195/123/2192 150/122/2192
f 206/257/2193 204/153/2193 159/177/2193
f 118/93/2194 144/116/2194 147/138/2194
f 163/168/2195 123/167/2195 210/217/2195
f 210/217/2196 123/167/2196 146/139/2196
f 164/188/2197 190/1125/2197 125/169/2197
f 195/143/2198 213/329/2198 212/1602/2198
f 268/1141/2199 266/407/2199 269/409/2199
f 286/261/2200 1051/53/2200 82/55/2200
f 206/257/2201 176/208/2201 204/153/2201
f 159/177/2202 297/209/2202 206/257/2202
f 147/138/2203 183/158/2203 118/93/2203
f 194/263/2204 148/170/2204 193/142/2204
f 379/304/2205 252/235/2205 297/209/2205
f 62/38/2206 164/188/2206 191/187/2206
f 183/158/2207 164/188/2207 62/38/2207
f 62/38/2208 161/92/2208 183/158/2208
f 193/142/2209 262/1603/2209 194/263/2209
f 124/1342/2210 146/139/2210 109/80/2210
f 126/1604/2211 151/124/2211 195/123/2211
f 126/1604/2212 111/97/2212 151/124/2212
f 262/832/2213 193/1601/2213 212/1602/2213
f 274/253/2214 217/275/2214 202/174/2214
f 103/73/2215 85/1356/2215 120/563/2215
f 208/176/2216 379/304/2216 297/209/2216
f 215/194/2217 214/193/2217 305/274/2217
f 202/174/2218 48/173/2218 216/183/2218
f 1320/1490/2219 1311/1488/2219 1296/1474/2219
f 194/263/2220 262/1603/2220 324/272/2220
f 407/331/2221 212/1602/2221 213/329/2221
f 1325/1477/2222 1319/1472/2222 1310/1464/2222
f 1313/1479/2223 1321/1465/2223 1312/1473/2223
f 289/224/2224 242/223/2224 304/282/2224
f 203/175/2225 227/267/2225 228/268/2225
f 349/306/2226 299/341/2226 379/304/2226
f 770/771/2227 1313/1479/2227 1312/1473/2227
f 407/331/2228 262/832/2228 212/1602/2228
f 47/182/2229 48/173/2229 200/206/2229
f 49/205/2230 228/268/2230 344/276/2230
f 359/320/2231 252/235/2231 379/304/2231
f 379/304/2232 299/341/2232 359/320/2232
f 205/305/2233 208/176/2233 280/258/2233
f 379/304/2234 208/176/2234 205/305/2234
f 152/298/2235 304/282/2235 363/302/2235
f 358/321/2236 318/269/2236 252/235/2236
f 326/1605/2237 288/330/2237 213/329/2237
f 1308/1454/2238 1319/1472/2238 1307/1462/2238
f 439/384/2239 450/400/2239 406/382/2239
f 1307/1462/2240 1319/1472/2240 1318/1469/2240
f 322/278/2241 324/272/2241 424/932/2241
f 425/387/2242 407/331/2242 288/330/2242
f 287/370/2243 326/281/2243 388/332/2243
f 326/281/2244 287/370/2244 288/1606/2244
f 317/303/2245 412/348/2245 344/276/2245
f 309/353/2246 322/278/2246 404/933/2246
f 424/932/2247 324/272/2247 262/1603/2247
f 424/833/2248 407/331/2248 425/387/2248
f 425/387/2249 287/386/2249 424/833/2249
f 383/324/2250 421/368/2250 403/363/2250
f 1313/1479/2251 569/770/2251 1299/1466/2251
f 404/920/2252 424/833/2252 451/423/2252
f 467/425/2253 438/925/2253 404/920/2253
f 424/833/2254 427/1607/2254 426/1608/2254
f 287/386/2255 427/1607/2255 424/833/2255
f 423/1609/2256 427/1607/2256 287/386/2256
f 422/351/2257 449/352/2257 436/367/2257
f 309/353/2258 406/344/2258 449/352/2258
f 449/352/2259 406/344/2259 450/1610/2259
f 438/342/2260 406/344/2260 309/353/2260
f 438/342/2261 448/1611/2261 405/343/2261
f 467/425/2262 448/1113/2262 438/925/2262
f 424/833/2263 426/1608/2263 451/423/2263
f 467/425/2264 485/437/2264 448/1113/2264
f 467/425/2265 452/424/2265 485/437/2265
f 439/384/2266 477/803/2266 311/420/2266
f 310/451/2267 311/420/2267 477/803/2267
f 286/261/2268 180/155/2268 1065/1154/2268
f 286/261/2269 1065/1154/2269 1051/53/2269
f 501/449/2270 500/448/2270 464/398/2270
f 1313/1479/2271 770/771/2271 569/770/2271
f 486/454/2272 505/462/2272 504/436/2272
f 483/435/2273 519/483/2273 542/460/2273
f 483/435/2274 400/360/2274 519/483/2274
f 102/489/2275 133/503/2275 85/519/2275
f 519/483/2276 557/492/2276 542/460/2276
f 545/487/2277 579/535/2277 339/497/2277
f 579/535/2278 561/1612/2278 577/533/2278
f 524/1613/2279 561/511/2279 523/500/2279
f 560/501/2280 523/500/2280 546/499/2280
f 519/483/2281 589/555/2281 557/492/2281
f 579/535/2282 602/534/2282 339/497/2282
f 561/1612/2283 524/468/2283 577/533/2283
f 578/518/2284 577/533/2284 85/519/2284
f 541/482/2285 557/492/2285 479/554/2285
f 479/554/2286 557/492/2286 589/555/2286
f 602/534/2287 577/533/2287 613/580/2287
f 613/580/2288 577/533/2288 578/518/2288
f 479/554/2289 804/814/2289 588/525/2289
f 1298/772/2290 1296/1474/2290 1272/1409/2290
f 613/580/2291 578/518/2291 595/549/2291
f 1272/1409/2292 1296/1474/2292 1297/1463/2292
f 602/534/2293 296/569/2293 576/544/2293
f 629/578/2294 602/534/2294 613/580/2294
f 621/565/2295 635/585/2295 627/584/2295
f 657/619/2296 660/618/2296 511/622/2296
f 663/591/2297 660/618/2297 657/619/2297
f 1296/1474/2298 1295/1470/2298 1297/1463/2298
f 1311/1488/2299 1295/1470/2299 1296/1474/2299
f 641/593/2300 694/645/2300 674/636/2300
f 675/646/2301 641/593/2301 670/592/2301
f 675/646/2302 684/674/2302 641/593/2302
f 1295/1470/2303 1311/1488/2303 1309/1471/2303
f 685/860/2304 680/627/2304 682/660/2304
f 1260/1424/2305 1297/1463/2305 1294/1453/2305
f 1295/1470/2306 1294/1453/2306 1297/1463/2306
f 1310/1464/2307 1294/1453/2307 1295/1470/2307
f 641/593/2308 684/674/2308 694/645/2308
f 695/1614/2309 684/674/2309 675/646/2309
f 682/660/2310 700/662/2310 685/860/2310
f 369/444/2311 370/680/2311 368/663/2311
f 696/707/2312 684/674/2312 695/1614/2312
f 695/1614/2313 675/646/2313 727/692/2313
f 696/707/2314 695/1614/2314 728/710/2314
f 727/692/2315 728/710/2315 695/1614/2315
f 728/710/2316 731/693/2316 726/711/2316
f 738/715/2317 639/708/2317 726/711/2317
f 731/693/2318 732/703/2318 726/711/2318
f 726/711/2319 737/722/2319 738/715/2319
f 1290/1434/2320 1308/1454/2320 1283/1433/2320
f 732/703/2321 622/731/2321 737/722/2321
f 623/713/2322 622/731/2322 732/703/2322
f 741/714/2323 738/715/2323 742/727/2323
f 738/715/2324 737/722/2324 622/731/2324
f 623/713/2325 751/725/2325 622/731/2325
f 751/725/2326 748/730/2326 622/731/2326
f 751/725/2327 729/702/2327 745/716/2327
f 748/730/2328 751/725/2328 746/732/2328
f 745/716/2329 551/541/2329 751/725/2329
f 555/520/2330 571/542/2330 551/541/2330
f 743/723/2331 19/738/2331 551/541/2331
f 555/520/2332 19/738/2332 583/517/2332
f 684/674/2333 696/707/2333 693/658/2333
f 669/630/2334 674/636/2334 694/645/2334
f 674/636/2335 662/625/2335 660/618/2335
f 431/359/2336 200/206/2336 412/348/2336
f 228/268/2337 49/205/2337 203/175/2337
f 802/800/2338 479/554/2338 796/553/2338
f 524/468/2339 120/467/2339 85/519/2339
f 310/451/2340 485/437/2340 504/436/2340
f 588/525/2341 804/814/2341 809/819/2341
f 421/368/2342 383/324/2342 422/351/2342
f 370/680/2343 699/661/2343 682/660/2343
f 366/631/2344 370/680/2344 680/627/2344
f 719/667/2345 430/380/2345 780/379/2345
f 569/770/2346 1273/1435/2346 1299/1466/2346
f 368/663/2347 366/631/2347 367/588/2347
f 793/802/2348 790/794/2348 792/799/2348
f 780/379/2349 792/799/2349 790/794/2349
f 447/381/2350 794/797/2350 792/799/2350
f 1298/772/2351 764/1411/2351 569/770/2351
f 447/381/2352 166/807/2352 794/797/2352
f 793/802/2353 792/799/2353 795/796/2353
f 1298/772/2354 1272/1409/2354 819/1410/2354
f 794/797/2355 795/796/2355 792/799/2355
f 801/798/2356 794/797/2356 166/807/2356
f 706/781/2357 166/807/2357 703/664/2357
f 793/802/2358 800/808/2358 799/801/2358
f 1271/1407/2359 1297/1463/2359 1260/1424/2359
f 803/810/2360 798/806/2360 799/801/2360
f 800/808/2361 803/810/2361 799/801/2361
f 1294/1453/2362 1290/1434/2362 1260/1424/2362
f 791/795/2363 797/811/2363 802/800/2363
f 791/795/2364 798/806/2364 797/811/2364
f 797/811/2365 806/813/2365 802/800/2365
f 806/813/2366 797/811/2366 803/810/2366
f 803/810/2367 807/818/2367 805/812/2367
f 809/819/2368 806/813/2368 805/812/2368
f 246/641/2369 334/809/2369 319/547/2369
f 829/1073/2370 1028/837/2370 826/834/2370
f 826/834/2371 827/836/2371 829/1073/2371
f 81/54/2372 182/157/2372 834/841/2372
f 1269/1421/2373 1270/1423/2373 1307/1462/2373
f 259/246/2374 1002/314/2374 260/244/2374
f 290/313/2375 259/246/2375 988/1095/2375
f 290/313/2376 988/1095/2376 840/1074/2376
f 988/1095/2377 838/1049/2377 840/1074/2377
f 839/844/2378 840/1074/2378 838/1049/2378
f 841/848/2379 840/1074/2379 839/844/2379
f 264/572/2380 605/581/2380 853/857/2380
f 700/662/2381 593/695/2381 685/860/2381
f 856/609/2382 685/860/2382 593/695/2382
f 1284/1445/2383 1269/1421/2383 1307/1462/2383
f 563/863/2384 861/864/2384 409/119/2384
f 860/866/2385 653/608/2385 769/868/2385
f 583/517/2386 584/312/2386 18/311/2386
f 584/312/2387 583/517/2387 21/906/2387
f 914/923/2388 360/310/2388 584/312/2388
f 755/742/2389 915/930/2389 892/902/2389
f 1285/1439/2390 1278/1440/2390 1262/1442/2390
f 915/930/2391 912/924/2391 892/902/2391
f 364/916/2392 909/928/2392 910/927/2392
f 364/916/2393 360/310/2393 909/928/2393
f 360/310/2394 914/923/2394 916/1615/2394
f 1277/1616/2395 1278/1440/2395 1276/1438/2395
f 916/1615/2396 909/928/2396 360/310/2396
f 306/919/2397 916/1615/2397 914/923/2397
f 356/299/2398 323/931/2398 298/300/2398
f 909/928/2399 307/1456/2399 921/934/2399
f 916/1615/2400 307/1456/2400 909/928/2400
f 307/1456/2401 916/1615/2401 306/919/2401
f 307/1456/2402 325/301/2402 303/937/2402
f 307/1456/2403 306/919/2403 325/301/2403
f 921/934/2404 307/1456/2404 923/1455/2404
f 298/300/2405 922/1617/2405 303/937/2405
f 923/1455/2406 303/937/2406 922/1617/2406
f 70/43/2407 69/42/2407 922/1617/2407
f 922/1617/2408 298/300/2408 70/43/2408
f 70/43/2409 298/300/2409 64/507/2409
f 69/42/2410 921/934/2410 923/1455/2410
f 918/935/2411 921/934/2411 69/42/2411
f 923/1455/2412 922/1617/2412 69/42/2412
f 447/381/2413 430/380/2413 160/804/2413
f 290/313/2414 840/1074/2414 835/843/2414
f 772/1004/2415 840/1074/2415 841/848/2415
f 772/1004/2416 845/1064/2416 840/1074/2416
f 36/14/2417 278/1065/2417 772/1004/2417
f 36/14/2418 28/16/2418 278/1065/2418
f 962/210/2419 961/1052/2419 970/1618/2419
f 998/1048/2420 838/1049/2420 988/1095/2420
f 290/313/2421 835/843/2421 1002/314/2421
f 279/222/2422 835/843/2422 840/1074/2422
f 278/1065/2423 279/222/2423 845/1064/2423
f 28/16/2424 279/222/2424 278/1065/2424
f 970/1020/2425 496/1053/2425 962/1103/2425
f 833/1072/2426 834/841/2426 182/157/2426
f 998/1048/2427 997/1063/2427 987/1047/2427
f 998/1048/2428 259/246/2428 837/839/2428
f 31/221/2429 1002/314/2429 835/843/2429
f 1002/314/2430 31/221/2430 268/1141/2430
f 1019/1135/2431 1000/211/2431 962/210/2431
f 211/191/2432 167/190/2432 285/262/2432
f 1002/314/2433 836/1143/2433 260/244/2433
f 268/1141/2434 836/1143/2434 1002/314/2434
f 266/407/2435 268/1141/2435 31/221/2435
f 266/407/2436 31/221/2436 989/220/2436
f 989/220/2437 1030/1096/2437 266/407/2437
f 27/214/2438 1030/1096/2438 989/220/2438
f 430/380/2439 189/668/2439 160/804/2439
f 1048/1134/2440 1060/1136/2440 1019/1135/2440
f 1018/1105/2441 496/1053/2441 495/1129/2441
f 993/1057/2442 833/1072/2442 181/156/2442
f 1298/772/2443 819/1410/2443 764/1411/2443
f 260/244/2444 1001/1158/2444 1036/1131/2444
f 260/244/2445 836/1143/2445 1001/1158/2445
f 1030/1096/2446 1037/408/2446 266/407/2446
f 5/1170/2447 1048/1104/2447 1018/1105/2447
f 1026/1619/2448 1052/1153/2448 1022/1137/2448
f 1283/1433/2449 1270/1423/2449 1239/1391/2449
f 1029/1157/2450 1055/412/2450 1028/837/2450
f 1028/837/2451 261/245/2451 1029/1157/2451
f 837/839/2452 261/245/2452 1028/837/2452
f 1036/1131/2453 1029/1157/2453 261/245/2453
f 1018/1105/2454 1034/430/2454 5/1170/2454
f 1022/1137/2455 1062/1172/2455 1035/1109/2455
f 1022/1111/2456 1025/1089/2456 1026/1112/2456
f 826/834/2457 469/411/2457 1054/1140/2457
f 469/411/2458 826/834/2458 1055/412/2458
f 1001/1158/2459 1056/1155/2459 1036/1131/2459
f 1048/1104/2460 5/1170/2460 1033/1620/2460
f 1035/1109/2461 1062/1172/2461 1061/1148/2461
f 469/411/2462 1066/410/2462 1089/1139/2462
f 8/1118/2463 9/1146/2463 1032/1117/2463
f 9/1146/2464 8/1118/2464 1059/1133/2464
f 1046/1128/2465 1060/1136/2465 1033/1126/2465
f 1087/1197/2466 1088/1621/2466 1064/1622/2466
f 1076/1623/2467 1075/1624/2467 1064/1622/2467
f 1276/1425/2468 1253/1400/2468 1254/1383/2468
f 1089/1139/2469 1075/1624/2469 1053/835/2469
f 1076/1623/2470 1053/835/2470 1075/1624/2470
f 1053/1625/2471 1076/1174/2471 1052/1153/2471
f 1087/1197/2472 1064/1622/2472 1075/1624/2472
f 1285/1439/2473 1274/1437/2473 1276/1438/2473
f 1089/1139/2474 1087/1197/2474 1075/1624/2474
f 1099/1626/2475 1094/1192/2475 1100/1215/2475
f 1100/1215/2476 1094/1192/2476 1092/1176/2476
f 1097/1210/2477 1105/1173/2477 1088/1152/2477
f 1106/1208/2478 1105/1173/2478 1097/1210/2478
f 1276/1438/2479 1274/1437/2479 1/1381/2479
f 269/409/2480 1109/1201/2480 1128/1222/2480
f 1274/1437/2481 1273/1435/2481 1252/1382/2481
f 764/1411/2482 1252/1382/2482 1273/1435/2482
f 1129/1223/2483 1110/1214/2483 1121/1224/2483
f 1131/1229/2484 1113/1228/2484 1123/1218/2484
f 1126/1627/2485 1144/1241/2485 1125/1220/2485
f 1125/1220/2486 1106/1208/2486 1126/1627/2486
f 1126/1211/2487 1097/1196/2487 1107/1198/2487
f 1121/1224/2488 1141/1226/2488 1129/1223/2488
f 1122/1216/2489 1123/1218/2489 1113/1228/2489
f 1117/1206/2490 1132/1245/2490 1116/1217/2490
f 1126/1211/2491 1134/1248/2491 1162/1263/2491
f 1121/1224/2492 1160/1237/2492 1130/1225/2492
f 690/657/2493 689/777/2493 706/781/2493
f 1194/1337/2494 1160/1261/2494 1161/1259/2494
f 1183/1286/2495 1212/1367/2495 1150/1246/2495
f 1212/1340/2496 1144/1264/2496 1198/1341/2496
f 1183/1286/2497 1144/1241/2497 1212/1367/2497
f 1162/1263/2498 1198/1341/2498 1144/1264/2498
f 1176/1280/2499 1191/1357/2499 1175/1300/2499
f 1161/1259/2500 1195/1258/2500 1194/1337/2500
f 1277/1616/2501 1227/1365/2501 1278/1440/2501
f 1227/1365/2502 1277/1616/2502 1255/1628/2502
f 1187/1291/2503 1188/1290/2503 942/1347/2503
f 1172/1379/2504 1191/1357/2504 1173/1303/2504
f 1246/1363/2505 1212/1340/2505 1228/1388/2505
f 1229/1415/2506 1212/1340/2506 1246/1363/2506
f 1228/1388/2507 1212/1340/2507 1213/1339/2507
f 1230/1396/2508 1200/1287/2508 1163/1266/2508
f 822/827/2509 1242/1377/2509 1219/1350/2509
f 1175/1300/2510 1191/1357/2510 1234/1380/2510
f 1181/1283/2511 1174/1279/2511 1173/1278/2511
f 1229/1366/2512 1226/1385/2512 1197/1310/2512
f 822/827/2513 1243/826/2513 1242/1377/2513
f 1205/1358/2514 1181/1283/2514 1179/1284/2514
f 1246/1363/2515 1227/1365/2515 1229/1415/2515
f 1252/1382/2516 1/1381/2516 1274/1437/2516
f 1172/1379/2517 1/1381/2517 1234/1380/2517
f 1278/1440/2518 1227/1365/2518 1263/1364/2518
f 138/110/2519 137/109/2519 1410/1629/2519
f 138/110/2520 1410/1629/2520 1411/1630/2520
f 1413/1631/2521 1411/1630/2521 1410/1629/2521
f 273/251/2522 245/226/2522 1414/1632/2522
f 1412/1633/2523 1414/1632/2523 129/100/2523
f 153/126/2524 155/129/2524 1415/1634/2524
f 1418/1635/2525 265/1636/2525 172/147/2525
f 172/147/2526 250/234/2526 1418/1635/2526
f 1410/1637/2527 137/152/2527 273/251/2527
f 1413/1638/2528 1414/1632/2528 1412/1633/2528
f 129/100/2529 131/102/2529 1412/1633/2529
f 153/1639/2530 1415/1640/2530 1412/1641/2530
f 1415/1640/2531 1419/1642/2531 1416/1643/2531
f 229/207/2532 1413/1631/2532 1416/1643/2532
f 222/199/2533 1418/1644/2533 1417/1645/2533
f 1418/1644/2534 222/199/2534 265/247/2534
f 1418/1635/2535 1416/1643/2535 1417/1646/2535
f 1411/1630/2536 201/172/2536 138/110/2536
f 1410/1637/2537 1414/1632/2537 1413/1638/2537
f 1414/1632/2538 245/226/2538 129/100/2538
f 155/129/2539 171/146/2539 1419/1647/2539
f 1419/1642/2540 1417/1646/2540 1416/1643/2540
f 1416/1643/2541 250/234/2541 229/207/2541
f 222/199/2542 1417/1645/2542 171/146/2542
f 1414/1632/2543 1410/1637/2543 273/251/2543
f 1412/1633/2544 149/127/2544 153/126/2544
f 1411/1630/2545 1413/1631/2545 229/207/2545
f 1419/1647/2546 1415/1634/2546 155/129/2546
f 229/207/2547 201/172/2547 1411/1630/2547
f 250/234/2548 1416/1643/2548 1418/1635/2548
f 1416/1643/2549 1413/1631/2549 1415/1640/2549
f 131/102/2550 149/127/2550 1412/1633/2550
f 1417/1645/2551 1419/1647/2551 171/146/2551
f 1412/1641/2552 1415/1640/2552 1413/1631/2552
f 301/583/2553 267/248/2553 1293/599/2553
f 1420/1648/2554 1284/1445/2554 1293/599/2554
f 1420/1648/2555 498/445/2555 527/470/2555
f 527/470/2556 526/469/2556 1420/1648/2556
f 1293/599/2557 267/248/2557 387/328/2557
f 498/445/2558 1420/1648/2558 1293/599/2558
f 1284/1445/2559 1420/1648/2559 1268/1422/2559
f 526/469/2560 493/757/2560 1249/1398/2560
f 526/469/2561 1268/1422/2561 1420/1648/2561
f 515/579/2562 606/758/2562 637/605/2562
f 637/605/2563 638/611/2563 652/606/2563
f 637/605/2564 630/586/2564 515/579/2564
f 620/575/2565 606/758/2565 596/537/2565
f 637/605/2566 606/758/2566 620/575/2566
f 637/605/2567 620/575/2567 638/611/2567
f 26/1649/2568 284/761/2568 16/1650/2568
f 284/761/2569 209/181/2569 16/1650/2569
f 209/181/2570 24/1583/2570 16/1650/2570
f 26/1649/2571 188/216/2571 284/761/2571
f 119/94/2572 88/69/2572 24/1583/2572
f 186/18/2573 188/1651/2573 26/8/2573
f 88/69/2574 25/1652/2574 24/1583/2574
f 237/1653/2575 238/1654/2575 1421/1655/2575
f 1422/1656/2576 1423/1657/2576 187/1658/2576
f 1421/1655/2577 1422/1656/2577 256/1659/2577
f 256/1659/2578 257/1660/2578 271/1661/2578
f 1424/1662/2579 121/163/2579 187/1658/2579
f 248/1663/2580 226/1664/2580 271/1661/2580
f 86/66/2581 1426/1665/2581 1425/1666/2581
f 89/1667/2582 121/163/2582 1424/1662/2582
f 1425/1668/2583 1428/1669/2583 1007/1076/2583
f 1429/1670/2584 41/29/2584 51/28/2584
f 248/1663/2585 225/1671/2585 1430/1672/2585
f 1428/1669/2586 1425/1668/2586 1427/1673/2586
f 51/28/2587 89/58/2587 1429/1670/2587
f 157/132/2588 172/147/2588 1430/1674/2588
f 223/201/2589 248/249/2589 1430/1675/2589
f 948/966/2590 1426/1665/2590 59/35/2590
f 967/1009/2591 1431/1676/2591 1042/1121/2591
f 1009/1100/2592 1007/1076/2592 1428/1669/2592
f 172/1677/2593 223/201/2593 1430/1675/2593
f 968/1010/2594 969/1011/2594 1431/1676/2594
f 172/1677/2595 265/247/2595 223/201/2595
f 1042/1121/2596 1428/1669/2596 967/1009/2596
f 1431/1676/2597 967/1009/2597 968/1010/2597
f 1432/1678/2598 1433/1679/2598 115/130/2598
f 1431/1676/2599 1434/1680/2599 1040/1119/2599
f 1432/1678/2600 224/229/2600 199/1681/2600
f 199/202/2601 1433/1682/2601 1432/1683/2601
f 1433/1682/2602 112/84/2602 54/32/2602
f 1435/1684/2603 1400/1081/2603 1434/1680/2603
f 54/32/2604 53/31/2604 1433/1682/2604
f 1400/1081/2605 1435/1684/2605 1436/1685/2605
f 141/180/2606 234/179/2606 1404/1588/2606
f 1436/1685/2607 852/946/2607 1437/1686/2607
f 1436/1685/2608 1437/1686/2608 990/1067/2608
f 234/179/2609 220/197/2609 1404/1588/2609
f 321/309/2610 220/197/2610 234/179/2610
f 321/309/2611 7/958/2611 218/195/2611
f 565/1015/2612 1409/1600/2612 568/1027/2612
f 943/961/2613 951/993/2613 380/322/2613
f 1438/1687/2614 568/1027/2614 196/951/2614
f 939/1036/2615 1438/1687/2615 946/965/2615
f 974/1029/2616 566/1016/2616 1438/1687/2616
f 435/378/2617 437/419/2617 382/323/2617
f 466/401/2618 1050/1688/2618 437/365/2618
f 466/1689/2619 476/1690/2619 1050/1599/2619
f 476/1690/2620 1021/1691/2620 1050/1599/2620
f 476/452/2621 520/461/2621 1021/1088/2621
f 520/461/2622 1020/1086/2622 1021/1088/2622
f 520/461/2623 977/1038/2623 1020/1086/2623
f 520/461/2624 572/526/2624 977/1038/2624
f 572/526/2625 978/1000/2625 977/1038/2625
f 572/526/2626 574/484/2626 978/1000/2626
f 574/484/2627 353/972/2627 978/1000/2627
f 543/529/2628 1403/1587/2628 591/557/2628
f 1408/1598/2629 1403/1587/2629 543/529/2629
f 1407/1597/2630 1408/1598/2630 1439/1692/2630
f 1439/1692/2631 1408/1598/2631 601/1596/2631
f 1441/1693/2632 1442/1694/2632 1448/1695/2632
f 1443/1696/2633 1441/1693/2633 468/406/2633
f 1446/1697/2634 1443/1696/2634 1445/1698/2634
f 454/385/2635 461/413/2635 1401/1585/2635
f 1446/1697/2636 1447/1699/2636 1444/1700/2636
f 454/385/2637 442/372/2637 461/413/2637
f 134/104/2638 105/106/2638 1444/1700/2638
f 442/372/2639 454/385/2639 428/369/2639
f 1421/1655/2640 33/17/2640 1423/1657/2640
f 186/18/2641 1421/1655/2641 238/1654/2641
f 87/68/2642 25/1652/2642 88/69/2642
f 237/1653/2643 256/1659/2643 271/1661/2643
f 1423/1657/2644 1424/1662/2644 187/1658/2644
f 187/1658/2645 256/1659/2645 1422/1656/2645
f 225/1671/2646 271/1661/2646 257/1660/2646
f 271/1661/2647 225/1671/2647 248/1663/2647
f 87/68/2648 86/66/2648 1425/1666/2648
f 41/25/2649 1429/1701/2649 40/26/2649
f 1427/988/2650 1425/1666/2650 1426/1665/2650
f 1007/1076/2651 1008/1078/2651 1425/1668/2651
f 59/35/2652 1426/1665/2652 86/66/2652
f 225/230/2653 224/229/2653 157/132/2653
f 1427/988/2654 1426/1665/2654 948/966/2654
f 1428/1669/2655 1042/1121/2655 1009/1100/2655
f 1042/1121/2656 1431/1676/2656 1040/1119/2656
f 935/37/2657 948/966/2657 59/35/2657
f 1433/1682/2658 199/202/2658 112/84/2658
f 1433/1679/2659 53/108/2659 115/130/2659
f 960/977/2660 1435/1684/2660 1434/1680/2660
f 1040/1119/2661 1434/1680/2661 1043/1122/2661
f 1436/1685/2662 1435/1684/2662 952/976/2662
f 1011/1079/2663 1436/1685/2663 1014/1084/2663
f 1436/1685/2664 1011/1079/2664 1400/1081/2664
f 852/946/2665 952/976/2665 932/969/2665
f 990/1067/2666 1014/1084/2666 1436/1685/2666
f 565/1015/2667 1437/1686/2667 852/946/2667
f 990/1067/2668 1437/1686/2668 564/1014/2668
f 220/197/2669 321/309/2669 218/195/2669
f 565/1015/2670 564/1014/2670 1437/1686/2670
f 951/993/2671 7/958/2671 321/309/2671
f 568/1027/2672 1409/1600/2672 196/951/2672
f 1438/1687/2673 939/1036/2673 974/1029/2673
f 574/484/2674 573/527/2674 353/972/2674
f 610/556/2675 353/972/2675 573/527/2675
f 1407/1597/2676 1439/1692/2676 979/1039/2676
f 1441/1693/2677 601/1702/2677 533/1703/2677
f 549/760/2678 455/354/2678 1441/1693/2678
f 979/1039/2679 1439/1692/2679 1448/1704/2679
f 468/406/2680 1441/1693/2680 455/354/2680
f 1444/1700/2681 132/1705/2681 1446/1697/2681
f 1401/1585/2682 468/406/2682 454/385/2682
f 132/1705/2683 1444/1700/2683 105/106/2683
f 480/431/2684 1447/1699/2684 1402/1586/2684
f 1447/1699/2685 480/431/2685 134/104/2685
f 1008/1078/2686 1005/1099/2686 25/7/2686
f 1008/1078/2687 25/7/2687 87/1706/2687
f 1425/1666/2688 1008/1707/2688 87/68/2688
f 1424/1662/2689 1429/1701/2689 89/1667/2689
f 966/1008/2690 1427/1673/2690 958/990/2690
f 967/1009/2691 1428/1669/2691 966/1008/2691
f 157/132/2692 1430/1674/2692 225/230/2692
f 157/132/2693 224/229/2693 1432/1678/2693
f 1432/1678/2694 115/130/2694 157/132/2694
f 1431/1676/2695 969/1011/2695 1434/1680/2695
f 1434/1680/2696 1400/1081/2696 1043/1122/2696
f 952/976/2697 1435/1684/2697 960/977/2697
f 852/946/2698 1436/1685/2698 952/976/2698
f 852/946/2699 1409/1600/2699 565/1015/2699
f 196/951/2700 946/965/2700 1438/1687/2700
f 380/322/2701 951/993/2701 321/309/2701
f 568/1027/2702 1438/1687/2702 566/1016/2702
f 543/529/2703 601/1596/2703 1408/1598/2703
f 1442/1694/2704 1443/1696/2704 1446/1697/2704
f 1442/1694/2705 132/1705/2705 1448/1695/2705
f 132/1705/2706 1442/1694/2706 1446/1697/2706
f 1401/1585/2707 1402/1586/2707 1445/1698/2707
f 1446/1697/2708 1445/1698/2708 1402/1586/2708
f 1446/1697/2709 1402/1586/2709 1447/1699/2709
f 1444/1700/2710 1447/1699/2710 134/104/2710
f 516/504/2711 134/104/2711 480/431/2711
f 442/372/2712 428/369/2712 391/357/2712
f 186/18/2713 33/17/2713 1421/1655/2713
f 1423/1657/2714 33/17/2714 40/26/2714
f 1424/1662/2715 1423/1657/2715 40/26/2715
f 1429/1701/2716 1424/1662/2716 40/26/2716
f 1434/1680/2717 969/1011/2717 960/977/2717
f 946/965/2718 775/971/2718 939/1036/2718
f 1439/1692/2719 601/1596/2719 1440/1708/2719
f 601/1702/2720 1441/1693/2720 1440/1709/2720
f 468/406/2721 1401/1585/2721 1443/1696/2721
f 132/1705/2722 979/1710/2722 1448/1695/2722
f 1427/1673/2723 966/1008/2723 1428/1669/2723
f 1443/1696/2724 1442/1694/2724 1441/1693/2724
f 256/1659/2725 237/1653/2725 1421/1655/2725
f 1441/1693/2726 1448/1695/2726 1440/1709/2726
f 533/1703/2727 549/760/2727 1441/1693/2727
f 1421/1655/2728 1423/1657/2728 1422/1656/2728
f 1401/1585/2729 1445/1698/2729 1443/1696/2729
f 1440/1708/2730 1448/1704/2730 1439/1692/2730
f 327/1711/2731 1024/1582/2731 678/285/2731
f 678/285/2732 330/284/2732 327/1711/2732
f 735/1093/2733 327/1092/2733 330/1712/2733
f 337/639/2734 1399/1581/2734 661/629/2734
f 342/288/2735 832/1713/2735 996/1714/2735
f 740/720/2736 342/288/2736 996/1714/2736
f 342/288/2737 340/287/2737 832/1713/2737
f 1103/1579/2738 1449/1715/2738 1095/1716/2738
f 340/287/2739 331/726/2739 983/1717/2739
f 1399/1581/2740 336/1718/2740 1073/1719/2740
f 983/1717/2741 331/726/2741 985/734/2741
f 1073/1150/2742 1095/1180/2742 1449/1720/2742
f 343/292/2743 1102/1580/2743 1114/1232/2743
f 986/1721/2744 985/734/2744 750/733/2744
f 338/485/2745 559/290/2745 1124/1231/2745
f 752/735/2746 490/846/2746 747/728/2746
f 1124/1231/2747 1093/1230/2747 338/485/2747
f 338/485/2748 1093/1230/2748 544/486/2748
f 1114/1232/2749 1124/1231/2749 343/292/2749
f 373/316/2750 965/1006/2750 754/736/2750
f 1072/429/2751 281/260/2751 544/496/2751
f 612/567/2752 655/617/2752 1449/1715/2752
f 1103/1579/2753 611/291/2753 612/567/2753
f 1449/1715/2754 1103/1579/2754 612/567/2754
f 624/568/2755 655/617/2755 612/567/2755
f 340/1722/2756 983/1043/2756 973/1023/2756
f 973/1723/2757 832/1713/2757 340/287/2757
f 1073/1719/2758 1449/1715/2758 1399/1581/2758
f 490/846/2759 750/733/2759 747/728/2759
f 750/733/2760 490/846/2760 986/1721/2760
f 1124/1231/2761 559/290/2761 343/292/2761
f 752/735/2762 754/736/2762 490/846/2762
f 655/617/2763 1399/1581/2763 1449/1715/2763
f 38/19/2764 35/12/2764 1140/1236/2764
f 38/1724/2765 83/64/2765 44/1569/2765
f 38/1724/2766 1193/1305/2766 83/64/2766
f 35/12/2767 1406/1595/2767 1140/1236/2767
f 1193/1305/2768 96/65/2768 83/64/2768
f 1406/1595/2769 507/457/2769 1140/1236/2769
f 1193/1305/2770 354/1307/2770 96/65/2770
f 509/458/2771 507/457/2771 1406/1595/2771
f 354/1307/2772 117/113/2772 96/65/2772
f 355/1334/2773 117/113/2773 354/1307/2773
f 1406/1595/2774 30/11/2774 508/459/2774
f 1209/1332/2775 178/154/2775 355/1334/2775
f 1209/1332/2776 1207/1330/2776 178/154/2776
f 1207/1330/2777 300/270/2777 178/154/2777
f 1207/1330/2778 350/296/2778 300/270/2778
f 1207/1330/2779 361/1012/2779 350/296/2779
f 361/1012/2780 346/293/2780 350/296/2780
f 1180/1013/2781 446/377/2781 346/293/2781
f 1180/1013/2782 1178/1301/2782 446/377/2782
f 1177/1725/2783 446/377/2783 1178/1301/2783
f 1177/1725/2784 475/756/2784 446/377/2784
f 1177/1725/2785 1169/1726/2785 475/756/2785
f 1169/1726/2786 957/1727/2786 475/756/2786
f 957/1727/2787 763/747/2787 475/756/2787
f 957/1727/2788 1398/1572/2788 763/747/2788
f 1398/1572/2789 756/748/2789 763/747/2789
f 1398/1572/2790 823/1354/2790 756/748/2790
f 823/1354/2791 1204/1322/2791 756/748/2791
f 1203/1321/2792 756/748/2792 1204/1322/2792
f 1203/1321/2793 1221/1568/2793 778/778/2793
f 786/791/2794 778/778/2794 1221/1568/2794
f 1220/1574/2795 314/784/2795 1221/1568/2795
f 1220/1574/2796 1218/1728/2796 314/784/2796
f 1218/1728/2797 315/785/2797 314/784/2797
f 1218/1728/2798 415/1729/2798 315/785/2798
f 415/1729/2799 414/1567/2799 315/785/2799
f 312/1320/2800 1397/1594/2800 414/1567/2800
f 312/1320/2801 313/1319/2801 1397/1594/2801
f 313/1319/2802 783/403/2802 1397/1594/2802
f 313/1319/2803 395/338/2803 783/403/2803
f 395/338/2804 376/1293/2804 394/336/2804
f 376/1293/2805 1168/1730/2805 394/336/2805
f 1168/1730/2806 668/628/2806 394/336/2806
f 668/628/2807 458/389/2807 393/337/2807
f 1168/1730/2808 459/390/2808 668/628/2808
f 1168/1730/2809 1146/1731/2809 459/390/2809
f 1146/1731/2810 1147/1732/2810 459/390/2810
f 1147/1732/2811 649/597/2811 459/390/2811
f 1147/1732/2812 1158/773/2812 649/597/2812
f 1156/1253/2813 377/673/2813 1158/672/2813
f 1156/1253/2814 1155/1274/2814 377/673/2814
f 1155/1274/2815 645/1733/2815 377/673/2815
f 1155/1274/2816 725/1566/2816 645/1733/2816
f 725/1566/2817 385/327/2817 718/689/2817
f 385/327/2818 717/326/2818 716/686/2818
f 498/445/2819 503/600/2819 717/326/2819
f 503/600/2820 705/685/2820 717/326/2820
f 503/600/2821 704/1575/2821 705/685/2821
f 704/666/2822 357/1734/2822 724/1565/2822
f 724/1565/2823 328/684/2823 691/656/2823
f 253/1735/2824 683/652/2824 328/684/2824
f 253/1735/2825 254/651/2825 683/652/2825
f 254/651/2826 241/1736/2826 687/650/2826
f 4/2/2827 432/1737/2827 179/186/2827
f 179/186/2828 46/24/2828 4/2/2828
f 15/428/2829 432/1737/2829 4/2/2829
f 398/1738/2830 444/1739/2830 15/428/2830
f 1405/1592/2831 398/1738/2831 1395/1556/2831
f 1394/1554/2832 701/1590/2832 1405/1592/2832
f 1393/1555/2833 713/1740/2833 1394/1554/2833
f 1393/1555/2834 714/1741/2834 713/1740/2834
f 1393/1555/2835 898/1553/2835 723/1742/2835
f 723/1742/2836 714/1743/2836 1393/1555/2836
f 721/1744/2837 723/1742/2837 927/1551/2837
f 722/1745/2838 721/1744/2838 927/1551/2838
f 1396/1557/2839 722/1745/2839 927/1551/2839
f 592/1564/2840 722/1745/2840 1396/1557/2840
f 1371/1533/2841 419/717/2841 656/1746/2841
f 419/717/2842 420/719/2842 656/1746/2842
f 1362/1531/2843 739/724/2843 419/717/2843
f 739/724/2844 768/1558/2844 618/718/2844
f 14/874/2845 619/560/2845 768/1562/2845
f 1450/1747/2846 14/1748/2846 768/1558/2846
f 14/1748/2847 1450/1747/2847 765/1452/2847
f 873/881/2848 14/874/2848 765/1749/2848
f 1259/1750/2849 873/881/2849 765/1749/2849
f 874/882/2850 873/881/2850 1259/1750/2850
f 874/882/2851 1259/1750/2851 1451/1751/2851
f 1451/1751/2852 416/905/2852 874/882/2852
f 895/1561/2853 416/905/2853 1451/1751/2853
f 1452/1752/2854 895/1561/2854 1451/1751/2854
f 1452/1752/2855 534/474/2855 895/1561/2855
f 1138/1753/2856 534/474/2856 1452/1752/2856
f 534/474/2857 1138/1753/2857 1453/1754/2857
f 1453/1754/2858 535/475/2858 534/474/2858
f 1098/1185/2859 10/1755/2859 1453/1756/2859
f 1098/1185/2860 1090/1184/2860 10/1755/2860
f 1090/1184/2861 532/509/2861 531/1757/2861
f 1068/1145/2862 532/509/2862 1090/1184/2862
f 1454/510/2863 1455/1758/2863 65/508/2863
f 1455/1758/2864 1454/510/2864 1456/1759/2864
f 1455/1758/2865 1456/1759/2865 1457/1760/2865
f 934/1761/2866 1455/1758/2866 1457/1760/2866
f 1461/1762/2867 1459/1763/2867 1460/1764/2867
f 1461/1762/2868 71/1765/2868 1459/1763/2868
f 1462/1766/2869 913/922/2869 1460/1764/2869
f 907/918/2870 1462/1766/2870 293/1767/2870
f 907/985/2871 955/982/2871 902/1768/2871
f 955/1769/2872 903/912/2872 902/914/2872
f 955/1769/2873 901/910/2873 903/912/2873
f 955/1769/2874 776/774/2874 901/910/2874
f 509/458/2875 1406/1595/2875 508/459/2875
f 718/689/2876 385/327/2876 716/1770/2876
f 432/648/2877 15/1771/2877 444/374/2877
f 15/428/2878 1395/1556/2878 398/1738/2878
f 1405/1592/2879 715/1593/2879 398/1738/2879
f 1405/1592/2880 1395/1556/2880 815/842/2880
f 1405/1592/2881 815/842/2881 1394/1554/2881
f 701/1590/2882 1394/1554/2882 713/1740/2882
f 723/1742/2883 898/1553/2883 927/1551/2883
f 1371/1533/2884 396/1563/2884 1396/1557/2884
f 396/1563/2885 1371/1533/2885 656/1746/2885
f 768/1558/2886 1305/1460/2886 1450/1747/2886
f 765/1452/2887 1450/1747/2887 1305/1460/2887
f 1259/1750/2888 614/1772/2888 1451/1751/2888
f 1166/1773/2889 1451/1751/2889 614/1772/2889
f 1451/1751/2890 1166/1773/2890 1452/1752/2890
f 1138/1271/2891 1452/1774/2891 1166/1272/2891
f 1138/1775/2892 1098/1185/2892 1453/1756/2892
f 10/1755/2893 1090/1184/2893 531/1757/2893
f 1058/1144/2894 532/509/2894 1068/1145/2894
f 1039/1115/2895 1454/510/2895 532/509/2895
f 1456/1759/2896 1454/510/2896 1039/1115/2896
f 1455/1776/2897 64/507/2897 65/743/2897
f 736/1098/2898 1456/1759/2898 1039/1115/2898
f 924/939/2899 1458/1777/2899 926/942/2899
f 934/953/2900 1458/1777/2900 67/938/2900
f 926/942/2901 1460/1764/2901 913/922/2901
f 1460/1764/2902 926/942/2902 1458/1777/2902
f 71/1778/2903 1461/1762/2903 1003/1779/2903
f 913/922/2904 1462/1766/2904 907/918/2904
f 582/514/2905 901/910/2905 776/774/2905
f 179/1780/2906 686/649/2906 687/650/2906
f 686/649/2907 179/1781/2907 432/648/2907
f 1457/1760/2908 1456/1759/2908 736/1098/2908
f 1461/1762/2909 1460/1764/2909 1458/1777/2909
f 1003/1779/2910 1461/1762/2910 934/953/2910
f 64/507/2911 1455/1776/2911 934/953/2911
f 1004/1097/2912 1457/1760/2912 736/1098/2912
f 1461/1762/2913 1458/1777/2913 934/953/2913
f 532/509/2914 1058/1144/2914 1039/1115/2914
f 1003/1559/2915 1457/1760/2915 1004/1097/2915
f 293/1767/2916 1462/1766/2916 1459/1763/2916
f 934/953/2917 1457/1782/2917 1003/1779/2917
f 71/1765/2918 293/1767/2918 1459/1763/2918
f 293/1560/2919 71/44/2919 292/266/2919
f 1460/1764/2920 1459/1763/2920 1462/1766/2920
f 67/938/2921 1458/1777/2921 924/939/2921
