# Blender 5.1.0
# www.blender.org
mtllib SPD-89101X-B.mtl
o SPD-89101X-B
v -605.482483 82.658974 -7.828197
v -604.406067 81.364105 -8.057567
v -618.999390 103.333450 -0.491752
v -601.177490 74.407181 -3.206630
v -606.474060 83.315308 -7.494755
v -613.917603 31.629862 4.118488
v -611.573303 84.855286 -7.972290
v -612.133728 83.943054 -5.928573
v -612.914429 35.919586 4.771571
v -601.729736 74.299393 -2.596897
v -589.952820 37.603897 -6.620785
v -590.884705 32.151859 -7.063228
v -591.188843 34.675541 -8.872611
v -589.835327 37.863636 -5.715670
v -590.387695 34.266212 -7.014387
v -617.758179 31.491138 4.978791
v -604.475769 63.856068 2.603154
v -601.639099 58.641193 -0.868130
v -616.526855 27.439074 3.970438
v -639.733337 62.208496 26.705332
v -639.616211 63.933857 27.690872
v -640.456116 63.534660 27.663378
v -640.674988 67.666550 30.158745
v -639.974426 75.712593 33.934776
v -635.119263 80.768768 34.215656
v -638.818237 94.544624 42.468922
v -639.136841 96.991623 43.653225
v -645.669922 95.325584 45.981869
v -636.401123 97.338402 42.428123
v -644.067993 97.097420 45.292339
v -644.090149 98.740982 44.338402
v -638.076050 98.419739 43.259434
v -634.913269 98.687759 41.902325
v -643.496948 103.406677 41.000389
v -646.734680 104.150269 40.135448
v -643.306519 105.080933 39.197159
v -616.565063 29.355385 4.314828
v -655.525696 94.745171 48.593292
v -658.241943 100.734261 44.303192
v -654.152588 100.741898 43.923176
v -659.629883 100.388451 43.845261
v -613.398071 83.266541 -9.134160
v -611.424927 86.708679 -10.158039
v -611.775635 85.963875 -11.015981
v -611.292542 87.950432 -9.857244
v -611.639099 88.567657 -12.110257
v -593.510986 30.716486 -4.593876
v -593.448853 30.815187 -4.223042
v -605.923950 78.374077 3.165545
v -607.077393 76.496315 4.503048
v -608.573975 75.244102 5.785745
v -608.558533 74.963570 6.444988
v -608.017883 75.939613 5.882643
v -608.102051 76.595566 6.936536
v -607.149536 78.480545 5.160618
v -606.232483 81.433311 -0.463784
v -607.030334 81.542641 -1.707523
v -660.221741 98.962784 45.342186
v -659.596802 97.221031 47.101219
v -606.298218 82.522606 -3.036855
v -656.557190 102.329514 41.913082
v -658.655945 101.320648 42.628548
v -655.919678 102.031982 42.809605
v -658.427429 95.164955 48.714890
v -658.465332 92.251480 49.287514
v -659.164856 94.299873 48.799793
v -654.571533 102.862808 41.796867
v -619.101135 33.001869 5.625151
v -658.161011 92.255150 49.696037
v -658.171509 93.451859 49.488728
v -621.765808 111.680801 18.929100
v -623.137695 112.615273 16.534067
v -622.587891 112.650215 20.708569
v -625.468506 114.729378 20.018974
v -624.894226 114.406334 20.710821
v -624.046204 113.368912 21.461945
v -650.419556 104.059578 40.072216
v -650.536194 103.524208 41.111797
v -651.888672 101.702728 42.939911
v -652.763489 103.157379 41.218536
v -608.591980 86.609917 -2.428977
v -609.873047 87.222229 -3.569459
v -657.543457 91.364067 49.413891
v -657.108215 90.246330 48.679886
v -656.292419 92.236847 49.524563
v -656.409973 93.341652 49.499981
v -624.041504 114.235664 19.434351
v -624.035645 113.772881 17.926828
v -627.043152 113.543961 23.348295
v -626.665466 114.405098 21.682104
v -628.817871 112.282356 25.686340
v -645.349182 103.889694 40.553654
v -649.601990 101.651367 42.839191
v -654.091980 93.418289 48.845440
v -650.419861 94.925179 47.522106
v -618.723022 108.570343 20.854576
v -628.138123 110.868736 27.310097
v -628.904785 111.503693 26.985182
v -609.634827 30.997147 3.010054
v -630.816345 111.089722 28.393387
v -629.336853 112.084320 25.802635
v -607.818176 87.205582 -1.207240
v -655.878418 91.659828 49.207924
v -620.433533 109.742386 22.498396
v -619.793030 109.677711 21.581993
v -633.854858 109.907967 31.833815
v -642.245361 104.863480 39.664448
v -655.911743 89.398994 48.151146
v -605.602844 81.646507 0.237835
v -606.656372 81.073647 0.349973
v -621.060913 109.431900 14.400996
v -624.445923 108.041695 27.691298
v -631.593933 109.295471 31.570877
v -636.259155 107.750328 35.569565
v -636.112549 108.626846 33.986134
v -639.051941 106.874916 37.258358
v -641.904480 105.918205 38.008259
v -640.372253 103.192093 40.755787
v -650.013489 97.131538 46.219379
v -617.544373 28.874516 4.128487
v -618.625549 31.269829 4.870337
v -619.890930 108.330925 14.709068
v -618.479675 108.017372 19.278820
v -633.473328 106.882576 35.449562
v -637.806946 106.232132 37.804798
v -639.519958 105.974052 38.388344
v -637.793091 107.671829 35.464443
v -635.458496 105.257942 37.823399
v -655.214294 88.482452 47.346554
v -656.280212 88.916634 47.709930
v -655.907104 88.380219 46.843437
v -619.905701 101.520126 -3.158124
v -620.292725 102.385429 -5.167546
v -619.694153 101.798325 -4.547055
v -615.428345 99.230217 -18.323210
v -616.200378 99.238380 -18.206390
v -611.377747 38.895000 5.032933
v -607.968262 35.355179 3.382746
v -607.253418 74.406830 5.505583
v -629.486267 106.994415 32.837166
v -638.307556 99.537132 42.873165
v -610.986633 86.861687 -5.689460
v -654.129578 87.517807 46.385162
v -609.496826 73.492653 8.872795
v -617.668701 101.161331 5.088856
v -617.875671 101.524200 3.845368
v -607.681152 79.476837 0.943951
v -624.397217 97.427940 0.391969
v -623.503113 97.583794 1.605842
v -616.767822 26.871058 3.696846
v -618.224731 29.111073 3.681108
v -618.968384 30.888052 4.374831
v -621.054016 34.575855 5.891867
v -619.254333 35.402817 6.320750
v -616.698914 104.926361 15.345578
v -620.945190 108.434372 24.348312
v -610.959290 85.866913 -8.167339
v -650.201660 90.391052 45.972454
v -654.973938 87.169647 45.894852
v -614.409851 41.116756 6.611815
v -608.633423 72.154381 7.563545
v -618.609375 107.383751 -8.903079
v -607.288696 40.206463 4.108505
v -618.226685 104.926086 10.150272
v -618.447388 108.006218 21.347878
v -618.072266 106.848907 21.313250
v -619.162598 107.375870 22.964579
v -619.474915 108.473785 22.782970
v -626.573608 103.273537 34.059330
v -636.664856 101.296440 41.321739
v -632.015442 98.903206 40.007278
v -610.638977 86.457993 -7.687204
v -646.378601 93.797943 45.744190
v -605.491760 76.222488 2.897967
v -614.779236 24.992519 3.175807
v -615.547729 25.307419 3.396977
v -618.034058 105.820007 -10.516294
v -619.598999 105.460373 -7.578054
v -616.570129 25.660654 2.947685
v -620.639832 34.562428 6.174376
v -619.161255 106.178558 11.237799
v -616.065552 104.540184 17.536909
v -614.454285 101.720985 16.087940
v -613.934692 100.164482 15.766550
v -619.609924 102.966560 24.086128
v -627.320740 104.043121 34.221886
v -629.615540 103.022362 36.904854
v -632.722290 100.625618 40.325176
v -633.849548 100.857048 40.709221
v -604.581299 82.427986 -3.237767
v -604.539185 82.129791 -4.407813
v -654.040649 85.949821 45.398659
v -654.135498 85.615524 44.923584
v -619.559814 104.909935 -8.176731
v -619.259705 103.395264 -8.343827
v -618.854492 105.174713 -9.022795
v -619.546875 103.046127 -3.789878
v -618.828430 102.217438 -8.756603
v -617.530090 100.283241 -10.670315
v -606.251831 27.577623 1.693511
v -631.549622 101.917412 38.926659
v -634.192627 99.626869 41.465397
v -612.574158 93.868706 2.043951
v -615.620544 95.998360 2.457204
v -653.335571 85.752563 45.147137
v -620.696594 36.635815 7.124688
v -617.592712 40.085289 7.358081
v -617.659790 102.815506 -10.745639
v -619.785645 105.383209 -6.793139
v -618.467285 102.073677 -9.901461
v -616.151245 98.856544 -12.116148
v -618.055298 104.133171 8.823650
v -617.427002 102.141991 7.160281
v -615.368713 101.666779 9.418381
v -625.432556 102.070457 32.914703
v -628.147522 103.091820 35.718861
v -629.809021 99.818169 38.264664
v -634.020874 93.048264 39.367275
v -645.201050 89.100395 42.957455
v -653.114319 84.348518 44.025616
v -616.863220 103.337395 -12.355865
v -615.590515 100.675575 -13.345990
v -614.882263 96.827904 -14.240834
v -615.373169 24.519520 2.887417
v -621.879822 36.878548 7.335740
v -631.223816 100.267822 39.505646
v -629.443420 101.478905 37.782345
v -633.740356 96.929329 40.708607
v -651.497559 83.465866 43.149696
v -599.005493 60.819897 -4.682241
v -606.108643 80.926781 3.638179
v -613.160950 96.309425 -16.514664
v -616.579102 94.349480 14.787638
v -616.405701 93.723640 15.605401
v -614.812012 95.907837 12.899373
v -615.189575 94.939415 14.371462
v -618.581665 91.791008 17.926359
v -619.014099 92.778610 16.074200
v -615.748718 95.653419 12.875046
v -616.983521 104.037315 -12.940873
v -615.982666 97.951981 -12.012079
v -615.464172 96.766167 -12.028617
v -618.589783 101.113838 -3.111565
v -619.212708 102.103485 -2.684846
v -619.274170 102.962936 -1.598125
v -607.881897 43.226406 4.936548
v -605.108704 37.238941 2.984781
v -616.830261 101.732323 6.912281
v -616.916809 97.208481 2.370467
v -617.214844 97.555283 2.213854
v -627.457031 101.299591 35.659317
v -630.514221 95.609299 37.986786
v -652.716797 82.771347 42.250961
v -612.925598 94.684738 -17.862635
v -617.345642 98.232368 9.700671
v -615.713867 98.985397 10.798062
v -619.138428 100.023003 0.312042
v -620.472656 100.435143 -1.644258
v -620.168640 99.172966 0.907709
v -614.716187 98.559166 -13.579929
v -613.807922 97.934921 -14.954778
v -615.538330 99.161888 -12.851938
v -618.299377 100.345322 -0.448605
v -618.284668 100.768143 1.974366
v -617.421936 101.348885 6.277214
v -617.146423 100.437157 5.019121
v -613.581360 98.531616 6.340419
v -616.427429 96.866570 2.908592
v -614.364136 96.956665 16.891470
v -637.038635 90.532669 39.794216
v -652.338440 82.849030 42.837009
v -653.970398 84.988838 43.046406
v -654.377380 85.656334 44.386303
v -610.302795 20.258604 1.387420
v -612.036560 21.431465 2.054570
v -613.135254 94.092278 -17.087349
v -612.857788 93.007927 -18.416660
v -612.808838 92.115791 -15.536140
v -613.532776 95.241974 -15.891165
v -612.801331 92.429337 -17.423080
v -613.973206 94.662971 -15.499051
v -616.122986 97.274750 -6.482532
v -614.174866 22.651327 2.499808
v -617.779236 99.168053 2.070568
v -615.815369 96.865891 1.938162
v -617.197876 98.546539 2.404396
v -618.688293 97.635033 23.204681
v -624.726624 97.504997 32.215485
v -617.150635 97.041618 3.688242
v -627.629944 94.027115 35.120811
v -617.357605 97.276680 3.216478
v -629.344543 91.938004 35.952293
v -618.584473 99.364082 1.233487
v -602.334412 24.368208 -4.393180
v -604.255737 22.890163 -4.132921
v -609.438782 85.218750 -8.608407
v -610.414001 85.861435 -10.064013
v -610.232361 86.640587 -8.953880
v -613.588745 96.564819 -15.108979
v -615.282043 98.632446 4.147069
v -612.925903 98.647545 9.195395
v -609.075378 93.252136 9.180011
v -609.489929 93.055115 10.123201
v -621.968323 95.164307 28.435225
v -627.460083 98.214714 35.625015
v -616.112610 96.769424 5.026822
v -614.975952 94.607140 14.767656
v -631.843018 90.360237 36.987823
v -650.991211 81.739250 41.862186
v -622.241028 38.034756 8.115707
v -610.809021 87.167458 -11.486431
v -612.389648 90.866135 -17.272844
v -611.459961 88.869194 -14.538724
v -615.586609 93.461693 15.600306
v -616.550720 97.377899 0.806833
v -613.588562 96.802116 2.827844
v -613.315735 97.232300 3.945803
v -611.492798 97.383865 11.397915
v -608.840881 93.139305 7.373344
v -613.202454 100.004639 13.987235
v -651.390320 81.056862 41.240986
v -650.515015 78.584564 39.404984
v -649.733337 78.743240 39.746284
v -655.686035 88.401932 45.722595
v -606.573120 85.832001 -4.697947
v -619.907227 102.450851 -5.913944
v -620.778870 102.880173 -6.949204
v -611.813049 90.102898 -14.644708
v -611.248718 88.849831 -13.073518
v -613.618958 92.681038 -2.188465
v -613.094238 92.816765 -1.219741
v -610.245667 94.834343 6.902710
v -635.032227 86.030350 36.694363
v -649.593750 81.799164 41.406315
v -604.873474 81.630653 -1.431991
v -613.493225 93.093750 -11.048515
v -607.057129 90.144600 6.130567
v -621.515747 90.214600 27.918552
v -630.266418 85.864471 34.209969
v -642.895142 80.693062 37.795246
v -591.684814 32.267906 -8.054964
v -609.883667 92.592171 1.547098
v -618.139343 97.257652 3.475770
v -627.665405 87.874428 33.350887
v -590.271973 32.935379 -5.385487
v -595.269104 58.929306 -17.153025
v -594.819763 55.190205 -16.578049
v -595.517883 60.319809 -15.475728
v -596.235168 62.858074 -16.966999
v -594.380859 52.939575 -15.804650
v -605.330872 43.343468 4.024578
v -611.283630 88.919640 -10.344377
v -612.914368 91.438416 -4.205998
v -622.558167 88.031197 28.897152
v -648.370422 77.944580 38.855824
v -593.800415 48.750748 -14.181653
v -593.409180 46.512489 -13.656101
v -608.183105 74.842201 5.722023
v -592.923828 44.346535 -12.817592
v -592.754944 41.225029 -11.569541
v -602.154480 22.418346 -1.585534
v -601.644409 22.625338 -2.472408
v -609.789062 90.615616 -1.908057
v -616.639832 90.870964 20.904348
v -618.342407 98.676949 2.359286
v -648.793579 76.556725 37.711182
v -611.162903 89.125351 -4.150420
v -610.065247 87.043884 -6.392838
v -619.356628 88.792961 25.077250
v -619.373230 98.582542 2.221461
v -648.147583 75.997032 37.496853
v -610.661987 87.631248 -7.354175
v -605.189819 85.944092 4.537900
v -608.704651 87.481789 9.728422
v -628.092468 82.244354 31.443762
v -647.497559 76.258041 37.604465
v -591.613708 35.111538 -6.078985
v -607.617004 86.202240 -5.295505
v -606.988953 87.074318 -3.326898
v -592.134521 35.354664 -5.148531
v -630.262878 80.273499 31.680508
v -645.902039 75.583168 36.527428
v -646.932190 74.886604 36.431633
v -613.853699 21.364622 1.685844
v -612.556152 20.904652 1.994756
v -622.667053 36.970627 6.826002
v -623.546875 38.503353 8.340897
v -606.602661 88.619026 1.664626
v -622.153564 81.300285 27.012413
v -594.481262 54.595642 -16.342659
v -592.495850 56.218609 -12.519716
v -608.284607 84.692825 -7.919363
v -592.000854 33.373791 -5.727883
v -602.795044 82.475372 0.978022
v -625.124146 81.265083 29.245253
v -647.026489 73.701996 35.523106
v -606.190063 83.679611 -7.553660
v -603.970703 84.820641 1.499627
v -614.709778 84.345673 18.843891
v -618.968384 100.890068 -2.366164
v -646.099487 72.432381 34.680271
v -602.315247 81.515755 -1.969995
v -616.342102 84.324997 21.152281
v -628.081970 74.363792 27.891043
v -645.370667 72.690605 34.728668
v -592.605408 38.787773 -10.331726
v -611.375427 47.406174 7.628694
v -604.673584 82.970673 -6.507954
v -617.728088 82.958862 22.901960
v -619.462891 80.897438 24.495569
v -592.346802 32.535591 -4.993620
v -605.008118 80.075104 1.835561
v -599.368469 76.473022 -4.054469
v -599.693848 75.838539 -2.602906
v -610.057922 79.750175 12.420828
v -626.007019 77.214531 28.128906
v -643.144897 69.371002 32.089428
v -643.888245 69.599930 32.370773
v -618.963196 100.293594 -0.725276
v -604.066833 81.181221 -8.209334
v -632.747131 75.111893 30.388964
v -607.264343 78.156647 8.414648
v -597.863220 27.212635 -3.995297
v -622.860474 75.299232 25.491369
v -602.007446 78.204468 -9.443764
v -603.652954 81.291878 2.761459
v -598.904175 26.721691 -2.985865
v -636.276306 70.838593 29.872595
v -644.354309 69.201515 32.043114
v -642.572937 67.358345 30.548897
v -604.156006 80.487473 -0.111310
v -605.402039 81.375526 1.850232
v -603.077576 79.333847 -9.563583
v -613.222717 78.261055 17.111364
v -597.055115 28.216835 -3.075158
v -595.392212 28.789684 -3.621936
v -626.220581 42.241550 9.252344
v -627.102905 42.746925 10.513155
v -601.336914 76.167839 -11.648003
v -602.766663 78.532654 -10.110056
v -597.128967 71.907700 -6.256184
v -614.473022 75.727333 18.497149
v -624.843018 70.404976 24.435558
v -642.350830 66.473221 29.574623
v -624.921570 40.440689 8.143964
v -625.364746 40.599590 8.920098
v -599.758606 73.423210 -13.148804
v -605.443542 73.306969 6.096773
v -596.662048 27.633308 -3.794547
v -617.572144 74.370628 21.301243
v -619.716675 74.100334 22.929253
v -630.710022 65.363243 24.689369
v -641.357117 66.175995 29.474541
v -598.697021 70.813255 -15.081363
v -603.082153 80.936569 -2.005848
v -602.517456 80.145706 -2.273396
v -616.022644 74.463669 19.918581
v -597.393860 67.301003 -16.344511
v -598.796570 70.529053 -15.316730
v -609.908447 73.326378 12.715324
v -623.015198 71.211624 23.877609
v -641.195129 63.466099 27.495541
v -596.935120 67.502831 -15.576877
v -596.718872 66.295044 -16.360264
v -597.910400 72.444183 -9.952059
v -599.001221 75.561066 -5.654718
v -597.815491 71.084290 -4.886719
v -636.592346 64.897522 27.001040
v -595.909302 63.251179 -16.989971
v -595.743164 68.837204 -10.271577
v -607.282654 70.923950 9.076038
v -593.383911 31.149652 -6.164999
v -603.807373 81.520081 -2.373873
v -603.955933 81.955299 -2.948628
v -603.215759 80.897995 -3.052642
v -595.178101 67.828224 -8.762733
v -609.949402 67.527893 12.611923
v -592.495850 31.873547 -5.108294
v -612.669006 65.837738 14.961432
v -640.780151 62.900169 26.750795
v -596.289001 70.489708 -8.458897
v -619.393127 68.940651 20.883097
v -638.056030 62.081764 26.140287
v -594.948730 63.951336 -14.496642
v -594.883057 66.540184 -11.279796
v -594.917480 66.183571 -8.565414
v -615.905273 69.162102 18.527746
v -607.008057 83.337959 -5.236372
v -607.249695 83.667015 -7.397087
v -594.751526 60.747459 -16.122984
v -609.533752 69.404007 12.245843
v -611.484009 67.301361 14.174847
v -621.945007 63.131420 19.677973
v -627.041199 59.962917 20.457426
v -635.708801 58.904533 23.561438
v -637.069763 60.371437 24.789377
v -638.372681 61.143345 25.571161
v -594.507874 57.974903 -16.438662
v -592.732178 58.277229 -12.569027
v -594.846619 57.353878 -16.929300
v -606.495483 66.462982 8.352001
v -620.623962 102.644264 -5.681310
v -608.995178 73.990608 7.314991
v -637.084290 59.143650 23.941530
v -638.332520 60.384243 24.741196
v -594.023254 64.932320 -10.286003
v -593.261902 62.104042 -10.158414
v -593.499268 62.749653 -11.680722
v -600.252747 68.047905 -0.868811
v -633.217407 56.525963 21.367041
v -636.406738 58.727539 23.617645
v -636.907227 58.485603 23.095232
v -592.944092 60.303562 -12.083647
v -616.490967 95.590828 16.298079
v -615.541687 97.300499 15.658661
v -615.704407 65.714844 17.289030
v -594.279358 63.689198 -8.944494
v -614.302795 98.877640 13.316710
v -602.793030 62.524673 3.474956
v -619.162415 65.187317 19.198015
v -634.527588 56.481754 21.809877
v -634.838440 55.823990 21.378710
v -593.974792 51.863060 -15.325099
v -593.293030 51.375313 -14.287819
v -593.908203 50.587841 -14.939137
v -628.040771 47.444420 11.695967
v -628.972168 46.777351 12.297655
v -614.637390 100.387550 12.779943
v -615.513855 100.540176 10.244784
v -628.649109 54.810272 18.653021
v -635.441162 55.800713 21.128666
v -592.334290 58.674194 -11.168849
v -614.666504 100.337242 13.934629
v -592.486389 57.743462 -9.602665
v -598.539856 62.083218 -2.614432
v -605.671387 57.236893 6.780004
v -593.245789 47.047291 -13.794533
v -592.613281 46.298859 -12.999118
v -592.635803 52.644161 -13.043951
v -591.700928 54.032288 -10.810146
v -591.904297 56.137154 -10.235385
v -655.251709 93.420715 46.276123
v -657.996216 94.157158 46.333366
v -610.664612 61.148949 12.119185
v -614.653320 61.899097 15.254865
v -629.741821 51.688000 17.552256
v -632.807922 54.262287 19.996422
v -591.440552 47.714924 -10.668869
v -591.042908 49.434986 -9.353237
v -657.291321 93.600998 46.616653
v -600.792664 57.671638 1.160977
v -614.321350 99.166489 12.446377
v -616.638672 60.957005 16.056969
v -633.953735 53.585579 19.475117
v -591.940430 36.750839 -10.535362
v -591.217407 37.951321 -9.672305
v -591.940491 39.038601 -10.832191
v -591.425720 41.546528 -10.412196
v -592.398743 43.474701 -12.120447
v -591.924988 44.049511 -11.507679
v -591.947693 53.683636 -8.711241
v -593.420654 59.401669 -8.949241
v -596.779907 58.681702 -4.396042
v -604.332520 58.209229 5.502329
v -633.120117 51.957317 18.282131
v -591.868896 35.019459 -9.908323
v -622.312500 52.119335 14.689895
v -632.765198 52.235260 18.776451
v -590.129028 42.045776 -7.087712
v -596.069946 51.659649 -3.197897
v -598.024597 54.429398 -1.687727
v -602.733276 58.286461 3.596550
v -630.843567 50.533676 17.184050
v -631.319275 49.720436 16.448721
v -601.770020 40.160114 2.320761
v -602.922241 36.441597 2.271811
v -591.570068 30.895973 -2.635444
v -591.308167 30.358826 -3.399537
v -591.167236 31.066322 -3.073514
v -590.313782 41.731884 -7.889087
v -611.685669 90.212250 -1.594860
v -610.916565 87.766495 -4.083965
v -607.230103 55.672932 7.867078
v -609.368835 54.046852 9.003466
v -629.602295 48.047222 15.596570
v -590.785889 31.546551 -5.772191
v -589.904541 34.534924 -5.070520
v -591.647095 32.483490 -2.540162
v -589.976501 34.370598 -4.415765
v -590.307190 36.793564 -4.215060
v -590.482971 41.951027 -5.683267
v -589.980774 39.674225 -5.760046
v -590.693115 46.289829 -7.581628
v -591.359863 47.223251 -6.776896
v -602.790283 54.211685 3.629832
v -612.806274 56.567196 12.077240
v -604.394836 24.065548 0.695699
v -592.737915 28.219423 -3.844877
v -590.386841 32.905304 -3.739683
v -591.185059 30.408659 -4.454193
v -590.479431 33.987438 -3.600611
v -590.947876 36.112881 -3.461445
v -592.470276 35.248615 -2.258766
v -618.016357 56.420910 14.740513
v -628.643127 46.313671 14.349858
v -595.332825 26.182102 -3.530827
v -594.179810 27.084110 -4.587667
v -593.379517 28.001705 -2.780897
v -591.548767 30.573498 -6.400864
v -592.252258 31.780222 -2.156279
v -600.020630 53.409351 0.794237
v -605.106873 54.505909 5.833455
v -613.850891 54.722546 11.915118
v -627.320923 45.869961 13.684178
v -629.081055 46.484814 14.399583
v -629.074036 45.580715 13.420670
v -590.647339 31.383818 -3.932640
v -593.635803 30.084030 -1.595082
v -594.185669 43.361835 -2.440783
v -593.105591 44.625126 -3.854611
v -597.214294 49.623737 -1.336216
v -623.277283 39.287006 8.980963
v -596.078491 42.809181 -0.780729
v -598.529785 48.185482 0.202993
v -603.747742 50.356544 4.180306
v -606.592529 52.361511 6.600426
v -596.622375 35.408325 -0.065522
v -600.957642 50.920628 1.999771
v -626.366333 43.429844 12.090037
v -627.802307 44.037960 12.317189
v -596.505127 26.169598 -1.605140
v -595.505493 29.395451 -0.925574
v -598.713623 40.631741 1.007408
v -606.773804 50.141960 6.165421
v -613.822571 50.661877 10.153730
v -619.075134 44.181572 9.594648
v -621.467346 46.228115 11.520782
v -596.125061 27.163647 -1.226234
v -597.763428 28.005220 -0.409268
v -600.007263 45.163872 1.562569
v -600.726135 47.658848 1.940726
v -610.457336 50.566200 8.393320
v -625.867065 42.192665 11.265114
v -598.968994 35.490288 0.864463
v -603.625122 48.253345 3.864531
v -626.930298 42.630497 11.279549
v -599.448425 25.067364 -0.813693
v -600.367798 32.643230 0.984628
v -605.571472 47.061283 4.784391
v -608.677124 48.107124 6.614915
v -624.340454 41.742733 10.530117
v -625.947205 40.962624 9.904867
v -609.479736 19.709372 -1.152728
v -608.865845 19.665066 -0.912297
v -604.355164 22.999128 0.422747
v -610.488953 19.743143 -0.843892
v -602.588379 22.359146 -1.133558
v -609.497009 19.991615 1.013928
v -606.364136 21.150152 0.273479
v -611.428040 20.158617 1.638276
v -612.942932 20.488379 1.104044
v -599.603821 24.145531 -1.731529
v -600.191406 25.182261 -0.360514
v -603.056030 44.397156 3.191728
v -608.911987 45.351376 5.923270
v -615.601318 45.178329 8.602201
v -625.068237 40.427254 9.530648
v -610.228638 19.575232 -0.480012
v -606.258545 20.429113 -1.213671
v -607.689087 20.154211 0.043666
v -605.405334 20.853739 -2.344625
v -607.426208 20.378107 -2.328158
v -611.727112 19.933958 0.495999
v -636.566040 58.707840 21.349115
v -636.830017 58.547707 22.024178
v -607.850586 65.139755 6.953066
v -604.325928 58.366425 2.481022
v -630.492065 111.236412 27.172035
v -639.035767 107.040405 35.842648
v -640.404053 106.082283 36.286480
v -641.900635 105.929611 37.282536
v -621.020447 104.277367 -11.132482
v -620.034119 103.592941 -11.727010
v -619.536560 102.610504 -7.731595
v -621.088379 103.603416 -9.036082
v -619.731201 102.714088 -8.594268
v -622.317139 104.977982 -11.012502
v -623.314026 104.556885 -10.113995
v -645.228027 105.047478 38.157013
v -644.480896 104.517014 37.755753
v -619.278687 106.359917 -5.946462
v -618.577820 107.869530 -8.249803
v -592.265259 38.440289 -10.898935
v -622.654968 37.165985 6.152062
v -620.672852 33.937145 4.243126
v -616.108887 27.976252 1.201468
v -637.891357 107.044098 35.049664
v -637.515747 107.684235 34.706181
v -648.618286 104.272087 39.147583
v -648.258301 104.258659 39.693077
v -647.622742 104.409401 38.545521
v -618.013000 28.747231 3.077368
v -617.805054 29.231838 2.388860
v -601.954468 55.070057 -0.156244
v -634.081421 53.570461 18.451199
v -618.274841 104.411995 9.356096
v -617.877991 103.731293 9.618992
v -598.776428 71.493355 -6.513722
v -600.899475 75.382019 -4.433908
v -600.218323 74.599991 -6.692641
v -601.343994 75.334236 -3.250513
v -603.167664 78.787766 -0.675609
v -601.814575 77.400024 -2.965779
v -602.318237 79.742912 -2.869999
v -602.205017 79.275696 -2.750574
v -608.538513 83.413040 -5.990926
v -595.851624 65.087357 -9.729148
v -615.375000 76.950554 -3.812262
v -612.156860 77.516998 -1.144449
v -612.847534 79.484344 -4.588683
v -614.537537 80.536247 -5.562971
v -613.089844 82.851761 -6.751964
v -612.363037 82.941643 -4.736386
v -615.986023 78.286522 -5.104487
v -616.554688 79.328873 -7.058591
v -615.488953 81.450188 -8.847297
v -619.057007 78.473595 -9.333513
v -608.388428 83.267342 -0.725669
v -608.447754 85.675568 -1.683979
v -610.296814 82.302803 -1.856624
v -609.860901 86.226265 -3.569404
v -611.512146 82.362473 -3.079565
v -606.952820 84.345863 0.083594
v -610.729248 86.419594 -4.639376
v -608.623718 87.826248 -2.074538
v -611.573120 88.598816 -3.830691
v -615.677551 95.481277 -6.589119
v -618.820679 101.553154 -9.890323
v -619.173828 93.901039 13.372629
v -610.141418 77.253578 1.382196
v -600.267578 25.938635 -3.308723
v -599.980225 26.138929 -5.083369
v -599.921204 25.965229 -5.326398
v -624.494812 96.826469 0.996070
v -621.213135 98.369820 1.035114
v -623.354370 97.342186 0.872853
v -599.918213 55.968941 -2.700430
v -595.911011 66.465454 -10.355261
v -615.657349 25.541811 1.156155
v -615.787109 24.800259 1.672738
v -616.857239 26.863697 1.980228
v -592.277771 35.855679 -10.279712
v -592.482971 35.013847 -9.415687
v -611.903870 85.032707 -9.448426
v -612.219604 84.455582 -9.914275
v -608.949829 74.944656 8.073306
v -609.292175 70.269592 8.767519
v -613.260925 72.447708 13.969553
v -613.366760 69.283943 13.602046
v -613.399597 65.581245 12.687033
v -616.458557 73.061203 17.252541
v -619.478210 67.776840 17.529837
v -631.654053 53.810192 16.145288
v -634.373901 57.315006 18.899963
v -633.072266 54.172375 17.303112
v -614.109009 95.654312 12.823013
v -617.948669 91.133781 18.577366
v -619.231689 105.389694 -4.125215
v -619.535583 104.006729 -2.443909
v -622.001221 104.078300 -5.599510
v -622.536804 102.148430 -2.756551
v -623.597168 104.649063 -8.954672
v -624.244934 102.750870 -7.190412
v -621.552307 100.260880 1.078563
v -624.354675 101.154770 -5.210639
v -615.561768 96.772903 14.779894
v -610.238037 84.778252 -9.289678
v -619.212646 96.295090 9.551291
v -618.734436 96.610641 10.793530
v -619.096619 95.435081 8.581998
v -618.925415 96.840446 8.909470
v -619.076111 95.917412 8.534586
v -618.096497 96.280914 12.799199
v -620.284668 95.734177 10.611701
v -620.768066 94.733887 12.508809
v -599.122742 71.171074 -13.402038
v -622.939331 96.112839 6.515473
v -623.764587 94.674423 8.379587
v -623.175842 93.851295 11.233868
v -621.917236 95.476044 9.223305
v -623.637268 93.648125 10.268284
v -616.027588 100.320549 9.084905
v -617.228516 102.235970 8.533883
v -616.346497 102.530273 6.822548
v -617.518677 95.501160 15.002172
v -618.351257 93.741234 17.177816
v -616.512146 103.363251 15.814482
v -615.395386 101.453545 13.494658
v -616.775757 103.568497 14.863906
v -617.666992 103.730072 12.199515
v -620.171692 107.182396 12.765070
v -619.245667 106.019188 11.070090
v -621.335022 109.310516 14.123928
v -638.544189 60.422646 23.939827
v -610.604919 72.088997 10.766945
v -613.643738 77.716011 14.754249
v -618.134216 71.135712 17.977436
v -624.879456 73.129181 22.671133
v -626.485718 68.054008 20.996967
v -628.127319 63.015804 19.234018
v -636.165649 60.644939 21.291534
v -635.340332 64.913498 23.164574
v -635.541016 57.840977 20.057922
v -638.467957 61.597305 23.554651
v -659.497131 94.495071 48.081955
v -654.760132 87.749756 43.656788
v -655.406494 89.019188 44.933693
v -652.907288 83.720360 41.375565
v -657.404907 90.073174 47.707027
v -657.919067 91.714516 47.676208
v -658.053345 92.737831 47.208771
v -658.458374 92.117462 48.613876
v -657.102234 91.834679 46.719078
v -659.812561 96.204895 46.634064
v -652.354370 83.993225 40.663170
v -651.213196 84.337639 40.040367
v -654.488525 88.635323 43.734852
v -658.718628 95.690353 45.706242
v -656.517761 92.556717 46.478790
v -660.314209 98.422554 45.250824
v -659.664612 98.244331 44.318214
v -660.079407 96.869560 46.879299
v -660.168823 99.443398 44.591743
v -659.722107 99.973663 43.127071
v -594.724548 61.856636 -10.554697
v -655.336609 91.703529 45.620136
v -657.883179 99.452103 42.330040
v -659.201111 99.328522 42.859905
v -657.939880 96.415504 44.595337
v -647.975708 84.015701 38.408295
v -650.124390 94.456123 44.635536
v -652.291687 95.077721 44.988346
v -657.082092 101.358421 41.297394
v -657.297424 101.588081 41.374916
v -658.820496 100.607040 42.148575
v -600.826904 74.873337 -12.514003
v -648.148621 79.147766 35.973888
v -645.883179 87.733116 39.377254
v -653.106140 101.166809 40.618835
v -656.308716 102.245140 41.211082
v -649.094849 77.802086 36.434872
v -618.208740 103.277977 -16.341698
v -617.463501 102.451920 -17.050863
v -617.102112 100.711006 6.706870
v -650.677490 78.942947 38.612373
v -648.823853 76.388062 36.537155
v -650.628723 78.525703 39.043175
v -606.037170 86.331032 2.080437
v -606.373535 86.971710 1.940454
v -649.770020 104.188843 39.478706
v -648.503662 77.574150 35.789700
v -648.290405 103.681488 38.805817
v -644.157288 75.871925 32.528645
v -646.056458 75.284630 33.161991
v -644.612976 94.283218 42.012058
v -642.990417 96.865868 42.432526
v -637.936340 98.975990 40.577007
v -647.135925 95.962250 43.667221
v -646.994446 72.934143 33.599781
v -647.097229 72.614937 34.217144
v -641.816223 95.197578 41.128601
v -643.613037 96.153191 42.573299
v -644.708252 105.101723 38.656796
v -635.528870 98.484917 39.746243
v -645.190125 98.326370 41.945435
v -647.042603 102.509323 39.168274
v -645.244507 71.401360 31.401022
v -642.866821 71.078743 29.418749
v -645.298096 69.723740 31.875757
v -639.587891 78.129951 31.760923
v -642.812378 105.362335 37.313744
v -641.098145 103.783890 37.743290
v -641.335999 105.249168 36.874294
v -643.435791 68.682213 29.496767
v -638.408325 95.209496 39.567898
v -643.708130 68.131554 30.091776
v -642.558105 69.515701 28.665098
v -640.686279 67.951508 26.938116
v -637.305725 97.854828 40.481052
v -637.475281 98.283295 40.637619
v -639.331726 104.966537 36.589596
v -637.822937 105.639999 35.624546
v -635.699402 108.857246 33.027126
v -597.829712 68.486786 -7.311862
v -638.799622 71.737198 28.098818
v -636.244812 105.946686 34.753689
v -635.179138 107.469322 33.140907
v -633.577271 109.197617 31.008793
v -634.515381 109.729767 31.876026
v -632.414062 110.121750 29.559914
v -642.157227 65.787979 28.355804
v -642.050598 66.135712 27.851191
v -641.693237 66.774643 27.397057
v -632.790222 100.104393 38.151978
v -633.833130 99.055153 38.808273
v -634.355347 106.747375 33.103252
v -629.989441 110.714920 26.533325
v -633.289734 110.202911 30.682657
v -640.408691 63.838512 25.616234
v -641.221252 63.988506 26.928034
v -639.890320 65.699661 25.381804
v -635.595947 95.812416 38.466278
v -635.378357 99.917938 39.326870
v -632.663696 101.030823 37.470680
v -632.322021 108.019356 30.581215
v -629.722046 109.635628 26.977848
v -627.040100 114.041595 21.985916
v -611.835938 20.252188 -0.249957
v -640.017395 62.304611 25.314053
v -638.241211 64.073219 23.926460
v -637.411621 83.846825 33.628033
v -633.142822 96.868683 37.431911
v -628.411011 103.106331 33.132996
v -626.384644 111.429253 22.534103
v -624.918518 114.399216 19.126436
v -625.139832 113.491959 19.948074
v -623.914917 112.312515 19.399719
v -624.565247 112.286751 20.267832
v -624.135010 113.205498 18.314695
v -623.990601 104.324905 -9.415245
v -623.416443 105.244171 -10.240980
v -618.519226 107.883286 -10.208795
v -599.187927 71.193810 -14.483538
v -634.777100 99.571198 39.298832
v -630.242249 102.139107 35.256161
v -614.378235 93.621895 14.541947
v -623.202515 112.411446 16.496719
v -633.643127 77.086441 28.599039
v -630.967529 100.593956 36.665546
v -623.896484 106.077904 26.429380
v -622.500732 110.881996 19.693012
v -623.200745 111.565422 18.506449
v -597.404175 66.683945 -15.857359
v -604.841003 21.839388 -3.948107
v -618.498230 107.759521 -9.395722
v -594.351929 62.278587 -11.338748
v -630.046265 101.567802 35.611412
v -621.828003 109.670151 17.034016
v -615.890686 96.669952 3.464633
v -600.885559 23.192272 -3.614926
v -601.094543 23.405462 -4.246546
v -601.407410 76.886055 -5.420557
v -598.514954 72.114799 -8.028846
v -593.354858 57.638779 -11.215621
v -593.492859 57.962749 -11.787509
v -593.679626 28.901743 -6.946117
v -592.682495 28.640987 -5.573692
v -632.493530 89.602180 34.061333
v -630.693542 90.924225 33.593719
v -631.576538 99.076492 36.940983
v -619.716370 108.234375 19.878284
v -620.660522 108.159836 15.691710
v -594.975891 64.363609 -10.964396
v -595.209045 64.783272 -11.685932
v -594.114319 61.416660 -11.766997
v -596.585327 65.142097 -14.775454
v -594.434448 27.430822 -5.944845
v -595.790955 27.345644 -6.699180
v -627.253540 102.575302 32.345627
v -625.674194 104.395035 29.496449
v -621.696350 107.045464 23.601246
v -620.806335 108.909790 20.956087
v -620.233154 108.744400 20.323458
v -619.763306 107.983612 20.663412
v -601.678040 69.867691 -1.972232
v -597.434326 69.776314 -8.525595
v -599.475159 72.172562 -14.173316
v -635.361633 55.411743 20.533175
v -631.674377 83.782845 30.976097
v -629.840332 93.591034 33.956310
v -629.460999 101.261490 35.170242
v -623.463989 105.383827 26.609171
v -620.403015 107.270103 22.021690
v -619.117920 107.363441 19.706299
v -600.418335 73.875595 -12.892985
v -602.155334 72.792274 -1.908509
v -604.713013 71.976479 2.203753
v -632.042236 71.428589 25.072653
v -627.895386 94.358665 32.501507
v -624.941345 95.395546 29.304008
v -622.380249 100.886513 -0.713727
v -599.915283 64.174576 -3.615296
v -628.280457 82.726471 28.771471
v -624.213867 99.694611 -2.920378
v -624.597107 99.473099 -3.588180
v -624.172791 102.977020 -8.029405
v -598.964355 72.471825 -9.411033
v -596.618469 68.384819 -10.485463
v -603.369995 79.399010 -9.097771
v -604.637878 81.675240 -6.839513
v -627.830994 85.365593 29.600157
v -625.988708 93.951347 30.434708
v -618.818237 105.569328 19.781811
v -617.074219 103.939774 17.314388
v -592.449036 38.216648 -8.839966
v -618.918579 108.083000 -10.054463
v -598.075073 24.768602 -4.232509
v -598.404236 25.003723 -4.983979
v -600.922485 75.324730 -7.940108
v -605.657654 21.272488 -3.521866
v -612.671326 23.121675 -0.484540
v -613.200256 21.079857 0.340680
v -633.475403 52.315548 17.966721
v -631.965637 50.736343 15.828874
v -632.644470 56.071217 17.610554
v -623.024109 95.758080 26.669533
v -620.336121 100.668770 22.313993
v -623.008911 99.126091 -0.190236
v -624.485229 98.317055 -1.542859
v -620.681458 107.248314 -9.599971
v -620.020935 107.773476 -10.083859
v -620.614624 107.146004 -11.118904
v -619.332031 106.321190 -14.056614
v -621.797729 105.688713 -11.901200
v -597.613464 24.819105 -3.245857
v -612.820679 22.211987 -0.340218
v -614.036926 21.615913 1.132381
v -614.498718 23.480116 0.344332
v -628.018311 48.912331 12.238746
v -629.383667 76.577423 26.422922
v -623.707397 88.056061 27.091209
v -618.737244 102.624977 0.897106
v -620.812256 100.998383 1.220297
v -624.412354 94.586685 7.083391
v -622.731140 105.617989 -11.208082
v -618.060547 106.943443 -12.033929
v -618.368530 106.511269 -13.271571
v -618.697937 107.566925 -12.051535
v -616.863403 103.575050 -14.025592
v -608.375061 74.315117 6.583595
v -597.754761 70.531494 -9.999518
v -601.164673 74.733292 -10.342925
v -632.051331 50.126442 16.212944
v -626.098572 86.678192 28.874166
v -615.306885 100.372444 15.096935
v -618.118530 99.603821 6.656154
v -595.480225 60.374905 -17.351320
v -596.055359 62.931801 -17.142378
v -599.013794 25.192587 -5.344590
v -608.313293 20.623018 -2.557961
v -610.333130 20.813887 -1.260073
v -619.253723 30.962210 3.425880
v -620.138916 32.574299 4.457567
v -628.525513 51.635498 13.725084
v -622.052612 89.285339 25.401554
v -623.264099 92.640793 13.010641
v -617.730286 100.606926 5.714248
v -620.261963 100.085632 3.511969
v -621.667114 98.809212 1.981192
v -624.628174 96.328949 2.344030
v -624.201965 96.210381 4.075476
v -624.486267 94.553513 6.571031
v -624.552673 95.101326 5.785160
v -624.411865 95.197861 4.305352
v -619.318542 107.004318 -13.308868
v -601.932983 23.495134 -4.575570
v -607.278320 21.343098 -2.891693
v -609.068176 21.055376 -1.931848
v -609.500793 22.260853 -1.430843
v -611.351135 24.292913 -0.683086
v -608.022400 24.565825 -1.339891
v -616.667786 30.958185 1.688062
v -620.119812 33.826141 3.628966
v -628.900635 45.105453 12.474182
v -628.114258 45.200405 11.484865
v -624.551697 87.085457 27.694818
v -617.839355 94.039864 18.033724
v -618.926636 92.485855 18.642704
v -618.841797 92.581017 19.723179
v -622.373230 92.559662 14.587423
v -598.558533 70.470154 -12.456092
v -599.692871 72.364807 -11.956480
v -612.754883 82.386559 -7.565901
v -620.458679 98.740364 4.372697
v -619.505920 98.616730 6.012831
v -602.696045 78.230011 -7.723378
v -597.101990 27.425800 -6.477416
v -595.680359 28.779522 -6.994380
v -596.338501 27.520891 -6.825031
v -598.010010 26.338081 -5.985511
v -598.087036 26.862692 -5.789465
v -601.231018 24.407225 -4.856182
v -605.815430 23.804045 -1.791312
v -619.311890 34.254326 3.146770
v -619.057739 35.387356 3.245107
v -621.229797 34.595615 5.228442
v -622.597351 37.664570 5.804180
v -624.550232 43.408577 8.147798
v -626.143555 46.118443 10.057528
v -620.556274 92.635788 23.295938
v -618.067261 94.607376 19.490784
v -616.973877 95.168083 16.210793
v -622.579956 91.977798 15.049674
v -622.098083 91.921402 15.672356
v -619.861206 96.229652 8.933503
v -620.435242 97.066734 7.234800
v -621.636902 97.022789 5.495858
v -621.060791 97.687378 4.930639
v -624.473938 99.502449 -3.675534
v -624.118286 102.147202 -6.879134
v -623.398560 102.059731 -6.677394
v -622.293335 103.529808 -8.553140
v -620.694092 105.144714 -12.441311
v -593.553833 30.421423 -7.565185
v -596.748840 28.035570 -5.783242
v -605.881714 22.930538 -2.541909
v -611.898071 29.599022 0.441471
v -623.593689 39.538403 6.633086
v -622.576660 40.130878 5.922889
v -617.111084 94.827736 17.945047
v -619.902222 92.419868 17.349474
v -619.179199 96.066513 8.877668
v -619.130798 101.463814 -4.737206
v -613.930786 94.551666 -21.010590
v -614.942505 96.634094 -19.815872
v -614.813599 97.665840 -19.352646
v -613.460510 92.679276 -21.808350
v -613.748352 93.510834 -21.131008
v -592.890320 32.174633 -6.735518
v -593.758911 30.720587 -7.045290
v -597.897766 27.241234 -4.937269
v -602.096375 24.969090 -4.056441
v -603.071472 25.053926 -2.420267
v -605.085571 24.871904 -1.750768
v -604.017273 24.670019 -2.016243
v -614.751038 34.080925 1.907596
v -624.358948 42.019512 7.611762
v -622.340088 48.234173 9.632687
v -618.397156 93.861877 19.573738
v -619.186646 91.323654 20.721333
v -608.004700 79.243790 0.520572
v -621.676453 102.377129 -6.135535
v -597.584656 67.891853 -13.925131
v -619.705383 104.191620 -13.165485
v -618.836487 104.651756 -15.296652
v -616.779236 100.739151 -17.257504
v -614.837158 96.129753 -19.873726
v -616.679138 98.566544 -16.867846
v -613.562439 92.950729 -19.344065
v -612.884155 91.262886 -17.077677
v -613.193481 91.853912 -21.224382
v -593.027344 31.863243 -7.507875
v -592.717102 32.009014 -8.005647
v -592.796997 33.564930 -4.533600
v -594.472290 29.323133 -4.491690
v -595.164062 30.518280 -3.481646
v -601.780212 25.345085 -2.790429
v -600.964355 26.064365 -2.495604
v -602.493286 26.144596 -2.193623
v -606.054260 28.386017 -0.782752
v -621.570068 38.518608 4.984952
v -626.005432 56.277885 15.058806
v -623.448181 80.477303 24.905510
v -622.247131 84.003670 24.990311
v -619.266602 92.557144 21.069916
v -618.853638 91.396172 19.105230
v -619.754456 92.086250 17.653603
v -620.589355 92.088829 16.481705
v -623.011108 92.569794 12.930952
v -618.389893 95.516052 8.024233
v -622.658081 96.101067 3.082944
v -619.423035 102.277245 -6.179503
v -618.403320 101.822083 -15.017465
v -619.031250 102.282425 -12.838232
v -616.916565 99.813301 -17.282274
v -615.020386 95.843971 -18.224991
v -613.160400 90.539818 -17.972797
v -592.476440 33.512554 -8.127576
v -592.159302 33.106853 -8.627392
v -608.250793 29.517141 -0.099778
v -624.364502 77.115364 24.178753
v -620.285217 86.805389 23.283966
v -620.322571 88.633919 23.223473
v -620.037170 95.529579 4.848171
v -619.618530 96.792442 3.546418
v -624.177185 95.882347 2.838746
v -614.908569 96.907883 5.699594
v -612.907410 89.998985 -17.997440
v -612.524109 89.630775 -17.815060
v -592.425171 35.278183 -8.626747
v -591.521057 39.183479 -6.693597
v -593.860962 39.514297 -4.514023
v -595.161682 38.340504 -3.437378
v -594.044983 33.142994 -3.809403
v -598.333252 30.745102 -2.445718
v -609.304382 32.188686 0.385666
v -615.880066 43.023911 4.870817
v -620.988342 41.029556 5.786378
v -618.324402 80.992210 20.525194
v -618.020691 95.134445 9.819161
v -620.455994 97.513321 2.591008
v -617.778748 97.823242 2.673106
v -606.406067 87.273041 3.652041
v -618.035095 99.321030 -2.932021
v -617.690308 100.246002 -15.192606
v -612.606323 90.765251 -14.694889
v -591.517883 37.494125 -6.796145
v -612.465454 37.928787 2.281655
v -621.941162 75.248451 21.983294
v -619.501770 80.257835 21.597321
v -618.857666 90.087349 20.545582
v -617.759827 96.534233 4.679500
v -618.603760 95.679108 6.096733
v -618.184143 99.061707 1.485671
v -618.117065 99.193642 -0.127066
v -616.080688 97.048759 -13.192813
v -592.746765 50.164818 -9.130730
v -592.009094 40.227493 -6.320658
v -604.039795 31.240133 -0.983293
v -613.899231 41.704674 3.751197
v -618.260437 46.793594 7.343988
v -622.005676 54.002102 12.325369
v -621.713257 62.057293 16.001743
v -617.229614 81.914337 19.340790
v -611.746033 94.583603 10.221488
v -613.954895 96.006546 11.559251
v -613.299133 95.988800 8.992510
v -606.072632 84.910301 3.195059
v -605.859802 82.558975 2.510495
v -614.885986 96.140930 9.363060
v -614.625916 96.465172 7.397372
v -611.890259 87.634483 -12.452021
v -612.479858 88.974243 -15.147448
v -611.883118 87.482826 -13.343201
v -591.713806 37.042122 -5.822377
v -598.176086 38.878517 -1.804153
v -602.845947 37.496384 -0.259679
v -620.173706 77.741058 21.578577
v -617.660339 89.329010 19.292622
v -617.043701 91.375153 17.866079
v -606.461792 84.592155 4.195865
v -592.825684 41.981056 -10.143484
v -591.750549 41.896580 -8.101965
v -617.431274 85.790718 19.581816
v -614.781494 92.652763 15.236950
v -611.688599 95.262283 8.639034
v -614.033813 96.710136 5.919597
v -615.183655 94.228523 -2.568017
v -592.582092 50.974075 -10.167088
v -606.393188 40.612179 1.242241
v -615.432068 89.349594 16.505228
v -612.814270 96.113693 6.481780
v -613.666809 95.835922 4.001648
v -615.090881 94.702805 1.052480
v -618.925171 77.041061 -7.440275
v -619.324097 77.767891 -8.791115
v -591.911987 43.793274 -7.651961
v -592.178894 46.900909 -8.758339
v -596.126648 43.676807 -3.585003
v -609.544250 45.559399 3.424686
v -611.469055 47.075500 4.674149
v -614.993469 52.255531 8.394678
v -611.068176 93.251083 10.013558
v -611.659363 95.278305 7.500269
v -612.765381 95.545738 5.015507
v -613.623169 91.693253 -2.292764
v -617.962158 76.708542 -5.978446
v -618.370178 77.162613 -7.211154
v -593.596130 47.091488 -12.445006
v -608.091248 43.704906 2.402993
v -617.842346 57.769550 12.265937
v -609.788696 92.629654 8.135848
v -609.579712 92.810516 6.926181
v -611.157410 87.573967 -8.185987
v -593.659424 50.204056 -12.285460
v -598.772705 42.747711 -1.592699
v -602.456360 40.985386 0.051238
v -612.575134 49.261642 5.976270
v -610.428772 91.457176 1.099710
v -601.943298 42.889526 -0.025352
v -610.470825 84.710007 9.869309
v -609.141602 91.447807 7.392096
v -615.851746 77.017487 -3.909709
v -611.389404 85.419189 -5.750417
v -616.580566 76.703781 -4.536296
v -613.066895 79.751709 13.902954
v -611.495911 88.083351 -4.937395
v -615.877380 80.110847 -8.533620
v -616.304260 81.097458 -9.716001
v -617.531555 80.167366 -9.796026
v -594.421448 52.749168 -14.924211
v -594.635498 54.932156 -8.757356
v -594.541626 45.073551 -5.379694
v -615.352173 58.972469 11.551454
v -607.990540 88.979195 6.077605
v -594.967224 56.561367 -15.474403
v -593.329285 55.696705 -11.812551
v -593.051514 54.266052 -10.317968
v -597.414307 51.725365 -4.567641
v -599.787598 48.020885 -1.458337
v -600.899109 45.567856 -0.453841
v -605.329895 45.470394 1.729374
v -607.625305 48.228378 3.375745
v -609.030579 50.539558 4.794389
v -610.651123 52.859318 6.481410
v -607.760071 89.763771 4.497002
v -608.643311 91.162819 6.229929
v -608.236511 88.154892 -0.549019
v -611.197021 85.005745 -4.628799
v -593.871338 58.524925 -10.667523
v -598.161926 48.998692 -3.043713
v -613.895264 60.359745 11.280013
v -614.123047 77.123466 -2.242252
v -612.116455 83.219055 -8.225937
v -612.948486 83.490364 -9.340188
v -594.876099 57.499596 -14.740204
v -603.360107 47.571583 1.025482
v -614.928406 64.798668 13.592764
v -609.393250 88.536110 -1.862088
v -602.351562 49.303410 0.439340
v -604.766418 50.023815 2.157740
v -607.035339 51.478630 3.833462
v -606.181885 83.280983 1.159456
v -609.500305 77.139420 2.049640
v -612.039734 83.910538 -9.394496
v -609.730469 83.984154 -8.063504
v -608.717468 56.512653 6.405735
v -611.078369 65.504631 10.549116
v -596.428345 63.749889 -15.717777
v -605.012024 52.047729 2.617822
v -610.466797 68.799759 10.300167
v -606.061340 85.385330 2.210350
v -606.813049 86.229568 0.373478
v -609.434998 79.901695 -1.864781
v -600.434998 51.543224 -1.294460
v -603.430664 53.486183 1.396109
v -605.611511 55.503975 3.626857
v -607.340759 56.096214 5.224596
v -607.503174 58.446751 5.864278
v -608.756897 63.635113 7.889958
v -609.124695 84.393318 -8.541042
v -608.213989 83.926018 -7.738388
v -608.959534 77.869766 1.755469
v -608.990417 82.049942 -4.122031
v -616.601135 25.685846 2.537833
v -639.777954 61.522305 25.516541
v -619.540100 104.075478 -2.993741
v -618.896057 107.253807 -7.191741
v -615.269775 100.658943 -14.547586
v -612.306458 77.396965 -0.782316
v -605.653198 82.016762 1.383466
v -653.965332 103.047203 40.799862
v -651.959106 81.256828 40.610760
v -645.759033 70.408943 32.789768
v -630.424744 48.054230 14.123240
v -630.724915 48.176254 14.863561
v -627.878113 43.672855 11.571966
v -626.656860 41.689201 10.142059
v -624.547485 39.462856 8.260510
v -620.325806 94.734367 7.851796
v -607.284058 83.920784 -7.792990
v -619.279358 104.866753 -3.136086
v -619.007141 95.525024 7.735018
v -599.064880 24.153341 -2.865232
v -596.687439 25.664730 -2.067168
v -611.463928 81.642670 -5.662495
v -592.442566 31.473196 -7.935322
v -593.743774 29.611824 -7.445014
v -610.316650 20.186934 -1.155273
v -644.302673 68.679001 31.278282
v -648.023499 74.852470 35.992008
v -657.226196 89.732704 48.036037
v -617.342163 102.751289 -15.525865
v -616.184631 101.427696 -16.264597
v -617.974304 103.414459 -15.133400
v -617.343140 103.983063 -14.427655
v -618.486450 105.419456 -14.194334
v -613.970154 98.034058 -17.164757
v -614.424377 97.947830 -18.649351
v -613.685364 95.503395 -20.016512
v -613.194885 95.565323 -18.493059
v -613.122253 92.085907 -21.310852
v -612.023926 89.136383 -16.438801
v -611.558472 87.147736 -13.042982
v -611.139099 86.857597 -12.201877
v -611.621460 86.027626 -11.516607
v -613.955872 78.816681 -3.107996
v -609.503906 78.935074 0.817122
v -608.027710 81.875412 0.092089
v -607.808777 80.477852 0.724601
v -607.102356 81.438065 0.519510
v -606.775879 82.813583 0.506406
v -606.177979 82.016396 0.668993
v -612.167175 77.757843 -0.683940
v -622.131897 93.138969 11.639940
v -623.587708 94.634842 5.749116
v -621.677246 94.436943 7.197653
v -620.180969 94.374222 9.483814
v -623.430481 93.560089 10.002359
vn -0.7797 -0.0074 -0.6261
vn 0.2211 -0.1971 0.9551
vn 0.2184 -0.1966 0.9559
vn 0.2081 -0.4958 0.8431
vn 0.2089 -0.4974 0.8420
vn 0.3839 -0.4145 0.8251
vn 0.4194 -0.3506 0.8373
vn 0.2161 -0.1685 0.9617
vn 0.2212 -0.1747 0.9594
vn -0.9836 0.0640 0.1688
vn -0.8235 0.5672 -0.0132
vn -0.7708 0.5795 0.2646
vn -0.3695 0.7415 0.5601
vn 0.4465 -0.8198 -0.3585
vn -0.2925 0.8777 0.3796
vn -0.2078 0.6571 0.7246
vn -0.2073 0.8748 0.4378
vn 0.0647 0.7013 0.7099
vn 0.1215 0.6138 0.7800
vn 0.0095 0.6207 0.7840
vn -0.9062 -0.2241 0.3586
vn 0.2279 -0.2047 0.9519
vn 0.0727 0.6024 0.7949
vn -0.3954 0.4173 0.8182
vn 0.7231 0.6740 -0.1512
vn 0.0720 0.7796 0.6222
vn 0.0057 0.7086 0.7056
vn 0.0827 0.7137 0.6956
vn -0.3115 0.3521 0.8826
vn 0.0916 0.0319 0.9953
vn -0.5691 0.0015 0.8223
vn -0.7987 0.0959 0.5940
vn -0.6408 -0.5970 0.4827
vn 0.2064 0.9356 -0.2864
vn 0.2679 0.8298 0.4896
vn 0.5599 0.7348 0.3828
vn 0.1648 0.9391 0.3017
vn 0.0230 0.7249 0.6884
vn -0.0895 0.7379 0.6690
vn 0.0473 0.6899 0.7224
vn 0.0044 0.1707 0.9853
vn 0.0862 -0.2460 0.9654
vn -0.8436 0.1410 -0.5182
vn 0.3693 0.9211 0.1236
vn 0.6163 0.7535 -0.2290
vn 0.4094 0.6996 0.5856
vn 0.3950 0.7283 0.5600
vn 0.3529 0.7273 0.5887
vn 0.0230 0.6840 0.7291
vn 0.0876 0.6041 0.7920
vn 0.0826 0.6005 0.7954
vn 0.0201 0.4141 0.9100
vn 0.1918 -0.4855 0.8530
vn 0.1787 -0.3717 0.9110
vn 0.5807 0.7622 0.2860
vn 0.0953 0.9126 0.3976
vn -0.0737 0.8296 0.5535
vn -0.0527 0.7598 0.6480
vn 0.1073 0.4909 0.8646
vn 0.4604 -0.8755 -0.1471
vn 0.0989 -0.4226 0.9009
vn 0.7584 0.6230 -0.1914
vn 0.7447 0.6671 -0.0194
vn 0.4838 0.6496 0.5865
vn 0.3675 0.7352 0.5696
vn 0.2778 0.7917 0.5441
vn 0.2608 0.7538 0.6032
vn -0.0012 0.6765 0.7365
vn 0.1035 0.6260 0.7729
vn 0.0710 0.5932 0.8019
vn 0.0487 0.5954 0.8020
vn 0.2699 0.0501 0.9616
vn -0.0989 -0.1779 0.9791
vn -0.0281 -0.3110 0.9500
vn 0.7261 0.6865 -0.0385
vn 0.4476 0.6652 0.5976
vn 0.2734 0.7517 0.6001
vn 0.1064 0.7555 0.6464
vn -0.0775 0.8753 0.4774
vn -0.0724 0.9294 0.3620
vn -0.0334 0.7882 0.6145
vn 0.1299 0.7761 0.6171
vn -0.1949 0.8953 0.4006
vn 0.1030 0.5701 0.8151
vn 0.1815 0.4504 0.8742
vn 0.2987 0.1050 0.9485
vn 0.4312 -0.3873 0.8149
vn -0.5386 -0.8066 -0.2436
vn 0.2482 -0.2112 0.9454
vn 0.2474 -0.1761 0.9528
vn 0.6984 0.6783 -0.2282
vn 0.7403 0.6465 -0.1843
vn 0.7449 0.6571 -0.1156
vn 0.5697 0.6935 0.4410
vn 0.5900 0.5733 0.5685
vn 0.4081 0.6978 0.5887
vn 0.3834 0.6894 0.6146
vn -0.0841 0.8166 0.5710
vn 0.1133 0.6169 0.7789
vn 0.1326 0.5519 0.8233
vn 0.1040 0.5699 0.8151
vn 0.1363 0.4987 0.8560
vn 0.3868 -0.3143 0.8669
vn 0.3830 -0.4043 0.8306
vn 0.3735 -0.4095 0.8323
vn -0.2000 -0.8693 0.4520
vn -0.2963 -0.3095 0.9035
vn -0.5968 -0.3832 0.7049
vn -0.0392 -0.3117 0.9494
vn -0.5249 -0.4589 0.7168
vn -0.0118 -0.4022 0.9155
vn 0.7341 0.6543 -0.1818
vn 0.4909 0.6416 0.5894
vn 0.4552 0.6731 0.5829
vn 0.2428 0.2516 0.9369
vn 0.2605 0.1955 0.9455
vn 0.3675 -0.2307 0.9010
vn 0.3913 -0.3830 0.8368
vn -0.3302 -0.7266 0.6025
vn 0.2491 -0.2548 0.9344
vn 0.2743 -0.2795 0.9201
vn 0.2473 -0.1771 0.9526
vn 0.3570 0.7500 -0.5569
vn 0.6977 0.6723 -0.2474
vn 0.7722 0.5879 0.2408
vn 0.2427 0.5996 0.7627
vn 0.1870 0.5984 0.7791
vn 0.1637 0.5621 0.8107
vn -0.0767 -0.7458 0.6617
vn 0.2172 -0.1648 0.9621
vn 0.2101 -0.1641 0.9638
vn 0.2083 -0.1637 0.9643
vn -0.2195 -0.3462 0.9121
vn -0.4789 -0.5605 0.6756
vn -0.1062 -0.4217 0.9005
vn 0.0647 -0.2739 0.9596
vn 0.7862 0.6061 -0.1204
vn 0.8409 0.0517 0.5387
vn 0.7342 0.3089 0.6046
vn 0.5855 0.4605 0.6672
vn 0.4047 0.6478 0.6454
vn 0.2585 0.5940 0.7618
vn 0.3889 -0.3151 0.8657
vn -0.2549 -0.5252 0.8119
vn -0.5365 -0.6361 0.5545
vn 0.2838 -0.2284 0.9313
vn 0.2277 -0.1454 0.9628
vn 0.7461 -0.4651 0.4765
vn 0.9449 0.3166 0.0838
vn -0.4877 -0.5156 0.7044
vn 0.6427 0.4566 0.6151
vn 0.4865 0.6373 0.5976
vn 0.4557 0.6296 0.6293
vn 0.3340 0.6241 0.7064
vn 0.3007 0.5974 0.7434
vn 0.2941 0.3661 0.8829
vn -0.4450 -0.7356 0.5107
vn 0.4008 -0.3563 0.8440
vn 0.3980 -0.3922 0.8293
vn 0.3851 -0.4075 0.8280
vn 0.1543 -0.5199 0.8402
vn 0.1526 -0.4083 0.9000
vn 0.2596 -0.2958 0.9193
vn 0.3110 -0.3094 0.8986
vn 0.8615 0.0689 0.5030
vn 0.8722 -0.1224 0.4736
vn 0.9688 0.0712 0.2375
vn 0.9703 0.2062 -0.1264
vn 0.7605 -0.0974 0.6419
vn 0.7870 0.1556 0.5970
vn 0.7013 0.6698 -0.2442
vn 0.7335 0.6515 -0.1937
vn 0.8885 0.2127 0.4065
vn 0.8308 0.0565 0.5537
vn 0.3694 0.5075 0.7785
vn 0.3647 0.6248 0.6904
vn 0.2577 0.4924 0.8313
vn -0.0219 -0.8155 0.5783
vn -0.1068 -0.6308 0.7686
vn 0.2489 -0.1766 0.9523
vn -0.8051 -0.0928 -0.5858
vn 0.8436 0.2214 0.4891
vn 0.8839 0.0749 0.4616
vn 0.8912 -0.1226 0.4367
vn 0.8978 0.4308 0.0913
vn 0.0211 -0.5396 0.8417
vn -0.4879 -0.5477 0.6797
vn -0.4704 -0.5837 0.6618
vn 0.0769 -0.4137 0.9072
vn 0.6679 0.6737 -0.3164
vn 0.7864 0.6059 -0.1205
vn 0.8957 0.2800 0.3455
vn 0.7853 0.1818 0.5918
vn 0.5122 0.3727 0.7738
vn 0.6402 -0.0910 0.7628
vn 0.5473 -0.1885 0.8154
vn 0.5071 0.2082 0.8363
vn 0.4798 -0.3174 0.8180
vn 0.4262 -0.3566 0.8313
vn 0.3987 -0.3919 0.8291
vn 0.3882 -0.4092 0.8257
vn 0.2663 -0.8233 -0.5012
vn 0.9771 0.1986 0.0768
vn 0.8882 0.1766 0.4242
vn 0.8568 0.5118 0.0638
vn 0.9139 0.4006 0.0654
vn 0.9708 0.2120 -0.1127
vn 0.2774 -0.2030 0.9391
vn 0.2493 -0.1774 0.9520
vn 0.6899 0.6677 -0.2795
vn 0.4949 0.4705 0.7306
vn 0.3913 -0.4092 0.8243
vn 0.0908 -0.6128 0.7850
vn -0.8739 -0.4856 -0.0236
vn -0.8507 0.0356 -0.5245
vn -0.8071 -0.0436 -0.5889
vn 0.7103 0.0272 0.7033
vn 0.7882 -0.1357 0.6003
vn 0.7764 -0.0647 0.6269
vn 0.9262 0.1451 0.3481
vn 0.8567 0.5119 0.0639
vn 0.8556 0.5147 0.0552
vn 0.9199 0.3853 -0.0728
vn 0.2186 -0.1546 0.9635
vn 0.7731 0.5819 -0.2524
vn 0.7591 0.6271 -0.1745
vn 0.7746 0.6140 -0.1517
vn 0.8724 0.4806 0.0895
vn 0.8407 0.0755 0.5362
vn 0.8314 0.0649 0.5519
vn 0.8000 0.0320 0.5991
vn 0.7445 -0.0082 0.6675
vn 0.6699 0.0673 0.7394
vn 0.4222 -0.3657 0.8295
vn 0.3915 -0.3839 0.8363
vn 0.1227 -0.5767 0.8077
vn 0.2471 -0.1766 0.9527
vn -0.4419 -0.8828 -0.1590
vn 0.9716 -0.0379 0.2337
vn 0.9728 -0.0473 0.2269
vn 0.8524 0.3052 0.4245
vn 0.8393 0.1946 0.5077
vn 0.8650 0.4973 0.0666
vn 0.2111 -0.1419 0.9671
vn 0.0491 -0.2654 0.9629
vn 0.6127 0.6347 -0.4709
vn -0.1966 -0.3185 0.9273
vn 0.6386 0.7038 -0.3111
vn 0.8307 0.0575 0.5537
vn 0.7794 -0.0077 0.6265
vn 0.5742 -0.2217 0.7881
vn 0.5103 -0.3136 0.8008
vn -0.5212 0.5649 -0.6397
vn 0.8388 0.3715 -0.3980
vn 0.9811 0.1863 0.0527
vn 0.4351 -0.4446 0.7830
vn 0.9158 -0.0905 0.3913
vn 0.8110 -0.2631 0.5225
vn 0.9554 0.1226 0.2685
vn 0.7349 0.2332 0.6369
vn 0.7543 0.0611 0.6537
vn 0.9049 0.1480 0.3991
vn 0.8705 0.4887 0.0586
vn 0.8604 0.5068 0.0524
vn 0.7256 0.5616 -0.3975
vn 0.3642 0.6825 -0.6337
vn 0.5758 0.6685 -0.4707
vn 0.7547 0.6253 -0.1986
vn -0.3526 -0.9357 0.0095
vn 0.5178 -0.2922 0.8040
vn 0.4304 -0.3772 0.8200
vn 0.1171 -0.5713 0.8123
vn 0.0356 -0.5512 0.8336
vn 0.2885 -0.3206 0.9022
vn 0.8939 0.0909 0.4390
vn 0.9648 0.2586 0.0468
vn 0.9075 0.4138 0.0723
vn 0.9390 -0.1448 0.3121
vn 0.4604 -0.3548 0.8137
vn 0.7262 -0.0910 0.6814
vn 0.8455 0.5290 0.0726
vn 0.9530 0.2975 -0.0577
vn 0.7613 0.6302 -0.1527
vn -0.4552 -0.8604 -0.2291
vn 0.8265 0.0502 0.5607
vn 0.8344 0.0536 0.5485
vn -0.6586 -0.6956 -0.2872
vn -0.9144 -0.3969 -0.0800
vn -0.0928 -0.9450 -0.3137
vn 0.9557 0.2620 -0.1343
vn 0.9014 0.4101 0.1388
vn 0.7427 0.6402 -0.1965
vn 0.7680 0.6247 -0.1412
vn 0.8185 0.0388 0.5732
vn 0.6262 -0.2157 0.7492
vn 0.4313 -0.3733 0.8214
vn 0.3931 -0.4112 0.8224
vn 0.2853 -0.5178 0.8065
vn 0.2923 -0.4668 0.8347
vn -0.1573 -0.6129 0.7743
vn -0.2004 -0.6289 0.7512
vn -0.0984 -0.9044 -0.4152
vn -0.9385 0.2544 -0.2333
vn 0.9070 0.4138 -0.0789
vn 0.9558 0.2621 -0.1336
vn 0.8729 0.4843 0.0593
vn 0.8676 0.4951 0.0464
vn 0.7808 0.6111 -0.1299
vn 0.7770 -0.0284 0.6288
vn 0.3874 -0.3994 0.8309
vn 0.8911 0.4520 0.0404
vn 0.8893 0.4560 0.0363
vn 0.8774 0.4788 0.0295
vn 0.8650 0.4983 0.0584
vn 0.8585 0.5125 0.0155
vn 0.6964 0.6604 -0.2810
vn 0.8305 0.0820 0.5509
vn 0.8265 0.0600 0.5597
vn 0.5199 -0.2978 0.8007
vn 0.3914 -0.4012 0.8282
vn 0.3809 -0.4057 0.8309
vn 0.3383 -0.1865 0.9224
vn 0.8839 0.4678 -0.0006
vn 0.8221 0.5638 -0.0793
vn 0.8315 0.0642 0.5518
vn 0.7547 -0.0678 0.6526
vn 0.7147 -0.1121 0.6904
vn 0.4202 -0.3658 0.8305
vn 0.3736 -0.4265 0.8237
vn 0.2740 -0.4687 0.8398
vn 0.2826 -0.1511 0.9473
vn 0.8803 0.4727 0.0399
vn 0.8332 0.5509 -0.0483
vn 0.6970 0.6546 -0.2929
vn 0.7411 0.6357 -0.2161
vn 0.8116 0.0132 0.5840
vn -0.1568 -0.7081 0.6884
vn 0.9661 0.2579 0.0058
vn 0.4184 -0.3742 0.8276
vn 0.1083 -0.6520 0.7504
vn -0.2373 -0.5740 0.7837
vn 0.9288 0.3429 -0.1402
vn 0.8710 0.4903 0.0302
vn 0.8507 0.5250 -0.0262
vn 0.7814 0.6006 -0.1692
vn 0.8362 0.0794 0.5427
vn 0.8228 0.0646 0.5646
vn 0.8271 0.0438 0.5603
vn 0.7986 0.0102 0.6018
vn 0.6283 -0.2184 0.7467
vn 0.5060 -0.3109 0.8046
vn 0.3868 -0.3982 0.8318
vn 0.0900 -0.5629 0.8216
vn 0.7572 0.6192 -0.2080
vn 0.8297 0.0778 0.5527
vn 0.3925 -0.3973 0.8295
vn 0.3717 -0.4213 0.8272
vn 0.2970 -0.5470 0.7827
vn 0.1188 -0.6166 0.7783
vn -0.3745 -0.5606 0.7385
vn -0.4200 -0.7485 0.5133
vn -0.0641 -0.5717 0.8179
vn 0.8020 0.5798 -0.1436
vn 0.7372 0.6357 -0.2291
vn -0.8677 0.0381 -0.4957
vn 0.4279 -0.3723 0.8236
vn 0.3758 -0.4254 0.8233
vn 0.3057 -0.3687 0.8779
vn 0.8808 0.0348 -0.4722
vn 0.7506 0.6125 -0.2476
vn 0.8121 0.5684 -0.1317
vn -0.5587 -0.7790 -0.2847
vn 0.8214 0.0640 0.5667
vn 0.6856 -0.1578 0.7107
vn 0.4969 -0.3120 0.8098
vn 0.3708 -0.4233 0.8266
vn 0.3178 -0.3404 0.8849
vn 0.4675 0.7502 -0.4676
vn 0.5347 0.6642 -0.5225
vn 0.8818 0.1966 0.4287
vn 0.8229 0.0651 0.5645
vn 0.2615 -0.5002 0.8255
vn -0.1010 -0.6004 0.7933
vn 0.6294 0.6612 -0.4082
vn 0.7709 0.5891 -0.2420
vn 0.8258 0.0510 0.5616
vn 0.8155 0.0433 0.5771
vn 0.4270 -0.3712 0.8246
vn 0.1232 -0.5077 0.8527
vn 0.5211 0.7137 -0.4681
vn 0.8533 0.5206 -0.0299
vn 0.7952 -0.0041 0.6063
vn 0.7503 -0.0633 0.6580
vn 0.2046 -0.8406 -0.5016
vn 0.3927 -0.3966 0.8297
vn 0.3750 -0.4064 0.8332
vn 0.3704 -0.4255 0.8257
vn 0.2968 -0.4643 0.8345
vn 0.9757 0.0687 -0.2079
vn 0.8090 0.5672 -0.1544
vn 0.8288 0.0490 0.5574
vn 0.7876 -0.0099 0.6161
vn 0.4894 -0.3292 0.8075
vn 0.3742 -0.4095 0.8320
vn -0.0284 -0.6149 0.7881
vn 0.6153 0.6427 -0.4565
vn 0.6074 0.6716 -0.4243
vn 0.7730 0.5987 -0.2098
vn 0.8353 0.0676 0.5456
vn 0.4036 -0.8001 -0.4438
vn 0.6604 -0.1654 0.7325
vn 0.4175 -0.3730 0.8286
vn 0.3840 -0.3938 0.8351
vn 0.3589 -0.4217 0.8327
vn 0.1378 -0.5582 0.8182
vn 0.8377 0.5349 -0.1098
vn 0.8338 0.0661 0.5481
vn 0.8286 0.0509 0.5576
vn 0.7865 -0.0070 0.6176
vn 0.7334 -0.0970 0.6729
vn 0.4811 -0.3288 0.8127
vn 0.6505 0.6275 -0.4280
vn 0.8158 0.0350 0.5772
vn 0.7279 -0.0867 0.6802
vn -0.0043 -0.6322 0.7748
vn 0.1504 -0.5751 0.8042
vn -0.8642 -0.2569 -0.4326
vn -0.4177 0.4701 -0.7776
vn 0.1259 -0.5801 0.8048
vn 0.6395 0.6518 -0.4076
vn 0.6996 0.6265 -0.3435
vn 0.8914 0.1960 0.4086
vn 0.8225 0.0394 0.5674
vn 0.7742 -0.0364 0.6319
vn 0.4214 -0.3756 0.8254
vn 0.3589 -0.4226 0.8322
vn 0.2528 -0.5418 0.8016
vn 0.7268 0.6004 -0.3335
vn 0.8301 0.0460 0.5558
vn 0.6621 -0.1659 0.7308
vn 0.6600 -0.1672 0.7324
vn 0.5849 -0.2412 0.7744
vn 0.4600 -0.3613 0.8111
vn 0.3778 -0.4122 0.8291
vn 0.2514 -0.4964 0.8309
vn 0.7843 0.5778 -0.2257
vn 0.7853 0.5775 -0.2230
vn 0.7177 -0.1059 0.6883
vn -0.4767 0.6169 -0.6263
vn 0.5328 -0.2965 0.7926
vn 0.4109 -0.3482 0.8426
vn -0.1591 -0.7485 0.6437
vn 0.4863 0.4497 -0.7492
vn 0.7908 0.5731 -0.2149
vn 0.8367 0.5358 -0.1133
vn 0.8267 0.0488 0.5605
vn 0.8277 0.0449 0.5593
vn 0.8214 0.0452 0.5686
vn 0.3761 -0.4061 0.8329
vn 0.3583 -0.4217 0.8330
vn 0.3329 -0.4525 0.8273
vn -0.0960 -0.5908 0.8011
vn 0.6949 0.4747 -0.5402
vn 0.7057 0.4567 -0.5417
vn 0.7906 0.5380 -0.2923
vn 0.7729 0.5737 -0.2712
vn 0.3857 -0.4071 0.8279
vn 0.2375 -0.4929 0.8370
vn -0.1264 -0.5900 0.7975
vn 0.4088 0.2879 -0.8660
vn 0.8207 0.4826 -0.3058
vn 0.8322 0.0484 0.5524
vn 0.8251 0.0494 0.5628
vn 0.8011 0.0049 0.5985
vn 0.7691 -0.0304 0.6384
vn -0.8112 -0.5477 -0.2050
vn 0.8097 0.5119 -0.2869
vn 0.8553 0.5094 -0.0941
vn 0.7624 -0.0429 0.6457
vn 0.7159 -0.1009 0.6908
vn -0.8166 0.5700 0.0911
vn -0.7997 0.2727 -0.5350
vn 0.6623 -0.1628 0.7313
vn 0.3604 -0.4214 0.8322
vn 0.3285 -0.4281 0.8419
vn -0.4164 -0.6705 0.6140
vn -0.0574 -0.8100 0.5836
vn 0.8270 0.5166 -0.2219
vn 0.8209 0.5407 -0.1837
vn 0.6077 -0.2129 0.7651
vn 0.3773 -0.3970 0.8367
vn 0.2440 -0.4934 0.8349
vn 0.8534 0.3132 -0.4167
vn 0.8603 0.3767 -0.3434
vn 0.8418 0.4476 -0.3017
vn 0.8087 0.0374 0.5871
vn 0.8234 0.0664 0.5635
vn -0.7608 0.6475 -0.0447
vn 0.5397 -0.2809 0.7936
vn -0.2632 -0.9577 -0.1164
vn 0.8179 0.1902 -0.5429
vn 0.8736 0.2620 -0.4101
vn 0.8638 0.3838 -0.3265
vn 0.8314 0.0632 0.5521
vn 0.8135 0.0081 0.5816
vn 0.7172 -0.0988 0.6899
vn 0.5496 -0.2779 0.7878
vn 0.4630 -0.3406 0.8183
vn 0.4180 -0.3747 0.8276
vn 0.3628 -0.4397 0.8216
vn 0.2263 -0.5598 0.7971
vn 0.7740 0.0745 -0.6288
vn 0.8339 0.1342 -0.5354
vn 0.9203 0.3889 -0.0416
vn 0.8040 0.0456 0.5929
vn 0.4462 -0.3655 0.8169
vn 0.3762 -0.3995 0.8360
vn 0.3601 -0.4239 0.8310
vn 0.2862 -0.4449 0.8486
vn -0.0371 -0.5676 0.8225
vn -0.0332 -0.7383 0.6737
vn 0.1641 -0.5514 0.8180
vn -0.0157 -0.7381 0.6745
vn 0.8238 0.0678 0.5628
vn 0.4064 -0.3533 0.8426
vn 0.3546 -0.4155 0.8376
vn 0.3457 -0.4146 0.8418
vn 0.1977 -0.5148 0.8342
vn 0.0440 -0.5682 0.8217
vn -0.4315 -0.7537 0.4958
vn 0.3023 -0.2426 0.9218
vn 0.9021 0.0935 -0.4213
vn 0.8977 0.1269 -0.4219
vn 0.9042 0.1866 -0.3841
vn 0.8948 0.2447 -0.3735
vn 0.8990 0.2619 -0.3510
vn 0.8807 0.1605 0.4457
vn 0.9112 0.4017 -0.0918
vn 0.8278 0.0718 0.5564
vn 0.5524 -0.2532 0.7942
vn 0.4943 -0.3306 0.8040
vn -0.2135 -0.7924 0.5714
vn 0.3408 -0.2550 0.9049
vn 0.8842 0.3549 -0.3037
vn 0.8236 0.0644 0.5635
vn 0.2983 -0.4595 0.8366
vn 0.0578 -0.5662 0.8222
vn 0.2004 -0.5281 0.8252
vn 0.7972 -0.1364 -0.5882
vn 0.9102 0.3549 -0.2134
vn -0.8789 -0.0173 -0.4766
vn 0.8389 0.1344 0.5274
vn -0.7926 -0.5943 0.1366
vn -0.9030 -0.3138 0.2933
vn 0.3498 -0.4050 0.8448
vn -0.2608 -0.6739 0.6913
vn 0.9335 0.1729 -0.3143
vn 0.9618 0.2677 -0.0576
vn 0.7855 0.2137 0.5808
vn 0.8280 0.0751 0.5557
vn 0.8202 0.0694 0.5679
vn 0.7702 -0.0465 0.6361
vn 0.4958 -0.2983 0.8156
vn 0.2713 -0.6141 0.7412
vn 0.7449 -0.0749 -0.6630
vn 0.7618 -0.0617 -0.6449
vn 0.8842 -0.0002 -0.4671
vn 0.9464 0.1056 -0.3051
vn 0.9409 0.2629 0.2134
vn 0.8093 0.1196 0.5751
vn 0.8145 0.0499 0.5780
vn 0.7755 -0.0104 0.6313
vn -0.1589 -0.4130 -0.8967
vn 0.6391 -0.1801 0.7478
vn 0.5675 -0.2550 0.7829
vn 0.6069 -0.2372 0.7585
vn 0.3278 -0.4452 0.8333
vn 0.2130 -0.4776 0.8524
vn 0.8533 0.1704 0.4927
vn 0.8203 0.0673 0.5680
vn 0.6708 -0.1531 0.7256
vn 0.4813 -0.3191 0.8164
vn 0.4157 -0.3685 0.8315
vn 0.3812 -0.4093 0.8290
vn 0.0294 -0.6408 0.7672
vn 0.8381 -0.1225 -0.5317
vn 0.8206 -0.0735 -0.5667
vn 0.8324 -0.1060 -0.5440
vn 0.8933 -0.0000 -0.4495
vn 0.9207 0.0081 -0.3903
vn -0.9740 -0.2205 -0.0524
vn 0.8097 0.1178 0.5749
vn 0.8070 0.0283 0.5898
vn 0.7663 -0.0279 0.6419
vn 0.6613 -0.1570 0.7335
vn 0.4174 -0.3679 0.8309
vn 0.3287 -0.4143 0.8487
vn -0.0838 -0.5151 0.8530
vn -0.3768 -0.6652 0.6446
vn 0.7946 -0.1775 -0.5807
vn 0.8117 -0.0722 -0.5796
vn 0.8287 -0.0773 -0.5543
vn 0.8974 -0.0177 -0.4409
vn 0.7829 0.1561 0.6023
vn 0.3824 -0.3918 0.8368
vn 0.3608 -0.3948 0.8450
vn 0.2473 -0.4958 0.8325
vn 0.9103 -0.0705 -0.4079
vn 0.9167 -0.0872 -0.3899
vn 0.9155 -0.0295 -0.4012
vn 0.9149 0.0058 -0.4036
vn 0.9075 -0.0240 -0.4194
vn 0.9078 0.2095 0.3633
vn 0.9901 0.1170 -0.0780
vn 0.7977 0.1014 0.5945
vn 0.7853 0.0288 0.6184
vn 0.7209 -0.0897 0.6872
vn 0.6636 -0.1524 0.7324
vn 0.4814 -0.3196 0.8161
vn 0.2459 -0.4996 0.8306
vn -0.2840 -0.7342 0.6167
vn 0.3160 -0.1481 0.9371
vn 0.2760 -0.0981 0.9561
vn 0.7476 -0.3950 0.5339
vn 0.9216 -0.0381 -0.3863
vn 0.9663 0.0664 -0.2488
vn 0.9491 0.0210 -0.3143
vn 0.7418 0.2175 0.6344
vn 0.7833 0.1543 0.6022
vn 0.5717 -0.2399 0.7846
vn 0.3477 -0.4176 0.8395
vn 0.1907 -0.4588 0.8678
vn 0.0136 -0.6750 0.7377
vn 0.2561 -0.1513 0.9547
vn 0.9741 -0.2258 0.0105
vn 0.9923 -0.0432 -0.1165
vn 0.9894 0.1371 0.0481
vn 0.7602 0.1993 0.6184
vn 0.4967 -0.3109 0.8103
vn 0.4657 -0.3357 0.8188
vn -0.1914 -0.5942 0.7812
vn 0.2505 -0.1573 0.9552
vn 0.9658 -0.1880 0.1787
vn 0.9349 -0.2884 -0.2068
vn 0.8343 0.0686 0.5470
vn 0.9962 0.0808 0.0334
vn 0.8502 0.1707 0.4980
vn 0.9768 0.1479 0.1549
vn 0.7886 0.1491 0.5966
vn -0.6671 -0.0081 0.7449
vn 0.4147 -0.3675 0.8324
vn 0.2988 -0.4428 0.8454
vn 0.2157 -0.1597 0.9633
vn 0.6177 -0.7864 0.0028
vn 0.8227 -0.5642 0.0694
vn 0.8295 -0.5217 -0.1992
vn 0.9232 0.0951 0.3725
vn 0.4793 -0.1026 0.8716
vn 0.5905 0.0776 0.8033
vn 0.7061 0.1098 0.6995
vn 0.7599 0.0822 0.6449
vn 0.7899 0.0909 0.6064
vn 0.5883 -0.2325 0.7745
vn 0.2767 -0.4495 0.8493
vn -0.1617 -0.6334 0.7567
vn -0.5491 -0.6161 0.5648
vn -0.3116 -0.6652 0.6785
vn 0.8534 -0.3486 0.3875
vn 0.6564 0.1904 0.7300
vn 0.6979 0.2180 0.6822
vn 0.6776 0.2097 0.7050
vn 0.7140 0.2541 0.6524
vn 0.7218 0.2437 0.6478
vn 0.0896 -0.1992 0.9759
vn -0.0844 -0.6128 0.7858
vn 0.6801 -0.0110 0.7330
vn 0.5744 0.1157 0.8103
vn 0.6213 0.1698 0.7649
vn 0.7086 -0.0299 0.7050
vn 0.7489 -0.0795 0.6578
vn 0.7375 0.1805 0.6507
vn 0.7359 0.1606 0.6578
vn 0.7227 0.0614 0.6885
vn 0.5716 -0.1948 0.7971
vn 0.5044 -0.2997 0.8098
vn 0.4544 -0.3300 0.8274
vn 0.4193 -0.3588 0.8339
vn 0.3481 -0.4143 0.8410
vn -0.2059 -0.7196 0.6631
vn 0.2961 -0.3649 0.8827
vn 0.3486 -0.3488 0.8699
vn 0.5406 -0.3651 0.7579
vn 0.4023 -0.2310 0.8859
vn 0.4094 -0.0323 0.9118
vn 0.4764 0.0686 0.8766
vn 0.6807 0.2052 0.7033
vn 0.6852 0.1385 0.7150
vn 0.6908 0.0267 0.7226
vn 0.6254 -0.1033 0.7735
vn 0.5907 -0.1241 0.7972
vn 0.1781 -0.6181 0.7657
vn -0.2620 -0.6950 0.6696
vn 0.3509 -0.3120 0.8829
vn 0.5391 -0.4720 0.6976
vn 0.5297 -0.3696 0.7634
vn 0.3580 -0.0667 0.9313
vn 0.4419 -0.0074 0.8971
vn 0.6278 0.1463 0.7645
vn 0.6537 0.1868 0.7333
vn 0.6158 0.0295 0.7873
vn 0.5676 -0.2028 0.7979
vn 0.4248 -0.3578 0.8316
vn 0.3866 -0.3857 0.8377
vn 0.3771 -0.3865 0.8417
vn 0.3384 -0.4077 0.8481
vn 0.3372 -0.4189 0.8431
vn 0.5044 0.0625 0.8612
vn 0.5544 0.1031 0.8258
vn 0.5965 0.1270 0.7925
vn 0.6119 0.0291 0.7904
vn 0.5471 -0.2038 0.8119
vn 0.4699 -0.2929 0.8327
vn 0.4305 -0.3285 0.8407
vn 0.3340 -0.4090 0.8492
vn 0.3739 -0.0765 0.9243
vn 0.3433 -0.2184 0.9135
vn 0.3657 -0.0649 0.9285
vn 0.8500 0.0050 0.5268
vn 0.5214 0.0209 0.8531
vn 0.5507 -0.0924 0.8295
vn 0.4774 -0.2612 0.8390
vn -0.2382 -0.6035 0.7610
vn 0.3859 -0.4537 0.8032
vn 0.4007 -0.4820 0.7792
vn 0.3206 -0.2600 0.9108
vn 0.2917 -0.1214 0.9488
vn 0.3004 -0.1076 0.9477
vn 0.4843 0.0311 0.8744
vn 0.2315 -0.8297 -0.5080
vn 0.5576 0.0349 0.8294
vn 0.5080 -0.1794 0.8425
vn 0.4397 -0.2189 0.8711
vn 0.3875 -0.3652 0.8464
vn 0.3274 -0.3989 0.8566
vn 0.2741 -0.4545 0.8475
vn 0.3008 -0.3391 0.8914
vn 0.3614 -0.4582 0.8121
vn 0.2301 -0.2014 0.9521
vn -0.3522 -0.7799 0.5175
vn 0.5276 -0.7446 0.4089
vn 0.2936 -0.2268 0.9286
vn 0.2958 -0.2384 0.9250
vn 0.4663 0.0248 0.8843
vn 0.4261 -0.2542 0.8682
vn 0.4054 -0.3246 0.8546
vn 0.3501 -0.3584 0.8654
vn 0.3383 -0.4043 0.8498
vn 0.1638 -0.6527 0.7397
vn -0.1591 -0.7277 0.6672
vn 0.2923 -0.9481 0.1253
vn 0.1147 -0.8828 -0.4554
vn 0.5034 -0.6507 0.5685
vn 0.2478 -0.1486 0.9574
vn 0.3654 -0.0703 0.9282
vn 0.3984 -0.0288 0.9168
vn 0.4854 -0.0803 0.8706
vn 0.4676 -0.0845 0.8799
vn 0.3974 -0.2551 0.8815
vn 0.3349 -0.3948 0.8556
vn -0.3927 -0.7559 0.5238
vn 0.1549 -0.9437 0.2922
vn 0.2252 -0.9621 -0.1540
vn 0.1833 -0.9665 0.1796
vn 0.2604 -0.9520 -0.1610
vn 0.4371 -0.8432 0.3129
vn 0.4410 -0.5910 0.6754
vn 0.4040 -0.5007 0.7656
vn 0.2408 -0.1454 0.9596
vn 0.3092 -0.1121 0.9444
vn 0.4025 -0.0655 0.9131
vn 0.4032 -0.1581 0.9013
vn 0.2312 -0.4834 0.8443
vn 0.1398 -0.2468 0.9589
vn -0.0924 -0.9721 0.2154
vn 0.3963 -0.6717 0.6259
vn 0.4000 -0.4836 0.7785
vn 0.4365 -0.8452 0.3084
vn 0.3101 -0.1085 0.9445
vn 0.3909 -0.1600 0.9064
vn 0.3357 -0.2579 0.9060
vn 0.3694 -0.3193 0.8727
vn -0.3552 -0.6708 0.6510
vn -0.7909 -0.0058 -0.6119
vn -0.7912 -0.0080 -0.6115
vn -0.3406 0.8579 0.3847
vn 0.1281 -0.6100 0.7820
vn -0.1071 -0.5632 0.8193
vn -0.0132 -0.6689 0.7432
vn -0.1151 -0.5745 0.8104
vn -0.5322 0.4194 -0.7354
vn 0.8229 -0.0784 -0.5627
vn -0.4586 -0.8416 -0.2854
vn -0.8802 -0.1066 -0.4626
vn -0.2809 -0.7036 0.6527
vn -0.0382 0.8758 0.4812
vn -0.8552 -0.2655 -0.4451
vn 0.0739 0.8532 0.5164
vn -0.2514 0.9376 0.2401
vn -0.4887 -0.5825 0.6495
vn -0.8973 -0.4236 -0.1239
vn -0.8837 -0.1116 -0.4545
vn -0.7837 -0.5698 0.2474
vn 0.4275 0.7112 -0.5580
vn -0.6642 0.6480 0.3727
vn -0.7684 -0.5570 0.3151
vn -0.4730 -0.6803 0.5599
vn -0.4834 0.8723 -0.0742
vn 0.3182 -0.8181 -0.4790
vn -0.7691 -0.0589 -0.6364
vn -0.7393 -0.2930 -0.6063
vn -0.8903 -0.2485 -0.3815
vn 0.6645 0.5796 -0.4718
vn -0.9133 0.3785 0.1502
vn -0.9482 0.2241 -0.2253
vn -0.9034 -0.2272 -0.3636
vn -0.6443 0.1889 -0.7411
vn -0.5948 0.2274 -0.7710
vn -0.5832 0.2416 -0.7756
vn -0.3364 0.4242 -0.8408
vn -0.0680 -0.7344 -0.6753
vn 0.1417 -0.7713 -0.6205
vn 0.3115 -0.8426 -0.4392
vn -0.7768 0.5106 0.3686
vn -0.5797 0.7026 0.4126
vn -0.9705 0.0641 0.2326
vn -0.4957 0.8140 0.3029
vn -0.8367 0.4556 0.3039
vn -0.5180 0.7545 0.4029
vn -0.6909 -0.5635 -0.4530
vn -0.8966 0.3884 -0.2128
vn -0.0180 -0.6673 0.7446
vn -0.8190 -0.0320 -0.5729
vn -0.8223 -0.0317 -0.5682
vn -0.8073 -0.0179 -0.5899
vn -0.7169 0.1041 -0.6894
vn -0.5990 0.2328 -0.7662
vn -0.3204 0.4319 -0.8431
vn -0.6509 0.1795 -0.7376
vn -0.6712 0.1170 -0.7320
vn -0.9173 -0.1844 -0.3530
vn -0.9187 -0.0785 -0.3870
vn -0.8261 -0.2629 -0.4985
vn -0.8285 -0.2688 -0.4913
vn -0.8790 -0.2826 -0.3841
vn -0.8479 -0.4375 -0.2996
vn -0.8825 -0.1542 -0.4443
vn -0.7182 0.2766 -0.6385
vn -0.8063 -0.1181 -0.5796
vn -0.7573 -0.0429 -0.6517
vn -0.7985 -0.4679 -0.3787
vn -0.7586 -0.3504 -0.5493
vn -0.6799 -0.5283 -0.5086
vn -0.8827 -0.2861 -0.3728
vn 0.8768 0.0169 -0.4805
vn -0.7874 -0.0132 -0.6163
vn -0.4729 0.3627 -0.8030
vn -0.5161 0.1364 -0.8456
vn -0.6808 -0.3763 -0.6284
vn -0.5327 -0.1057 -0.8397
vn -0.0699 -0.5217 -0.8503
vn -0.6917 -0.4452 -0.5686
vn -0.3289 -0.4861 -0.8097
vn -0.9348 -0.3144 -0.1652
vn -0.9596 0.1213 0.2539
vn -0.9860 0.1629 0.0347
vn -0.8193 -0.2241 -0.5278
vn -0.9010 0.4156 -0.1244
vn -0.9379 -0.3175 -0.1400
vn -0.8785 -0.4070 -0.2501
vn -0.5243 0.2889 -0.8010
vn -0.5807 0.2465 -0.7759
vn -0.5953 -0.5425 -0.5927
vn -0.8070 0.5371 0.2453
vn -0.7694 -0.4542 -0.4491
vn -0.7537 -0.3896 -0.5293
vn -0.3736 0.4243 -0.8248
vn -0.3819 0.4142 -0.8262
vn -0.0893 -0.5946 -0.7991
vn -0.2584 -0.5745 -0.7766
vn -0.6442 -0.2164 -0.7336
vn 0.8212 -0.0591 -0.5675
vn -0.1031 -0.6273 0.7719
vn -0.5258 0.3101 -0.7920
vn -0.3732 0.4087 -0.8329
vn -0.0879 -0.5885 -0.8037
vn -0.0736 -0.5942 -0.8009
vn -0.3119 -0.3893 -0.8667
vn -0.1725 -0.4121 -0.8946
vn -0.4108 -0.0785 -0.9083
vn -0.3631 0.4210 -0.8312
vn -0.3571 0.3692 -0.8580
vn -0.2775 -0.3649 -0.8888
vn 0.8885 -0.0060 -0.4589
vn -0.7096 0.5700 0.4142
vn -0.6068 0.7306 0.3131
vn -0.8710 -0.3985 -0.2874
vn -0.6295 0.1841 -0.7548
vn -0.8393 -0.1975 -0.5065
vn -0.8211 -0.0546 -0.5681
vn -0.7904 0.0022 -0.6126
vn -0.3733 0.4255 -0.8244
vn -0.3448 0.2964 -0.8907
vn -0.1742 -0.3342 -0.9263
vn -0.2818 0.3586 -0.8899
vn -0.6742 0.2341 -0.7004
vn -0.3975 0.3895 -0.8308
vn -0.6068 0.2261 -0.7621
vn -0.7839 -0.1925 0.5903
vn -0.3820 0.4077 -0.8294
vn -0.3193 0.2527 -0.9134
vn -0.0546 0.9967 0.0606
vn -0.5271 0.1870 -0.8290
vn -0.3206 0.2693 -0.9081
vn -0.9260 -0.2496 -0.2832
vn -0.8782 -0.0618 -0.4743
vn -0.7564 -0.1902 -0.6259
vn -0.3936 0.4078 -0.8239
vn -0.2857 0.0551 -0.9567
vn -0.1875 0.9711 0.1476
vn -0.1298 -0.5117 -0.8493
vn -0.0630 -0.5874 -0.8068
vn -0.2883 0.9195 -0.2671
vn -0.1949 0.9760 0.0968
vn -0.3642 0.4269 -0.8277
vn -0.3737 0.4442 -0.8143
vn -0.2667 -0.0878 -0.9598
vn -0.1497 -0.4340 -0.8884
vn -0.2378 -0.1263 -0.9631
vn -0.2397 0.3479 -0.9064
vn -0.8184 -0.1321 -0.5592
vn -0.6070 0.2195 -0.7638
vn -0.3697 0.4237 -0.8269
vn -0.3894 0.4676 -0.7936
vn -0.0843 -0.5768 -0.8125
vn -0.3463 0.2048 -0.9155
vn -0.3423 0.5066 -0.7913
vn -0.6133 0.2162 -0.7596
vn -0.7614 0.0571 -0.6458
vn -0.4013 0.4200 -0.8139
vn -0.3518 0.4291 -0.8319
vn -0.3998 0.4529 -0.7969
vn -0.1067 -0.4775 -0.8721
vn -0.2811 0.0538 -0.9582
vn -0.5562 0.0365 -0.8302
vn -0.2439 0.3421 -0.9075
vn -0.3738 0.4135 -0.8303
vn -0.3804 0.4026 -0.8326
vn -0.0725 -0.5738 -0.8158
vn -0.1917 -0.5235 -0.8302
vn -0.1159 -0.5205 -0.8460
vn -0.1854 -0.4196 -0.8886
vn -0.5661 -0.1065 -0.8175
vn -0.5233 0.3983 -0.7533
vn -0.8119 -0.1936 -0.5508
vn -0.8082 -0.1363 -0.5730
vn -0.7026 0.0305 -0.7109
vn -0.3755 0.4384 -0.8166
vn -0.2946 -0.5037 -0.8121
vn -0.5023 -0.3485 -0.7914
vn -0.2900 -0.3747 -0.8806
vn -0.6813 0.0069 -0.7320
vn -0.1126 -0.5227 -0.8450
vn -0.1058 -0.5556 -0.8247
vn -0.1450 -0.5714 -0.8077
vn -0.3013 -0.5860 -0.7522
vn -0.6329 -0.2959 -0.7154
vn -0.5271 -0.2638 -0.8078
vn -0.7175 -0.1599 -0.6780
vn -0.6867 -0.0266 -0.7265
vn -0.8747 -0.2926 -0.3864
vn -0.8494 -0.1319 -0.5110
vn -0.5784 0.1851 -0.7945
vn -0.6003 0.2481 -0.7604
vn -0.3408 0.4454 -0.8279
vn -0.6265 -0.4320 -0.6487
vn -0.7868 0.0364 -0.6162
vn -0.8506 -0.1073 -0.5147
vn -0.7759 -0.0144 -0.6307
vn -0.3529 0.4319 -0.8300
vn -0.3827 0.4005 -0.8326
vn -0.4077 0.4451 -0.7973
vn -0.1793 -0.5737 -0.7992
vn -0.2270 -0.5955 -0.7706
vn -0.5026 -0.5382 -0.6766
vn -0.7807 0.0030 -0.6249
vn -0.5840 -0.3577 -0.7287
vn -0.7814 0.0109 -0.6239
vn -0.7107 0.1104 -0.6947
vn -0.7973 0.0171 -0.6033
vn -0.7270 0.0858 -0.6813
vn -0.8934 -0.4444 -0.0657
vn -0.4069 0.3835 -0.8290
vn -0.3123 -0.2871 -0.9056
vn -0.2680 -0.6015 -0.7526
vn -0.2862 -0.6147 -0.7350
vn -0.6337 -0.4236 -0.6473
vn -0.8117 -0.0726 -0.5795
vn -0.3926 0.8926 0.2217
vn -0.5091 -0.8160 -0.2738
vn -0.7713 -0.1526 -0.6179
vn -0.6539 0.1706 -0.7371
vn -0.6419 0.2693 -0.7179
vn -0.3409 0.4267 -0.8377
vn -0.3416 -0.6305 -0.6970
vn -0.3982 -0.6553 -0.6419
vn -0.3957 -0.6513 -0.6475
vn -0.7426 -0.2106 -0.6357
vn -0.7300 -0.3523 -0.5857
vn -0.6975 -0.4749 -0.5367
vn -0.7621 -0.0675 -0.6439
vn -0.6715 0.0945 -0.7349
vn -0.5502 0.1731 -0.8169
vn -0.4062 -0.8069 0.4290
vn -0.4945 0.3855 -0.7790
vn -0.3439 -0.6336 -0.6931
vn -0.4341 -0.6626 -0.6104
vn -0.8375 -0.2403 -0.4909
vn -0.7267 -0.5954 -0.3426
vn -0.9038 -0.1222 -0.4102
vn -0.8016 -0.1387 -0.5816
vn -0.3411 0.4108 -0.8455
vn -0.3702 0.4360 -0.8203
vn -0.3702 0.4127 -0.8322
vn -0.4668 0.3915 -0.7930
vn -0.4576 -0.6568 -0.5993
vn -0.6339 -0.4236 -0.6471
vn -0.8510 -0.1865 -0.4909
vn -0.8386 -0.5023 -0.2107
vn -0.8964 -0.4088 -0.1713
vn -0.9238 -0.3799 0.0477
vn 0.9596 0.0726 0.2720
vn 0.7734 -0.6030 -0.1955
vn -0.3321 0.4363 -0.8363
vn -0.3645 0.4286 -0.8267
vn -0.4131 0.3805 -0.8274
vn -0.4654 0.3455 -0.8149
vn -0.4830 0.3258 -0.8128
vn -0.5387 0.3204 -0.7792
vn -0.3898 -0.5790 -0.7161
vn -0.4555 -0.6526 -0.6055
vn -0.8300 -0.5014 -0.2443
vn -0.8340 -0.5468 -0.0738
vn -0.5082 0.3088 -0.8040
vn 0.3268 -0.8574 -0.3975
vn 0.3260 -0.8523 -0.4091
vn -0.9781 -0.0728 0.1948
vn 0.5815 -0.5439 -0.6050
vn -0.8745 -0.2664 -0.4053
vn -0.3441 0.4323 -0.8335
vn -0.3098 -0.5355 -0.7857
vn -0.5555 -0.7074 -0.4371
vn -0.9437 -0.3053 0.1275
vn -0.2091 0.8740 0.4387
vn -0.8495 -0.4110 0.3307
vn 0.5990 -0.5853 -0.5464
vn -0.9083 -0.2757 -0.3148
vn -0.8325 -0.3691 -0.4132
vn -0.7316 0.1313 -0.6690
vn -0.6151 0.2717 -0.7402
vn -0.4744 -0.6515 -0.5920
vn -0.4608 -0.6420 -0.6128
vn -0.6852 -0.7089 0.1672
vn -0.9066 -0.3192 -0.2762
vn 0.0030 -0.9637 0.2671
vn -0.8780 -0.1564 -0.4523
vn -0.8477 -0.0933 -0.5222
vn -0.3796 0.4066 -0.8310
vn -0.4654 -0.6421 -0.6092
vn -0.7442 -0.6610 0.0965
vn -0.8984 -0.4277 -0.0994
vn -0.8547 -0.0886 -0.5114
vn -0.7492 -0.0069 -0.6623
vn -0.3541 0.4235 -0.8339
vn -0.3548 0.4202 -0.8352
vn -0.5482 0.2824 -0.7872
vn -0.5811 0.2393 -0.7778
vn -0.7315 0.1739 -0.6593
vn -0.7892 0.0060 -0.6141
vn -0.6858 -0.3864 -0.6167
vn -0.6619 -0.6060 -0.4413
vn -0.7776 0.5066 0.3725
vn -0.7284 0.5830 0.3598
vn -0.7734 0.5512 0.3132
vn -0.8199 -0.1216 -0.5595
vn -0.7876 -0.0182 -0.6159
vn -0.6817 0.0868 -0.7265
vn -0.3150 0.4359 -0.8431
vn -0.3752 0.4115 -0.8306
vn -0.4183 0.3788 -0.8256
vn -0.4655 0.3456 -0.8148
vn -0.6366 0.2032 -0.7439
vn -0.7033 0.1119 -0.7021
vn -0.7954 -0.5992 0.0913
vn -0.7353 -0.6541 0.1774
vn -0.7289 -0.6535 0.2042
vn -0.8028 -0.5929 0.0639
vn -0.7780 0.5070 0.3710
vn -0.7884 0.5410 0.2928
vn -0.5430 0.7149 0.4405
vn -0.8549 -0.1363 -0.5006
vn -0.8894 -0.3481 -0.2962
vn -0.9264 -0.3507 -0.1366
vn -0.9055 -0.2373 -0.3517
vn -0.8954 -0.4416 -0.0574
vn 0.8351 -0.4708 -0.2846
vn 0.4011 -0.6471 -0.6483
vn -0.9472 -0.3114 0.0759
vn -0.6969 -0.0051 -0.7171
vn -0.3462 0.4208 -0.8385
vn -0.3768 0.4063 -0.8325
vn -0.4734 0.3363 -0.8141
vn -0.5098 0.7534 0.4154
vn -0.5598 0.7308 0.3906
vn 0.6382 0.7693 -0.0295
vn -0.8189 -0.0899 -0.5669
vn -0.9112 -0.4010 -0.0946
vn 0.4671 -0.8317 -0.3001
vn 0.4882 -0.8510 -0.1936
vn -0.7937 -0.5995 0.1032
vn -0.7951 -0.5980 0.1014
vn -0.6426 -0.7477 0.1674
vn 0.2102 -0.9060 -0.3673
vn -0.9154 -0.2912 0.2778
vn -0.5928 -0.7210 -0.3589
vn -0.8686 -0.2555 -0.4247
vn -0.3461 0.4211 -0.8384
vn -0.3636 0.4110 -0.8360
vn -0.7651 0.0524 -0.6418
vn -0.8243 -0.0412 -0.5647
vn -0.8250 -0.0333 -0.5642
vn -0.8513 -0.1496 -0.5029
vn -0.8039 -0.5870 0.0962
vn -0.8026 -0.5930 0.0654
vn -0.7279 -0.1040 -0.6777
vn -0.5119 0.7590 0.4024
vn -0.8218 0.4757 0.3138
vn -0.9956 0.0644 -0.0685
vn -0.5625 0.7282 0.3915
vn -0.5608 0.7289 0.3926
vn -0.5223 0.7606 0.3855
vn -0.4600 0.8206 0.3392
vn -0.4857 -0.5145 -0.7067
vn -0.4401 -0.8019 -0.4040
vn -0.3621 -0.7858 -0.5013
vn -0.7674 -0.3710 -0.5229
vn -0.8739 -0.2601 -0.4107
vn -0.8285 -0.0217 -0.5596
vn 0.3941 -0.8137 -0.4272
vn 0.4872 -0.8537 -0.1843
vn -0.4993 -0.2885 -0.8170
vn -0.7518 -0.4059 -0.5196
vn -0.8236 -0.3815 -0.4197
vn -0.7594 0.0341 -0.6497
vn -0.4619 0.2422 -0.8532
vn -0.5479 0.2824 -0.7875
vn -0.8287 -0.0414 -0.5581
vn -0.8276 -0.0332 -0.5604
vn -0.9698 -0.2415 -0.0349
vn -0.7486 -0.6306 0.2046
vn -0.6830 0.6073 0.4059
vn -0.5981 0.7998 0.0514
vn 0.6495 0.6530 -0.3896
vn 0.4807 0.8687 0.1198
vn 0.6896 0.6997 -0.1869
vn -0.4571 -0.7097 -0.5360
vn 0.3845 -0.8406 -0.3815
vn -0.7432 -0.6285 0.2296
vn -0.5268 -0.3013 -0.7948
vn -0.5421 -0.2921 -0.7879
vn -0.8046 -0.2380 -0.5440
vn -0.8558 -0.1842 -0.4835
vn -0.8115 -0.1001 -0.5757
vn -0.5716 0.2550 -0.7799
vn -0.3835 0.4031 -0.8309
vn -0.5460 0.2849 -0.7879
vn -0.6365 0.2025 -0.7442
vn -0.7196 0.1104 -0.6856
vn -0.8078 -0.0105 -0.5893
vn -0.8841 -0.4380 -0.1629
vn -0.6842 0.5091 0.5221
vn -0.7633 0.6082 0.2181
vn -0.8079 -0.5856 0.0658
vn -0.5251 0.7293 0.4386
vn -0.8057 0.3344 0.4889
vn -0.7034 0.5671 0.4285
vn -0.6700 0.6626 0.3349
vn -0.7471 0.6371 0.1896
vn -0.2707 0.9487 0.1633
vn -0.8343 -0.5260 0.1654
vn 0.8835 -0.1979 -0.4245
vn -0.8310 -0.0406 -0.5547
vn 0.3714 -0.8273 -0.4215
vn -0.8413 -0.0666 -0.5365
vn -0.8158 -0.5616 0.1381
vn -0.2746 0.0446 -0.9605
vn -0.3705 -0.0859 -0.9248
vn -0.4239 -0.0736 -0.9027
vn -0.4084 0.0277 -0.9124
vn -0.6385 -0.1042 -0.7625
vn -0.6265 -0.1178 -0.7704
vn -0.9062 -0.3832 -0.1788
vn -0.7282 0.0584 -0.6828
vn -0.4670 0.3129 -0.8270
vn -0.5839 0.2156 -0.7827
vn -0.3803 0.3875 -0.8398
vn -0.3657 0.4082 -0.8365
vn -0.4194 0.3764 -0.8261
vn -0.7637 0.0500 -0.6436
vn -0.8381 -0.0797 -0.5397
vn -0.8234 0.4871 0.2910
vn -0.4514 0.7726 0.4465
vn -0.8143 -0.3858 0.4337
vn -0.7243 -0.6564 0.2109
vn -0.7988 -0.5397 0.2656
vn -0.5468 -0.8370 0.0214
vn -0.8817 0.3928 0.2613
vn -0.4522 0.7571 0.4715
vn -0.5414 0.7283 0.4201
vn -0.8370 0.3352 0.4326
vn -0.6433 0.6593 0.3892
vn -0.7830 0.5771 0.2323
vn -0.9562 -0.2719 -0.1087
vn -0.0895 -0.9430 -0.3207
vn -0.9875 0.0775 0.1373
vn -0.7659 0.5419 0.3460
vn -0.5905 0.7996 -0.1094
vn -0.6096 0.7486 0.2607
vn -0.4450 0.8416 0.3060
vn -0.3525 0.8761 -0.3289
vn -0.5346 0.7619 -0.3657
vn 0.2083 -0.6765 -0.7064
vn 0.3817 -0.8301 -0.4065
vn -0.1664 -0.0802 -0.9828
vn 0.2151 -0.6530 -0.7261
vn -0.4913 0.3169 -0.8113
vn -0.4484 -0.1588 -0.8796
vn -0.2531 0.1226 -0.9596
vn -0.7010 -0.1169 -0.7035
vn -0.6937 -0.1600 -0.7022
vn -0.7773 -0.0729 -0.6249
vn -0.6195 0.1746 -0.7653
vn -0.7743 -0.0991 -0.6250
vn -0.3374 0.4168 -0.8441
vn -0.8206 -0.0404 -0.5701
vn -0.8168 0.5767 0.0133
vn -0.6550 0.6392 0.4030
vn -0.8790 -0.4749 0.0425
vn -0.4801 0.8045 0.3496
vn -0.4889 0.8717 -0.0332
vn -0.5708 0.7500 0.3341
vn -0.6250 0.5561 0.5479
vn -0.9010 -0.1094 0.4197
vn -0.8418 0.3221 0.4333
vn -0.9483 0.2780 0.1530
vn 0.5963 -0.5840 -0.5508
vn -0.5098 0.7465 0.4277
vn -0.5333 0.7943 0.2908
vn -0.7920 -0.5461 0.2728
vn -0.7239 0.6109 0.3204
vn -0.4993 0.7996 0.3336
vn -0.7862 -0.5656 0.2488
vn -0.2538 0.9293 -0.2682
vn -0.3220 0.9132 -0.2497
vn -0.5736 0.8037 -0.1583
vn -0.9110 -0.2761 -0.3065
vn -0.4225 0.0997 -0.9009
vn -0.4057 -0.0734 -0.9111
vn -0.0038 -0.5202 -0.8540
vn 0.2780 -0.4714 -0.8370
vn -0.1342 -0.1956 -0.9715
vn -0.4870 0.3241 -0.8110
vn -0.4879 0.1799 -0.8541
vn -0.2189 0.3064 -0.9264
vn -0.3320 0.0910 -0.9389
vn -0.4127 0.0708 -0.9081
vn -0.6203 -0.1027 -0.7776
vn -0.7470 -0.1805 -0.6398
vn -0.8457 -0.2362 -0.4786
vn -0.8213 -0.2595 -0.5080
vn -0.8364 -0.1343 -0.5315
vn -0.5872 0.0948 -0.8039
vn -0.3885 0.3972 -0.8314
vn -0.4371 0.3670 -0.8211
vn -0.6553 0.1918 -0.7306
vn -0.8261 -0.0460 -0.5617
vn -0.4911 0.7726 0.4023
vn -0.4981 0.7625 0.4129
vn -0.5927 0.6195 0.5146
vn -0.5076 0.7761 0.3741
vn -0.3053 0.9340 0.1854
vn -0.2374 0.8371 0.4928
vn -0.5027 0.8131 0.2936
vn -0.6132 0.2062 0.7626
vn -0.6919 0.6181 0.3731
vn -0.7708 0.4194 0.4795
vn -0.5580 0.6992 0.4469
vn -0.5280 0.7673 0.3639
vn -0.4478 0.8292 0.3344
vn -0.6548 0.6883 0.3122
vn -0.5729 0.7518 0.3265
vn -0.4200 0.8425 0.3372
vn -0.8503 -0.1158 -0.5135
vn -0.8367 -0.5229 0.1630
vn 0.2708 -0.8420 -0.4666
vn 0.0661 -0.8077 -0.5859
vn -0.5808 0.6062 -0.5433
vn -0.9280 -0.3643 -0.0777
vn -0.7765 -0.0565 -0.6276
vn -0.1837 -0.1020 -0.9777
vn -0.7135 0.6649 -0.2210
vn -0.6258 0.7156 -0.3104
vn -0.3613 0.2794 -0.8896
vn -0.9744 -0.1888 -0.1220
vn -0.8303 -0.0233 -0.5568
vn -0.5474 0.6082 -0.5748
vn -0.4602 0.5572 -0.6912
vn -0.2041 0.1690 -0.9643
vn -0.2919 0.1694 -0.9413
vn -0.2059 0.1625 -0.9650
vn -0.6364 0.0261 -0.7709
vn -0.6285 0.0099 -0.7778
vn -0.5401 0.0753 -0.8382
vn -0.7484 -0.1127 -0.6537
vn -0.7858 -0.1526 -0.5994
vn -0.8410 -0.3559 -0.4074
vn -0.6977 0.0897 -0.7107
vn -0.5129 0.2722 -0.8142
vn -0.3423 0.4002 -0.8501
vn -0.4732 0.3363 -0.8143
vn -0.8205 -0.0416 -0.5701
vn -0.8206 -0.0415 -0.5700
vn -0.4974 0.7626 0.4136
vn -0.9215 -0.2673 -0.2817
vn -0.7202 0.6861 0.1030
vn -0.8407 -0.0590 0.5382
vn -0.6717 0.5965 0.4393
vn -0.7116 0.6073 0.3532
vn -0.5052 0.7323 0.4567
vn -0.5648 0.7261 0.3923
vn -0.4154 0.8746 0.2499
vn -0.4201 0.8352 0.3550
vn 0.0730 -0.8054 -0.5882
vn -0.6244 -0.7657 -0.1545
vn -0.8648 -0.4983 -0.0615
vn -0.8021 -0.0774 -0.5922
vn -0.1815 0.4216 -0.8884
vn -0.9617 -0.1414 -0.2350
vn 0.4255 -0.9047 -0.0187
vn -0.8632 0.4880 0.1298
vn -0.5191 0.8522 0.0655
vn -0.6473 0.7395 -0.1847
vn -0.4770 0.8376 -0.2660
vn -0.3410 0.7238 -0.5999
vn -0.5938 0.5594 -0.5783
vn -0.5537 0.5965 -0.5810
vn -0.4741 0.5943 -0.6497
vn -0.1515 0.1407 -0.9784
vn -0.2047 0.1827 -0.9616
vn -0.2317 0.2090 -0.9501
vn -0.2747 0.3495 -0.8957
vn -0.6032 0.0848 -0.7931
vn -0.7396 0.0370 -0.6721
vn -0.6140 0.1185 -0.7804
vn -0.6622 -0.0166 -0.7492
vn -0.6155 0.1483 -0.7741
vn -0.4885 0.3092 -0.8159
vn -0.3334 0.4309 -0.8385
vn -0.5101 0.3123 -0.8014
vn -0.5419 0.2763 -0.7937
vn -0.7431 0.0886 -0.6633
vn -0.2998 -0.9438 -0.1390
vn -0.8082 -0.0059 -0.5889
vn -0.7316 0.6549 -0.1893
vn -0.4956 0.7582 0.4237
vn -0.5705 0.7208 0.3936
vn 0.5916 -0.6762 -0.4390
vn 0.7218 -0.6671 -0.1845
vn -0.7922 -0.0971 -0.6025
vn -0.8401 -0.0562 -0.5395
vn -0.9372 0.3136 -0.1529
vn -0.7083 0.5587 0.4315
vn -0.6497 0.6711 0.3571
vn -0.6227 -0.7633 0.1721
vn -0.8332 -0.3395 -0.4365
vn 0.4127 -0.7925 -0.4491
vn 0.3528 -0.7709 -0.5303
vn 0.3012 -0.8286 -0.4720
vn 0.0926 -0.8894 -0.4477
vn -0.8134 -0.4984 0.2999
vn -0.6861 -0.1752 -0.7061
vn -0.9264 0.0048 -0.3766
vn -0.1248 0.4953 -0.8597
vn -0.8500 -0.1187 -0.5132
vn -0.8514 0.5212 -0.0589
vn -0.7107 0.7024 -0.0396
vn -0.5241 0.8432 -0.1195
vn -0.5921 0.5806 -0.5589
vn -0.3879 0.0483 -0.9204
vn -0.1530 0.1367 -0.9787
vn -0.1976 0.1889 -0.9619
vn -0.6341 0.2008 -0.7467
vn -0.4094 0.1696 -0.8964
vn -0.5172 0.2452 -0.8200
vn -0.3622 0.4059 -0.8391
vn -0.6266 0.1939 -0.7549
vn -0.8248 -0.0463 -0.5635
vn -0.9666 -0.1522 -0.2060
vn -0.6632 0.7352 0.1401
vn -0.7512 0.6172 0.2339
vn -0.5332 0.6631 0.5253
vn 0.2542 -0.9252 -0.2817
vn -0.7073 0.6626 0.2465
vn -0.6447 0.5873 0.4893
vn -0.5379 0.7659 0.3523
vn 0.4389 -0.8975 0.0430
vn -0.7829 -0.5721 0.2445
vn 0.4082 -0.7741 -0.4839
vn 0.4201 -0.7753 -0.4716
vn -0.0023 -0.8596 0.5109
vn -0.5511 -0.3811 -0.7423
vn -0.9154 -0.3556 -0.1886
vn -0.6760 -0.5254 -0.5167
vn -0.7993 -0.2536 -0.5448
vn -0.2428 0.4224 -0.8733
vn -0.7438 0.1279 -0.6560
vn -0.8945 -0.2294 -0.3837
vn -0.7984 -0.0274 -0.6015
vn -0.9049 -0.3909 -0.1683
vn -0.9597 -0.2705 -0.0758
vn -0.9267 -0.3751 -0.0212
vn -0.9896 -0.1296 0.0622
vn -0.8098 0.0825 -0.5809
vn -0.7379 0.6389 0.2174
vn -0.3475 0.1213 -0.9298
vn -0.7158 0.5649 -0.4105
vn -0.4580 0.8879 0.0437
vn -0.4690 0.8829 0.0237
vn -0.1712 0.2866 -0.9426
vn -0.3503 0.9354 0.0489
vn -0.5506 0.7497 -0.3670
vn -0.4297 0.6070 -0.6685
vn -0.4454 0.8684 -0.2177
vn -0.2057 0.1771 -0.9624
vn -0.4954 0.4206 -0.7601
vn -0.1889 0.2120 -0.9588
vn -0.1585 0.2330 -0.9595
vn -0.1375 0.2347 -0.9623
vn -0.2046 0.1842 -0.9614
vn -0.3236 0.4105 -0.8525
vn -0.3280 0.4210 -0.8457
vn -0.3607 0.4106 -0.8375
vn -0.7824 0.0046 -0.6228
vn -0.8229 -0.0378 -0.5670
vn -0.8577 0.1158 -0.5010
vn -0.9047 0.3786 -0.1955
vn -0.8269 0.3140 -0.4666
vn -0.9121 0.2819 -0.2978
vn -0.5323 0.6887 0.4922
vn 0.2527 -0.9263 -0.2794
vn 0.4057 -0.8579 -0.3153
vn -0.6604 0.2457 -0.7096
vn -0.6151 -0.0512 -0.7868
vn -0.8703 -0.4925 0.0078
vn -0.8955 -0.4405 0.0645
vn 0.2035 -0.8249 -0.5273
vn -0.3254 -0.8890 -0.3221
vn 0.3251 -0.9218 -0.2112
vn -0.4817 -0.8014 -0.3545
vn -0.1486 -0.8528 -0.5007
vn -0.5536 -0.8324 0.0249
vn -0.8233 -0.5620 -0.0802
vn -0.8974 -0.1772 -0.4041
vn -0.8632 -0.3646 -0.3492
vn -0.9283 -0.1745 -0.3282
vn -0.4235 0.0869 -0.9017
vn -0.8975 -0.2833 -0.3380
vn -0.9053 -0.3980 -0.1485
vn -0.5383 -0.7504 -0.3836
vn -0.9439 0.3284 0.0351
vn -0.8595 0.4715 0.1976
vn -0.5711 -0.1130 -0.8131
vn -0.4120 0.1276 -0.9022
vn -0.1980 -0.1061 -0.9744
vn -0.2721 0.9389 -0.2109
vn -0.1430 0.1221 -0.9822
vn -0.2257 0.2262 -0.9476
vn -0.2581 0.3027 -0.9175
vn -0.2966 0.3521 -0.8877
vn -0.3027 0.4038 -0.8633
vn -0.4235 0.3678 -0.8278
vn -0.4957 0.3104 -0.8111
vn -0.6095 0.2259 -0.7599
vn -0.7113 0.1040 -0.6951
vn -0.7334 0.0559 -0.6775
vn -0.7878 -0.0364 -0.6149
vn -0.9535 0.0231 -0.3004
vn -0.7891 0.1846 0.5858
vn -0.4432 -0.7828 -0.4368
vn -0.7868 -0.2739 -0.5531
vn 0.2860 -0.8788 -0.3820
vn 0.3787 -0.8465 -0.3741
vn -0.8032 -0.5944 0.0389
vn -0.8186 -0.0549 -0.5718
vn 0.2624 -0.7334 -0.6271
vn 0.2569 -0.6498 -0.7154
vn 0.3968 -0.7413 -0.5413
vn 0.4466 -0.6741 -0.5884
vn -0.1874 -0.7614 -0.6206
vn 0.3462 -0.7404 -0.5761
vn -0.8892 -0.4531 0.0628
vn -0.6392 0.7354 -0.2250
vn -0.4150 -0.8933 -0.1727
vn -0.8247 -0.5603 -0.0774
vn -0.9038 -0.3891 -0.1782
vn -0.9066 -0.3932 -0.1530
vn -0.8661 -0.4959 -0.0638
vn -0.8801 -0.4692 -0.0731
vn -0.8964 -0.4426 -0.0237
vn -0.9973 0.0453 0.0580
vn -0.9374 -0.1106 -0.3304
vn -0.9421 0.1308 0.3086
vn -0.9765 0.0844 0.1984
vn -0.6321 -0.1463 -0.7609
vn -0.3043 0.0824 -0.9490
vn -0.1723 0.1550 -0.9728
vn -0.2199 0.1107 -0.9692
vn -0.2555 0.1907 -0.9478
vn -0.1951 0.2090 -0.9582
vn -0.3413 0.4138 -0.8440
vn -0.3785 0.3958 -0.8367
vn -0.5974 0.2220 -0.7706
vn -0.7315 0.6807 0.0399
vn -0.9036 -0.1856 -0.3861
vn -0.9156 0.2847 -0.2837
vn -0.7895 0.1943 0.5822
vn -0.7965 -0.0941 -0.5973
vn -0.3319 -0.7467 -0.5764
vn -0.8099 -0.0530 -0.5841
vn -0.1337 -0.9328 -0.3348
vn 0.2761 -0.9161 -0.2907
vn -0.5944 -0.7490 -0.2927
vn 0.3639 -0.8774 -0.3127
vn -0.8201 -0.5666 -0.0804
vn -0.7355 -0.6721 0.0853
vn -0.8781 -0.4755 -0.0534
vn -0.8866 0.4445 -0.1280
vn -0.9598 0.0615 0.2739
vn -0.8969 -0.4123 -0.1598
vn -0.9948 -0.0077 0.1013
vn -0.9067 0.0232 0.4212
vn -0.9134 0.2658 0.3083
vn -0.2375 0.1623 -0.9577
vn -0.2889 0.1374 -0.9475
vn -0.2625 0.0713 -0.9623
vn -0.2408 0.2713 -0.9319
vn -0.3515 0.3992 -0.8468
vn -0.8669 -0.0416 -0.4968
vn -0.8607 0.0860 -0.5017
vn -0.9528 0.2998 0.0484
vn -0.8159 -0.0311 -0.5773
vn 0.2424 -0.8473 -0.4725
vn -0.5971 -0.7886 -0.1471
vn -0.9706 -0.0179 -0.2401
vn -0.8154 -0.0588 -0.5759
vn 0.2034 -0.9166 -0.3441
vn 0.2129 -0.8875 -0.4087
vn 0.2001 -0.7346 -0.6483
vn 0.3316 -0.5902 -0.7360
vn -0.5154 -0.5741 -0.6362
vn -0.8727 -0.4598 -0.1644
vn -0.8673 -0.4942 -0.0601
vn -0.8601 -0.5043 -0.0766
vn -0.9472 0.1515 0.2825
vn -0.5935 -0.7554 -0.2777
vn -0.9973 -0.0027 0.0739
vn -0.9505 0.1576 -0.2678
vn -0.4905 -0.0431 -0.8704
vn -0.2323 0.1575 -0.9598
vn -0.2340 0.0972 -0.9674
vn -0.2986 0.3160 -0.9006
vn -0.3050 0.3803 -0.8731
vn -0.3177 0.3846 -0.8667
vn -0.3305 0.4126 -0.8488
vn -0.3293 0.4150 -0.8481
vn -0.4103 0.3816 -0.8283
vn -0.4861 0.3236 -0.8118
vn -0.5637 0.2732 -0.7795
vn -0.6573 0.1809 -0.7316
vn -0.7069 0.1142 -0.6981
vn -0.7545 0.0558 -0.6539
vn -0.7963 -0.0362 -0.6039
vn -0.7742 -0.3362 -0.5363
vn -0.5040 -0.3866 -0.7724
vn 0.2072 -0.8409 -0.5000
vn 0.2766 -0.9437 -0.1814
vn -0.8736 -0.4820 -0.0674
vn -0.9456 -0.3224 0.0430
vn -0.9060 -0.4231 -0.0162
vn -0.9326 -0.3609 0.0101
vn -0.5503 -0.0818 -0.8309
vn -0.7924 -0.0033 -0.6100
vn -0.8156 -0.0994 -0.5700
vn -0.7728 -0.2750 -0.5720
vn -0.6230 -0.2946 -0.7246
vn -0.2205 -0.6758 -0.7033
vn -0.6284 -0.2096 -0.7491
vn -0.2450 -0.8039 -0.5420
vn -0.4284 -0.8971 -0.1082
vn 0.2648 -0.9214 -0.2844
vn -0.8647 -0.5020 -0.0180
vn -0.8701 -0.4906 -0.0477
vn -0.8755 -0.4801 -0.0552
vn -0.8722 -0.4852 -0.0619
vn -0.9944 -0.0731 0.0764
vn -0.8838 0.0320 0.4668
vn -0.8759 -0.0212 -0.4820
vn -0.3748 0.0536 -0.9256
vn -0.3803 0.0468 -0.9237
vn -0.3018 0.1094 -0.9471
vn -0.2326 0.1554 -0.9601
vn -0.2185 0.1732 -0.9603
vn -0.2431 0.1809 -0.9530
vn -0.3757 0.3867 -0.8422
vn -0.3715 0.3972 -0.8392
vn -0.3709 0.3967 -0.8397
vn -0.5090 0.3107 -0.8027
vn -0.5508 0.2619 -0.7924
vn -0.7767 -0.1011 -0.6217
vn -0.6496 -0.2933 -0.7014
vn -0.2687 -0.7549 -0.5982
vn -0.6121 -0.2765 -0.7408
vn -0.7728 -0.3471 -0.5314
vn -0.1352 -0.9746 -0.1786
vn -0.5659 -0.7750 0.2813
vn -0.7768 -0.6214 0.1023
vn -0.8738 -0.4829 -0.0563
vn -0.8046 -0.0434 -0.5923
vn -0.9524 0.1617 0.2584
vn -0.9458 -0.3214 0.0472
vn -0.9978 -0.0657 0.0031
vn -0.9899 -0.0104 0.1411
vn -0.4816 -0.0408 -0.8754
vn -0.3143 0.2572 -0.9138
vn -0.2901 0.2494 -0.9239
vn -0.3126 0.2965 -0.9024
vn -0.3919 0.3773 -0.8391
vn -0.6436 0.1774 -0.7446
vn -0.7791 -0.3115 -0.5440
vn -0.0997 -0.9948 -0.0186
vn -0.1050 -0.9735 -0.2034
vn -0.1610 -0.9612 -0.2238
vn -0.8523 -0.5228 0.0164
vn -0.8702 -0.4905 -0.0459
vn 0.3827 -0.7617 -0.5228
vn -0.0691 -0.3736 -0.9250
vn -0.9844 -0.0772 0.1580
vn -0.6479 -0.1879 -0.7382
vn -0.2861 0.1167 -0.9511
vn -0.2557 0.2135 -0.9429
vn -0.3373 0.3056 -0.8904
vn -0.7084 0.1203 -0.6955
vn -0.8098 -0.0644 -0.5831
vn -0.6336 -0.7218 -0.2784
vn -0.8062 -0.5326 -0.2576
vn -0.3696 -0.9139 -0.1678
vn -0.6983 -0.6750 0.2382
vn -0.6469 -0.6664 0.3707
vn -0.6409 0.5841 0.4981
vn -0.8718 -0.4858 -0.0621
vn -0.8813 -0.4713 -0.0348
vn -0.9177 0.2404 0.3163
vn -0.6135 0.6660 0.4244
vn 0.3575 -0.8317 -0.4248
vn -0.8182 -0.0703 -0.5707
vn -0.7915 -0.1231 -0.5987
vn -0.9265 -0.2315 -0.2966
vn -0.9605 -0.1705 -0.2197
vn -0.9892 -0.1452 -0.0222
vn -0.6983 -0.2336 -0.6766
vn -0.4798 -0.0261 -0.8770
vn -0.2623 0.1601 -0.9516
vn -0.3521 0.3410 -0.8716
vn -0.3580 0.3435 -0.8682
vn -0.3702 0.3842 -0.8458
vn -0.8201 -0.0331 -0.5712
vn -0.7597 -0.3583 -0.5426
vn -0.8240 -0.3496 -0.4459
vn -0.6286 -0.6955 0.3480
vn -0.6962 -0.6581 0.2866
vn -0.6384 0.6062 0.4743
vn -0.6435 0.5785 0.5013
vn -0.8712 -0.4889 -0.0453
vn -0.8783 -0.4765 -0.0381
vn -0.9543 0.1545 0.2559
vn -0.9422 0.3161 0.1107
vn -0.8321 -0.4762 0.2842
vn -0.6525 -0.1990 -0.7312
vn -0.3708 0.0626 -0.9266
vn -0.4166 0.3689 -0.8309
vn -0.4994 0.3077 -0.8099
vn -0.7542 0.0550 -0.6543
vn -0.7891 -0.0029 -0.6143
vn -0.8144 -0.0472 -0.5784
vn -0.7121 -0.6574 0.2462
vn -0.7609 -0.6117 0.2164
vn -0.6853 0.5407 0.4879
vn -0.6560 0.5171 0.5498
vn -0.8432 0.3952 0.3644
vn -0.7626 0.6040 -0.2315
vn -0.8839 0.4574 -0.0971
vn 0.4031 -0.8284 -0.3890
vn 0.4376 -0.7871 -0.4348
vn -0.9673 -0.0326 0.2516
vn -0.8941 0.0199 0.4474
vn -0.5636 -0.1245 -0.8166
vn -0.2978 0.1177 -0.9474
vn -0.4165 0.3684 -0.8312
vn -0.6821 0.1360 -0.7185
vn -0.8035 -0.0211 -0.5950
vn -0.7676 -0.6402 -0.0288
vn -0.7135 -0.6525 0.2555
vn -0.6423 -0.6366 0.4270
vn -0.8403 -0.5314 0.1074
vn -0.6473 0.4850 0.5880
vn -0.6887 0.6219 0.3726
vn -0.7595 0.6017 0.2470
vn 0.4956 -0.6680 -0.5551
vn -0.9018 -0.4322 0.0012
vn -0.7830 -0.5740 0.2399
vn -0.9824 -0.1677 -0.0817
vn -0.6996 -0.2472 -0.6704
vn -0.4438 -0.0195 -0.8959
vn -0.4704 0.3342 -0.8167
vn -0.5009 0.3054 -0.8099
vn -0.8144 -0.0444 -0.5787
vn -0.8202 -0.0477 -0.5700
vn -0.5459 -0.6922 0.4721
vn -0.7529 -0.6151 0.2341
vn -0.8732 -0.4781 -0.0948
vn -0.6800 0.4632 0.5684
vn -0.8526 -0.5219 0.0265
vn -0.8590 -0.5119 -0.0092
vn -0.9518 0.0275 0.3056
vn -0.7198 0.6516 0.2396
vn -0.7144 0.6679 0.2087
vn -0.6242 0.7520 0.2117
vn 0.5274 -0.6815 -0.5073
vn 0.5281 -0.6767 -0.5131
vn 0.4807 -0.6414 -0.5979
vn 0.5098 -0.6216 -0.5947
vn -0.9093 -0.3941 -0.1336
vn -0.9784 -0.1154 0.1713
vn -0.9864 -0.1601 -0.0369
vn -0.8934 0.0151 0.4489
vn -0.5295 -0.0804 -0.8445
vn -0.4419 0.0289 -0.8966
vn -0.4132 0.0748 -0.9076
vn -0.2997 0.1599 -0.9405
vn -0.3325 0.1659 -0.9284
vn -0.3677 0.2316 -0.9006
vn -0.3447 0.2312 -0.9098
vn -0.3563 0.2818 -0.8909
vn -0.3997 0.3113 -0.8622
vn -0.4173 0.3682 -0.8309
vn -0.7696 0.0390 -0.6374
vn -0.8104 -0.5426 -0.2211
vn -0.8853 -0.4125 -0.2146
vn -0.7434 -0.6194 0.2522
vn 0.6899 -0.4594 0.5594
vn -0.9025 -0.4299 -0.0239
vn -0.9308 -0.3634 -0.0400
vn -0.7752 0.6281 0.0677
vn 0.4685 -0.5877 -0.6596
vn -0.8491 -0.5120 0.1302
vn -0.8607 -0.4631 0.2114
vn -0.9708 -0.2211 -0.0926
vn -0.9681 -0.0324 0.2483
vn -0.7185 -0.2302 -0.6563
vn -0.6791 -0.2073 -0.7041
vn -0.6636 -0.1799 -0.7261
vn -0.5567 -0.0861 -0.8263
vn -0.4128 0.2809 -0.8664
vn -0.4047 0.3358 -0.8506
vn -0.4183 0.3419 -0.8415
vn -0.4640 0.3262 -0.8236
vn 0.7496 -0.5707 0.3353
vn -0.9660 -0.2505 -0.0645
vn -0.8161 0.5101 0.2716
vn -0.8862 0.4244 0.1861
vn 0.5248 -0.7383 -0.4236
vn 0.5248 -0.6496 -0.5501
vn -0.9456 -0.1384 0.2943
vn -0.9900 -0.1364 0.0371
vn -0.9698 -0.0848 0.2287
vn -0.4099 0.0799 -0.9086
vn -0.8035 -0.0593 -0.5923
vn -0.8749 -0.1657 -0.4550
vn -0.7145 -0.6443 0.2729
vn 0.8378 -0.5360 -0.1038
vn -0.8758 -0.4418 0.1943
vn -0.1402 -0.9131 -0.3830
vn -0.9327 -0.1569 -0.3246
vn -0.9141 0.2415 0.3258
vn -0.9376 0.2710 -0.2179
vn -0.7725 -0.0768 -0.6303
vn 0.5731 -0.5155 -0.6370
vn -0.8633 -0.1902 -0.4674
vn -0.8810 0.0122 0.4730
vn -0.7185 -0.2334 -0.6552
vn -0.4618 0.1396 -0.8759
vn -0.4610 0.1395 -0.8764
vn -0.4911 0.2083 -0.8458
vn -0.5025 0.2093 -0.8388
vn -0.5327 0.2902 -0.7950
vn -0.7669 0.0397 -0.6405
vn -0.7442 -0.6128 0.2657
vn -0.7047 -0.2154 0.6760
vn -0.5751 -0.4691 0.6702
vn -0.9015 0.3771 -0.2123
vn -0.9379 -0.1815 -0.2958
vn -0.9138 0.3044 0.2689
vn -0.7302 0.2464 0.6372
vn -0.8344 0.4551 0.3109
vn 0.3499 -0.8161 -0.4599
vn 0.3729 -0.7008 -0.6082
vn -0.6759 -0.0922 -0.7312
vn -0.9891 -0.1449 -0.0266
vn -0.9689 -0.2409 0.0560
vn -0.9930 -0.1173 0.0131
vn -0.7180 -0.1790 -0.6726
vn -0.5111 0.0068 -0.8595
vn -0.5448 0.2719 -0.7933
vn -0.6624 0.1852 -0.7259
vn -0.7307 0.1029 -0.6749
vn -0.8795 -0.4711 -0.0677
vn -0.6778 0.3916 0.6223
vn 0.6598 -0.7346 -0.1580
vn -0.3716 -0.9062 0.2019
vn -0.5913 0.2856 0.7542
vn -0.6975 0.3504 0.6251
vn 0.6391 -0.5103 -0.5754
vn -0.8963 -0.0907 0.4341
vn -0.8991 -0.0697 0.4321
vn -0.6905 -0.2196 -0.6892
vn -0.5514 0.1207 -0.8255
vn -0.5684 0.0531 -0.8210
vn -0.5365 0.1246 -0.8346
vn -0.5128 0.2486 -0.8218
vn -0.5038 0.2495 -0.8270
vn -0.5947 0.2239 -0.7721
vn -0.5826 0.2390 -0.7768
vn -0.6674 0.1479 -0.7299
vn -0.7478 0.0891 -0.6580
vn -0.7652 0.0589 -0.6411
vn -0.9093 0.0794 0.4086
vn 0.4955 -0.7128 -0.4964
vn 0.4953 -0.7146 -0.4940
vn -0.7641 0.3915 0.5127
vn 0.2982 -0.8299 -0.4715
vn -0.8128 -0.0355 -0.5815
vn -0.9666 -0.2543 0.0320
vn -0.8926 -0.2087 0.3996
vn -0.9052 -0.1652 0.3915
vn -0.7583 -0.1729 -0.6286
vn -0.6677 -0.0883 -0.7392
vn -0.6219 0.0187 -0.7829
vn -0.6553 0.1047 -0.7481
vn -0.5461 0.2083 -0.8114
vn -0.6047 0.1928 -0.7728
vn -0.6589 0.1548 -0.7361
vn -0.8165 -0.0374 -0.5762
vn -0.9242 -0.0574 -0.3776
vn -0.9743 -0.0060 -0.2251
vn -0.8787 -0.2862 0.3820
vn -0.7703 -0.5560 0.3122
vn -0.8690 0.2194 0.4436
vn -0.6211 0.2765 0.7333
vn 0.1450 -0.9116 -0.3847
vn -0.4203 -0.9035 -0.0836
vn -0.4530 -0.7862 -0.4204
vn 0.0842 -0.9602 -0.2662
vn 0.0227 -0.9604 -0.2777
vn -0.8414 -0.1942 -0.5043
vn -0.8506 -0.2035 -0.4848
vn -0.7540 -0.1741 -0.6334
vn -0.7250 -0.1302 -0.6763
vn -0.6896 -0.0643 -0.7214
vn -0.6642 0.1010 -0.7407
vn -0.7146 0.0977 -0.6926
vn -0.7583 0.0522 -0.6498
vn -0.8144 0.0479 -0.5783
vn -0.8504 -0.0369 -0.5248
vn -0.8789 -0.1551 -0.4511
vn -0.8603 -0.0841 -0.5028
vn -0.9367 -0.1121 0.3318
vn -0.8245 -0.0258 0.5653
vn 0.7874 -0.6122 -0.0722
vn -0.8757 -0.4418 0.1949
vn 0.3520 -0.7947 -0.4945
vn 0.3036 -0.8594 -0.4114
vn -0.9314 -0.3106 -0.1896
vn -0.7583 -0.1705 -0.6292
vn -0.7549 -0.1169 -0.6454
vn -0.6396 0.1604 -0.7518
vn -0.6728 0.1223 -0.7297
vn 0.3241 -0.8379 -0.4392
vn 0.7050 0.1193 0.6991
vn -0.8976 -0.4385 0.0449
vn -0.8301 -0.0414 -0.5560
vn -0.8166 0.0091 -0.5772
vn -0.9280 -0.0329 -0.3712
vn -0.9895 -0.1257 -0.0720
vn -0.9959 -0.0761 -0.0482
vn -0.8432 -0.3543 0.4043
vn -0.6429 -0.3297 -0.6914
vn -0.8947 -0.2185 -0.3895
vn 0.7217 -0.6672 -0.1843
vn 0.5105 -0.7002 -0.4992
vn 0.3409 -0.7969 -0.4988
vn 0.0927 -0.8111 -0.5774
vn -0.7673 -0.6410 0.0177
vn -0.9396 -0.3420 0.0123
vn -0.9131 -0.3787 0.1515
vn -0.8847 -0.2964 0.3597
vn -0.7330 0.0167 -0.6800
vn -0.2165 -0.9685 -0.1233
vn 0.7110 -0.3288 -0.6216
vn 0.5882 0.1591 -0.7929
vn 0.8789 0.4590 -0.1296
vn 0.5717 0.7052 -0.4193
vn 0.6069 0.6717 -0.4249
vn 0.0400 0.2852 -0.9576
vn 0.8284 -0.0094 -0.5600
vn 0.3426 -0.2714 -0.8994
vn 0.5187 -0.1885 -0.8339
vn 0.7252 -0.3506 -0.5926
vn 0.7073 -0.3536 -0.6121
vn 0.4622 -0.7471 -0.4777
vn 0.7558 -0.5863 -0.2916
vn 0.3443 -0.7737 -0.5318
vn 0.1851 -0.7067 -0.6829
vn -0.2914 -0.9213 0.2575
vn -0.6528 -0.5231 0.5479
vn -0.6272 -0.5222 0.5778
vn -0.6898 -0.7240 0.0078
vn -0.7033 -0.4536 0.5473
vn -0.5909 -0.4957 0.6365
vn -0.4354 -0.5420 0.7188
vn -0.1381 -0.5976 0.7898
vn -0.1559 -0.6469 0.7465
vn -0.2572 -0.6830 0.6836
vn -0.3734 -0.7973 0.4742
vn -0.4778 -0.7529 0.4526
vn -0.2509 -0.7443 0.6189
vn -0.5862 0.3407 0.7350
vn -0.6187 0.4373 0.6527
vn -0.4908 0.8273 -0.2732
vn -0.1250 0.8877 0.4431
vn -0.0297 0.8900 0.4550
vn -0.0021 0.8455 0.5339
vn 0.1977 0.8349 0.5138
vn -0.3159 0.9321 0.1773
vn -0.0381 0.8912 0.4520
vn 0.1482 0.6611 -0.7355
vn -0.8778 -0.4593 0.1360
vn 0.0857 0.8156 -0.5723
vn 0.7681 0.5116 -0.3851
vn 0.9651 0.2291 -0.1266
vn 0.9891 0.0861 -0.1198
vn 0.9145 -0.3851 0.1240
vn 0.9343 0.3090 0.1776
vn 0.9075 0.3500 0.2322
vn 0.9078 0.3457 0.2374
vn 0.8476 0.0765 0.5252
vn 0.8719 0.4340 0.2268
vn 0.9823 0.1247 -0.1400
vn 0.9106 0.4131 -0.0113
vn 0.2449 -0.6255 -0.7408
vn 0.2416 -0.9665 -0.0862
vn 0.1789 -0.9536 -0.2421
vn 0.8549 -0.4584 0.2428
vn -0.9440 -0.3238 0.0632
vn 0.2143 -0.9713 0.1028
vn -0.9320 -0.3625 0.0036
vn -0.6319 -0.7734 -0.0513
vn -0.8449 0.0377 -0.5336
vn -0.8488 -0.0183 0.5284
vn -0.7273 0.0872 0.6807
vn -0.6145 0.6680 0.4197
vn -0.8320 -0.0823 -0.5487
vn -0.8709 -0.1275 -0.4747
vn -0.9028 -0.2803 -0.3261
vn -0.1233 0.5113 -0.8505
vn 0.3786 0.9054 -0.1921
vn 0.7852 0.4973 -0.3691
vn -0.6632 0.6323 0.4003
vn -0.8535 -0.5183 -0.0537
vn -0.6437 0.3311 -0.6900
vn -0.7984 0.2028 -0.5670
vn -0.7166 0.3778 -0.5863
vn -0.2229 0.9665 0.1269
vn -0.3590 0.8338 -0.4195
vn -0.2946 0.9486 -0.1158
vn -0.9347 -0.3137 -0.1668
vn -0.9209 -0.3268 -0.2124
vn -0.8876 -0.3318 -0.3194
vn -0.9059 -0.3906 -0.1640
vn -0.9177 -0.2091 -0.3379
vn -0.8397 -0.3618 -0.4049
vn -0.9053 -0.3375 -0.2581
vn -0.8611 -0.1788 -0.4760
vn -0.8727 -0.3936 -0.2888
vn -0.8104 -0.0957 -0.5780
vn -0.8531 -0.4798 -0.2051
vn -0.8381 -0.1718 -0.5177
vn -0.7754 -0.2907 -0.5606
vn -0.8377 -0.3685 -0.4030
vn -0.8893 -0.3868 -0.2441
vn -0.7891 -0.3642 -0.4946
vn -0.3237 -0.0134 -0.9461
vn -0.6324 0.1880 -0.7515
vn -0.2200 -0.0162 -0.9754
vn -0.5941 0.5733 -0.5642
vn -0.8072 0.3146 -0.4995
vn -0.8425 0.3247 -0.4299
vn -0.8572 0.0962 -0.5060
vn -0.8970 -0.2902 -0.3336
vn -0.7769 -0.3485 -0.5244
vn -0.2749 -0.3803 -0.8831
vn -0.8440 0.0374 -0.5351
vn -0.8445 -0.1778 -0.5052
vn -0.8875 -0.1417 -0.4385
vn -0.8531 -0.4142 -0.3171
vn -0.8338 0.4408 0.3323
vn -0.7710 -0.5059 -0.3868
vn -0.0695 -0.9457 -0.3175
vn -0.0922 -0.8584 -0.5046
vn 0.0758 -0.8095 -0.5822
vn 0.0824 -0.7730 -0.6290
vn -0.1355 -0.8659 -0.4815
vn 0.3194 -0.8199 -0.4752
vn 0.2881 -0.9322 -0.2191
vn 0.2996 -0.7731 -0.5591
vn -0.4789 0.7024 0.5266
vn -0.4600 0.7250 0.5127
vn 0.2325 -0.9641 -0.1283
vn 0.2973 -0.9529 -0.0592
vn -0.4482 -0.8155 -0.3660
vn 0.0462 -0.7885 -0.6132
vn -0.6161 0.3639 0.6985
vn -0.6946 0.5823 0.4224
vn -0.9221 -0.3704 -0.1119
vn 0.5549 0.1443 -0.8193
vn 0.4426 0.7240 -0.5291
vn 0.4325 0.4309 -0.7920
vn 0.2446 0.1604 -0.9563
vn 0.2820 0.4267 -0.8593
vn 0.6840 -0.1747 -0.7083
vn 0.6699 -0.1737 -0.7218
vn -0.3873 0.0539 -0.9204
vn -0.2522 -0.3226 -0.9123
vn 0.0040 -0.9815 -0.1912
vn -0.2293 0.9230 0.3089
vn -0.2512 0.9601 0.1228
vn -0.2150 0.9662 0.1421
vn 0.5616 0.7402 -0.3698
vn -0.9144 0.0470 -0.4020
vn 0.2277 0.7251 -0.6499
vn -0.2335 -0.7332 0.6387
vn -0.1849 -0.9499 0.2520
vn 0.2933 -0.9371 -0.1894
vn -0.6407 -0.7176 -0.2730
vn -0.9099 -0.1327 -0.3930
vn -0.2800 -0.8429 -0.4596
vn -0.9184 -0.3418 -0.1994
vn -0.8952 -0.0715 -0.4398
vn -0.9217 -0.1613 -0.3527
vn -0.9079 -0.3962 -0.1366
vn -0.4761 -0.8326 -0.2831
vn 0.5167 -0.8549 0.0468
vn 0.0264 -0.9958 -0.0872
vn -0.3073 0.9247 0.2247
vn -0.7682 0.5975 0.2300
vn -0.8683 0.4950 -0.0301
vn -0.8399 0.1430 -0.5236
vn 0.9688 -0.0995 -0.2270
vn -0.4121 -0.8399 -0.3532
vn -0.8600 -0.3270 -0.3917
vn -0.6619 -0.2425 -0.7093
vn -0.7124 -0.6516 -0.2606
vn -0.4553 -0.3105 -0.8344
vn 0.7255 0.6880 0.0199
vn 0.6150 0.6902 0.3812
vn 0.1356 0.5077 0.8508
vn 0.3396 -0.0946 0.9358
vn 0.6726 0.6041 0.4274
vn 0.2500 0.7117 0.6565
vn 0.2733 0.6719 0.6884
vn 0.4777 0.7035 -0.5262
vn -0.7367 0.0613 -0.6734
vn -0.7564 0.0494 -0.6523
vn 0.7514 0.5549 0.3572
vn 0.1727 0.6071 0.7756
vn 0.1480 0.4979 0.8545
vn -0.8551 0.5184 -0.0031
vn 0.8630 0.4976 0.0869
vn 0.8420 0.2588 0.4734
vn 0.8176 0.3126 0.4835
vn 0.2276 0.3599 0.9048
vn 0.3328 0.0128 0.9429
vn 0.3004 0.0977 0.9488
vn 0.2994 0.0986 0.9490
vn -0.7215 0.0820 -0.6875
vn 0.4178 -0.1092 0.9020
vn 0.3970 -0.0421 0.9169
vn 0.7976 0.5970 -0.0863
vn 0.8909 0.4187 0.1759
vn 0.6260 0.4775 0.6166
vn -0.8548 -0.2027 -0.4778
vn -0.9750 -0.1762 0.1352
vn 0.0571 -0.9684 -0.2430
vn -0.4720 -0.8304 -0.2962
vn 0.6166 0.4644 0.6357
vn 0.4926 0.5853 0.6440
vn 0.5017 0.3730 0.7805
vn 0.2813 0.4444 0.8505
vn 0.3813 0.1331 0.9148
vn -0.8874 -0.3228 0.3291
vn 0.8914 0.4076 0.1980
vn 0.5530 -0.0146 0.8330
vn 0.3684 0.4101 0.8343
vn 0.5030 -0.2300 0.8331
vn 0.7749 0.1508 0.6139
vn 0.7227 0.2102 0.6584
vn 0.6699 0.3193 0.6703
vn 0.5449 0.4595 0.7014
vn 0.5487 -0.0324 0.8354
vn 0.7313 0.0368 0.6811
vn 0.6510 -0.1581 0.7424
vn 0.6516 -0.1582 0.7419
vn -0.8965 0.1408 -0.4201
vn 0.8036 0.2137 0.5555
vn -0.6692 -0.0027 -0.7431
vn 0.7073 -0.1127 0.6979
vn 0.4706 -0.3537 0.8083
vn 0.9196 0.2096 0.3322
vn 0.8609 0.3716 0.3474
vn 0.4493 0.7091 -0.5434
vn 0.8933 0.3992 0.2063
vn 0.5589 -0.2585 0.7879
vn 0.9066 0.3943 0.1505
vn 0.8848 0.4469 0.1319
vn 0.2763 0.7169 -0.6401
vn 0.4993 0.7608 -0.4146
vn 0.8772 0.2030 0.4351
vn 0.2819 0.7007 -0.6554
vn 0.8788 0.2077 0.4295
vn 0.5089 -0.3163 0.8006
vn 0.6027 0.6843 -0.4105
vn 0.5755 0.7072 -0.4108
vn 0.3277 0.6929 -0.6422
vn 0.8667 0.4966 0.0473
vn 0.8845 0.4487 0.1281
vn 0.6167 0.6615 -0.4267
vn -0.9071 -0.4180 0.0500
vn 0.6486 0.6682 -0.3644
vn -0.8529 -0.1664 -0.4948
vn -0.8479 -0.1672 -0.5032
vn 0.7930 0.5956 -0.1284
vn 0.3210 0.6862 -0.6527
vn 0.6555 0.6631 -0.3614
vn 0.6097 -0.2224 0.7608
vn 0.9069 0.3195 0.2746
vn 0.3422 0.6723 -0.6565
vn 0.8981 0.2460 0.3645
vn -0.6178 -0.0771 -0.7826
vn -0.6096 -0.0478 -0.7913
vn -0.8552 -0.2037 -0.4765
vn 0.5829 -0.2551 0.7715
vn 0.8981 0.4260 0.1088
vn 0.8982 0.4277 0.1016
vn 0.6069 -0.2266 0.7618
vn 0.9141 0.3490 0.2063
vn -0.8661 -0.4948 0.0706
vn 0.9103 0.4048 0.0865
vn 0.8873 0.1871 0.4215
vn 0.9215 0.3718 0.1121
vn 0.6720 -0.1549 0.7242
vn 0.9063 0.3997 -0.1375
vn 0.9003 0.1897 0.3918
vn 0.6241 -0.2022 0.7548
vn 0.8832 0.1913 0.4282
vn -0.9620 -0.1477 -0.2297
vn 0.9489 0.1018 -0.2986
vn 0.9496 0.2473 -0.1926
vn 0.9656 0.2601 0.0036
vn -0.8244 -0.5520 0.1254
vn 0.9857 0.1258 -0.1120
vn 0.9649 0.2176 0.1471
vn 0.9226 0.2057 0.3264
vn 0.9172 0.0224 -0.3978
vn 0.9181 0.1973 0.3437
vn 0.7968 0.2285 0.5594
vn 0.7172 -0.0933 0.6906
vn 0.9334 0.0555 -0.3546
vn -0.9734 -0.0790 0.2152
vn -0.9456 -0.3099 0.0989
vn 0.9453 -0.2166 -0.2441
vn 0.8603 0.2165 0.4616
vn -0.7102 -0.6292 0.3158
vn 0.7264 0.2570 0.6374
vn 0.9419 -0.3209 -0.0993
vn 0.9604 -0.1785 -0.2140
vn 0.9940 0.0005 0.1092
vn 0.9413 0.0836 0.3272
vn -0.5017 -0.6972 0.5121
vn 0.9904 0.0250 -0.1357
vn 0.9731 0.0144 -0.2301
vn -0.8873 -0.4530 -0.0865
vn 0.9904 0.1325 0.0396
vn 0.8555 -0.5122 0.0758
vn 0.9761 -0.2104 0.0544
vn -0.4848 0.0493 -0.8732
vn 0.9218 0.1920 0.3368
vn 0.8649 0.2358 0.4431
vn 0.7661 -0.0055 0.6427
vn 0.6493 -0.1258 0.7501
vn 0.8691 -0.2058 0.4498
vn -0.6354 -0.1663 -0.7541
vn 0.5978 0.0970 0.7958
vn -0.9105 -0.4105 0.0503
vn -0.7217 -0.6454 0.2502
vn 0.7208 -0.0893 0.6874
vn 0.5545 -0.0230 0.8319
vn -0.8369 -0.3041 0.4552
vn 0.7148 -0.0043 0.6994
vn 0.6819 -0.0776 0.7273
vn 0.6965 0.2300 0.6797
vn 0.6323 -0.1676 0.7564
vn 0.6805 0.0957 0.7264
vn -0.8985 -0.3122 -0.3086
vn 0.2584 -0.2305 0.9381
vn 0.5369 -0.0946 0.8383
vn 0.4344 -0.7067 0.5584
vn 0.8936 -0.4361 -0.1059
vn -0.7773 -0.0094 0.6291
vn -0.5611 -0.3811 0.7348
vn -0.4495 -0.7026 0.5516
vn -0.9456 0.2288 -0.2314
vn -0.8512 -0.0369 -0.5236
vn -0.6104 -0.1320 -0.7811
vn -0.7495 -0.6269 0.2127
vn -0.2861 -0.0860 -0.9543
vn -0.1639 0.0088 -0.9864
vn -0.5024 -0.5194 -0.6912
vn -0.1580 -0.5998 -0.7844
vn -0.4253 -0.5920 -0.6845
vn -0.1848 -0.3756 -0.9082
vn -0.7433 -0.6248 0.2390
vn -0.3024 -0.0128 -0.9531
vn -0.1247 -0.4119 -0.9026
vn -0.3233 0.0965 -0.9414
vn -0.3401 0.1127 -0.9336
vn -0.2054 -0.3211 -0.9245
vn -0.8314 -0.1239 -0.5417
vn -0.2429 -0.2438 -0.9389
vn -0.3488 0.1968 -0.9163
vn -0.4538 -0.4786 -0.7517
vn -0.5054 0.2917 -0.8121
vn -0.4246 0.1577 -0.8915
vn -0.2755 -0.4074 -0.8707
vn -0.4865 -0.0615 -0.8715
vn -0.4066 -0.0930 -0.9089
vn -0.3320 -0.5117 -0.7924
vn -0.4752 -0.0333 -0.8793
vn -0.6317 -0.4286 -0.6460
vn -0.8271 -0.5207 0.2115
vn -0.5447 -0.3227 -0.7741
vn -0.5995 -0.4597 -0.6552
vn -0.6310 0.1513 -0.7609
vn -0.6468 0.1230 -0.7527
vn -0.4335 -0.4947 -0.7532
vn -0.7711 -0.6300 0.0921
vn -0.6509 -0.1821 -0.7370
vn -0.4700 -0.5767 -0.6682
vn -0.6758 -0.7092 -0.2008
vn -0.7128 -0.7012 0.0166
vn -0.7300 -0.6725 0.1218
vn -0.6710 -0.3155 -0.6710
vn -0.6337 -0.3964 -0.6643
vn -0.6343 -0.4423 -0.6341
vn -0.5912 -0.7289 -0.3451
vn -0.6898 -0.7235 0.0280
vn -0.6290 -0.4484 -0.6350
vn -0.5839 -0.5198 -0.6236
vn -0.9020 -0.2962 -0.3141
vn -0.5806 -0.5234 -0.6237
vn -0.5772 -0.5223 -0.6277
vn -0.6178 -0.5297 -0.5812
vn -0.6283 -0.5267 -0.5726
vn -0.8025 -0.5718 -0.1706
vn -0.9328 -0.1967 -0.3019
vn -0.8587 -0.1581 -0.4875
vn -0.8201 -0.5710 0.0376
vn -0.7947 -0.4703 -0.3838
vn -0.9523 -0.1480 -0.2670
vn -0.7212 0.1014 -0.6853
vn -0.8675 -0.1995 -0.4557
vn -0.9386 0.2536 -0.2340
vn -0.8947 -0.4099 -0.1777
vn -0.6041 0.6564 0.4518
vn -0.6573 0.5635 0.5004
vn -0.7579 0.4857 0.4356
vn -0.7583 0.3864 0.5250
vn -0.8846 -0.2239 -0.4090
vn -0.8695 -0.1355 -0.4749
vn -0.7444 -0.6451 0.1725
vn -0.8647 -0.5003 -0.0437
vn -0.9538 -0.2666 -0.1385
vn -0.7876 -0.6039 0.1227
vn -0.6567 -0.7459 0.1113
vn -0.9201 0.2953 -0.2573
vn -0.9708 -0.2116 -0.1128
vn -0.3907 0.3739 -0.8412
vn -0.8852 0.4075 -0.2244
vn -0.7151 -0.0570 -0.6967
vn -0.4597 0.7812 0.4225
vn -0.6664 0.7284 0.1592
vn -0.6901 -0.2289 -0.6866
vn -0.3734 -0.3756 -0.8483
vn -0.7387 0.6256 -0.2510
vn -0.5139 0.0036 -0.8578
vn -0.6128 0.0423 -0.7891
vn -0.4869 0.7608 0.4291
vn -0.7910 -0.0059 -0.6118
vn -0.7955 0.4049 0.4509
vn -0.9358 -0.3485 -0.0531
vn -0.3236 0.1536 -0.9337
vn -0.5089 -0.6662 0.5452
vn -0.4551 -0.7084 0.5395
vn -0.8528 0.0616 -0.5187
vn -0.6664 0.7329 0.1372
vn -0.7058 0.6017 0.3739
vn -0.6649 0.6092 0.4322
vn -0.5620 0.8056 0.1875
vn -0.4562 0.8681 0.1955
vn -0.6416 0.5608 0.5233
vn -0.3363 0.9409 0.0409
vn -0.4080 0.8752 0.2599
vn -0.7092 -0.2555 -0.6570
vn 0.0625 -0.8745 -0.4811
vn -0.8688 0.4046 0.2855
vn -0.7884 0.5418 0.2913
vn -0.7155 0.6861 0.1313
vn -0.3437 0.9338 0.0998
vn -0.3663 0.8195 -0.4406
vn -0.4598 0.7292 -0.5068
vn -0.3407 0.6606 -0.6689
vn -0.6737 0.1340 -0.7268
vn 0.5175 -0.7409 -0.4281
vn 0.4074 -0.8077 -0.4262
vn -0.4756 -0.8204 -0.3175
vn -0.3268 -0.9118 -0.2487
vn -0.8772 -0.4472 -0.1749
vn -0.9545 0.2445 -0.1707
vn -0.6374 0.0644 -0.7678
vn -0.5076 0.0231 -0.8613
vn 0.4628 -0.6695 -0.5811
vn 0.2216 -0.7253 -0.6518
vn -0.3954 -0.8872 -0.2378
vn -0.5437 -0.8235 -0.1621
vn -0.4340 -0.8868 -0.1587
vn -0.9568 0.0058 0.2907
vn -0.8701 0.0203 -0.4924
vn -0.6994 0.0134 -0.7146
vn -0.4046 0.0586 -0.9126
vn -0.7288 0.0771 -0.6804
vn -0.7012 0.0297 -0.7124
vn 0.1480 -0.8297 -0.5382
vn 0.1598 -0.6014 -0.7828
vn -0.3559 -0.8297 -0.4299
vn -0.7673 -0.6358 -0.0839
vn -0.9376 -0.3476 -0.0061
vn -0.9670 -0.0164 -0.2542
vn 0.1504 -0.5978 -0.7874
vn -0.6952 -0.6029 -0.3913
vn -0.7779 -0.6263 -0.0512
vn -0.9647 0.0480 0.2590
vn -0.9933 0.0052 -0.1154
vn -0.8529 -0.2460 -0.4605
vn 0.0732 -0.9946 0.0737
vn -0.0830 -0.8655 -0.4940
vn -0.1117 -0.9082 -0.4035
vn -0.6491 -0.6263 -0.4317
vn -0.9275 -0.3725 0.0304
vn -0.8812 0.0736 0.4671
vn -0.8956 0.0823 0.4371
vn -0.7968 -0.1648 -0.5814
vn -0.8387 -0.1258 -0.5298
vn -0.1709 -0.5181 -0.8381
vn 0.0716 -0.7449 -0.6633
vn -0.2437 -0.9698 -0.0083
vn -0.3991 -0.8607 0.3160
vn -0.9209 -0.1985 -0.3354
vn -0.9330 -0.3568 0.0456
vn -0.8140 -0.1836 -0.5511
vn -0.6519 -0.1758 -0.7376
vn -0.8498 -0.4328 0.3007
vn -0.2669 -0.9389 0.2172
vn -0.6029 -0.7289 0.3242
vn -0.6791 -0.7158 0.1628
vn -0.9964 -0.0846 -0.0008
vn -0.9951 -0.0770 0.0620
vn -0.7779 -0.0858 -0.6225
vn -0.8078 -0.0825 -0.5837
vn -0.5706 -0.8208 -0.0262
vn -0.5205 -0.8101 0.2697
vn -0.4522 -0.7427 0.4939
vn -0.9964 -0.0851 0.0014
vn -0.6236 -0.6964 0.3551
vn -0.4524 -0.6819 0.5748
vn -0.7172 -0.1609 -0.6780
vn -0.8641 -0.1775 -0.4710
vn -0.8889 -0.3002 -0.3460
vn 0.4154 -0.8940 -0.1677
vn 0.4960 -0.8627 -0.0987
vn 0.5519 -0.7933 0.2569
vn 0.5183 -0.8493 0.0999
vn 0.5211 -0.8326 0.1879
vn 0.6188 -0.7545 0.2188
vn 0.4705 -0.8551 0.2178
vn 0.4175 -0.6909 0.5902
vn 0.4810 -0.8755 -0.0458
vn 0.3842 -0.9136 -0.1330
vn 0.5934 -0.7536 0.2828
vn 0.5705 -0.6570 0.4929
vn 0.4212 -0.6746 0.6062
vn 0.4573 -0.8527 0.2524
vn 0.5330 -0.6842 -0.4977
vn 0.4627 -0.6859 -0.5616
vn 0.4966 -0.6755 -0.5451
vn 0.4896 -0.7112 -0.5044
vn 0.3898 -0.7368 -0.5524
vn 0.5127 -0.6227 -0.5911
vn 0.4565 -0.7014 -0.5475
vn 0.5322 -0.6252 -0.5709
vn -0.4134 -0.7824 -0.4657
vn -0.0363 -0.8428 -0.5371
vn -0.0328 -0.8795 -0.4748
vn -0.5155 -0.2853 -0.8080
vn -0.0601 0.5688 -0.8203
vn 0.1014 -0.8154 -0.5700
vn 0.0722 0.5742 -0.8155
vn 0.4421 0.6125 -0.6553
vn 0.4695 0.6207 -0.6279
vn 0.3064 0.6437 -0.7013
vn 0.1364 0.6031 -0.7859
vn -0.7238 -0.0969 -0.6832
vn 0.3466 0.2703 -0.8982
vn 0.4931 0.1804 -0.8510
vn 0.0393 -0.1303 -0.9907
vn -0.0782 -0.1607 -0.9839
vn 0.3827 -0.1434 -0.9127
vn 0.1320 -0.2990 -0.9451
vn 0.3898 -0.2481 -0.8869
vn -0.5342 -0.3490 -0.7700
vn -0.0486 -0.2364 -0.9705
vn 0.2241 -0.3079 -0.9247
vn 0.5659 -0.2796 -0.7757
vn -0.0118 -0.2361 -0.9717
vn 0.4033 -0.1177 -0.9075
vn -0.1195 -0.2309 -0.9656
vn 0.1700 -0.3292 -0.9288
vn -0.2872 -0.5027 -0.8154
vn 0.0146 -0.5580 -0.8297
vn 0.3005 -0.4158 -0.8584
vn -0.3733 -0.3062 -0.8757
vn 0.4225 -0.4953 -0.7591
vn -0.2393 -0.0874 -0.9670
vn 0.0888 -0.3829 -0.9195
vn 0.0015 -0.5803 -0.8144
vn -0.1014 -0.4166 -0.9034
vn -0.0283 -0.4691 -0.8827
vn -0.3747 0.3348 -0.8646
vn -0.5092 0.3722 -0.7760
vn -0.5444 -0.1522 -0.8249
vn -0.3532 -0.6228 -0.6981
vn -0.4007 -0.9067 -0.1317
vn -0.4064 -0.8603 -0.3077
vn -0.7165 -0.6932 -0.0776
vn -0.6922 -0.6645 -0.2816
vn -0.8697 -0.4892 0.0655
vn -0.8304 -0.4684 -0.3018
vn -0.8352 -0.3729 -0.4042
vn -0.8781 -0.3469 -0.3295
vn -0.9051 -0.4204 -0.0641
vn -0.8732 -0.4871 -0.0127
vn -0.7827 -0.5570 0.2778
vn -0.8009 -0.5656 0.1965
vn -0.8841 -0.4088 -0.2264
vn -0.8310 -0.5300 -0.1686
vn -0.8547 -0.3703 -0.3637
vn -0.5172 -0.8558 0.0097
vn -0.7327 -0.6527 -0.1927
vn -0.7299 -0.6808 0.0610
vn -0.7944 -0.5887 0.1499
vn -0.7854 -0.5732 0.2336
vn -0.6047 -0.6933 0.3919
vn -0.6202 -0.6921 0.3693
vn -0.8430 -0.4949 0.2105
vn -0.9003 -0.4260 -0.0896
vn -0.7800 -0.6190 -0.0920
vn -0.7193 -0.6766 0.1576
vn -0.5763 -0.8093 0.1134
vn -0.8793 -0.3521 -0.3208
vn -0.9092 -0.3264 -0.2586
vn -0.9260 -0.2979 -0.2317
vn -0.9089 -0.4081 0.0852
vn -0.7066 -0.6589 0.2581
vn -0.7859 -0.6079 -0.1133
vn -0.7400 -0.6697 -0.0618
vn -0.6340 -0.7374 0.2331
vn -0.4128 -0.6580 0.6298
vn -0.8364 -0.5086 0.2046
vn -0.6840 -0.7194 0.1210
vn -0.5844 -0.7516 0.3060
vn -0.7602 -0.5597 0.3300
vn -0.6907 -0.5725 0.4418
vn -0.6304 -0.6934 0.3490
vn -0.5813 -0.6685 0.4638
vn -0.5643 -0.6758 0.4742
vn -0.6628 -0.7076 0.2447
vn -0.7523 -0.5896 0.2940
vn -0.8656 -0.4807 0.1400
vn -0.8415 -0.5108 -0.1760
vn -0.7748 -0.6104 -0.1646
vn -0.7860 -0.5902 -0.1838
vn -0.8878 -0.4602 0.0060
vn -0.8766 -0.4736 0.0852
vn -0.6235 -0.5717 0.5334
vn -0.9197 -0.3867 0.0675
vn -0.9086 -0.0114 0.4175
vn -0.6401 0.6666 0.3820
vn -0.8029 0.5550 -0.2175
vn -0.7808 0.4625 -0.4200
vn -0.5465 0.7125 -0.4401
vn -0.3513 0.9067 -0.2333
vn -0.2581 0.9659 0.0217
vn -0.1271 0.9863 0.1052
vn -0.1977 0.9252 0.3240
vn -0.0659 0.9875 0.1430
vn -0.0289 0.9433 0.3306
vn -0.0729 0.8812 0.4671
vn -0.1386 0.9084 0.3945
vn -0.1561 0.8848 0.4390
vn -0.2766 0.9609 0.0136
vn -0.3559 0.9344 0.0129
vn -0.4941 0.8416 -0.2184
vn -0.4860 0.8585 -0.1637
vn -0.6708 0.7039 -0.2338
vn -0.4983 0.8670 -0.0065
vn -0.6514 0.7521 -0.0998
vn -0.3115 0.9497 0.0313
vn -0.6513 0.7544 -0.0823
vn -0.2699 0.9032 0.3337
vn -0.7314 0.6755 -0.0937
vn -0.7792 0.3995 -0.4830
vn 0.7614 0.5991 0.2478
vn 0.3598 0.6699 -0.6494
vn 0.2778 0.7481 -0.6027
vn 0.0756 0.7037 -0.7065
vn -0.0795 0.7421 -0.6656
vn -0.8589 -0.4873 0.1575
vn 0.3422 -0.9395 0.0148
vn 0.4299 -0.6705 0.6046
vn 0.9801 -0.0735 -0.1846
vn 0.9733 0.1256 -0.1924
vn 0.8904 -0.3465 -0.2952
vn 0.9277 -0.3298 -0.1750
vn -0.0482 -0.8815 -0.4698
vn 0.8995 -0.4355 -0.0361
vn 0.9803 -0.1783 0.0852
vn 0.9126 -0.0175 0.4084
vn 0.9417 0.3323 0.0534
vn 0.8630 0.4921 -0.1142
vn 0.2739 0.6401 -0.7178
vn 0.2287 0.6480 -0.7265
vn 0.5147 0.5203 -0.6815
vn 0.4062 0.7424 -0.5327
vn 0.9146 0.2660 -0.3045
vn 0.7788 -0.4444 -0.4427
vn 0.6297 -0.6296 -0.4551
vn -0.5348 -0.7890 -0.3024
vn 0.5075 -0.7045 -0.4961
vn 0.9243 -0.1109 -0.3653
vn -0.2631 -0.7726 -0.5779
vn 0.4914 -0.7062 -0.5097
vn -0.9557 0.0731 -0.2850
vn -0.2347 -0.3600 -0.9030
vn -0.5582 0.5435 -0.6269
vn -0.5820 0.7802 0.2293
vn -0.5953 0.7641 0.2485
vn -0.5352 0.4443 0.7184
vn -0.6301 0.4291 0.6471
vn -0.7195 0.4771 0.5047
vn -0.7014 0.4792 0.5277
vn -0.6600 0.5329 0.5296
vn -0.3785 0.0986 0.9203
vn -0.1929 0.0551 0.9797
vn -0.5938 -0.2925 0.7495
vn -0.5715 0.1563 0.8056
vn -0.7850 -0.2261 0.5767
vn -0.9234 -0.3835 0.0152
vn -0.3686 -0.8892 0.2711
vn -0.5722 -0.8142 -0.0989
vn 0.3878 -0.4875 -0.7823
vn -0.1365 -0.1973 -0.9708
vn 0.2982 -0.5306 -0.7934
vn -0.0454 -0.7660 -0.6412
vn -0.0716 -0.8080 -0.5848
vn -0.4878 -0.3665 -0.7923
vn -0.8645 -0.4496 0.2248
vn -0.8271 -0.5240 0.2035
vn -0.7789 -0.5982 0.1885
vn -0.8865 -0.4400 -0.1435
vn -0.6736 -0.6778 0.2947
vn -0.6813 -0.6900 0.2446
vn -0.7457 -0.6412 0.1811
vn -0.5661 -0.6967 0.4406
vn -0.8946 -0.4253 0.1369
vn -0.6220 -0.6763 0.3945
vn -0.5335 -0.7368 0.4152
vn -0.7389 -0.6466 0.1895
vn -0.5388 -0.6954 0.4754
vn -0.5394 -0.7493 0.3843
vn -0.7664 -0.6232 0.1556
vn -0.8879 -0.3036 -0.3456
vn -0.4303 -0.7586 0.4893
vn -0.3966 -0.7702 0.4995
vn -0.4887 -0.6573 0.5736
vn -0.5629 -0.6795 0.4706
vn -0.5568 -0.6970 0.4518
vn -0.5907 -0.7748 0.2253
vn -0.3802 -0.6879 0.6183
vn -0.5570 -0.5964 0.5780
vn -0.6296 0.5283 -0.5697
vn 0.9339 0.2817 -0.2202
vn 0.9731 -0.0497 -0.2249
vn 0.9980 0.0342 -0.0527
vn 0.9229 0.3834 0.0345
vn 0.9122 0.3822 -0.1476
vn 0.6314 0.7473 -0.2070
vn 0.7254 0.4351 -0.5334
vn 0.2733 0.7061 -0.6532
vn 0.3380 0.6665 -0.6645
vn 0.7654 0.4973 -0.4086
vn 0.8776 0.4774 -0.0430
vn 0.7721 0.5754 -0.2697
vn 0.5425 0.5988 -0.5892
vn 0.3337 0.5872 -0.7374
vn 0.5783 0.5948 -0.5584
vn 0.9155 0.3711 -0.1553
vn 0.6484 0.5114 -0.5640
vn 0.9624 0.1196 -0.2441
vn 0.5941 0.5028 -0.6279
vn 0.7001 0.4214 -0.5764
vn 0.4238 -0.4276 -0.7985
vn 0.9600 0.2623 0.0981
vn 0.9778 0.1260 -0.1674
vn 0.8861 -0.3741 -0.2736
vn 0.9590 0.0703 -0.2747
vn 0.9298 -0.2059 -0.3050
vn 0.0012 -0.6900 -0.7238
vn -0.7883 -0.5314 -0.3102
vn -0.6923 0.2819 0.6642
vn -0.6500 0.3959 0.6487
vn -0.7523 0.3976 0.5253
vn -0.5336 0.4452 0.7190
vn -0.0063 0.2132 0.9770
vn 0.4083 0.0764 0.9097
vn 0.0684 -0.3508 0.9339
vn -0.2405 0.3687 0.8979
vn 0.3326 -0.4494 0.8291
vn -0.9771 -0.0476 0.2074
vn -0.7671 0.0868 0.6356
vn -0.2713 -0.4800 -0.8343
vn -0.9044 -0.4246 0.0423
vn -0.9030 -0.2886 -0.3184
vn -0.6813 -0.6354 0.3635
vn -0.2203 -0.6855 0.6939
vn -0.4042 -0.6921 0.5980
vn -0.4580 -0.7254 0.5139
vn -0.8692 -0.4858 0.0922
vn 0.9734 -0.0687 -0.2188
vn 0.9252 -0.3365 -0.1756
vn 0.9573 -0.2521 0.1412
vn 0.7550 0.5723 -0.3200
vn 0.7504 0.5758 -0.3248
vn 0.4346 0.4707 -0.7678
vn 0.9111 0.4092 -0.0485
vn 0.5566 0.6083 -0.5658
vn 0.6581 0.6228 -0.4231
vn 0.8558 0.4263 -0.2929
vn 0.4828 -0.7254 -0.4906
vn -0.6287 0.4265 0.6502
vn 0.9030 -0.3919 0.1761
vn 0.6493 0.7349 -0.1959
vn 0.8139 0.5383 -0.2186
vn 0.8720 0.4864 -0.0547
vn 0.9693 0.2242 -0.1010
vn 0.9143 0.2662 -0.3052
vn 0.9835 0.1258 -0.1299
vn 0.9806 0.1423 -0.1349
vn 0.9178 -0.2298 -0.3239
vn 0.9204 -0.1251 -0.3704
vn 0.3715 -0.6974 -0.6129
vn -0.7023 0.0781 0.7076
vn -0.3976 0.4836 0.7797
vn -0.2785 0.3595 0.8906
vn -0.5919 0.2887 0.7525
vn -0.5116 0.3328 0.7921
vn 0.9312 0.3609 -0.0507
vn 0.2872 0.2398 0.9274
vn -0.6289 0.0310 0.7768
vn -0.6520 0.3630 0.6657
vn -0.6044 0.4501 0.6574
vn 0.8603 0.4210 -0.2877
vn -0.6473 0.3967 0.6509
vn -0.5941 0.4213 0.6853
vn -0.3005 0.5393 0.7867
vn 0.9645 0.0913 -0.2478
vn -0.4533 -0.8084 -0.3754
vn -0.2826 -0.9383 0.1992
vn -0.5190 -0.6319 -0.5757
vn 0.2358 -0.8336 -0.4996
vn -0.9525 -0.2241 -0.2063
vn 0.1771 -0.9758 -0.1284
vn -0.3212 -0.9270 -0.1935
vn 0.1048 -0.9574 -0.2690
vn 0.5115 -0.8585 -0.0372
vn 0.2273 -0.8666 0.4442
vn 0.3540 -0.9130 -0.2028
vn 0.1921 0.9198 -0.3421
vn 0.1977 0.9312 -0.3061
vn 0.9906 0.0767 0.1129
vn -0.2080 -0.8851 0.4164
vn 0.2836 -0.4002 0.8714
vn 0.1166 -0.9357 -0.3331
vn 0.3529 -0.9135 -0.2025
vn -0.1656 -0.9471 -0.2748
vn -0.9133 0.3527 0.2035
vn -0.9931 0.0993 -0.0617
vn -0.4940 -0.8639 -0.0982
vn -0.9525 -0.2626 0.1544
vn -0.2739 -0.7269 -0.6298
vn -0.9913 0.0174 -0.1304
vn -0.8723 -0.3559 -0.3352
vn -0.9472 -0.2796 -0.1571
vn -0.4627 -0.6044 -0.6486
vn -0.5958 -0.2309 -0.7692
vn -0.5643 -0.5525 -0.6134
vn -0.4306 -0.6992 -0.5707
vn -0.1528 -0.9259 -0.3454
vn 0.3209 -0.9174 -0.2352
vn 0.5798 -0.7833 -0.2243
vn 0.3083 -0.9265 -0.2156
vn -0.0057 -0.9696 -0.2448
vn -0.0448 -0.9790 -0.1989
vn 0.1923 -0.9007 -0.3896
vn 0.1244 -0.8749 -0.4680
vn 0.4294 -0.8872 -0.1686
vn -0.3381 -0.8309 -0.4419
vn -0.4376 -0.8286 -0.3492
vn 0.0117 -0.9978 -0.0660
vn -0.3524 -0.8895 -0.2909
vn -0.6598 -0.2305 -0.7152
vn -0.4811 -0.5256 -0.7016
vn -0.5621 -0.4538 -0.6915
vn -0.3407 -0.8966 -0.2829
vn 0.3555 -0.7891 -0.5009
vn -0.5776 -0.7948 -0.1861
vn 0.3145 -0.9207 -0.2311
vn 0.1518 -0.9325 -0.3277
vn 0.1203 -0.8997 -0.4195
vn 0.2632 -0.9623 -0.0689
vn 0.1714 -0.9393 -0.2973
vn -0.1309 -0.9623 -0.2383
vt 0.621487 0.608482
vt 0.577516 0.589319
vt 0.635613 0.584369
vt 0.244326 0.245289
vt 0.236705 0.220544
vt 0.262119 0.211463
vt 0.222399 0.201577
vt 0.584127 0.346990
vt 0.582149 0.352355
vt 0.567587 0.349855
vt 0.620027 0.352086
vt 0.723794 0.307396
vt 0.745505 0.355160
vt 0.693976 0.340736
vt 0.856395 0.322536
vt 0.874642 0.301662
vt 0.881407 0.319422
vt 0.208305 0.246092
vt 0.224164 0.243084
vt 0.360077 0.428674
vt 0.352523 0.413748
vt 0.373092 0.426082
vt 0.872842 0.624942
vt 0.879231 0.632522
vt 0.870200 0.625457
vt 0.467450 0.576631
vt 0.466568 0.580296
vt 0.462161 0.573162
vt 0.976880 0.411683
vt 0.981930 0.417540
vt 0.965476 0.426986
vt 0.472467 0.480160
vt 0.450830 0.492216
vt 0.456488 0.482148
vt 0.298102 0.025968
vt 0.322563 0.024205
vt 0.303509 0.031758
vt 0.950190 0.428807
vt 0.317951 0.019550
vt 0.983178 0.394840
vt 0.964690 0.391239
vt 0.925396 0.428919
vt 0.912463 0.414679
vt 0.116254 0.930404
vt 0.137636 0.932221
vt 0.120062 0.933457
vt 0.260899 0.251299
vt 0.925804 0.434069
vt 0.991967 0.959864
vt 0.962374 0.966985
vt 0.967675 0.952377
vt 0.985563 0.382206
vt 0.965569 0.374306
vt 0.983546 0.371256
vt 0.909843 0.432385
vt 0.899964 0.434848
vt 0.893461 0.425326
vt 0.901934 0.423515
vt 0.125672 0.935676
vt 0.138624 0.934308
vt 0.144103 0.933022
vt 0.982990 0.955334
vt 0.996947 0.955519
vt 0.854507 0.014459
vt 0.835848 0.023342
vt 0.844244 0.016162
vt 0.827215 0.034798
vt 0.837787 0.029503
vt 0.833693 0.020233
vt 0.977391 0.359295
vt 0.952394 0.323173
vt 0.962487 0.330996
vt 0.954639 0.361394
vt 0.891352 0.433769
vt 0.447480 0.558111
vt 0.467035 0.562365
vt 0.826129 0.023581
vt 0.883678 0.014528
vt 0.873758 0.008888
vt 0.916041 0.378309
vt 0.877568 0.432274
vt 0.884471 0.423775
vt 0.982015 0.059380
vt 0.990560 0.063211
vt 0.997151 0.070935
vt 0.970998 0.336839
vt 0.960139 0.311202
vt 0.967011 0.315104
vt 0.448233 0.502099
vt 0.437541 0.491168
vt 0.867410 0.426021
vt 0.932692 0.945537
vt 0.982375 0.969737
vt 0.889578 0.046835
vt 0.848832 0.057278
vt 0.994149 0.077727
vt 0.969064 0.060674
vt 0.976827 0.224880
vt 0.975217 0.239890
vt 0.964756 0.230232
vt 0.962782 0.265961
vt 0.946702 0.254461
vt 0.935975 0.307506
vt 0.955801 0.292606
vt 0.895375 0.410643
vt 0.222737 0.249010
vt 0.963224 0.976367
vt 0.951473 0.280986
vt 0.965151 0.285386
vt 0.972225 0.272751
vt 0.973517 0.258672
vt 0.969709 0.303617
vt 0.910112 0.341031
vt 0.886094 0.358365
vt 0.896125 0.385588
vt 0.854111 0.423788
vt 0.211351 0.459118
vt 0.206182 0.447390
vt 0.212754 0.451330
vt 0.281358 0.249575
vt 0.293455 0.201911
vt 0.250791 0.184505
vt 0.921741 0.950523
vt 0.926697 0.979007
vt 0.931565 0.985102
vt 0.866547 0.061221
vt 0.852575 0.066081
vt 0.981393 0.084495
vt 0.941062 0.227691
vt 0.899965 0.309919
vt 0.896659 0.345630
vt 0.875082 0.364703
vt 0.843207 0.417008
vt 0.855764 0.392609
vt 0.167393 0.923780
vt 0.172193 0.918385
vt 0.174767 0.920902
vt 0.203629 0.248875
vt 0.220637 0.252191
vt 0.245936 0.250912
vt 0.241354 0.254934
vt 0.884444 0.963173
vt 0.938126 0.069871
vt 0.185888 0.914218
vt 0.320636 0.213729
vt 0.290508 0.174808
vt 0.878292 0.933577
vt 0.893915 0.935903
vt 0.833683 0.066828
vt 0.839580 0.059678
vt 0.840109 0.070842
vt 0.911105 0.294233
vt 0.937735 0.273064
vt 0.838908 0.421362
vt 0.185523 0.186913
vt 0.182537 0.238464
vt 0.188186 0.242957
vt 0.264594 0.258798
vt 0.276361 0.258117
vt 0.881799 0.977532
vt 0.855676 0.071936
vt 0.864327 0.099544
vt 0.841374 0.077342
vt 0.897923 0.063679
vt 0.920897 0.066993
vt 0.903689 0.249080
vt 0.897772 0.282094
vt 0.825898 0.417773
vt 0.201266 0.910194
vt 0.198634 0.912721
vt 0.830757 0.828861
vt 0.823933 0.827116
vt 0.822080 0.820892
vt 0.827166 0.853833
vt 0.801690 0.830766
vt 0.813340 0.829952
vt 0.188980 0.246619
vt 0.962488 0.103079
vt 0.914794 0.229035
vt 0.900103 0.265333
vt 0.889489 0.311384
vt 0.888862 0.287411
vt 0.296970 0.502974
vt 0.265648 0.500985
vt 0.278961 0.493124
vt 0.826343 0.361788
vt 0.822960 0.413386
vt 0.294619 0.255603
vt 0.318100 0.235031
vt 0.796717 0.816757
vt 0.818222 0.811156
vt 0.838732 0.815766
vt 0.832440 0.833293
vt 0.795947 0.824792
vt 0.778330 0.825380
vt 0.759005 0.820374
vt 0.844569 0.942066
vt 0.785294 0.098629
vt 0.793901 0.093172
vt 0.925056 0.096957
vt 0.891766 0.275717
vt 0.815005 0.415446
vt 0.807780 0.412901
vt 0.261127 0.167025
vt 0.483037 0.594520
vt 0.523811 0.560168
vt 0.490458 0.609925
vt 0.765601 0.808069
vt 0.791893 0.806896
vt 0.179562 0.244524
vt 0.282925 0.261503
vt 0.298723 0.263623
vt 0.801954 0.928699
vt 0.869521 0.926328
vt 0.803278 0.961213
vt 0.892223 0.201376
vt 0.893160 0.226054
vt 0.878380 0.219128
vt 0.885044 0.267856
vt 0.876069 0.274954
vt 0.875357 0.257733
vt 0.864919 0.286920
vt 0.883706 0.293483
vt 0.835408 0.292220
vt 0.796498 0.403063
vt 0.234531 0.606091
vt 0.232137 0.591766
vt 0.251019 0.577995
vt 0.822884 0.862621
vt 0.811591 0.862902
vt 0.830654 0.867092
vt 0.319683 0.175229
vt 0.889474 0.253444
vt 0.200763 0.906883
vt 0.209112 0.900731
vt 0.230308 0.896939
vt 0.435768 0.535786
vt 0.460502 0.543539
vt 0.478398 0.574364
vt 0.733090 0.815134
vt 0.756484 0.814824
vt 0.813309 0.879444
vt 0.824160 0.892719
vt 0.833603 0.909042
vt 0.839567 0.915049
vt 0.824200 0.910332
vt 0.813334 0.944306
vt 0.834925 0.969023
vt 0.775029 0.115582
vt 0.880802 0.238660
vt 0.839483 0.221448
vt 0.856284 0.241770
vt 0.818202 0.313041
vt 0.790831 0.409018
vt 0.131067 0.222438
vt 0.146964 0.228992
vt 0.251147 0.502634
vt 0.239996 0.503102
vt 0.248090 0.498395
vt 0.699708 0.806215
vt 0.687235 0.801063
vt 0.700821 0.799892
vt 0.718003 0.801755
vt 0.747100 0.810643
vt 0.736192 0.805075
vt 0.764426 0.857618
vt 0.161489 0.240848
vt 0.805178 0.900059
vt 0.788047 0.900701
vt 0.787393 0.919395
vt 0.836338 0.917522
vt 0.807724 0.200356
vt 0.858337 0.185190
vt 0.844350 0.268600
vt 0.810334 0.265837
vt 0.899225 0.684636
vt 0.899959 0.698994
vt 0.893173 0.681615
vt 0.651132 0.874096
vt 0.653076 0.863419
vt 0.661019 0.867847
vt 0.684960 0.808306
vt 0.713019 0.809038
vt 0.725540 0.808269
vt 0.710929 0.813796
vt 0.742752 0.826157
vt 0.811604 0.895342
vt 0.803336 0.913332
vt 0.248628 0.517537
vt 0.256025 0.507746
vt 0.804503 0.284107
vt 0.778087 0.402740
vt 0.312336 0.263775
vt 0.689270 0.819122
vt 0.673241 0.812812
vt 0.791241 0.891678
vt 0.242153 0.507734
vt 0.857648 0.118545
vt 0.809830 0.126773
vt 0.817002 0.163000
vt 0.243118 0.495980
vt 0.174315 0.912218
vt 0.195839 0.426308
vt 0.209584 0.443756
vt 0.201494 0.437909
vt 0.675848 0.828993
vt 0.669544 0.841110
vt 0.665844 0.832563
vt 0.768087 0.942809
vt 0.823861 0.250918
vt 0.776531 0.304254
vt 0.775055 0.394238
vt 0.746133 0.397704
vt 0.770016 0.406481
vt 0.743969 0.401821
vt 0.484471 0.485960
vt 0.470360 0.495242
vt 0.452756 0.575076
vt 0.707696 0.845890
vt 0.721909 0.878365
vt 0.751134 0.951398
vt 0.766464 0.207179
vt 0.731788 0.919739
vt 0.713759 0.089395
vt 0.213460 0.992638
vt 0.206677 0.997676
vt 0.195311 0.992348
vt 0.766751 0.259659
vt 0.311524 0.159625
vt 0.676849 0.855249
vt 0.739028 0.891003
vt 0.744445 0.157796
vt 0.748028 0.217274
vt 0.761633 0.275683
vt 0.736121 0.389729
vt 0.721093 0.393327
vt 0.659987 0.853158
vt 0.712751 0.282673
vt 0.716206 0.389122
vt 0.676505 0.874746
vt 0.692867 0.931443
vt 0.669895 0.098079
vt 0.640956 0.067253
vt 0.743228 0.188945
vt 0.722546 0.263295
vt 0.718218 0.385983
vt 0.703513 0.382612
vt 0.706979 0.377101
vt 0.147449 0.239668
vt 0.142902 0.233614
vt 0.706493 0.768092
vt 0.705944 0.771819
vt 0.690476 0.774117
vt 0.316388 0.271862
vt 0.671923 0.882018
vt 0.698029 0.889241
vt 0.863873 0.615352
vt 0.845385 0.606382
vt 0.853617 0.601140
vt 0.357083 0.240838
vt 0.348871 0.902421
vt 0.366895 0.925183
vt 0.334809 0.926085
vt 0.669164 0.908876
vt 0.663128 0.943426
vt 0.218539 0.450808
vt 0.686530 0.156883
vt 0.694108 0.227000
vt 0.703946 0.246043
vt 0.356463 0.216747
vt 0.660427 0.896011
vt 0.705410 0.903811
vt 0.655226 0.901705
vt 0.716741 0.082710
vt 0.677770 0.380336
vt 0.691066 0.383926
vt 0.619561 0.929479
vt 0.623011 0.130437
vt 0.695093 0.174734
vt 0.652856 0.272462
vt 0.679452 0.374921
vt 0.630428 0.890365
vt 0.720350 0.952607
vt 0.690046 0.190608
vt 0.225845 0.486570
vt 0.220594 0.492809
vt 0.213001 0.485351
vt 0.665768 0.299668
vt 0.643549 0.363628
vt 0.595394 0.064698
vt 0.670945 0.254824
vt 0.638808 0.323478
vt 0.642184 0.372647
vt 0.646637 0.368899
vt 0.621527 0.902370
vt 0.602977 0.894915
vt 0.209100 0.469763
vt 0.221765 0.479715
vt 0.681765 0.207337
vt 0.566176 0.933317
vt 0.536908 0.042201
vt 0.592868 0.104271
vt 0.629990 0.162695
vt 0.644639 0.237537
vt 0.570210 0.898292
vt 0.616057 0.177517
vt 0.622464 0.362622
vt 0.471307 0.510252
vt 0.456320 0.526166
vt 0.442876 0.520653
vt 0.872398 0.649955
vt 0.876783 0.639632
vt 0.879973 0.661740
vt 0.547113 0.890398
vt 0.575662 0.892152
vt 0.582106 0.892892
vt 0.589131 0.048192
vt 0.605792 0.253776
vt 0.520416 0.892037
vt 0.550280 0.100967
vt 0.610760 0.190889
vt 0.617786 0.202564
vt 0.624539 0.217808
vt 0.608353 0.356688
vt 0.515573 0.910663
vt 0.882880 0.647846
vt 0.607716 0.240974
vt 0.610762 0.362946
vt 0.490035 0.886729
vt 0.457344 0.884936
vt 0.487915 0.884193
vt 0.552878 0.926877
vt 0.573023 0.144527
vt 0.574786 0.286003
vt 0.583155 0.330517
vt 0.582206 0.355861
vt 0.460486 0.891235
vt 0.447505 0.888633
vt 0.420967 0.889712
vt 0.479472 0.918847
vt 0.539896 0.125614
vt 0.541824 0.149117
vt 0.485121 0.494709
vt 0.486651 0.490733
vt 0.495064 0.495606
vt 0.500254 0.925545
vt 0.527936 0.156804
vt 0.879601 0.618273
vt 0.868328 0.617161
vt 0.527590 0.178259
vt 0.563118 0.339906
vt 0.576024 0.354940
vt 0.566882 0.198472
vt 0.534188 0.243423
vt 0.431266 0.904136
vt 0.456335 0.916393
vt 0.438148 0.022362
vt 0.489530 0.038911
vt 0.481482 0.066870
vt 0.578161 0.221763
vt 0.483266 0.465804
vt 0.500714 0.453851
vt 0.400263 0.899037
vt 0.396380 0.890415
vt 0.531800 0.168305
vt 0.546963 0.334694
vt 0.555422 0.341431
vt 0.377987 0.900074
vt 0.372165 0.896313
vt 0.474209 0.929391
vt 0.445690 0.926475
vt 0.501901 0.129228
vt 0.518994 0.274508
vt 0.528457 0.327180
vt 0.546324 0.341877
vt 0.533076 0.336173
vt 0.540216 0.222600
vt 0.501408 0.315954
vt 0.527892 0.332860
vt 0.458834 0.820737
vt 0.478663 0.813096
vt 0.473242 0.817425
vt 0.338580 0.177748
vt 0.386498 0.923274
vt 0.401223 0.923729
vt 0.424210 0.921592
vt 0.491394 0.025369
vt 0.536144 0.200956
vt 0.482075 0.815517
vt 0.450399 0.109358
vt 0.504096 0.322823
vt 0.497779 0.324969
vt 0.327961 0.910769
vt 0.325392 0.917652
vt 0.317029 0.914450
vt 0.134702 0.598773
vt 0.143609 0.595839
vt 0.157151 0.606477
vt 0.403264 0.017701
vt 0.419295 0.024479
vt 0.496365 0.502693
vt 0.504143 0.501345
vt 0.121890 0.567928
vt 0.138745 0.576992
vt 0.129111 0.578543
vt 0.477534 0.287883
vt 0.503968 0.806357
vt 0.505858 0.809064
vt 0.390057 0.931366
vt 0.369887 0.025385
vt 0.386210 0.030238
vt 0.427177 0.066288
vt 0.500556 0.197562
vt 0.286299 0.929541
vt 0.289797 0.923257
vt 0.351539 0.938443
vt 0.418928 0.013343
vt 0.451909 0.017003
vt 0.421115 0.116184
vt 0.124356 0.850336
vt 0.131137 0.901744
vt 0.122126 0.878988
vt 0.476883 0.172614
vt 0.481669 0.312998
vt 0.408312 0.096737
vt 0.497150 0.211761
vt 0.461431 0.220954
vt 0.474412 0.320133
vt 0.207636 0.949876
vt 0.215562 0.956492
vt 0.191076 0.961403
vt 0.225841 0.946957
vt 0.246446 0.948915
vt 0.261492 0.935736
vt 0.267573 0.939915
vt 0.300187 0.943201
vt 0.313406 0.950170
vt 0.144630 0.592496
vt 0.398706 0.062505
vt 0.428558 0.129014
vt 0.425770 0.143181
vt 0.449726 0.297942
vt 0.461473 0.313921
vt 0.526802 0.802401
vt 0.542373 0.797793
vt 0.545627 0.800201
vt 0.191320 0.952464
vt 0.438451 0.252344
vt 0.217765 0.973926
vt 0.192101 0.972510
vt 0.251819 0.964883
vt 0.341063 0.037936
vt 0.283585 0.050284
vt 0.356953 0.024232
vt 0.370978 0.939186
vt 0.420199 0.156188
vt 0.447064 0.191220
vt 0.441225 0.304828
vt 0.567712 0.794035
vt 0.276486 0.144214
vt 0.247760 0.156047
vt 0.171558 0.100111
vt 0.164150 0.096584
vt 0.171604 0.095567
vt 0.254499 0.968681
vt 0.341171 0.077621
vt 0.375183 0.084679
vt 0.413770 0.171992
vt 0.418459 0.298945
vt 0.441161 0.311434
vt 0.207767 0.149050
vt 0.179650 0.982238
vt 0.192754 0.983994
vt 0.167690 0.991036
vt 0.220509 0.979581
vt 0.287623 0.963377
vt 0.434687 0.198870
vt 0.427556 0.304405
vt 0.182784 0.086901
vt 0.181225 0.084735
vt 0.192600 0.079320
vt 0.166915 0.980741
vt 0.171659 0.972448
vt 0.193052 0.085650
vt 0.213431 0.077546
vt 0.237144 0.978109
vt 0.234126 0.066029
vt 0.253228 0.065105
vt 0.376035 0.474444
vt 0.374452 0.484835
vt 0.367109 0.475686
vt 0.398399 0.295829
vt 0.147444 0.183281
vt 0.136230 0.993440
vt 0.105717 0.995767
vt 0.119822 0.988957
vt 0.159865 0.994106
vt 0.158106 0.988841
vt 0.157142 0.976985
vt 0.181162 0.102379
vt 0.172812 0.113219
vt 0.211068 0.093953
vt 0.211266 0.084879
vt 0.372935 0.103679
vt 0.390581 0.287107
vt 0.402571 0.297889
vt 0.586304 0.793159
vt 0.609615 0.785899
vt 0.601321 0.790747
vt 0.170796 0.091409
vt 0.275816 0.089215
vt 0.283330 0.077814
vt 0.293833 0.054237
vt 0.325281 0.269402
vt 0.184865 0.096160
vt 0.280908 0.101407
vt 0.333583 0.093698
vt 0.389438 0.124161
vt 0.361322 0.117183
vt 0.391379 0.154460
vt 0.388122 0.181327
vt 0.400295 0.204038
vt 0.607294 0.791654
vt 0.151544 0.113466
vt 0.152114 0.131643
vt 0.169827 0.127753
vt 0.221722 0.122592
vt 0.327979 0.106621
vt 0.402722 0.141553
vt 0.365808 0.138957
vt 0.627750 0.784166
vt 0.622746 0.788669
vt 0.363705 0.191872
vt 0.143273 0.133959
vt 0.269613 0.126537
vt 0.335059 0.122166
vt 0.372331 0.159075
vt 0.380246 0.253221
vt 0.368390 0.284919
vt 0.309639 0.125382
vt 0.309359 0.143294
vt 0.165014 0.140344
vt 0.227451 0.136650
vt 0.346663 0.141272
vt 0.361879 0.172706
vt 0.638845 0.786142
vt 0.642566 0.781514
vt 0.651930 0.782617
vt 0.143452 0.153095
vt 0.145865 0.157807
vt 0.222542 0.473367
vt 0.343057 0.155363
vt 0.347373 0.272101
vt 0.354003 0.280687
vt 0.126561 0.218613
vt 0.137130 0.185318
vt 0.125085 0.199246
vt 0.133774 0.229045
vt 0.134397 0.234782
vt 0.121014 0.170918
vt 0.133935 0.153755
vt 0.123274 0.174201
vt 0.335138 0.277889
vt 0.659242 0.776585
vt 0.667819 0.776797
vt 0.108006 0.198569
vt 0.118915 0.208363
vt 0.112089 0.215608
vt 0.108988 0.219063
vt 0.102626 0.201486
vt 0.115876 0.223343
vt 0.101325 0.207737
vt 0.124764 0.231057
vt 0.543852 0.613994
vt 0.289001 0.031221
vt 0.042405 0.779016
vt 0.048790 0.787751
vt 0.044619 0.797990
vt 0.193139 0.412958
vt 0.210521 0.428451
vt 0.845015 0.568548
vt 0.849710 0.566648
vt 0.867296 0.577351
vt 0.789170 0.761723
vt 0.787812 0.756682
vt 0.809620 0.758080
vt 0.869297 0.005592
vt 0.731002 0.768530
vt 0.579803 0.511014
vt 0.541286 0.510452
vt 0.560069 0.501515
vt 0.518430 0.510603
vt 0.491477 0.517364
vt 0.492996 0.482122
vt 0.422566 0.458991
vt 0.417262 0.460207
vt 0.421749 0.455213
vt 0.365048 0.487401
vt 0.372859 0.493420
vt 0.362879 0.497380
vt 0.356424 0.487168
vt 0.358661 0.469043
vt 0.884617 0.670335
vt 0.887157 0.654202
vt 0.188355 0.492135
vt 0.179914 0.494519
vt 0.174359 0.478639
vt 0.662537 0.600447
vt 0.667464 0.580254
vt 0.824902 0.754400
vt 0.828934 0.758570
vt 0.829937 0.556603
vt 0.397212 0.433819
vt 0.383207 0.418227
vt 0.410070 0.430560
vt 0.469786 0.589044
vt 0.458951 0.588131
vt 0.466612 0.598707
vt 0.473706 0.646498
vt 0.501476 0.653039
vt 0.420816 0.662381
vt 0.430087 0.677396
vt 0.500275 0.665260
vt 0.567249 0.765055
vt 0.517016 0.782344
vt 0.535494 0.743348
vt 0.254254 0.583841
vt 0.247051 0.615138
vt 0.259353 0.572572
vt 0.251995 0.564763
vt 0.169874 0.452527
vt 0.145180 0.457142
vt 0.172375 0.438139
vt 0.143142 0.572594
vt 0.136781 0.566404
vt 0.207528 0.543170
vt 0.160781 0.541258
vt 0.191694 0.539114
vt 0.178537 0.551384
vt 0.181083 0.558071
vt 0.166223 0.554351
vt 0.192078 0.571598
vt 0.190496 0.575336
vt 0.182101 0.568193
vt 0.175966 0.600700
vt 0.148843 0.584817
vt 0.171648 0.590410
vt 0.121382 0.559807
vt 0.101984 0.559053
vt 0.100986 0.550654
vt 0.159241 0.601631
vt 0.862867 0.428726
vt 0.460839 0.617460
vt 0.363784 0.575625
vt 0.386099 0.611829
vt 0.397688 0.625430
vt 0.339635 0.663993
vt 0.444479 0.639757
vt 0.359300 0.683534
vt 0.467525 0.799422
vt 0.429979 0.791032
vt 0.501060 0.790639
vt 0.492175 0.797532
vt 0.481049 0.803419
vt 0.450260 0.811036
vt 0.184979 0.900994
vt 0.170945 0.906169
vt 0.140590 0.922634
vt 0.155246 0.923434
vt 0.137207 0.928682
vt 0.224093 0.892061
vt 0.177632 0.897611
vt 0.141594 0.915511
vt 0.098607 0.924749
vt 0.131654 0.920932
vt 0.076738 0.916591
vt 0.100932 0.918537
vt 0.065798 0.920888
vt 0.060197 0.912451
vt 0.223960 0.885700
vt 0.148052 0.902079
vt 0.135979 0.910267
vt 0.126959 0.913250
vt 0.117724 0.916028
vt 0.094161 0.928621
vt 0.076882 0.923379
vt 0.074908 0.925692
vt 0.057184 0.914822
vt 0.246145 0.889659
vt 0.224841 0.878030
vt 0.065807 0.909690
vt 0.392092 0.444938
vt 0.380976 0.441956
vt 0.231614 0.859655
vt 0.134127 0.869328
vt 0.095381 0.910218
vt 0.067798 0.900376
vt 0.055099 0.905020
vt 0.276751 0.860251
vt 0.063658 0.868232
vt 0.052078 0.893103
vt 0.049408 0.894011
vt 0.204612 0.841196
vt 0.113609 0.546643
vt 0.143589 0.554222
vt 0.167098 0.562719
vt 0.270222 0.880715
vt 0.296628 0.870105
vt 0.272357 0.882653
vt 0.285487 0.868942
vt 0.050537 0.838527
vt 0.043364 0.846721
vt 0.044454 0.839801
vt 0.288994 0.862400
vt 0.313701 0.837230
vt 0.314612 0.847315
vt 0.141820 0.835374
vt 0.045365 0.887656
vt 0.984214 0.343931
vt 0.986378 0.352967
vt 0.979465 0.343647
vt 0.046835 0.833241
vt 0.331981 0.862235
vt 0.330931 0.858096
vt 0.143829 0.820200
vt 0.974950 0.321842
vt 0.108976 0.833865
vt 0.069246 0.833371
vt 0.045884 0.817959
vt 0.980488 0.324380
vt 0.130356 0.829473
vt 0.125751 0.825181
vt 0.052285 0.814922
vt 0.350549 0.844432
vt 0.361499 0.849829
vt 0.358927 0.828532
vt 0.128212 0.792336
vt 0.048448 0.803854
vt 0.303406 0.809406
vt 0.067509 0.797070
vt 0.052974 0.795212
vt 0.253411 0.796743
vt 0.060763 0.784465
vt 0.041396 0.765906
vt 0.045686 0.769846
vt 0.376571 0.836184
vt 0.379116 0.840634
vt 0.372888 0.828626
vt 0.148912 0.797930
vt 0.058239 0.772818
vt 0.048796 0.750584
vt 0.037348 0.750488
vt 0.117663 0.796761
vt 0.061951 0.762592
vt 0.039109 0.734050
vt 0.031696 0.740728
vt 0.032240 0.722966
vt 0.402209 0.833227
vt 0.401095 0.830289
vt 0.391263 0.817859
vt 0.398000 0.825987
vt 0.360473 0.804586
vt 0.030433 0.700600
vt 0.050572 0.727578
vt 0.029604 0.730845
vt 0.026347 0.705112
vt 0.425724 0.821175
vt 0.419803 0.827780
vt 0.271208 0.760240
vt 0.150411 0.782236
vt 0.112825 0.779279
vt 0.057053 0.747211
vt 0.414075 0.814413
vt 0.359995 0.442501
vt 0.374263 0.445021
vt 0.369375 0.457970
vt 0.123951 0.792879
vt 0.120471 0.776401
vt 0.111679 0.761100
vt 0.041071 0.702570
vt 0.008784 0.668788
vt 0.020042 0.694853
vt 0.882605 0.753328
vt 0.871870 0.757052
vt 0.877764 0.749366
vt 0.438270 0.821685
vt 0.458789 0.815247
vt 0.431838 0.807186
vt 0.108378 0.744141
vt 0.103741 0.723880
vt 0.016748 0.652811
vt 0.007800 0.648304
vt 0.028950 0.645864
vt 0.027789 0.653140
vt 0.274647 0.514398
vt 0.145439 0.767970
vt 0.127285 0.780821
vt 0.014767 0.638282
vt 0.018744 0.642271
vt 0.023516 0.631299
vt 0.480328 0.808123
vt 0.320076 0.778185
vt 0.084448 0.683185
vt 0.032013 0.675319
vt 0.034024 0.640269
vt 0.048212 0.612459
vt 0.609326 0.473815
vt 0.649330 0.477930
vt 0.605951 0.479910
vt 0.839292 0.811044
vt 0.210055 0.762442
vt 0.200831 0.751557
vt 0.127833 0.770929
vt 0.114097 0.743914
vt 0.047863 0.627593
vt 0.024776 0.627918
vt 0.054014 0.987677
vt 0.017418 0.982621
vt 0.052364 0.983262
vt 0.013614 0.991541
vt 0.720152 0.523278
vt 0.703823 0.524253
vt 0.703873 0.518741
vt 0.135658 0.974766
vt 0.168234 0.965268
vt 0.119689 0.764304
vt 0.068047 0.646438
vt 0.670626 0.512379
vt 0.653587 0.509556
vt 0.652684 0.504378
vt 0.338857 0.016293
vt 0.657522 0.486451
vt 0.633812 0.487050
vt 0.139685 0.983165
vt 0.527816 0.795677
vt 0.507704 0.803634
vt 0.130547 0.756725
vt 0.081215 0.661339
vt 0.047198 0.644706
vt 0.062701 0.618512
vt 0.072806 0.636809
vt 0.035708 0.583985
vt 0.068161 0.572724
vt 0.055369 0.581375
vt 0.602604 0.508305
vt 0.607861 0.520467
vt 0.058233 0.606617
vt 0.584175 0.475585
vt 0.601107 0.472758
vt 0.529589 0.787609
vt 0.378854 0.763575
vt 0.179279 0.745284
vt 0.120586 0.752718
vt 0.119404 0.739276
vt 0.112516 0.716209
vt 0.173470 0.703289
vt 0.083618 0.650015
vt 0.095896 0.682178
vt 0.077140 0.642217
vt 0.069830 0.641480
vt 0.164055 0.467558
vt 0.141343 0.468040
vt 0.169091 0.425468
vt 0.118950 0.434504
vt 0.126919 0.420734
vt 0.119301 0.446513
vt 0.562754 0.550407
vt 0.542675 0.536160
vt 0.541243 0.520578
vt 0.341176 0.749821
vt 0.283707 0.737920
vt 0.258692 0.732492
vt 0.177547 0.730912
vt 0.106345 0.606849
vt 0.112585 0.612421
vt 0.089421 0.599759
vt 0.090495 0.580666
vt 0.052699 0.591304
vt 0.174266 0.425360
vt 0.148734 0.437816
vt 0.584116 0.504346
vt 0.622129 0.502132
vt 0.635061 0.508108
vt 0.576141 0.474113
vt 0.535873 0.477307
vt 0.511200 0.475437
vt 0.519904 0.472721
vt 0.120109 0.981145
vt 0.112492 0.974562
vt 0.673555 0.483629
vt 0.682300 0.480040
vt 0.683177 0.478376
vt 0.466675 0.754280
vt 0.845525 0.816936
vt 0.839977 0.806772
vt 0.610555 0.550494
vt 0.081328 0.986250
vt 0.585281 0.496154
vt 0.557404 0.494286
vt 0.004264 0.988047
vt 0.013992 0.984635
vt 0.866738 0.754507
vt 0.560024 0.788160
vt 0.539101 0.796103
vt 0.433037 0.738545
vt 0.185382 0.715499
vt 0.174958 0.683988
vt 0.136152 0.650603
vt 0.108397 0.620467
vt 0.096209 0.635994
vt 0.123425 0.597952
vt 0.092160 0.564917
vt 0.538005 0.524995
vt 0.108446 0.454754
vt 0.172402 0.465222
vt 0.174829 0.433989
vt 0.154486 0.408366
vt 0.127941 0.413110
vt 0.134520 0.404850
vt 0.176218 0.413805
vt 0.186512 0.388137
vt 0.180034 0.408428
vt 0.488842 0.500170
vt 0.483313 0.549125
vt 0.081359 0.981032
vt 0.082559 0.990346
vt 0.860565 0.746791
vt 0.887264 0.739543
vt 0.859208 0.757604
vt 0.846004 0.752023
vt 0.250512 0.719107
vt 0.134452 0.594378
vt 0.117311 0.583794
vt 0.100607 0.525516
vt 0.081264 0.519360
vt 0.084312 0.514338
vt 0.152821 0.402588
vt 0.173400 0.419309
vt 0.823098 0.799229
vt 0.816399 0.792944
vt 0.829852 0.796406
vt 0.836147 0.806479
vt 0.472108 0.576721
vt 0.472214 0.582846
vt 0.566927 0.483542
vt 0.586903 0.784623
vt 0.561915 0.790936
vt 0.604852 0.777238
vt 0.538277 0.780257
vt 0.385581 0.723334
vt 0.243731 0.697586
vt 0.065900 0.529816
vt 0.061837 0.518677
vt 0.071794 0.507945
vt 0.069722 0.498902
vt 0.083758 0.501830
vt 0.074670 0.493478
vt 0.097323 0.492648
vt 0.146127 0.397249
vt 0.534263 0.501598
vt 0.534859 0.517545
vt 0.512710 0.466323
vt 0.875154 0.728184
vt 0.883098 0.736300
vt 0.855257 0.742452
vt 0.805401 0.749614
vt 0.738792 0.758921
vt 0.767952 0.759962
vt 0.750911 0.762953
vt 0.592905 0.767030
vt 0.605078 0.771654
vt 0.241086 0.682906
vt 0.134911 0.605692
vt 0.201717 0.580572
vt 0.504862 0.459935
vt 0.109620 0.542077
vt 0.103696 0.542571
vt 0.097342 0.539863
vt 0.081491 0.536140
vt 0.097377 0.511834
vt 0.113308 0.523756
vt 0.104921 0.500566
vt 0.179978 0.501561
vt 0.177539 0.509135
vt 0.176043 0.490070
vt 0.184351 0.512716
vt 0.185104 0.522043
vt 0.183591 0.518332
vt 0.184086 0.523780
vt 0.179144 0.565109
vt 0.162910 0.389453
vt 0.163204 0.401680
vt 0.177161 0.389108
vt 0.078549 0.976833
vt 0.903636 0.703768
vt 0.907358 0.686189
vt 0.046927 0.982258
vt 0.886176 0.729272
vt 0.895175 0.726353
vt 0.853637 0.733619
vt 0.744396 0.756131
vt 0.614929 0.781401
vt 0.620201 0.775966
vt 0.642782 0.776967
vt 0.190893 0.615913
vt 0.214890 0.617130
vt 0.214063 0.627836
vt 0.203189 0.586485
vt 0.601189 0.498020
vt 0.181316 0.528231
vt 0.163739 0.523522
vt 0.174343 0.518550
vt 0.169673 0.547442
vt 0.109993 0.544650
vt 0.434330 0.462238
vt 0.426481 0.456530
vt 0.436038 0.448603
vt 0.171627 0.503597
vt 0.590856 0.484282
vt 0.609802 0.485840
vt 0.181489 0.523285
vt 0.159671 0.509773
vt 0.543431 0.475408
vt 0.901275 0.632006
vt 0.909679 0.640316
vt 0.906231 0.645240
vt 0.908487 0.654708
vt 0.911381 0.679380
vt 0.905371 0.678838
vt 0.911787 0.664929
vt 0.049374 0.979383
vt 0.894126 0.718844
vt 0.878581 0.705833
vt 0.780050 0.744713
vt 0.745148 0.750801
vt 0.706938 0.764369
vt 0.704519 0.761306
vt 0.671406 0.768582
vt 0.650768 0.771927
vt 0.348057 0.713954
vt 0.210890 0.660191
vt 0.185481 0.585013
vt 0.206908 0.586462
vt 0.208577 0.588783
vt 0.143792 0.511678
vt 0.171721 0.531661
vt 0.167018 0.534980
vt 0.166418 0.534442
vt 0.142625 0.527313
vt 0.119281 0.542005
vt 0.124317 0.530940
vt 0.131719 0.517263
vt 0.123422 0.520009
vt 0.127283 0.499937
vt 0.146371 0.502046
vt 0.533939 0.487266
vt 0.173167 0.464661
vt 0.175024 0.441500
vt 0.180539 0.442727
vt 0.895579 0.615063
vt 0.901549 0.618535
vt 0.898066 0.642945
vt 0.903637 0.653615
vt 0.902166 0.666560
vt 0.504875 0.504955
vt 0.886764 0.708151
vt 0.862766 0.717133
vt 0.811310 0.721765
vt 0.705525 0.752511
vt 0.687364 0.762747
vt 0.666823 0.773055
vt 0.649326 0.757205
vt 0.622745 0.762787
vt 0.616626 0.737939
vt 0.187103 0.627200
vt 0.186969 0.429142
vt 0.203293 0.409235
vt 0.240836 0.392224
vt 0.224630 0.423037
vt 0.219919 0.403356
vt 0.720320 0.781771
vt 0.689577 0.782492
vt 0.711460 0.779223
vt 0.302972 0.359494
vt 0.317259 0.356922
vt 0.309196 0.361814
vt 0.010425 0.995929
vt 0.045507 0.993660
vt 0.877642 0.609516
vt 0.890367 0.616845
vt 0.894775 0.652884
vt 0.899282 0.666498
vt 0.870398 0.699841
vt 0.737713 0.746464
vt 0.761176 0.727505
vt 0.683133 0.743731
vt 0.687334 0.754311
vt 0.664589 0.761181
vt 0.318529 0.703610
vt 0.203394 0.444425
vt 0.181178 0.616363
vt 0.198323 0.626647
vt 0.195500 0.610179
vt 0.213484 0.602776
vt 0.435523 0.479728
vt 0.433539 0.481133
vt 0.642479 0.556102
vt 0.179501 0.543148
vt 0.194948 0.443681
vt 0.201403 0.398062
vt 0.188650 0.403603
vt 0.205150 0.384629
vt 0.745020 0.780698
vt 0.757683 0.781748
vt 0.739249 0.782844
vt 0.285878 0.367615
vt 0.280863 0.365622
vt 0.885154 0.608020
vt 0.883048 0.680254
vt 0.502706 0.716304
vt 0.250811 0.706524
vt 0.288720 0.691343
vt 0.232347 0.621187
vt 0.230805 0.637455
vt 0.176523 0.607023
vt 0.205297 0.571303
vt 0.218205 0.594543
vt 0.115824 0.177423
vt 0.203160 0.488674
vt 0.226984 0.390442
vt 0.241976 0.377908
vt 0.219772 0.380246
vt 0.227043 0.377242
vt 0.255987 0.373646
vt 0.266782 0.367454
vt 0.248884 0.378763
vt 0.313693 0.371756
vt 0.285992 0.376183
vt 0.332726 0.379395
vt 0.876336 0.597010
vt 0.883503 0.595122
vt 0.887066 0.604223
vt 0.864264 0.633492
vt 0.880357 0.687695
vt 0.872596 0.682386
vt 0.878023 0.674168
vt 0.877590 0.694251
vt 0.823332 0.704800
vt 0.839784 0.695742
vt 0.800230 0.702473
vt 0.250292 0.660928
vt 0.214477 0.639790
vt 0.226170 0.575002
vt 0.217255 0.538432
vt 0.194798 0.504920
vt 0.184016 0.504982
vt 0.221210 0.464159
vt 0.213507 0.441870
vt 0.181844 0.415031
vt 0.211696 0.433112
vt 0.259018 0.381607
vt 0.323240 0.360374
vt 0.337797 0.379378
vt 0.341970 0.380420
vt 0.864436 0.608493
vt 0.812107 0.603915
vt 0.812675 0.614006
vt 0.741072 0.704249
vt 0.689034 0.715132
vt 0.457536 0.691391
vt 0.374358 0.697393
vt 0.270727 0.665767
vt 0.219590 0.604524
vt 0.223409 0.524424
vt 0.226005 0.551027
vt 0.217721 0.504672
vt 0.212864 0.515936
vt 0.212581 0.498670
vt 0.235805 0.497632
vt 0.231746 0.504147
vt 0.380898 0.515266
vt 0.371011 0.524584
vt 0.373114 0.513593
vt 0.272322 0.404593
vt 0.324305 0.398135
vt 0.869579 0.585052
vt 0.863523 0.588809
vt 0.839942 0.591699
vt 0.838857 0.597964
vt 0.848811 0.651779
vt 0.570215 0.723934
vt 0.171017 0.608533
vt 0.245927 0.637736
vt 0.666343 0.519896
vt 0.259872 0.563894
vt 0.265420 0.563691
vt 0.113173 0.224407
vt 0.259247 0.533635
vt 0.233876 0.514418
vt 0.230303 0.487289
vt 0.233780 0.479263
vt 0.345310 0.396273
vt 0.327284 0.384105
vt 0.844948 0.578098
vt 0.826330 0.685199
vt 0.708058 0.705663
vt 0.286351 0.549568
vt 0.263999 0.555648
vt 0.270275 0.543297
vt 0.393602 0.523787
vt 0.421428 0.522159
vt 0.229107 0.493017
vt 0.237951 0.463288
vt 0.359187 0.410867
vt 0.358650 0.405559
vt 0.854236 0.615952
vt 0.851766 0.623110
vt 0.648535 0.718407
vt 0.337555 0.672948
vt 0.337117 0.650293
vt 0.300616 0.640473
vt 0.264526 0.627230
vt 0.254901 0.606772
vt 0.256867 0.544882
vt 0.273197 0.587031
vt 0.261484 0.583148
vt 0.271472 0.575944
vt 0.262017 0.575015
vt 0.285209 0.541879
vt 0.267622 0.525168
vt 0.259572 0.522670
vt 0.285038 0.470624
vt 0.275401 0.444485
vt 0.818582 0.562843
vt 0.763947 0.532808
vt 0.811864 0.574669
vt 0.761811 0.647492
vt 0.794689 0.629837
vt 0.785117 0.656142
vt 0.747765 0.668719
vt 0.612697 0.690913
vt 0.551906 0.699045
vt 0.288461 0.604831
vt 0.281757 0.520323
vt 0.276024 0.529214
vt 0.827130 0.588360
vt 0.691951 0.674608
vt 0.717514 0.668116
vt 0.674313 0.680675
vt 0.297497 0.552148
vt 0.312939 0.475246
vt 0.424915 0.458456
vt 0.425367 0.458933
vt 0.425033 0.458828
vt 0.796014 0.533899
vt 0.819039 0.548454
vt 0.787828 0.538275
vt 0.772654 0.601019
vt 0.817173 0.587752
vt 0.310157 0.541974
vt 0.286586 0.535862
vt 0.423018 0.461123
vt 0.424821 0.458307
vt 0.425301 0.459531
vt 0.641720 0.515512
vt 0.781290 0.525762
vt 0.770161 0.586998
vt 0.796255 0.572986
vt 0.764512 0.622234
vt 0.649220 0.681768
vt 0.325731 0.502489
vt 0.749924 0.637476
vt 0.551842 0.679723
vt 0.311667 0.535585
vt 0.348202 0.469049
vt 0.419068 0.446337
vt 0.397997 0.457208
vt 0.382907 0.457126
vt 0.426404 0.462184
vt 0.425769 0.460821
vt 0.749791 0.539957
vt 0.331521 0.485095
vt 0.425563 0.462264
vt 0.407798 0.455102
vt 0.404049 0.462857
vt 0.752768 0.513320
vt 0.754137 0.508176
vt 0.752434 0.553752
vt 0.547269 0.668300
vt 0.328701 0.541277
vt 0.355231 0.462262
vt 0.421726 0.466099
vt 0.424269 0.456402
vt 0.424538 0.457475
vt 0.725974 0.501635
vt 0.725592 0.607141
vt 0.732418 0.625417
vt 0.715481 0.649645
vt 0.681896 0.655661
vt 0.654394 0.658979
vt 0.627924 0.662414
vt 0.328665 0.533838
vt 0.739077 0.499329
vt 0.713786 0.578850
vt 0.726519 0.595122
vt 0.148561 0.108362
vt 0.439128 0.445357
vt 0.419205 0.441672
vt 0.715032 0.504351
vt 0.697933 0.494119
vt 0.708759 0.632927
vt 0.348021 0.538047
vt 0.346194 0.525888
vt 0.373255 0.465793
vt 0.701279 0.483179
vt 0.712825 0.488426
vt 0.714182 0.546748
vt 0.682565 0.635271
vt 0.658303 0.644202
vt 0.607505 0.645464
vt 0.617802 0.470438
vt 0.387193 0.464077
vt 0.423983 0.430555
vt 0.449520 0.413768
vt 0.470678 0.433791
vt 0.694876 0.601377
vt 0.699485 0.621284
vt 0.516710 0.638425
vt 0.384426 0.487594
vt 0.430667 0.475429
vt 0.430626 0.469782
vt 0.430960 0.476308
vt 0.405346 0.487921
vt 0.407183 0.477124
vt 0.696930 0.524806
vt 0.663932 0.630457
vt 0.618379 0.636149
vt 0.499101 0.624702
vt 0.382329 0.503871
vt 0.390451 0.516764
vt 0.444639 0.472715
vt 0.405304 0.470358
vt 0.679159 0.510875
vt 0.663091 0.616215
vt 0.634122 0.624784
vt 0.596308 0.629668
vt 0.393705 0.531395
vt 0.400104 0.500290
vt 0.475528 0.455331
vt 0.493463 0.442442
vt 0.726074 0.536064
vt 0.550241 0.626805
vt 0.414492 0.508795
vt 0.431711 0.476792
vt 0.459083 0.465515
vt 0.486853 0.426491
vt 0.644851 0.868614
vt 0.642778 0.875764
vt 0.644796 0.881941
vt 0.619015 0.892572
vt 0.337797 0.906160
vt 0.220400 0.945437
vt 0.831281 0.766199
vt 0.818023 0.762476
vt 0.861623 0.761368
vt 0.850737 0.765046
vt 0.817547 0.766264
vt 0.806900 0.767499
vt 0.784417 0.765153
vt 0.780051 0.766614
vt 0.767453 0.766536
vt 0.438640 0.828399
vt 0.443887 0.823300
vt 0.429438 0.829169
vt 0.097532 0.931666
vt 0.322675 0.028195
vt 0.982722 0.357396
vt 0.877683 0.002706
vt 0.875903 0.002089
vt 0.852175 0.918150
vt 0.083922 0.564591
vt 0.098852 0.553502
vt 0.836160 0.857269
vt 0.845717 0.823908
vt 0.795535 0.801918
vt 0.760791 0.801622
vt 0.427179 0.465560
vt 0.428991 0.470333
vt 0.433904 0.512757
vt 0.788105 0.796983
vt 0.004655 0.654322
vt 0.975125 0.304665
vt 0.042697 0.873129
vt 0.041436 0.857112
vt 0.354841 0.854697
vt 0.582891 0.787922
vt 0.631263 0.780878
vt 0.651822 0.776534
vt 0.679637 0.772340
vt 0.731559 0.764355
vt 0.767837 0.516728
vt 0.536739 0.475077
vt 0.177610 0.421568
vt 0.211502 0.531920
vt 0.634591 0.885388
vt 0.268200 0.930288
vt 0.902405 0.712920
vt 0.978311 0.242235
vt 0.979592 0.234941
vt 0.982250 0.226706
vt 0.086034 0.560808
vt 0.114596 0.444066
vt 0.213343 0.535764
vt 0.812321 0.085754
vt 0.951432 0.103153
vt 0.957144 0.105899
vt 0.899852 0.237455
vt 0.862146 0.975419
vt 0.752280 0.823492
vt 0.777707 0.092183
vt 0.753841 0.088673
vt 0.780007 0.913878
vt 0.740633 0.896257
vt 0.742220 0.959678
vt 0.624225 0.057580
vt 0.653552 0.063432
vt 0.639962 0.945132
vt 0.526254 0.032168
vt 0.522044 0.933375
vt 0.425023 0.930895
vt 0.386166 0.016823
vt 0.197871 0.985597
vt 0.208327 0.073099
vt 0.184940 0.987709
vt 0.102447 0.590368
vt 0.099154 0.701331
vt 0.081495 0.636454
vt 0.776949 0.560131
vt 0.129764 0.469889
vt 0.070195 0.992661
vt 0.128373 0.148315
vt 0.044578 0.997295
vt 0.088225 0.998102
vt 0.136048 0.121146
vt 0.137147 0.134876
vt 0.131632 0.137445
vt 0.447081 0.457096
vt 0.504985 0.454175
vt 0.632312 0.884306
vt 0.638305 0.880572
vt 0.522119 0.472650
vt 0.553051 0.890154
vt 0.531757 0.889090
vt 0.506471 0.886730
vt 0.610732 0.470604
vt 0.646210 0.472687
vt 0.662418 0.474584
vt 0.415844 0.887761
vt 0.382532 0.894173
vt 0.351781 0.900012
vt 0.748260 0.503461
vt 0.763547 0.513264
vt 0.308349 0.916788
vt 0.285133 0.923437
vt 0.239670 0.939878
vt 0.859505 0.571573
vt 0.199621 0.950192
vt 0.875472 0.581898
vt 0.173447 0.959989
vt 0.158478 0.965093
vt 0.892634 0.604959
vt 0.137913 0.969389
vt 0.115177 0.972268
vt 0.912984 0.642436
vt 0.893882 0.739509
vt 0.890349 0.743700
vt 0.888039 0.748456
vt 0.420210 0.831523
vt 0.395123 0.838634
vt 0.373023 0.847190
vt 0.344521 0.860279
vt 0.310755 0.868188
vt 0.294547 0.876372
vt 0.272329 0.884688
vt 0.248946 0.893453
vt 0.233239 0.899283
vt 0.215962 0.906960
vt 0.157666 0.924841
vt 0.270648 0.029195
vt 0.276927 0.031808
vt 0.291017 0.035565
vt 0.299319 0.036748
vt 0.048038 0.902144
vt 0.042101 0.883426
vt 0.346736 0.017311
vt 0.352257 0.011377
vt 0.362127 0.010793
vt 0.973655 0.282186
vt 0.038580 0.766926
vt 0.033984 0.749827
vt 0.025592 0.714452
vt 0.861621 0.007626
vt 0.006187 0.666742
vt 0.993644 0.954457
vt 0.932541 0.944036
vt 0.893118 0.934699
vt 0.075078 0.568331
vt 0.850261 0.911604
vt 0.855737 0.917385
vt 0.833458 0.901662
vt 0.837032 0.882207
vt 0.840992 0.853940
vt 0.838844 0.871251
vt 0.843961 0.835041
vt 0.843836 0.849217
vt 0.791602 0.792672
vt 0.762177 0.789937
vt 0.779368 0.788450
vt 0.787707 0.787253
vt 0.806219 0.789642
vt 0.823202 0.789020
vt 0.672824 0.784403
vt 0.701778 0.785410
vt 0.669551 0.789085
vt 0.665707 0.796378
vt 0.662773 0.821305
vt 0.661480 0.811518
vt 0.653977 0.843611
vt 0.362484 0.406039
vt 0.377622 0.413066
vt 0.377945 0.408581
vt 0.654500 0.849299
vt 0.427254 0.477691
vt 0.429748 0.491836
vt 0.418158 0.500248
vt 0.419384 0.489119
vt 0.432981 0.502474
vt 0.101215 0.211966
vt 0.098123 0.207043
vt 0.375004 0.847604
vt 0.639342 0.373925
vt 0.653930 0.377924
vt 0.323192 0.867943
vt 0.308485 0.872048
vt 0.155925 0.928856
vt 0.772928 0.779772
vt 0.782180 0.780185
vt 0.797771 0.782657
vt 0.728723 0.793785
vt 0.725341 0.786022
vt 0.815834 0.786070
vt 0.704608 0.793935
vt 0.669494 0.786546
vt 0.428600 0.484048
vt 0.674794 0.382800
vt 0.427005 0.471385
vt 0.202762 0.579950
vt 0.181813 0.560148
vt 0.189541 0.555125
vt 0.201487 0.535950
vt 0.182631 0.538551
vt 0.209378 0.556338
vt 0.192306 0.570163
vt 0.191503 0.521631
vt 0.178102 0.563444
vt 0.198779 0.549699
vt 0.202779 0.525851
s 0
usemtl _texture
f 677/1/1 17/2/1 18/3/1
f 16/4/2 6/5/2 9/6/2
f 9/6/3 6/5/3 99/7/3
f 21/8/4 22/9/4 20/10/4
f 21/8/5 23/11/5 22/9/5
f 25/12/6 340/13/6 24/14/6
f 26/15/7 29/16/7 27/17/7
f 19/18/8 6/5/8 37/19/8
f 37/19/9 6/5/9 16/4/9
f 45/20/10 46/21/10 43/22/10
f 47/23/11 1155/24/11 48/25/11
f 51/26/12 52/27/12 53/28/12
f 39/29/13 41/30/13 58/31/13
f 60/32/14 56/33/14 57/34/14
f 39/35/15 61/36/15 62/37/15
f 59/38/16 39/29/16 58/31/16
f 63/39/17 61/36/17 39/35/17
f 63/40/18 39/29/18 40/41/18
f 39/29/19 64/42/19 38/43/19
f 59/38/20 64/42/20 39/29/20
f 815/44/21 65/45/21 66/46/21
f 16/4/22 9/6/22 68/47/22
f 38/43/23 40/41/23 39/29/23
f 64/42/24 59/38/24 66/48/24
f 87/49/25 71/50/25 72/51/25
f 67/52/26 79/53/26 80/54/26
f 67/52/27 40/41/27 79/53/27
f 63/40/28 40/41/28 67/52/28
f 64/42/29 66/48/29 70/55/29
f 69/56/30 85/57/30 86/58/30
f 70/59/31 66/46/31 65/45/31
f 69/60/32 70/59/32 65/45/32
f 69/60/33 65/45/33 83/61/33
f 87/49/34 88/62/34 74/63/34
f 89/64/35 75/65/35 90/66/35
f 73/67/36 75/65/36 76/68/36
f 75/65/37 74/69/37 90/66/37
f 78/70/38 34/71/38 92/72/38
f 78/70/39 80/54/39 79/53/39
f 79/53/40 93/73/40 78/70/40
f 86/58/41 70/55/41 69/56/41
f 83/74/42 85/57/42 69/56/42
f 55/75/43 50/76/43 53/28/43
f 75/65/44 87/77/44 74/69/44
f 72/51/45 88/62/45 87/49/45
f 89/64/46 97/78/46 76/68/46
f 76/68/47 75/65/47 89/64/47
f 89/64/48 98/79/48 97/78/48
f 93/73/49 34/71/49 78/70/49
f 40/41/50 119/80/50 79/53/50
f 38/43/51 119/80/51 40/41/51
f 64/42/52 70/55/52 86/58/52
f 84/81/53 103/82/53 83/74/53
f 83/74/54 103/82/54 85/57/54
f 73/67/55 87/77/55 75/65/55
f 98/83/56 100/84/56 106/85/56
f 35/86/57 107/87/57 36/88/57
f 107/87/58 35/86/58 92/72/58
f 38/43/59 64/42/59 86/58/59
f 56/33/60 109/89/60 110/90/60
f 108/91/61 103/82/61 84/81/61
f 71/50/62 111/92/62 72/51/62
f 71/50/63 87/49/63 73/93/63
f 76/68/64 112/94/64 104/95/64
f 113/96/65 97/97/65 98/83/65
f 98/98/66 106/99/66 113/100/66
f 114/101/67 124/102/67 106/99/67
f 92/72/68 34/71/68 107/87/68
f 34/71/69 118/103/69 126/104/69
f 93/73/70 119/80/70 34/71/70
f 79/53/71 119/80/71 93/73/71
f 94/105/72 86/58/72 85/57/72
f 19/18/73 37/19/73 120/106/73
f 120/106/74 37/19/74 16/4/74
f 73/93/75 96/107/75 71/50/75
f 97/78/76 112/94/76 76/68/76
f 106/99/77 124/102/77 113/100/77
f 125/108/78 116/109/78 126/104/78
f 127/110/79 114/101/79 115/111/79
f 114/101/80 127/110/80 116/109/80
f 107/87/81 126/104/81 116/109/81
f 125/108/82 114/101/82 116/109/82
f 36/88/83 116/109/83 117/112/83
f 31/113/84 118/103/84 34/71/84
f 38/43/85 86/58/85 119/80/85
f 94/105/86 28/114/86 95/115/86
f 108/91/87 129/116/87 103/82/87
f 132/117/88 133/118/88 134/119/88
f 154/120/89 9/6/89 137/121/89
f 138/122/90 9/6/90 99/7/90
f 71/50/91 122/123/91 111/92/91
f 71/50/92 123/124/92 122/123/92
f 71/50/93 96/125/93 123/124/93
f 73/67/94 76/68/94 104/95/94
f 104/95/95 156/126/95 168/127/95
f 113/96/96 140/128/96 97/97/96
f 140/129/97 113/100/97 124/102/97
f 116/109/98 36/88/98 107/87/98
f 126/104/99 107/87/99 34/71/99
f 31/113/100 141/130/100 118/103/100
f 119/80/101 31/113/101 34/71/101
f 119/80/102 30/131/102 31/113/102
f 103/82/103 173/132/103 28/114/103
f 103/82/104 143/133/104 158/134/104
f 129/116/105 143/133/105 103/82/105
f 130/135/106 131/136/106 129/137/106
f 150/138/107 19/18/107 120/106/107
f 150/138/108 120/106/108 151/139/108
f 120/106/109 16/4/109 121/140/109
f 120/106/110 121/140/110 152/141/110
f 121/140/111 16/4/111 68/47/111
f 123/124/112 155/142/112 122/123/112
f 104/95/113 112/94/113 156/126/113
f 97/97/114 140/128/114 112/143/114
f 86/58/115 95/115/115 30/131/115
f 95/115/116 86/58/116 94/105/116
f 85/57/117 103/82/117 28/114/117
f 158/134/118 173/132/118 103/82/118
f 131/136/119 159/144/119 129/137/119
f 154/120/120 68/47/120 9/6/120
f 160/145/121 154/120/121 137/121/121
f 163/146/122 9/6/122 138/122/122
f 111/92/123 164/147/123 181/148/123
f 111/92/124 122/123/124 164/147/124
f 96/149/125 105/150/125 165/151/125
f 125/108/126 170/152/126 128/153/126
f 118/103/127 170/152/127 125/108/127
f 118/103/128 141/130/128 170/152/128
f 159/154/129 143/133/129 129/116/129
f 200/155/130 6/5/130 175/156/130
f 175/156/131 6/5/131 176/157/131
f 176/157/132 6/5/132 19/18/132
f 176/157/133 19/18/133 150/138/133
f 153/158/134 121/140/134 180/159/134
f 180/159/135 121/140/135 68/47/135
f 180/159/136 68/47/136 154/120/136
f 123/124/137 182/160/137 155/142/137
f 167/161/138 185/162/138 166/163/138
f 168/127/139 169/164/139 167/161/139
f 140/128/140 156/165/140 112/143/140
f 124/102/141 187/166/141 140/129/141
f 128/153/142 170/152/142 189/167/142
f 173/132/143 27/17/143 28/114/143
f 159/154/144 192/168/144 143/133/144
f 193/169/145 192/170/145 159/144/145
f 137/121/146 9/6/146 163/146/146
f 200/155/147 99/7/147 6/5/147
f 178/171/148 194/172/148 196/173/148
f 197/174/149 198/175/149 195/176/149
f 176/157/150 150/138/150 179/177/150
f 169/164/151 168/127/151 156/126/151
f 156/165/152 140/128/152 186/178/152
f 140/129/153 187/166/153 186/179/153
f 128/153/154 201/180/154 124/102/154
f 189/167/155 201/180/155 128/153/155
f 32/181/156 202/182/156 141/130/156
f 203/183/157 204/184/157 1254/185/157
f 26/15/158 27/17/158 173/132/158
f 173/132/159 219/186/159 26/15/159
f 143/133/160 205/187/160 158/134/160
f 192/168/161 205/187/161 143/133/161
f 206/188/162 180/159/162 154/120/162
f 206/188/163 154/120/163 207/189/163
f 207/189/164 154/120/164 160/145/164
f 196/173/165 208/190/165 177/191/165
f 196/173/166 162/192/166 178/171/166
f 178/171/167 209/193/167 195/176/167
f 195/176/168 194/172/168 178/171/168
f 194/172/169 210/194/169 208/190/169
f 199/195/170 211/196/170 210/194/170
f 122/123/171 214/197/171 164/147/171
f 122/123/172 155/142/172 214/197/172
f 166/163/173 184/198/173 183/199/173
f 215/200/174 185/162/174 167/161/174
f 201/180/175 189/167/175 188/201/175
f 201/180/176 187/166/176 124/102/176
f 170/152/177 141/130/177 189/167/177
f 193/202/178 205/187/178 192/168/178
f 220/203/179 205/187/179 193/202/179
f 247/204/180 138/122/180 99/7/180
f 161/205/181 987/206/181 757/207/181
f 208/190/182 222/208/182 221/209/182
f 177/191/183 208/190/183 221/209/183
f 177/191/184 162/192/184 196/173/184
f 210/194/185 195/176/185 199/195/185
f 224/210/186 175/156/186 176/157/186
f 224/210/187 176/157/187 179/177/187
f 153/211/188 180/159/188 225/212/188
f 180/159/189 206/188/189 225/212/189
f 267/213/190 212/214/190 164/147/190
f 182/160/191 318/215/191 155/142/191
f 166/163/192 183/199/192 165/151/192
f 167/216/193 169/217/193 215/218/193
f 201/180/194 188/201/194 226/219/194
f 171/220/195 217/221/195 226/219/195
f 228/222/196 171/220/196 33/223/196
f 226/219/197 188/201/197 202/182/197
f 218/224/198 228/222/198 29/16/198
f 29/16/199 26/15/199 218/224/199
f 158/134/200 219/186/200 173/132/200
f 205/187/201 229/225/201 158/134/201
f 237/226/202 238/227/202 233/228/202
f 209/193/203 197/174/203 195/176/203
f 198/175/204 199/195/204 195/176/204
f 198/175/205 244/229/205 243/230/205
f 197/174/206 244/229/206 198/175/206
f 245/231/207 244/229/207 197/174/207
f 137/121/208 163/146/208 246/232/208
f 247/204/209 163/146/209 138/122/209
f 164/147/210 214/197/210 267/213/210
f 187/166/211 201/180/211 227/233/211
f 158/134/212 229/225/212 219/186/212
f 205/187/213 220/203/213 229/225/213
f 273/234/214 272/235/214 253/236/214
f 231/237/215 49/238/215 55/75/215
f 161/205/216 139/239/216 987/206/216
f 211/196/217 208/190/217 210/194/217
f 211/196/218 223/240/218 262/241/218
f 208/190/219 196/173/219 194/172/219
f 195/176/220 210/194/220 194/172/220
f 243/230/221 199/195/221 198/175/221
f 244/229/222 263/242/222 243/230/222
f 244/229/223 264/243/223 263/242/223
f 247/204/224 99/7/224 200/155/224
f 145/244/225 265/245/225 266/246/225
f 155/142/226 301/247/226 214/197/226
f 155/142/227 318/215/227 301/247/227
f 318/215/228 182/160/228 320/248/228
f 166/163/229 269/249/229 184/198/229
f 166/163/230 185/162/230 269/249/230
f 251/250/231 288/251/231 215/218/231
f 217/221/232 305/252/232 251/250/232
f 226/219/233 217/221/233 227/233/233
f 218/224/234 26/15/234 270/253/234
f 219/186/235 270/253/235 26/15/235
f 220/203/236 271/254/236 229/225/236
f 274/255/237 200/155/237 275/256/237
f 268/257/238 291/258/238 249/259/238
f 276/260/239 277/261/239 254/262/239
f 232/263/240 276/260/240 254/262/240
f 260/264/241 261/265/241 222/208/241
f 222/208/242 208/190/242 262/241/242
f 199/195/243 243/230/243 282/266/243
f 275/256/244 200/155/244 175/156/244
f 275/256/245 175/156/245 283/267/245
f 286/268/246 266/246/246 285/269/246
f 283/267/247 175/156/247 224/210/247
f 267/213/248 317/270/248 248/271/248
f 215/218/249 304/272/249 185/273/249
f 251/250/250 305/252/250 288/251/250
f 228/222/251 252/274/251 171/220/251
f 228/222/252 218/224/252 292/275/252
f 294/276/253 295/277/253 1132/278/253
f 296/279/254 297/280/254 298/281/254
f 280/282/255 277/261/255 276/260/255
f 279/283/256 299/284/256 223/240/256
f 276/260/257 232/263/257 279/283/257
f 281/285/258 276/260/258 279/283/258
f 261/265/259 299/284/259 232/263/259
f 222/208/260 262/241/260 260/264/260
f 262/241/261 208/190/261 211/196/261
f 223/240/262 211/196/262 281/285/262
f 282/266/263 242/286/263 199/195/263
f 243/230/264 263/242/264 282/266/264
f 284/287/265 145/244/265 266/246/265
f 285/269/266 266/246/266 300/288/266
f 248/271/267 212/214/267 267/213/267
f 214/197/268 301/247/268 267/213/268
f 306/289/269 268/257/269 949/290/269
f 218/224/270 308/291/270 292/275/270
f 270/253/271 308/291/271 218/224/271
f 271/254/272 309/292/272 229/225/272
f 225/212/273 206/188/273 310/293/273
f 310/293/274 206/188/274 207/189/274
f 276/260/275 281/285/275 280/282/275
f 278/294/276 312/295/276 280/282/276
f 281/285/277 278/294/277 280/282/277
f 279/283/278 232/263/278 299/284/278
f 260/264/279 262/241/279 223/240/279
f 281/285/280 279/283/280 223/240/280
f 284/287/281 315/296/281 263/242/281
f 263/242/282 264/243/282 284/287/282
f 284/287/283 286/268/283 315/296/283
f 291/258/284 268/257/284 289/297/284
f 287/298/285 269/299/285 185/162/285
f 185/273/286 304/272/286 287/300/286
f 250/301/287 249/259/287 291/258/287
f 272/235/288 273/234/288 324/302/288
f 685/303/289 326/304/289 327/305/289
f 328/306/290 329/307/290 313/308/290
f 278/294/291 281/285/291 242/286/291
f 301/247/292 332/309/292 267/213/292
f 332/309/293 301/247/293 318/215/293
f 288/251/294 304/272/294 215/218/294
f 290/310/295 252/274/295 292/275/295
f 270/253/296 333/311/296 308/291/296
f 229/225/297 334/312/297 219/186/297
f 309/292/298 334/312/298 229/225/298
f 309/292/299 323/313/299 334/312/299
f 321/314/300 323/313/300 309/292/300
f 322/315/301 323/313/301 321/314/301
f 190/316/302 335/317/302 60/32/302
f 53/28/303 54/318/303 55/75/303
f 312/295/304 278/294/304 328/306/304
f 313/308/305 312/295/305 328/306/305
f 282/266/306 336/319/306 242/286/306
f 282/266/307 353/320/307 336/319/307
f 318/215/308 319/321/308 332/309/308
f 305/252/309 338/322/309 288/251/309
f 270/253/310 340/13/310 333/311/310
f 328/306/311 336/319/311 329/307/311
f 278/294/312 336/319/312 328/306/312
f 242/286/313 336/319/313 278/294/313
f 263/242/314 353/320/314 282/266/314
f 263/242/315 315/296/315 353/320/315
f 267/213/316 342/323/316 317/270/316
f 184/198/317 269/249/317 303/324/317
f 287/325/318 364/326/318 269/327/318
f 308/291/319 344/328/319 292/275/319
f 219/186/320 340/13/320 270/253/320
f 334/312/321 340/13/321 219/186/321
f 351/329/322 246/232/322 163/146/322
f 336/319/323 352/330/323 329/307/323
f 330/331/324 315/296/324 286/268/324
f 287/300/325 304/272/325 364/332/325
f 305/252/326 354/333/326 338/322/326
f 290/310/327 354/333/327 305/252/327
f 308/291/328 333/311/328 339/334/328
f 334/312/329 355/335/329 340/13/329
f 323/313/330 355/335/330 334/312/330
f 351/329/331 163/146/331 247/204/331
f 353/320/332 352/330/332 336/319/332
f 330/331/333 353/320/333 315/296/333
f 330/331/334 286/268/334 285/269/334
f 267/213/335 332/309/335 342/323/335
f 288/251/336 338/322/336 304/272/336
f 322/315/337 366/336/337 323/313/337
f 329/307/338 352/330/338 311/337/338
f 333/311/339 381/338/339 339/334/339
f 366/336/340 355/335/340 323/313/340
f 371/339/341 355/335/341 366/336/341
f 352/330/342 298/281/342 311/337/342
f 352/330/343 353/320/343 372/340/343
f 353/320/344 330/331/344 372/340/344
f 319/321/345 388/341/345 332/309/345
f 303/324/346 374/342/346 373/343/346
f 269/249/347 364/332/347 374/342/347
f 304/272/348 369/344/348 364/332/348
f 304/272/349 338/322/349 369/344/349
f 290/310/350 292/275/350 344/328/350
f 339/334/351 375/345/351 344/328/351
f 340/13/352 25/12/352 333/311/352
f 371/339/353 376/346/353 355/335/353
f 332/309/354 388/341/354 342/323/354
f 269/249/355 374/342/355 303/324/355
f 333/311/356 25/12/356 381/338/356
f 355/335/357 376/346/357 340/13/357
f 376/346/358 383/347/358 382/348/358
f 371/339/359 383/347/359 376/346/359
f 384/349/360 385/350/360 283/267/360
f 386/351/361 225/352/361 387/353/361
f 387/354/362 225/212/362 310/293/362
f 368/355/363 298/281/363 372/340/363
f 367/356/364 368/355/364 330/331/364
f 411/357/365 380/358/365 377/359/365
f 339/334/366 381/338/366 375/345/366
f 382/348/367 340/13/367 376/346/367
f 310/293/368 207/189/368 636/360/368
f 390/361/369 391/362/369 539/363/369
f 388/341/370 379/364/370 342/323/370
f 398/365/371 388/341/371 319/321/371
f 1123/366/372 134/119/372 326/304/372
f 364/332/373 369/344/373 399/367/373
f 389/368/374 354/333/374 290/310/374
f 375/345/375 395/369/375 344/328/375
f 340/13/376 382/348/376 24/14/376
f 666/370/377 207/189/377 160/145/377
f 367/356/378 378/371/378 368/355/378
f 378/371/379 363/372/379 325/373/379
f 373/343/380 302/374/380 303/324/380
f 364/332/381 399/367/381 374/342/381
f 383/347/382 401/375/382 382/348/382
f 396/376/383 401/375/383 383/347/383
f 325/373/384 363/372/384 379/364/384
f 388/341/385 402/377/385 379/364/385
f 374/342/386 399/367/386 415/378/386
f 399/367/387 369/344/387 403/379/387
f 381/338/388 404/380/388 375/345/388
f 401/375/389 405/381/389 382/348/389
f 325/373/390 397/382/390 378/371/390
f 319/321/391 337/383/391 398/365/391
f 338/322/392 409/384/392 369/344/392
f 354/333/393 409/384/393 338/322/393
f 293/385/394 370/386/394 259/387/394
f 25/12/395 421/388/395 381/338/395
f 25/12/396 24/14/396 421/388/396
f 382/348/397 417/389/397 24/14/397
f 382/348/398 405/381/398 417/389/398
f 311/337/399 298/281/399 297/280/399
f 388/341/400 398/365/400 402/377/400
f 374/342/401 415/378/401 426/390/401
f 369/344/402 409/384/402 403/379/402
f 375/345/403 416/391/403 395/369/403
f 24/14/404 428/392/404 421/388/404
f 429/393/405 418/394/405 405/381/405
f 408/395/406 420/396/406 397/382/406
f 408/395/407 325/373/407 379/364/407
f 379/364/408 402/377/408 408/395/408
f 374/342/409 426/390/409 373/343/409
f 259/387/410 258/397/410 257/398/410
f 389/368/411 410/399/411 354/333/411
f 375/345/412 404/380/412 416/391/412
f 381/338/413 421/388/413 404/380/413
f 24/14/414 417/389/414 428/392/414
f 418/394/415 417/389/415 405/381/415
f 398/365/416 413/400/416 402/377/416
f 373/343/417 426/390/417 414/401/417
f 415/378/418 422/402/418 426/390/418
f 403/379/419 409/384/419 434/403/419
f 354/333/420 410/399/420 409/384/420
f 416/391/421 424/404/421 395/369/421
f 408/395/422 425/405/422 420/396/422
f 403/379/423 434/403/423 399/367/423
f 409/384/424 410/399/424 442/406/424
f 429/393/425 430/407/425 418/394/425
f 429/393/426 405/381/426 401/375/426
f 431/408/427 412/409/427 432/410/427
f 435/411/428 436/412/428 427/413/428
f 430/407/429 417/389/429 418/394/429
f 425/405/430 439/414/430 440/415/430
f 433/416/431 420/396/431 425/405/431
f 373/343/432 414/401/432 394/417/432
f 399/367/433 434/403/433 415/378/433
f 409/384/434 442/406/434 434/403/434
f 404/380/435 443/418/435 416/391/435
f 23/11/436 428/392/436 417/389/436
f 417/389/437 430/407/437 23/11/437
f 439/414/438 425/405/438 447/419/438
f 426/390/439 422/402/439 448/420/439
f 457/421/440 410/399/440 450/422/440
f 389/368/441 450/422/441 410/399/441
f 389/368/442 395/369/442 451/423/442
f 416/391/443 443/418/443 424/404/443
f 421/388/444 428/392/444 404/380/444
f 430/407/445 453/424/445 23/11/445
f 408/395/446 465/425/446 425/405/446
f 402/377/447 465/425/447 408/395/447
f 410/399/448 457/421/448 442/406/448
f 449/426/449 427/413/449 436/412/449
f 451/423/450 395/369/450 424/404/450
f 443/418/451 461/427/451 424/404/451
f 444/428/452 453/424/452 430/407/452
f 454/429/453 458/430/453 459/431/453
f 402/377/454 466/432/454 465/425/454
f 402/377/455 413/400/455 466/432/455
f 448/420/456 414/401/456 426/390/456
f 415/378/457 460/433/457 422/402/457
f 415/378/458 434/403/458 460/433/458
f 404/380/459 428/392/459 452/434/459
f 23/11/460 468/435/460 428/392/460
f 21/8/461 468/435/461 23/11/461
f 462/436/462 453/424/462 444/428/462
f 458/430/463 463/437/463 464/438/463
f 454/429/464 463/437/464 458/430/464
f 447/419/465 465/425/465 454/429/465
f 425/405/466 465/425/466 447/419/466
f 404/380/467 452/434/467 443/418/467
f 453/424/468 22/9/468 23/11/468
f 462/436/469 22/9/469 453/424/469
f 464/438/470 469/439/470 458/430/470
f 454/429/471 470/440/471 463/437/471
f 422/402/472 471/441/472 448/420/472
f 422/402/473 460/433/473 471/441/473
f 434/403/474 491/442/474 460/433/474
f 442/406/475 491/442/475 434/403/475
f 473/443/476 474/444/476 475/445/476
f 465/425/477 470/440/477 454/429/477
f 466/432/478 413/400/478 481/446/478
f 442/406/479 477/447/479 491/442/479
f 457/421/480 477/447/480 442/406/480
f 47/23/481 472/448/481 1155/24/481
f 478/449/482 48/25/482 411/357/482
f 457/421/483 450/422/483 479/450/483
f 428/392/484 468/435/484 452/434/484
f 21/8/485 483/451/485 468/435/485
f 22/9/486 480/452/486 20/10/486
f 462/436/487 480/452/487 22/9/487
f 465/425/488 481/446/488 470/440/488
f 466/432/489 481/446/489 465/425/489
f 450/422/490 451/423/490 487/453/490
f 452/434/491 493/454/491 443/418/491
f 20/10/492 483/451/492 21/8/492
f 464/438/493 484/455/493 469/439/493
f 463/437/494 484/455/494 464/438/494
f 470/440/495 485/456/495 463/437/495
f 486/457/496 414/401/496 467/458/496
f 448/420/497 509/459/497 414/401/497
f 48/25/498 478/449/498 47/23/498
f 482/460/499 451/423/499 424/404/499
f 488/461/500 489/462/500 190/316/500
f 469/439/501 490/463/501 1047/464/501
f 469/439/502 484/455/502 490/463/502
f 463/437/503 485/456/503 484/455/503
f 414/401/504 509/459/504 467/458/504
f 460/433/505 491/442/505 471/441/505
f 457/421/506 492/465/506 477/447/506
f 451/423/507 482/460/507 487/453/507
f 424/404/508 461/427/508 482/460/508
f 443/418/509 493/454/509 461/427/509
f 483/451/510 496/466/510 468/435/510
f 20/10/511 497/467/511 483/451/511
f 1047/464/512 498/468/512 500/469/512
f 1047/464/513 490/463/513 498/468/513
f 476/470/514 506/471/514 481/446/514
f 471/441/515 491/442/515 501/472/515
f 461/427/516 493/454/516 482/460/516
f 452/434/517 494/473/517 493/454/517
f 495/474/518 452/434/518 468/435/518
f 468/435/519 496/466/519 495/474/519
f 496/466/520 505/475/520 504/476/520
f 496/466/521 497/467/521 505/475/521
f 483/451/522 497/467/522 496/466/522
f 20/10/523 505/475/523 497/467/523
f 448/420/524 471/441/524 509/459/524
f 493/454/525 520/477/525 482/460/525
f 452/434/526 510/478/526 494/473/526
f 452/434/527 495/474/527 510/478/527
f 496/466/528 511/479/528 495/474/528
f 504/476/529 511/479/529 496/466/529
f 505/480/530 512/481/530 504/482/530
f 665/483/531 160/145/531 137/121/531
f 498/468/532 499/484/532 391/362/532
f 490/463/533 499/484/533 498/468/533
f 490/463/534 513/485/534 499/484/534
f 484/455/535 513/485/535 490/463/535
f 484/455/536 508/486/536 513/485/536
f 441/487/537 414/401/537 486/457/537
f 506/471/538 470/440/538 481/446/538
f 509/459/539 486/457/539 467/458/539
f 516/488/540 487/453/540 482/460/540
f 482/460/541 520/477/541 516/488/541
f 504/482/542 512/481/542 511/489/542
f 665/483/543 137/121/543 246/232/543
f 484/455/544 485/456/544 508/486/544
f 471/441/545 519/490/545 509/459/545
f 495/474/546 521/491/546 510/478/546
f 495/474/547 522/492/547 521/491/547
f 495/474/548 511/479/548 522/492/548
f 523/493/549 524/494/549 525/495/549
f 508/486/550 485/456/550 506/471/550
f 533/496/551 518/497/551 515/498/551
f 507/499/552 486/457/552 517/500/552
f 456/501/553 475/445/553 714/502/553
f 529/503/554 552/504/554 528/505/554
f 494/473/555 510/478/555 530/506/555
f 511/489/556 531/507/556 522/508/556
f 499/484/557 513/485/557 532/509/557
f 508/486/558 506/471/558 532/509/558
f 534/510/559 507/499/559 562/511/559
f 509/459/560 535/512/560 486/457/560
f 509/459/561 519/490/561 535/512/561
f 491/442/562 477/447/562 501/472/562
f 516/488/563 520/477/563 545/513/563
f 521/491/564 522/492/564 510/478/564
f 525/495/565 538/514/565 537/515/565
f 524/494/566 538/514/566 525/495/566
f 524/494/567 539/363/567 538/514/567
f 391/362/568 532/509/568 540/516/568
f 506/517/569 476/518/569 507/499/569
f 486/457/570 535/512/570 517/500/570
f 471/441/571 501/472/571 519/490/571
f 501/472/572 477/447/572 572/519/572
f 868/520/573 542/521/573 842/522/573
f 544/523/574 479/450/574 487/453/574
f 487/453/575 545/513/575 544/523/575
f 516/488/576 545/513/576 487/453/576
f 510/478/577 547/524/577 530/506/577
f 522/492/578 547/524/578 510/478/578
f 507/499/579 517/500/579 562/511/579
f 519/490/580 551/525/580 535/512/580
f 544/523/581 492/465/581 479/450/581
f 520/477/582 553/526/582 545/513/582
f 493/454/583 604/527/583 520/477/583
f 494/473/584 530/506/584 493/454/584
f 522/492/585 554/528/585 547/524/585
f 555/529/586 556/530/586 13/531/586
f 557/532/587 558/533/587 555/529/587
f 559/534/588 538/514/588 560/535/588
f 539/363/589 548/536/589 538/514/589
f 549/537/590 539/363/590 540/516/590
f 533/496/591 552/538/591 518/497/591
f 517/500/592 535/512/592 563/539/592
f 501/472/593 572/519/593 519/490/593
f 477/447/594 564/540/594 572/519/594
f 536/541/595 492/465/595 544/523/595
f 520/477/596 604/527/596 553/526/596
f 547/524/597 546/542/597 530/506/597
f 554/528/598 568/543/598 547/524/598
f 554/544/599 565/545/599 568/546/599
f 566/547/600 555/529/600 13/531/600
f 558/533/601 556/530/601 555/529/601
f 560/535/602 558/533/602 557/532/602
f 538/514/603 548/536/603 560/535/603
f 517/500/604 563/539/604 562/511/604
f 567/548/605 604/527/605 493/454/605
f 530/506/606 567/548/606 493/454/606
f 547/524/607 568/543/607 546/542/607
f 13/531/608 11/549/608 15/550/608
f 556/530/609 11/549/609 13/531/609
f 558/533/610 580/551/610 556/530/610
f 560/535/611 580/551/611 558/533/611
f 580/551/612 560/535/612 548/536/612
f 561/552/613 593/553/613 541/554/613
f 541/555/614 549/537/614 540/516/614
f 535/512/615 551/525/615 563/539/615
f 519/490/616 572/519/616 551/525/616
f 477/447/617 536/541/617 564/540/617
f 544/523/618 583/556/618 536/541/618
f 545/513/619 553/526/619 596/557/619
f 546/542/620 568/543/620 573/558/620
f 565/545/621 574/559/621 568/546/621
f 351/329/622 247/204/622 575/560/622
f 575/560/623 247/204/623 576/561/623
f 577/562/624 578/563/624 579/564/624
f 580/551/625 11/549/625 556/530/625
f 580/551/626 548/536/626 569/565/626
f 569/565/627 548/536/627 549/537/627
f 561/552/628 562/511/628 570/566/628
f 562/511/629 563/539/629 571/567/629
f 584/568/630 544/523/630 545/513/630
f 530/506/631 546/542/631 567/548/631
f 546/542/632 573/558/632 585/569/632
f 568/543/633 574/570/633 573/558/633
f 576/561/634 247/204/634 648/571/634
f 345/572/635 587/573/635 617/574/635
f 11/549/636 14/575/636 587/573/636
f 593/576/637 569/565/637 549/537/637
f 571/567/638 570/566/638 562/511/638
f 545/513/639 596/557/639 584/568/639
f 553/526/640 613/577/640 596/557/640
f 573/558/641 574/578/641 585/569/641
f 648/571/642 247/204/642 200/155/642
f 599/579/643 617/580/643 589/581/643
f 586/582/644 12/583/644 345/572/644
f 601/584/645 589/581/645 590/585/645
f 592/586/646 14/575/646 569/565/646
f 590/585/647 592/587/647 591/588/647
f 592/586/648 569/565/648 593/576/648
f 563/539/649 551/525/649 571/567/649
f 731/589/650 81/590/650 82/591/650
f 553/526/651 604/527/651 613/577/651
f 546/542/652 585/569/652 605/592/652
f 597/593/653 200/155/653 274/255/653
f 598/594/654 606/595/654 607/596/654
f 578/597/655 598/594/655 600/598/655
f 600/598/656 609/599/656 586/582/656
f 592/587/657 590/585/657 589/581/657
f 577/562/658 610/600/658 618/601/658
f 603/602/659 601/584/659 602/603/659
f 602/603/660 601/584/660 590/585/660
f 551/525/661 611/604/661 571/567/661
f 572/519/662 611/604/662 551/525/662
f 544/523/663 584/568/663 583/556/663
f 605/592/664 614/605/664 546/542/664
f 585/569/665 615/606/665 605/592/665
f 585/607/666 616/608/666 615/609/666
f 574/559/667 616/608/667 585/607/667
f 579/564/668 578/563/668 617/610/668
f 590/585/669 619/611/669 602/603/669
f 590/585/670 591/588/670 620/612/670
f 620/612/671 619/611/671 590/585/671
f 620/612/672 591/588/672 594/613/672
f 594/613/673 570/566/673 620/612/673
f 385/350/674 275/256/674 283/267/674
f 387/354/675 310/293/675 622/614/675
f 588/615/676 577/562/676 601/584/676
f 602/603/677 623/616/677 603/602/677
f 619/611/678 623/616/678 602/603/678
f 601/584/679 577/562/679 599/579/679
f 599/579/680 577/562/680 579/564/680
f 570/566/681 611/604/681 621/617/681
f 571/567/682 611/604/682 570/566/682
f 611/604/683 595/618/683 628/619/683
f 626/620/684 583/556/684 584/568/684
f 596/557/685 642/621/685 584/568/685
f 596/557/686 613/577/686 642/621/686
f 613/577/687 604/527/687 635/622/687
f 614/605/688 567/548/688 546/542/688
f 615/609/689 616/608/689 605/623/689
f 622/614/690 310/293/690 636/360/690
f 666/370/691 636/360/691 207/189/691
f 608/624/692 618/601/692 638/625/692
f 618/601/693 632/626/693 638/625/693
f 610/600/694 627/627/694 618/601/694
f 588/615/695 627/627/695 610/600/695
f 621/617/696 619/611/696 620/612/696
f 621/617/697 628/619/697 624/628/697
f 595/618/698 612/629/698 628/619/698
f 625/630/699 628/619/699 612/629/699
f 612/629/700 626/620/700 625/630/700
f 605/623/701 630/631/701 614/632/701
f 616/608/702 630/631/702 605/623/702
f 407/633/703 160/145/703 665/483/703
f 631/634/704 608/624/704 638/625/704
f 618/601/705 608/624/705 577/562/705
f 627/627/706 632/626/706 618/601/706
f 588/615/707 633/635/707 627/627/707
f 619/611/708 624/628/708 623/616/708
f 621/617/709 624/628/709 619/611/709
f 624/628/710 628/619/710 641/636/710
f 584/568/711 634/637/711 626/620/711
f 613/577/712 635/622/712 642/621/712
f 604/527/713 636/360/713 635/622/713
f 567/548/714 636/360/714 604/527/714
f 614/605/715 637/638/715 567/548/715
f 614/605/716 629/639/716 637/638/716
f 633/635/717 588/615/717 603/602/717
f 603/602/718 623/616/718 640/640/718
f 624/628/719 641/636/719 623/616/719
f 641/636/720 628/619/720 625/630/720
f 625/630/721 626/620/721 634/637/721
f 584/568/722 642/621/722 634/637/722
f 642/621/723 635/622/723 407/633/723
f 567/548/724 637/638/724 636/360/724
f 351/329/725 575/560/725 664/641/725
f 638/625/726 632/626/726 639/642/726
f 627/627/727 644/643/727 632/626/727
f 589/581/728 601/584/728 599/579/728
f 623/616/729 641/636/729 640/640/729
f 625/630/730 634/637/730 645/644/730
f 634/637/731 642/621/731 650/645/731
f 629/646/732 646/647/732 643/648/732
f 638/625/733 647/649/733 631/634/733
f 638/625/734 663/650/734 647/649/734
f 638/625/735 639/642/735 663/650/735
f 632/626/736 648/571/736 639/642/736
f 644/643/737 648/571/737 632/626/737
f 633/635/738 603/602/738 640/640/738
f 258/397/739 132/117/739 419/651/739
f 641/636/740 645/644/740 640/640/740
f 634/637/741 649/652/741 645/644/741
f 634/637/742 650/645/742 649/652/742
f 635/622/743 666/370/743 407/633/743
f 629/639/744 651/653/744 637/638/744
f 643/654/745 651/653/745 629/639/745
f 658/655/746 655/656/746 274/255/746
f 658/655/747 659/657/747 655/656/747
f 274/255/748 275/256/748 660/658/748
f 385/350/749 661/659/749 660/658/749
f 361/660/750 662/661/750 657/662/750
f 597/593/751 655/656/751 663/650/751
f 639/642/752 597/593/752 663/650/752
f 633/635/753 640/640/753 664/641/753
f 650/645/754 665/483/754 649/652/754
f 642/621/755 407/633/755 650/645/755
f 635/622/756 636/360/756 666/370/756
f 637/638/757 651/653/757 636/360/757
f 643/654/758 667/663/758 651/653/758
f 652/664/759 667/665/759 643/648/759
f 669/666/760 670/667/760 654/668/760
f 653/669/761 671/670/761 654/668/761
f 657/662/762 662/661/762 647/649/762
f 639/642/763 648/571/763 597/593/763
f 627/627/764 575/560/764 644/643/764
f 633/635/765 575/560/765 627/627/765
f 645/644/766 664/641/766 640/640/766
f 645/644/767 649/652/767 664/641/767
f 407/633/768 665/483/768 650/645/768
f 651/653/769 622/614/769 636/360/769
f 385/350/770 384/349/770 661/659/770
f 654/668/771 670/667/771 668/671/771
f 653/669/772 672/672/772 671/670/772
f 670/667/773 658/655/773 668/671/773
f 669/666/774 654/668/774 671/670/774
f 361/660/775 670/667/775 669/666/775
f 657/662/776 647/649/776 659/657/776
f 659/657/777 647/649/777 655/656/777
f 648/571/778 200/155/778 597/593/778
f 644/643/779 576/561/779 648/571/779
f 633/635/780 664/641/780 575/560/780
f 649/652/781 351/329/781 664/641/781
f 658/655/782 274/255/782 660/658/782
f 660/658/783 275/256/783 385/350/783
f 660/658/784 673/673/784 668/671/784
f 659/657/785 658/655/785 670/667/785
f 647/649/786 663/650/786 655/656/786
f 670/667/787 361/660/787 657/662/787
f 575/560/788 576/561/788 644/643/788
f 665/483/789 351/329/789 649/652/789
f 665/483/790 246/232/790 351/329/790
f 666/370/791 160/145/791 407/633/791
f 531/507/792 511/489/792 512/481/792
f 757/207/793 17/2/793 676/674/793
f 676/674/794 17/2/794 677/1/794
f 62/37/795 41/675/795 39/35/795
f 396/376/796 383/347/796 371/339/796
f 651/653/797 667/663/797 622/614/797
f 321/314/798 309/292/798 271/254/798
f 629/646/799 614/632/799 630/631/799
f 679/676/800 680/677/800 681/678/800
f 560/535/801 557/532/801 559/534/801
f 685/303/802 682/679/802 686/680/802
f 406/681/803 693/682/803 752/683/803
f 652/664/804 643/648/804 646/647/804
f 115/111/805 114/101/805 106/99/805
f 702/684/806 703/685/806 751/686/806
f 98/79/807 89/64/807 91/687/807
f 117/112/808 116/109/808 127/110/808
f 153/688/809 225/352/809 386/351/809
f 708/689/810 709/690/810 710/691/810
f 713/692/811 712/693/811 456/501/811
f 475/445/812 191/694/812 714/502/812
f 248/271/813 300/288/813 266/246/813
f 725/695/814 721/696/814 726/697/814
f 735/698/815 102/699/815 1308/700/815
f 735/698/816 1319/701/816 582/702/816
f 741/703/817 427/413/817 423/704/817
f 746/705/818 744/706/818 1019/707/818
f 704/708/819 18/3/819 747/709/819
f 749/710/820 750/711/820 751/686/820
f 360/712/821 693/682/821 406/681/821
f 433/416/822 425/405/822 440/415/822
f 754/713/823 44/714/823 755/715/823
f 52/27/824 503/716/824 756/717/824
f 503/716/825 161/205/825 144/718/825
f 759/719/826 760/720/826 761/721/826
f 760/720/827 807/722/827 761/721/827
f 1318/723/828 807/722/828 760/720/828
f 1054/724/829 1015/725/829 1162/726/829
f 234/727/830 767/728/830 237/226/830
f 233/228/831 236/729/831 234/727/831
f 233/228/832 238/227/832 239/730/832
f 775/731/833 771/732/833 773/733/833
f 776/734/834 552/504/834 256/735/834
f 780/736/835 781/737/835 782/738/835
f 784/739/836 785/740/836 779/741/836
f 791/742/837 789/743/837 788/744/837
f 795/745/838 256/746/838 783/747/838
f 792/748/839 793/749/839 794/750/839
f 518/497/840 776/751/840 515/498/840
f 129/116/841 108/91/841 130/752/841
f 805/753/842 1281/754/842 54/318/842
f 805/753/843 1286/755/843 1281/754/843
f 805/753/844 806/756/844 1286/755/844
f 1199/757/845 758/758/845 759/719/845
f 807/722/846 1238/759/846 761/721/846
f 811/760/847 812/761/847 1015/725/847
f 764/762/848 813/763/848 811/760/848
f 811/760/849 674/764/849 814/765/849
f 324/302/850 816/766/850 272/235/850
f 816/766/851 324/302/851 817/767/851
f 324/302/852 820/768/852 817/767/852
f 820/768/853 324/302/853 819/769/853
f 819/769/854 822/770/854 820/768/854
f 822/770/855 815/44/855 820/768/855
f 272/235/856 816/766/856 818/771/856
f 827/772/857 816/766/857 817/767/857
f 817/767/858 823/773/858 827/772/858
f 817/767/859 820/768/859 823/773/859
f 815/44/860 824/774/860 821/775/860
f 821/775/861 820/768/861 815/44/861
f 831/776/862 828/777/862 824/774/862
f 833/778/863 834/779/863 831/776/863
f 524/494/864 390/361/864 539/363/864
f 816/766/865 825/780/865 818/771/865
f 827/772/866 823/773/866 836/781/866
f 823/773/867 829/782/867 836/781/867
f 823/773/868 820/768/868 821/775/868
f 550/783/869 823/773/869 821/775/869
f 550/783/870 821/775/870 543/784/870
f 821/775/871 824/774/871 828/777/871
f 543/784/872 821/775/872 828/777/872
f 824/774/873 832/785/873 830/786/873
f 832/785/874 58/787/874 830/786/874
f 830/786/875 58/787/875 833/778/875
f 831/776/876 830/786/876 833/778/876
f 41/788/877 834/779/877 833/778/877
f 253/236/878 818/771/878 1353/789/878
f 272/235/879 818/771/879 253/236/879
f 827/772/880 826/790/880 825/780/880
f 827/772/881 825/780/881 816/766/881
f 828/777/882 831/776/882 838/791/882
f 754/713/883 7/792/883 157/793/883
f 830/786/884 831/776/884 824/774/884
f 838/791/885 831/776/885 834/779/885
f 827/772/886 840/794/886 826/790/886
f 827/772/887 841/795/887 840/794/887
f 839/796/888 837/797/888 550/783/888
f 839/796/889 838/791/889 837/797/889
f 838/791/890 834/779/890 845/798/890
f 524/494/891 523/493/891 390/361/891
f 84/81/892 130/752/892 108/91/892
f 825/780/893 826/790/893 847/799/893
f 836/781/894 841/795/894 827/772/894
f 550/783/895 849/800/895 842/522/895
f 837/797/896 849/800/896 550/783/896
f 837/797/897 838/791/897 845/798/897
f 843/801/898 849/800/898 837/797/898
f 843/801/899 845/798/899 844/802/899
f 848/803/900 840/794/900 841/795/900
f 841/795/901 836/781/901 829/782/901
f 837/797/902 845/798/902 843/801/902
f 498/468/903 391/362/903 390/361/903
f 792/748/904 854/804/904 255/805/904
f 779/741/905 783/806/905 255/805/905
f 855/807/906 856/808/906 857/809/906
f 851/810/907 825/780/907 847/799/907
f 851/810/908 856/808/908 855/807/908
f 855/807/909 818/771/909 851/810/909
f 851/810/910 818/771/910 825/780/910
f 826/790/911 840/794/911 847/799/911
f 841/795/912 829/782/912 542/521/912
f 862/811/913 849/800/913 843/801/913
f 860/812/914 699/813/914 862/811/914
f 847/799/915 861/814/915 851/810/915
f 847/799/916 863/815/916 864/816/916
f 847/799/917 864/816/917 861/814/917
f 102/699/918 735/698/918 81/590/918
f 841/795/919 865/817/919 848/803/919
f 850/818/920 862/811/920 844/802/920
f 699/819/921 860/820/921 700/821/921
f 701/822/922 862/811/922 699/813/922
f 862/811/923 850/818/923 860/812/923
f 870/823/924 856/808/924 869/824/924
f 856/808/925 861/814/925 869/824/925
f 851/810/926 861/814/926 856/808/926
f 865/817/927 871/825/927 848/803/927
f 843/801/928 844/802/928 862/811/928
f 700/821/929 873/826/929 699/819/929
f 868/520/930 842/522/930 875/827/930
f 849/800/931 876/828/931 842/522/931
f 689/829/932 701/822/932 699/813/932
f 699/819/933 873/826/933 689/830/933
f 847/799/934 840/794/934 863/815/934
f 865/817/935 841/795/935 872/831/935
f 868/520/936 866/832/936 841/795/936
f 862/811/937 690/833/937 876/828/937
f 862/811/938 701/822/938 690/833/938
f 690/833/939 701/822/939 689/829/939
f 877/834/940 879/835/940 869/824/940
f 877/834/941 864/816/941 878/836/941
f 840/794/942 848/803/942 863/815/942
f 872/831/943 889/837/943 871/825/943
f 876/828/944 875/827/944 842/522/944
f 690/833/945 689/829/945 881/838/945
f 689/829/946 681/678/946 881/838/946
f 877/834/947 861/814/947 864/816/947
f 869/824/948 861/814/948 877/834/948
f 863/815/949 878/836/949 864/816/949
f 880/839/950 863/815/950 848/803/950
f 872/831/951 871/825/951 865/817/951
f 882/840/952 876/828/952 690/833/952
f 690/833/953 881/838/953 883/841/953
f 681/678/954 680/677/954 883/841/954
f 883/841/955 881/838/955 681/678/955
f 848/803/956 921/842/956 880/839/956
f 871/825/957 921/842/957 848/803/957
f 876/828/958 882/840/958 875/827/958
f 882/840/959 883/841/959 891/843/959
f 882/840/960 690/833/960 883/841/960
f 891/843/961 883/841/961 680/677/961
f 679/676/962 698/844/962 697/845/962
f 697/845/963 680/677/963 679/676/963
f 879/835/964 884/846/964 886/847/964
f 884/846/965 879/835/965 877/834/965
f 884/846/966 877/834/966 887/848/966
f 871/825/967 889/837/967 885/849/967
f 891/843/968 680/677/968 892/850/968
f 697/845/969 897/851/969 892/850/969
f 892/850/970 680/677/970 697/845/970
f 698/844/971 893/852/971 697/845/971
f 868/520/972 875/827/972 867/853/972
f 875/827/973 882/840/973 867/853/973
f 882/840/974 891/843/974 867/853/974
f 896/854/975 892/850/975 897/851/975
f 898/855/976 897/851/976 893/852/976
f 897/851/977 697/845/977 893/852/977
f 899/856/978 900/857/978 898/855/978
f 893/852/979 899/856/979 898/855/979
f 901/858/980 886/847/980 902/859/980
f 884/846/981 902/859/981 886/847/981
f 887/848/982 888/860/982 903/861/982
f 887/848/983 877/834/983 878/836/983
f 878/836/984 863/815/984 895/862/984
f 907/863/985 915/864/985 898/855/985
f 908/865/986 678/866/986 900/857/986
f 902/859/987 909/867/987 910/868/987
f 903/861/988 902/859/988 884/846/988
f 863/815/989 880/839/989 895/862/989
f 885/849/990 979/869/990 871/825/990
f 889/837/991 912/870/991 885/849/991
f 891/843/992 913/871/992 867/853/992
f 891/843/993 892/850/993 913/871/993
f 906/872/994 897/851/994 915/864/994
f 898/855/995 900/857/995 907/863/995
f 915/864/996 897/851/996 898/855/996
f 900/857/997 678/866/997 907/863/997
f 903/861/998 911/873/998 909/867/998
f 903/861/999 909/867/999 902/859/999
f 884/846/1000 887/848/1000 903/861/1000
f 1274/874/1001 172/875/1001 142/876/1001
f 871/825/957 979/869/957 921/842/957
f 885/849/1002 912/870/1002 979/869/1002
f 890/877/1003 867/853/1003 934/878/1003
f 892/850/1004 914/879/1004 913/871/1004
f 892/850/1005 896/854/1005 914/879/1005
f 916/880/1006 915/864/1006 907/863/1006
f 678/866/1007 917/881/1007 907/863/1007
f 917/881/1008 678/866/1008 101/882/1008
f 673/883/1009 661/884/1009 918/885/1009
f 919/886/1010 814/765/1010 804/887/1010
f 920/888/1011 811/760/1011 814/765/1011
f 888/860/1012 911/873/1012 903/861/1012
f 895/862/1013 888/860/1013 878/836/1013
f 906/872/1014 935/889/1014 896/854/1014
f 906/872/1015 923/890/1015 935/889/1015
f 915/864/1016 923/890/1016 906/872/1016
f 907/863/1017 917/881/1017 926/891/1017
f 926/891/1018 917/881/1018 925/892/1018
f 926/891/1019 927/893/1019 928/894/1019
f 919/886/1020 909/867/1020 814/765/1020
f 814/765/1021 909/867/1021 911/873/1021
f 911/873/1022 920/888/1022 814/765/1022
f 1253/895/1023 949/290/1023 204/184/1023
f 922/896/1024 912/870/1024 874/897/1024
f 896/854/1025 935/889/1025 914/879/1025
f 915/864/1026 916/880/1026 923/890/1026
f 88/898/1027 926/891/1027 925/892/1027
f 927/893/1028 926/891/1028 929/899/1028
f 88/898/1029 937/900/1029 929/899/1029
f 814/765/1030 675/901/1030 804/887/1030
f 920/888/1031 911/873/1031 812/761/1031
f 888/860/1032 895/862/1032 911/873/1032
f 921/842/1033 938/902/1033 880/839/1033
f 874/897/1034 912/870/1034 889/837/1034
f 916/880/1035 940/903/1035 923/890/1035
f 924/904/1036 916/880/1036 907/863/1036
f 926/891/1037 88/898/1037 929/899/1037
f 937/900/1038 942/905/1038 929/899/1038
f 803/906/1039 942/905/1039 937/900/1039
f 933/907/1040 943/908/1040 786/909/1040
f 177/191/1041 945/910/1041 162/192/1041
f 600/598/1042 598/594/1042 609/599/1042
f 911/873/1043 895/862/1043 812/761/1043
f 880/839/1044 938/902/1044 895/862/1044
f 912/870/1045 958/911/1045 979/869/1045
f 912/870/1046 959/912/1046 958/911/1046
f 912/870/1047 922/896/1047 959/912/1047
f 905/913/1048 922/896/1048 874/897/1048
f 935/889/1049 947/914/1049 914/879/1049
f 916/880/1050 924/904/1050 940/903/1050
f 929/899/1051 942/905/1051 927/893/1051
f 803/906/1052 948/915/1052 942/905/1052
f 937/900/1053 72/916/1053 803/906/1053
f 950/917/1054 944/918/1054 951/919/1054
f 950/917/1055 671/920/1055 944/918/1055
f 1297/921/1056 954/922/1056 955/923/1056
f 609/599/1057 956/924/1057 341/925/1057
f 675/901/1058 814/765/1058 674/764/1058
f 920/888/1059 812/761/1059 811/760/1059
f 904/926/1060 934/878/1060 914/879/1060
f 928/894/1061 927/893/1061 972/927/1061
f 946/928/1062 963/929/1062 964/930/1062
f 63/39/1063 67/931/1063 61/36/1063
f 966/932/1064 964/930/1064 1143/933/1064
f 957/934/1065 956/924/1065 609/599/1065
f 705/935/1066 978/936/1066 675/901/1066
f 675/901/1067 674/764/1067 813/763/1067
f 811/760/1068 813/763/1068 674/764/1068
f 905/913/1069 960/937/1069 922/896/1069
f 924/904/1070 971/938/1070 940/903/1070
f 924/904/1071 928/894/1071 971/938/1071
f 941/939/1072 962/940/1072 961/941/1072
f 803/942/1073 802/943/1073 801/944/1073
f 658/655/1074 660/658/1074 668/671/1074
f 976/945/1075 894/946/1075 708/689/1075
f 675/901/1076 813/763/1076 705/935/1076
f 921/842/1077 979/869/1077 938/902/1077
f 972/927/1078 971/938/1078 928/894/1078
f 801/947/1079 962/940/1079 948/915/1079
f 948/915/1080 803/906/1080 801/947/1080
f 933/907/1081 985/948/1081 977/949/1081
f 765/950/1082 705/935/1082 813/763/1082
f 812/761/1083 895/862/1083 988/951/1083
f 938/902/1084 988/951/1084 895/862/1084
f 922/896/1085 980/952/1085 959/912/1085
f 922/896/1086 960/937/1086 980/952/1086
f 960/937/1087 939/953/1087 981/954/1087
f 981/954/1088 969/955/1088 990/956/1088
f 983/957/1089 982/958/1089 971/938/1089
f 974/959/1090 972/927/1090 973/960/1090
f 994/961/1091 991/962/1091 771/732/1091
f 773/733/1092 771/732/1092 772/963/1092
f 768/964/1093 691/965/1093 769/966/1093
f 975/967/1094 986/968/1094 894/946/1094
f 986/968/1095 4/969/1095 894/946/1095
f 765/950/1096 813/763/1096 764/762/1096
f 811/760/1097 1015/725/1097 764/762/1097
f 938/902/1098 1030/970/1098 988/951/1098
f 979/869/1099 958/911/1099 993/971/1099
f 958/911/1100 959/912/1100 1001/972/1100
f 989/973/1101 980/952/1101 960/937/1101
f 989/973/1102 960/937/1102 981/954/1102
f 799/974/1103 797/975/1103 961/941/1103
f 962/940/1104 799/974/1104 961/941/1104
f 962/940/1105 800/976/1105 799/974/1105
f 801/944/1106 800/977/1106 962/978/1106
f 771/732/1107 775/731/1107 994/961/1107
f 930/979/1108 773/733/1108 772/963/1108
f 691/965/1109 770/980/1109 769/966/1109
f 708/689/1110 894/946/1110 4/969/1110
f 708/689/1111 953/981/1111 976/945/1111
f 998/982/1112 748/983/1112 976/945/1112
f 846/984/1113 977/949/1113 985/948/1113
f 999/985/1114 1000/986/1114 2/987/1114
f 609/599/1115 12/583/1115 586/582/1115
f 967/988/1116 968/989/1116 956/924/1116
f 1329/990/1117 943/908/1117 349/991/1117
f 943/908/1118 1048/992/1118 349/991/1118
f 988/951/1119 810/993/1119 812/761/1119
f 979/869/1120 1030/970/1120 938/902/1120
f 958/911/1121 1001/972/1121 993/971/1121
f 770/980/1122 771/732/1122 769/966/1122
f 772/963/1123 771/732/1123 770/980/1123
f 692/994/1124 945/910/1124 1006/995/1124
f 975/967/1125 894/946/1125 992/996/1125
f 998/982/1126 976/945/1126 953/981/1126
f 607/596/1127 1007/997/1127 967/988/1127
f 607/596/1128 606/595/1128 1007/997/1128
f 997/998/1129 953/981/1129 710/691/1129
f 1009/999/1130 997/998/1130 710/691/1130
f 190/316/1131 191/694/1131 474/444/1131
f 672/1000/1132 1010/1001/1132 671/920/1132
f 943/908/1133 1329/990/1133 966/932/1133
f 1012/1002/1134 918/885/1134 661/884/1134
f 705/935/1135 1014/1003/1135 1013/1004/1135
f 810/993/1136 1015/725/1136 812/761/1136
f 988/951/1137 809/1005/1137 810/993/1137
f 1002/1006/1138 981/954/1138 990/956/1138
f 982/958/1139 1016/1007/1139 969/955/1139
f 983/957/1140 1017/1008/1140 982/958/1140
f 974/959/1141 1004/1009/1141 1003/1010/1141
f 797/975/1142 799/974/1142 798/1011/1142
f 800/977/1143 801/944/1143 707/1012/1143
f 986/968/1144 10/1013/1144 4/969/1144
f 771/732/1145 3/1014/1145 769/966/1145
f 1019/707/1146 994/961/1146 995/1015/1146
f 996/1016/1147 773/733/1147 930/979/1147
f 770/980/1148 1020/1017/1148 772/963/1148
f 691/965/1149 1020/1017/1149 770/980/1149
f 1348/1018/1150 1020/1017/1150 691/965/1150
f 1020/1017/1151 1348/1018/1151 692/1019/1151
f 1035/1020/1152 1023/1021/1152 1024/1022/1152
f 473/443/1153 455/1023/1153 335/317/1153
f 474/444/1154 473/443/1154 190/316/1154
f 455/1023/1155 456/501/1155 431/408/1155
f 231/237/1156 432/410/1156 412/409/1156
f 174/1024/1157 10/1013/1157 986/968/1157
f 1008/1025/1158 967/988/1158 1007/997/1158
f 606/595/1159 1025/1026/1159 1007/997/1159
f 918/885/1160 1026/1027/1160 1369/1028/1160
f 1027/1029/1161 1028/1030/1161 1012/1002/1161
f 750/711/1162 1028/1030/1162 1027/1029/1162
f 1014/1003/1163 705/935/1163 765/950/1163
f 765/950/1164 764/762/1164 1015/725/1164
f 980/952/1165 1044/1031/1165 959/912/1165
f 982/958/1166 1017/1008/1166 1016/1007/1166
f 1003/1010/1167 1017/1008/1167 983/957/1167
f 533/496/1168 528/1032/1168 552/538/1168
f 529/503/1169 798/1033/1169 800/977/1169
f 1058/1034/1170 1033/1035/1170 774/1036/1170
f 1020/1017/1171 1021/1037/1171 931/1038/1171
f 1036/1039/1172 1037/1040/1172 1038/1041/1172
f 1006/995/1173 945/910/1173 932/1042/1173
f 1038/1041/1174 932/1042/1174 1036/1039/1174
f 358/1043/1175 139/239/1175 1040/1044/1175
f 1010/1001/1176 944/918/1176 671/920/1176
f 997/998/1177 1009/999/1177 1042/1045/1177
f 1026/1027/1178 918/885/1178 1012/1002/1178
f 1028/1030/1179 1026/1027/1179 1012/1002/1179
f 749/710/1180 1028/1030/1180 750/711/1180
f 1014/1003/1181 1355/1046/1181 1043/1047/1181
f 527/1048/1182 1355/1046/1182 1014/1003/1182
f 765/950/1183 1015/725/1183 763/1049/1183
f 1030/970/1184 979/869/1184 808/1050/1184
f 959/912/1185 1044/1031/1185 1001/972/1185
f 1044/1031/1186 980/952/1186 989/973/1186
f 989/973/1187 1002/1006/1187 1031/1051/1187
f 969/955/1188 1016/1007/1188 990/956/1188
f 533/496/1189 1004/1009/1189 797/975/1189
f 792/748/1190 256/735/1190 552/504/1190
f 518/497/1191 552/538/1191 776/751/1191
f 707/1012/1192 529/503/1192 800/977/1192
f 3/1052/1193 771/1053/1193 1033/1035/1193
f 991/1054/1194 994/1055/1194 774/1036/1194
f 1018/1056/1195 994/1055/1195 1019/1057/1195
f 1019/1057/1196 148/1058/1196 1018/1056/1196
f 772/963/1197 931/1038/1197 930/979/1197
f 692/1019/1198 1006/1059/1198 1021/1037/1198
f 1009/999/1199 710/691/1199 952/1060/1199
f 13/531/1200 15/550/1200 12/583/1200
f 174/1024/1201 711/1061/1201 10/1013/1201
f 1007/997/1202 950/917/1202 1008/1025/1202
f 986/968/1203 987/206/1203 174/1024/1203
f 1/1062/1204 1000/986/1204 191/694/1204
f 1069/1063/1205 1051/1064/1205 1011/1065/1205
f 1011/1065/1206 1369/1028/1206 1026/1027/1206
f 1026/1027/1207 1028/1030/1207 1011/1065/1207
f 1028/1030/1208 696/1066/1208 1011/1065/1208
f 749/710/1209 751/686/1209 696/1066/1209
f 751/686/1210 703/685/1210 696/1066/1210
f 695/1067/1211 1052/1068/1211 1053/1069/1211
f 527/1048/1212 1014/1003/1212 765/950/1212
f 763/1049/1213 1029/1070/1213 526/1071/1213
f 526/1071/1214 765/950/1214 763/1049/1214
f 763/1049/1215 1054/724/1215 1029/1070/1215
f 988/951/1216 1030/970/1216 809/1005/1216
f 979/869/1217 993/971/1217 808/1050/1217
f 1055/1072/1218 1002/1006/1218 990/956/1218
f 1004/1009/1219 1045/1073/1219 1003/1010/1219
f 1056/1074/1220 789/743/1220 791/742/1220
f 256/746/1221 795/745/1221 776/751/1221
f 529/503/1222 793/749/1222 792/748/1222
f 798/1033/1223 529/503/1223 528/505/1223
f 529/503/1224 707/1012/1224 793/749/1224
f 191/694/1225 5/1075/1225 1/1062/1225
f 1057/1076/1226 145/1077/1226 146/1078/1226
f 3/1052/1227 1058/1034/1227 1032/1079/1227
f 1033/1035/1228 1058/1034/1228 3/1052/1228
f 774/1036/1229 1059/1080/1229 1084/1081/1229
f 148/1058/1230 149/1082/1230 1018/1056/1230
f 1060/1083/1231 1061/1084/1231 148/1085/1231
f 1064/1086/1232 1062/1087/1232 1063/1088/1232
f 190/316/1233 60/32/1233 488/461/1233
f 1062/1087/1234 1034/1089/1234 1063/1088/1234
f 1034/1090/1235 791/742/1235 788/744/1235
f 1035/1020/1236 931/1038/1236 1021/1037/1236
f 931/1038/1237 772/963/1237 1020/1017/1237
f 1020/1017/1238 692/1019/1238 1021/1037/1238
f 1021/1037/1239 1038/1091/1239 1022/1092/1239
f 1065/1093/1240 1035/1020/1240 1022/1092/1240
f 1008/1025/1241 951/919/1241 1049/1094/1241
f 950/917/1242 951/919/1242 1008/1025/1242
f 944/1095/1243 295/277/1243 1066/1096/1243
f 1066/1097/1244 951/919/1244 944/918/1244
f 1068/1098/1245 1050/1099/1245 1051/1064/1245
f 1051/1064/1246 1369/1028/1246 1011/1065/1246
f 1011/1065/1247 1070/1100/1247 1069/1063/1247
f 1028/1030/1248 749/710/1248 696/1066/1248
f 1073/1101/1249 703/685/1249 1052/1068/1249
f 1074/1102/1250 1075/1103/1250 438/1104/1250
f 527/1048/1251 765/950/1251 526/1071/1251
f 527/1048/1252 1075/1103/1252 1074/1102/1252
f 1015/725/1253 810/993/1253 1162/726/1253
f 1003/1010/1254 1045/1073/1254 1017/1008/1254
f 1077/1105/1255 1078/1106/1255 1079/1107/1255
f 1080/1108/1256 789/743/1256 1056/1074/1256
f 953/981/1257 1041/1109/1257 998/982/1257
f 785/1110/1258 790/1111/1258 789/1112/1258
f 779/741/1259 778/1113/1259 784/739/1259
f 255/805/1260 783/806/1260 256/735/1260
f 256/735/1261 792/748/1261 255/805/1261
f 792/748/1262 552/504/1262 529/503/1262
f 854/804/1263 792/748/1263 794/750/1263
f 1057/1076/1264 265/1114/1264 145/1077/1264
f 720/1115/1265 1288/1116/1265 1083/1117/1265
f 1058/1034/1266 146/1078/1266 1032/1079/1266
f 149/1118/1267 148/1085/1267 1061/1084/1267
f 1041/1109/1268 1082/1119/1268 1081/1120/1268
f 788/1121/1269 1063/1088/1269 1034/1089/1269
f 789/1112/1270 790/1111/1270 788/1122/1270
f 1082/1119/1271 1041/1109/1271 997/998/1271
f 1021/1037/1272 1006/1059/1272 1038/1091/1272
f 1022/1092/1273 1038/1091/1273 1065/1093/1273
f 1035/1020/1274 1021/1037/1274 1022/1092/1274
f 440/1123/1275 985/948/1275 999/985/1275
f 1088/1124/1276 1089/1125/1276 1087/1126/1276
f 1089/1125/1277 1090/1127/1277 1087/1126/1277
f 951/1128/1278 1092/1129/1278 1049/1130/1278
f 1066/1097/1279 1092/1131/1279 951/919/1279
f 1066/1096/1280 295/277/1280 1092/1129/1280
f 1050/1099/1281 1068/1098/1281 1067/1132/1281
f 1068/1098/1282 1051/1064/1282 1069/1063/1282
f 1093/1133/1283 1068/1098/1283 1069/1063/1283
f 1072/1134/1284 1011/1065/1284 696/1066/1284
f 1072/1134/1285 696/1066/1285 1094/1135/1285
f 696/1066/1286 703/685/1286 1073/1101/1286
f 1073/1101/1287 1052/1068/1287 695/1067/1287
f 694/1136/1288 1097/1137/1288 695/1067/1288
f 445/1138/1289 1097/1137/1289 694/1136/1289
f 438/1104/1290 1075/1103/1290 437/1139/1290
f 1075/1103/1291 527/1048/1291 526/1071/1291
f 1030/970/1292 808/1050/1292 809/1005/1292
f 993/971/1293 1181/1140/1293 808/1050/1293
f 1044/1031/1294 989/973/1294 1031/1051/1294
f 1016/1007/1295 1017/1008/1295 1100/1141/1295
f 785/1142/1296 795/745/1296 783/747/1296
f 789/743/1297 1080/1108/1297 785/1142/1297
f 1080/1108/1298 1103/1143/1298 1104/1144/1298
f 790/1111/1299 787/1145/1299 788/1122/1299
f 790/1111/1300 784/1146/1300 778/1147/1300
f 1105/1148/1301 1106/1149/1301 790/1111/1301
f 779/741/1302 785/740/1302 783/806/1302
f 794/750/1303 265/1114/1303 854/804/1303
f 1057/1076/1304 1046/1150/1304 854/804/1304
f 1058/1034/1305 1084/1081/1305 1085/1151/1305
f 1018/1056/1306 149/1082/1306 1059/1080/1306
f 149/1082/1307 1107/1152/1307 1108/1153/1307
f 1061/1154/1308 1107/1152/1308 149/1082/1308
f 1061/1154/1309 1063/1155/1309 788/1122/1309
f 788/1122/1310 787/1145/1310 1061/1154/1310
f 790/1111/1311 785/1110/1311 784/1146/1311
f 910/868/1312 909/867/1312 919/886/1312
f 952/1060/1313 1086/1156/1313 1009/999/1313
f 1109/1157/1314 746/705/1314 1019/707/1314
f 1110/1158/1315 996/1016/1315 1111/1159/1315
f 1065/1093/1316 1023/1021/1316 1035/1020/1316
f 709/690/1317 713/692/1317 952/1060/1317
f 677/1/1318 18/3/1318 704/708/1318
f 1114/1160/1319 1368/1161/1319 1088/1124/1319
f 1115/1162/1320 1088/1124/1320 1087/1126/1320
f 1087/1126/1321 1091/1163/1321 1115/1162/1321
f 1090/1127/1322 743/1164/1322 1091/1163/1322
f 715/1165/1323 952/1060/1323 713/692/1323
f 711/1061/1324 174/1024/1324 712/693/1324
f 1067/1132/1325 1116/1166/1325 295/277/1325
f 1068/1098/1326 1116/1166/1326 1067/1132/1326
f 1070/1100/1327 1071/1167/1327 1069/1063/1327
f 1011/1065/1328 1117/1168/1328 1070/1100/1328
f 1072/1134/1329 1117/1168/1329 1011/1065/1329
f 1073/1101/1330 1097/1137/1330 1161/1169/1330
f 1118/1170/1331 1161/1169/1331 1097/1137/1331
f 1161/1169/1332 1094/1135/1332 1073/1101/1332
f 1073/1101/1333 695/1067/1333 1097/1137/1333
f 1118/1170/1334 1097/1137/1334 445/1138/1334
f 437/1139/1335 445/1138/1335 446/1171/1335
f 526/1071/1336 437/1139/1336 1075/1103/1336
f 1098/1172/1337 526/1071/1337 1099/1173/1337
f 1054/724/1338 1138/1174/1338 1029/1070/1338
f 993/971/1339 1001/972/1339 1181/1140/1339
f 1045/1073/1340 1101/1175/1340 1017/1008/1340
f 515/498/1341 1101/1175/1341 1045/1073/1341
f 785/1142/1342 1080/1108/1342 795/745/1342
f 855/807/1343 1353/789/1343 818/771/1343
f 779/741/1344 255/805/1344 778/1113/1344
f 854/804/1345 265/1114/1345 1057/1076/1345
f 1046/1150/1346 255/805/1346 854/804/1346
f 1046/1150/1347 1057/1076/1347 146/1078/1347
f 146/1078/1348 1058/1034/1348 1046/1150/1348
f 1108/1153/1349 1059/1080/1349 149/1082/1349
f 787/1145/1350 1107/1152/1350 1061/1154/1350
f 787/1145/1351 790/1111/1351 1106/1149/1351
f 996/1016/1352 1112/1176/1352 1111/1159/1352
f 682/679/1353 683/1177/1353 686/680/1353
f 1205/1178/1354 738/1179/1354 1174/1180/1354
f 17/2/1355 975/967/1355 992/996/1355
f 1126/1181/1356 1124/1182/1356 1125/1183/1356
f 1124/1184/1357 1127/1185/1357 1128/1186/1357
f 669/1187/1358 671/920/1358 362/1188/1358
f 472/448/1359 1129/1189/1359 1130/1190/1359
f 1088/1124/1360 1115/1162/1360 1155/24/1360
f 1115/1162/1361 1091/1163/1361 1131/1191/1361
f 1091/1163/1362 743/1164/1362 1131/1191/1362
f 742/1192/1363 1131/1191/1363 743/1164/1363
f 294/276/1364 1132/278/1364 743/1164/1364
f 1116/1166/1365 1132/278/1365 295/277/1365
f 1116/1166/1366 1068/1098/1366 1093/1133/1366
f 1093/1133/1367 1071/1167/1367 1134/1193/1367
f 1070/1100/1368 1117/1168/1368 1071/1167/1368
f 1072/1134/1369 1095/1194/1369 1136/1195/1369
f 1198/1196/1370 1161/1169/1370 1119/1197/1370
f 1119/1197/1371 1161/1169/1371 1118/1170/1371
f 1118/1170/1372 445/1138/1372 1137/1198/1372
f 1137/1198/1373 1119/1197/1373 1118/1170/1373
f 445/1138/1374 437/1139/1374 1137/1198/1374
f 437/1139/1375 526/1071/1375 1098/1172/1375
f 526/1071/1376 1029/1070/1376 1099/1173/1376
f 1029/1070/1377 1138/1174/1377 1099/1173/1377
f 1001/972/1378 1163/1199/1378 1181/1140/1378
f 1163/1199/1379 1001/972/1379 1044/1031/1379
f 1055/1072/1380 1031/1051/1380 1002/1006/1380
f 327/305/1381 326/304/1381 502/1200/1381
f 990/956/1382 1016/1007/1382 1055/1072/1382
f 1120/1201/1383 1077/1105/1383 1139/1202/1383
f 1080/1108/1384 796/1203/1384 795/745/1384
f 1078/1106/1385 796/1203/1385 1121/1204/1385
f 57/34/1386 56/33/1386 1141/1205/1386
f 1141/1205/1387 56/33/1387 147/1206/1387
f 18/3/1388 230/1207/1388 747/709/1388
f 230/1207/1389 992/996/1389 894/946/1389
f 781/737/1390 1122/1208/1390 778/1113/1390
f 255/805/1391 1046/1150/1391 781/737/1391
f 1108/1153/1392 1106/1149/1392 1085/1151/1392
f 190/316/1393 489/462/1393 191/694/1393
f 712/693/1394 412/409/1394 431/408/1394
f 1109/1157/1395 502/1200/1395 258/397/1395
f 1109/1157/1396 1111/1159/1396 502/1200/1396
f 1111/1159/1397 1112/1176/1397 1142/1209/1397
f 327/305/1398 1142/1209/1398 1112/1176/1398
f 998/982/1399 1041/1109/1399 1143/933/1399
f 1023/1021/1400 1144/1210/1400 1113/1211/1400
f 1023/1021/1401 1145/1212/1401 1144/1210/1401
f 136/1213/1402 1146/1214/1402 135/1215/1402
f 1147/1216/1403 1125/1217/1403 1124/1184/1403
f 1129/1189/1404 1152/1218/1404 1130/1190/1404
f 472/448/1405 1130/1190/1405 1088/1124/1405
f 742/1192/1406 1132/278/1406 1157/1219/1406
f 743/1164/1407 1132/278/1407 742/1192/1407
f 743/1164/1408 1092/1129/1408 294/276/1408
f 1093/1133/1409 1069/1063/1409 1071/1167/1409
f 1072/1134/1410 1136/1195/1410 1117/1168/1410
f 1098/1172/1411 1137/1198/1411 437/1139/1411
f 1094/1135/1412 1161/1169/1412 1095/1194/1412
f 1137/1198/1413 1098/1172/1413 1119/1197/1413
f 810/993/1414 1223/1220/1414 1162/726/1414
f 1044/1031/1415 1076/1221/1415 1164/1222/1415
f 1101/1175/1416 1100/1141/1416 1017/1008/1416
f 1166/1223/1417 1140/1224/1417 1078/1106/1417
f 796/1203/1418 1077/1105/1418 1102/1225/1418
f 796/1203/1419 1078/1106/1419 1077/1105/1419
f 796/1203/1420 1080/1108/1420 1104/1144/1420
f 1395/1226/1421 1168/1227/1421 1103/1143/1421
f 778/1113/1422 255/805/1422 781/737/1422
f 1046/1150/1423 1085/1151/1423 781/737/1423
f 1108/1153/1424 1107/1152/1424 1106/1149/1424
f 362/1228/1425 361/660/1425 669/666/1425
f 475/445/1426 474/444/1426 191/694/1426
f 746/705/1427 258/397/1427 745/1229/1427
f 1109/1157/1428 258/397/1428 746/705/1428
f 502/1200/1429 1111/1159/1429 1142/1209/1429
f 1113/1211/1430 1024/1022/1430 1023/1021/1430
f 1173/1230/1431 1174/1180/1431 1144/1210/1431
f 683/1177/1432 682/679/1432 1113/1211/1432
f 1146/1231/1433 852/1232/1433 853/1233/1433
f 136/1234/1434 1126/1235/1434 1125/1217/1434
f 1146/1231/1435 136/1234/1435 1175/1236/1435
f 1175/1236/1436 1173/1230/1436 852/1232/1436
f 1175/1236/1437 136/1234/1437 1147/1216/1437
f 1147/1216/1438 1149/1237/1438 1176/1238/1438
f 1127/1185/1439 1177/1239/1439 1128/1186/1439
f 1128/1186/1440 1149/1237/1440 1147/1216/1440
f 1177/1239/1441 1149/1237/1441 1128/1186/1441
f 1178/1240/1442 1179/1241/1442 1153/1242/1442
f 472/448/1443 1088/1124/1443 1155/24/1443
f 435/411/1444 1156/1243/1444 436/412/1444
f 1155/24/1445 436/412/1445 48/25/1445
f 423/704/1446 1131/1191/1446 741/703/1446
f 1131/1191/1447 742/1192/1447 741/703/1447
f 1133/1244/1448 1159/1245/1448 1158/1246/1448
f 1157/1219/1449 741/703/1449 742/1192/1449
f 1132/278/1450 1116/1166/1450 1133/1244/1450
f 1093/1133/1451 1133/1244/1451 1116/1166/1451
f 1135/1247/1452 1133/1244/1452 1093/1133/1452
f 1135/1247/1453 1093/1133/1453 1134/1193/1453
f 1135/1247/1454 1159/1245/1454 1133/1244/1454
f 1134/1193/1455 1180/1248/1455 1160/1249/1455
f 1071/1167/1456 1180/1248/1456 1134/1193/1456
f 1117/1168/1457 1180/1248/1457 1071/1167/1457
f 1136/1195/1458 1196/1250/1458 1117/1168/1458
f 1099/1173/1459 1138/1174/1459 1098/1172/1459
f 1054/724/1460 1162/726/1460 1138/1174/1460
f 810/993/1461 809/1005/1461 1223/1220/1461
f 1016/1007/1462 1183/1251/1462 1055/1072/1462
f 1100/1141/1463 1183/1251/1463 1016/1007/1463
f 1100/1141/1464 1101/1175/1464 1165/1252/1464
f 1165/1252/1465 1101/1175/1465 1139/1202/1465
f 1120/1201/1466 1139/1202/1466 1101/1175/1466
f 1079/1107/1467 1139/1202/1467 1077/1105/1467
f 796/1203/1468 1104/1144/1468 1121/1204/1468
f 1104/1144/1469 1103/1143/1469 1168/1227/1469
f 739/1253/1470 1168/1227/1470 1395/1226/1470
f 780/736/1471 1122/1208/1471 781/737/1471
f 780/736/1472 782/738/1472 1170/1254/1472
f 1086/1156/1473 1000/986/1473 999/985/1473
f 1086/1156/1474 999/985/1474 1042/1045/1474
f 1171/1255/1475 1186/1256/1475 746/705/1475
f 132/117/1476 400/1257/1476 419/651/1476
f 1142/1209/1477 327/305/1477 502/1200/1477
f 326/304/1478 1172/1258/1478 1123/366/1478
f 1112/1176/1479 687/1259/1479 685/303/1479
f 686/680/1480 684/1260/1480 685/303/1480
f 683/1177/1481 1174/1180/1481 738/1179/1481
f 1144/1210/1482 1145/1212/1482 1173/1230/1482
f 1144/1210/1483 1174/1180/1483 683/1177/1483
f 1145/1212/1484 852/1232/1484 1173/1230/1484
f 1175/1236/1485 852/1232/1485 1146/1231/1485
f 1175/1236/1486 1148/1261/1486 1173/1230/1486
f 1151/1262/1487 1188/1263/1487 1127/1185/1487
f 1151/1262/1488 1189/1264/1488 1188/1263/1488
f 1178/1240/1489 1152/1218/1489 1129/1189/1489
f 1129/1189/1490 393/1265/1490 1178/1240/1490
f 1192/1266/1491 380/358/1491 1193/1267/1491
f 436/412/1492 1156/1243/1492 48/25/1492
f 1158/1246/1493 1159/1245/1493 427/413/1493
f 1132/278/1494 1133/1244/1494 1157/1219/1494
f 1196/1250/1495 1180/1248/1495 1117/1168/1495
f 1095/1194/1496 1208/1268/1496 1136/1195/1496
f 1161/1169/1497 1197/1269/1497 1095/1194/1497
f 1161/1169/1498 1198/1196/1498 1197/1269/1498
f 1119/1197/1499 1098/1172/1499 1198/1196/1499
f 808/1050/1500 1181/1140/1500 762/1270/1500
f 1181/1140/1501 1163/1199/1501 1209/1271/1501
f 1163/1199/1502 1044/1031/1502 1164/1222/1502
f 1031/1051/1503 1199/757/1503 1164/1222/1503
f 1031/1051/1504 1055/1072/1504 1182/1272/1504
f 1182/1272/1505 1055/1072/1505 1183/1251/1505
f 1079/1107/1506 1140/1224/1506 1165/1252/1506
f 1121/1204/1507 1167/1273/1507 1078/1106/1507
f 431/408/1508 335/317/1508 455/1023/1508
f 456/501/1509 712/693/1509 431/408/1509
f 238/227/1510 1168/1227/1510 739/1253/1510
f 239/730/1511 238/227/1511 739/1253/1511
f 1213/1274/1512 1200/1275/1512 1170/1254/1512
f 412/409/1513 712/693/1513 174/1024/1513
f 1171/1255/1514 1185/1276/1514 1184/1277/1514
f 1185/1276/1515 1171/1255/1515 1201/1278/1515
f 746/705/1516 745/1229/1516 1171/1255/1516
f 745/1229/1517 259/387/1517 1201/1278/1517
f 1202/1279/1518 291/258/1518 343/1280/1518
f 1201/1278/1519 1171/1255/1519 745/1229/1519
f 858/1281/1520 1203/1282/1520 859/1283/1520
f 449/426/1521 436/412/1521 1155/24/1521
f 326/304/1522 685/303/1522 1172/1258/1522
f 686/680/1523 683/1177/1523 738/1179/1523
f 1205/1178/1524 1174/1180/1524 1173/1230/1524
f 1173/1230/1525 1148/1261/1525 1205/1178/1525
f 1216/1284/1526 1148/1261/1526 1176/1238/1526
f 1176/1238/1527 1206/1285/1527 1216/1284/1527
f 1149/1237/1528 1206/1285/1528 1176/1238/1528
f 753/1286/1529 1178/1240/1529 1190/1287/1529
f 753/1286/1530 406/681/1530 752/683/1530
f 377/359/1531 1207/1288/1531 1190/1287/1531
f 1190/1287/1532 1178/1240/1532 393/1265/1532
f 1192/1266/1533 1235/1289/1533 380/358/1533
f 435/411/1534 1195/1290/1534 1156/1243/1534
f 427/413/1535 1195/1290/1535 435/411/1535
f 1159/1245/1536 1135/1247/1536 1134/1193/1536
f 1160/1249/1537 1159/1245/1537 1134/1193/1537
f 1136/1195/1538 1208/1268/1538 1196/1250/1538
f 1162/726/1539 1222/1291/1539 1138/1174/1539
f 808/1050/1540 1223/1220/1540 809/1005/1540
f 1238/759/1541 1163/1199/1541 1164/1222/1541
f 1077/1105/1542 1120/1201/1542 514/1292/1542
f 1140/1224/1543 1211/1293/1543 1100/1141/1543
f 1165/1252/1544 1139/1202/1544 1079/1107/1544
f 1078/1106/1545 1167/1273/1545 1166/1223/1545
f 747/709/1546 230/1207/1546 835/1294/1546
f 235/1295/1547 766/1296/1547 236/729/1547
f 139/239/1548 174/1024/1548 987/206/1548
f 668/671/1549 656/1297/1549 653/669/1549
f 306/289/1550 1231/1298/1550 1213/1274/1550
f 250/301/1551 291/258/1551 1202/1279/1551
f 1212/1299/1552 1213/1274/1552 1184/1277/1552
f 250/301/1553 1214/1300/1553 1215/1301/1553
f 686/680/1554 738/1179/1554 684/1260/1554
f 1148/1261/1555 1216/1284/1555 1205/1178/1555
f 1120/1201/1556 515/498/1556 514/1292/1556
f 1233/1302/1557 46/21/1557 1150/1303/1557
f 1177/1239/1558 1127/1185/1558 1188/1263/1558
f 753/1286/1559 1005/1304/1559 406/681/1559
f 1005/1304/1560 1190/1287/1560 1207/1288/1560
f 377/359/1561 1190/1287/1561 393/1265/1561
f 427/413/1562 1159/1245/1562 1195/1290/1562
f 1160/1249/1563 1219/1305/1563 1159/1245/1563
f 1180/1248/1564 1196/1250/1564 1160/1249/1564
f 1095/1194/1565 1220/1306/1565 1208/1268/1565
f 1162/726/1566 1223/1220/1566 1222/1291/1566
f 1183/1251/1567 1100/1141/1567 1211/1293/1567
f 1100/1141/1568 1165/1252/1568 1140/1224/1568
f 1079/1107/1569 1078/1106/1569 1140/1224/1569
f 757/207/1570 987/206/1570 975/967/1570
f 235/1295/1571 233/228/1571 239/730/1571
f 1225/1307/1572 1226/1308/1572 1227/1309/1572
f 1228/1310/1573 1229/1311/1573 231/237/1573
f 757/207/1574 975/967/1574 17/2/1574
f 1212/1299/1575 289/297/1575 306/289/1575
f 1212/1299/1576 306/289/1576 1213/1274/1576
f 343/1280/1577 1184/1277/1577 1185/1276/1577
f 1201/1278/1578 370/386/1578 1185/1276/1578
f 343/1280/1579 365/1312/1579 1202/1279/1579
f 1204/1313/1580 419/651/1580 400/1257/1580
f 1123/366/1581 1204/1313/1581 400/1257/1581
f 684/1260/1582 1204/1313/1582 1123/366/1582
f 1233/1302/1583 1232/1314/1583 46/21/1583
f 1189/1264/1584 1234/1315/1584 1188/1263/1584
f 1190/1287/1585 1005/1304/1585 753/1286/1585
f 377/359/1586 393/1265/1586 411/357/1586
f 1154/1316/1587 1194/1317/1587 1193/1267/1587
f 1159/1245/1588 1219/1305/1588 1195/1290/1588
f 1196/1250/1589 1219/1305/1589 1160/1249/1589
f 1095/1194/1590 1197/1269/1590 1220/1306/1590
f 1198/1196/1591 1221/1318/1591 1197/1269/1591
f 1198/1196/1592 1098/1172/1592 1221/1318/1592
f 1138/1174/1593 1221/1318/1593 1098/1172/1593
f 1222/1291/1594 1221/1318/1594 1138/1174/1594
f 808/1050/1595 762/1270/1595 1223/1220/1595
f 1181/1140/1596 1209/1271/1596 762/1270/1596
f 1209/1271/1597 1163/1199/1597 1238/759/1597
f 1164/1222/1598 1210/1319/1598 1238/759/1598
f 1199/757/1599 1210/1319/1599 1164/1222/1599
f 1224/1320/1600 1199/757/1600 1182/1272/1600
f 1182/1272/1601 1183/1251/1601 1244/1321/1601
f 767/728/1602 1239/1322/1602 1211/1293/1602
f 1240/1323/1603 1239/1322/1603 767/728/1603
f 236/729/1604 233/228/1604 235/1295/1604
f 1230/1324/1605 1200/1275/1605 1213/1274/1605
f 1205/1178/1606 1216/1284/1606 738/1179/1606
f 1206/1285/1607 1149/1237/1607 1150/1303/1607
f 1188/1263/1608 1233/1302/1608 1177/1239/1608
f 1234/1315/1609 1233/1302/1609 1188/1263/1609
f 380/358/1610 1154/1316/1610 1193/1267/1610
f 1224/1320/1611 1182/1272/1611 1244/1321/1611
f 1183/1251/1612 1239/1322/1612 1244/1321/1612
f 1239/1322/1613 1183/1251/1613 1211/1293/1613
f 1245/1325/1614 767/728/1614 314/1326/1614
f 314/1326/1615 767/728/1615 234/727/1615
f 936/1327/1616 314/1326/1616 307/1328/1616
f 766/1296/1617 307/1328/1617 236/729/1617
f 1246/1329/1618 1227/1309/1618 1247/1330/1618
f 1231/1298/1619 306/289/1619 1187/1331/1619
f 1215/1301/1620 1248/1332/1620 250/301/1620
f 1204/1313/1621 1248/1332/1621 1215/1301/1621
f 684/1260/1622 738/1179/1622 1204/1313/1622
f 738/1179/1623 1216/1284/1623 737/1333/1623
f 406/681/1624 1005/1304/1624 1242/1334/1624
f 1275/1335/1625 1242/1334/1625 1243/1336/1625
f 1045/1073/1626 533/496/1626 515/498/1626
f 1194/1317/1627 1277/1337/1627 1236/1338/1627
f 1156/1243/1628 1277/1337/1628 1194/1317/1628
f 1195/1290/1629 1277/1337/1629 1156/1243/1629
f 1219/1305/1630 1237/1339/1630 1195/1290/1630
f 1196/1250/1631 1250/1340/1631 1219/1305/1631
f 1196/1250/1632 1208/1268/1632 1250/1340/1632
f 1222/1291/1633 1262/1341/1633 1221/1318/1633
f 1222/1291/1634 1271/1342/1634 1262/1341/1634
f 1222/1291/1635 1223/1220/1635 1271/1342/1635
f 1209/1271/1636 807/722/1636 762/1270/1636
f 807/722/1637 1209/1271/1637 1238/759/1637
f 1239/1322/1638 1251/1343/1638 1244/1321/1638
f 1240/1323/1639 1245/1325/1639 1239/1322/1639
f 1245/1325/1640 1240/1323/1640 767/728/1640
f 1245/1325/1641 314/1326/1641 936/1327/1641
f 936/1327/1642 307/1328/1642 766/1296/1642
f 1227/1309/1643 1230/1324/1643 1231/1298/1643
f 1265/1344/1644 1252/1345/1644 1253/895/1644
f 1248/1332/1645 249/259/1645 250/301/1645
f 1204/1313/1646 738/1179/1646 737/1333/1646
f 18/3/1647 17/2/1647 992/996/1647
f 1232/1314/1648 43/22/1648 46/21/1648
f 1234/1315/1649 1232/1314/1649 1233/1302/1649
f 1234/1315/1650 44/714/1650 1232/1314/1650
f 1243/1336/1651 1207/1288/1651 1191/1346/1651
f 1193/1267/1652 1194/1317/1652 1236/1338/1652
f 1208/1268/1653 1260/1347/1653 1270/1348/1653
f 1208/1268/1654 1220/1306/1654 1260/1347/1654
f 1197/1269/1655 1261/1349/1655 1220/1306/1655
f 762/1270/1656 1271/1342/1656 1223/1220/1656
f 1238/759/1657 1210/1319/1657 761/721/1657
f 1225/1307/1658 1263/1350/1658 936/1327/1658
f 1226/1308/1659 1230/1324/1659 1227/1309/1659
f 1227/1309/1660 1231/1298/1660 1247/1330/1660
f 1247/1330/1661 1231/1298/1661 1187/1331/1661
f 1248/1332/1662 1266/1351/1662 249/259/1662
f 1204/1313/1663 737/1333/1663 1248/1332/1663
f 1256/1352/1664 1268/1353/1664 1255/1354/1664
f 360/712/1665 357/1355/1665 359/1356/1665
f 1242/1334/1666 1269/1357/1666 406/681/1666
f 1259/1358/1667 1218/1359/1667 1192/1266/1667
f 1195/1290/1668 1237/1339/1668 1277/1337/1668
f 1208/1268/1669 1270/1348/1669 1250/1340/1669
f 1220/1306/1670 1261/1349/1670 1260/1347/1670
f 1210/1319/1671 1199/757/1671 761/721/1671
f 1245/1325/1672 1263/1350/1672 1251/1343/1672
f 766/1296/1673 1226/1308/1673 1225/1307/1673
f 1246/1329/1674 1272/1360/1674 1225/1307/1674
f 1246/1329/1675 1247/1330/1675 1252/1345/1675
f 1252/1345/1676 1265/1344/1676 1264/1361/1676
f 1254/185/1677 204/184/1677 249/259/1677
f 1256/1352/1678 724/1362/1678 725/695/1678
f 737/1333/1679 1216/1284/1679 1274/874/1679
f 45/20/1680 1274/874/1680 1206/1285/1680
f 172/875/1681 43/22/1681 157/793/1681
f 725/695/1682 726/697/1682 727/1363/1682
f 1255/1354/1683 1268/1353/1683 1267/1364/1683
f 717/1365/1684 230/1207/1684 894/946/1684
f 835/1294/1685 230/1207/1685 717/1365/1685
f 360/712/1686 356/1366/1686 357/1355/1686
f 406/681/1687 1269/1357/1687 360/712/1687
f 1269/1357/1688 356/1366/1688 360/712/1688
f 1218/1359/1689 1293/1367/1689 1257/1368/1689
f 1236/1338/1690 1276/1369/1690 1193/1267/1690
f 1219/1305/1691 1250/1340/1691 1237/1339/1691
f 1197/1269/1692 1278/1370/1692 1261/1349/1692
f 1221/1318/1693 1278/1370/1693 1197/1269/1693
f 1221/1318/1694 1262/1341/1694 1278/1370/1694
f 1263/1350/1695 1244/1321/1695 1251/1343/1695
f 936/1327/1696 766/1296/1696 1225/1307/1696
f 1263/1350/1697 1225/1307/1697 1272/1360/1697
f 1253/895/1698 203/183/1698 1279/1371/1698
f 1254/185/1699 249/259/1699 1266/1351/1699
f 725/695/1700 727/1363/1700 1256/1352/1700
f 724/1362/1701 1256/1352/1701 1255/1354/1701
f 737/1333/1702 1274/874/1702 1248/1332/1702
f 1206/1285/1703 1274/874/1703 1216/1284/1703
f 1232/1314/1704 44/714/1704 43/22/1704
f 44/714/1705 754/713/1705 43/22/1705
f 1041/1109/1706 1081/1120/1706 1143/933/1706
f 1218/1359/1707 1259/1358/1707 1293/1367/1707
f 1277/1337/1708 1280/1372/1708 1236/1338/1708
f 1271/1342/1709 762/1270/1709 1294/1373/1709
f 762/1270/1710 807/722/1710 1318/723/1710
f 1224/1320/1711 758/758/1711 1199/757/1711
f 1224/1320/1712 1244/1321/1712 806/756/1712
f 1263/1350/1713 1281/754/1713 1244/1321/1713
f 1265/1344/1714 1273/1374/1714 1264/1361/1714
f 736/1375/1715 1254/185/1715 1266/1351/1715
f 721/696/1716 725/695/1716 724/1362/1716
f 1255/1354/1717 1267/1364/1717 724/1362/1717
f 754/713/1718 157/793/1718 43/22/1718
f 42/1376/1719 754/713/1719 755/715/1719
f 8/1377/1720 1284/1378/1720 172/875/1720
f 1267/1364/1721 718/1379/1721 1285/1380/1721
f 1268/1353/1722 718/1379/1722 1267/1364/1722
f 1275/1335/1723 1269/1357/1723 1242/1334/1723
f 1249/1381/1724 1275/1335/1724 1243/1336/1724
f 1192/1266/1725 1193/1267/1725 1259/1358/1725
f 1237/1339/1726 1250/1340/1726 1277/1337/1726
f 1271/1342/1727 1294/1373/1727 1262/1341/1727
f 759/719/1728 761/721/1728 1199/757/1728
f 1244/1321/1729 1286/755/1729 806/756/1729
f 1246/1329/1730 1264/1361/1730 1273/1374/1730
f 1279/1371/1731 1273/1374/1731 1265/1344/1731
f 582/702/1732 581/1382/1732 736/1375/1732
f 1081/1120/1733 1082/1119/1733 786/909/1733
f 1283/1383/1734 724/1362/1734 1267/1364/1734
f 721/696/1735 722/1384/1735 726/697/1735
f 722/1384/1736 721/696/1736 723/1385/1736
f 1256/1352/1737 1288/1116/1737 1268/1353/1737
f 1082/1119/1738 985/948/1738 786/909/1738
f 714/502/1739 191/694/1739 1086/1156/1739
f 356/1366/1740 1291/1386/1740 350/1387/1740
f 1257/1368/1741 1293/1367/1741 1217/1388/1741
f 1280/1372/1742 1276/1369/1742 1236/1338/1742
f 762/1270/1743 1312/1389/1743 1294/1373/1743
f 762/1270/1744 1318/723/1744 1312/1389/1744
f 1244/1321/1745 1281/754/1745 1286/755/1745
f 1282/1390/1746 1281/754/1746 1263/1350/1746
f 581/1382/1747 1254/185/1747 736/1375/1747
f 1266/1351/1748 1287/1391/1748 736/1375/1748
f 985/948/1749 1082/1119/1749 1042/1045/1749
f 724/1362/1750 1283/1383/1750 1387/1392/1750
f 1248/1332/1751 1287/1391/1751 1266/1351/1751
f 1274/874/1752 1287/1391/1752 1248/1332/1752
f 45/20/1753 43/22/1753 172/875/1753
f 7/792/1754 754/713/1754 42/1376/1754
f 722/1384/1755 7/792/1755 42/1376/1755
f 42/1376/1756 726/697/1756 722/1384/1756
f 1268/1353/1757 720/1115/1757 718/1379/1757
f 1268/1353/1758 1288/1116/1758 720/1115/1758
f 1288/1116/1759 1256/1352/1759 727/1363/1759
f 1289/1393/1760 727/1363/1760 1290/1394/1760
f 985/948/1761 1042/1045/1761 999/985/1761
f 1296/1395/1762 1291/1386/1762 1275/1335/1762
f 1291/1386/1763 356/1366/1763 1269/1357/1763
f 1249/1381/1764 1297/921/1764 1275/1335/1764
f 1300/1396/1765 1193/1267/1765 1276/1369/1765
f 1280/1372/1766 1301/1397/1766 1276/1369/1766
f 1277/1337/1767 1302/1398/1767 1280/1372/1767
f 1250/1340/1768 1302/1398/1768 1277/1337/1768
f 1302/1398/1769 1250/1340/1769 1270/1348/1769
f 1270/1348/1770 1303/1399/1770 1302/1398/1770
f 1260/1347/1771 1303/1399/1771 1270/1348/1771
f 1261/1349/1772 1304/1400/1772 1260/1347/1772
f 1261/1349/1773 1278/1370/1773 1304/1400/1773
f 1262/1341/1774 1294/1373/1774 1305/1401/1774
f 806/756/1775 758/758/1775 1224/1320/1775
f 1272/1360/1776 1246/1329/1776 1273/1374/1776
f 1307/1402/1777 1272/1360/1777 1273/1374/1777
f 1279/1371/1778 1308/700/1778 1273/1374/1778
f 578/563/1779 577/562/1779 608/624/1779
f 172/875/1780 1274/874/1780 45/20/1780
f 1274/874/1781 142/876/1781 1287/1391/1781
f 722/1384/1782 8/1377/1782 7/792/1782
f 1288/1116/1783 727/1363/1783 1289/1393/1783
f 191/694/1784 1000/986/1784 1086/1156/1784
f 1086/1156/1785 952/1060/1785 714/502/1785
f 350/1387/1786 1291/1386/1786 347/1403/1786
f 1269/1357/1787 1275/1335/1787 1291/1386/1787
f 1293/1367/1788 1299/1404/1788 1217/1388/1788
f 1293/1367/1789 1311/1405/1789 1299/1404/1789
f 1259/1358/1790 1311/1405/1790 1293/1367/1790
f 1301/1397/1791 1300/1396/1791 1276/1369/1791
f 1260/1347/1792 1304/1400/1792 1303/1399/1792
f 1278/1370/1793 1305/1401/1793 1304/1400/1793
f 1262/1341/1794 1305/1401/1794 1278/1370/1794
f 1294/1373/1795 1312/1389/1795 1305/1401/1795
f 608/624/1796 598/1406/1796 578/563/1796
f 714/502/1797 952/1060/1797 715/1165/1797
f 723/1385/1798 8/1377/1798 722/1384/1798
f 723/1385/1799 1284/1378/1799 8/1377/1799
f 1314/1407/1800 1083/1117/1800 1289/1393/1800
f 1315/1408/1801 1314/1407/1801 1289/1393/1801
f 1296/1395/1802 1316/1409/1802 348/1410/1802
f 1291/1386/1803 1296/1395/1803 347/1403/1803
f 1316/1409/1804 1296/1395/1804 1275/1335/1804
f 1280/1372/1805 1302/1398/1805 1317/1411/1805
f 1282/1390/1806 1295/1412/1806 1281/754/1806
f 1295/1412/1807 1282/1390/1807 1203/1282/1807
f 1273/1374/1808 1308/700/1808 1306/1413/1808
f 609/599/1809 598/594/1809 957/934/1809
f 1143/933/1810 786/909/1810 943/908/1810
f 335/317/1811 56/33/1811 60/32/1811
f 456/501/1812 715/1165/1812 713/692/1812
f 734/1414/1813 142/876/1813 1284/1378/1813
f 1284/1378/1814 142/876/1814 172/875/1814
f 49/238/1815 412/409/1815 174/1024/1815
f 1288/1116/1816 1289/1393/1816 1083/1117/1816
f 349/991/1817 1047/1415/1817 346/1416/1817
f 1275/1335/1818 1297/921/1818 1316/1409/1818
f 1299/1404/1819 1292/1417/1819 1217/1388/1819
f 1302/1398/1820 1321/1418/1820 1317/1411/1820
f 1303/1399/1821 1321/1418/1821 1302/1398/1821
f 1303/1399/1822 1322/1419/1822 1321/1418/1822
f 1322/1419/1823 1303/1399/1823 1304/1400/1823
f 1318/723/1824 1327/1420/1824 1312/1389/1824
f 805/753/1825 758/758/1825 806/756/1825
f 1308/700/1826 859/1283/1826 1306/1413/1826
f 735/698/1827 82/591/1827 81/590/1827
f 582/702/1828 82/591/1828 735/698/1828
f 52/27/1829 756/717/1829 53/28/1829
f 933/907/1830 977/949/1830 459/1421/1830
f 734/1414/1831 1284/1378/1831 1309/1422/1831
f 731/589/1832 734/1414/1832 1309/1422/1832
f 1309/1422/1833 1284/1378/1833 723/1385/1833
f 1325/1423/1834 1314/1407/1834 1315/1408/1834
f 777/1424/1835 1326/1425/1835 1325/1423/1835
f 1047/1415/1836 349/991/1836 1048/992/1836
f 346/1416/1837 1296/1395/1837 348/1410/1837
f 349/991/1838 346/1416/1838 348/1410/1838
f 347/1403/1839 1296/1395/1839 346/1416/1839
f 1311/1405/1840 1335/1426/1840 1299/1404/1840
f 1317/1411/1841 1320/1427/1841 1301/1397/1841
f 1312/1389/1842 1327/1420/1842 1305/1401/1842
f 759/719/1843 1328/1428/1843 760/720/1843
f 758/758/1844 1328/1428/1844 759/719/1844
f 1307/1402/1845 1273/1374/1845 1306/1413/1845
f 729/1429/1846 81/590/1846 731/589/1846
f 598/594/1847 607/596/1847 957/934/1847
f 740/1430/1848 719/1431/1848 1324/1432/1848
f 728/1433/1849 729/1429/1849 730/1434/1849
f 729/1429/1850 731/589/1850 730/1434/1850
f 609/599/1851 341/925/1851 12/583/1851
f 1316/1409/1852 955/923/1852 348/1410/1852
f 1316/1409/1853 1297/921/1853 955/923/1853
f 1310/1435/1854 1217/1388/1854 1292/1417/1854
f 1321/1418/1855 1330/1436/1855 1320/1427/1855
f 1320/1427/1856 1317/1411/1856 1321/1418/1856
f 1330/1436/1857 1321/1418/1857 1322/1419/1857
f 1304/1400/1858 1327/1420/1858 1322/1419/1858
f 1305/1401/1859 1327/1420/1859 1304/1400/1859
f 1327/1420/1860 1318/723/1860 1338/1437/1860
f 1338/1437/1861 1318/723/1861 760/720/1861
f 760/720/1862 1328/1428/1862 1338/1437/1862
f 1328/1428/1863 758/758/1863 1331/1438/1863
f 1331/1438/1864 758/758/1864 805/753/1864
f 1333/1439/1865 1332/1440/1865 858/1281/1865
f 719/1431/1866 1141/1205/1866 1324/1432/1866
f 719/1431/1867 1334/1441/1867 1141/1205/1867
f 731/589/1868 1309/1422/1868 732/1442/1868
f 1325/1423/1869 1326/1425/1869 1314/1407/1869
f 18/3/1870 992/996/1870 230/1207/1870
f 1329/990/1871 349/991/1871 348/1410/1871
f 348/1410/1872 965/1443/1872 1329/990/1872
f 955/923/1873 965/1443/1873 348/1410/1873
f 1292/1417/1874 835/1294/1874 1310/1435/1874
f 1335/1426/1875 1311/1405/1875 1300/1396/1875
f 1336/1444/1876 1320/1427/1876 1330/1436/1876
f 1330/1436/1877 1338/1437/1877 1337/1445/1877
f 1330/1436/1878 1322/1419/1878 1338/1437/1878
f 1338/1437/1879 1322/1419/1879 1327/1420/1879
f 1338/1437/1880 1328/1428/1880 1339/1446/1880
f 1295/1412/1881 1241/1447/1881 1281/754/1881
f 1203/1282/1882 1228/1310/1882 1241/1447/1882
f 858/1281/1883 1332/1440/1883 1203/1282/1883
f 102/699/1884 1333/1439/1884 859/1283/1884
f 859/1283/1885 1308/700/1885 102/699/1885
f 102/699/1886 81/590/1886 729/1429/1886
f 729/1429/1887 728/1433/1887 733/1448/1887
f 60/32/1888 716/1449/1888 488/461/1888
f 489/462/1889 5/1075/1889 191/694/1889
f 473/443/1890 335/317/1890 190/316/1890
f 1342/1450/1891 488/461/1891 716/1449/1891
f 1326/1425/1892 1342/1450/1892 716/1449/1892
f 954/922/1893 835/1294/1893 946/928/1893
f 1310/1435/1894 1298/1451/1894 1217/1388/1894
f 1299/1404/1895 835/1294/1895 1292/1417/1895
f 1299/1404/1896 1335/1426/1896 747/709/1896
f 1336/1444/1897 704/708/1897 1335/1426/1897
f 1330/1436/1898 1337/1445/1898 1336/1444/1898
f 1340/1452/1899 1339/1446/1899 1328/1428/1899
f 1340/1452/1900 1331/1438/1900 676/674/1900
f 757/207/1901 1331/1438/1901 805/753/1901
f 144/718/1902 757/207/1902 805/753/1902
f 894/946/1903 976/945/1903 748/983/1903
f 1241/1447/1904 1295/1412/1904 1203/1282/1904
f 1332/1440/1905 1333/1439/1905 1323/1453/1905
f 1323/1453/1906 1333/1439/1906 733/1448/1906
f 1324/1432/1907 1141/1205/1907 1343/1454/1907
f 1081/1120/1908 786/909/1908 1143/933/1908
f 1314/1407/1909 716/1449/1909 1344/1455/1909
f 1326/1425/1910 716/1449/1910 1314/1407/1910
f 943/908/1911 933/907/1911 459/1421/1911
f 1299/1404/1912 747/709/1912 835/1294/1912
f 1335/1426/1913 704/708/1913 747/709/1913
f 1337/1445/1914 1338/1437/1914 1339/1446/1914
f 1339/1446/1915 1340/1452/1915 1337/1445/1915
f 57/34/1916 1344/1455/1916 60/32/1916
f 756/717/1917 144/718/1917 54/318/1917
f 985/948/1918 933/907/1918 786/909/1918
f 1281/754/1919 231/237/1919 54/318/1919
f 1241/1447/1920 231/237/1920 1281/754/1920
f 1228/1310/1921 231/237/1921 1241/1447/1921
f 1228/1310/1922 1203/1282/1922 1332/1440/1922
f 1332/1440/1923 1229/1311/1923 1228/1310/1923
f 858/1281/1924 859/1283/1924 1333/1439/1924
f 503/716/1925 52/27/1925 1040/1044/1925
f 985/948/1926 440/1123/1926 846/984/1926
f 1141/1205/1927 147/1206/1927 1343/1454/1927
f 1334/1441/1928 57/34/1928 1141/1205/1928
f 716/1449/1929 60/32/1929 1344/1455/1929
f 1341/1456/1930 1342/1450/1930 1326/1425/1930
f 2/987/1931 1000/986/1931 1/1062/1931
f 459/1421/1932 1048/992/1932 943/908/1932
f 966/932/1933 1143/933/1933 943/908/1933
f 965/1443/1934 964/930/1934 966/932/1934
f 677/1/1935 704/708/1935 1336/1444/1935
f 489/462/1936 488/461/1936 1342/1450/1936
f 297/280/1937 296/279/1937 777/1457/1937
f 296/279/1938 1341/1458/1938 777/1457/1938
f 368/355/1939 296/279/1939 298/281/1939
f 296/279/1940 368/355/1940 392/1459/1940
f 397/382/1941 325/373/1941 408/395/1941
f 1/1460/1942 397/382/1942 420/396/1942
f 498/468/1943 390/361/1943 500/469/1943
f 390/361/1944 523/493/1944 350/1461/1944
f 559/534/1945 557/532/1945 693/1462/1945
f 341/925/1946 566/547/1946 13/531/1946
f 341/925/1947 13/531/1947 12/583/1947
f 957/934/1948 607/596/1948 956/924/1948
f 956/924/1949 607/596/1949 967/988/1949
f 967/988/1950 1008/1025/1950 968/989/1950
f 1008/1025/1951 1049/1094/1951 968/989/1951
f 660/658/1952 661/659/1952 673/673/1952
f 224/1463/1953 1345/1464/1953 384/1465/1953
f 384/1465/1954 283/1466/1954 224/1463/1954
f 224/1463/1955 179/1467/1955 1345/1464/1955
f 150/1468/1956 151/1469/1956 179/1467/1956
f 120/1470/1957 152/1471/1957 151/1469/1957
f 152/141/1958 121/140/1958 153/158/1958
f 387/354/1959 622/614/1959 667/663/1959
f 646/647/1960 629/646/1960 630/631/1960
f 554/544/1961 522/508/1961 531/507/1961
f 505/480/1962 20/1472/1962 1346/1473/1962
f 20/1472/1963 480/1474/1963 1346/1473/1963
f 430/407/1964 429/393/1964 444/428/1964
f 832/785/1965 66/46/1965 59/1475/1965
f 59/1475/1966 58/787/1966 832/785/1966
f 850/1476/1967 62/37/1967 61/36/1967
f 78/70/1968 77/1477/1968 80/54/1968
f 77/1477/1969 78/70/1969 35/86/1969
f 35/86/1970 78/70/1970 92/72/1970
f 100/1478/1971 98/79/1971 91/687/1971
f 91/687/1972 101/1479/1972 100/1478/1972
f 91/687/1973 89/64/1973 90/66/1973
f 212/214/1974 248/271/1974 213/1480/1974
f 707/1012/1975 706/1481/1975 213/1482/1975
f 248/271/1976 266/246/1976 265/245/1976
f 266/246/1977 286/268/1977 284/287/1977
f 264/243/1978 244/229/1978 245/231/1978
f 1347/1483/1979 245/231/1979 197/174/1979
f 162/192/1980 1348/1484/1980 178/171/1980
f 177/191/1981 221/209/1981 240/1485/1981
f 1349/1486/1982 240/1485/1982 221/209/1982
f 1349/1486/1983 221/209/1983 222/208/1983
f 260/264/1984 299/284/1984 261/265/1984
f 1349/1486/1985 222/208/1985 261/265/1985
f 311/337/1986 313/308/1986 329/307/1986
f 352/330/1987 372/340/1987 298/281/1987
f 1325/1423/1988 1315/1408/1988 755/715/1988
f 1313/1487/1989 718/1379/1989 719/1431/1989
f 719/1431/1990 740/1430/1990 1350/1488/1990
f 147/1206/1991 56/33/1991 110/90/1991
f 432/410/1992 1351/1489/1992 109/89/1992
f 56/33/1993 335/317/1993 109/89/1993
f 432/410/1994 1229/1311/1994 1351/1489/1994
f 432/410/1995 109/89/1995 431/408/1995
f 412/409/1996 49/238/1996 231/237/1996
f 1333/1439/1997 102/699/1997 733/1448/1997
f 733/1448/1998 102/699/1998 729/1429/1998
f 727/1363/1999 726/697/1999 1290/1394/1999
f 1124/1184/2000 1128/1186/2000 1147/1216/2000
f 1125/1217/2001 1147/1216/2001 136/1234/2001
f 1147/1216/2002 1148/1261/2002 1175/1236/2002
f 1126/1181/2003 136/1213/2003 135/1215/2003
f 1006/995/2004 932/1042/2004 1038/1041/2004
f 1036/1039/2005 1039/1490/2005 1037/1040/2005
f 768/964/2006 769/966/2006 3/1014/2006
f 706/1481/2007 707/1012/2007 801/944/2007
f 88/898/2008 72/916/2008 937/900/2008
f 925/892/2009 917/881/2009 74/1491/2009
f 900/857/2010 899/856/2010 908/865/2010
f 681/1492/2011 689/830/2011 873/826/2011
f 860/812/2012 850/818/2012 1352/1493/2012
f 1352/1493/2013 77/1494/2013 860/812/2013
f 824/774/2014 815/44/2014 832/785/2014
f 857/809/2015 1353/789/2015 855/807/2015
f 1354/1495/2016 870/823/2016 869/824/2016
f 869/824/2017 879/835/2017 1354/1495/2017
f 901/858/2018 902/859/2018 910/868/2018
f 919/886/2019 804/887/2019 1346/1473/2019
f 1013/1004/2020 978/936/2020 705/935/2020
f 1013/1004/2021 1014/1003/2021 1043/1047/2021
f 1356/1496/2022 1043/1047/2022 1355/1046/2022
f 527/1048/2023 1074/1102/2023 1355/1046/2023
f 1357/1497/2024 1074/1102/2024 438/1104/2024
f 438/1104/2025 437/1139/2025 1358/1498/2025
f 437/1139/2026 446/1171/2026 1358/1498/2026
f 1359/1499/2027 446/1171/2027 445/1138/2027
f 1053/1069/2028 1096/1500/2028 695/1067/2028
f 1052/1068/2029 703/685/2029 702/684/2029
f 1090/1127/2030 1092/1129/2030 743/1164/2030
f 1091/1163/2031 1087/1126/2031 1090/1127/2031
f 1368/1161/2032 1089/1125/2032 1088/1124/2032
f 1088/1124/2033 1130/1190/2033 1114/1160/2033
f 1130/1190/2034 1152/1218/2034 1114/1160/2034
f 1152/1218/2035 1153/1242/2035 1114/1160/2035
f 1153/1242/2036 1152/1218/2036 1178/1240/2036
f 1178/1240/2037 753/1286/2037 1179/1241/2037
f 753/1286/2038 752/683/2038 1179/1241/2038
f 525/1501/2039 356/1366/2039 350/1387/2039
f 440/1123/2040 999/985/2040 433/1502/2040
f 999/985/2041 2/987/2041 433/1502/2041
f 711/1061/2042 712/693/2042 713/692/2042
f 710/691/2043 953/981/2043 708/689/2043
f 994/961/2044 775/731/2044 995/1015/2044
f 1113/1211/2045 1144/1210/2045 683/1177/2045
f 685/303/2046 327/305/2046 1112/1176/2046
f 688/1503/2047 687/1259/2047 1112/1176/2047
f 688/1503/2048 1112/1176/2048 996/1016/2048
f 1111/1159/2049 1109/1157/2049 1110/1158/2049
f 1109/1157/2050 1019/707/2050 995/1015/2050
f 744/706/2051 746/705/2051 1186/1256/2051
f 1360/1504/2052 1184/1277/2052 1213/1274/2052
f 1184/1277/2053 343/1280/2053 1212/1299/2053
f 1106/1149/2054 781/737/2054 1085/1151/2054
f 1105/1148/2055 781/737/2055 1106/1149/2055
f 1213/1274/2056 1231/1298/2056 1230/1324/2056
f 1230/1324/2057 239/730/2057 1200/1275/2057
f 1246/1329/2058 1225/1307/2058 1227/1309/2058
f 237/226/2059 233/228/2059 234/727/2059
f 1104/1144/2060 1167/1273/2060 1121/1204/2060
f 1080/1108/2061 1056/1074/2061 1103/1143/2061
f 1060/1083/2062 1064/1086/2062 1063/1088/2062
f 1341/1458/2063 296/279/2063 392/1459/2063
f 392/1459/2064 378/371/2064 397/382/2064
f 392/1459/2065 1361/1505/2065 1341/1458/2065
f 392/1459/2066 397/382/2066 1361/1505/2066
f 397/382/2067 1/1460/2067 1361/1505/2067
f 538/514/2068 359/1506/2068 537/515/2068
f 538/514/2069 559/534/2069 359/1506/2069
f 944/1095/2070 1050/1099/2070 295/277/2070
f 1050/1099/2071 944/1095/2071 1010/1507/2071
f 654/668/2072 668/671/2072 653/669/2072
f 899/1508/2073 115/111/2073 106/99/2073
f 106/99/2074 908/1509/2074 899/1508/2074
f 106/99/2075 100/1510/2075 908/1509/2075
f 212/214/2076 181/148/2076 164/147/2076
f 212/1511/2077 213/1482/2077 706/1481/2077
f 213/1480/2078 248/271/2078 265/245/2078
f 718/1379/2079 1283/1383/2079 1285/1380/2079
f 718/1379/2080 1313/1487/2080 1283/1383/2080
f 1313/1487/2081 719/1431/2081 1350/1488/2081
f 109/89/2082 335/317/2082 431/408/2082
f 432/410/2083 231/237/2083 1229/1311/2083
f 768/964/2084 3/1014/2084 1362/1512/2084
f 706/1481/2085 802/943/2085 212/1511/2085
f 706/1481/2086 801/944/2086 802/943/2086
f 711/1061/2087 713/692/2087 709/690/2087
f 709/690/2088 952/1060/2088 710/691/2088
f 682/679/2089 685/303/2089 687/1259/2089
f 1213/1274/2090 1363/1513/2090 1360/1504/2090
f 1170/1254/2091 1363/1513/2091 1213/1274/2091
f 790/1111/2092 778/1147/2092 1105/1148/2092
f 1063/1088/2093 1061/1084/2093 1060/1083/2093
f 157/793/2094 8/1377/2094 172/875/2094
f 49/238/2095 50/76/2095 55/75/2095
f 587/573/2096 15/550/2096 11/549/2096
f 257/398/2097 1214/1300/2097 293/385/2097
f 1040/1044/2098 52/27/2098 358/1043/2098
f 1040/1044/2099 139/239/2099 161/205/2099
f 52/27/2100 51/26/2100 358/1043/2100
f 51/26/2101 50/76/2101 358/1043/2101
f 105/150/2102 96/149/2102 73/67/2102
f 73/67/2103 104/95/2103 105/150/2103
f 119/80/2104 86/58/2104 30/131/2104
f 94/105/2105 85/57/2105 28/114/2105
f 105/150/2106 104/95/2106 168/127/2106
f 124/102/2107 114/101/2107 125/108/2107
f 125/108/2108 128/153/2108 124/102/2108
f 392/1459/2109 368/355/2109 378/371/2109
f 1337/1445/2110 676/674/2110 677/1/2110
f 676/674/2111 1337/1445/2111 1340/1452/2111
f 168/127/2112 165/151/2112 105/150/2112
f 118/103/2113 125/108/2113 126/104/2113
f 31/113/2114 30/131/2114 141/130/2114
f 157/793/2115 7/792/2115 8/1377/2115
f 165/151/2116 182/1514/2116 96/149/2116
f 166/163/2117 165/151/2117 167/161/2117
f 168/127/2118 167/161/2118 165/151/2118
f 32/181/2119 141/130/2119 30/131/2119
f 32/181/2120 28/114/2120 27/17/2120
f 30/131/2121 28/114/2121 32/181/2121
f 95/115/2122 28/114/2122 30/131/2122
f 1340/1452/2123 1328/1428/2123 1331/1438/2123
f 33/223/2124 27/17/2124 29/16/2124
f 27/17/2125 33/223/2125 32/181/2125
f 96/125/2126 182/160/2126 123/124/2126
f 182/1514/2127 165/151/2127 183/199/2127
f 169/1515/2128 156/165/2128 186/178/2128
f 954/922/2129 1310/1435/2129 835/1294/2129
f 954/922/2130 965/1443/2130 955/923/2130
f 419/651/2131 257/398/2131 258/397/2131
f 257/398/2132 419/651/2132 1214/1300/2132
f 186/178/2133 216/1516/2133 169/1515/2133
f 186/179/2134 187/166/2134 216/1517/2134
f 226/219/2135 227/233/2135 201/180/2135
f 189/167/2136 141/130/2136 202/182/2136
f 32/181/2137 33/223/2137 202/182/2137
f 965/1443/2138 966/932/2138 1329/990/2138
f 183/1518/2139 320/248/2139 182/160/2139
f 171/220/2140 226/219/2140 202/182/2140
f 189/167/2141 202/182/2141 188/201/2141
f 33/223/2142 29/16/2142 228/222/2142
f 169/217/2143 251/250/2143 215/218/2143
f 169/217/2144 227/233/2144 251/250/2144
f 216/1517/2145 227/233/2145 169/217/2145
f 187/166/2146 227/233/2146 216/1517/2146
f 202/182/2147 33/223/2147 171/220/2147
f 227/233/2148 217/221/2148 251/250/2148
f 217/221/2149 252/274/2149 290/310/2149
f 252/274/2150 217/221/2150 171/220/2150
f 54/318/2151 144/718/2151 805/753/2151
f 199/195/2152 241/1519/2152 211/196/2152
f 1320/1427/2153 1336/1444/2153 1335/1426/2153
f 305/252/2154 217/221/2154 290/310/2154
f 260/264/2155 223/240/2155 299/284/2155
f 211/196/2156 241/1519/2156 281/285/2156
f 242/286/2157 241/1519/2157 199/195/2157
f 248/271/2158 317/270/2158 300/288/2158
f 302/374/2159 320/1520/2159 183/199/2159
f 292/275/2160 252/274/2160 228/222/2160
f 241/1519/2161 242/286/2161 281/285/2161
f 318/1521/2162 320/1520/2162 302/374/2162
f 300/288/2163 316/1522/2163 285/269/2163
f 317/270/2164 316/1522/2164 300/288/2164
f 183/199/2165 184/198/2165 303/324/2165
f 285/269/2166 316/1522/2166 331/1523/2166
f 303/324/2167 302/374/2167 183/199/2167
f 344/328/2168 308/291/2168 339/334/2168
f 316/1522/2169 317/270/2169 363/372/2169
f 331/1523/2170 330/331/2170 285/269/2170
f 331/1523/2171 316/1522/2171 363/372/2171
f 337/383/2172 319/321/2172 318/215/2172
f 318/215/2173 302/1524/2173 337/383/2173
f 367/356/2174 330/331/2174 331/1523/2174
f 964/930/2175 963/929/2175 748/983/2175
f 342/323/2176 363/372/2176 317/270/2176
f 946/928/2177 835/1294/2177 963/929/2177
f 963/929/2178 835/1294/2178 717/1365/2178
f 368/355/2179 372/340/2179 330/331/2179
f 331/1523/2180 363/372/2180 367/356/2180
f 342/323/2181 379/364/2181 363/372/2181
f 290/310/2182 344/328/2182 389/368/2182
f 394/1525/2183 337/1526/2183 302/374/2183
f 378/371/2184 367/356/2184 363/372/2184
f 373/343/2185 394/1525/2185 302/374/2185
f 1335/1426/2186 1300/1396/2186 1320/1427/2186
f 1320/1427/2187 1300/1396/2187 1301/1397/2187
f 1310/1435/2188 954/922/2188 1298/1451/2188
f 395/369/2189 389/368/2189 344/328/2189
f 394/1527/2190 398/365/2190 337/383/2190
f 394/1527/2191 413/400/2191 398/365/2191
f 451/423/2192 450/422/2192 389/368/2192
f 394/417/2193 441/487/2193 413/1528/2193
f 859/1283/2194 1203/1282/2194 1306/1413/2194
f 413/400/2195 441/1529/2195 481/446/2195
f 414/401/2196 441/487/2196 394/417/2196
f 476/470/2197 481/446/2197 441/1529/2197
f 457/421/2198 479/450/2198 492/465/2198
f 470/440/2199 506/471/2199 485/456/2199
f 476/518/2200 441/487/2200 486/457/2200
f 487/453/2201 479/450/2201 450/422/2201
f 476/518/2202 486/457/2202 507/499/2202
f 954/922/2203 1249/1381/2203 1298/1451/2203
f 391/362/2204 499/484/2204 532/509/2204
f 532/509/2205 513/485/2205 508/486/2205
f 507/1530/2206 532/509/2206 506/471/2206
f 997/998/2207 1041/1109/2207 953/981/2207
f 532/509/2208 541/555/2208 540/516/2208
f 532/1531/2209 507/499/2209 541/554/2209
f 534/510/2210 541/554/2210 507/499/2210
f 391/362/2211 540/516/2211 539/363/2211
f 534/510/2212 561/552/2212 541/554/2212
f 561/552/2213 534/510/2213 562/511/2213
f 536/541/2214 477/447/2214 492/465/2214
f 539/363/2215 549/537/2215 548/536/2215
f 954/922/2216 1297/921/2216 1249/1381/2216
f 964/930/2217 965/1443/2217 946/928/2217
f 12/583/2218 15/550/2218 345/572/2218
f 561/552/2219 594/613/2219 593/553/2219
f 1279/1371/2220 735/698/2220 1308/700/2220
f 594/613/2221 561/552/2221 570/566/2221
f 617/574/2222 586/582/2222 345/572/2222
f 15/550/2223 587/573/2223 345/572/2223
f 589/1532/2224 587/573/2224 14/575/2224
f 14/1533/2225 592/587/2225 589/581/2225
f 1319/701/2226 735/698/2226 1279/1371/2226
f 11/549/2227 569/565/2227 14/575/2227
f 580/551/2228 569/565/2228 11/549/2228
f 1306/1413/2229 1203/1282/2229 1307/1402/2229
f 593/576/2230 549/537/2230 541/555/2230
f 578/597/2231 600/598/2231 617/574/2231
f 589/1534/2232 617/574/2232 587/573/2232
f 1301/1397/2233 1280/1372/2233 1317/1411/2233
f 592/587/2234 593/553/2234 591/588/2234
f 593/553/2235 594/613/2235 591/588/2235
f 595/618/2236 572/519/2236 564/540/2236
f 583/556/2237 612/629/2237 536/541/2237
f 579/564/2238 617/610/2238 599/579/2238
f 1300/1396/2239 1311/1405/2239 1259/1358/2239
f 588/615/2240 601/584/2240 603/602/2240
f 1287/1391/2241 142/876/2241 734/1414/2241
f 736/1375/2242 1287/1391/2242 582/702/2242
f 536/541/2243 612/629/2243 564/540/2243
f 588/615/2244 610/600/2244 577/562/2244
f 582/702/2245 1287/1391/2245 734/1414/2245
f 595/618/2246 611/604/2246 572/519/2246
f 612/629/2247 595/618/2247 564/540/2247
f 570/566/2248 621/617/2248 620/612/2248
f 626/620/2249 612/629/2249 583/556/2249
f 611/604/2250 628/619/2250 621/617/2250
f 1203/1282/2251 1282/1390/2251 1307/1402/2251
f 274/255/2252 655/656/2252 597/593/2252
f 625/630/2253 645/644/2253 641/636/2253
f 657/662/2254 659/657/2254 670/667/2254
f 617/574/2255 600/598/2255 586/582/2255
f 731/589/2256 82/591/2256 734/1414/2256
f 734/1414/2257 82/591/2257 582/702/2257
f 1319/701/2258 581/1382/2258 582/702/2258
f 144/718/2259 756/717/2259 503/716/2259
f 757/207/2260 144/718/2260 161/205/2260
f 1300/1396/2261 1259/1358/2261 1193/1267/2261
f 800/977/2262 798/1033/2262 799/1535/2262
f 550/783/2263 829/782/2263 823/773/2263
f 550/783/2264 542/521/2264 829/782/2264
f 839/796/2265 543/784/2265 828/777/2265
f 543/784/2266 839/796/2266 550/783/2266
f 839/796/2267 828/777/2267 838/791/2267
f 542/521/2268 550/783/2268 842/522/2268
f 997/998/2269 1042/1045/2269 1082/1119/2269
f 868/520/2270 841/795/2270 542/521/2270
f 849/800/2271 862/811/2271 876/828/2271
f 841/795/2272 866/832/2272 872/831/2272
f 866/832/2273 889/837/2273 872/831/2273
f 867/853/2274 866/832/2274 868/520/2274
f 987/206/2275 986/968/2275 975/967/2275
f 890/877/2276 866/832/2276 867/853/2276
f 866/832/2277 890/877/2277 889/837/2277
f 897/851/2278 906/872/2278 896/854/2278
f 878/836/2279 888/860/2279 887/848/2279
f 889/837/2280 890/877/2280 874/897/2280
f 934/878/2281 867/853/2281 913/871/2281
f 905/913/2282 934/878/2282 904/926/2282
f 890/877/2283 934/878/2283 874/897/2283
f 913/871/2284 914/879/2284 934/878/2284
f 934/878/2285 905/913/2285 874/897/2285
f 926/891/2286 924/904/2286 907/863/2286
f 1009/999/2287 1086/1156/2287 1042/1045/2287
f 904/926/2288 947/914/2288 939/953/2288
f 924/904/2289 926/891/2289 928/894/2289
f 904/926/2290 960/937/2290 905/913/2290
f 904/926/2291 939/953/2291 960/937/2291
f 947/914/2292 904/926/2292 914/879/2292
f 941/939/2293 942/905/2293 948/915/2293
f 939/953/2294 947/914/2294 981/954/2294
f 923/890/2295 947/914/2295 935/889/2295
f 927/893/2296 941/939/2296 972/927/2296
f 927/893/2297 942/905/2297 941/939/2297
f 941/939/2298 948/915/2298 962/940/2298
f 969/955/2299 981/954/2299 947/914/2299
f 947/914/2300 923/890/2300 969/955/2300
f 923/890/2301 970/1536/2301 969/955/2301
f 972/927/2302 941/939/2302 973/960/2302
f 941/939/2303 961/941/2303 973/960/2303
f 982/958/2304 969/955/2304 970/1536/2304
f 940/903/2305 970/1536/2305 923/890/2305
f 1307/1402/2306 1282/1390/2306 1272/1360/2306
f 940/903/2307 982/958/2307 970/1536/2307
f 982/958/2308 940/903/2308 971/938/2308
f 971/938/2309 972/927/2309 983/957/2309
f 974/959/2310 983/957/2310 972/927/2310
f 973/960/2311 984/1537/2311 974/959/2311
f 1217/1388/2312 1249/1381/2312 1258/1538/2312
f 983/957/2313 974/959/2313 1003/1010/2313
f 984/1537/2314 961/941/2314 797/975/2314
f 984/1537/2315 973/960/2315 961/941/2315
f 1298/1451/2316 1249/1381/2316 1217/1388/2316
f 981/954/2317 1002/1006/2317 989/973/2317
f 1004/1009/2318 974/959/2318 984/1537/2318
f 231/237/2319 55/75/2319 54/318/2319
f 797/975/2320 1004/1009/2320 984/1537/2320
f 991/962/2321 1033/1539/2321 771/732/2321
f 1033/1035/2322 991/1054/2322 774/1036/2322
f 1018/1056/2323 774/1036/2323 994/1055/2323
f 774/1036/2324 1018/1056/2324 1059/1080/2324
f 748/983/2325 717/1365/2325 894/946/2325
f 1045/1073/2326 1004/1009/2326 533/496/2326
f 528/1032/2327 797/975/2327 798/1011/2327
f 533/496/2328 797/975/2328 528/1032/2328
f 715/1165/2329 456/501/2329 714/502/2329
f 475/445/2330 456/501/2330 455/1023/2330
f 473/443/2331 475/445/2331 455/1023/2331
f 54/318/2332 53/28/2332 756/717/2332
f 965/1443/2333 954/922/2333 946/928/2333
f 1054/724/2334 763/1049/2334 1015/725/2334
f 514/1292/2335 515/498/2335 776/751/2335
f 49/238/2336 174/1024/2336 50/76/2336
f 776/751/2337 795/745/2337 1102/1225/2337
f 776/751/2338 1102/1225/2338 514/1292/2338
f 161/205/2339 503/716/2339 1040/1044/2339
f 139/239/2340 358/1043/2340 50/76/2340
f 51/26/2341 53/28/2341 50/76/2341
f 1073/1101/2342 1094/1135/2342 696/1066/2342
f 1031/1051/2343 1076/1221/2343 1044/1031/2343
f 796/1203/2344 1102/1225/2344 795/745/2344
f 676/674/2345 1331/1438/2345 757/207/2345
f 1084/1081/2346 1058/1034/2346 774/1036/2346
f 964/930/2347 748/983/2347 998/982/2347
f 1072/1134/2348 1094/1135/2348 1095/1194/2348
f 581/1382/2349 1279/1371/2349 203/183/2349
f 1279/1371/2350 581/1382/2350 1319/701/2350
f 1120/1201/2351 1101/1175/2351 515/498/2351
f 1077/1105/2352 514/1292/2352 1102/1225/2352
f 1059/1080/2353 1108/1153/2353 1084/1081/2353
f 1084/1081/2354 1108/1153/2354 1085/1151/2354
f 1155/24/2355 1115/1162/2355 449/426/2355
f 1115/1162/2356 1131/1191/2356 449/426/2356
f 1046/1150/2357 1058/1034/2357 1085/1151/2357
f 423/704/2358 449/426/2358 1131/1191/2358
f 1106/1149/2359 1107/1152/2359 787/1145/2359
f 174/1024/2360 139/239/2360 50/76/2360
f 502/1200/2361 133/118/2361 258/397/2361
f 1129/1189/2362 478/449/2362 393/1265/2362
f 472/448/2363 478/449/2363 1129/1189/2363
f 472/448/2364 47/23/2364 478/449/2364
f 423/704/2365 427/413/2365 449/426/2365
f 741/703/2366 1158/1246/2366 427/413/2366
f 1157/1219/2367 1158/1246/2367 741/703/2367
f 1158/1246/2368 1157/1219/2368 1133/1244/2368
f 1164/1222/2369 1076/1221/2369 1031/1051/2369
f 259/387/2370 745/1229/2370 258/397/2370
f 132/117/2371 258/397/2371 133/118/2371
f 133/118/2372 326/304/2372 134/119/2372
f 502/1200/2373 326/304/2373 133/118/2373
f 1148/1261/2374 1147/1216/2374 1176/1238/2374
f 393/1265/2375 478/449/2375 411/357/2375
f 48/25/2376 1154/1316/2376 411/357/2376
f 48/25/2377 1194/1317/2377 1154/1316/2377
f 1201/1278/2378 259/387/2378 370/386/2378
f 257/398/2379 293/385/2379 259/387/2379
f 134/119/2380 400/1257/2380 132/117/2380
f 1123/366/2381 400/1257/2381 134/119/2381
f 685/303/2382 684/1260/2382 1172/1258/2382
f 1177/1239/2383 1150/1303/2383 1149/1237/2383
f 377/359/2384 380/358/2384 1235/1289/2384
f 380/358/2385 411/357/2385 1154/1316/2385
f 48/25/2386 1156/1243/2386 1194/1317/2386
f 1031/1051/2387 1182/1272/2387 1199/757/2387
f 1337/1445/2388 677/1/2388 1336/1444/2388
f 365/1312/2389 370/386/2389 293/385/2389
f 370/386/2390 365/1312/2390 1185/1276/2390
f 1214/1300/2391 365/1312/2391 293/385/2391
f 1214/1300/2392 419/651/2392 1215/1301/2392
f 684/1260/2393 1123/366/2393 1172/1258/2393
f 1191/1346/2394 377/359/2394 1235/1289/2394
f 343/1280/2395 1185/1276/2395 365/1312/2395
f 1214/1300/2396 1202/1279/2396 365/1312/2396
f 1204/1313/2397 1215/1301/2397 419/651/2397
f 1150/1303/2398 1177/1239/2398 1233/1302/2398
f 377/359/2399 1191/1346/2399 1207/1288/2399
f 963/929/2400 717/1365/2400 748/983/2400
f 306/289/2401 949/290/2401 1187/1331/2401
f 1212/1299/2402 343/1280/2402 289/297/2402
f 291/258/2403 289/297/2403 343/1280/2403
f 1214/1300/2404 250/301/2404 1202/1279/2404
f 46/21/2405 1206/1285/2405 1150/1303/2405
f 1242/1334/2406 1005/1304/2406 1243/1336/2406
f 1207/1288/2407 1243/1336/2407 1005/1304/2407
f 1235/1289/2408 1218/1359/2408 1191/1346/2408
f 1282/1390/2409 1263/1350/2409 1272/1360/2409
f 307/1328/2410 314/1326/2410 234/727/2410
f 234/727/2411 236/729/2411 307/1328/2411
f 268/257/2412 306/289/2412 289/297/2412
f 949/290/2413 1253/895/2413 1247/1330/2413
f 1217/1388/2414 1258/1538/2414 1257/1368/2414
f 1206/1285/2415 46/21/2415 45/20/2415
f 1218/1359/2416 1257/1368/2416 1191/1346/2416
f 1192/1266/2417 1218/1359/2417 1235/1289/2417
f 1143/933/2418 964/930/2418 998/982/2418
f 949/290/2419 1247/1330/2419 1187/1331/2419
f 268/257/2420 204/184/2420 949/290/2420
f 268/257/2421 249/259/2421 204/184/2421
f 1243/1336/2422 1191/1346/2422 1257/1368/2422
f 1258/1538/2423 1249/1381/2423 1243/1336/2423
f 1239/1322/2424 1245/1325/2424 1251/1343/2424
f 1245/1325/2425 936/1327/2425 1263/1350/2425
f 1246/1329/2426 1252/1345/2426 1264/1361/2426
f 1247/1330/2427 1253/895/2427 1252/1345/2427
f 1253/895/2428 204/184/2428 203/183/2428
f 1258/1538/2429 1243/1336/2429 1257/1368/2429
f 1279/1371/2430 1265/1344/2430 1253/895/2430
f 203/183/2431 1254/185/2431 581/1382/2431
f 10/1013/2432 711/1061/2432 4/969/2432
f 711/1061/2433 708/689/2433 4/969/2433
f 711/1061/2434 709/690/2434 708/689/2434
f 671/920/2435 950/917/2435 362/1188/2435
f 362/1188/2436 950/917/2436 1364/1540/2436
f 1364/1541/2437 662/661/2437 361/660/2437
f 361/1542/2438 362/1188/2438 1364/1540/2438
f 1365/1543/2439 1025/1026/2439 606/595/2439
f 606/1544/2440 598/1406/2440 608/624/2440
f 662/661/2441 1364/1541/2441 1365/1545/2441
f 631/634/2442 647/649/2442 1365/1545/2442
f 1007/997/2443 1364/1540/2443 950/917/2443
f 1007/997/2444 1025/1026/2444 1364/1540/2444
f 608/624/2445 1365/1545/2445 606/1544/2445
f 1365/1545/2446 608/624/2446 631/634/2446
f 1365/1545/2447 647/649/2447 662/661/2447
f 1365/1545/2448 1364/1541/2448 1025/1546/2448
f 719/1431/2449 718/1379/2449 720/1115/2449
f 1366/1547/2450 1344/1455/2450 1334/1441/2450
f 1344/1455/2451 57/34/2451 1334/1441/2451
f 1334/1441/2452 719/1431/2452 720/1115/2452
f 1083/1117/2453 1314/1407/2453 1366/1547/2453
f 1366/1547/2454 720/1115/2454 1083/1117/2454
f 1366/1547/2455 1314/1407/2455 1344/1455/2455
f 1334/1441/2456 720/1115/2456 1366/1547/2456
f 489/462/2457 1361/1548/2457 5/1075/2457
f 489/1549/2458 1342/1550/2458 1361/1505/2458
f 1342/1550/2459 1341/1458/2459 1361/1505/2459
f 1/1062/2460 420/1551/2460 2/987/2460
f 420/1551/2461 433/1502/2461 2/987/2461
f 1341/1456/2462 1326/1425/2462 777/1424/2462
f 439/414/2463 846/1552/2463 440/415/2463
f 439/414/2464 447/419/2464 846/1553/2464
f 447/419/2465 977/1554/2465 846/1553/2465
f 447/419/2466 454/429/2466 977/1554/2466
f 454/1555/2467 459/1421/2467 977/949/2467
f 458/1556/2468 1048/992/2468 459/1421/2468
f 458/1556/2469 469/1557/2469 1048/992/2469
f 469/439/2470 1047/464/2470 1048/1558/2470
f 1047/464/2471 500/469/2471 346/1559/2471
f 500/469/2472 347/1560/2472 346/1559/2472
f 500/469/2473 390/361/2473 347/1560/2473
f 390/1561/2474 350/1387/2474 347/1403/2474
f 523/1562/2475 525/1501/2475 350/1387/2475
f 525/495/2476 537/515/2476 356/1563/2476
f 537/515/2477 357/1564/2477 356/1563/2477
f 537/515/2478 359/1506/2478 357/1564/2478
f 559/534/2479 360/1565/2479 359/1506/2479
f 559/534/2480 693/1462/2480 360/1565/2480
f 557/532/2481 555/529/2481 693/1462/2481
f 555/1566/2482 752/683/2482 693/682/2482
f 555/529/2483 566/547/2483 752/1567/2483
f 566/1568/2484 1179/1241/2484 752/683/2484
f 566/547/2485 341/925/2485 1179/1569/2485
f 1179/1569/2486 341/925/2486 1367/1570/2486
f 1367/1571/2487 1153/1242/2487 1179/1241/2487
f 1368/1572/2488 1367/1570/2488 956/924/2488
f 1368/1161/2489 1114/1160/2489 1367/1571/2489
f 968/989/2490 1089/1573/2490 1368/1572/2490
f 968/1574/2491 1090/1127/2491 1089/1125/2491
f 968/1574/2492 1049/1130/2492 1090/1127/2492
f 1049/1130/2493 1092/1129/2493 1090/1127/2493
f 1092/1129/2494 295/277/2494 294/276/2494
f 295/277/2495 1050/1099/2495 1067/1132/2495
f 1051/1064/2496 1050/1099/2496 1369/1028/2496
f 1369/1028/2497 1050/1099/2497 653/1575/2497
f 656/1576/2498 668/1577/2498 918/885/2498
f 668/1577/2499 673/883/2499 918/885/2499
f 384/1465/2500 1027/1029/2500 661/884/2500
f 1027/1029/2501 1012/1002/2501 661/884/2501
f 384/1465/2502 750/711/2502 1027/1029/2502
f 384/1465/2503 1345/1464/2503 750/711/2503
f 751/686/2504 750/711/2504 1345/1464/2504
f 702/684/2505 751/686/2505 1345/1464/2505
f 179/1467/2506 151/1469/2506 702/684/2506
f 151/1469/2507 1052/1068/2507 702/684/2507
f 152/1471/2508 153/688/2508 1053/1069/2508
f 1053/1069/2509 1052/1068/2509 152/1471/2509
f 694/1136/2510 695/1067/2510 1096/1500/2510
f 694/1136/2511 386/351/2511 1359/1499/2511
f 1359/1499/2512 445/1138/2512 694/1136/2512
f 667/665/2513 652/664/2513 446/1171/2513
f 1358/1498/2514 446/1171/2514 652/664/2514
f 438/1104/2515 646/647/2515 1357/1497/2515
f 1074/1102/2516 616/608/2516 1356/1496/2516
f 565/545/2517 554/544/2517 1013/1004/2517
f 554/544/2518 978/936/2518 1013/1004/2518
f 554/544/2519 531/507/2519 978/936/2519
f 531/507/2520 675/901/2520 978/936/2520
f 531/507/2521 512/481/2521 675/901/2521
f 512/481/2522 804/887/2522 675/901/2522
f 512/481/2523 505/480/2523 804/887/2523
f 505/480/2524 1346/1473/2524 804/887/2524
f 480/1474/2525 919/886/2525 1346/1473/2525
f 462/1578/2526 910/868/2526 480/1474/2526
f 462/1578/2527 901/858/2527 910/868/2527
f 462/1578/2528 444/1579/2528 901/858/2528
f 444/1579/2529 886/847/2529 901/858/2529
f 886/847/2530 444/1579/2530 1370/1580/2530
f 1370/1580/2531 879/835/2531 886/847/2531
f 1354/1495/2532 879/835/2532 1370/1580/2532
f 1354/1495/2533 401/1581/2533 870/823/2533
f 856/808/2534 870/823/2534 1371/1582/2534
f 366/1583/2535 857/809/2535 856/808/2535
f 366/1583/2536 322/1584/2536 857/809/2536
f 322/1584/2537 1353/789/2537 857/809/2537
f 322/1584/2538 321/1585/2538 1353/789/2538
f 1353/789/2539 321/1585/2539 253/236/2539
f 271/1586/2540 220/1587/2540 253/236/2540
f 220/1587/2541 273/234/2541 253/236/2541
f 220/1587/2542 193/169/2542 273/234/2542
f 193/169/2543 159/144/2543 273/234/2543
f 159/144/2544 324/302/2544 273/234/2544
f 159/144/2545 131/136/2545 324/302/2545
f 324/302/2546 131/136/2546 1372/1588/2546
f 1372/1588/2547 819/769/2547 324/302/2547
f 1372/1588/2548 822/770/2548 819/769/2548
f 822/770/2549 1372/1588/2549 65/45/2549
f 65/45/2550 1372/1588/2550 83/61/2550
f 65/45/2551 815/44/2551 822/770/2551
f 66/46/2552 832/785/2552 815/44/2552
f 58/1589/2553 41/675/2553 833/1590/2553
f 62/37/2554 834/1591/2554 41/675/2554
f 845/1592/2555 834/1591/2555 62/37/2555
f 62/1593/2556 850/818/2556 844/802/2556
f 61/1594/2557 1352/1493/2557 850/818/2557
f 61/36/2558 67/931/2558 1352/1595/2558
f 67/931/2559 80/1596/2559 1352/1595/2559
f 80/1596/2560 77/1597/2560 1352/1595/2560
f 77/1477/2561 700/821/2561 860/820/2561
f 77/1477/2562 35/86/2562 700/821/2562
f 35/86/2563 873/826/2563 700/821/2563
f 35/86/2564 36/88/2564 873/826/2564
f 36/88/2565 117/112/2565 873/826/2565
f 117/112/2566 681/1492/2566 873/826/2566
f 117/112/2567 679/1598/2567 681/1492/2567
f 117/112/2568 127/110/2568 679/1598/2568
f 127/1599/2569 698/844/2569 679/676/2569
f 127/1599/2570 893/852/2570 698/844/2570
f 127/1599/2571 115/1600/2571 893/852/2571
f 115/1600/2572 899/856/2572 893/852/2572
f 678/866/2573 908/865/2573 100/1601/2573
f 100/1601/2574 101/882/2574 678/866/2574
f 91/687/2575 90/66/2575 101/1602/2575
f 90/1603/2576 917/881/2576 101/882/2576
f 90/1603/2577 74/1491/2577 917/881/2577
f 74/63/2578 88/62/2578 925/1604/2578
f 111/92/2579 803/1605/2579 72/51/2579
f 111/92/2580 181/148/2580 803/1605/2580
f 181/148/2581 802/1606/2581 803/1605/2581
f 181/1607/2582 212/1511/2582 802/943/2582
f 707/1012/2583 213/1482/2583 793/749/2583
f 213/1480/2584 794/1608/2584 793/1609/2584
f 213/1480/2585 265/245/2585 794/1608/2585
f 145/244/2586 264/243/2586 146/1610/2586
f 1032/1611/2587 264/243/2587 245/231/2587
f 1347/1483/2588 1362/1612/2588 3/1613/2588
f 209/193/2589 691/1614/2589 1362/1612/2589
f 1362/1612/2590 691/1614/2590 768/1615/2590
f 1348/1484/2591 691/1614/2591 209/193/2591
f 162/192/2592 945/910/2592 692/994/2592
f 945/910/2593 177/191/2593 240/1485/2593
f 240/1485/2594 1036/1039/2594 945/910/2594
f 240/1485/2595 1349/1486/2595 1039/1490/2595
f 1376/1616/2596 1374/1617/2596 1373/1618/2596
f 1373/1618/2597 1375/1619/2597 1376/1616/2597
f 1037/1040/2598 1376/1616/2598 1377/1620/2598
f 1037/1040/2599 1065/1621/2599 1038/1041/2599
f 1127/1622/2600 1380/1623/2600 1382/1624/2600
f 1151/1625/2601 1383/1626/2601 1189/1627/2601
f 1189/1627/2602 1383/1626/2602 1384/1628/2602
f 1384/1629/2603 1234/1315/2603 1189/1264/2603
f 1386/1630/2604 1384/1629/2604 1385/1631/2604
f 297/280/2605 777/1457/2605 1385/1632/2605
f 1386/1630/2606 1234/1315/2606 1384/1629/2606
f 755/715/2607 1386/1630/2607 1385/1631/2607
f 1386/1630/2608 755/715/2608 44/714/2608
f 1315/1408/2609 42/1376/2609 755/715/2609
f 1315/1408/2610 726/697/2610 42/1376/2610
f 1315/1408/2611 1289/1393/2611 726/697/2611
f 1289/1393/2612 1290/1394/2612 726/697/2612
f 730/1434/2613 740/1430/2613 1388/1633/2613
f 732/1442/2614 1387/1392/2614 730/1434/2614
f 1387/1392/2615 723/1385/2615 721/696/2615
f 732/1442/2616 723/1385/2616 1387/1392/2616
f 721/696/2617 724/1362/2617 1387/1392/2617
f 1391/1634/2618 1392/1635/2618 1389/1636/2618
f 1392/1635/2619 1391/1634/2619 1393/1637/2619
f 1393/1637/2620 1323/1453/2620 1392/1635/2620
f 733/1448/2621 728/1433/2621 1392/1635/2621
f 1323/1453/2622 1393/1637/2622 1351/1489/2622
f 1351/1489/2623 1229/1311/2623 1323/1453/2623
f 109/89/2624 1351/1489/2624 1393/1637/2624
f 5/1075/2625 1361/1548/2625 1/1062/2625
f 341/925/2626 956/924/2626 1367/1570/2626
f 1153/1242/2627 1367/1571/2627 1114/1160/2627
f 968/989/2628 1368/1572/2628 956/924/2628
f 672/672/2629 1050/1638/2629 1010/1639/2629
f 672/672/2630 653/669/2630 1050/1638/2630
f 1369/1028/2631 656/1576/2631 918/885/2631
f 151/1469/2632 152/1471/2632 1052/1068/2632
f 1053/1069/2633 153/688/2633 1096/1500/2633
f 386/351/2634 1096/1500/2634 153/688/2634
f 1096/1500/2635 386/351/2635 694/1136/2635
f 387/353/2636 1359/1499/2636 386/351/2636
f 667/665/2637 1359/1499/2637 387/353/2637
f 446/1171/2638 1359/1499/2638 667/665/2638
f 646/647/2639 1358/1498/2639 652/664/2639
f 1358/1498/2640 646/647/2640 438/1104/2640
f 630/631/2641 1357/1497/2641 646/647/2641
f 616/608/2642 1357/1497/2642 630/631/2642
f 1357/1497/2643 616/608/2643 1074/1102/2643
f 1356/1496/2644 574/559/2644 1043/1047/2644
f 565/545/2645 1043/1047/2645 574/559/2645
f 1043/1047/2646 565/545/2646 1013/1004/2646
f 919/886/2647 480/1474/2647 910/868/2647
f 429/1640/2648 1370/1580/2648 444/1579/2648
f 1370/1641/2649 429/393/2649 1354/1642/2649
f 870/823/2650 396/1643/2650 1371/1582/2650
f 371/1644/2651 1371/1582/2651 396/1643/2651
f 271/1586/2652 253/236/2652 321/1585/2652
f 130/135/2653 1372/1588/2653 131/136/2653
f 84/1645/2654 1372/1588/2654 130/135/2654
f 83/61/2655 1372/1588/2655 84/1645/2655
f 62/1593/2656 844/802/2656 845/798/2656
f 145/244/2657 284/287/2657 264/243/2657
f 3/1613/2658 245/231/2658 1347/1483/2658
f 209/193/2659 1347/1483/2659 197/174/2659
f 932/1042/2660 945/910/2660 1036/1039/2660
f 853/1646/2661 1373/1618/2661 1146/1214/2661
f 853/1646/2662 852/1647/2662 1375/1619/2662
f 1375/1619/2663 1145/1648/2663 1377/1620/2663
f 1146/1214/2664 1374/1617/2664 135/1215/2664
f 1374/1617/2665 1146/1214/2665 1373/1618/2665
f 1039/1490/2666 1376/1616/2666 1037/1040/2666
f 1349/1486/2667 261/265/2667 1378/1649/2667
f 1379/1650/2668 1374/1617/2668 1378/1649/2668
f 1023/1651/2669 1377/1620/2669 1145/1648/2669
f 1065/1621/2670 1037/1040/2670 1377/1620/2670
f 135/1215/2671 1379/1650/2671 1126/1181/2671
f 1381/1652/2672 1378/1649/2672 232/263/2672
f 1380/1623/2673 1126/1181/2673 1379/1650/2673
f 1381/1652/2674 254/262/2674 277/261/2674
f 1124/1182/2675 1126/1181/2675 1380/1623/2675
f 1127/1622/2676 1124/1182/2676 1380/1623/2676
f 1127/1622/2677 1382/1624/2677 1151/1653/2677
f 277/261/2678 280/282/2678 312/295/2678
f 312/295/2679 1383/1626/2679 1151/1625/2679
f 1151/1625/2680 1382/1624/2680 312/295/2680
f 313/308/2681 1383/1626/2681 312/295/2681
f 1385/1632/2682 1383/1626/2682 313/308/2682
f 1385/1631/2683 1325/1423/2683 755/715/2683
f 1234/1315/2684 1386/1630/2684 44/714/2684
f 1267/1364/2685 1285/1380/2685 1283/1383/2685
f 1283/1383/2686 1313/1487/2686 1387/1392/2686
f 732/1442/2687 1309/1422/2687 723/1385/2687
f 1389/1636/2688 730/1434/2688 1388/1633/2688
f 147/1206/2689 1391/1634/2689 1390/1654/2689
f 1391/1634/2690 147/1206/2690 110/90/2690
f 1391/1634/2691 110/90/2691 1393/1637/2691
f 1389/1636/2692 1390/1654/2692 1391/1634/2692
f 109/89/2693 1393/1637/2693 110/90/2693
f 1323/1453/2694 1229/1311/2694 1332/1440/2694
f 1323/1453/2695 733/1448/2695 1392/1635/2695
f 653/1575/2696 656/1576/2696 1369/1028/2696
f 1345/1464/2697 179/1467/2697 702/684/2697
f 1356/1496/2698 1355/1046/2698 1074/1102/2698
f 574/559/2699 1356/1496/2699 616/608/2699
f 401/375/2700 1354/1642/2700 429/393/2700
f 396/376/2701 870/1655/2701 401/375/2701
f 366/1583/2702 1371/1582/2702 371/1644/2702
f 1371/1582/2703 366/1583/2703 856/808/2703
f 3/1613/2704 1032/1611/2704 245/231/2704
f 1362/1612/2705 1347/1483/2705 209/193/2705
f 1348/1484/2706 162/192/2706 692/994/2706
f 1376/1616/2707 1039/1490/2707 1374/1617/2707
f 1039/1490/2708 1378/1649/2708 1374/1617/2708
f 1377/1620/2709 1376/1616/2709 1375/1619/2709
f 261/265/2710 232/263/2710 1378/1649/2710
f 1377/1620/2711 1023/1651/2711 1065/1621/2711
f 1379/1650/2712 135/1215/2712 1374/1617/2712
f 1378/1649/2713 1381/1652/2713 1380/1623/2713
f 1385/1632/2714 1384/1628/2714 1383/1626/2714
f 1387/1392/2715 1394/1656/2715 730/1434/2715
f 209/193/2716 178/171/2716 1348/1484/2716
f 1375/1619/2717 1373/1618/2717 853/1646/2717
f 1375/1619/2718 852/1647/2718 1145/1648/2718
f 1039/1490/2719 1349/1486/2719 1378/1649/2719
f 1381/1652/2720 232/263/2720 254/262/2720
f 1381/1652/2721 1382/1624/2721 1380/1623/2721
f 277/261/2722 1382/1624/2722 1381/1652/2722
f 312/295/2723 1382/1624/2723 277/261/2723
f 311/337/2724 1385/1632/2724 313/308/2724
f 1385/1632/2725 311/337/2725 297/280/2725
f 1325/1423/2726 1385/1631/2726 777/1424/2726
f 1350/1488/2727 740/1430/2727 1394/1656/2727
f 1390/1654/2728 1388/1633/2728 1343/1454/2728
f 1389/1636/2729 1388/1633/2729 1390/1654/2729
f 1389/1636/2730 728/1433/2730 730/1434/2730
f 1389/1636/2731 1392/1635/2731 728/1433/2731
f 1039/1490/2732 1036/1039/2732 240/1485/2732
f 1390/1654/2733 1343/1454/2733 147/1206/2733
f 1394/1656/2734 1313/1487/2734 1350/1488/2734
f 732/1442/2735 730/1434/2735 731/589/2735
f 1324/1432/2736 1388/1633/2736 740/1430/2736
f 1380/1623/2737 1379/1650/2737 1378/1649/2737
f 1394/1656/2738 1387/1392/2738 1313/1487/2738
f 1394/1656/2739 740/1430/2739 730/1434/2739
f 1388/1633/2740 1324/1432/2740 1343/1454/2740
f 1032/1611/2741 146/1610/2741 264/243/2741
f 767/728/2742 1166/1223/2742 237/226/2742
f 237/226/2743 1167/1273/2743 1168/1227/2743
f 767/728/2744 1211/1293/2744 1166/1223/2744
f 1168/1227/2745 238/227/2745 237/226/2745
f 1211/1293/2746 1140/1224/2746 1166/1223/2746
f 1167/1273/2747 1104/1144/2747 1168/1227/2747
f 1056/1074/2748 1169/1657/2748 1103/1143/2748
f 1396/1658/2749 1397/1659/2749 1395/1226/2749
f 1363/1513/2750 780/1660/2750 1360/1504/2750
f 1122/1661/2751 1363/1513/2751 782/738/2751
f 739/1253/2752 1395/1226/2752 1398/1662/2752
f 1122/1661/2753 782/738/2753 1105/1148/2753
f 778/1147/2754 1122/1661/2754 1105/1148/2754
f 1122/1661/2755 780/1660/2755 1363/1513/2755
f 1170/1254/2756 782/738/2756 1363/1513/2756
f 782/738/2757 781/737/2757 1105/1148/2757
f 1399/1663/2758 1395/1226/2758 1169/1657/2758
f 1200/1275/2759 739/1253/2759 1398/1662/2759
f 1062/1087/2760 1064/1086/2760 1396/1664/2760
f 148/1085/2761 1019/707/2761 744/706/2761
f 1060/1083/2762 148/1085/2762 744/706/2762
f 791/742/2763 1062/1665/2763 1399/1663/2763
f 1062/1665/2764 791/742/2764 1034/1090/2764
f 995/1015/2765 1110/1158/2765 1109/1157/2765
f 1110/1158/2766 995/1015/2766 775/731/2766
f 1110/1158/2767 775/731/2767 773/733/2767
f 1110/1158/2768 773/733/2768 996/1016/2768
f 930/979/2769 688/1503/2769 996/1016/2769
f 687/1259/2770 688/1503/2770 931/1038/2770
f 931/1038/2771 1035/1020/2771 687/1259/2771
f 687/1259/2772 1113/1211/2772 682/679/2772
f 237/226/2773 1166/1223/2773 1167/1273/2773
f 1398/1662/2774 1395/1226/2774 1397/1659/2774
f 1360/1666/2775 780/736/2775 1398/1662/2775
f 1397/1667/2776 1184/1277/2776 1360/1504/2776
f 1395/1226/2777 1399/1663/2777 1396/1658/2777
f 780/736/2778 1170/1254/2778 1200/1275/2778
f 1186/1256/2779 1171/1255/2779 1064/1086/2779
f 1171/1255/2780 1184/1277/2780 1064/1086/2780
f 739/1253/2781 1200/1275/2781 239/730/2781
f 1186/1256/2782 1064/1086/2782 1060/1083/2782
f 1186/1256/2783 1060/1083/2783 744/706/2783
f 235/1295/2784 1230/1324/2784 1226/1308/2784
f 1226/1308/2785 766/1296/2785 235/1295/2785
f 688/1503/2786 930/979/2786 931/1038/2786
f 687/1259/2787 1035/1020/2787 1024/1022/2787
f 1113/1211/2788 687/1259/2788 1024/1022/2788
f 1169/1657/2789 1056/1074/2789 791/742/2789
f 1200/1275/2790 1398/1662/2790 780/736/2790
f 1169/1657/2791 791/742/2791 1399/1663/2791
f 1360/1666/2792 1398/1662/2792 1397/1659/2792
f 1397/1667/2793 1396/1664/2793 1184/1277/2793
f 1064/1086/2794 1184/1277/2794 1396/1664/2794
f 235/1295/2795 239/730/2795 1230/1324/2795
f 1169/1657/2796 1395/1226/2796 1103/1143/2796
f 1396/1658/2797 1399/1663/2797 1062/1665/2797
