# Blender 5.1.0
# www.blender.org
mtllib SPD-35100X-B.mtl
o SPD-35100X-B
v -577.551086 47.891258 -136.217606
v -545.423706 136.278976 11.760952
v -545.321228 141.348465 15.058099
v -592.091370 132.462891 72.600174
v -589.755371 126.732979 69.845428
v -567.362854 133.629974 91.888664
v -585.957703 85.816986 96.021141
v -603.322388 141.196976 95.134056
v -593.967285 110.818298 120.692337
v -594.656250 112.247169 120.833794
v -579.183167 126.598915 77.293762
v -590.302979 80.078194 93.263481
v -588.996704 80.873001 91.888237
v -545.717468 138.775742 14.149736
v -600.226685 121.976379 82.561188
v -600.025635 121.742157 81.787598
v -601.047485 123.097961 82.647003
v -599.807800 124.303772 80.409111
v -602.386292 120.903305 84.056732
v -580.783203 124.357414 75.003151
v -582.224670 120.190872 71.669701
v -599.141785 121.030708 79.726051
v -601.929321 124.011520 83.490814
v -586.638855 91.325668 97.865448
v -587.479004 91.482117 98.627464
v -589.380920 87.735451 89.175606
v -588.550598 85.360237 88.402954
v -588.423401 85.420570 89.478020
v -596.172913 99.233734 92.298485
v -605.552856 122.444550 103.409470
v -585.926147 120.312347 69.187050
v -577.142395 119.792297 74.837914
v -578.312073 120.671776 75.130028
v -579.660706 120.090569 73.465698
v -591.919312 136.736008 118.970390
v -589.490784 89.171165 92.174232
v -573.524170 124.282242 79.984131
v -577.464050 130.313812 81.003922
v -588.245850 136.455780 77.242844
v -598.083130 138.409607 103.700653
v -593.760681 138.944016 98.841064
v -594.446350 139.263809 98.629082
v -549.176331 0.455859 -159.776337
v -549.442200 1.804823 -158.825394
v -488.574097 -33.325439 -53.112335
v -493.012115 -33.165157 -55.295559
v -597.308350 135.776474 102.844170
v -594.932312 137.555878 100.460556
v -596.339417 137.975189 101.365211
v -594.797974 141.017548 98.459297
v -545.782532 105.266693 87.701370
v -549.174316 102.448997 86.138275
v -549.331116 102.671532 85.148697
v -570.534546 85.375786 101.109734
v -575.261902 55.318428 -135.918350
v -575.504639 56.373680 -135.176559
v -576.213928 54.963871 -135.094910
v -575.486206 121.594002 76.976982
v -528.535095 -4.721026 -152.771439
v -567.947388 86.026436 101.085480
v -531.593506 -5.790004 -153.232620
v -528.872864 -7.176828 -152.353882
v -533.623413 -6.148252 -154.110519
v -534.503235 -4.445569 -154.759506
v -567.389893 85.032684 104.796799
v -570.715088 84.623825 103.894806
v -573.923035 92.124924 122.582520
v -570.805664 97.162903 126.494972
v -590.942566 134.170135 74.216148
v -532.525818 -7.676074 -154.032776
v -534.705200 -7.988538 -156.195358
v -538.043701 -6.637694 -157.556030
v -579.058044 134.443665 82.074806
v -609.536255 138.286484 107.323715
v -584.999084 114.360367 66.402924
v -569.539551 100.394691 129.109253
v -569.969910 99.947968 127.897697
v -569.134766 97.962334 128.517227
v -607.705017 138.779572 108.065460
v -535.291687 -8.037710 -157.951187
v -599.349609 101.880447 95.392258
v -598.695068 99.448532 96.721062
v -600.313599 100.248543 97.426315
v -599.318909 98.434616 97.545563
v -598.970581 95.439415 97.705399
v -569.992126 119.263214 79.152077
v -572.491577 130.640854 84.560547
v -550.804932 119.557426 132.526825
v -559.491211 131.122162 133.621536
v -561.273132 132.588547 133.092209
v -598.545654 129.995789 114.082497
v -605.070435 126.542145 111.465012
v -551.138855 117.496689 132.136871
v -553.450806 123.097771 133.904221
v -569.155518 54.606899 -142.044556
v -597.987244 129.992310 112.289932
v -549.793701 116.838280 131.560562
v -574.942871 146.640732 117.763359
v -582.815857 111.283035 65.942406
v -577.475220 111.025421 69.390305
v -585.148438 116.717873 110.840240
v -586.711243 116.191956 110.135445
v -584.780151 114.968414 109.392464
v -596.889954 130.784531 114.525261
v -588.132751 140.992111 101.312881
v -586.916138 142.951508 101.532768
v -569.147827 128.146118 85.126297
v -573.789673 134.749252 106.630356
v -574.277039 131.801315 83.846779
v -569.134521 131.738495 87.585678
v -598.512390 140.419861 89.418854
v -599.718689 139.015961 86.113136
v -551.117065 131.503403 99.226372
v -560.716431 134.354874 131.418655
v -560.280396 132.970963 132.490128
v -586.205322 143.152390 98.382172
v -586.284912 142.715866 95.743759
v -588.541077 121.679619 68.466446
v -567.216187 121.257812 82.384567
v -568.389160 123.724792 83.086731
v -568.296387 113.637276 76.889610
v -565.608765 119.311661 82.113297
v -501.964600 -8.295725 -130.031464
v -567.617920 150.795822 115.078461
v -568.841003 133.886719 88.344185
v -585.765991 111.330544 64.997665
v -566.615417 121.490746 83.295227
v -568.830688 129.941544 86.953857
v -568.886230 126.312187 84.435417
v -567.870789 123.901085 84.264587
v -568.903870 127.342903 85.624718
v -581.103638 108.629257 65.690071
v -568.577881 61.171436 -134.647156
v -573.695496 58.911350 -134.511261
v -550.194824 141.383118 127.139923
v -549.106323 140.775726 126.131638
v -547.225037 138.294601 124.236847
v -547.742004 138.843842 126.077614
v -594.850586 136.090561 74.126854
v -595.430786 136.493835 74.900497
v -592.688171 136.056030 74.295525
v -593.296997 136.689651 74.660156
v -587.856140 117.295471 66.743515
v -584.777954 137.623978 81.638313
v -597.368958 134.367065 78.056068
v -586.651794 137.475037 80.813812
v -595.811584 135.254456 78.281776
v -559.134033 138.087936 126.967690
v -592.446411 137.127701 75.804588
v -596.529175 134.595078 80.191284
v -598.049622 134.173325 80.376854
v -587.683899 141.864090 97.437759
v -601.434814 128.488449 110.475708
v -567.043091 62.044777 -135.311600
v -590.976562 135.702545 81.600616
v -597.535645 135.331268 84.226540
v -540.768982 108.742737 94.228340
v -538.748779 112.341202 97.516243
v -543.112122 106.570023 90.575180
v -584.202393 148.103622 99.497314
v -565.227112 120.006882 83.190941
v -569.990906 129.902054 89.199432
v -568.998901 126.303757 85.554634
v -568.961121 130.350388 87.967300
v -598.100891 134.587601 82.246796
v -582.549927 107.457970 64.625748
v -491.654572 -35.266483 -69.619156
v -493.155762 -34.260777 -67.212700
v -490.703949 -34.174225 -70.177582
v -570.322815 83.479340 -125.633446
v -570.666626 81.295059 -126.505531
v -591.441284 134.995361 83.675858
v -595.378113 134.615921 84.174988
v -589.521912 135.401321 87.612251
v -590.128357 135.062698 86.361931
v -591.221375 135.524399 88.214058
v -537.145813 117.853584 105.158920
v -568.255432 108.797165 74.220276
v -543.483948 125.994034 101.230865
v -538.322998 124.180466 103.572220
v -537.879150 124.715279 105.952148
v -537.945923 124.449547 104.411369
v -538.790771 127.686821 106.976585
v -538.369690 106.958458 108.335548
v -537.619629 110.877762 109.567345
v -488.241577 -26.944082 -76.790649
v -594.123901 109.054245 119.587357
v -589.476868 137.359177 77.455338
v -585.798645 85.303886 89.329765
v -490.039459 -32.637978 -72.103279
v -488.962891 -30.296043 -73.865501
v -585.839111 137.599609 80.235855
v -595.133972 135.420624 86.536980
v -487.749878 -26.076927 -77.905731
v -471.864471 -2.252143 -78.828430
v -472.133575 -5.194795 -79.166824
v -471.593506 -3.731457 -77.149536
v -587.612366 135.707733 85.190102
v -561.010620 116.196495 83.100769
v -592.900452 111.217377 115.330696
v -594.113037 108.527199 116.957954
v -592.292297 107.481438 113.427376
v -566.779236 120.950844 84.358879
v -568.404785 124.969002 84.721321
v -570.627441 127.610321 88.723442
v -569.078918 131.323639 88.505211
v -567.901917 133.327347 88.938217
v -582.042053 105.747749 64.752892
v -576.682129 106.353844 67.182060
v -565.418823 88.969185 -124.651413
v -492.047516 -45.822906 -68.330765
v -494.492279 -45.262459 -68.923515
v -566.277405 134.182846 90.234627
v -541.159912 -5.515760 -159.831619
v -542.990173 -4.384057 -160.309891
v -584.604675 108.527847 64.549522
v -581.781860 103.552422 65.193634
v -578.518799 103.873329 67.086899
v -561.846924 109.283073 78.433083
v -555.846069 87.598694 -126.125755
v -561.087646 114.727158 88.098869
v -566.741150 118.596687 85.963844
v -595.466187 136.241989 87.463669
v -489.602112 -30.576620 -75.720535
v -502.234344 -45.499355 -56.690979
v -593.696106 137.302246 118.304443
v -587.365356 137.502548 78.540375
v -584.818115 136.940430 79.846291
v -577.265442 105.647240 66.852402
v -569.478516 105.156662 71.120636
v -562.952698 118.047806 83.353806
v -581.630554 136.885559 82.395370
v -571.877014 103.285294 70.005363
v -573.206116 104.445984 69.024963
v -569.805542 102.967979 71.282074
v -594.343689 111.040154 119.339386
v -567.977173 103.403191 71.872604
v -564.654053 116.717125 86.461143
v -561.439331 116.991631 84.013809
v -500.377441 -42.683315 -58.374516
v -501.627533 -43.382568 -55.829117
v -502.443695 -45.319256 -53.633392
v -574.762207 117.670723 94.015846
v -572.652039 126.014709 91.233681
v -473.058105 -25.432545 -65.129272
v -583.821960 101.547302 64.929298
v -585.709045 101.128487 64.372063
v -587.740173 102.038589 64.364952
v -554.954895 110.649170 -63.807430
v -556.678772 111.790855 -61.705093
v -571.188110 130.174377 94.118484
v -569.789917 130.661606 89.737823
v -563.647705 104.224625 74.345291
v -587.827026 137.172836 90.453506
v -593.073608 137.537277 89.787735
v -591.623413 105.423416 112.802269
v -576.063477 118.758476 95.499931
v -583.567810 137.059631 85.384872
v -572.835938 127.326157 93.102272
v -572.159973 127.451347 90.989403
v -553.719666 114.341248 -56.383671
v -586.276917 136.131790 87.828552
v -593.051819 114.578056 122.095901
v -593.402649 113.728714 120.464546
v -556.436462 114.529610 85.707634
v -598.149414 136.907303 85.433685
v -597.320312 139.719284 88.004219
v -558.153687 123.307137 134.014496
v -558.045288 123.896149 134.875427
v -581.991577 137.477325 83.944283
v -579.695007 137.598160 84.490021
v -574.873535 124.205910 95.046463
v -576.021912 120.846764 95.576645
v -576.474609 124.099045 96.993347
v -546.716309 135.410751 9.665305
v -570.109375 131.293091 95.926826
v -572.990662 128.868103 96.527756
v -593.818237 104.221474 116.211159
v -591.877625 136.281158 89.149391
v -546.412354 135.976486 11.230577
v -545.916931 135.136414 9.935590
v -556.867432 108.374336 81.078583
v -558.871582 116.043098 84.334549
v -559.957642 116.069832 84.925529
v -476.081787 -21.624239 -63.934502
v -580.627991 138.042297 85.313141
v -592.606262 113.856415 118.122673
v -590.291931 135.976990 120.551315
v -583.306091 136.953461 86.345398
v -586.511047 136.598694 89.374580
v -557.954468 115.493149 85.793419
v -589.972839 138.510223 91.419472
v -552.472412 88.729347 124.725327
v -552.964050 87.906136 123.855675
v -538.657654 105.959221 106.768845
v -582.289490 137.699326 86.719193
v -547.837036 135.575760 11.731217
v -574.927856 125.905914 96.414734
v -574.349121 127.553329 99.117043
v -555.453369 104.986580 80.036224
v -580.030273 139.455887 86.487503
v -592.893921 114.921249 122.165123
v -553.924866 115.849747 88.813347
v -555.088501 116.212097 89.813026
v -553.963379 116.802246 90.114571
v -555.296204 115.265022 87.431442
v -583.862549 137.965927 88.700806
v -605.272644 119.056297 105.515823
v -578.790588 139.299728 85.913857
v -582.285400 138.952911 87.751999
v -497.504639 -32.152420 -54.905064
v -497.966095 -32.633789 -56.235619
v -495.798553 -32.195915 -55.347733
v -592.656860 102.022804 115.346649
v -578.472473 143.510193 87.994156
v -579.816284 143.508972 88.202316
v -581.293579 142.956848 88.677414
v -555.712463 102.470261 79.940605
v -555.023987 109.479202 83.561440
v -557.145081 115.291618 87.188377
v -556.296143 115.395134 89.749733
v -558.065186 114.025276 90.044220
v -559.525757 114.091827 89.410339
v -493.180634 -32.966122 -55.500076
v -570.977966 151.638443 112.798782
v -572.828125 151.229782 110.815887
v -570.747253 150.930008 114.473320
v -541.673706 -4.742013 -161.332169
v -491.684540 -47.590298 -58.492348
v -497.441193 -41.524307 -44.368034
v -498.524811 -41.047016 -44.970669
v -591.489685 116.084381 121.433746
v -496.826080 -33.832985 -60.281422
v -495.417328 -34.017059 -61.530640
v -496.861328 -31.705645 -57.936211
v -499.039825 -35.221878 -59.154530
v -595.184814 135.426010 121.212898
v -573.107422 149.127380 99.100670
v -582.190063 140.625946 88.093765
v -496.158264 -32.284538 -59.331623
v -496.003510 -30.226936 -56.397045
v -500.063751 -36.992008 -58.235008
v -499.842133 -42.678799 -63.861679
v -499.646729 -42.581341 -63.169720
v -588.876953 141.790161 113.178932
v -498.511810 -41.003323 -65.000412
v -498.165680 -41.916763 -66.459846
v -500.649323 -43.830296 -63.860577
v -585.622803 138.527985 91.118881
v -580.930481 145.761063 89.926605
v -583.788208 143.395676 89.187920
v -584.408386 142.317963 89.477409
v -584.211487 139.589142 89.347351
v -502.832855 -45.118279 -62.753632
v -500.256439 -45.139751 -64.054962
v -579.588867 123.456993 114.783356
v -581.275940 121.440804 114.995102
v -579.322937 123.059380 113.793091
v -585.776978 139.949234 91.904884
v -556.859619 101.822960 79.461006
v -555.974304 104.123329 79.352066
v -585.925293 141.977173 93.140244
v -585.285278 143.042526 91.914543
v -585.012573 141.650513 90.517616
v -551.789368 114.938179 89.141365
v -566.860229 96.147583 113.202530
v -568.649292 95.157349 111.322426
v -590.985474 103.612984 112.623405
v -539.699402 120.319214 116.394073
v -600.767639 139.846710 88.200439
v -601.187134 140.165558 91.278091
v -600.178040 140.304504 91.593811
v -601.677063 139.593292 90.867790
v -578.478210 145.761810 89.504997
v -577.473694 143.189743 88.090179
v -581.505310 144.513489 89.923149
v -582.592041 144.925552 91.135201
v -538.805420 117.911140 116.972176
v -557.179565 118.398170 132.195221
v -556.729431 118.450195 133.482986
v -558.328552 121.901581 133.250000
v -554.932556 115.089310 131.886230
v -582.839233 149.803192 103.911499
v -598.207031 140.543274 92.653015
v -543.795410 -4.131411 -161.881516
v -556.357056 135.908554 20.084749
v -553.651001 135.709839 17.827852
v -595.689331 140.698807 93.753151
v -593.299072 140.902191 93.009689
v -593.990540 139.762970 90.800781
v -572.635681 100.905769 109.131874
v -571.876221 99.303802 110.008499
v -571.389832 100.622025 112.290192
v -596.007202 140.776199 94.326721
v -596.455139 141.724747 94.931953
v -580.757385 146.918167 90.840149
v -580.054382 146.069305 89.648735
v -583.335327 145.759460 92.691574
v -585.122375 142.527969 90.281174
v -584.190063 144.148895 90.599350
v -571.031189 97.063042 109.564819
v -570.933716 102.499397 110.362488
v -573.050781 102.343262 109.008720
v -571.343506 101.873405 112.316673
v -571.543823 101.370346 112.404694
v -567.983276 103.843147 109.228600
v -568.705933 104.167152 107.434052
v -543.009460 -3.919011 -159.128159
v -545.179810 -2.512429 -159.930954
v -568.421753 103.045731 112.678825
v -553.634155 104.394592 81.555374
v -590.120728 100.658653 113.492447
v -591.342163 100.302986 114.793274
v -594.805847 141.467407 96.107635
v -545.496765 111.327591 -5.149063
v -596.651672 141.637726 99.649391
v -596.121216 142.111481 95.796799
v -596.512329 142.259125 96.419724
v -600.239868 141.877304 94.658791
v -545.629822 110.623924 -6.047735
v -554.237732 139.623901 36.261848
v -575.364685 146.264832 91.429390
v -578.784302 146.564102 90.295822
v -549.217102 106.850693 86.131828
v -552.362732 117.723366 90.783447
v -581.275574 140.884216 116.154953
v -582.624512 147.586349 94.492714
v -582.559753 146.645859 92.063889
v -581.807068 147.131180 91.971390
v -583.764465 145.064484 92.692978
v -571.344666 97.394699 124.972412
v -559.298096 135.597458 45.371063
v -551.318237 104.341232 83.202789
v -568.533936 105.290352 104.324905
v -579.301880 142.148956 117.231750
v -584.608521 144.919937 94.850929
v -573.404846 103.341354 108.358559
v -575.814148 104.904228 107.093124
v -576.072205 104.035599 107.185944
v -569.675781 103.718193 107.953087
v -596.944031 140.640930 93.984306
v -593.200989 140.797607 94.670265
v -594.532227 140.280640 95.429146
v -599.669373 141.754654 93.148705
v -577.712158 142.763733 123.689804
v -601.879517 141.391312 93.810623
v -573.464844 95.545387 121.816078
v -573.451294 95.104561 123.973488
v -549.986755 121.058182 94.000610
v -494.289734 -46.969738 -68.392845
v -557.183838 146.168396 104.081551
v -553.248657 144.279175 105.494888
v -496.901611 -44.149235 -67.894424
v -604.076660 140.983643 98.055344
v -546.413513 111.491203 90.760330
v -548.503967 141.141724 108.039955
v -550.284912 102.518593 84.445396
v -570.978699 147.648727 95.514748
v -546.851807 119.633209 95.202347
v -525.113892 -14.681245 -153.462982
v -557.856262 146.824554 108.545067
v -545.812195 -3.296778 -161.768661
v -545.416809 103.881050 89.119072
v -572.635071 140.223022 42.651409
v -588.109680 99.090935 112.873619
v -588.889160 98.259102 114.217758
v -590.398376 98.958260 114.797356
v -579.228638 141.013123 121.272842
v -537.264893 114.137627 110.911064
v -554.633545 144.865250 109.753960
v -544.463257 106.563950 89.072662
v -542.003662 110.086403 93.014366
v -570.469666 98.713959 124.572998
v -537.227539 114.040474 106.944389
v -537.502441 114.298088 102.743805
v -537.342163 116.712204 101.414474
v -550.798096 142.287704 105.559799
v -550.448914 142.667252 106.798340
v -545.883179 138.508301 106.954407
v -547.442383 -2.032032 -161.167999
v -547.517517 -2.116219 -161.900269
v -576.481995 140.379578 49.611446
v -565.584351 25.194059 -141.655014
v -567.978821 25.354324 -141.496155
v -551.686584 2.496514 -158.799759
v -595.236938 141.775314 97.659592
v -550.104248 130.846497 99.500938
v -548.822632 128.134491 98.910942
v -591.179260 101.730522 68.186676
v -551.778198 142.170059 114.486069
v -569.402222 146.465714 95.248672
v -542.562561 118.008118 97.174667
v -544.277405 136.996658 108.223038
v -546.934082 139.264084 110.329636
v -542.127747 133.976212 108.653305
v -539.102417 112.735992 96.712608
v -558.597534 146.710648 114.747314
v -563.470581 149.357590 113.897095
v -584.384583 146.513809 107.878799
v -580.286316 146.389984 110.767982
v -583.603760 147.921768 96.993675
v -549.763916 -0.203871 -161.450714
v -550.420715 1.604068 -162.142700
v -590.567505 141.369766 94.852730
v -590.403503 100.516769 66.645554
v -594.287720 141.118469 97.147255
v -598.762756 141.615082 100.385017
v -573.453308 140.687820 89.401695
v -539.633240 112.992981 96.216476
v -603.464050 108.952400 93.120987
v -580.811890 148.139023 95.194519
v -605.299622 113.046875 93.910255
v -554.983704 134.323975 134.916946
v -538.536255 119.479233 100.645866
v -593.611511 139.896194 96.429161
v -601.835938 107.701126 95.138947
v -539.900269 120.992599 117.220383
v -563.648560 103.389145 74.460938
v -549.904907 139.901459 117.865372
v -582.848572 149.157990 99.217972
v -583.870972 144.938675 110.622643
v -570.919556 97.742477 121.403564
v -572.568115 96.128937 121.988960
v -588.006104 143.781693 110.416023
v -607.058167 139.656998 100.855888
v -601.701904 108.133827 93.806084
v -602.231262 108.358337 94.911003
v -603.868652 110.576553 99.698387
v -537.670898 116.877266 100.169205
v -604.176514 137.576950 90.285812
v -539.162048 128.454041 106.084396
v -541.965576 133.817505 107.125725
v -604.982422 112.723557 95.388664
v -554.792664 143.655014 118.083878
v -569.480408 139.858078 91.294586
v -599.806702 140.974533 103.050201
v -605.833069 139.899963 106.167419
v -539.154175 117.490265 115.410080
v -571.235779 97.540215 120.457191
v -603.982727 110.569351 101.726189
v -602.943481 112.263550 103.305008
v -601.767151 112.257965 100.964149
v -577.374817 122.085915 98.200455
v -603.400085 103.237587 99.087212
v -529.028381 -11.366023 -157.397385
v -525.655823 -13.327067 -155.654297
v -565.899353 148.730728 118.585381
v -567.970337 136.612610 134.047394
v -568.811523 133.793793 137.030029
v -551.393860 4.232431 -156.836533
v -552.703003 3.611463 -159.680511
v -552.244873 3.871335 -161.208557
v -594.534241 95.983307 91.532440
v -537.871887 114.022041 99.966476
v -541.273010 131.657852 105.880852
v -540.164734 130.816940 107.509666
v -560.306335 146.939987 119.290047
v -563.722717 149.204269 116.696236
v -580.407959 149.391708 99.776352
v -594.805664 96.601639 92.522064
v -598.643616 140.281235 103.308228
v -608.024780 139.290848 103.488197
v -600.581848 113.865410 102.397934
v -600.552551 114.598465 103.026581
v -600.105347 115.690292 102.746933
v -605.989319 109.835587 102.929375
v -558.727722 104.539871 123.171295
v -569.108582 149.831924 117.165756
v -576.498657 134.654816 83.801941
v -567.194397 147.452896 97.070396
v -583.978516 149.750412 102.494057
v -594.977356 95.489433 90.695175
v -585.799072 147.364426 104.387070
v -584.788696 149.051651 102.420441
v -587.526917 145.101349 105.712822
v -601.552612 139.873596 106.531647
v -555.348755 7.863881 -160.268250
v -555.781250 8.102814 -155.975845
v -553.481323 4.752728 -157.616272
v -537.242493 121.018059 103.396912
v -594.914124 94.130089 90.216743
v -545.210754 135.010483 117.582314
v -607.617004 109.346077 103.197800
v -605.255249 111.832153 104.383789
v -565.867126 143.167847 95.426277
v -571.377441 150.076569 101.809258
v -579.748962 150.455994 105.491631
v -570.393311 147.169403 120.559380
v -603.126526 139.415573 108.131615
v -604.261230 139.562561 108.026733
v -608.737488 138.887405 106.732941
v -565.345581 130.527863 137.632553
v -570.976440 133.959015 86.896652
v -556.024658 8.118725 -158.239182
v -605.681274 103.794365 101.704491
v -561.959595 147.830109 119.094048
v -567.103760 148.103226 97.801155
v -575.333801 150.348068 103.351166
v -560.709412 12.523225 -156.460968
v -609.745605 107.820000 101.747032
v -566.493652 133.850281 135.675613
v -577.985413 146.399918 112.224403
v -582.260437 142.969406 113.597839
v -545.064453 134.106018 121.686478
v -546.172302 133.351883 121.202873
v -525.358826 -14.418006 -151.722534
v -529.562866 -10.647093 -153.300034
v -564.848511 137.498383 92.866714
v -542.018982 130.693939 116.562538
v -539.517151 125.853554 115.247414
v -540.914001 124.786186 117.383606
v -544.424011 132.213379 118.644676
v -554.347168 142.767593 119.540390
v -549.052917 138.690140 118.754822
v -561.452271 146.642014 120.805794
v -574.169556 150.463165 111.047287
v -564.194214 142.842636 126.042114
v -575.977905 151.253586 107.547523
v -574.541748 151.093338 105.891632
v -609.469299 109.780807 103.775856
v -594.612732 95.625900 92.567337
v -562.489197 147.785767 101.398300
v -568.660034 149.601761 102.126854
v -603.500671 138.718033 108.520958
v -575.373047 126.659363 103.707619
v -602.847717 118.371864 105.167450
v -583.357544 87.509941 91.763466
v -582.286072 87.104805 92.449188
v -583.583862 83.482483 92.152473
v -609.831543 110.500351 104.015663
v -610.867859 108.309593 102.599503
v -560.777649 141.414627 125.162292
v -537.656860 111.741730 104.911377
v -563.793640 134.116211 133.447113
v -601.355713 121.059799 100.566841
v -600.538513 119.684647 100.287659
v -539.797302 127.075974 115.005600
v -599.742065 115.330254 100.986206
v -551.455994 138.593796 120.923027
v -547.947205 135.171936 120.303452
v -605.423340 103.772171 102.216553
v -526.967834 -10.645020 -158.833252
v -530.788757 -7.845893 -161.522751
v -611.905151 109.128563 103.082527
v -557.682739 126.101501 135.345261
v -560.663696 99.764084 119.348763
v -562.062988 100.197899 118.450836
v -561.395996 138.601227 96.051315
v -606.747009 132.737900 100.813210
v -560.797974 146.630066 101.263992
v -559.006775 12.412042 -153.183701
v -584.482971 87.960434 90.262924
v -586.469421 82.998398 89.456017
v -586.193420 81.695305 90.517754
v -567.858887 132.839081 96.840698
v -539.021667 120.771896 119.957352
v -540.852600 119.005226 122.813972
v -565.236816 20.475449 -158.618210
v -566.333557 20.556702 -158.148727
v -555.079529 101.941284 124.265083
v -566.050049 18.904797 -157.387543
v -552.276062 140.577682 129.258698
v -543.825562 129.871811 119.169365
v -544.464233 131.514877 119.413177
v -546.463989 133.196869 120.363724
v -548.691528 135.809036 121.220657
v -550.589172 137.443848 121.957649
v -560.536133 142.646698 99.179039
v -570.237061 96.130577 110.695572
v -560.641724 12.934936 -154.417038
v -555.485718 120.008095 135.962250
v -557.077820 121.902969 136.798294
v -550.976257 133.673676 131.645187
v -552.539246 135.240448 133.214127
v -611.941101 128.454865 100.888077
v -548.249146 124.990631 128.850922
v -544.606323 133.215927 122.704269
v -563.352905 148.672043 104.488068
v -580.692383 142.060730 115.448715
v -567.327881 150.446503 108.583221
v -570.776489 151.394104 110.729401
v -565.560669 98.260635 114.931076
v -559.847534 123.232323 133.052994
v -563.576477 126.850159 132.592514
v -539.569885 104.845337 103.782585
v -542.652039 128.163834 118.502533
v -544.413940 131.500229 120.369965
v -543.337463 129.972214 120.435898
v -543.994568 131.808197 121.148438
v -549.428345 137.691635 122.678452
v -551.881226 138.619293 122.158630
v -553.326660 140.044510 123.007660
v -556.437866 141.159180 122.409599
v -555.778442 140.832230 122.300781
v -607.859253 135.708054 102.829399
v -557.896545 140.544159 123.894104
v -581.377380 140.513718 117.755455
v -581.463806 140.600677 115.605652
v -566.263184 19.467419 -150.047791
v -561.633850 125.587601 134.670654
v -562.705994 127.126213 133.768494
v -564.177673 128.064514 132.813553
v -561.182312 19.899616 -146.592834
v -567.908813 19.679462 -155.345825
v -562.322571 127.094337 133.623932
v -562.903931 128.853638 134.091705
v -581.676086 141.448395 115.083900
v -563.128296 118.199043 118.760681
v -600.915344 113.453560 100.287804
v -599.744812 117.209030 101.821014
v -564.261963 124.031090 116.405052
v -564.457703 121.380318 118.244423
v -562.186523 122.111839 116.369034
v -597.327454 140.336517 102.221550
v -537.287903 118.212761 111.275467
v -540.802551 124.232574 118.035797
v -547.052246 134.813751 121.606705
v -542.609375 127.812408 119.874016
v -548.413147 136.792328 123.062752
v -597.693481 90.631340 99.713318
v -597.999817 89.807266 99.134315
v -548.363892 138.532166 124.155685
v -551.551147 141.050629 124.995438
v -556.804199 140.903809 123.552887
v -598.770996 133.816299 104.987816
v -599.997375 133.579269 105.325264
v -582.353088 140.646606 116.062782
v -577.089417 124.131500 99.550629
v -559.703247 19.979382 -145.990738
v -588.848022 139.802261 103.250450
v -560.105713 21.955107 -144.453964
v -557.714661 22.125046 -145.291931
v -588.882385 139.545151 102.182495
v -554.818665 140.720032 101.880577
v -566.366760 150.461411 111.331802
v -599.011292 134.470215 104.935699
v -576.797913 146.606354 113.172623
v -577.363708 145.194641 115.033989
v -589.829468 138.898071 104.767838
v -560.854614 23.942141 -143.420609
v -555.431641 17.968948 -147.578476
v -558.139404 23.457607 -144.930130
v -558.065613 23.656227 -145.417389
v -583.871277 135.396362 79.195625
v -560.939941 135.732956 94.767410
v -558.304199 135.684326 96.500374
v -555.430603 135.779129 98.698555
v -560.183594 147.874084 107.868385
v -538.543884 123.782616 114.235992
v -571.813965 23.803244 -153.800568
v -588.668884 140.691422 99.942879
v -553.007141 141.531342 125.849777
v -555.297852 141.266617 125.279968
v -558.797852 139.302307 125.548264
v -518.776672 -0.060357 -154.671616
v -516.757141 -0.870026 -154.009857
v -576.575500 83.787598 116.632294
v -582.388733 118.938187 130.278992
v -573.783142 127.645462 95.642426
v -566.460083 127.509781 140.926025
v -516.242126 -2.482544 -152.012512
v -573.681396 149.093124 113.476006
v -569.008850 20.273632 -153.432541
v -518.615051 -3.497438 -152.766998
v -541.324768 124.546013 120.222404
v -542.291077 126.742142 120.140549
v -547.781128 110.827911 128.392258
v -544.558838 127.666451 122.934319
v -551.791931 141.352875 128.173813
v -558.266113 139.151337 126.140991
v -547.507996 114.301552 131.130219
v -522.452576 -7.145265 -152.192520
v -593.078613 134.335922 121.947197
v -554.820801 132.574265 135.818512
v -554.022339 133.496719 135.325104
v -587.318787 84.114517 93.686104
v -588.221558 83.009087 94.213585
v -569.846191 128.212646 129.038269
v -493.033112 -38.915096 -46.464184
v -573.508179 45.199543 -138.859573
v -573.382629 45.467304 -137.053284
v -575.469910 44.075760 -143.965164
v -575.010315 44.455971 -141.306305
v -574.577148 42.152214 -136.477509
v -575.048279 41.363064 -138.375015
v -575.217590 41.910507 -141.159714
v -551.205444 113.681213 -61.876976
v -595.829590 88.776138 95.205330
v -594.027283 90.030235 94.871353
v -571.051270 22.831154 -149.117889
v -529.419128 -8.968475 -152.585175
v -547.285706 133.929474 103.212006
v -537.632324 120.241798 113.034370
v -540.469421 124.186852 119.273102
v -559.395264 86.563843 115.386009
v -553.416260 109.219635 129.544861
v -555.420288 110.793320 128.878815
v -556.175720 105.534927 125.608047
v -570.621094 109.079178 133.476166
v -571.950500 110.155724 132.689316
v -535.957642 -6.495948 -155.546860
v -567.426575 83.815475 110.153557
v -567.683411 82.711235 116.733528
v -545.863586 135.997238 123.899704
v -554.905945 140.542145 127.496574
v -555.173401 140.922607 123.300766
v -591.694824 132.136475 131.452133
v -590.481934 132.712540 129.267639
v -593.164124 131.919357 128.744736
v -587.135620 133.180237 130.738449
v -549.340088 125.353180 97.069962
v -589.680603 132.481201 131.348801
v -535.708008 -7.629224 -159.283066
v -598.137024 91.489372 98.184517
v -549.155884 106.827576 0.210018
v -548.564575 107.880615 1.914971
v -537.943542 -5.928080 -161.108688
v -549.699890 108.614136 -0.099941
v -548.252502 108.143608 -1.427321
v -551.681213 89.588768 123.709412
v -552.490295 88.393036 120.849960
v -552.910706 87.214806 122.787270
v -544.947571 -3.485309 -162.643967
v -551.823853 90.126282 125.261826
v -591.076843 132.317001 132.070038
v -588.651062 132.315201 133.866653
v -595.213684 134.691513 73.833092
v -585.113342 137.479630 120.954262
v -551.031433 92.986481 122.338982
v -552.989502 97.329613 123.067047
v -539.084717 121.860756 118.609337
v -539.995239 121.172760 121.259521
v -545.738403 124.169449 125.749649
v -551.665710 91.433937 125.778870
v -551.410278 92.573524 125.705116
v -600.802246 135.944519 83.963699
v -600.629761 133.432892 82.620178
v -550.955811 93.647171 125.643623
v -550.227417 94.773880 125.227722
v -567.942871 63.193275 -134.262817
v -588.143066 84.343498 88.178146
v -588.353027 87.312057 88.101135
v -544.275330 141.085938 17.765207
v -490.963348 -24.486919 -63.224438
v -490.822479 -24.944498 -62.300579
v -587.734314 85.428070 90.974274
v -540.258545 122.225662 117.180168
v -538.812683 121.349655 119.410065
v -539.047913 120.030151 117.741875
v -484.385468 -56.961555 -58.833897
v -485.453674 -58.528915 -56.458839
v -571.484253 25.442492 -144.711655
v -548.871399 118.593994 132.593887
v -546.474060 116.842583 131.541962
v -546.336609 111.799667 128.310242
v -491.300140 -30.304831 -65.688713
v -491.906464 -31.015490 -65.216240
v -488.922974 -41.287872 -60.974400
v -488.820496 -38.836277 -57.860504
v -485.527527 -41.236515 -59.174553
v -485.399353 -40.370930 -56.963074
v -496.230865 -33.377975 -58.545925
v -503.335815 -41.576248 -53.699963
v -485.586212 -23.019489 -65.549583
v -486.033203 -21.121485 -66.911552
v -487.222015 -21.162973 -66.050209
v -489.397369 -21.767550 -64.814613
v -570.487305 26.321444 -141.250992
v -588.361511 82.287170 90.808395
v -588.222717 81.795174 89.375938
v -568.605774 117.015083 121.583511
v -569.781738 119.258942 123.916512
v -570.505615 119.463676 122.572540
v -561.262512 14.043435 -159.332230
v -568.515808 135.825424 99.889732
v -571.650024 136.748306 104.143250
v -562.916809 14.776005 -157.523651
v -570.446838 120.186348 120.584084
v -569.743958 119.527809 120.938950
v -572.798035 129.310181 105.581551
v -572.825867 27.907330 -141.087082
v -588.454102 81.328194 89.879082
v -589.575317 79.657295 92.566673
v -560.035767 125.671608 133.559616
v -572.663269 120.723015 121.594040
v -590.284790 81.578346 94.529457
v -476.178070 -32.930134 -58.038769
v -566.407043 104.818176 116.819191
v -580.955444 128.863419 116.820511
v -496.210876 -46.133640 -68.399078
v -495.451721 -42.280968 -67.242493
v -493.429138 -43.770500 -67.125565
v -549.971680 140.684402 128.144089
v -609.293396 138.293182 104.169357
v -568.103271 19.314295 -152.734711
v -549.968994 123.042618 131.794632
v -548.882080 117.553329 132.398575
v -547.386414 115.741631 131.794739
v -549.960938 119.337349 132.531036
v -552.613220 89.151535 119.348946
v -550.647034 96.570877 125.196907
v -556.116760 92.989906 118.442215
v -552.663696 91.998116 120.172821
v -550.436523 97.680656 125.003601
v -550.741760 99.121002 125.341621
v -554.215454 89.740761 118.530090
v -551.327393 101.442612 126.205482
v -570.497681 28.330711 -139.399414
v -558.801270 98.045837 119.492493
v -552.394958 104.787857 127.492577
v -556.757629 90.453148 116.602615
v -544.253357 117.297417 128.372482
v -569.004944 27.771954 -139.931503
v -568.551758 29.160080 -139.908752
v -568.533691 125.852203 128.722488
v -561.453979 90.904198 113.673622
v -566.112671 29.229624 -141.276657
v -551.950562 102.375267 82.787193
v -567.460327 129.085114 131.195541
v -562.969360 91.560028 113.035492
v -564.678772 92.494514 112.404121
v -566.220276 93.501442 111.943680
v -542.629333 105.566467 92.433304
v -565.940369 18.139952 -151.616882
v -563.906433 27.679283 -141.894516
v -562.366455 128.904022 134.782578
v -562.799927 129.411987 135.998566
v -559.803467 126.070206 136.601318
v -565.961243 29.282099 -141.811691
v -567.333191 133.793594 134.561569
v -572.388000 120.582146 120.182793
v -564.140747 130.071976 137.058395
v -516.177124 -4.514663 -146.284668
v -549.190674 120.710114 131.816589
v -572.518860 126.545265 126.417549
v -566.234741 131.888260 133.524200
v -514.351562 -4.870193 -142.817444
v -515.667236 -5.348004 -144.030823
v -494.601379 -33.367271 -53.432842
v -492.156372 -33.054810 -53.522087
v -575.058594 130.675110 127.493195
v -571.544922 132.526810 130.908401
v -569.132080 130.919464 131.481873
v -568.742371 133.668945 133.019333
v -567.200012 133.373596 135.305695
v -566.444031 132.346634 136.898010
v -570.070679 133.361938 132.081833
v -515.948547 -9.621214 -143.233170
v -518.858765 -12.699916 -145.867035
v -490.120850 -33.694530 -52.845879
v -517.868652 -12.373260 -144.659470
v -553.701355 6.824584 -155.087082
v -483.941376 -35.820301 -47.780849
v -484.281769 -37.153866 -46.480309
v -502.345001 -44.319923 -50.887474
v -563.057068 22.125235 -144.638779
v -600.934692 118.230598 103.970230
v -584.629700 118.925285 113.220345
v -517.669006 -4.035414 -152.187241
v -584.742554 147.813980 105.174065
v -554.670471 131.221542 135.750107
v -577.721375 130.416290 125.731598
v -575.327942 95.343658 122.108528
v -524.389709 -11.984659 -150.475388
v -520.430908 -13.683072 -147.266006
v -517.596069 -14.157364 -144.313019
v -520.785217 -16.159050 -147.721832
v -563.289368 101.794106 75.500969
v -521.521362 -15.047150 -147.969376
v -522.364624 -16.272161 -150.209641
v -516.593933 -18.332342 -146.583435
v -582.034729 120.722557 115.743088
v -582.548096 122.329636 116.833496
v -558.061218 146.572098 51.393726
v -559.871826 138.986313 47.350040
v -559.867737 137.216751 48.331722
v -609.002502 106.628983 100.570763
v -607.987061 107.909096 100.248329
v -525.595337 -10.474206 -151.128952
v -611.368408 107.340599 102.560654
v -607.028748 138.887482 99.054405
v -549.427917 114.544762 -63.844624
v -520.887207 -16.901226 -150.209793
v -608.317932 138.321899 101.816246
v -609.347900 121.723396 102.863495
v -554.338135 126.733383 -51.985497
v -553.717957 128.752960 -49.129658
v -555.993103 124.850700 -52.010326
v -587.689697 91.731522 97.819603
v -495.427246 -35.099293 -62.867870
v -589.292969 91.300583 97.821701
v -583.741028 120.240288 114.887192
v -532.139954 -9.843134 -156.947891
v -532.069458 -8.166758 -160.887329
v -538.733826 -4.494877 -162.384735
v -541.239197 -3.344070 -163.081863
v -607.158936 106.309647 98.752090
v -607.360596 107.720970 98.871239
v -551.156860 3.953678 -162.174530
v -520.998535 -16.603849 -151.271011
v -615.874573 113.454002 105.351196
v -490.650085 -27.344553 -60.208347
v -490.087402 -24.910769 -62.116608
v -490.829590 -28.783976 -59.114414
v -491.265076 -28.826494 -59.182468
v -492.220612 -27.584093 -60.364460
v -601.446411 139.142715 107.151230
v -600.895630 137.350876 106.513008
v -599.663818 136.452637 105.666779
v -501.206451 -37.990593 -56.356091
v -594.840698 79.191223 96.256882
v -593.463867 78.379112 96.042427
v -486.821533 -26.303442 -62.185104
v -486.770874 -23.899120 -64.222992
v -581.350037 121.507507 116.007103
v -503.002869 -42.166283 -54.024498
v -603.113342 140.285065 93.517197
v -604.120728 139.354553 94.598778
v -550.921875 140.440735 129.294189
v -562.905212 23.272030 -143.331116
v -553.822937 101.529526 82.815788
v -560.205139 24.706232 -143.860977
v -606.705994 108.637398 99.379196
v -520.180481 -15.767217 -152.743561
v -515.782227 -2.002478 -152.585007
v -518.260376 -8.142055 -149.653671
v -496.285980 -32.865883 -51.461369
v -587.760376 144.827698 107.656242
v -582.449951 114.819893 105.087051
v -501.749329 -52.987774 -59.198215
v -501.755768 -51.078094 -59.748512
v -578.496521 119.961632 98.910789
v -501.549866 -54.068123 -58.803261
v -500.834534 -55.144005 -59.268898
v -521.070862 -10.494731 -150.399597
v -580.446594 120.257851 102.410660
v -499.589874 -37.424717 -48.376564
v -495.842102 -36.060947 -49.264957
v -496.993713 -34.866405 -50.020157
v -498.382996 -35.518032 -49.914139
v -499.857697 -36.117352 -50.239468
v -579.196350 122.028320 101.523674
v -499.929474 -55.795822 -59.492100
v -496.368958 -38.397385 -46.818214
v -532.657349 -9.059906 -155.220566
v -583.716309 112.563347 108.503746
v -497.617706 -56.751156 -59.595078
v -499.101746 -55.173607 -61.625465
v -589.205383 112.333908 106.006676
v -578.755188 109.765327 102.067657
v -592.520630 117.632744 107.644470
v -493.514984 -36.387085 -49.105465
v -594.094177 122.971352 109.898941
v -538.473022 -2.843452 -163.602905
v -579.189148 126.378937 114.664925
v -540.875122 -2.552077 -163.421494
v -553.118713 6.769426 -162.386856
v -554.638184 8.692046 -162.467010
v -576.094421 131.704178 110.074287
v -575.193726 128.420654 109.066452
v -575.208740 133.003662 108.687767
v -493.789276 -57.181866 -58.906651
v -579.641052 106.548363 106.980621
v -582.148193 110.407204 108.095825
v -583.578552 106.307259 104.771408
v -494.631531 -34.164116 -51.397160
v -571.700989 133.573563 103.832596
v -490.730927 -32.966629 -52.322906
v -567.372375 133.293579 98.127724
v -569.209045 132.577774 100.545456
v -487.509644 -36.091164 -48.605671
v -488.428467 -37.894035 -46.832291
v -525.461548 -9.551612 -159.672165
v -571.733704 104.021194 107.504509
v -572.240906 98.141144 107.774994
v -482.319183 -55.882343 -59.383003
v -477.200531 -37.144249 -55.403053
v -476.500427 -35.628201 -57.016640
v -479.216919 -27.390852 -58.161842
v -568.632263 102.190880 114.444305
v -481.467133 -56.930130 -56.594189
v -483.359344 -58.537510 -55.058800
v -566.332031 102.843216 116.827477
v -567.334167 103.387581 115.488739
v -567.333130 104.659111 112.515213
v -499.840454 -39.275356 -56.585972
v -559.690430 122.537384 114.265167
v -554.235352 102.778595 81.109779
v -482.532562 -57.767303 -53.800846
v -484.249969 -38.213444 -47.155628
v -471.503113 -5.350720 -74.548470
v -473.578339 -8.316110 -71.418617
v -470.891632 -6.419281 -76.122864
v -472.772156 -4.864121 -72.676826
v -474.546600 -11.398502 -70.524719
v -475.143463 -13.043468 -71.221680
v -473.716827 -11.072206 -73.811432
v -480.637695 -53.822262 -53.476410
v -472.586426 -9.355158 -74.718018
v -494.677124 -33.678280 -57.712795
v -500.860168 -50.838123 -59.997082
v -486.430817 -36.153793 -54.021141
v -600.637817 138.894958 86.062576
v -602.833679 138.785919 87.795631
v -479.405914 -33.583290 -50.931519
v -479.872101 -39.611797 -51.761250
v -497.482788 -41.299355 -64.879158
v -497.176788 -38.712559 -63.476746
v -479.464661 -41.134182 -54.205036
v -488.781403 -39.963902 -56.476372
v -497.870697 -55.946388 -60.076771
v -496.311554 -52.968582 -62.259483
v -498.735016 -53.034115 -62.404564
v -572.229614 128.552490 65.102036
v -572.112549 127.845642 61.450184
v -570.165283 129.660553 61.620007
v -484.692566 -40.499386 -57.484051
v -583.803162 135.750351 65.103416
v -479.163727 -46.095219 -58.117744
v -479.278687 -43.715054 -56.297089
v -572.191833 23.807304 -150.653412
v -515.496765 -2.433786 -150.592102
v -516.084900 -3.720808 -149.424957
v -517.033997 -5.359559 -149.745346
v -482.312683 -54.808727 -50.730263
v -482.664154 -52.731735 -48.389900
v -519.511841 -9.981518 -149.754730
v -584.337952 134.012543 65.729027
v -522.526184 -13.680578 -148.924866
v -489.675751 -40.148540 -56.513180
v -483.528931 -42.409130 -53.749386
v -612.217529 119.885735 102.282227
v -612.103210 120.625702 101.109322
v -487.391266 -48.506985 -56.434170
v -590.091919 112.393158 69.524757
v -548.350403 140.089996 126.153175
v -529.713013 -11.390007 -154.557693
v -534.678467 -5.119287 -163.112915
v -480.114624 -52.109016 -58.131699
v -552.404358 7.274817 -162.751984
v -553.564941 8.375264 -163.230728
v -602.159058 137.187134 85.654938
v -481.293945 -55.758671 -57.311657
v -481.937134 -56.468250 -54.016163
v -492.589630 -44.576065 -66.862427
v -491.897339 -46.402664 -68.545784
v -485.900513 -47.139671 -49.446537
v -485.725433 -53.511925 -60.774525
v -492.377197 -45.137817 -67.604683
v -512.278870 -4.890403 -141.755035
v -512.924011 -4.025384 -142.591980
v -503.863556 -5.044315 -139.739212
v -557.033386 11.446780 -162.098404
v -575.306580 39.012424 -135.837616
v -574.647705 34.754944 -136.063950
v -574.426697 40.350513 -135.857849
v -486.595428 -57.644009 -57.112404
v -484.621643 -57.802486 -56.893738
v -484.494019 3.409219 -100.588570
v -485.829956 2.251014 -103.719040
v -498.518311 -46.714508 -50.346767
v -498.323578 -44.877979 -52.961365
v -486.360199 1.987016 -103.516678
v -484.961182 2.072304 -98.606262
v -483.921661 3.634996 -98.771797
v -473.165131 -5.964441 -98.733597
v -473.707703 -6.814833 -99.281982
v -474.747742 -6.576907 -102.800453
v -482.558746 4.772009 -95.652573
v -499.417847 -5.172639 -131.311279
v -500.293762 -5.926589 -129.337311
v -568.744873 22.013311 -147.797470
v -496.842865 -13.604001 -139.052078
v -481.224792 5.273668 -92.825195
v -480.216614 5.939876 -91.463547
v -479.442078 6.578053 -88.601326
v -479.002350 6.492342 -86.464905
v -484.370087 -56.304310 -58.259094
v -575.895020 59.597839 -135.370041
v -469.440552 -4.508547 -91.472343
v -470.085907 -4.982942 -92.709511
v -468.850555 -3.835948 -89.626968
v -467.719208 -3.655370 -87.731041
v -491.193024 -11.556477 -132.119980
v -490.399567 -12.446961 -129.798828
v -563.392029 106.810135 -103.770889
v -561.532715 25.929001 -142.973328
v -524.668335 -13.790473 -150.483566
v -524.204224 -13.202868 -150.048035
v -562.622620 107.892410 -100.732498
v -546.263428 142.062683 17.376820
v -545.477966 142.438797 16.837826
v -576.551453 71.487549 -141.194382
v -577.010620 69.703094 -142.657410
v -561.298279 109.203041 -97.777061
v -562.041321 108.632408 -98.465416
v -546.362854 142.969711 17.957769
v -546.700928 143.616165 18.172272
v -539.911194 139.330734 19.637360
v -561.759338 109.131538 -96.537811
v -537.341309 140.551010 21.902964
v -537.035095 140.117233 20.842793
v -572.848694 78.430962 -138.166183
v -544.170959 146.226181 24.416279
v -544.107422 144.635849 22.141195
v -549.711731 144.796402 25.037163
v -548.982483 143.898087 24.199102
v -541.806091 132.920914 -18.632261
v -541.820862 134.165283 -21.105646
v -552.605774 142.483124 -21.437443
v -569.635620 85.678711 -133.801956
v -552.401367 143.168961 -19.780170
v -560.757446 115.778603 116.927856
v -537.866699 142.706024 27.552729
v -537.609558 142.361938 26.382978
v -549.935425 142.901688 26.278662
v -560.062256 124.328369 114.295242
v -573.665222 30.276201 -138.402191
v -580.325684 128.501297 115.961014
v -569.419373 106.732666 101.799858
v -567.997498 106.381897 100.452728
v -552.250488 143.782471 -18.155710
v -552.904236 142.948364 -18.635912
v -560.305969 110.903152 -93.650848
v -567.949890 30.146254 -140.342560
v -552.430786 144.768204 -15.420114
v -552.270874 144.532211 -17.011782
v -552.134399 145.769028 -13.417154
v -541.331726 132.926407 -9.964228
v -544.775146 131.352814 -12.666952
v -578.880249 111.613182 100.691193
v -575.330139 109.915932 98.953064
v -576.049438 111.918175 97.945381
v -569.422913 108.869476 98.440086
v -566.759521 108.451607 97.510574
v -574.239197 102.526596 108.073120
v -577.940186 106.071854 107.206581
v -577.144897 103.595711 106.600021
v -576.075134 100.634407 105.777946
v -580.378906 115.626411 101.320984
v -577.263489 114.875717 97.522339
v -572.756836 114.780525 93.558418
v -572.724792 112.621895 95.114716
v -569.614441 115.358124 90.680260
v -574.301575 109.724609 98.540398
v -569.996948 110.819588 95.419922
v -567.274292 111.058830 94.336174
v -552.462708 144.494171 31.088394
v -550.788635 144.127579 28.175734
v -541.424622 133.344284 -7.996063
v -557.929016 83.437553 -133.824203
v -552.049377 146.402954 -11.074904
v -552.546570 145.926147 -10.150765
v -571.735535 92.492867 -124.827286
v -570.427307 90.845917 -124.764603
v -574.668701 115.704933 94.750877
v -566.822388 101.092842 115.739937
v -556.776794 84.691208 -131.885406
v -551.774414 148.532150 -5.974634
v -548.763367 108.681725 -87.647820
v -554.462830 114.413101 132.928406
v -535.107422 -3.440125 -163.545654
v -582.223267 128.773514 121.917625
v -581.533203 130.616043 123.430832
v -555.376526 115.228035 -87.279129
v -556.889771 113.639755 -89.370880
v -557.858521 113.081551 -88.586288
v -561.501892 124.734146 134.995102
v -578.801880 125.548149 122.308540
v -581.682678 125.267708 120.312630
v -580.416626 122.910561 119.199844
v -514.368042 -3.183500 -144.316818
v -559.772766 123.898491 138.225266
v -553.766418 142.864838 34.569675
v -544.403992 113.857597 -8.627802
v -544.598999 111.885902 -8.158534
v -546.072510 149.411179 34.424145
v -554.977112 116.174583 -85.479782
v -576.005920 122.281059 121.316704
v -579.144287 121.632088 118.070694
v -575.688049 121.094757 119.201401
v -560.950317 123.023911 135.714218
v -559.864624 121.246117 136.256760
v -558.141479 120.901642 134.185257
v -576.666931 123.825523 122.186066
v -556.851562 118.364601 135.141434
v -573.010620 121.479279 123.140976
v -555.391724 115.961090 133.929382
v -554.004089 111.458488 131.113281
v -573.496338 120.813828 120.158684
v -554.120544 112.365677 130.822311
v -542.179504 111.367844 -8.066554
v -514.333191 -7.228168 -142.389496
v -584.316162 94.897240 117.955811
v -555.659973 114.056290 130.532288
v -568.173279 119.271156 125.211113
v -564.197144 112.856667 124.288193
v -567.266785 117.031372 124.319199
v -568.002136 115.700821 121.681389
v -565.844360 113.939262 123.250450
v -559.385315 134.167435 131.727539
v -566.941223 113.441025 120.975197
v -564.519958 111.122490 122.829185
v -566.202026 111.141762 119.679100
v -551.736633 116.076508 132.989624
v -557.546875 128.619736 134.381958
v -564.924377 106.556648 119.723419
v -551.528015 124.272400 133.222290
v -551.636169 128.542740 133.507950
v -564.214661 105.328072 119.965942
v -565.941833 109.693062 118.847466
v -587.435425 131.695969 119.363564
v -588.779114 131.983444 118.530937
v -566.089111 107.484879 117.754585
v -476.416870 -1.037773 -81.761070
v -554.561035 10.150675 -163.260971
v -567.586304 104.052887 110.786613
v -558.142151 13.062681 -162.194977
v -582.284302 83.931435 93.185577
v -587.765076 80.255211 90.651993
v -548.514465 110.174133 -84.084625
v -515.195312 -12.391766 -142.805115
v -548.602051 113.318466 -80.215675
v -548.880554 112.784317 -82.192940
v -554.195984 117.458763 -81.264565
v -563.231079 114.961357 88.233521
v -572.900879 98.395012 107.308167
v -561.852661 111.896027 92.284088
v -537.781799 115.334595 112.610909
v -560.270203 112.951263 90.908768
v -552.485901 111.519951 -64.077644
v -575.020203 105.490883 106.372437
v -555.095642 120.986534 -64.360023
v -495.619232 -33.591724 -60.443043
v -489.848724 -27.692347 -73.493889
v -573.149780 107.972214 100.551041
v -566.049561 109.756714 95.854904
v -488.269592 -27.687628 -79.988205
v -561.636536 126.813553 133.540741
v -569.740479 136.473328 101.919083
v -515.150635 -18.936333 -146.451111
v -511.775604 -19.871897 -144.431610
v -496.283966 -46.914371 -68.881409
v -551.515259 149.132706 -4.475336
v -570.309814 136.653870 102.620888
v -543.801697 131.644623 4.109904
v -543.995667 134.361389 5.890683
v -581.511719 104.305954 104.561951
v -576.306335 106.597855 105.407921
v -545.136536 133.723663 7.779295
v -477.654541 -41.851250 -68.843010
v -476.817017 -41.123428 -68.367172
v -476.093079 -41.820019 -65.439354
v -539.344727 132.480118 10.658236
v -543.049500 130.456924 10.604493
v -585.729919 131.474747 119.941475
v -591.318604 129.992538 115.700928
v -576.024231 107.237854 103.010460
v -569.651001 131.390305 100.540314
v -569.554504 131.390350 98.592140
v -520.441223 -10.214354 -157.396133
v -522.730957 -10.748709 -157.946182
v -588.503418 125.949493 115.259094
v -592.816895 128.648590 113.912590
v -515.815063 -10.213180 -155.929718
v -477.260590 -47.068619 -62.048515
v -476.654999 -43.848282 -64.049950
v -583.741394 131.387802 119.406914
v -584.536194 131.511795 119.853271
v -538.946106 131.325668 9.462976
v -594.146240 127.171753 112.213066
v -513.956177 -11.251518 -155.136292
v -582.331482 130.156906 118.085167
v -582.345337 125.805458 117.463440
v -582.622925 124.156586 117.512459
v -585.046387 129.151871 119.244675
v -591.645752 123.285362 111.570816
v -523.732239 -11.472747 -157.543747
v -573.192627 127.893677 105.124107
v -545.311096 127.034645 3.555649
v -544.219421 129.077545 2.857374
v -544.166870 127.341118 2.564289
v -579.541809 31.737417 -152.508835
v -503.382477 -14.719662 -145.578979
v -503.724731 -15.460031 -145.576660
v -587.365417 109.997459 105.514862
v -578.486206 108.993172 102.860817
v -573.734863 127.657135 106.450455
v -584.673645 111.726303 108.074493
v -469.633392 -27.168571 -70.859634
v -580.957336 122.475746 115.660385
v -581.544373 122.778114 116.648193
v -579.994751 39.856697 -152.542358
v -580.118103 38.217110 -152.542953
v -472.087616 -25.272064 -66.442352
v -575.762085 125.890182 108.170158
v -575.871460 126.078178 109.238312
v -579.426880 42.348812 -151.942322
v -578.846558 43.565662 -151.765762
v -540.333740 123.845406 8.318849
v -587.883911 141.549744 94.935616
v -580.595032 111.147453 103.297226
v -577.413940 124.874397 103.266632
v -588.255249 117.371994 110.183868
v -590.748962 114.614586 106.650322
v -537.149170 137.932907 16.004749
v -581.631958 121.669556 112.335770
v -580.977112 112.488823 102.991615
v -576.542480 58.302086 -146.838501
v -576.919067 61.245590 -145.577957
v -545.019348 138.521255 14.153270
v -501.141815 -19.266094 -137.695084
v -498.107208 -18.316633 -135.934586
v -567.715088 22.850811 -157.642532
v -578.231750 65.379082 -143.312347
v -583.945007 118.990822 113.032951
v -584.401672 117.996574 111.739609
v -496.755676 -41.652657 -66.242218
v -544.347534 118.355675 6.334435
v -544.165649 115.889008 6.350174
v -583.341736 119.566460 113.107681
v -501.748627 -10.815956 -127.618172
v -570.088989 23.321939 -156.290024
v -582.839722 120.538338 110.994255
v -584.159851 117.087196 109.445648
v -582.463989 117.694328 104.915771
v -582.189514 120.873428 108.943710
v -582.845947 119.488190 107.833824
v -541.431519 124.843689 1.201809
v -542.039124 125.614655 2.782016
v -583.629456 115.046333 108.062836
v -500.990906 -16.729734 -128.875839
v -554.611328 131.677612 -41.582844
v -502.148041 -44.581314 -62.780899
v -501.936981 -47.421104 -61.148449
v -500.935364 -39.873863 -57.088264
v -501.940491 -39.557144 -56.188961
v -497.275604 -38.740917 -64.755226
v -498.312866 -38.431438 -63.002823
v -497.555267 -36.148113 -62.362892
v -499.316956 -41.495792 -61.862381
v -500.611450 -45.176785 -60.309052
v -501.317810 -45.992596 -58.621002
v -502.216339 -47.006584 -56.846325
v -501.817688 -47.243565 -57.682178
v -501.858948 -46.986984 -59.597214
v -556.734924 138.538559 42.167034
v -557.724304 136.739716 43.660847
v -553.779968 134.198929 -38.331989
v -601.526428 139.701553 89.987762
v -537.134705 117.265762 7.829042
v -538.223389 116.447166 8.441563
v -492.001038 -33.632111 -68.603714
v -489.761200 -25.885002 -71.914917
v -492.467102 -32.834236 -67.689590
v -489.165070 -25.622267 -70.057693
v -490.926880 -24.580967 -68.041519
v -490.722198 -29.093651 -67.380592
v -492.015381 -27.074724 -65.605530
v -490.083588 -21.216278 -68.652023
v -489.406464 -20.442671 -67.337555
v -546.899902 116.335327 2.846173
v -545.372131 116.637703 4.716558
v -491.786102 -46.998932 -67.886414
v -499.360657 -34.038979 -56.233017
v -500.946167 -37.336246 -55.394371
v -502.359650 -40.552265 -52.041588
v -558.016357 142.015244 41.852818
v -558.645142 140.688110 44.723686
v -557.118408 139.992325 42.604576
v -576.699524 28.398386 -151.417343
v -503.352173 -42.540253 -51.890221
v -502.800903 -42.249847 -49.256104
v -499.995880 -40.676228 -45.657581
v -575.117554 53.522316 -136.050491
v -490.267761 -40.363937 -44.686115
v -552.809937 139.406952 -29.211180
v -553.603333 138.402969 -29.930286
v -485.441315 -35.985371 -49.618011
v -478.109924 -48.567261 -63.687046
v -478.630707 -50.830101 -61.622387
v -479.417114 -49.608665 -64.647842
v -481.863983 -51.647732 -63.653233
v -478.656708 -51.062305 -59.161129
v -481.949951 -48.751125 -66.309563
v -480.214539 -55.037292 -56.469776
v -481.096375 -56.071178 -54.416225
v -482.181458 -56.541592 -52.429615
v -553.440857 140.498398 -23.129734
v -560.002380 140.761581 45.837749
v -493.309235 -34.258152 -56.876785
v -490.575989 -0.630334 -114.240242
v -489.754700 0.000155 -113.598686
v -542.641418 115.919556 -0.257680
v -478.727631 -37.873909 -50.506680
v -481.264252 -37.240704 -47.127129
v -479.227112 -36.245529 -49.647774
v -482.453369 -41.470352 -43.676865
v -481.685577 -43.175758 -43.978580
v -483.871643 -44.189369 -41.686119
v -482.829407 -45.446095 -42.316986
v -482.292999 -47.344467 -44.094830
v -482.368011 -42.042450 -58.499779
v -489.945435 -0.335882 -115.694962
v -490.450104 -0.785415 -118.000458
v -558.911987 136.383591 46.179291
v -561.650635 134.434082 50.725372
v -568.538025 145.527588 41.553371
v -480.944672 -10.018342 -112.605652
v -482.024017 -10.815270 -114.520943
v -560.687561 135.490234 49.684341
v -538.766052 -2.180754 -158.080536
v -537.389648 -2.831745 -157.013153
v -495.434570 -42.481541 -43.585716
v -493.001953 -51.572018 -52.862930
v -498.078583 -50.483871 -55.536644
v -497.142822 -48.301815 -58.127747
v -488.138641 0.858875 -108.411560
v -487.401581 1.257266 -107.558296
v -494.543488 -40.308872 -57.154945
v -493.210876 -40.427677 -56.626450
v -495.282623 -41.372578 -56.316387
v -491.763428 -40.399937 -56.308342
v -534.402405 -1.966510 -157.990234
v -491.149139 -51.571182 -53.162575
v -496.364532 -51.095245 -54.149780
v -491.985962 -50.448540 -55.137897
v -494.171295 -47.567444 -58.334225
v -496.067657 -47.093906 -59.346619
v -502.350433 -9.656258 -129.010147
v -493.948242 -45.372772 -51.821556
v -534.904663 0.382178 -159.667892
v -487.854034 0.855584 -106.240677
v -489.177704 -50.607872 -54.608707
v -494.357727 -45.039959 -61.006699
v -479.853394 -10.543696 -108.479126
v -479.935455 -9.616665 -111.096924
v -493.103180 -46.770485 -50.278381
v -492.255737 -45.158672 -60.719700
v -489.981903 -44.935211 -60.773872
v -487.793335 -48.417831 -47.655994
v -493.785797 -47.336746 -49.336567
v -475.837677 -7.588037 -105.072235
v -544.408936 109.845810 -0.794807
v -571.188782 31.079071 -137.565384
v -544.875488 108.002235 -0.198889
v -546.221375 108.597092 -1.511964
v -527.231689 3.040738 -157.885437
v -490.044067 -57.380665 -57.948788
v -490.603729 -46.921101 -50.329319
v -488.997925 -43.304508 -53.639736
v -548.010010 18.928921 -152.975388
v -550.650940 18.973944 -150.741821
v -558.150574 144.321671 54.826782
v -572.535278 144.564331 46.577675
v -562.539490 132.878967 50.174561
v -553.291382 89.783173 -121.941078
v -554.082520 89.341515 -122.433220
v -490.815033 -55.956535 -59.066803
v -515.249268 -3.414230 -146.520172
v -567.053223 100.685860 -114.022583
v -567.750122 99.756622 -115.286598
v -568.858032 24.862085 -142.585556
v -480.690582 -54.025536 -57.773014
v -481.019440 -52.389904 -54.453259
v -491.034180 -53.007877 -61.914215
v -487.768768 -51.642712 -62.872135
v -553.948120 90.512520 -119.333374
v -553.091736 90.807610 -120.029442
v -575.440552 143.117111 50.275291
v -577.381897 140.791138 52.529434
v -485.669281 -43.134422 -53.840149
v -479.799103 -50.186115 -58.295525
v -567.185608 100.880508 -112.424728
v -566.762390 102.153275 -111.852005
v -511.930145 -7.520136 -141.320190
v -494.809509 -56.601181 -59.114349
v -577.449768 64.368660 -139.451202
v -542.992493 16.437355 -157.492966
v -574.550598 143.485367 48.058041
v -575.305908 142.223404 48.001640
v -553.159973 91.915558 -117.168823
v -554.297363 91.509224 -116.123558
v -566.899353 132.935318 57.413914
v -565.036133 133.570755 54.771900
v -552.847534 92.358887 -117.810776
v -552.578125 93.275986 -115.431602
v -479.301758 -47.218605 -58.328445
v -482.122040 -55.634487 -51.824631
v -493.883514 -54.057533 -60.743214
v -489.756195 -49.876282 -64.818657
v -493.672668 -50.304356 -64.908134
v -565.743958 103.823494 -109.166443
v -562.846619 26.306112 -142.350632
v -515.381775 -3.401436 -148.625320
v -490.689911 -48.975140 -65.929871
v -491.415436 -47.946617 -67.110817
v -534.240906 112.128807 -0.380245
v -535.138489 111.405891 -0.121067
v -536.088867 111.272141 -2.500543
v -485.880951 -43.389843 -61.476490
v -517.790771 -9.940952 -146.137115
v -514.597229 -16.961569 -142.878510
v -483.856140 -41.847324 -55.048866
v -492.661316 -6.791162 -114.936470
v -492.911011 -9.325656 -114.511147
v -496.326172 -49.535267 -66.073372
v -500.526123 -54.385902 -60.385326
v -497.398987 -47.189476 -67.030128
v -550.963623 101.267525 -106.534119
v -551.635437 99.920242 -109.279045
v -482.217346 -44.118149 -44.940140
v -482.995789 -45.994717 -42.566570
v -591.532471 128.107529 70.331894
v -481.393463 -48.283024 -50.688240
v -497.647400 -45.248363 -67.179474
v -482.840485 -49.928936 -45.859753
v -479.584137 -40.428822 -53.327866
v -480.524017 -44.013168 -51.886047
v -499.204071 -55.355347 -60.425640
v -573.047852 67.194389 -137.674316
v -498.396820 -42.399261 -63.428566
v -481.444458 -44.826096 -49.002007
v -489.870087 -40.660839 -60.739483
v -560.790466 102.939354 76.101257
v -501.022552 -53.698639 -60.071819
v -501.567566 -52.435314 -59.230240
v -490.839355 -37.793060 -57.891781
v -493.065430 -38.338402 -59.309395
v -491.239594 -39.852379 -60.168732
v -482.809021 -47.678215 -43.879810
v -498.904266 -39.994431 -59.974369
v -497.226654 -37.005329 -61.877617
v -492.917145 -37.121635 -58.220699
v -490.135681 -37.344612 -57.531658
v -480.168213 -38.415703 -49.827526
v -482.430237 -43.572693 -44.455765
v -483.892365 -42.649410 -43.560425
v -483.846619 -44.920410 -41.924828
v -491.446106 -37.062969 -57.221943
v -575.637085 68.644188 -137.830521
v -488.240051 -36.522701 -55.097187
v -485.532593 -35.640518 -53.664204
v -486.418304 -34.557335 -53.185276
v -480.839935 -37.729805 -48.949379
v -481.804474 -38.210415 -47.693096
v -485.121704 -41.216724 -44.548878
v -486.528931 -43.585991 -41.607647
v -573.506958 69.227463 -136.351776
v -565.901917 67.981895 -133.815536
v -491.667572 -35.212067 -55.940357
v -568.933960 85.441399 -125.207420
v -486.611115 -42.261662 -43.400154
v -487.745392 -43.037273 -41.614407
v -484.692352 -42.434486 -42.062038
v -485.129700 -41.187160 -42.570713
v -480.865570 -33.546436 -50.032330
v -481.565948 -45.176750 -44.673252
v -482.347351 -48.492126 -44.948589
v -482.254059 -52.406757 -48.425884
v -500.986633 -43.173943 -54.443619
v -562.994934 83.599564 -127.594193
v -567.838318 83.161430 -126.783813
v -486.014191 -33.738884 -52.684959
v -488.407654 -34.897335 -51.147762
v -567.026672 87.812767 -126.045845
v -561.680420 86.150963 -126.478462
v -567.189148 84.443924 -125.575218
v -562.869995 87.911034 -126.105972
v -482.952148 -37.395382 -48.638134
v -478.389160 -35.425476 -51.677692
v -473.366119 -6.492093 -90.991470
v -481.038635 -50.232018 -49.916744
v -499.132874 -37.155926 -50.113651
v -493.576691 -32.812943 -54.316662
v -491.718994 -35.658577 -50.686218
v -485.926575 -34.777039 -51.503399
v -492.461517 -40.878658 -45.730679
v -489.312775 -42.507450 -42.721558
v -488.251007 -42.613861 -41.567360
v -489.087860 -42.304382 -41.652870
v -490.104187 -42.592289 -41.994179
v -556.308289 11.933457 -162.962540
v -498.566559 -36.104588 -58.586548
v -498.136871 -33.565216 -57.620003
v -499.130859 -35.251072 -56.510738
v -496.891724 -33.725445 -58.592430
v -496.568878 -32.352196 -54.333122
v -493.388458 -42.639549 -42.988838
v -501.928986 -47.366749 -54.314133
v -500.395996 -38.288540 -49.893471
v -500.419891 -37.253262 -52.241688
v -479.412964 -43.944771 -51.624912
v -480.604614 -54.927780 -58.907818
v -502.140076 -46.220783 -52.944645
v -477.608978 -34.183899 -55.423325
v -478.526337 -34.171806 -52.664181
v -501.755554 -40.818367 -47.645370
v -489.954437 -37.854649 -48.366653
v -562.902161 18.451199 -160.296631
v -501.782837 -40.859283 -49.345039
v -474.597656 -21.265900 -65.539833
v -473.818909 -21.191568 -66.289421
v -476.668457 -28.113310 -60.133873
v -479.370026 -30.833357 -55.998955
v -502.404541 -42.626030 -49.326572
v -593.600281 132.814041 72.670944
v -477.538422 -24.251696 -61.409916
v -487.621277 -58.108780 -57.326790
v -497.776947 -40.325371 -46.683128
v -498.121155 -41.524757 -45.173763
v -610.338806 119.617783 103.793228
v -587.590271 112.818031 65.824829
v -471.554321 -23.237526 -67.125748
v -476.560303 -30.568359 -59.413216
v -475.146545 -29.257603 -60.720074
v -557.147217 112.896980 -59.773495
v -476.515289 -41.892841 -60.773159
v -491.428558 -41.347454 -44.034988
v -492.786743 -42.309753 -43.206623
v -488.443695 -33.806259 -51.193649
v -543.665649 129.490967 121.331512
v -469.918518 -25.733974 -69.273170
v -470.346100 -24.762974 -68.344925
v -474.172668 -28.939899 -61.839699
v -473.810730 -27.111868 -63.124226
v -474.473541 -26.108253 -63.686878
v -472.920746 -26.815933 -64.452797
v -475.266296 -31.790607 -59.201717
v -547.453308 125.199249 -32.568653
v -494.125336 -55.634304 -61.026550
v -489.692291 -57.783691 -57.953018
v -494.449799 -42.041241 -43.497414
v -491.562042 -33.077381 -52.229977
v -500.607880 -40.694237 -47.109573
v -469.488464 -28.272165 -71.979698
v -471.863647 -27.989573 -68.969193
v -546.410095 137.661087 -2.082634
v -544.769470 137.350143 -0.053705
v -549.140869 139.922256 0.971442
v -590.569275 141.794556 111.722862
v -476.147736 -42.173771 -62.960163
v -551.298706 143.000687 0.426868
v -485.388336 -49.325695 -66.366226
v -490.098145 -53.837868 -62.456272
v -470.325012 -30.371462 -74.083160
v -471.429657 -31.335070 -72.417488
v -471.973480 -33.144711 -71.948586
v -549.096375 138.234360 3.577167
v -471.266785 -31.317598 -74.110390
v -502.533844 -41.181625 -47.721695
v -551.608032 140.475616 4.418610
v -472.981262 -32.433498 -77.284836
v -477.353241 -44.495949 -65.425369
v -490.235748 -47.249317 -68.611603
v -497.648376 -54.242100 -62.867908
v -500.724792 -36.545876 -51.094028
v -501.739777 -40.552479 -46.491219
v -473.471008 -36.723423 -68.593636
v -492.353790 -47.913776 -68.516457
v -499.576843 -53.363998 -63.052025
v -501.799561 -50.026043 -60.111206
v -472.875885 -33.719566 -72.935692
v -472.968842 -35.310741 -70.943794
v -500.598297 -51.743767 -62.712936
v -500.700165 -53.420574 -61.916569
v -545.969299 129.807846 7.830647
v -498.858246 -32.958771 -54.050755
v -499.218201 -33.634834 -54.192295
v -496.793884 -31.147345 -53.693699
v -568.870789 23.585819 -157.138565
v -483.370514 -25.206123 -62.326984
v -482.915649 -25.924732 -61.453033
v -485.309631 -23.751158 -64.446465
v -473.668121 -34.134167 -74.918724
v -475.782196 -38.756733 -70.911209
v -475.047424 -35.593895 -75.321541
v -473.670868 -34.539745 -72.422211
v -474.594208 -38.800259 -67.413101
v -541.925659 128.482208 9.145550
v -474.835205 -37.339821 -69.616737
v -479.061371 -42.170044 -69.472931
v -501.737549 -42.611511 -55.242432
v -502.727814 -44.186592 -53.180267
v -504.459503 -42.452667 -52.922874
v -485.245728 -27.746086 -60.235477
v -483.583832 -26.587938 -60.915779
v -486.602722 -28.278538 -60.159546
v -474.543671 -32.725395 -78.267090
v -476.047302 -35.859150 -75.739075
v -542.683228 119.919189 3.157444
v -475.303131 -39.108116 -67.978920
v -502.464874 -46.617687 -55.468960
v -502.528442 -46.191063 -54.073193
v -478.794556 -44.702160 -66.829124
v -480.583984 -45.177933 -67.315277
v -542.561829 144.173462 26.455379
v -494.063171 -47.700439 -68.779541
v -498.245392 -46.726162 -67.234924
v -479.724091 -41.132900 -70.462807
v -478.621674 -39.065681 -72.669052
v -540.015015 110.733635 6.830403
v -569.040222 101.653435 72.946404
v -492.816742 -43.923222 -70.376740
v -496.139038 -48.366459 -68.019104
v -541.951599 108.628639 4.090523
v -574.077881 103.278397 69.401733
v -577.926208 102.468369 68.186005
v -496.762207 -30.384308 -55.132740
v -544.383667 110.174652 -5.167935
v -477.739532 -32.124626 -79.086960
v -477.417480 -34.581741 -76.573204
v -479.880768 -36.190823 -74.134277
v -478.745331 -34.587387 -76.418991
v -543.018433 109.865990 -5.465568
v -484.589996 -44.480949 -68.320717
v -482.902283 -41.389801 -70.251656
v -586.936584 99.485832 66.553635
v -588.073975 100.633408 65.082260
v -502.013214 -46.793930 -60.678608
v -584.864502 100.033493 66.124222
v -546.320435 112.249794 -5.933774
v -554.292480 134.556564 134.829453
v -480.466705 -31.757475 -79.735817
v -481.184509 -34.139797 -77.765671
v -480.384338 -35.320759 -75.972664
v -480.962280 -39.208851 -71.385071
v -481.716553 -39.812939 -71.036201
v -496.467316 -45.600407 -68.949173
v -497.458954 -43.285690 -67.946297
v -499.947235 -46.983345 -63.694160
v -501.197266 -46.249950 -61.287315
v -499.245422 -38.729538 -60.621712
v -489.255219 -20.136129 -71.213432
v -489.340118 -19.068424 -69.777069
v -482.535095 -31.171568 -80.217529
v -483.079803 -33.544975 -77.962280
v -482.288300 -37.286316 -74.952515
v -488.338959 -43.275345 -69.660759
v -499.049896 -43.951778 -65.887840
v -493.144836 -29.116177 -58.803040
v -575.246887 29.120508 -144.183411
v -484.843536 -34.660858 -76.173325
v -485.158600 -33.149311 -78.895180
v -483.045959 -36.560955 -75.684349
v -485.074921 -42.282276 -70.019905
v -554.902588 137.264496 31.864002
v -557.623901 136.412888 34.254742
v -501.634094 -45.089748 -62.269951
v -492.975128 -28.026890 -62.946671
v -489.108246 -23.633566 -71.109375
v -488.447205 -21.406694 -72.551384
v -488.470459 -23.030575 -74.628052
v -485.911072 -30.585278 -81.663673
v -487.217255 -29.712795 -81.581223
v -486.803192 -31.492237 -80.900131
v -489.203278 -33.492348 -77.982750
v -554.364746 138.572769 35.416725
v -485.027100 -39.397377 -72.607826
v -597.911865 88.397820 96.041557
v -597.980347 91.041763 97.233299
v -501.233063 -45.651802 -61.777473
v -603.341614 120.502777 104.745735
v -588.625671 115.975983 66.450172
v -495.375336 -29.866453 -57.360180
v -494.564514 -29.853870 -60.285057
v -495.356720 -30.758751 -59.003494
v -492.749329 -27.413429 -61.810757
v -494.255249 -29.358521 -58.216011
v -493.064667 -28.959871 -63.189686
v -488.902802 -23.990623 -72.271873
v -488.539795 -24.125872 -75.973160
v -487.634979 -29.016567 -81.185684
v -490.858093 -38.570454 -73.517479
v -487.618500 -35.449482 -77.340538
v -487.466125 -37.084682 -75.765465
v -487.764587 -41.531734 -70.731133
v -509.584198 -18.769760 -138.535614
v -493.955322 -31.325558 -63.716599
v -490.184814 -26.968521 -72.344780
v -555.973694 137.597443 38.441711
v -486.378998 -38.686726 -72.690819
v -486.121185 -37.633419 -73.309189
v -492.562775 -29.652918 -64.140709
v -566.946289 143.580765 33.677055
v -568.365051 141.104675 35.565094
v -563.565552 133.087112 46.979183
v -489.248840 -30.867729 -78.600471
v -487.798279 -39.610641 -72.521317
v -489.786743 -40.832893 -71.912277
v -494.775452 -34.588799 -63.476955
v -490.904053 -40.751995 -72.020744
v -492.313629 -40.626797 -71.792366
v -493.333557 -32.682800 -65.584564
v -490.619324 -28.766870 -66.737854
v -490.357574 -31.894476 -71.403618
v -493.713654 -41.806416 -70.753799
v -492.542603 -32.175457 -66.504837
v -491.609497 -37.586933 -73.116562
v -494.899292 -37.213017 -65.710701
v -491.763214 -35.921997 -70.512985
v -492.143158 -36.699005 -70.582771
v -492.809357 -39.183174 -71.362770
v -492.008301 -37.345932 -72.158859
v -494.893219 -40.307110 -69.069595
v -493.655823 -37.912586 -69.042114
v -529.036987 4.297964 -160.468491
v -529.937439 5.551868 -161.450897
v -530.225464 3.999622 -161.199493
v -531.081238 1.490856 -159.628281
v -528.069031 3.421480 -159.304047
v -533.663269 8.172985 -161.614471
v -531.931274 6.767972 -161.994293
v -535.933655 6.159920 -161.226181
v -541.257874 2.622978 -160.297989
v -538.830261 1.819262 -160.265228
v -544.494080 -1.187085 -159.540451
v -547.110901 0.404411 -159.567230
v -577.645020 131.681473 55.638725
v -543.247864 11.146206 -157.379929
v -540.805237 12.008375 -157.903091
v -543.274170 15.423372 -157.363556
v -541.233215 15.179236 -158.404205
v -545.132874 16.161293 -155.833542
v -545.258240 13.879688 -156.631683
v -547.698486 12.364642 -155.820404
v -549.376648 12.067822 -153.256271
v -581.822449 127.856918 61.745422
v -550.532837 12.651787 -151.987778
v -550.648376 5.932574 -156.120178
v -552.791931 7.735767 -154.165909
v -551.581421 10.405642 -152.775101
v -556.378540 12.926649 -151.238174
v -537.946899 -4.362080 -156.385986
v -575.384644 40.023781 -144.162888
v -574.011475 37.322666 -140.263351
v -574.761353 37.411205 -144.040894
v -578.265686 61.703053 -138.637787
v -571.358398 62.594360 -135.141266
v -573.415039 61.207798 -135.025589
v -578.136597 53.323772 -135.797928
v -568.888794 64.353607 -134.809616
v -569.662659 62.432098 -134.418518
v -565.152161 64.756859 -136.266006
v -570.772278 57.301064 -136.609268
v -564.028198 66.883476 -135.141739
v -563.798645 67.828819 -134.625854
v -562.469666 72.754608 -137.746780
v -563.197205 71.014389 -135.917099
v -562.622253 74.877068 -136.706863
v -561.439148 75.494278 -139.429047
v -561.442261 76.918015 -138.210892
v -561.962036 78.387390 -136.875671
v -560.781067 77.005470 -139.357193
v -560.359436 78.677917 -138.648712
v -590.173462 117.557022 67.786690
v -510.355560 -19.907461 -140.325943
v -511.997284 -18.914070 -141.302338
v -474.676697 -1.320833 -80.722374
v -473.630829 -0.591487 -80.105652
v -471.344147 -1.335099 -78.630684
v -474.385101 -2.510926 -81.298904
v -472.503357 -2.861738 -79.988060
v -471.607880 -3.835497 -81.110092
v -472.179138 -4.093878 -75.160248
v -472.406067 -3.380027 -75.244926
v -474.057373 -7.210980 -72.635033
v -473.666809 -4.749347 -73.401726
v -473.142456 -3.733833 -74.293823
v -589.550903 112.968552 67.924660
v -589.914856 110.375397 69.143799
v -551.835815 109.149460 -69.846939
v -549.725708 115.982193 -58.737881
v -548.224182 117.812927 -59.785484
v -550.960083 114.656677 -59.622852
v -549.108032 117.164429 -56.403790
v -549.736511 118.667007 -49.719131
v -547.794800 120.047554 -51.975636
v -550.671143 115.694733 -56.279274
v -545.112610 122.730515 -46.624481
v -550.824341 117.993225 -49.332993
v -550.956482 119.936508 -45.856533
v -545.870239 122.574471 -44.488232
v -552.106445 117.817955 -49.065716
v -547.458801 122.259331 -44.263844
v -550.512695 123.020012 -42.144947
v -545.339966 124.088608 -41.505009
v -541.976318 127.852409 -39.914471
v -544.204529 124.230927 -42.766106
v -543.234375 127.237015 -36.335823
v -544.538086 126.140823 -36.926399
v -595.841797 133.951431 74.249100
v -543.332764 128.625046 -29.771444
v -542.593018 131.042450 -23.518641
v -588.288513 100.640839 72.453995
v -541.743469 133.006424 -14.101921
v -541.479431 133.111221 -11.063512
v -544.730835 116.458672 5.698895
v -542.580078 116.979607 7.719402
v -546.018250 113.091866 4.738748
v -550.319092 113.353088 1.886935
v -550.430908 111.808983 1.989782
v -550.736145 109.858818 1.300833
v -547.447571 106.851707 -0.268443
v -539.936218 113.978630 1.531747
v -538.259949 113.651466 2.102830
v -538.994934 113.979935 2.362449
v -537.953064 112.288002 1.483795
v -540.492065 112.348389 -0.168203
v -544.633484 109.998749 -6.019079
v -536.412354 113.180679 2.472883
v -539.738525 111.183624 -0.865544
v -537.344971 111.029190 0.214396
v -534.619324 113.619499 2.371828
v -534.832642 112.474609 1.605080
v -537.257324 110.618622 -2.229011
v -533.993896 113.275406 1.630908
v -574.187378 144.175354 48.930637
v -575.963806 142.697769 52.768864
v -577.258423 141.649628 55.956154
v -580.283508 137.832214 58.763958
v -580.684387 138.402527 60.921192
v -583.994934 135.514862 66.202957
v -584.085815 134.428452 64.534744
v -584.107056 134.850494 66.600754
v -589.937805 101.425621 71.682144
v -591.047791 125.039085 68.525047
v -592.187195 124.891762 69.848671
v -591.372986 126.384972 68.110451
v -602.529358 103.485817 86.309189
v -592.734924 127.688698 70.733414
v -592.695435 112.626205 71.788193
v -591.828918 110.277153 71.343620
v -591.536194 105.816048 71.868149
v -590.527832 103.981697 67.151260
v -590.494141 102.427803 66.282028
v -589.839966 103.496674 65.744614
v -589.608032 101.391075 65.321083
v -588.944092 102.201515 64.763412
v -589.142029 99.836334 66.337448
v -600.528809 120.490387 102.183784
v -608.702087 122.138130 102.173889
v -590.496155 90.118156 97.955803
v -584.583313 80.602104 94.224937
v -587.222595 79.197334 93.704117
v -594.455139 137.530060 100.621414
v -587.419556 144.711243 104.365799
v -590.049133 142.228363 108.725517
v -600.069946 128.106308 117.570419
v -598.743347 129.141205 118.099762
v -599.971619 127.417641 120.294266
v -599.440491 131.593842 123.595634
v -597.285706 134.224762 121.802017
v -599.310974 129.468079 125.658737
v -599.552063 131.038010 124.307442
v -598.998901 130.608353 126.170639
v -598.866699 131.706573 125.196373
v -596.200989 132.271500 125.403130
v -596.898376 131.447128 127.423775
v -595.898499 131.121246 128.603104
v -598.624329 96.651703 83.004562
v -575.471558 145.562347 121.464828
v -575.439819 144.231445 124.291840
v -576.886169 143.515991 124.261086
v -572.366272 147.561005 119.353027
v -573.308289 144.207291 124.688850
v -608.894775 121.626862 112.823845
v -613.438965 109.208305 104.266907
v -615.890442 114.602966 106.591309
v -614.597534 115.799202 108.411636
v -616.539246 116.358009 106.333252
v -615.539307 116.560143 107.667404
v -615.711548 117.787994 107.152222
v -600.214661 122.588257 121.932854
v -609.005432 120.153557 113.449570
v -607.783813 118.708984 114.912216
v -599.486633 122.104935 122.637970
v -598.978088 121.433067 122.780334
v -598.708252 125.482567 125.505989
v -600.307495 124.425720 121.260757
v -600.676697 125.213821 120.370415
v -591.995850 125.613319 130.356949
v -590.921753 120.037132 127.507538
v -589.056824 124.889008 131.388245
v -583.118835 129.517410 137.584229
v -584.271423 131.189529 136.668121
v -579.316345 127.710571 139.277573
v -578.224243 128.498825 139.639267
v -573.297546 130.015045 140.229523
v -570.226440 130.307297 140.215881
v -570.374146 132.918060 138.691971
v -581.698669 99.420403 71.621765
v -567.919983 130.605057 139.512466
v -560.429443 129.315811 135.054596
v -583.816467 134.881271 134.786255
v -580.117859 139.045685 129.472534
v -582.292175 136.297211 134.312241
v -581.106812 137.180084 133.805099
v -579.349060 138.907990 131.363052
v -575.389038 140.401459 129.560425
v -572.636108 139.869141 129.949600
v -576.432983 136.337479 134.988937
v -592.135315 133.750046 123.929047
v -587.935913 135.565323 123.295029
v -586.771851 134.966431 127.260391
v -586.035583 133.583420 132.074921
v -586.448242 132.774536 134.754684
v -589.013306 133.017242 132.404633
v -583.666809 134.970490 131.222046
v -582.293152 134.299225 136.107651
v -580.595459 135.495895 135.832520
v -576.514832 133.492645 138.079239
v -576.250366 134.953232 136.873993
v -568.199829 139.247299 130.655746
v -567.374268 136.822632 133.348495
v -556.701477 134.684250 133.510574
v -570.887939 109.028824 132.239761
v -570.692688 107.395287 132.197433
v -569.016479 109.025330 134.844772
v -562.036255 113.188606 141.795288
v -560.724060 116.878387 141.939941
v -557.975708 110.274300 140.509781
v -556.344116 112.265854 139.913284
v -555.429932 110.694420 139.006027
v -549.855042 114.942368 130.877747
v -598.611145 92.392792 98.499672
v -598.278198 91.123375 99.058495
v -596.336975 92.043007 94.375465
v -600.307495 94.979057 100.476799
v -598.279541 86.952797 97.011223
v -597.059875 82.047150 97.298637
v -597.958130 86.480461 100.505920
v -598.268860 88.168999 98.905464
v -598.283386 85.718124 98.902107
v -597.597412 84.449638 100.760040
v -597.048157 81.782654 98.764214
v -596.380249 82.609558 101.170273
v -595.123535 80.667633 100.653496
v -593.416199 79.482277 100.279480
v -587.325378 79.702766 102.127991
v -592.506592 78.429558 98.987778
v -588.807495 78.158699 97.136574
v -591.663696 78.088501 94.079819
v -592.167419 78.519135 94.106834
v -590.537659 78.140594 93.897736
v -590.261902 77.865921 97.222496
v -587.667297 78.459610 96.529510
v -591.753357 77.813957 97.434372
v -593.772034 78.588310 98.465263
v -582.974487 82.964714 109.239494
v -581.057129 81.942345 107.690315
v -580.454712 81.739998 106.810356
v -584.843994 84.118629 109.897873
v -605.526245 110.436691 95.610909
v -577.755310 82.528229 114.254028
v -585.655884 85.186996 110.301865
v -579.714172 83.034927 113.281654
v -582.856323 82.652260 93.425758
v -581.215149 82.387299 96.625061
v -584.858398 79.712616 96.739815
v -578.947021 81.935326 106.305580
v -577.340881 81.243706 110.053635
v -574.343628 81.427208 114.127197
v -579.956726 82.502411 112.333359
v -578.177551 85.207695 115.514908
v -579.412354 88.962242 116.927383
v -576.718201 83.101349 115.967239
v -579.163391 91.670502 118.994225
v -560.925537 91.164520 130.260101
v -558.956482 97.723862 135.105972
v -558.670593 91.615211 130.887054
v -561.703125 88.411079 128.138947
v -559.002869 92.758316 131.919907
v -557.349426 94.818352 132.998230
v -558.387939 98.443626 135.685181
v -555.252930 94.330116 131.385971
v -553.239075 96.712173 131.474365
v -549.560425 98.722069 125.260139
v -564.940857 83.593292 119.177025
v -557.000305 87.735481 119.190887
v -549.510620 92.674347 119.645432
v -552.554688 91.385521 125.758598
v -547.318237 94.510994 117.473625
v -549.683899 102.628777 128.276154
v -547.969788 109.602333 127.750572
v -549.038513 107.127563 129.109100
v -548.769775 113.009224 129.827240
v -549.034851 111.782471 129.728058
v -553.413208 125.626419 134.272873
v -601.037170 107.363167 94.245163
v -553.422241 130.801361 135.427551
v -550.414978 121.511253 132.462143
v -550.337280 125.345947 131.828369
v -564.100708 124.943604 141.255646
v -555.234741 125.116074 134.588089
v -554.909790 126.111069 134.491333
v -554.025818 130.997818 135.783890
v -602.418823 138.830765 91.513092
v -603.673157 137.340942 92.201706
v -554.975891 128.007233 134.641403
v -555.994934 132.700729 135.365784
v -558.636597 132.492996 133.417175
v -558.178040 131.456451 133.834427
v -609.031372 120.949738 103.850731
v -554.091248 121.342888 134.258530
v -606.279175 104.721474 100.013046
v -557.111694 130.209564 134.287415
v -546.703674 114.490784 130.905777
v -545.834778 114.912537 130.201981
v -546.151245 116.008781 131.179520
v -569.671082 31.195856 -138.672668
v -605.187134 104.539574 99.945137
v -605.551880 103.982552 100.774635
v -597.203003 96.801865 95.209595
v -545.984009 110.721825 126.278084
v -597.155579 98.750519 94.255035
v -554.600281 107.316139 137.898148
v -545.875183 109.316307 123.635811
v -556.772278 99.227554 135.764267
v -557.463806 115.303963 140.223099
v -535.088074 8.445275 -161.221436
v -535.624512 10.428848 -160.475067
v -536.643127 11.065839 -159.964081
v -541.357239 113.807404 118.973251
v -553.407959 103.627975 135.506805
v -559.400452 118.490448 140.937302
v -539.591309 13.588873 -158.986343
v -553.873535 101.652222 135.236160
v -561.890015 114.171562 142.114532
v -531.299500 3.884757 -161.401428
v -556.399841 105.096664 138.335449
v -561.797485 122.104851 141.256500
v -543.748535 110.703690 120.615814
v -545.073364 107.796295 122.101929
v -557.997498 102.328171 137.767334
v -558.987366 107.306793 140.004089
v -571.686279 113.356697 135.663239
v -606.095581 104.413719 102.338463
v -539.344788 115.718910 115.288460
v -544.546753 103.420731 118.558769
v -553.249939 98.582390 132.780487
v -563.710388 119.309685 142.613358
v -563.571655 122.229767 142.083054
v -603.773132 100.606842 100.652901
v -568.844910 143.820480 124.809120
v -541.759949 109.571358 117.147316
v -559.363403 105.076729 138.955627
v -591.599915 90.554443 93.693130
v -545.502014 99.239616 117.357681
v -555.542053 99.785507 135.505737
v -603.282776 104.450539 105.029747
v -540.606262 113.233063 116.196152
v -566.872314 119.718544 142.506332
v -568.407532 125.045578 142.351807
v -537.874207 0.368957 -159.791901
v -566.407532 124.335243 142.266708
v -595.399963 90.574928 101.893700
v -608.975098 137.039856 104.794456
v -568.750793 122.643677 142.689392
v -580.653625 85.567108 94.596809
v -553.343323 90.415916 125.364853
v -555.702026 89.408310 126.756767
v -567.240417 104.395103 133.452957
v -566.812012 121.095886 142.881226
v -574.432373 133.447128 138.416672
v -537.474121 7.970610 -160.794586
v -571.724365 148.913696 117.318001
v -542.846130 99.060226 111.714813
v -594.475708 88.502357 103.605156
v -593.007080 87.517365 105.166229
v -570.172974 105.701767 131.528061
v -573.257019 113.568390 134.373413
v -573.006226 112.061844 132.715851
v -595.616211 92.485687 107.591972
v -539.202087 110.776268 112.931595
v -557.578613 87.580231 125.336266
v -568.720581 102.318245 131.182693
v -510.607605 -4.601255 -141.645630
v -526.124390 -14.146710 -153.096695
v -594.531921 133.158920 109.926376
v -574.248962 125.629692 141.202515
v -571.355530 124.768112 142.142853
v -572.711182 126.509521 141.546631
v -577.470459 141.211411 128.423187
v -588.456238 95.844925 115.531578
v -540.625244 10.534629 -158.161880
v -545.219177 8.901555 -158.025513
v -545.134705 95.984352 113.620392
v -576.773743 117.952156 135.032120
v -575.557983 115.952171 134.542236
v -575.959534 115.728485 133.529709
v -573.157776 81.470863 113.445290
v -553.080139 90.200821 115.099983
v -559.518372 86.438309 125.069397
v -562.735962 86.507568 125.799835
v -569.964600 104.274231 130.874802
v -573.752380 113.657578 132.429565
v -594.916138 133.482239 123.592125
v -595.029907 134.768234 122.511086
v -597.091797 133.393982 123.339340
v -577.330688 150.560501 108.330742
v -540.391663 101.712975 108.374107
v -547.912415 93.826225 113.364540
v -558.853394 87.892258 126.945297
v -568.367371 95.711418 127.990158
v -569.000732 102.081429 129.222519
v -569.415649 101.051201 129.151520
v -576.229370 117.234352 131.162796
v -582.517151 135.665405 135.070648
v -547.363831 16.302067 -153.170013
v -542.315979 98.886780 109.708466
v -562.700928 84.589455 122.526245
v -564.965210 86.248444 125.046837
v -577.680054 41.073597 -136.269440
v -576.807373 37.208054 -136.408417
v -586.713013 129.256958 135.529358
v -541.381226 100.220253 107.528091
v -541.868164 5.583311 -160.184525
v -574.394897 115.127136 132.079178
v -580.767090 148.309677 108.130257
v -539.270508 103.881943 107.422516
v -545.459229 96.380615 107.356689
v -577.928955 117.187347 133.168137
v -583.936768 135.634125 128.123764
v -585.309753 134.192841 130.288788
v -580.974915 138.093750 126.628723
v -567.776001 82.676407 118.505356
v -566.514648 84.858429 123.036423
v -587.755615 130.301605 135.060272
v -581.614685 138.076660 124.105064
v -583.279114 137.089706 123.849060
v -585.008057 139.530319 117.420288
v -549.839905 92.865852 107.931953
v -581.019592 118.542336 132.087021
v -583.504395 119.032906 131.160522
v -580.700562 119.592888 133.487915
v -540.912964 101.975143 103.750778
v -556.284363 88.666267 110.404236
v -590.475769 129.541489 133.266815
v -540.591492 103.707664 101.578804
v -543.181824 99.054626 104.318871
v -571.444214 83.034607 118.869759
v -579.556213 118.832619 129.462372
v -548.718933 14.992172 -152.307388
v -546.992126 96.400909 101.699707
v -550.363892 93.124100 104.530487
v -581.677551 119.622536 128.625534
v -584.824280 118.777016 129.663910
v -587.833313 119.724884 128.917419
v -586.527771 118.917618 128.864426
v -575.562500 82.440186 116.269997
v -577.539673 94.259888 121.095146
v -593.447388 128.340790 130.927612
v -543.971924 100.017815 99.299820
v -562.839966 85.468353 110.788399
v -583.192505 119.940125 128.136414
v -584.408386 119.830376 127.838661
v -598.311157 128.697830 127.396385
v -584.701599 149.353226 103.320564
v -543.967407 102.475136 94.112091
v -554.397583 90.651474 104.215439
v -571.384521 81.710815 115.671089
v -586.367004 119.064201 127.338997
v -548.018738 97.339714 96.884018
v -550.945068 94.357407 98.755096
v -559.675476 87.883209 104.813660
v -588.492798 118.048691 126.758675
v -587.428345 118.523430 127.186150
v -593.435120 121.929550 126.821594
v -579.654785 93.375816 119.630760
v -593.753479 135.455460 120.637177
v -546.561951 12.163721 -156.562439
v -556.268799 91.334541 98.215431
v -590.225525 116.766876 126.293755
v -598.785156 127.510124 126.544792
v -599.838196 123.977531 122.449814
v -599.519409 115.922394 100.656540
v -603.733582 112.838539 96.942558
v -528.255432 -0.099114 -155.554672
v -546.951477 100.716835 91.961601
v -550.955444 96.988708 92.838158
v -564.148682 87.384605 100.046684
v -571.745178 82.965363 108.139717
v -584.268555 90.745583 114.558716
v -582.412476 94.229713 118.608910
v -594.830688 119.037041 124.097496
v -597.469482 134.106247 120.704086
v -553.959045 94.265915 94.224586
v -559.692200 90.008751 97.315338
v -595.618713 136.008240 117.325104
v -592.872498 139.076935 113.161926
v -594.205017 137.766449 116.719620
v -590.194519 138.576630 102.110786
v -592.698425 115.193123 123.843727
v -589.971802 140.380508 99.092072
v -560.455078 90.720268 94.494896
v -562.987854 89.237030 96.384705
v -586.911316 83.414185 107.826248
v -588.646484 84.811615 107.884331
v -597.530884 113.101715 118.522469
v -600.479736 126.604347 119.292824
v -556.488403 94.718971 90.349236
v -565.846558 87.877602 98.312416
v -586.025269 95.611595 117.423279
v -531.028931 -6.801045 -162.063889
v -597.831421 131.156158 118.516609
v -562.801453 90.383827 93.352112
v -564.537048 89.391655 95.909142
v -568.169006 86.842644 98.172859
v -600.233887 126.221413 120.724358
v -592.337036 136.588715 108.838776
v -592.086121 136.054825 106.914482
v -566.232300 88.476295 95.062141
v -577.198547 82.533768 104.702148
v -576.380798 83.210823 103.208435
v -554.147583 98.842201 86.092766
v -561.653503 93.130898 88.670837
v -574.957275 83.456932 103.806831
v -593.506348 96.579216 111.526733
v -604.177002 125.772507 114.898491
v -596.546875 130.939575 112.847031
v -576.283020 84.121078 101.141533
v -595.721619 80.003380 98.345337
v -590.887146 86.614967 106.941307
v -589.625732 87.638504 108.879128
v -589.687805 94.806023 113.264229
v -589.828735 98.080727 117.340302
v -590.644409 97.904518 115.325172
v -594.344116 133.582840 111.097580
v -563.795715 92.207558 88.982605
v -572.290649 86.888908 96.185738
v -588.656128 79.397316 92.397385
v -591.772278 88.407516 107.276924
v -593.134460 88.956688 105.326660
v -610.294617 122.162926 110.508965
v -593.653442 135.132568 106.344902
v -558.757812 97.615486 83.743240
v -576.899353 85.425568 98.089348
v -593.594543 99.150543 113.142937
v -553.115784 17.127193 -148.930679
v -597.951599 131.055298 110.435829
v -548.557678 19.289579 -152.827347
v -567.551147 91.763138 88.023697
v -579.681274 86.118088 95.162849
v -577.446411 84.866486 98.602776
v -592.972900 101.888794 115.990105
v -525.298523 1.190555 -155.495087
v -525.556763 2.291000 -156.928864
v -600.419739 108.561150 113.625282
v -607.528931 126.577812 105.873589
v -604.479919 121.783646 104.262260
v -608.444824 137.468124 106.379112
v -607.651611 138.353699 107.939491
v -587.731018 82.227188 89.122993
v -593.590820 89.812141 105.360199
v -597.898743 94.909431 107.130623
v -597.181946 106.327904 114.737106
v -607.616821 113.677673 112.029984
v -610.558838 123.350716 108.404213
v -608.390930 125.272102 107.101585
v -603.051697 128.022064 109.226425
v -601.549683 130.965027 107.668533
v -598.053589 133.707031 105.295906
v -610.057190 138.175064 106.717857
v -607.825012 136.872360 100.349571
v -564.254822 95.551048 83.530197
v -574.715759 88.638191 91.474487
v -615.982727 120.260483 104.950760
v -602.266663 129.217331 108.672867
v -605.546082 129.977081 105.393341
v -605.098633 130.863251 104.661232
v -504.030914 -16.850056 -144.017715
v -604.721313 138.650803 108.688644
v -610.138245 137.850861 106.066116
v -579.167603 87.098167 93.850807
v -601.860107 133.713531 105.105286
v -602.660339 135.537598 106.032333
v -562.395447 99.812622 78.477242
v -573.066101 91.878075 85.903358
v -595.624573 91.643898 102.365120
v -597.372009 93.930817 102.854759
v -603.864746 107.326797 110.639885
v -615.232239 112.583282 104.239166
v -616.742859 119.006676 105.059669
v -613.052002 123.621140 103.455772
v -613.618469 123.766701 102.568962
v -599.836670 132.527695 105.907280
v -602.575195 131.790833 104.778137
v -602.971558 137.121933 107.206596
v -605.572510 136.902878 106.101631
v -609.414062 137.709488 104.132088
v -584.825439 87.599586 95.566078
v -584.948181 89.094711 95.774788
v -584.726196 88.809700 96.584633
v -585.779480 90.371536 96.570389
v -588.251526 88.018890 92.366074
v -588.172119 86.802208 91.897774
v -587.575989 85.222092 92.192566
v -600.834167 100.284233 108.548584
v -612.249390 111.543083 107.533768
v -548.814026 7.770664 -157.218964
v -616.385498 116.471634 103.281876
v -616.703735 118.392769 103.596298
v -616.855835 117.919823 105.218208
v -615.966187 121.457108 102.997643
v -601.403137 132.662964 105.096672
v -571.461792 94.830704 81.611809
v -514.343506 -18.838066 -147.380096
v -585.577148 86.180450 94.977615
v -591.969910 90.116188 96.836487
v -596.493713 91.832687 101.465355
v -615.816589 120.475189 101.833397
v -604.173218 132.432388 102.968826
v -578.963501 89.591164 88.933502
v -581.666809 88.061470 91.735176
v -579.588501 39.691185 -139.632828
v -589.096313 88.955635 92.317825
v -586.647888 90.512657 95.867432
v -593.111084 90.533951 94.217590
v -601.494873 101.028366 107.787613
v -602.250488 105.336197 110.512108
v -602.903687 105.459595 109.792435
v -604.070801 106.350235 109.480247
v -610.093140 106.552399 105.914787
v -611.797668 107.580315 105.094345
v -615.538269 118.921196 101.853523
v -610.810486 129.338516 101.607414
v -603.912842 131.670212 103.346359
v -606.093628 132.700485 101.896759
v -570.351929 97.755638 78.011406
v -583.819092 89.656349 88.701576
v -590.657043 90.133629 93.010834
v -550.733582 20.224569 -151.516678
v -600.646362 98.754066 103.092697
v -603.246216 105.262138 107.959976
v -608.906921 105.482292 100.889870
v -522.308472 0.778477 -155.047195
v -614.192505 120.329552 100.279915
v -614.331360 123.334702 99.944366
v -614.977905 119.967239 100.824142
v -614.408569 123.222687 101.786659
v -607.315002 135.857849 103.513222
v -579.341675 92.366508 84.090416
v -582.923157 88.101128 91.354797
v -609.850220 105.751572 105.214386
v -604.068726 105.514374 107.592476
v -606.168396 104.441795 100.837982
v -601.610352 120.611984 103.885056
v -601.843628 121.780479 102.931236
v -602.739136 122.384552 101.854424
v -601.320923 121.463783 101.808746
v -610.574829 130.248520 100.558815
v -607.269775 131.822189 100.047134
v -605.830017 131.541138 102.542809
v -606.123901 132.032913 101.815742
v -586.851868 88.043282 88.363182
v -586.119873 89.318687 88.128838
v -516.345398 -10.849668 -155.933502
v -597.241272 89.044189 95.236366
v -604.040771 104.786850 104.218353
v -608.673523 105.001251 103.459236
v -611.323730 106.310570 104.254425
v -612.995361 122.000504 98.048775
v -612.410461 125.996384 99.621429
v -613.571960 124.153267 101.625229
v -612.858887 124.686119 99.575768
v -611.721680 128.868256 99.474533
v -611.289429 129.775406 99.694397
v -607.535583 134.950043 100.592834
v -576.577515 95.686623 79.296982
v -591.983948 90.507599 91.143532
v -594.220215 91.906914 91.728706
v -590.572937 89.723633 88.790215
v -541.848877 -1.147377 -159.334213
v -595.494202 94.756737 94.108994
v -603.399048 103.708740 103.840721
v -606.431824 104.754799 102.908478
v -604.096558 122.665764 101.973526
v -607.213501 122.202515 100.766151
v -612.991882 124.064011 97.798187
v -612.945557 123.370613 97.524178
v -608.736267 132.399979 96.504333
v -606.841919 133.036133 99.382393
v -606.290283 134.169769 97.770233
v -590.797607 89.678932 89.973145
v -595.622253 91.306168 93.596748
v -594.776550 94.010063 91.871582
v -608.432251 104.907402 101.831863
v -599.632385 117.353653 100.595673
v -612.338379 120.880035 99.639511
v -611.474243 121.624100 96.710739
v -607.266968 133.539078 93.045265
v -607.027649 132.506805 99.283829
v -605.592896 134.638550 95.424171
v -585.198120 90.985924 86.471947
v -590.491455 90.120659 91.562538
v -593.613953 90.875748 92.541962
v -602.360657 99.526375 99.430092
v -600.011780 117.895172 99.935547
v -603.803101 122.248695 100.870750
v -610.672913 121.086403 98.290672
v -608.382080 121.174286 92.986694
v -610.828552 125.434921 96.924789
v -576.003784 101.769028 70.144012
v -573.663086 100.233582 73.564644
v -552.022461 20.380037 -149.760605
v -589.236328 89.693222 87.721275
v -529.067078 -2.348734 -154.001770
v -595.024048 90.449341 93.942581
v -594.058594 92.999146 89.635803
v -598.532715 93.941643 86.517891
v -597.830322 93.619240 84.902832
v -604.273682 105.205902 99.117256
v -603.040161 104.888237 98.899872
v -605.766663 115.801758 94.498177
v -609.417358 120.768745 97.319908
v -611.264832 124.438972 96.653618
v -609.186646 124.010880 94.223976
v -608.786438 130.656158 94.527634
v -587.963867 89.655846 87.640938
v -591.654297 91.403366 87.515442
v -599.364441 104.376991 93.063988
v -594.419189 93.163582 89.129433
v -533.443298 -2.760053 -155.996948
v -604.961853 110.802238 97.313217
v -577.578796 99.421661 73.693695
v -581.457458 95.766014 78.945282
v -588.838623 91.497032 86.011482
v -590.688843 91.449051 86.574791
v -595.569824 94.236412 89.449089
v -545.366455 2.397785 -159.855179
v -546.187195 4.352373 -159.441696
v -603.515564 106.284286 97.149734
v -547.422424 6.204422 -158.501602
v -605.085144 114.261215 94.966591
v -609.312744 123.008247 93.865555
v -604.787354 136.623016 89.515450
v -606.752380 134.441605 93.803024
v -575.628601 100.573021 72.109177
v -578.747925 98.550537 75.088371
v -585.922485 94.435661 81.165955
v -592.309265 91.928787 86.608940
v -594.742554 92.793945 85.200218
v -602.111450 103.709175 97.648705
v -602.750732 105.699028 97.240334
v -549.946716 4.090753 -157.586563
v -608.442200 119.926048 96.005928
v -609.925476 120.674393 96.008759
v -608.701904 119.841187 94.191200
v -606.872437 130.887207 91.501457
v -500.112335 -18.335926 -130.056396
v -496.441101 -18.695601 -131.742340
v -584.826660 99.299828 67.410706
v -599.209045 94.287804 85.421921
v -599.938049 95.321121 86.386932
v -605.548157 106.201347 97.083252
v -605.969116 109.140015 96.403610
v -580.472046 47.587463 -140.454315
v -578.411072 99.771469 71.768097
v -584.220642 99.157494 74.248650
v -580.179565 53.197784 -140.373260
v -598.645020 94.707481 87.606796
v -604.445312 106.901062 95.993156
v -605.893188 115.329987 92.883331
v -607.409302 118.746910 95.096359
v -607.599243 118.500885 93.452438
v -579.570496 46.499660 -137.642441
v -582.293274 100.259705 67.015778
v -583.172180 99.525002 73.287743
v -599.855713 95.547829 87.038834
v -605.151245 112.503944 93.376274
v -604.568970 110.389717 93.541389
v -606.310059 117.809647 95.041634
v -607.183716 121.733574 91.168335
v -576.351379 48.035461 -136.145386
v -602.950745 136.204498 86.030525
v -586.433228 97.159996 77.248634
v -591.254883 96.048378 79.663315
v -601.622375 99.858170 85.922554
v -598.796387 94.697113 84.155876
v -603.512756 108.578697 94.275024
v -606.582520 116.815193 93.690041
v -600.020386 95.810272 85.214279
v -603.660400 103.936691 88.320938
v -600.214417 99.847000 84.242622
v -604.170410 107.600754 91.535042
v -604.824707 108.853371 91.641739
v -604.083191 109.209587 93.921501
v -604.053345 110.338020 92.661652
v -606.640747 118.882103 91.726944
v -606.391113 119.940140 89.999649
v -602.166199 130.886124 84.051086
v -588.374512 99.739281 69.007492
v -586.022644 99.163406 69.181770
v -584.561096 99.838425 72.164337
v -595.154724 96.771194 79.748283
v -594.995056 99.848480 77.652336
v -574.332947 48.661934 -136.254990
v -604.750977 115.557053 91.150490
v -604.448853 112.336540 91.140770
v -605.499329 114.800758 88.954559
v -605.770447 117.652130 91.401817
v -606.161987 117.963203 90.062714
v -604.291931 105.897758 89.963303
v -605.271667 108.544670 90.249580
v -605.598999 112.542870 89.209839
v -604.382080 110.158638 92.072754
v -605.310242 113.017021 90.021759
v -605.360474 109.949402 91.195633
v -605.341309 115.066383 90.042007
v -593.626160 98.787346 76.877281
v -599.080933 100.778046 82.787842
v -599.859619 102.989815 84.211601
v -605.696228 110.406876 89.824745
v -601.712708 132.767670 83.628456
v -590.654053 102.640823 70.576134
v -589.646912 99.429443 67.466530
v -587.853149 100.413956 71.096504
v -589.801697 100.494690 73.318420
v -604.101501 106.555962 87.818512
v -604.318359 115.973900 87.122726
v -501.240112 -12.908884 -126.721542
v -604.053589 121.682892 86.484573
v -590.228088 101.466461 70.153664
v -590.580872 100.311249 68.798187
v -590.858215 101.110016 73.169044
v -599.408813 104.104759 82.193573
v -600.643311 104.780861 83.736977
v -501.648621 -15.251092 -128.521240
v -502.562775 -13.346214 -128.991455
v -600.143066 105.847107 82.851364
v -602.779419 108.935173 85.691963
v -601.554260 119.642189 82.782837
v -591.690674 102.610222 72.969643
v -590.747864 104.121574 69.966476
v -602.148987 113.538155 84.955910
v -599.307983 130.716934 79.574783
v -597.815674 109.483261 79.335556
v -599.146973 133.082504 80.045769
v -525.362488 -1.943732 -153.567719
v -595.809937 108.497406 76.639832
v -599.643372 134.280380 82.454155
v -595.844666 135.381485 74.775192
v -597.865662 113.623123 78.540154
v -596.059570 135.757507 75.740707
v -599.907593 116.420189 81.620026
v -586.868347 108.514267 65.263847
v -590.522034 115.193039 68.413513
v -589.990295 106.401443 68.954689
v -596.174011 119.747337 76.291672
v -588.308960 110.169128 66.756485
v -595.105042 116.419998 75.025497
v -595.622986 130.115585 73.943176
v -593.197266 117.005486 71.636482
v -595.634094 123.607521 74.524109
v -591.672607 117.148270 69.480499
v -591.106323 121.574898 68.869026
v -590.375061 122.758324 68.535103
v -591.375244 126.595009 68.851311
v -591.350952 126.428078 67.671272
v -554.654663 13.597059 -150.471588
v -578.647034 47.369156 -136.723618
v -588.239258 124.024239 65.368179
v -585.323242 122.434158 65.936676
v -588.253784 123.122520 66.481491
v -586.872375 122.257881 66.818314
v -588.644592 124.177429 65.682465
v -569.863586 24.447996 -157.191177
v -586.165100 125.981384 64.025940
v -587.724854 125.806358 64.771179
v -571.372009 25.164417 -156.182114
v -578.377014 140.557800 61.275406
v -582.278137 137.107559 65.758400
v -582.082336 136.486679 66.652313
v -581.077942 137.714981 66.332314
v -578.740417 139.484314 64.083237
v -581.619873 122.872025 66.821342
v -583.344849 122.124130 67.334709
v -584.465393 124.139328 63.827164
v -583.761780 132.176712 64.232330
v -584.751953 131.184204 65.462189
v -580.802307 123.333984 67.657776
v -574.273499 127.083511 67.076080
v -576.750427 125.030846 68.519913
v -576.389771 125.050278 67.871628
v -579.669189 123.459381 67.330132
v -581.312195 123.460930 65.305695
v -576.573120 52.984554 -135.037796
v -585.776917 127.896667 64.613762
v -583.570679 127.471382 63.587730
v -585.190430 128.442596 65.013931
v -584.067993 132.068527 65.540596
v -574.381042 126.706886 60.236214
v -577.685303 125.339790 62.209763
v -583.277588 124.991692 63.607883
v -582.834778 130.236038 62.642071
v -584.888367 129.614578 65.204117
v -582.562500 124.082230 64.157944
v -582.373535 125.628754 63.089912
v -574.010498 126.909981 66.020004
v -578.740662 140.150085 63.091717
v -573.535950 127.811722 66.245171
v -575.123047 125.852158 63.939354
v -578.381165 126.114014 60.945274
v -579.676392 134.875137 56.950611
v -580.228638 136.423080 57.905701
v -577.078613 141.916687 58.206554
v -580.072021 127.416405 60.511127
v -581.233582 131.961060 59.409317
v -577.505127 141.275925 59.662743
v -570.392517 130.212112 62.489746
v -573.027466 48.505806 -137.015823
v -580.325745 129.565582 59.104294
v -578.838806 133.396179 56.163868
v -577.287781 128.356476 57.541412
v -567.778748 132.034302 58.970287
v -570.656677 128.728287 57.067684
v -570.789917 128.872040 55.489010
v -568.166748 130.722824 51.708443
v -575.573669 133.647614 52.663239
v -567.542419 131.357925 57.351959
v -569.695679 129.505173 57.912048
v -572.213806 47.790661 -138.003799
v -573.543030 128.325333 56.283531
v -572.653931 49.854286 -137.868530
v -573.321411 130.688736 53.385799
v -570.471741 129.827606 53.130665
v -575.093811 142.846191 53.488735
v -574.928406 143.598236 51.872757
v -566.706909 132.139175 50.305729
v -566.908508 130.975296 55.236588
v -565.377380 131.772949 50.035988
v -574.396057 137.354736 50.260216
v -576.860168 138.305054 50.865856
v -566.554138 130.481125 53.064293
v -572.174744 135.083099 50.889606
v -570.653076 135.866974 49.070953
v -575.394104 138.490509 49.717606
v -574.809998 139.000931 48.467964
v -554.988586 21.371181 -147.209930
v -564.528259 131.943008 52.719326
v -567.610107 130.036896 52.937119
v -574.781677 140.015228 47.176029
v -574.773132 141.400146 46.406086
v -573.337280 138.547150 46.482506
v -553.741333 145.387115 51.858128
v -554.329102 144.528061 55.410587
v -556.482361 144.162903 55.580971
v -559.354553 145.695267 53.378830
v -570.210266 133.901093 51.027355
v -568.240112 133.864227 49.969158
v -568.695679 134.859802 48.364017
v -553.128296 145.295929 53.788433
v -556.521301 147.245972 49.423962
v -564.467346 132.603333 48.449863
v -567.580322 134.110687 48.816414
v -500.080414 -15.074034 -125.858429
v -572.315063 144.236160 45.189957
v -550.181763 146.153000 51.610340
v -554.922607 146.303909 49.714821
v -551.830505 146.698944 46.776669
v -517.997620 -1.153368 -153.630707
v -562.742310 132.720444 48.864288
v -549.903564 146.141998 50.240475
v -551.830994 146.222076 48.335762
v -561.102783 136.134293 50.268955
v -502.049133 -19.814514 -136.099319
v -562.562439 133.234375 47.381462
v -564.452698 133.117554 47.207516
v -568.173096 134.747986 45.000698
v -570.424377 136.114441 44.341995
v -572.344910 138.145218 43.662342
v -570.733826 142.563095 40.204990
v -570.197021 144.997528 42.757076
v -549.722046 146.490143 50.819836
v -555.200684 147.930389 47.866493
v -563.490601 135.075562 52.661964
v -569.825562 136.702469 40.848419
v -570.443542 144.980377 43.992924
v -547.746643 146.554718 49.312382
v -569.092590 143.829239 38.358650
v -549.041199 146.336624 45.903278
v -549.329407 146.998032 43.830441
v -553.778503 148.499847 46.192356
v -561.054688 134.749466 45.876282
v -563.301758 135.427048 44.219788
v -569.462097 135.652145 43.704113
v -571.169373 47.941929 -140.261841
v -568.346313 145.745331 40.401463
v -546.918213 146.526733 47.682800
v -544.261841 146.007065 37.609386
v -542.615967 145.213470 34.815968
v -559.768372 135.663147 43.250828
v -567.324768 135.504761 43.513298
v -568.303955 136.059799 41.678581
v -571.091614 47.554153 -142.004349
v -567.975037 139.218506 35.460068
v -552.277039 148.994446 44.394360
v -572.651184 46.218033 -140.311218
v -566.754028 145.953766 37.887634
v -550.115601 148.785950 42.087246
v -559.065369 135.786438 41.829720
v -566.884583 136.470795 36.646126
v -499.274811 -12.335528 -124.842430
v -567.837280 145.056564 37.437225
v -545.268616 146.809250 46.491028
v -545.280212 146.177246 43.681717
v -547.956360 148.212769 40.065659
v -551.419983 149.528595 43.136406
v -562.277710 135.840881 42.200111
v -563.210754 135.750977 32.545498
v -498.109558 -14.101268 -123.030792
v -570.153198 137.691757 39.772133
v -555.153625 141.558548 38.263847
v -562.339783 135.203308 38.819420
v -563.912720 135.265518 36.281013
v -565.902527 135.523285 39.355785
v -561.828003 135.424133 33.438171
v -566.926086 135.799911 38.571766
v -543.818054 147.037048 44.873344
v -545.104126 146.127991 41.522812
v -549.908569 150.060242 41.103004
v -567.543945 137.792694 35.896885
v -543.341125 146.508011 42.761848
v -542.072876 146.383728 40.884499
v -555.512268 143.113739 37.284225
v -558.125427 135.975998 41.163467
v -497.027252 -18.428331 -127.541267
v -565.167786 146.353561 33.036217
v -565.237610 146.795197 34.737461
v -546.470276 146.867798 40.093761
v -548.716553 150.219788 39.596802
v -547.838928 149.388138 38.546421
v -556.666077 141.858231 40.950283
v -557.823792 136.616364 37.428734
v -561.356262 135.546860 35.669693
v -565.434753 139.840897 30.420368
v -541.219299 144.912704 35.570087
v -541.616638 146.027527 39.154064
v -564.371216 136.461609 32.229645
v -564.334045 137.807755 29.803112
v -535.274048 112.073181 -1.559561
v -544.904419 148.733627 30.339048
v -543.724731 146.226791 33.406338
v -562.667114 145.540787 25.794579
v -563.729919 147.438156 31.417953
v -563.457520 147.515808 32.348553
v -540.041016 111.311523 -6.066773
v -544.994019 146.972610 36.260864
v -547.076538 150.195374 36.473392
v -553.996582 140.799133 35.819641
v -543.682556 110.300941 -7.692882
v -543.015198 110.926544 -8.404759
v -538.824890 111.178200 -4.431144
v -539.957458 110.512482 -5.381913
v -542.340271 112.542236 0.726169
v -540.816711 145.496017 37.676891
v -552.962036 138.649063 29.111437
v -570.796692 50.313286 -140.937241
v -541.456421 110.808708 1.306153
v -540.498657 113.413712 1.676360
v -538.727905 112.916077 2.947252
v -540.425842 145.117661 35.740685
v -553.513794 144.190125 33.146858
v -562.027466 140.930237 24.443243
v -561.547791 147.845032 27.764824
v -546.056824 116.194450 -7.464529
v -541.528748 115.614006 0.807087
v -543.175903 -2.323689 -159.082138
v -547.627075 107.318687 -1.307288
v -542.974670 108.323708 1.878837
v -572.543457 46.821754 -144.470444
v -559.174561 135.328827 28.343019
v -561.964783 136.421844 28.042097
v -559.235901 137.031509 22.627043
v -574.988281 45.393269 -143.722748
v -562.543518 147.249405 27.569981
v -544.960938 115.422989 -7.892425
v -546.887146 115.301567 -6.404861
v -546.538696 113.225510 -4.925230
v -547.336853 116.491722 -4.909066
v -546.727661 106.966042 1.546557
v -542.247437 144.809784 30.807438
v -540.933655 144.226974 32.068089
v -552.344788 142.953384 31.503489
v -552.473267 140.416656 31.038034
v -557.668030 135.555054 29.540060
v -498.774963 -16.182640 -125.040222
v -497.922699 -19.111290 -131.013977
v -561.233459 148.020187 25.265430
v -547.367432 117.061249 -5.930315
v -543.357971 116.831398 -0.418672
v -544.717957 116.351982 -2.037769
v -542.694641 110.076538 5.595224
v -494.829285 -18.313669 -127.832863
v -538.504517 110.025696 4.742974
v -536.202454 112.140266 5.863832
v -538.745361 110.073433 6.069170
v -537.812561 111.402512 3.903818
v -557.235229 135.477234 27.155479
v -492.584564 -16.377525 -128.458694
v -492.178802 -17.055826 -125.800262
v -562.622070 143.873062 25.134085
v -550.229736 109.863029 1.756571
v -539.904907 144.233139 33.290115
v -543.130310 145.713974 30.425243
v -554.442566 137.111786 27.980694
v -560.788818 135.677490 28.170437
v -562.227600 138.204849 26.284382
v -545.921265 117.951645 -3.784041
v -578.262207 56.772594 -136.287231
v -579.610962 52.641682 -137.833298
v -542.424927 109.352325 5.173094
v -553.698730 136.247391 24.381458
v -576.953186 56.108784 -134.982697
v -559.489563 147.922714 20.106234
v -559.943726 148.493408 22.966011
v -539.078491 143.975784 32.028477
v -543.862549 146.802933 28.375443
v -549.963867 140.914078 24.985218
v -551.912354 139.780579 28.534082
v -557.735779 135.718277 23.461935
v -560.507568 138.671951 22.815863
v -561.133606 145.170944 21.520990
v -559.939453 16.360558 -161.650833
v -549.757629 114.766907 1.554082
v -537.085693 112.061211 7.444641
v -538.753662 143.561264 30.163013
v -540.715820 143.105103 27.365788
v -544.120850 147.573517 28.007488
v -572.768799 54.203259 -139.382553
v -560.308472 142.727295 19.550636
v -543.896057 117.926537 -1.830485
v -543.488342 118.338387 -2.377481
v -573.469849 32.778309 -136.790695
v -550.370178 113.036995 1.397607
v -535.920776 112.193779 6.707666
v -538.406250 113.364922 8.192342
v -544.121460 147.158783 26.734896
v -550.862122 137.873413 22.362179
v -570.138855 51.814659 -141.907486
v -540.475525 114.154785 7.944770
v -536.168030 115.343620 7.966252
v -555.361328 135.556473 24.212667
v -552.312500 136.272446 20.222437
v -558.088623 148.811249 17.842474
v -543.542664 117.372887 0.078109
v -543.454224 144.529343 24.179392
v -557.128540 137.143082 18.387655
v -559.391724 146.989182 18.233448
v -558.323914 148.683853 17.435551
v -542.603333 118.970390 1.520618
v -543.849182 118.477051 3.610911
v -545.238708 117.068680 1.697496
v -541.491638 120.672707 -0.678088
v -542.005737 119.468315 -1.224630
v -537.089294 141.007889 23.015602
v -540.651917 141.250687 22.738132
v -559.103516 139.790100 18.985817
v -556.893982 138.496490 16.835598
v -558.556641 144.206833 16.136246
v -541.379578 122.240608 0.070149
v -541.461060 122.901802 0.703532
v -544.422546 118.569923 4.869225
v -544.929504 117.462891 4.004369
v -542.512268 142.219788 22.399466
v -538.175537 118.660301 8.539511
v -546.468933 139.280396 14.867022
v -542.842468 124.887245 3.831531
v -542.259155 120.427361 2.915763
v -543.580200 122.005295 8.696660
v -540.182678 121.032578 8.842103
v -537.474792 139.738144 20.080568
v -558.045837 146.895538 14.445167
v -556.738708 148.841461 13.149011
v -544.140564 122.515419 4.970642
v -539.169189 121.346161 8.592911
v -542.891052 138.274307 16.147659
v -544.765198 142.789795 18.668247
v -547.370544 144.251526 19.636526
v -552.125061 135.756210 17.023106
v -557.050659 145.553009 12.479129
v -556.286133 147.778824 9.945950
v -557.225891 148.504059 13.070744
v -544.283997 120.857246 7.712167
v -544.879333 123.649757 7.541451
v -543.322693 123.232620 8.759683
v -543.377075 125.464882 8.442251
v -536.963684 138.847763 17.929688
v -543.462219 140.185455 18.277187
v -550.373474 136.466782 16.907337
v -552.122437 136.229187 13.065753
v -557.173767 142.384506 15.434053
v -556.190735 143.987915 12.659154
v -545.034363 124.307831 6.059396
v -544.464233 124.933784 4.745093
v -540.065674 137.666718 16.104029
v -548.194031 137.366684 15.400681
v -553.983215 135.934387 16.084587
v -552.348572 136.938812 12.819592
v -554.508606 22.135532 -147.971344
v -544.657837 127.589577 9.221217
v -545.160339 125.688210 8.148563
v -538.752563 136.183929 13.647544
v -537.713257 137.240829 14.825317
v -552.101685 140.098404 11.712626
v -543.145447 130.678009 3.604742
v -543.492981 128.666168 2.485502
v -541.205383 127.709198 5.334949
v -539.977051 129.366196 6.272406
v -541.115417 127.833214 6.493417
v -541.522400 126.863724 6.807662
v -539.065247 130.861771 7.621808
v -538.073669 135.293793 12.187703
v -542.933716 136.582550 14.048344
v -554.735352 143.761383 10.021495
v -555.839539 148.931412 9.498551
v -544.977478 126.410225 3.437675
v -539.690796 134.389206 11.803893
v -538.678833 134.488480 11.312736
v -544.799988 138.701172 14.706664
v -544.013916 137.583359 14.438759
v -546.341858 138.126297 13.665380
v -555.762756 145.531097 9.246442
v -545.955994 126.709137 4.965390
v -545.876038 125.428810 5.781981
v -543.203735 126.837265 8.601677
v -542.487183 129.178680 10.042122
v -542.338867 133.398483 11.311256
v -542.843506 135.246521 12.593506
v -551.362549 140.135162 10.518586
v -553.766296 143.004257 5.458738
v -555.134583 148.888626 7.581141
v -545.583008 128.775497 8.797191
v -545.491943 134.000839 9.508618
v -572.052856 54.669735 -139.894424
v -547.849609 137.805252 7.834899
v -551.287231 140.406189 9.011975
v -544.908325 133.476959 10.821846
v -547.596924 135.893936 9.078376
v -548.276001 136.997391 9.097345
v -554.537231 143.872330 8.292493
v -554.373474 148.289383 4.550944
v -554.143860 149.135620 4.592390
v -544.301880 132.405533 10.793202
v -544.188782 134.400513 11.835222
v -548.912476 135.408356 11.160999
v -554.407898 145.866089 4.735797
v -553.153748 145.088150 2.915750
v -552.922058 147.094391 1.171540
v -548.172791 138.287704 6.660583
v -547.299805 137.572083 2.883600
v -544.845886 135.650909 6.651756
v -551.582397 140.045013 5.583087
v -553.341797 148.994797 3.539894
v -545.950378 135.146378 8.539538
v -548.903625 139.030655 2.109277
v -546.703918 138.021057 0.621187
v -552.820312 148.623596 1.003591
v -553.190613 148.939484 2.114908
v -552.276550 146.756943 -1.031433
v -544.930298 137.257843 2.955334
v -552.198730 147.107513 -2.887343
v -551.858948 149.162857 -1.862414
v -551.666321 149.241470 -1.484823
v -544.273865 136.678528 4.858937
v -552.158813 144.980362 0.114292
v -551.986694 144.256195 -3.356863
v -542.877747 136.096802 4.974346
v -541.186462 136.809235 0.544744
v -541.666504 136.354385 3.249610
v -541.160950 136.665512 1.992246
v -549.801086 140.238815 -2.090319
v -548.151794 138.824677 -1.676201
v -550.931274 139.866135 -5.528022
v -551.241699 141.948547 -3.220854
v -552.433289 145.829163 -4.956873
v -540.573242 136.433762 -2.049166
v -540.343079 136.581070 -0.676680
v -545.822144 136.958557 -4.008252
v -553.182129 143.343445 -9.478806
v -542.204468 135.007156 -6.258508
v -548.916931 138.095306 -4.887384
v -552.569885 142.052307 -6.977091
v -552.244507 140.424530 -9.536703
v -551.894531 147.400604 -8.784159
v -540.571777 135.757568 -4.056894
v -543.131165 136.285461 -5.117617
v -545.251526 136.769989 -6.508978
v -540.742065 134.303802 -6.083684
v -545.655884 132.895844 -11.069003
v -550.145142 138.914780 -8.448820
v -550.673767 138.210861 -10.299564
v -545.609680 136.474792 -8.175091
v -495.791992 -6.695427 -124.579407
v -497.791351 -9.416332 -125.138634
v -553.174194 138.387070 -16.658264
v -548.429382 134.915405 -11.695940
v -552.134338 136.007828 -17.439455
v -549.264526 133.084534 -15.834635
v -551.274841 137.074844 -12.448138
v -553.677307 140.863770 -18.150364
v -543.198547 131.636230 -12.627590
v -547.103455 130.973938 -15.212131
v -543.142273 131.053513 -16.703636
v -545.844116 129.875809 -16.698971
v -553.487915 139.496964 -17.036451
v -547.968445 132.920914 -13.691554
v -541.686951 133.815872 -16.774611
v -545.948608 127.733612 -23.475901
v -544.303345 130.313507 -15.960182
v -548.337891 128.407776 -22.184877
v -541.775879 134.167648 -18.806320
v -553.690613 136.275757 -21.031055
v -543.939941 128.969269 -23.711908
v -579.488342 56.505001 -142.980865
v -545.151306 127.424957 -26.708199
v -554.543823 135.492249 -25.268782
v -554.632507 136.316910 -27.086288
v -552.691040 141.327957 -23.025164
v -541.537292 133.576019 -24.158464
v -553.437622 132.301559 -24.334660
v -553.083862 140.822250 -24.475054
v -553.418213 139.673126 -26.215366
v -550.206360 131.319183 -19.545307
v -552.153809 131.439041 -22.726067
v -579.394104 60.522438 -139.791168
v -541.690308 132.464706 -25.424328
v -550.480408 129.348389 -23.188486
v -576.930481 58.038750 -135.348557
v -552.875061 139.980972 -27.416735
v -548.526306 2.078830 -158.989456
v -555.291077 129.450836 -32.217289
v -541.437866 132.365936 -27.597338
v -551.048218 124.420837 -33.976425
v -554.014893 125.548843 -34.092434
v -541.647766 131.925079 -29.436411
v -553.435486 137.914352 -33.190937
v -541.937805 131.040024 -28.957693
v -555.757141 123.519447 -39.659973
v -555.879211 130.057846 -34.696449
v -552.695496 138.780472 -31.864855
v -541.982910 129.997650 -32.508972
v -554.424438 135.326157 -33.682457
v -541.763672 131.199173 -33.716385
v -573.912842 56.361526 -136.625671
v -551.578186 125.520485 -31.570127
v -549.997009 123.820259 -36.397106
v -541.471069 130.226608 -34.906555
v -555.659058 122.485847 -41.376610
v -555.719543 131.508514 -36.564205
v -554.253235 134.360046 -36.729801
v -541.692688 128.755844 -38.757656
v -546.600586 124.472557 -39.132336
v -556.860779 124.323868 -41.242157
v -554.592163 121.491707 -42.716698
v -554.025635 122.592964 -40.534924
v -553.516174 132.940231 -40.986897
v -556.975586 126.180305 -42.674000
v -542.221313 128.242691 -41.747414
v -553.835327 130.982147 -45.206306
v -542.228149 127.779472 -42.749870
v -556.583191 121.863510 -43.801228
v -555.935181 129.739090 -40.651257
v -554.731812 128.746628 -47.615074
v -543.243896 125.290802 -44.097912
v -543.066650 127.351746 -44.864689
v -543.112061 126.518173 -45.828873
v -557.757568 121.790543 -49.010052
v -545.868347 121.820747 -46.604233
v -543.787781 126.342850 -48.655922
v -543.763794 126.939980 -48.951607
v -553.293152 119.799377 -45.402065
v -554.682190 119.269409 -46.625381
v -557.338379 123.691292 -49.871170
v -545.793823 122.707954 -50.522770
v -556.310303 119.916954 -47.007118
v -557.204651 120.974464 -47.402756
v -544.017822 126.472221 -51.869736
v -545.660828 122.782768 -53.326088
v -554.581970 116.915947 -50.768223
v -557.824707 117.771690 -53.749672
v -556.744568 122.022636 -55.442749
v -557.970337 118.942642 -53.614971
v -543.925293 126.348709 -53.076969
v -544.553101 124.515862 -55.133488
v -556.982849 118.335678 -50.589260
v -554.032532 124.769173 -56.006542
v -556.043884 117.233818 -51.058983
v -557.807922 120.516464 -54.080742
v -557.763916 113.765579 -59.476727
v -554.688843 123.336945 -58.115612
v -545.262939 122.270782 -58.882515
v -557.972290 116.516090 -66.854774
v -547.249084 119.803307 -55.624916
v -544.352356 124.702332 -58.278755
v -554.456055 113.156448 -59.870674
v -557.119141 119.429092 -61.984653
v -555.171265 122.197937 -60.589184
v -544.630859 124.067741 -59.759254
v -556.064026 113.020927 -58.932144
v -558.547241 115.336182 -62.537651
v -554.091919 122.711494 -61.218040
v -545.498291 122.045937 -64.369789
v -575.338379 58.866302 -134.706970
v -558.882751 112.686470 -65.983612
v -545.060608 123.062477 -63.580757
v -545.689636 122.224831 -66.411179
v -546.607849 120.144341 -66.047493
v -558.065002 111.637169 -64.670914
v -558.585876 115.220360 -66.729752
v -557.285034 116.648048 -70.145943
v -554.408813 120.797714 -66.609108
v -546.573242 120.967987 -69.320343
v -547.733948 118.888611 -72.400597
v -546.898132 121.067741 -70.510757
v -546.124756 121.748390 -68.287964
v -547.468811 117.997604 -66.371208
v -559.260498 112.808067 -68.818077
v -553.800110 119.637596 -71.152580
v -553.024963 120.326088 -69.765106
v -552.508118 119.750755 -73.606804
v -547.645325 119.869888 -72.506081
v -548.897949 114.131142 -66.843681
v -554.122314 111.098381 -63.333363
v -552.729919 119.436264 -75.792992
v -551.119080 109.940002 -69.357582
v -548.443115 115.177750 -71.370110
v -549.062988 112.918732 -71.406204
v -556.347778 107.683456 -71.848892
v -557.490173 115.472000 -73.758194
v -553.421082 118.375412 -78.444221
v -548.542664 116.037720 -76.149071
v -560.473328 107.564125 -79.145065
v -557.252380 114.945976 -78.255600
v -552.777100 118.333488 -79.266991
v -548.388489 118.985580 -74.518257
v -557.747131 108.523422 -70.903534
v -559.034790 108.623428 -72.888184
v -548.960510 116.532135 -77.544411
v -548.669678 113.311943 -75.057175
v -548.932007 109.783257 -78.460007
v -549.817627 108.630585 -76.508507
v -553.024597 108.058556 -71.336174
v -568.874939 55.886063 -140.846130
v -559.638733 105.954773 -79.375832
v -559.575378 112.187157 -76.808441
v -513.971619 -14.984278 -142.444519
v -554.494446 106.809471 -74.397987
v -559.129883 112.664467 -79.530518
v -512.081299 -16.932692 -141.098740
v -551.201294 106.466644 -78.240768
v -553.831909 116.880257 -83.745361
v -548.552979 110.814774 -84.865242
v -550.165466 106.042969 -81.839073
v -556.902100 105.254410 -79.348366
v -558.409912 105.244545 -79.566780
v -553.029663 105.381638 -80.392029
v -562.509827 105.013214 -93.941833
v -559.004333 112.671959 -84.061966
v -560.273499 110.637672 -88.531334
v -549.057617 107.362251 -83.424332
v -551.825256 105.068634 -82.043121
v -495.673248 -8.555963 -122.189140
v -560.878967 109.032433 -81.836632
v -549.805847 104.967094 -86.668098
v -561.054016 109.593307 -87.018120
v -495.782715 -11.397994 -120.036751
v -496.078125 -12.677675 -120.160469
v -497.472626 -12.388493 -122.503456
v -497.565857 -17.616632 -125.879219
v -548.904968 107.148537 -89.811684
v -552.122009 102.904900 -86.678322
v -556.088013 103.143692 -83.512337
v -549.432251 107.721313 -92.654541
v -548.992737 108.242859 -90.542221
v -554.099121 102.508240 -85.494186
v -559.468201 103.369751 -85.835693
v -560.612061 101.894371 -92.067696
v -549.334106 106.508072 -94.663612
v -562.802368 107.401604 -98.170212
v -550.204834 102.794304 -95.282600
v -557.099731 99.907127 -91.682220
v -579.380310 61.154514 -141.842865
v -578.877441 59.141872 -143.497833
v -561.657593 104.287193 -90.400543
v -549.587952 105.831902 -96.306763
v -549.796448 104.298843 -97.176292
v -551.620728 99.410767 -99.932007
v -555.295654 99.647430 -91.961189
v -558.970154 99.860100 -93.471275
v -562.793030 106.480278 -95.411331
v -553.630432 98.940742 -95.195587
v -579.018616 63.663776 -141.377274
v -559.736511 111.103889 -94.385307
v -550.000977 105.023224 -98.949120
v -552.836121 97.059235 -103.020576
v -560.296082 110.639343 -96.101288
v -557.444702 96.835716 -99.301575
v -550.263367 102.995003 -101.715385
v -550.565063 103.879105 -102.069084
v -563.359619 103.451508 -99.050255
v -550.558899 102.572388 -104.712349
v -551.450623 98.868355 -106.793144
v -552.218811 96.513229 -108.295082
v -555.239929 96.321022 -100.770378
v -558.969238 95.959244 -103.248451
v -550.787842 103.097519 -104.639809
v -559.919067 97.733932 -100.526009
v -573.731873 57.904552 -134.870499
v -561.206238 98.944679 -100.889610
v -562.591064 101.051003 -100.557709
v -551.493286 98.345718 -109.561432
v -564.255859 102.162186 -102.819160
v -517.000916 -17.608370 -145.712387
v -507.463501 -20.216946 -137.944748
v -558.654236 13.660455 -151.419418
v -551.782837 97.051781 -112.603653
v -553.402588 93.118896 -112.757477
v -554.564819 92.986618 -111.057838
v -565.264709 104.307877 -107.248344
v -564.015076 105.206001 -102.071007
v -552.186035 95.007927 -114.857918
v -569.093323 57.003529 -138.515732
v -556.813354 93.881035 -107.903854
v -563.591003 98.901062 -105.420433
v -565.409485 100.927177 -106.439278
v -475.726013 -11.500713 -72.408089
v -474.805511 -9.763224 -72.339539
v -475.455963 -12.366873 -74.877266
v -475.921600 -12.281959 -73.728798
v -473.878784 -8.353506 -73.657753
v -560.939575 96.455956 -105.636406
v -555.417175 91.910179 -114.240944
v -557.078064 92.884354 -112.339340
v -558.287231 94.315117 -108.778694
v -473.823334 -10.804049 -76.706871
v -503.473389 -11.996553 -130.109253
v -563.649353 98.109055 -108.179314
v -565.694763 99.528885 -108.723015
v -472.587311 -7.776019 -75.728790
v -561.389648 96.558014 -111.564095
v -565.704956 98.260422 -110.886253
v -565.077332 98.520874 -109.673882
v -562.583984 96.096756 -113.915245
v -566.968628 97.740891 -113.080620
v -473.379089 -10.124114 -77.493774
v -471.485382 -1.775386 -77.440193
v -472.114044 -5.647093 -75.606552
v -552.409912 91.432068 -119.169983
v -555.919312 90.157837 -120.424194
v -472.659302 -8.786240 -78.973335
v -556.755615 91.548698 -117.129608
v -559.762634 94.428406 -115.122459
v -566.090637 96.782654 -113.370819
v -568.048889 96.948006 -116.156807
v -557.319580 90.384178 -121.582756
v -544.498169 -2.340521 -159.604523
v -567.655579 95.131218 -116.675529
v -568.703613 97.281143 -117.938370
v -553.519592 88.942490 -123.799232
v -561.620178 91.514931 -121.893547
v -568.454773 98.688095 -117.476639
v -571.409424 58.807449 -134.853302
v -555.627502 88.510109 -124.711922
v -560.294495 93.207085 -118.694069
v -553.924194 88.258080 -125.229622
v -558.899109 90.280106 -123.126122
v -570.426697 58.216278 -135.667953
v -569.545898 96.407913 -120.507790
v -570.520752 94.211273 -122.522423
v -467.535553 -3.729537 -84.569374
v -468.383759 -3.969639 -83.295227
v -467.846069 -3.898869 -86.891235
v -470.016541 -3.824459 -81.881989
v -471.914093 0.581673 -79.697945
v -473.964661 0.095999 -80.321381
v -569.136597 97.297028 -119.791206
v -470.408997 -4.861485 -86.487312
v -472.352966 -3.757045 -82.142395
v -555.816467 85.945564 -129.896881
v -554.160400 87.263069 -127.496918
v -560.186157 83.650375 -129.465897
v -556.200073 86.452568 -127.434158
v -558.147034 86.901566 -126.728241
v -562.356262 89.016319 -125.569550
v -566.682800 92.671471 -119.248726
v -568.130066 91.515678 -121.287354
v -569.560852 92.077400 -122.118858
v -469.608551 -4.732131 -89.610123
v -471.531250 -4.637685 -84.746521
v -476.175568 -3.921992 -85.793716
v -556.087524 85.398155 -130.084274
v -561.786926 84.740189 -126.930046
v -559.079834 84.638420 -127.895195
v -474.101227 -7.435006 -95.165039
v -478.106415 -7.020160 -93.439720
v -477.680573 -2.455580 -85.625954
v -478.340546 4.379617 -81.859718
v -479.589111 5.210118 -86.242271
v -478.216980 6.400130 -83.115410
v -478.759888 6.836944 -85.469528
v -557.864563 84.626328 -129.089447
v -567.006836 89.114845 -124.947044
v -571.202881 94.134735 -123.414185
v -476.913055 1.316802 -80.659760
v -477.647064 0.809715 -81.752029
v -478.328857 3.018520 -81.925499
v -470.904572 -5.043074 -94.641235
v -493.083130 -13.020433 -115.848587
v -479.730804 0.824695 -86.396446
v -480.366608 2.488013 -87.287636
v -570.973633 85.755890 -125.436234
v -572.562256 90.501053 -126.810852
v -477.661072 -8.814318 -97.716866
v -478.732178 -0.758863 -85.555176
v -481.365326 4.142393 -90.849709
v -479.947052 6.071821 -90.047699
v -558.469666 82.554817 -135.272766
v -561.097168 81.834114 -133.272461
v -561.274780 82.562325 -132.015579
v -563.714233 82.614723 -130.085968
v -564.644653 86.259735 -125.962799
v -571.993896 88.735405 -126.379959
v -571.093384 89.815048 -125.845291
v -570.693176 88.072433 -125.986145
v -471.954590 -5.328944 -96.819862
v -471.662811 -5.849749 -96.375778
v -471.910919 -6.200419 -95.499886
v -480.497223 -5.124343 -92.941193
v -559.495422 81.086082 -136.400314
v -561.066589 80.876129 -134.620331
v -476.826782 -8.916826 -99.011284
v -560.025879 79.991531 -137.581528
v -572.388062 85.852394 -128.226135
v -572.635742 82.084198 -128.458786
v -479.707703 -6.872409 -94.534904
v -578.284058 64.654427 -140.172577
v -482.504425 -3.027465 -94.010918
v -483.158417 4.140612 -96.844833
v -565.602051 81.860443 -130.697876
v -572.228088 84.520119 -126.401413
v -572.084412 89.081520 -128.338852
v -564.818176 79.014137 -133.657043
v -568.322083 79.908791 -129.556824
v -569.151672 82.627777 -126.499237
v -571.931458 81.879829 -126.530952
v -571.111023 86.197350 -130.643997
v -571.399841 88.005768 -129.596039
v -569.777344 86.692787 -131.646820
v -570.961365 84.896194 -131.785706
v -569.773621 84.770569 -135.024460
v -479.513000 -8.609504 -97.669655
v -484.289825 1.008088 -95.927780
v -562.420959 73.033142 -140.176056
v -567.436646 81.312241 -129.975983
v -572.487915 80.313049 -127.764694
v -478.228668 -9.668271 -104.343353
v -483.884308 -0.563145 -95.135826
v -570.444641 78.776299 -127.494049
v -571.787354 79.338768 -127.336433
v -571.271362 83.590179 -132.272995
v -569.705444 83.625641 -136.845139
v -481.177948 -10.362700 -102.637550
v -479.742767 -10.295906 -103.913170
v -565.326233 77.409988 -133.573441
v -564.360840 78.040115 -134.737610
v -569.639404 81.199173 -127.286362
v -572.785095 80.630386 -130.261566
v -572.451660 82.220291 -129.602631
v -571.008545 81.648254 -137.375000
v -569.554199 83.076210 -137.180862
v -486.871338 -10.981564 -107.841682
v -567.203247 78.388725 -130.988571
v -573.295715 78.601967 -135.157761
v -567.851501 57.331535 -140.946930
v -568.338806 77.091827 -129.411987
v -572.616272 74.499275 -131.352615
v -573.208374 76.530609 -131.784607
v -570.800537 80.780235 -138.482224
v -477.722015 -8.190434 -108.484238
v -486.106140 -12.200497 -109.086365
v -482.144714 -12.147515 -108.710487
v -486.765411 -3.614453 -100.976746
v -562.600586 73.897385 -140.806564
v -563.958191 70.160072 -133.532883
v -564.609192 71.870232 -132.516312
v -570.650330 76.492172 -128.355347
v -573.927856 76.332550 -134.329849
v -485.457855 -6.737630 -101.358315
v -568.406006 72.996971 -130.259781
v -565.233398 71.014221 -132.081604
v -569.327026 77.875526 -128.447052
v -487.801941 -0.209862 -103.800369
v -563.887878 69.879517 -140.827911
v -566.171326 69.943771 -132.663147
v -574.844543 74.642822 -138.715714
v -487.249573 -14.412239 -114.874725
v -489.268921 -6.508399 -106.875153
v -486.907501 -0.907275 -100.751328
v -486.776672 2.121295 -106.352478
v -563.457458 71.923569 -141.114365
v -572.930237 64.911568 -137.742920
v -564.629028 66.818901 -134.238876
v -570.819214 71.786995 -131.768555
v -572.242615 71.492683 -132.861832
v -573.984314 74.273048 -133.708832
v -573.658325 75.680595 -141.087982
v -491.165710 -4.157652 -110.143532
v -564.023682 70.986786 -141.815353
v -575.119812 70.527664 -136.170670
v -573.136108 76.255058 -141.093918
v -481.347290 -11.120961 -112.119484
v -489.895447 -4.226577 -107.198250
v -564.666016 69.534004 -142.123245
v -565.622620 69.139687 -133.152191
v -576.425171 71.415298 -138.285461
v -486.021729 -13.098311 -110.841019
v -487.885071 -10.140263 -107.845230
v -565.307800 67.851555 -142.807526
v -484.539734 -13.443547 -113.066101
v -485.120850 -13.648976 -116.100311
v -491.471375 -13.157128 -113.995026
v -489.141785 -7.981060 -107.589539
v -488.988983 -0.000340 -109.997688
v -488.074982 0.961530 -109.993477
v -488.303772 0.474807 -110.841408
v -565.273438 66.609253 -141.878799
v -574.652344 62.712246 -137.415314
v -576.428284 69.646698 -138.018692
v -577.971375 67.876160 -141.632034
v -491.412811 -8.740214 -110.859871
v -488.711304 0.450980 -112.443390
v -566.425537 65.520454 -143.706177
v -566.688416 66.519028 -134.294693
v -575.872131 71.540054 -142.128281
v -574.338989 73.371727 -141.966354
v -491.166870 -11.264725 -111.879959
v -491.853058 -6.971148 -111.253723
v -491.770508 -3.842620 -112.479652
v -494.688385 -15.586506 -119.947777
v -492.024292 -15.281370 -117.346298
v -491.163116 -1.589852 -114.168732
v -566.522949 64.625114 -143.247467
v -567.404358 62.702442 -140.268295
v -484.823822 -12.383567 -118.999634
v -492.041351 -16.804018 -121.479546
v -492.287933 -16.319204 -119.703560
v -567.611633 61.713356 -144.511917
v -567.884155 60.964279 -137.415298
v -577.895386 66.764671 -140.278076
v -485.761780 -13.303012 -119.952477
v -491.429779 -1.851263 -119.517403
v -567.100464 63.466122 -144.412109
v -576.880676 66.541817 -139.129364
v -492.616180 -11.022995 -114.103264
v -492.534668 -5.230057 -116.218834
v -567.507019 61.582947 -143.784698
v -568.193115 59.718952 -138.483978
v -568.708618 59.953583 -135.501007
v -568.621460 59.331352 -136.846634
v -486.430084 -12.754246 -121.853622
v -567.813110 60.010464 -144.990158
v -567.657104 58.792683 -144.910477
v -577.554565 65.883476 -143.987122
v -487.528625 -13.410261 -123.950043
v -575.366089 27.884182 -153.870804
v -490.958984 -1.146448 -119.766960
v -490.805450 -1.635771 -120.535469
v -492.807373 -2.470991 -123.606354
v -491.745209 -1.938020 -121.381180
v -491.761505 -1.673710 -123.340309
v -568.530029 54.060757 -143.326996
v -567.750000 56.303829 -144.052765
v -488.422272 -12.275117 -126.176102
v -487.203979 -12.518213 -124.012894
v -492.061279 -2.110333 -123.816269
v -493.963165 -3.037006 -125.128044
v -575.209045 45.160042 -149.592392
v -576.249634 43.656193 -150.483002
v -576.342468 63.720695 -145.389420
v -576.041382 61.328033 -146.241699
v -576.736755 42.376919 -149.549698
v -568.285278 57.144524 -145.137329
v -568.143555 54.556602 -144.906311
v -493.450714 -4.236732 -122.357857
v -576.006897 40.167042 -146.493622
v -575.132996 45.832100 -149.803146
v -572.531982 47.289082 -148.440033
v -575.639343 58.637024 -147.200150
v -575.751831 57.315300 -147.982147
v -576.751648 54.458195 -148.673752
v -577.002625 55.212852 -147.798172
v -494.217438 -3.180362 -125.945709
v -569.786255 50.431992 -142.633072
v -578.129333 54.713745 -146.200287
v -492.526581 -12.151148 -134.311066
v -503.180481 -19.273310 -134.044647
v -495.438232 -4.602874 -125.486168
v -495.008942 -3.679181 -126.163086
v -570.311462 49.130161 -145.254471
v -570.358521 49.848854 -146.426422
v -568.972778 51.539398 -145.105438
v -493.440216 -12.336401 -136.101974
v -494.614777 -12.164721 -137.410477
v -496.950317 -3.802700 -128.078934
v -577.364990 52.516850 -148.855362
v -495.476959 -14.974858 -135.269363
v -579.440430 51.107162 -145.481613
v -580.112976 47.779125 -145.065475
v -498.880707 -5.849749 -127.546478
v -580.384583 50.229839 -142.094467
v -577.528992 51.040585 -149.551010
v -578.578674 48.351009 -149.562515
v -504.611206 -17.064133 -131.901764
v -498.973450 -4.752838 -129.164062
v -577.738831 49.159164 -149.884872
v -580.061096 47.678112 -138.581894
v -578.662964 44.765057 -151.107635
v -574.594604 42.938038 -135.830734
v -580.350586 42.913948 -148.048920
v -579.431946 43.632393 -150.531342
v -499.217102 -16.776279 -138.621628
v -500.228058 -14.964037 -142.506989
v -505.994568 -20.362841 -138.369797
v -504.107178 -11.875685 -131.839539
v -502.991272 -9.716133 -131.083282
v -498.849213 -6.385087 -134.499680
v -500.942078 -6.752060 -131.940063
v -498.588654 -5.242345 -132.153671
v -498.468506 -5.989801 -134.274155
v -576.652039 42.751572 -135.694489
v -580.265564 42.712242 -143.309006
v -580.670654 38.091232 -149.363251
v -501.248138 -17.647982 -139.818863
v -503.563446 -19.278040 -139.620651
v -509.369354 -20.346411 -141.840805
v -505.332153 -15.093539 -131.333511
v -506.952332 -15.645690 -134.829391
v -502.802826 -10.102059 -132.059189
v -500.426147 -9.446708 -134.510529
v -497.961456 -6.140954 -135.576767
v -580.027954 41.838840 -140.159744
v -580.677185 37.603333 -151.589569
v -507.591766 -19.198309 -136.392120
v -507.888702 -18.170595 -135.813629
v -503.792999 -13.104214 -134.548355
v -505.530243 -14.043936 -132.906311
v -497.614532 -6.169025 -136.703705
v -498.844208 -7.729590 -135.961243
v -499.004211 -6.102248 -137.746552
v -575.198120 41.956882 -135.498764
v -505.925598 -15.073674 -132.182358
v -580.585754 35.033562 -151.007111
v -580.212219 34.960552 -152.873611
v -509.820709 -17.612713 -138.822815
v -507.916840 -15.792432 -137.656525
v -504.744751 -13.492553 -136.278015
v -502.090546 -11.303843 -135.190720
v -500.339905 -9.562735 -135.859665
v -498.885529 -7.291200 -136.927734
v -578.315674 38.889114 -137.535904
v -579.950684 38.666649 -144.697113
v -579.757812 32.555050 -150.765381
v -506.438629 -14.243461 -148.524704
v -510.015259 -20.322544 -141.006622
v -508.330200 -16.677586 -136.850159
v -503.080139 -11.115001 -137.045197
v -500.264343 -8.678124 -137.019562
v -499.706604 -6.193666 -138.303833
v -579.386597 36.301865 -144.725677
v -579.846558 32.805340 -153.588333
v -577.846375 30.039547 -149.818466
v -507.053009 -15.274600 -148.486832
v -577.843567 35.708584 -138.481293
v -578.362183 35.595577 -140.068420
v -510.593353 -19.192648 -145.440948
v -506.456329 -13.017493 -138.676056
v -501.212555 -8.452503 -137.820969
v -505.363800 -9.200282 -139.744446
v -502.288635 -5.801457 -139.505478
v -574.255798 37.354153 -136.069809
v -577.164307 36.002598 -137.150131
v -578.037231 32.627705 -145.381500
v -577.772583 30.379221 -153.881042
v -509.500458 -15.009646 -150.373581
v -510.510925 -16.726303 -139.933411
v -502.054657 -6.246898 -138.844513
v -508.464966 -14.232227 -150.451416
v -507.974762 -12.078131 -140.101135
v -506.672607 -5.060086 -140.562805
v -575.877075 32.868607 -138.010147
v -576.098938 31.809345 -140.133820
v -574.489502 28.442106 -155.443390
v -512.888245 -18.611069 -147.426514
v -505.823730 -6.633056 -139.886459
v -574.226440 33.514576 -136.706100
v -575.662598 28.193665 -147.564224
v -512.045776 -13.334405 -153.127945
v -516.534424 -17.090618 -150.495895
v -574.559326 29.023129 -155.357742
v -572.198547 26.823565 -156.368927
v -510.358337 -13.099194 -152.395142
v -514.060913 -15.142316 -151.722977
v -509.236481 -10.980660 -140.849289
v -565.024902 134.860504 91.520721
v -567.036560 105.533844 114.387787
v -567.436279 114.548744 121.434029
v -553.056824 107.353096 128.601242
v -579.855347 102.805710 104.635780
v -579.026367 128.666138 114.342949
v -476.684967 -6.957947 -106.420151
v -489.695282 -11.484939 -128.696091
v -558.502319 14.221876 -162.219437
v -577.207764 30.722006 -154.401031
v -578.061462 46.097103 -150.995010
v -571.999573 77.653488 -140.484955
v -568.462219 97.883484 -118.510941
v -563.666809 105.927116 -105.636124
v -558.150879 111.865601 -92.843529
v -553.205200 131.986176 -43.332417
v -553.243591 136.033020 -36.033115
v -553.312744 136.855225 -34.190613
v -573.614075 144.345230 48.840008
v -545.728821 149.476730 33.695938
v -546.570007 146.825516 47.540359
v -537.580627 118.713814 8.261086
v -536.451355 116.306053 7.702835
v -541.586609 130.577972 -35.200779
v -552.756958 21.262157 -149.691391
v -615.440613 114.688911 103.497086
v -579.967407 108.798203 107.708611
v -562.155762 124.319916 115.228729
v -478.955688 -32.667934 -54.322453
v -473.049408 -22.015902 -66.524803
v -563.916077 135.286270 92.550400
v -562.647949 135.590790 93.598984
v -564.604248 110.557556 94.496330
v -566.350037 106.833130 116.909218
v -568.015259 132.817993 93.410309
v -594.164612 105.867699 117.439644
v -498.246124 -13.385865 -140.449097
v -544.557129 125.253578 -55.434067
v -614.568481 117.501068 102.460434
v -588.462830 107.539017 66.678848
v -583.808777 130.938004 76.784569
v -590.140198 124.885033 68.811142
v -590.782776 125.916077 68.669006
v -590.670227 138.890717 116.765434
v -579.421631 136.148758 83.075485
v -577.253174 138.171341 85.592690
v -556.007263 123.957886 135.226608
v -589.645081 140.220871 92.869209
v -587.413452 140.281769 92.949272
v -586.684326 141.302490 93.585709
v -599.229553 135.884796 83.925842
v -593.570740 106.461578 116.080032
v -593.314331 109.405220 115.876038
v -591.267273 101.924698 113.957367
v -584.999695 104.761543 64.302788
v -587.486877 105.517197 65.042107
v -589.484375 105.505020 66.886131
v -608.430115 114.553772 104.854980
v -603.938904 116.138702 105.525589
v -607.114502 118.943413 105.140541
v -606.923035 112.358315 104.709160
v -612.021240 116.373985 103.653191
v -613.369568 114.206512 103.555336
v -602.691833 115.993126 105.102768
v -613.741455 110.963089 103.734383
v -612.455322 110.973854 103.511444
v -576.492859 145.114151 117.795547
v -561.590515 121.952477 115.740166
v -560.953247 119.026085 116.315346
v -486.988556 -41.015903 -59.084858
v -485.875244 -42.072056 -60.043697
v -487.365356 -41.492260 -57.695805
v -487.265991 -42.365528 -55.989777
v -486.567688 -44.502434 -52.849659
v -484.945221 -45.127129 -51.460274
v -485.865662 -40.773087 -57.360722
v -489.878174 -44.222553 -53.382217
v -491.535645 -43.822495 -53.734737
v -494.519012 -41.801064 -55.575317
v -492.836487 -39.000317 -57.310604
v -493.132629 -39.356216 -58.175026
v -495.392242 -44.208988 -53.103966
v -493.760895 -39.430496 -57.564281
v -493.137085 -40.899693 -57.018833
v -493.511658 -43.568081 -53.635975
v -491.608887 -45.124413 -52.660755
v -490.823730 -41.188957 -58.402855
v -582.221436 112.692307 106.793846
v -581.868164 111.531425 107.387779
v -581.480530 110.467529 107.985199
v -577.714111 107.126968 106.765923
v -473.691193 -8.941700 -72.576271
v -491.272278 -49.540726 -55.747177
v -542.264038 126.326454 2.655690
v -471.168030 -4.879411 -80.668846
v -574.138611 38.499565 -136.906464
v -573.908386 35.748802 -137.571960
v -573.823059 33.799774 -137.014145
v -471.105896 -4.457113 -80.759972
v -571.588074 32.310051 -137.665207
v -542.444092 134.247925 3.656662
v -541.642944 134.870544 3.475525
v -542.810120 132.149246 3.753156
v -541.486572 132.227524 4.035949
v -473.771637 1.046651 -80.692963
v -476.303925 2.188668 -80.552765
v -475.265381 2.850350 -81.406013
v -471.555908 0.119935 -81.580040
v -548.963989 112.009201 0.657261
v -548.603577 110.207695 -0.084616
v -469.367584 -2.655705 -82.477135
v -470.582733 -1.952171 -80.959435
v -545.552856 116.553467 0.959629
v -546.483521 117.266449 -5.711164
v -496.874268 -7.193840 -132.798996
v -542.792419 117.055481 -3.350456
v -543.989075 117.311996 -4.170912
v -543.902283 115.874985 0.224557
v -544.743958 115.913094 0.475442
v -551.929382 137.566055 -33.275070
v -542.753784 113.004066 -8.016380
v -538.750244 112.495110 -3.325885
v -497.889282 -6.840652 -135.272293
v -570.530212 51.218960 -146.586182
v -579.697693 33.328201 -153.760162
v -579.791504 35.120087 -152.853668
v -577.871704 34.640980 -151.716721
v -578.877991 37.113667 -151.345657
v -511.377716 -4.089496 -142.480621
v -511.504395 -5.186473 -144.186951
v -513.628052 -3.661897 -144.490540
v -545.316833 -2.549550 -162.666138
v -501.502502 -14.198270 -143.610687
v -583.957458 128.354706 65.895676
v -522.530701 -0.047551 -155.956467
v -568.780212 53.504101 -145.611954
v -576.339539 67.936615 -143.582794
v -495.429077 -4.522359 -127.925972
v -573.703247 143.390625 50.979553
v -584.655212 123.283325 66.983940
v -493.794739 -5.478792 -127.529213
v -540.990662 137.027786 -0.138371
v -508.047699 -8.412569 -144.610138
v -540.009094 13.381150 -159.344482
v -542.756042 9.413459 -160.696915
v -551.693176 140.425644 -25.113230
v -540.118469 124.328789 7.445507
v -536.765198 112.132988 -2.137429
v -553.134583 121.992989 -63.807293
v -503.923676 -9.763503 -142.806763
v -535.750732 4.354294 -162.146149
v -509.847015 -12.216349 -150.968491
v -571.077881 91.771027 -125.692062
v -560.586731 80.538872 -137.662735
v -540.197876 119.994675 2.491964
v -582.591675 133.600632 66.590942
v -577.460999 44.003632 -151.117737
v -477.342804 4.281889 -81.580894
v -538.625732 133.886124 9.675291
v -514.545532 -4.589030 -149.165421
v -514.749329 -5.078992 -151.432205
v -512.395813 -5.774874 -146.096542
v -572.078491 143.685760 48.560722
v -550.067566 109.822708 -89.265961
v -563.623779 26.244623 -145.182495
v -567.697693 64.463280 -144.237747
v -543.663391 128.236404 -44.067024
v -544.472900 127.620491 -48.128578
v -546.752930 128.372391 -47.020195
v -481.449890 4.394922 -95.245377
v -544.307800 140.047455 -3.723814
v -551.550415 141.857315 -21.837126
v -549.025757 138.980087 -23.864517
v -568.708069 62.162281 -144.861511
v -568.745972 132.852463 59.464916
v -554.372803 93.039482 -118.310104
v -552.994751 93.668434 -116.952583
v -557.365967 91.976562 -121.064255
v -556.382690 113.611214 -89.842697
v -545.524414 125.650833 -55.623138
v -550.663757 146.128082 10.587462
v -478.792633 5.429357 -90.544373
v -571.541687 132.444763 62.175163
v -537.505066 114.203712 5.106089
v -565.543945 141.170212 47.355736
v -576.032166 51.519230 -149.057373
v -527.860718 -7.720715 -160.576599
v -556.617676 143.131912 38.135723
v -558.871826 146.342361 31.630579
v -576.607239 126.800484 67.904648
v -554.728699 113.936340 -88.362862
v -553.811707 148.007797 11.045705
v -544.278809 148.256470 37.982998
v -565.869141 101.839424 -112.565941
v -493.884247 -10.836583 -135.053650
v -505.513824 -13.703589 -147.493774
v -503.880554 -13.479145 -145.521103
v -489.115479 -1.993225 -116.886871
v -546.625793 142.445358 -5.932811
v -540.294922 132.278534 5.160308
v -539.713135 133.518478 6.358948
v -474.459930 -4.959257 -100.276016
v -484.775391 1.728943 -104.260887
v -551.809509 104.189926 -102.946999
v -559.609253 106.504379 -102.962578
v -541.363647 133.543152 -9.457013
v -542.270813 134.421844 -13.461894
v -566.280823 92.294220 -124.192116
v -552.482056 130.406342 -46.043503
v -551.407776 131.408783 -43.258568
v -549.649536 4.474165 -162.337921
v -572.924744 34.775898 -138.989136
v -571.418030 33.976864 -140.479721
v -573.504578 36.146763 -140.173553
v -572.008484 34.478394 -141.555573
v -569.172607 31.429426 -140.822357
v -573.163330 35.464111 -143.265396
v -572.026123 32.890785 -144.684418
v -569.473999 30.990248 -143.169220
v -567.958374 30.263489 -142.213562
v -573.873047 31.931034 -149.488907
v -571.864685 27.147360 -155.846863
v -576.068848 31.116310 -153.412659
v -575.410950 34.273869 -148.738663
v -575.711670 37.724411 -146.577881
v -568.319336 24.541533 -155.473679
v -567.934875 27.864317 -148.003311
v -577.025513 39.204170 -148.424667
v -577.968140 40.317101 -150.391006
v -578.044922 42.087818 -151.263016
v -559.883057 21.454288 -153.336441
v -563.308594 23.433979 -151.790298
v -555.856262 20.318834 -153.385162
v -576.413452 49.279995 -149.728439
v -559.404724 19.356609 -157.115601
v -553.586731 18.949720 -154.801422
v -552.810120 20.512953 -151.817383
v -575.981506 53.770370 -148.811768
v -561.381592 18.279957 -160.411163
v -558.566101 16.525032 -160.689499
v -556.197388 14.273584 -161.289719
v -554.171631 14.704512 -160.073044
v -572.326965 57.449093 -146.614227
v -544.488525 17.573702 -155.898560
v -554.476379 12.607613 -161.891953
v -572.242371 63.137337 -145.082260
v -549.602844 13.850487 -159.571136
v -569.120789 68.715378 -142.852493
v -549.252686 15.081038 -158.515411
v -575.411438 70.789322 -142.471939
v -567.219543 73.137756 -141.526398
v -551.755432 11.185641 -161.545822
v -572.304199 74.363182 -141.724670
v -549.729919 8.988805 -161.713684
v -545.409973 6.960821 -161.661270
v -540.376038 3.440082 -162.205292
v -544.828979 1.876155 -162.412201
v -567.758972 77.330177 -139.987625
v -537.589417 -1.223189 -163.477829
v -562.411438 76.412910 -139.803955
v -530.748413 1.390281 -160.941040
v -527.734009 0.291461 -159.261475
v -533.328003 -4.295644 -162.987198
v -531.525513 2.960125 -161.367920
v -526.224731 -2.403777 -158.729645
v -564.616760 81.243561 -137.675522
v -564.008850 83.147415 -135.958893
v -518.316101 -4.673306 -155.550049
v -521.090271 -8.270994 -157.456238
v -517.094055 -9.322092 -156.321747
v -559.491760 83.919273 -134.136902
v -516.749207 -4.565079 -154.685364
v -515.741394 -7.856663 -155.014587
v -566.012268 87.223015 -130.136429
v -564.465393 85.085281 -133.388336
v -515.027466 -9.212856 -154.850861
v -512.629150 -8.272587 -150.306763
v -557.560974 85.263992 -131.840332
v -570.234558 88.641335 -128.949234
v -508.165192 -12.713026 -149.425217
v -555.382996 87.287880 -128.181595
v -559.023682 88.404808 -127.385696
v -506.746796 -5.679947 -141.579819
v -562.692383 91.816292 -123.734314
v -499.774353 -8.638865 -139.406403
v -497.751587 -10.933379 -139.071457
v -496.195679 -10.621974 -137.657104
v -567.305481 97.576859 -118.801201
v -497.068726 -8.694038 -136.153656
v -560.093506 100.633865 -111.723404
v -491.487823 -9.316645 -128.958740
v -490.269348 -9.741887 -127.759926
v -492.535828 -3.369601 -124.972237
v -490.026855 -4.446152 -122.243919
v -486.530090 -11.244904 -122.015457
v -483.749207 -10.935410 -117.432686
v -485.548828 -10.771186 -120.119659
v -486.173981 -7.053866 -117.443115
v -552.157166 101.757385 -107.223061
v -484.563019 -7.803621 -115.724266
v -484.992737 -2.627528 -110.720383
v -488.762421 -0.477523 -114.084633
v -555.078613 104.137497 -104.797516
v -481.374084 -8.502372 -112.642021
v -550.523560 105.434166 -98.952263
v -482.028137 -2.325014 -106.548119
v -550.733398 106.747185 -96.527077
v -552.680176 109.765503 -92.059120
v -482.970032 3.025556 -99.454971
v -553.799866 108.973549 -94.481567
v -476.536438 -2.194228 -98.570168
v -470.807098 -3.681652 -92.994667
v -552.949524 113.911163 -86.528427
v -551.439697 117.334175 -79.805763
v -549.783813 113.392265 -82.982788
v -475.696503 1.659773 -91.622833
v -476.666473 3.541065 -89.991631
v -471.844147 -0.368223 -88.410988
v -473.622253 2.020077 -82.823227
v -549.578979 117.648766 -77.101799
v -473.154755 1.486897 -85.573463
v -475.584686 3.953083 -82.681335
v -477.216461 5.609053 -84.180138
v -478.119354 5.962858 -87.068954
v -469.055298 -2.128205 -85.358681
v -550.544983 119.286446 -75.132355
v -471.825958 -4.477276 -79.766136
v -548.429871 120.124710 -72.758270
v -549.781311 120.527985 -71.184410
v -546.589783 122.385178 -66.311592
v -545.681580 124.274551 -59.928169
v -552.599426 124.297249 -57.755779
v -552.450073 126.818283 -52.661522
v -548.888611 126.702148 -52.557854
v -548.217285 127.835884 -49.484207
v -552.237366 128.306046 -49.896759
v -552.354370 135.407669 -36.550449
v -552.250549 133.596771 -39.430058
v -545.547974 132.175323 -35.778938
v -542.098694 132.326630 -31.315702
v -544.837769 133.795013 -31.789202
v -547.873962 135.082245 -33.057053
v -552.059387 139.225128 -28.785822
v -544.230164 134.857803 -26.710970
v -542.567932 133.421097 -28.323891
v -545.500061 136.574127 -23.517544
v -549.354248 136.786301 -31.438728
v -550.924561 142.886246 -18.462383
v -548.754517 143.205109 -9.784349
v -547.294312 140.141953 -13.888765
v -542.441284 135.130829 -9.195083
v -541.423401 134.596039 -7.128657
v -542.632202 137.378769 -5.483012
v -544.760986 137.998596 -9.598939
v -551.156738 146.798340 -9.196988
v -550.727600 147.715103 -5.875527
v -548.638245 145.658630 -1.425435
v -547.953247 143.936417 2.119126
v -551.895569 148.016449 2.491906
v -550.751038 146.398148 4.946248
v -548.719849 144.672897 10.757812
v -540.612305 135.180527 4.479948
v -541.657715 137.286591 3.946112
v -541.002014 140.281540 16.489435
v -553.947449 148.815323 6.990919
v -539.394470 135.366608 9.224426
v -538.229126 139.930420 18.711355
v -542.004883 130.014175 4.147374
v -550.167358 145.567383 16.187820
v -554.100098 147.555389 16.078754
v -541.147583 128.973572 5.099402
v -538.438660 141.852325 22.795496
v -542.057312 127.957764 3.453618
v -551.443176 146.045090 20.996532
v -540.861938 125.668419 4.734687
v -540.926819 144.368912 25.416126
v -541.462341 119.297707 -0.968833
v -541.260681 116.202293 -2.085254
v -538.249268 113.211464 0.489537
v -539.120728 113.441956 -1.667244
v -538.435059 143.417007 27.920364
v -540.812256 145.055786 28.829548
v -542.884399 113.757523 0.654460
v -546.195740 113.004883 0.574256
v -540.010559 144.800659 33.345211
v -559.734924 148.327667 24.699091
v -553.455383 145.604340 27.719030
v -542.853760 147.177582 33.700825
v -541.919128 146.627365 38.963036
v -546.326172 148.864304 41.117760
v -543.042297 147.171356 41.928574
v -550.320496 149.188385 43.921177
v -562.185242 144.960373 37.744453
v -565.735046 146.015472 38.135502
v -548.449890 147.196350 48.455235
v -565.657776 143.591064 44.115578
v -553.942322 148.181198 47.828411
v -560.518188 142.255051 43.716099
v -564.390564 141.873596 46.123127
v -556.665466 145.600449 53.455368
v -569.362671 137.982880 54.221752
v -565.789795 134.574844 55.046516
v -572.979675 138.862427 57.279339
v -570.651062 135.770920 58.257248
v -573.187256 135.824936 61.026497
v -576.210205 135.958557 63.929958
v -579.526611 136.889740 65.891602
v -576.106567 133.426697 65.207352
v -577.297729 131.407166 66.449692
v -577.000061 129.044556 67.094315
v -583.518921 131.932907 66.188835
v -579.890564 128.584290 67.167503
v -580.731934 124.194603 67.763603
v -581.584229 126.269402 66.978439
v -585.411255 126.098030 65.706741
v -541.307678 125.779366 3.506895
v -547.931091 115.205490 1.244157
v -498.372375 -8.108459 -137.542038
v -546.701416 -1.089946 -162.279831
v -497.165009 -5.063996 -129.986450
v -543.985352 112.216187 0.360325
v -545.106567 16.404877 -157.139969
v -546.075256 14.454301 -158.583542
v -542.907593 11.625607 -159.883179
v -563.363098 136.124191 51.459442
v -542.659485 129.130035 -39.535473
v -565.612488 25.948011 -148.754395
v -563.234802 26.803495 -143.559402
v -556.855408 111.840012 -92.238876
v -486.157349 0.767940 -107.774773
v -560.056580 24.740686 -144.822189
v -558.813904 23.517160 -147.058304
v -565.091980 21.470480 -157.688156
v -555.845886 18.124126 -156.919968
v -550.820374 17.726597 -155.645935
v -542.805603 0.035847 -162.656799
v -537.180420 10.896531 -160.207031
v -537.978455 7.170591 -161.232803
v -535.522705 1.505070 -162.681335
v -569.916565 80.188858 -138.948013
v -523.372803 -8.505617 -158.473328
v -567.845764 84.653290 -135.213181
v -515.575012 -4.475166 -153.219528
v -509.540833 -5.047042 -142.429306
v -569.658142 94.239685 -123.044380
v -554.126404 90.345734 -121.848259
v -564.538086 95.381996 -120.120598
v -566.283630 100.045631 -115.104492
v -552.633789 97.659431 -112.526657
v -554.695679 99.699829 -110.857391
v -563.874329 104.682831 -107.574631
v -488.857635 -4.250100 -119.462585
v -562.495789 106.853973 -103.893974
v -487.143982 -0.484560 -111.282623
v -560.050781 108.981110 -98.478493
v -474.797546 -6.227660 -102.771996
v -469.744507 -1.694431 -82.840248
v -471.233276 -0.154253 -79.787170
v -472.441467 -3.707906 -76.597328
v -545.496521 123.393173 -63.194798
v -541.965454 134.057251 -24.677402
v -548.705505 140.002563 -20.142866
v -544.727173 136.764175 -18.068108
v -551.618469 144.865036 -15.114576
v -551.488220 145.976608 -11.826615
v -544.200928 140.208405 -0.660650
v -545.921753 141.868042 2.561552
v -539.742126 138.735779 14.710752
v -543.358765 141.898499 17.628225
v -542.334534 143.088593 20.707991
v -545.298340 142.512817 15.085558
v -543.509399 145.021835 22.697203
v -557.358276 148.675049 18.591667
v -548.935730 145.070908 22.019300
v -539.490662 115.039803 0.964110
v -561.363342 147.734741 29.520367
v -569.731140 144.415558 45.257648
v -568.395142 140.804626 49.601334
v -574.413330 142.391647 53.809044
v -565.905884 137.465012 51.407013
v -575.650085 141.482193 57.281498
v -577.073547 140.225677 61.207912
v -533.205566 2.830941 -161.888580
v -539.456787 122.213318 7.217062
v -538.743958 117.541222 4.394657
v -555.734619 148.780991 12.319519
v -561.333984 108.558556 -99.996658
v -571.696289 29.183289 -151.043823
v -494.819000 -7.639180 -130.709549
v -544.496033 140.975876 7.280529
v -541.301453 138.807007 10.209146
v -578.885681 134.347839 66.247627
v -539.026184 137.149094 12.902084
v -542.210388 140.119232 12.643916
v -542.617676 138.451859 3.468529
v -586.003418 88.364311 97.461548
v -584.825562 88.068993 96.548782
v -589.750854 88.146172 97.968636
v -587.153687 87.325356 97.465904
v -587.248230 91.141762 98.711411
v -592.149292 81.904694 95.376595
v -596.427124 83.121162 96.496658
v -594.194336 81.956718 95.782959
v -594.190918 79.812706 95.398842
v -593.481323 85.691154 96.734306
v -594.974121 87.520546 96.192421
v -597.091614 86.253120 96.257996
v -595.041626 84.230087 96.337814
vn 0.3390 0.5163 -0.7864
vn -0.6459 -0.3771 0.6638
vn 0.5095 -0.3552 0.7837
vn -0.8287 0.4383 -0.3482
vn -0.6640 -0.4397 -0.6048
vn -0.3462 -0.9181 -0.1931
vn -0.9221 -0.3645 0.1296
vn -0.3522 -0.6558 0.6677
vn 0.5346 0.4074 -0.7404
vn 0.6365 0.4042 -0.6569
vn 0.4598 0.2793 -0.8430
vn 0.5005 0.4177 -0.7583
vn -0.4128 0.1303 0.9014
vn -0.5348 -0.2864 0.7949
vn 0.4528 0.4290 -0.7816
vn 0.4750 0.4450 -0.7592
vn -0.4213 0.1247 0.8983
vn 0.5256 0.4345 -0.7314
vn 0.5131 0.4279 -0.7440
vn 0.3329 0.8401 -0.4283
vn -0.8816 -0.2449 0.4035
vn 0.3968 0.7178 -0.5722
vn 0.4923 0.3916 -0.7774
vn -0.5429 -0.5105 -0.6668
vn 0.4865 0.4453 -0.7517
vn 0.5085 0.3838 -0.7708
vn 0.6855 -0.3066 0.6604
vn 0.4786 0.4522 -0.7527
vn 0.4896 0.4666 -0.7366
vn -0.6665 0.7145 0.2126
vn 0.5595 0.4223 -0.7131
vn 0.2478 -0.8367 0.4884
vn 0.4986 0.4451 -0.7438
vn 0.5013 0.4429 -0.7433
vn -0.1211 -0.6479 0.7521
vn -0.8317 0.5336 -0.1536
vn 0.2096 -0.2145 0.9540
vn 0.0533 0.9120 -0.4067
vn 0.4913 0.4675 -0.7349
vn 0.5282 0.4651 -0.7104
vn 0.4967 0.4524 -0.7407
vn 0.4566 0.4361 -0.7755
vn 0.5464 0.3824 -0.7451
vn 0.4427 0.5867 0.6780
vn 0.4858 0.4480 -0.7506
vn 0.4859 0.4482 -0.7503
vn 0.5096 0.5168 -0.6880
vn 0.4887 0.4916 -0.7207
vn 0.5535 0.2090 -0.8062
vn 0.2552 0.3529 -0.9002
vn 0.8255 0.3774 -0.4197
vn 0.7155 -0.1119 0.6896
vn 0.9679 0.1970 -0.1564
vn 0.9531 0.1161 -0.2794
vn -0.0073 -0.1845 0.9828
vn 0.0766 -0.1138 0.9906
vn 0.2415 0.9242 -0.2960
vn -0.6681 0.3240 -0.6698
vn -0.2991 0.9113 0.2828
vn -0.3408 0.7344 0.5870
vn -0.2846 0.9100 0.3015
vn -0.2156 0.9750 0.0540
vn -0.5376 0.7359 0.4116
vn -0.1096 0.9923 0.0579
vn -0.2466 0.9409 0.2322
vn -0.5039 0.8572 0.1066
vn 0.2928 0.3293 -0.8977
vn -0.2853 0.9341 -0.2147
vn -0.3070 0.8940 0.3265
vn -0.0194 0.9674 -0.2526
vn -0.0932 0.9954 0.0217
vn 0.9989 0.0421 0.0207
vn 0.9909 0.1247 0.0501
vn 0.4640 0.3757 -0.8022
vn 0.9592 0.2463 0.1390
vn -0.0084 1.0000 -0.0028
vn -0.2521 0.9318 0.2611
vn 0.2788 0.8701 -0.4064
vn 0.2893 0.8966 -0.3354
vn -0.9747 0.0645 0.2141
vn -0.2734 0.9275 0.2549
vn 0.4986 0.4218 -0.7572
vn 0.4969 0.4485 -0.7429
vn 0.8714 -0.1026 0.4797
vn 0.8030 -0.3566 0.4774
vn 0.3756 0.3249 -0.8680
vn 0.5025 0.4377 -0.7456
vn 0.4748 0.4637 -0.7480
vn 0.6795 0.6067 0.4126
vn 0.8643 -0.1121 0.4904
vn 0.0146 0.9722 -0.2337
vn 0.1171 0.9363 -0.3311
vn 0.5804 0.1188 -0.8056
vn 0.4264 0.2606 -0.8662
vn 0.4979 0.4383 -0.7483
vn 0.4734 0.4284 -0.7696
vn 0.8238 -0.2300 0.5182
vn -0.8826 0.4022 0.2433
vn 0.4023 0.0928 -0.9108
vn 0.4825 0.4682 -0.7403
vn 0.4831 0.4491 -0.7517
vn -0.3160 0.9018 0.2948
vn 0.5042 -0.1382 -0.8524
vn -0.0284 0.7229 0.6904
vn 0.2661 0.7668 -0.5842
vn -0.9485 0.3057 -0.0830
vn -0.3157 0.9019 0.2949
vn 0.9208 -0.2204 0.3218
vn 0.4839 0.4674 -0.7399
vn 0.4667 0.4494 -0.7617
vn 0.5327 0.5010 0.6821
vn 0.6921 0.2774 0.6664
vn 0.8149 0.0009 0.5795
vn 0.8392 -0.0977 0.5349
vn -0.1642 0.9662 0.1986
vn -0.2126 0.9739 0.0795
vn 0.4820 0.4461 -0.7541
vn 0.4693 0.4544 -0.7571
vn 0.8587 -0.4221 0.2905
vn -0.1067 0.8711 -0.4794
vn 0.0339 0.9362 -0.3498
vn -0.0963 0.9792 0.1786
vn 0.0502 -0.9049 0.4226
vn 0.6515 -0.7546 0.0783
vn -0.1891 0.9317 -0.3100
vn 0.0259 0.7859 -0.6178
vn -0.4125 -0.8282 0.3794
vn 0.2617 0.8579 0.4421
vn 0.6102 0.4289 -0.6660
vn 0.0538 0.9030 -0.4263
vn -0.3195 0.9284 0.1897
vn 0.8277 -0.0370 0.5599
vn 0.8840 -0.2388 0.4018
vn 0.2176 0.5989 -0.7707
vn 0.8212 0.0960 0.5626
vn -0.3178 0.9453 -0.0736
vn -0.2739 0.9616 -0.0159
vn -0.0432 0.8591 -0.5099
vn 0.3166 0.6517 -0.6892
vn 0.4847 0.4389 -0.7566
vn 0.8777 -0.3910 0.2771
vn 0.6323 0.4369 -0.6398
vn -0.2531 0.7770 -0.5763
vn 0.0822 0.9070 0.4130
vn -0.4659 0.8116 -0.3525
vn -0.3073 0.9331 0.1869
vn -0.3976 0.8600 -0.3199
vn -0.2354 0.7092 -0.6645
vn 0.0885 0.6726 -0.7347
vn -0.2583 0.6970 -0.6689
vn -0.6531 0.4828 -0.5834
vn -0.4980 0.5524 -0.6685
vn -0.4509 0.8064 -0.3827
vn -0.4951 0.7178 -0.4896
vn 0.0593 -0.9451 0.3214
vn -0.4925 0.6974 -0.5206
vn -0.2366 0.6781 -0.6958
vn -0.4077 0.3740 -0.8330
vn 0.4831 0.4354 -0.7597
vn 0.0206 0.9987 -0.0472
vn -0.0367 0.9185 0.3937
vn -0.4499 -0.8471 -0.2828
vn -0.1386 0.6398 0.7559
vn -0.2305 0.8910 -0.3912
vn -0.3826 0.6814 -0.6240
vn 0.6891 -0.6872 0.2301
vn -0.7906 0.4169 -0.4485
vn -0.1270 0.5626 -0.8169
vn -0.1373 0.4471 -0.8839
vn -0.3484 0.3808 -0.8565
vn -0.4983 0.0543 -0.8653
vn -0.4178 0.3686 -0.8304
vn -0.5869 0.1940 -0.7860
vn 0.7183 -0.5573 0.4166
vn 0.5209 0.3953 -0.7566
vn 0.5330 -0.3872 -0.7523
vn -0.9255 0.1622 -0.3423
vn 0.6106 0.4482 -0.6529
vn 0.4150 0.7050 -0.5752
vn -0.0945 0.9761 0.1959
vn -0.0050 0.9893 0.1458
vn 0.7836 0.2186 0.5816
vn -0.4323 0.5269 -0.7318
vn -0.5993 0.2782 -0.7506
vn -0.5279 0.0024 -0.8493
vn -0.7548 -0.2570 -0.6035
vn -0.8680 -0.3807 0.3188
vn -0.7777 -0.5556 0.2943
vn -0.8217 0.2050 -0.5318
vn 0.1669 0.8488 -0.5016
vn -0.0871 0.9962 -0.0074
vn 0.5442 0.5228 -0.6561
vn 0.6067 0.4540 -0.6525
vn 0.5222 0.4383 -0.7315
vn 0.5036 0.4534 -0.7354
vn -0.5291 0.8033 -0.2733
vn -0.9088 -0.2468 0.3363
vn 0.2505 0.5399 -0.8036
vn -0.1423 0.2916 -0.9459
vn -0.8273 -0.3917 0.4027
vn -0.5326 -0.0816 0.8424
vn -0.9308 0.3565 -0.0809
vn -0.5934 -0.7522 0.2863
vn 0.6871 -0.1447 -0.7120
vn 0.6705 0.3831 0.6353
vn 0.3798 0.6544 -0.6538
vn -0.0262 0.9297 -0.3674
vn 0.0560 0.9800 0.1910
vn -0.5179 0.7058 -0.4833
vn 0.3566 0.6888 -0.6312
vn 0.3708 0.5546 -0.7449
vn 0.5292 0.4326 -0.7299
vn 0.5206 0.4271 -0.7393
vn 0.3447 0.5284 -0.7759
vn -0.0512 0.6197 -0.7831
vn 0.5798 0.0090 -0.8147
vn -0.8547 -0.0382 -0.5178
vn -0.9296 0.1397 -0.3409
vn -0.6115 0.7834 -0.1112
vn -0.3497 0.2017 0.9149
vn -0.2958 0.9057 0.3037
vn -0.0507 0.9984 -0.0251
vn 0.6603 0.2806 0.6967
vn -0.7579 0.6382 0.1352
vn 0.3209 0.5292 -0.7855
vn 0.1312 0.3084 0.9422
vn -0.2302 0.9670 -0.1090
vn 0.5047 0.4375 -0.7443
vn -0.8131 0.4982 -0.3011
vn -0.3869 0.3200 -0.8648
vn -0.6860 0.3179 -0.6545
vn -0.7592 0.2342 -0.6072
vn -0.6341 0.7475 -0.1980
vn 0.5057 0.4402 -0.7420
vn 0.4926 0.8701 0.0180
vn -0.9888 -0.1386 -0.0549
vn -0.5203 -0.7060 0.4804
vn 0.5122 0.3212 -0.7966
vn 0.5836 0.4943 0.6443
vn 0.5644 0.4904 0.6641
vn 0.4894 0.4496 -0.7472
vn 0.4884 0.4380 -0.7547
vn 0.5002 0.8634 0.0661
vn -0.8164 0.5160 -0.2592
vn 0.5159 0.4532 -0.7269
vn 0.5157 0.4266 -0.7430
vn -0.4645 -0.6563 0.5946
vn 0.1463 0.9300 -0.3373
vn 0.6288 0.6759 -0.3844
vn 0.5500 0.8219 0.1483
vn 0.5393 0.8292 0.1469
vn 0.3884 0.6618 -0.6412
vn 0.2728 0.7262 -0.6311
vn 0.6937 0.7121 0.1083
vn -0.0964 0.9581 -0.2698
vn 0.7005 0.7126 -0.0376
vn -0.7986 0.5735 -0.1826
vn -0.8188 0.5191 -0.2452
vn 0.4972 0.8643 0.0753
vn -0.8078 0.5850 -0.0724
vn -0.2166 0.9734 0.0741
vn -0.0640 0.9957 0.0665
vn 0.1997 0.5924 -0.7805
vn -0.1394 0.9869 0.0812
vn -0.1542 0.9844 0.0848
vn 0.8480 -0.0247 -0.5294
vn 0.4919 0.4318 -0.7560
vn 0.4680 0.3310 0.8194
vn 0.6222 0.7581 0.1951
vn 0.0982 0.9585 -0.2675
vn -0.8843 0.4284 -0.1855
vn -0.8799 0.4100 -0.2402
vn 0.8923 -0.0981 -0.4407
vn 0.4930 0.4322 -0.7551
vn 0.7537 0.6217 -0.2132
vn 0.4596 0.4383 -0.7724
vn 0.4712 0.4488 -0.7593
vn 0.2494 0.8039 -0.5400
vn 0.4664 0.8817 0.0719
vn -0.2545 0.8174 0.5168
vn -0.0612 0.9853 -0.1593
vn 0.5189 0.7443 0.4204
vn 0.5152 0.4433 -0.7336
vn 0.7149 0.1653 -0.6794
vn 0.4892 0.4392 -0.7535
vn 0.5584 0.8193 0.1297
vn 0.5487 0.8257 0.1305
vn 0.0919 0.9386 -0.3325
vn 0.0274 0.9549 -0.2957
vn 0.0813 0.9614 0.2629
vn -0.1592 0.9825 0.0968
vn -0.6841 0.7257 0.0735
vn -0.6846 0.6263 0.3730
vn -0.1765 0.7741 0.6079
vn -0.2552 -0.8495 -0.4618
vn -0.2837 -0.6970 0.6585
vn -0.1252 -0.5494 0.8261
vn -0.7633 -0.6425 0.0674
vn 0.6631 0.3425 -0.6656
vn 0.7260 0.6544 0.2113
vn 0.6134 0.7697 0.1767
vn -0.3289 0.9428 0.0547
vn -0.4323 0.9011 -0.0334
vn -0.9070 0.2944 -0.3010
vn -0.6127 0.7897 -0.0317
vn -0.6143 0.7057 -0.3530
vn -0.6408 0.7171 -0.2741
vn 0.5111 0.4318 -0.7432
vn 0.4588 0.4534 -0.7642
vn -0.7170 0.6667 0.2037
vn -0.0661 0.9758 0.2086
vn 0.8268 0.3086 -0.4703
vn 0.9641 -0.0493 -0.2610
vn 0.7839 0.5868 0.2027
vn 0.7097 0.6682 0.2233
vn 0.6037 0.7753 0.1858
vn 0.5306 0.8328 0.1576
vn 0.4744 0.8700 0.1345
vn 0.4632 0.8817 0.0900
vn -0.5618 0.8268 -0.0287
vn -0.4218 0.6301 -0.6520
vn -0.4656 0.8457 -0.2607
vn 0.0104 0.9643 -0.2646
vn 0.4712 0.6092 0.6379
vn 0.0775 0.9388 0.3357
vn -0.5318 0.8433 -0.0772
vn -0.5277 0.7294 -0.4353
vn 0.4782 0.4556 -0.7509
vn 0.9499 -0.0449 -0.3092
vn 0.4948 0.4429 -0.7476
vn 0.9133 0.4061 -0.0307
vn 0.8088 0.5470 0.2159
vn 0.0469 0.9330 -0.3569
vn 0.0097 0.9624 -0.2713
vn 0.0880 0.9314 0.3532
vn -0.0572 0.9727 0.2248
vn -0.3073 0.6315 -0.7118
vn 0.4064 0.5639 0.7189
vn 0.0699 0.4637 -0.8832
vn 0.4828 0.4455 -0.7539
vn 0.4440 0.4337 -0.7841
vn 0.3047 0.6924 -0.6540
vn 0.0989 0.9305 -0.3526
vn 0.9986 0.0012 -0.0528
vn 0.9659 0.0896 -0.2431
vn 0.8113 0.3049 -0.4988
vn 0.8506 0.4843 -0.2046
vn 0.5357 0.7839 0.3138
vn 0.7088 0.6670 0.2294
vn 0.5984 0.7030 0.3842
vn 0.5927 0.7555 0.2791
vn 0.4514 0.8759 0.1701
vn -0.0762 0.9938 0.0807
vn 0.4894 0.3686 -0.7904
vn 0.1954 0.9463 -0.2575
vn -0.0518 0.9523 -0.3006
vn -0.0613 0.9825 -0.1759
vn 0.5176 0.1882 0.8347
vn -0.2049 0.9179 0.3398
vn 0.7482 -0.1053 -0.6551
vn -0.1370 0.5295 -0.8372
vn 0.4787 0.4296 -0.7657
vn 0.5448 0.4421 -0.7125
vn 0.9418 0.3222 -0.0964
vn 0.9381 0.3296 -0.1070
vn 0.8634 0.4701 0.1832
vn 0.6364 0.4694 0.6121
vn 0.6515 0.4226 0.6301
vn 0.4809 0.7171 0.5045
vn 0.2486 0.9394 -0.2360
vn -0.1336 0.6255 0.7687
vn -0.3206 0.0048 -0.9472
vn -0.1476 -0.7826 -0.6048
vn -0.0755 0.6655 -0.7425
vn -0.1328 0.7739 -0.6193
vn -0.1111 -0.7789 -0.6172
vn 0.5364 0.4254 -0.7289
vn 0.5460 0.4367 -0.7150
vn -0.5974 -0.7003 0.3908
vn -0.0392 0.9621 -0.2700
vn -0.0985 0.9628 -0.2517
vn -0.1633 -0.0779 -0.9835
vn -0.4600 -0.4337 0.7748
vn 0.9536 -0.2477 -0.1713
vn 0.0769 0.5770 -0.8131
vn 0.9471 -0.2559 -0.1939
vn 0.9671 -0.2123 -0.1400
vn -0.5202 -0.4165 0.7456
vn 0.9150 0.3772 0.1434
vn 0.8709 0.4554 0.1846
vn 0.5193 0.3828 -0.7641
vn 0.5793 0.4740 0.6631
vn 0.5014 0.5645 0.6557
vn 0.4832 0.6234 -0.6147
vn -0.1053 0.9769 -0.1859
vn 0.5349 0.4192 -0.7336
vn 0.2450 0.9535 -0.1753
vn 0.1877 0.9698 -0.1559
vn 0.9895 0.1352 0.0509
vn 0.8170 0.2863 0.5006
vn 0.7795 0.2465 0.5758
vn 0.5378 0.8312 -0.1409
vn 0.6538 0.7567 0.0050
vn 0.5350 0.5755 0.6185
vn 0.4192 0.6268 0.6568
vn 0.4475 0.6059 0.6577
vn 0.4540 0.7246 -0.5185
vn 0.1667 0.9727 -0.1617
vn 0.1180 0.9812 -0.1529
vn -0.8089 -0.5866 -0.0392
vn -0.6045 -0.5497 0.5766
vn -0.5292 -0.3770 0.7601
vn -0.3760 0.7153 0.5891
vn -0.4597 -0.4831 -0.7452
vn 0.4687 0.7417 -0.4797
vn 0.9962 -0.0534 -0.0685
vn 0.8388 0.5332 0.1105
vn 0.2892 0.6606 -0.6928
vn 0.2591 0.7486 -0.6103
vn 0.1400 0.4958 0.8571
vn 0.4270 0.6108 0.6668
vn -0.1632 0.8984 -0.4078
vn 0.5924 0.3314 0.7344
vn 0.4082 0.7678 -0.4939
vn 0.5013 0.4600 -0.7329
vn 0.3063 0.9453 -0.1122
vn 0.2086 0.9734 -0.0946
vn 0.3608 -0.2896 0.8866
vn 0.4720 -0.0877 0.8772
vn -0.9241 0.2891 -0.2498
vn 0.5044 0.4183 -0.7554
vn 0.5319 0.4538 -0.7149
vn 0.3619 0.9180 -0.1622
vn 0.3660 0.9221 -0.1254
vn 0.3380 0.9362 -0.0959
vn 0.9371 0.3304 0.1124
vn 0.7724 0.1974 0.6037
vn 0.2217 0.9716 -0.0828
vn 0.3952 0.7317 -0.5554
vn 0.4694 0.5641 0.6793
vn -0.3494 0.6894 0.6345
vn 0.0988 0.7223 0.6845
vn 0.7751 -0.6014 0.1940
vn -0.0826 0.9965 -0.0104
vn -0.5189 0.6943 0.4987
vn 0.5330 0.4083 -0.7411
vn 0.5424 0.4136 -0.7313
vn 0.8534 -0.5058 0.1256
vn 0.4999 0.4272 -0.7534
vn 0.5103 0.6081 -0.6081
vn 0.3745 0.9269 -0.0239
vn -0.7346 -0.6782 0.0210
vn 0.9998 -0.0168 0.0098
vn 0.7942 -0.5970 0.1135
vn 0.5085 0.4371 -0.7419
vn 0.3624 0.6734 -0.6443
vn 0.6694 0.6713 0.3183
vn 0.4624 0.8222 0.3319
vn 0.3345 0.9420 0.0276
vn -0.6200 0.7043 0.3456
vn -0.1837 0.7990 0.5726
vn -0.1907 -0.5984 0.7782
vn -0.6036 0.7129 0.3571
vn -0.6436 0.6024 0.4721
vn 0.3271 0.6146 -0.7178
vn 0.4805 0.4940 -0.7246
vn 0.0224 0.2850 0.9583
vn -0.6797 0.6950 0.2346
vn -0.0714 0.9974 0.0072
vn 0.4808 0.5741 -0.6627
vn 0.5151 0.4255 -0.7441
vn 0.9704 -0.1723 -0.1693
vn 0.9974 0.0505 -0.0507
vn 0.4553 -0.7723 -0.4429
vn 0.5110 0.4198 -0.7501
vn 0.9712 0.2153 0.1022
vn -0.5482 -0.3836 0.7432
vn 0.4520 -0.8913 -0.0372
vn -0.6970 -0.4564 0.5531
vn 0.3874 0.6130 0.6886
vn 0.1190 0.9382 -0.3251
vn -0.0699 0.9821 -0.1751
vn 0.2228 0.9075 0.3562
vn -0.9386 0.1084 0.3276
vn 0.5108 0.4229 -0.7485
vn -0.8967 0.4368 0.0711
vn -0.2730 -0.9619 -0.0148
vn -0.3798 -0.9239 0.0461
vn 0.4962 0.4217 -0.7589
vn -0.4235 -0.7714 0.4750
vn -0.5705 -0.8072 0.1513
vn -0.3509 0.8073 0.4746
vn -0.6364 -0.3977 0.6610
vn 0.8763 -0.2620 0.4043
vn 0.8125 0.1635 0.5596
vn 0.8098 0.0980 0.5785
vn 0.8159 0.5427 -0.1995
vn 0.7921 0.1978 0.5775
vn -0.5030 -0.7629 0.4061
vn -0.6765 0.1733 -0.7158
vn -0.0382 0.9841 -0.1735
vn 0.5283 0.4113 -0.7428
vn -0.7284 -0.0321 -0.6844
vn -0.6124 -0.7311 0.3007
vn -0.7694 -0.6329 0.0866
vn 0.7338 0.4466 0.5119
vn 0.7508 0.4206 -0.5093
vn 0.4318 -0.4000 0.8085
vn 0.7232 0.3406 0.6007
vn -0.8083 -0.4424 -0.3885
vn -0.5201 0.8419 -0.1439
vn -0.4977 -0.7667 0.4055
vn 0.5005 0.4410 -0.7450
vn 0.5071 0.4361 -0.7434
vn -0.3044 -0.7435 0.5954
vn -0.2432 -0.8987 0.3650
vn 0.7866 0.2039 0.5828
vn -0.0857 0.7030 0.7060
vn 0.4618 0.5863 0.6656
vn 0.8427 0.5199 -0.1401
vn -0.7384 0.6645 0.1149
vn -0.4572 -0.8217 0.3404
vn -0.9924 -0.1074 -0.0593
vn -0.7014 -0.6564 0.2778
vn -0.7977 -0.5077 -0.3256
vn -0.8181 -0.5373 -0.2050
vn 0.8548 0.0373 0.5176
vn 0.8626 0.5051 0.0293
vn -0.6699 -0.7395 0.0668
vn -0.6700 -0.6563 -0.3470
vn -0.5097 -0.7874 0.3468
vn -0.9233 0.3437 -0.1714
vn -0.7420 -0.5061 0.4396
vn -0.7074 -0.0565 -0.7046
vn 0.0210 0.9967 -0.0783
vn -0.0327 0.9648 -0.2609
vn -0.8124 0.5346 -0.2331
vn -0.8222 0.4863 -0.2957
vn -0.8157 0.5031 -0.2853
vn -0.8920 0.4450 -0.0789
vn 0.6718 0.4290 0.6039
vn 0.1724 -0.4411 0.8808
vn 0.2548 0.9461 -0.2001
vn 0.3298 0.6029 -0.7264
vn 0.4266 0.9019 -0.0683
vn -0.7721 0.6020 -0.2035
vn -0.4750 0.8799 0.0051
vn -0.2666 0.9219 0.2812
vn 0.2957 0.3891 -0.8724
vn 0.4436 0.4355 -0.7833
vn -0.5576 -0.7032 0.4411
vn 0.0373 -0.0729 -0.9966
vn -0.9541 0.2493 0.1657
vn -0.9830 0.1405 -0.1179
vn -0.9726 0.1772 -0.1507
vn -0.9030 -0.2044 0.3778
vn -0.6828 -0.4093 0.6052
vn -0.6070 0.2467 0.7555
vn -0.9509 0.2378 0.1981
vn -0.5501 -0.2995 0.7795
vn -0.4634 -0.4136 0.7837
vn -0.5002 -0.4365 0.7478
vn -0.7365 -0.2001 0.6462
vn -0.8401 0.4841 -0.2448
vn -0.5115 -0.2472 0.8229
vn -0.1863 -0.6663 0.7220
vn -0.4918 -0.2654 0.8293
vn -0.5115 -0.4257 0.7464
vn 0.7725 0.1536 0.6162
vn 0.1771 -0.3035 0.9362
vn 0.0168 -0.5663 0.8240
vn -0.4995 -0.4223 0.7564
vn -0.5114 -0.4265 0.7460
vn 0.6650 0.4462 0.5988
vn -0.4707 -0.4298 0.7705
vn -0.5166 -0.4225 0.7447
vn -0.4693 -0.4311 0.7706
vn -0.3747 0.7697 -0.5169
vn -0.5634 -0.5599 0.6075
vn -0.3608 -0.8731 -0.3280
vn -0.5101 -0.4136 0.7541
vn -0.5160 -0.4223 0.7452
vn -0.5057 -0.4376 0.7434
vn -0.4903 -0.3609 0.7934
vn -0.5021 -0.4104 0.7613
vn -0.4968 -0.4110 0.7644
vn -0.5332 -0.7517 0.3882
vn 0.4567 0.3189 0.8305
vn -0.7456 -0.6663 0.0125
vn -0.7102 -0.6890 0.1445
vn -0.7773 -0.6134 0.1397
vn -0.6069 -0.7306 -0.3129
vn -0.6420 -0.6492 -0.4079
vn 0.7260 0.3319 0.6023
vn -0.5027 -0.4117 0.7602
vn -0.6203 -0.5827 0.5251
vn -0.5051 -0.4126 0.7580
vn -0.4483 -0.4732 0.7583
vn 0.2733 0.8344 -0.4786
vn -0.4544 -0.4988 0.7380
vn -0.5336 -0.5821 0.6136
vn -0.3925 -0.4801 0.7845
vn -0.4410 -0.3703 0.8176
vn -0.4398 -0.3900 0.8090
vn -0.4741 -0.3776 0.7954
vn -0.6300 -0.6187 0.4693
vn -0.2352 -0.8638 -0.4456
vn -0.7018 -0.7108 0.0468
vn -0.9093 0.2788 0.3088
vn 0.5086 0.5524 0.6605
vn -0.5017 -0.3890 0.7726
vn -0.7337 0.1710 0.6576
vn 0.8135 -0.4639 0.3508
vn 0.0588 -0.6828 -0.7282
vn 0.0098 0.6969 0.7171
vn -0.5320 -0.3959 0.7485
vn 0.6157 0.4066 -0.6750
vn -0.5529 -0.6212 0.5554
vn -0.3848 -0.6572 0.6481
vn 0.0533 0.7083 0.7039
vn -0.4785 0.3490 0.8058
vn 0.0133 0.7797 0.6260
vn -0.3033 0.3992 0.8653
vn 0.4987 0.4253 -0.7552
vn -0.6854 -0.7064 -0.1767
vn -0.7149 0.6905 -0.1102
vn -0.8165 0.5698 0.0931
vn -0.6116 0.7626 0.2107
vn -0.0744 0.9770 0.2001
vn -0.7263 0.2505 0.6401
vn 0.4307 -0.5755 -0.6952
vn 0.5183 0.4228 -0.7434
vn -0.6247 0.3156 -0.7142
vn -0.3898 -0.9154 0.1002
vn -0.4308 -0.8896 0.1514
vn -0.3100 -0.8545 -0.4167
vn -0.3076 -0.8845 -0.3507
vn 0.4680 -0.4063 -0.7848
vn -0.1662 -0.7499 -0.6404
vn -0.5052 -0.7649 0.3997
vn 0.2434 -0.9071 -0.3435
vn 0.8648 -0.4218 0.2723
vn 0.7864 -0.2232 0.5760
vn -0.6401 -0.2106 -0.7389
vn -0.7822 -0.5316 -0.3249
vn -0.7253 -0.6702 -0.1574
vn -0.1802 0.6093 0.7722
vn 0.4760 -0.1616 0.8645
vn -0.3990 0.9083 -0.1260
vn -0.4269 -0.6958 0.5776
vn -0.1984 -0.7254 0.6592
vn 0.7430 -0.6349 0.2117
vn 0.2985 0.6473 -0.7013
vn 0.8196 -0.1887 0.5410
vn -0.5112 -0.3869 0.7675
vn -0.4727 -0.5005 0.7252
vn 0.4950 0.0780 0.8654
vn -0.0228 0.7750 0.6315
vn -0.6011 0.4805 0.6386
vn -0.6997 0.4454 0.5586
vn 0.4926 0.4477 -0.7462
vn -0.1351 0.4331 0.8912
vn 0.8296 -0.2757 0.4856
vn -0.0606 0.3553 0.9328
vn -0.1721 0.1881 0.9670
vn -0.4011 0.0041 0.9160
vn -0.3188 -0.0251 0.9475
vn -0.3846 -0.0757 0.9200
vn -0.4882 -0.5412 0.6847
vn -0.0833 -0.3776 0.9222
vn 0.8514 0.0417 0.5228
vn 0.7021 0.6144 0.3600
vn 0.9032 0.4281 -0.0323
vn -0.1125 -0.3475 -0.9309
vn -0.0456 -0.5883 -0.8073
vn -0.5733 -0.4510 -0.6840
vn -0.5337 -0.4516 -0.7150
vn -0.7592 -0.4890 -0.4295
vn -0.6810 -0.5850 -0.4405
vn -0.0315 0.7705 0.6366
vn 0.0533 -0.6530 -0.7554
vn -0.8634 -0.3162 0.3931
vn 0.9390 -0.0770 0.3351
vn 0.3466 -0.8284 -0.4400
vn -0.7585 0.5993 0.2560
vn 0.7780 -0.6183 0.1114
vn -0.6968 -0.7142 -0.0667
vn 0.3771 -0.8817 -0.2836
vn 0.8289 0.0103 0.5594
vn -0.7135 -0.5421 -0.4439
vn 0.8957 -0.4038 0.1860
vn -0.6946 -0.7156 -0.0741
vn -0.6167 -0.7675 0.1750
vn -0.5675 -0.7715 0.2876
vn -0.5739 -0.7549 0.3174
vn -0.4773 -0.7168 0.5082
vn 0.8712 -0.3281 0.3652
vn 0.9216 -0.1917 0.3374
vn 0.8619 -0.4776 0.1702
vn 0.4260 0.4429 -0.7889
vn 0.4969 0.4284 -0.7547
vn -0.3769 -0.4735 0.7961
vn -0.3561 0.8454 -0.3980
vn 0.8934 -0.2912 0.3422
vn 0.5256 0.4137 -0.7434
vn -0.9562 0.1488 -0.2521
vn -0.0637 0.6115 0.7887
vn 0.6718 -0.7316 0.1158
vn -0.2184 -0.7412 0.6347
vn 0.0308 -0.6098 0.7920
vn 0.1935 -0.4776 0.8570
vn -0.5316 0.8089 0.2512
vn -0.8949 0.4009 0.1960
vn -0.7666 0.5141 0.3847
vn 0.5809 -0.1898 -0.7915
vn -0.5069 -0.3235 0.7990
vn -0.0969 0.9071 -0.4097
vn -0.5306 -0.8204 0.2131
vn -0.2408 -0.6984 -0.6740
vn -0.2287 -0.7147 -0.6610
vn -0.2290 -0.5542 -0.8003
vn -0.2826 -0.2664 -0.9215
vn -0.5957 -0.4971 -0.6309
vn -0.3206 0.9460 0.0472
vn -0.9451 0.2216 -0.2403
vn -0.8530 0.5209 0.0331
vn -0.3014 -0.3992 0.8659
vn -0.7086 -0.6452 0.2855
vn -0.5207 -0.6649 0.5355
vn -0.6678 -0.5078 -0.5442
vn -0.7078 -0.6453 0.2875
vn 0.9399 -0.3412 -0.0148
vn 0.7870 0.1914 0.5865
vn -0.8016 0.5564 0.2187
vn 0.8807 -0.3776 -0.2859
vn -0.0284 0.9238 -0.3819
vn -0.3182 -0.7625 0.5633
vn 0.4700 0.5505 0.6899
vn 0.0119 0.6725 0.7400
vn -0.5958 0.4053 0.6934
vn 0.1710 -0.4031 0.8990
vn 0.5582 0.0037 0.8297
vn -0.8694 0.4845 0.0970
vn -0.2307 0.3835 0.8943
vn -0.2419 0.4964 0.8337
vn -0.4164 0.0601 0.9072
vn -0.6040 -0.2679 0.7506
vn 0.6176 -0.6452 0.4498
vn -0.6268 -0.4723 0.6197
vn -0.6342 -0.7577 0.1536
vn -0.7200 0.6681 -0.1877
vn -0.7278 -0.2215 -0.6490
vn -0.5284 -0.3466 -0.7751
vn -0.5095 -0.1890 -0.8394
vn -0.5616 -0.2105 -0.8002
vn -0.1821 -0.6668 0.7226
vn 0.1930 -0.3555 0.9145
vn -0.7201 -0.1381 -0.6800
vn 0.8220 0.0975 0.5611
vn 0.7895 -0.0449 0.6121
vn 0.8025 -0.0513 0.5945
vn -0.7183 0.6703 -0.1865
vn -0.6570 0.7526 0.0432
vn -0.6675 0.6515 -0.3607
vn -0.8009 0.5847 -0.1292
vn 0.2116 0.7936 0.5704
vn 0.1627 0.8326 0.5294
vn -0.3464 -0.3267 0.8794
vn 0.0956 0.0776 0.9924
vn -0.5271 -0.3987 0.7504
vn 0.8054 -0.0204 0.5924
vn 0.8123 -0.0375 0.5820
vn 0.7787 0.0832 0.6218
vn 0.3143 0.6729 0.6697
vn -0.6968 -0.5353 0.4774
vn 0.5332 0.4999 0.6825
vn -0.6602 -0.2542 0.7068
vn -0.5063 -0.4326 0.7460
vn 0.4854 0.0864 0.8700
vn -0.5918 0.7879 -0.1701
vn -0.4831 -0.4293 0.7631
vn -0.4946 -0.4334 0.7533
vn -0.4874 -0.4245 0.7631
vn -0.4543 0.5894 0.6680
vn -0.4324 -0.5643 0.7033
vn -0.4663 -0.4373 0.7690
vn -0.4197 -0.5729 0.7041
vn -0.2574 -0.4224 -0.8691
vn 0.2217 -0.3167 -0.9222
vn -0.4312 -0.4663 0.7724
vn -0.4240 -0.5752 0.6996
vn -0.3525 -0.7916 0.4991
vn -0.6913 -0.5347 -0.4861
vn -0.7127 -0.4780 -0.5134
vn -0.2763 -0.8554 0.4382
vn -0.3969 -0.5444 0.7390
vn -0.7529 -0.5192 -0.4045
vn -0.5320 -0.5767 0.6200
vn -0.4146 -0.8189 0.3969
vn -0.8717 -0.4801 -0.0979
vn -0.8463 -0.5315 0.0365
vn -0.6505 -0.6984 0.2985
vn -0.4816 -0.4425 0.7565
vn -0.4219 -0.8483 0.3200
vn -0.1335 -0.9909 0.0148
vn -0.8650 -0.4194 -0.2754
vn -0.4746 -0.4279 0.7692
vn -0.2055 -0.9770 0.0574
vn -0.2830 0.9560 0.0769
vn -0.8731 -0.4822 -0.0723
vn -0.9903 -0.1363 -0.0286
vn -0.5043 -0.4240 0.7522
vn -0.5025 -0.4247 0.7531
vn -0.5708 -0.7809 0.2536
vn -0.6074 -0.4396 0.6617
vn -0.4920 -0.4322 0.7557
vn -0.5065 -0.4330 0.7456
vn -0.5133 -0.4257 0.7452
vn -0.5694 -0.7671 -0.2956
vn -0.7972 -0.4611 -0.3897
vn -0.5137 -0.4256 0.7450
vn -0.5872 -0.7852 0.1967
vn -0.1012 -0.4847 -0.8688
vn -0.5269 -0.5358 0.6597
vn -0.5439 -0.4911 0.6804
vn -0.5762 -0.4027 0.7112
vn -0.4961 -0.4212 0.7592
vn -0.6644 -0.4927 0.5620
vn -0.8390 -0.3546 0.4128
vn -0.1032 0.5884 0.8020
vn -0.6723 -0.4984 0.5473
vn -0.7378 -0.4972 0.4565
vn -0.5573 -0.3793 0.7386
vn 0.4316 0.5450 0.7188
vn -0.6630 -0.4058 0.6291
vn -0.4959 -0.4276 0.7558
vn -0.8581 -0.2347 0.4568
vn -0.9511 -0.2635 0.1613
vn -0.7839 -0.3078 0.5392
vn -0.5006 -0.4301 0.7512
vn -0.8824 -0.0315 0.4694
vn -0.7947 -0.4367 0.4217
vn -0.5004 -0.4316 0.7505
vn -0.8808 -0.1615 0.4450
vn -0.8721 -0.0661 0.4848
vn -0.6891 -0.2649 0.6746
vn -0.8056 -0.0281 0.5917
vn -0.7315 -0.2002 0.6518
vn -0.7308 0.2327 0.6417
vn -0.6596 -0.1894 0.7274
vn -0.5123 -0.4390 0.7381
vn -0.3853 0.8477 0.3645
vn -0.4137 0.5429 -0.7308
vn -0.0218 0.8893 0.4568
vn -0.5064 -0.3902 0.7690
vn -0.8780 -0.3437 0.3332
vn -0.5385 -0.4012 0.7410
vn -0.5992 -0.0444 0.7994
vn -0.9104 -0.2390 0.3377
vn -0.5486 -0.3771 -0.7462
vn -0.3863 0.8989 0.2069
vn -0.7312 0.6655 0.1495
vn -0.6413 0.0507 0.7656
vn -0.6895 0.7200 0.0788
vn -0.5932 0.8049 -0.0159
vn -0.9209 -0.3710 0.1198
vn -0.3546 0.9199 0.1675
vn 0.9384 0.2767 -0.2069
vn 0.1225 0.9426 0.3107
vn -0.5876 -0.3274 0.7399
vn -0.6264 -0.4137 0.6607
vn 0.0294 0.8857 0.4634
vn -0.5264 0.3251 0.7857
vn -0.0049 0.7969 0.6041
vn 0.1229 0.7526 0.6469
vn -0.2539 0.9141 0.3162
vn 0.1643 0.6822 0.7125
vn 0.4008 0.6229 0.6719
vn -0.7703 0.6252 -0.1257
vn -0.7349 -0.3460 0.5833
vn 0.0450 0.9114 0.4091
vn -0.9178 0.3969 0.0099
vn 0.0522 0.8253 0.5623
vn 0.1760 0.7707 0.6124
vn -0.4865 0.5151 -0.7057
vn -0.3855 0.0725 0.9199
vn -0.4648 -0.0446 0.8843
vn -0.5601 0.3035 0.7709
vn 0.1115 0.8792 0.4631
vn 0.4858 0.8214 0.2988
vn 0.0434 0.7755 0.6299
vn 0.0139 -0.2526 0.9675
vn 0.1841 0.7682 0.6132
vn -0.1020 0.8659 0.4896
vn 0.0729 0.7059 0.7046
vn 0.2339 0.8650 0.4439
vn 0.3163 0.8006 0.5089
vn 0.3977 0.7396 0.5430
vn -0.1751 -0.9526 -0.2486
vn 0.3789 0.6529 0.6558
vn -0.4018 -0.4955 0.7701
vn -0.4352 -0.4671 0.7697
vn -0.2066 -0.2949 0.9329
vn 0.1001 0.7148 0.6922
vn -0.8453 0.3008 -0.4415
vn 0.6169 0.4068 0.6737
vn 0.7955 -0.0717 0.6017
vn 0.5171 -0.6742 0.5272
vn 0.7180 -0.2542 0.6479
vn 0.0635 0.8732 0.4832
vn 0.4476 0.4378 -0.7797
vn 0.7187 -0.6152 -0.3241
vn 0.8019 0.0383 0.5963
vn 0.8396 0.1558 0.5204
vn 0.1348 0.8951 0.4249
vn 0.6902 0.2820 0.6664
vn 0.8003 -0.3001 0.5191
vn 0.7843 -0.0729 0.6161
vn -0.5451 -0.3724 0.7511
vn 0.3867 0.8329 -0.3958
vn 0.4984 0.8212 0.2779
vn 0.5039 0.5312 0.6812
vn -0.4529 -0.4609 0.7632
vn -0.5025 -0.4387 0.7450
vn -0.5110 -0.4325 0.7429
vn -0.4708 -0.4302 0.7703
vn 0.2622 0.7969 0.5443
vn 0.4841 0.5259 0.6993
vn 0.5789 -0.8103 -0.0910
vn 0.6609 -0.7498 0.0327
vn 0.8572 -0.3208 0.4028
vn 0.8096 0.0457 0.5852
vn 0.8009 0.0519 0.5965
vn -0.3410 -0.3608 0.8681
vn -0.4841 -0.4368 0.7582
vn -0.3847 -0.5449 0.7451
vn -0.3804 -0.5299 0.7580
vn 0.1005 -0.7034 -0.7037
vn 0.3622 0.7482 0.5558
vn 0.3907 0.6064 0.6926
vn 0.8199 0.0498 0.5704
vn 0.8093 0.0422 0.5859
vn 0.8094 0.0250 0.5868
vn 0.0028 -0.7637 -0.6455
vn -0.6670 0.1043 -0.7377
vn 0.0792 -0.2649 0.9610
vn -0.5013 -0.4359 0.7475
vn -0.2152 -0.3976 0.8920
vn 0.4660 0.6997 0.5416
vn 0.6135 0.3664 0.6995
vn 0.6409 -0.7673 -0.0234
vn 0.5523 -0.8230 -0.1330
vn 0.8887 -0.3450 0.3018
vn 0.8211 0.0226 0.5703
vn 0.8259 -0.0904 0.5564
vn 0.6122 -0.1138 0.7825
vn 0.3911 -0.4273 0.8151
vn -0.4650 -0.4460 0.7648
vn -0.4754 -0.4575 0.7515
vn 0.5633 0.5239 0.6389
vn 0.6265 0.3563 0.6932
vn 0.6883 -0.1298 0.7137
vn 0.5764 -0.1174 0.8087
vn -0.4156 -0.4887 0.7671
vn 0.4565 0.7099 0.5363
vn 0.4901 0.5145 0.7036
vn 0.6302 0.3573 0.6894
vn 0.7199 -0.6936 0.0255
vn 0.8508 -0.3605 0.3823
vn 0.8551 -0.2127 0.4727
vn -0.5691 0.8202 -0.0576
vn 0.5669 -0.0710 0.8207
vn 0.6283 -0.0828 0.7736
vn 0.5630 0.5179 0.6441
vn 0.7785 0.0834 0.6220
vn 0.8304 -0.2022 0.5193
vn 0.6471 -0.1364 0.7501
vn 0.8685 0.0989 0.4857
vn 0.1210 -0.2724 0.9546
vn -0.4706 -0.4422 0.7635
vn -0.4627 -0.5104 0.7248
vn -0.4581 -0.5146 0.7248
vn -0.4090 -0.5355 0.7389
vn 0.7051 0.4537 0.5450
vn 0.7772 -0.5974 0.1977
vn 0.5375 -0.8376 -0.0975
vn 0.7743 -0.6050 0.1858
vn 0.5763 -0.8040 -0.1463
vn -0.4885 -0.4548 0.7447
vn 0.7556 0.3425 0.5584
vn 0.6583 -0.7527 0.0003
vn 0.5477 -0.8335 -0.0728
vn 0.9338 -0.3461 0.0911
vn -0.4707 -0.4424 0.7634
vn -0.4873 -0.4551 0.7453
vn -0.3768 -0.5243 0.7636
vn 0.4159 -0.8759 -0.2445
vn 0.7925 -0.2911 0.5359
vn 0.8664 -0.0932 0.4907
vn 0.7781 -0.5994 0.1878
vn 0.6534 -0.7561 0.0367
vn 0.5341 -0.8397 -0.0982
vn 0.8454 -0.5324 -0.0441
vn 0.6982 -0.6372 0.3262
vn -0.4028 -0.5569 0.7263
vn 0.3381 -0.5330 0.7756
vn -0.9820 -0.0713 0.1748
vn 0.7379 -0.6569 -0.1553
vn 0.2259 -0.8092 0.5424
vn -0.0657 -0.7244 0.6862
vn 0.1196 -0.3705 0.9211
vn -0.6294 -0.4117 -0.6591
vn 0.6586 -0.7514 0.0407
vn 0.7476 -0.6528 -0.1226
vn -0.1156 -0.7489 0.6525
vn 0.8196 -0.2529 0.5141
vn 0.8628 0.0995 0.4957
vn 0.8444 -0.0715 0.5309
vn 0.7765 -0.6014 0.1881
vn 0.7138 -0.6911 0.1134
vn 0.8727 0.0333 0.4871
vn 0.8506 -0.1905 0.4901
vn 0.8428 -0.4396 0.3105
vn 0.8278 -0.5328 0.1754
vn 0.9104 -0.3426 0.2318
vn 0.8613 -0.4827 0.1587
vn 0.9363 0.0053 0.3512
vn 0.7935 -0.5624 0.2326
vn 0.7639 -0.6091 0.2134
vn 0.9072 -0.2950 0.3001
vn 0.8714 -0.3588 0.3346
vn -0.7482 -0.6194 -0.2378
vn -0.5945 0.7425 -0.3087
vn -0.3566 -0.6236 -0.6957
vn 0.6856 0.5941 -0.4207
vn -0.7853 0.3943 -0.4772
vn -0.9473 0.2471 -0.2039
vn -0.9466 0.3211 -0.0279
vn -0.9260 0.2818 -0.2513
vn -0.8987 0.0309 -0.4374
vn -0.9051 0.4184 0.0755
vn -0.8311 0.5216 0.1930
vn -0.9467 0.1222 -0.2979
vn -0.4722 0.6315 0.6150
vn -0.6653 0.5765 -0.4743
vn -0.0588 -0.7727 -0.6320
vn -0.1285 0.7247 0.6770
vn 0.7751 0.4916 0.3970
vn -0.3955 -0.0357 -0.9178
vn -0.1773 0.6559 0.7337
vn 0.2832 0.9160 -0.2840
vn 0.7250 -0.3800 -0.5745
vn 0.9225 -0.3536 -0.1548
vn 0.8446 -0.5116 -0.1581
vn 0.9232 -0.2925 0.2492
vn -0.8107 -0.0924 0.5781
vn 0.6725 0.1756 0.7189
vn -0.5195 0.8528 -0.0526
vn 0.8005 -0.5455 0.2484
vn -0.6704 0.7281 0.1427
vn 0.2121 -0.6916 -0.6904
vn 0.1773 -0.6354 -0.7515
vn 0.0154 -0.8665 -0.4990
vn 0.0339 -0.8984 -0.4379
vn 0.0471 -0.8597 -0.5086
vn -0.0404 -0.9667 -0.2526
vn 0.0460 -0.7722 -0.6337
vn 0.1223 -0.6942 -0.7093
vn 0.1451 -0.7638 -0.6290
vn 0.2961 -0.1122 0.9485
vn 0.1874 -0.7071 -0.6818
vn 0.0939 -0.7297 -0.6773
vn -0.2935 -0.7776 0.5560
vn 0.0943 -0.6975 -0.7104
vn 0.0531 -0.7237 -0.6881
vn 0.0615 -0.8420 -0.5360
vn -0.0615 -0.8351 -0.5467
vn 0.1016 -0.7090 -0.6978
vn -0.0290 0.6664 0.7450
vn -0.0483 -0.7581 -0.6503
vn -0.0527 -0.6812 -0.7302
vn 0.0480 -0.6685 -0.7421
vn -0.0588 -0.7557 -0.6522
vn 0.1958 -0.7030 -0.6837
vn -0.1554 0.5566 0.8161
vn -0.0741 0.6701 0.7385
vn 0.1420 -0.7597 -0.6346
vn -0.7221 0.6559 0.2201
vn -0.2396 -0.8541 0.4616
vn -0.9470 0.2976 -0.1208
vn -0.9564 0.1916 -0.2206
vn -0.0892 0.6884 0.7198
vn 0.6492 0.7068 -0.2809
vn 0.1529 -0.7343 -0.6614
vn 0.0911 -0.7383 -0.6683
vn -0.0102 -0.6727 -0.7399
vn 0.0137 -0.6784 -0.7345
vn -0.6103 0.1369 0.7802
vn -0.9544 0.2591 -0.1483
vn -0.2441 0.1266 0.9614
vn -0.1031 0.5791 0.8087
vn -0.0854 0.7011 0.7080
vn -0.8264 0.5057 -0.2477
vn 0.7135 0.3733 0.5929
vn -0.0098 -0.6469 -0.7625
vn -0.9851 0.1656 0.0466
vn -0.9669 0.2006 -0.1579
vn 0.0386 0.6956 0.7174
vn -0.0813 0.6954 0.7140
vn 0.1787 -0.7047 -0.6867
vn 0.5277 0.3982 -0.7503
vn 0.4124 -0.0639 0.9088
vn -0.4071 -0.0055 0.9134
vn -0.6885 0.6340 0.3522
vn -0.8694 0.4847 0.0963
vn -0.9625 0.1509 -0.2252
vn -0.1005 0.5622 0.8208
vn -0.0924 0.6971 0.7110
vn -0.0881 0.7237 0.6845
vn 0.5825 -0.7907 -0.1882
vn 0.7672 0.2615 0.5857
vn 0.3047 -0.8439 -0.4416
vn -0.0016 -0.7488 -0.6628
vn -0.9617 0.1324 -0.2400
vn -0.9535 0.1360 -0.2688
vn -0.0900 0.7246 0.6833
vn -0.0774 0.7017 0.7082
vn -0.1536 0.5891 0.7933
vn -0.0091 0.2958 0.9552
vn -0.3145 -0.6687 0.6738
vn -0.1844 -0.6292 -0.7551
vn -0.9450 0.1687 -0.2802
vn -0.1336 0.5685 0.8118
vn 0.4223 0.5012 0.7553
vn 0.2338 0.5433 0.8063
vn -0.3133 -0.5409 0.7806
vn 0.0954 -0.7496 -0.6550
vn -0.3276 -0.4693 0.8200
vn -0.9533 0.1562 -0.2586
vn -0.9596 0.1328 -0.2481
vn -0.9608 0.1369 -0.2413
vn -0.1788 0.6408 0.7466
vn -0.0347 0.7846 0.6190
vn -0.0397 0.7240 0.6887
vn -0.0783 0.7408 0.6672
vn 0.4236 0.5014 0.7544
vn 0.3438 -0.1173 0.9317
vn -0.5043 -0.4674 0.7261
vn -0.3446 -0.6586 0.6690
vn -0.3130 -0.8042 0.5053
vn 0.1825 -0.7598 -0.6240
vn -0.9628 0.1296 -0.2370
vn -0.4013 -0.8528 -0.3342
vn -0.3435 -0.9074 -0.2423
vn -0.8580 0.3135 -0.4070
vn -0.0600 0.7418 0.6680
vn 0.7415 0.2520 0.6218
vn 0.8935 -0.2533 0.3709
vn 0.8572 -0.3182 0.4050
vn -0.3396 -0.7335 0.5887
vn -0.9551 0.1420 -0.2600
vn -0.9551 0.1183 -0.2715
vn -0.9618 0.1084 -0.2513
vn 0.4176 0.5391 0.7314
vn 0.0818 0.6370 0.7665
vn 0.9282 -0.0623 0.3668
vn 0.8140 0.1474 0.5618
vn 0.7832 0.0995 0.6138
vn -0.9525 0.1605 -0.2590
vn -0.9685 0.1368 -0.2082
vn 0.4740 0.4773 0.7400
vn -0.2223 -0.7849 0.5784
vn -0.9839 0.1256 -0.1272
vn -0.9649 0.0865 -0.2481
vn 0.9409 -0.1514 0.3030
vn -0.2584 -0.6934 0.6726
vn -0.3525 -0.6624 0.6611
vn -0.2134 -0.3860 0.8975
vn -0.6596 -0.4551 0.5981
vn -0.5910 0.6843 0.4271
vn -0.5481 0.4672 0.6937
vn -0.9595 0.1489 -0.2391
vn -0.9377 0.2649 -0.2246
vn 0.7937 -0.0609 0.6053
vn 0.8958 -0.2921 0.3349
vn -0.3127 -0.6119 0.7265
vn -0.3351 -0.7729 0.5389
vn -0.5513 0.6232 0.5547
vn -0.9616 0.1465 -0.2322
vn -0.9353 -0.0544 -0.3497
vn -0.6440 -0.3713 -0.6688
vn -0.8062 -0.3564 -0.4723
vn -0.9556 0.1290 0.2648
vn -0.9188 -0.0081 -0.3947
vn -0.1661 -0.6289 -0.7595
vn -0.3608 -0.5644 0.7424
vn -0.3624 -0.5495 -0.7528
vn -0.5084 -0.4103 0.7571
vn 0.0212 -0.3215 0.9467
vn -0.6310 -0.5776 0.5178
vn -0.3761 -0.4940 0.7839
vn -0.3563 -0.4312 0.8289
vn 0.7311 0.4121 0.5437
vn -0.5279 -0.4339 0.7301
vn -0.6134 -0.6458 0.4547
vn -0.6921 -0.3121 -0.6508
vn -0.6383 -0.3419 -0.6897
vn -0.1483 -0.7986 -0.5832
vn 0.6497 0.3624 0.6682
vn 0.6667 0.1913 0.7203
vn 0.1746 0.6662 0.7251
vn 0.2448 0.8530 0.4610
vn 0.1848 0.5951 0.7821
vn 0.3803 0.4604 0.8021
vn 0.4296 0.3767 0.8207
vn 0.8330 -0.1363 0.5362
vn 0.9019 -0.2768 0.3316
vn 0.9505 -0.1717 0.2592
vn -0.2158 -0.4295 0.8769
vn 0.2472 -0.3123 0.9173
vn 0.0127 0.0728 0.9973
vn -0.1189 -0.6309 -0.7667
vn -0.1358 -0.6389 -0.7572
vn -0.3413 -0.7634 -0.5484
vn 0.8954 -0.1422 0.4220
vn 0.7730 0.1201 0.6230
vn 0.6034 0.1909 -0.7742
vn 0.9230 -0.2265 0.3112
vn -0.4239 -0.7385 0.5244
vn -0.1457 -0.9552 -0.2577
vn -0.6830 -0.7177 -0.1357
vn 0.0503 -0.9390 0.3403
vn -0.2657 -0.9457 0.1870
vn 0.0336 -0.6736 -0.7383
vn -0.0221 -0.7815 -0.6235
vn 0.0905 -0.7738 -0.6269
vn -0.0354 -0.8455 -0.5328
vn -0.5514 -0.7075 0.4420
vn -0.3582 -0.9005 0.2465
vn 0.2277 -0.9643 0.1353
vn 0.3727 0.6610 -0.6513
vn -0.5586 -0.4286 -0.7101
vn 0.9490 -0.1739 0.2631
vn 0.8977 -0.2556 0.3589
vn 0.7793 -0.5530 0.2948
vn 0.8291 -0.5537 0.0772
vn 0.9504 -0.1721 0.2591
vn 0.9499 -0.1209 0.2881
vn 0.9220 -0.1986 0.3323
vn 0.9051 -0.2104 0.3694
vn 0.9397 -0.1712 0.2960
vn 0.8879 -0.2870 0.3594
vn 0.5392 -0.3777 0.7527
vn -0.2805 -0.9594 0.0303
vn -0.0867 -0.9908 0.1035
vn 0.9809 -0.1567 -0.1149
vn 0.0647 -0.7785 -0.6243
vn 0.0373 -0.9964 -0.0757
vn 0.3725 0.5215 0.7677
vn -0.6676 -0.4915 -0.5593
vn 0.6480 0.3657 0.6681
vn 0.9289 -0.0707 0.3635
vn 0.8575 -0.3373 0.3885
vn 0.6596 -0.7512 0.0265
vn 0.9333 -0.2005 0.2980
vn 0.3503 -0.7426 0.5709
vn -0.0794 -0.9744 -0.2104
vn -0.6856 0.0365 0.7271
vn 0.0717 -0.7638 -0.6415
vn 0.0759 -0.7372 -0.6714
vn 0.1026 -0.7124 -0.6942
vn 0.0883 -0.6674 -0.7394
vn 0.0438 -0.9824 -0.1816
vn 0.9844 -0.1303 -0.1180
vn 0.4579 0.5185 0.7221
vn 0.8428 0.2786 0.4605
vn 0.9124 0.0669 0.4037
vn 0.9510 -0.1565 0.2668
vn 0.9296 -0.1993 0.3101
vn 0.8937 -0.4155 0.1693
vn 0.0684 -0.7296 -0.6804
vn -0.0072 -0.7371 -0.6757
vn 0.0864 -0.6898 -0.7188
vn 0.0145 -0.8435 -0.5369
vn 0.3826 0.8083 0.4475
vn -0.5369 -0.1842 -0.8233
vn 0.8958 0.3312 0.2964
vn 0.8966 0.0425 0.4408
vn 0.9458 -0.1692 0.2772
vn 0.9338 -0.2116 0.2885
vn 0.9623 -0.1736 0.2092
vn 0.9075 -0.4123 0.0806
vn 0.5485 -0.7005 -0.4566
vn 0.5127 -0.6750 -0.5306
vn -0.7587 0.4005 0.5138
vn 0.1055 -0.7017 -0.7047
vn 0.0853 -0.8512 -0.5178
vn -0.6861 -0.3896 -0.6144
vn -0.2552 0.8207 0.5112
vn -0.6555 -0.3859 -0.6492
vn 0.9541 0.0112 0.2992
vn 0.2869 -0.8538 -0.4344
vn 0.9398 -0.0960 0.3280
vn 0.9498 -0.2153 0.2269
vn 0.2373 -0.6089 -0.7569
vn 0.3474 0.9341 0.0824
vn -0.7209 -0.5324 -0.4437
vn 0.6298 0.3929 0.6700
vn 0.4938 0.4285 -0.7567
vn 0.5270 -0.7299 -0.4352
vn 0.3305 -0.8458 -0.4188
vn 0.6770 -0.6044 -0.4200
vn 0.9591 -0.2296 0.1655
vn 0.8408 -0.5322 -0.0990
vn 0.8874 0.3494 0.3007
vn 0.9492 -0.1574 0.2726
vn 0.5210 -0.6771 -0.5197
vn 0.3109 -0.6912 -0.6523
vn 0.8799 -0.4752 -0.0026
vn 0.0388 -0.8255 -0.5630
vn 0.0012 0.5871 0.8095
vn 0.6181 0.4192 0.6650
vn 0.6383 0.2307 0.7344
vn 0.6166 0.2622 0.7423
vn 0.6760 0.2801 0.6816
vn 0.6321 0.3678 0.6821
vn 0.7453 0.2178 0.6302
vn 0.6720 0.4538 0.5852
vn -0.2408 -0.8663 0.4376
vn 0.9517 -0.1664 0.2579
vn 0.9528 -0.1795 0.2449
vn 0.7333 -0.5426 -0.4097
vn 0.1884 -0.7073 -0.6813
vn 0.0504 -0.8438 -0.5342
vn 0.9433 -0.3320 -0.0072
vn 0.8793 -0.3056 0.3652
vn 0.0744 -0.7116 -0.6986
vn 0.0592 -0.6834 -0.7276
vn -0.2939 0.7421 0.6024
vn 0.7461 -0.2582 0.6138
vn 0.7543 0.0763 0.6521
vn 0.3846 0.6315 0.6733
vn 0.6873 0.3628 0.6293
vn 0.6036 0.4746 0.6407
vn 0.6718 0.4508 0.5878
vn 0.2112 -0.7827 0.5854
vn 0.8544 0.0917 0.5114
vn 0.9495 -0.1648 0.2669
vn 0.9246 -0.3800 -0.0261
vn 0.0369 -0.8318 -0.5539
vn 0.0882 -0.7140 -0.6945
vn 0.0289 -0.7858 -0.6178
vn 0.6298 -0.2584 0.7325
vn -0.0923 0.7297 0.6775
vn 0.5956 -0.7221 0.3519
vn 0.1362 0.5514 0.8231
vn 0.5869 0.4852 0.6482
vn 0.5123 0.2626 0.8177
vn 0.2717 0.5165 0.8120
vn 0.9385 -0.3444 -0.0226
vn 0.0789 -0.6900 -0.7195
vn 0.0632 -0.7044 -0.7070
vn 0.8355 -0.4995 -0.2288
vn 0.3673 -0.6862 -0.6279
vn -0.0829 0.7055 0.7038
vn -0.0931 0.7108 0.6973
vn 0.6616 -0.4895 0.5680
vn 0.6418 -0.5079 0.5746
vn 0.7296 0.3575 0.5830
vn 0.6735 0.1902 0.7143
vn -0.9184 -0.3838 0.0963
vn 0.9307 -0.3027 -0.2055
vn 0.2504 -0.6503 -0.7172
vn 0.0251 -0.8019 -0.5970
vn 0.0193 -0.8061 -0.5915
vn -0.0692 0.7061 0.7047
vn -0.0564 0.7028 0.7092
vn 0.6634 -0.4795 0.5745
vn 0.9490 -0.1692 0.2661
vn 0.8128 0.1958 0.5486
vn 0.9464 -0.1382 0.2919
vn 0.9607 -0.1885 0.2037
vn 0.9677 -0.2363 -0.0874
vn -0.8046 -0.5835 -0.1103
vn 0.1238 -0.6687 -0.7332
vn 0.0835 -0.7009 -0.7083
vn 0.9505 -0.1627 0.2647
vn 0.9516 -0.1598 0.2627
vn 0.1066 -0.6935 -0.7125
vn 0.6576 -0.4976 0.5656
vn 0.9650 -0.1848 0.1859
vn 0.0116 0.6143 0.7890
vn 0.8090 -0.5444 0.2216
vn 0.0156 -0.8064 -0.5912
vn -0.6790 -0.6043 -0.4169
vn 0.0378 0.7186 0.6944
vn 0.0548 0.7263 0.6852
vn 0.7042 -0.6970 -0.1353
vn 0.1127 -0.5963 -0.7948
vn 0.1388 -0.5595 -0.8171
vn -0.5311 -0.0118 -0.8473
vn -0.9691 0.2468 -0.0031
vn -0.7427 -0.4191 -0.5223
vn -0.2964 0.6342 0.7141
vn -0.1663 0.6447 0.7461
vn 0.7730 -0.5998 -0.2067
vn 0.7066 -0.7050 0.0607
vn 0.9600 -0.2653 0.0896
vn 0.9296 -0.1990 0.3101
vn 0.9541 -0.1648 0.2500
vn 0.9505 -0.1636 0.2642
vn 0.0762 -0.7198 -0.6900
vn -0.9317 -0.1524 -0.3296
vn -0.3666 -0.8452 -0.3888
vn -0.6813 0.7284 0.0731
vn -0.9272 0.3743 0.0172
vn -0.8170 0.5119 0.2654
vn -0.5014 0.6726 0.5442
vn -0.4148 0.7157 0.5619
vn -0.1059 0.7304 0.6747
vn -0.0557 0.6479 0.7597
vn 0.7734 -0.6072 -0.1821
vn 0.7213 -0.6271 -0.2942
vn 0.7574 -0.5269 -0.3856
vn 0.9510 -0.1606 0.2641
vn 0.9448 -0.2647 0.1928
vn 0.0781 -0.6982 -0.7116
vn -0.0016 -0.7992 -0.6011
vn -0.6218 -0.6416 -0.4492
vn -0.6962 -0.7137 -0.0777
vn -0.9166 0.3923 -0.0771
vn -0.6855 0.6172 0.3861
vn -0.4313 -0.0612 -0.9001
vn 0.7378 -0.6311 -0.2394
vn 0.8533 -0.5133 -0.0911
vn 0.8820 -0.4688 -0.0474
vn 0.9602 -0.2788 -0.0186
vn -0.5370 -0.1746 -0.8253
vn 0.0762 -0.6987 -0.7114
vn -0.5952 -0.6795 -0.4291
vn -0.5533 -0.6004 -0.5774
vn -0.9342 -0.1017 -0.3419
vn -0.9097 -0.2800 -0.3065
vn 0.3630 0.7918 0.4912
vn 0.8060 0.1276 0.5780
vn -0.8885 -0.0400 -0.4572
vn -0.6118 0.0872 -0.7862
vn -0.8835 0.4683 0.0103
vn -0.2344 0.6215 0.7475
vn -0.2566 0.7422 0.6192
vn -0.2981 0.7640 0.5723
vn -0.1992 0.7133 0.6719
vn -0.1961 0.7049 0.6817
vn 0.2835 0.5645 0.7752
vn 0.6125 -0.6848 -0.3948
vn 0.8361 -0.3957 -0.3799
vn -0.2206 -0.6389 -0.7370
vn -0.8470 -0.4249 -0.3195
vn -0.7105 -0.3515 -0.6097
vn -0.9862 0.1401 -0.0878
vn -0.9021 0.1724 -0.3957
vn -0.5053 -0.3904 -0.7696
vn -0.8311 0.5325 0.1604
vn -0.8633 0.4486 0.2312
vn -0.4064 0.6770 0.6136
vn -0.4103 0.6794 0.6084
vn -0.1973 0.6911 0.6953
vn 0.2517 0.5655 0.7854
vn 0.4048 0.5530 0.7282
vn -0.8979 0.4031 -0.1769
vn -0.6704 0.7351 0.1010
vn 0.4817 -0.6676 -0.5677
vn 0.7320 -0.6055 -0.3122
vn 0.3897 -0.7276 -0.5645
vn 0.8712 -0.4773 -0.1149
vn 0.7861 -0.5288 -0.3202
vn 0.5967 -0.6083 -0.5233
vn 0.4319 -0.6292 -0.6462
vn 0.0884 -0.4125 -0.9066
vn -0.2070 -0.6144 -0.7614
vn -0.9332 -0.1063 -0.3433
vn -0.8399 0.2736 -0.4688
vn -0.9553 0.0801 -0.2845
vn -0.6877 -0.2768 -0.6712
vn -0.8092 -0.1432 -0.5698
vn -0.8815 0.4656 -0.0782
vn -0.9082 0.4181 0.0181
vn -0.6733 0.6463 0.3590
vn -0.8708 0.4150 -0.2637
vn -0.7748 -0.6254 -0.0923
vn 0.8673 -0.4875 -0.1008
vn 0.6800 -0.6448 -0.3491
vn 0.7822 -0.5220 -0.3402
vn 0.3553 -0.6569 -0.6650
vn -0.1241 -0.6324 -0.7646
vn -0.2331 -0.5530 0.7999
vn -0.0083 -0.7622 0.6473
vn 0.0883 -0.4114 -0.9072
vn -0.0703 -0.6473 -0.7590
vn 0.0282 -0.6787 -0.7339
vn -0.7307 -0.2855 -0.6202
vn 0.0248 -0.8261 0.5630
vn -0.9838 0.0067 -0.1794
vn -0.9897 0.1221 -0.0750
vn -0.8994 0.0342 -0.4358
vn -0.9032 0.4287 -0.0218
vn -0.6465 0.6620 0.3791
vn -0.0197 0.2149 -0.9764
vn -0.7101 0.6284 0.3176
vn -0.7153 -0.6929 0.0908
vn 0.0330 -0.7406 -0.6712
vn -0.0786 -0.6028 -0.7940
vn -0.0674 -0.7111 -0.6999
vn 0.7168 -0.6314 -0.2958
vn 0.4064 -0.6332 -0.6588
vn -0.3926 -0.4982 -0.7730
vn -0.6748 -0.2828 -0.6817
vn -0.8990 0.0329 -0.4368
vn -0.0160 -0.7944 -0.6072
vn -0.1995 -0.8225 0.5327
vn -0.0668 -0.7463 0.6622
vn -0.1817 -0.4125 -0.8927
vn 0.3167 -0.1997 0.9273
vn 0.2418 0.5926 -0.7684
vn -0.4446 0.8951 0.0334
vn 0.0581 -0.7444 -0.6652
vn -0.0906 -0.5911 -0.8015
vn -0.3810 -0.5468 -0.7455
vn -0.0657 -0.8011 -0.5949
vn 0.8806 -0.4678 -0.0750
vn 0.4187 -0.7315 -0.5381
vn 0.0752 -0.7204 -0.6894
vn 0.1119 -0.5503 -0.8274
vn -0.7411 0.6557 0.1440
vn -0.0862 -0.3637 -0.9275
vn -0.1439 -0.5159 -0.8445
vn -0.6448 -0.1288 -0.7534
vn -0.6978 0.0114 -0.7162
vn -0.8364 0.5403 -0.0918
vn -0.8674 0.3796 -0.3217
vn -0.7157 -0.2340 -0.6580
vn 0.3541 0.9352 0.0007
vn -0.5950 0.5909 -0.5448
vn -0.8048 0.5905 -0.0608
vn -0.9443 0.2853 0.1642
vn 0.2148 0.6288 0.7473
vn 0.4111 0.9116 -0.0002
vn 0.5622 0.4835 -0.6710
vn -0.1113 -0.6132 -0.7820
vn 0.2663 -0.6607 -0.7019
vn 0.1865 -0.7802 -0.5971
vn 0.3769 -0.6873 -0.6209
vn 0.2510 -0.8466 -0.4694
vn 0.4283 -0.6829 -0.5918
vn 0.4091 -0.7339 -0.5423
vn -0.3370 -0.7537 -0.5642
vn -0.0271 -0.5736 -0.8187
vn -0.6267 -0.3216 -0.7098
vn -0.9017 0.0345 -0.4309
vn -0.8361 0.5415 -0.0881
vn -0.9599 0.1351 -0.2458
vn -0.6515 0.6949 -0.3044
vn -0.1546 0.8758 0.4573
vn -0.8845 0.4164 0.2105
vn -0.8773 0.3696 0.3062
vn -0.6294 -0.6941 0.3495
vn 0.2691 0.8520 0.4491
vn 0.2405 -0.7466 -0.6203
vn 0.5926 -0.6689 -0.4487
vn -0.3769 -0.5463 -0.7480
vn -0.3633 -0.5824 -0.7272
vn 0.1542 -0.5827 -0.7979
vn -0.7990 0.0589 -0.5985
vn -0.8988 -0.0491 -0.4356
vn -0.7426 -0.2464 -0.6228
vn -0.7810 -0.1441 -0.6076
vn 0.0940 0.7514 0.6531
vn -0.7559 0.6430 0.1229
vn -0.4239 0.8792 0.2174
vn -0.6791 -0.0848 -0.7291
vn -0.7301 0.4909 0.4755
vn -0.7478 0.6103 -0.2612
vn 0.0849 0.5431 0.8354
vn -0.1778 0.7530 0.6336
vn -0.1721 0.6402 0.7487
vn -0.7272 0.6066 0.3212
vn -0.9486 0.1921 -0.2514
vn -0.9520 0.2160 -0.2168
vn -0.9703 0.1959 -0.1423
vn -0.7511 0.4865 0.4462
vn -0.3232 -0.4029 -0.8563
vn 0.1762 -0.6979 -0.6942
vn 0.1778 -0.6990 -0.6927
vn 0.0604 -0.6770 -0.7335
vn -0.1061 -0.6001 -0.7929
vn 0.4295 -0.7074 -0.5614
vn -0.0299 -0.7252 -0.6879
vn -0.1234 -0.6615 -0.7397
vn -0.7280 -0.2472 -0.6395
vn -0.4509 -0.0028 -0.8926
vn -0.2131 0.9769 0.0163
vn -0.8357 0.5164 0.1867
vn -0.9230 0.2094 0.3229
vn -0.9499 0.2342 -0.2069
vn -0.9102 0.1172 -0.3974
vn -0.2029 -0.2351 -0.9505
vn -0.5891 0.7947 0.1465
vn -0.0726 0.2566 -0.9638
vn -0.8731 0.4242 -0.2402
vn -0.6666 0.6518 -0.3615
vn -0.6615 -0.7110 0.2386
vn -0.6795 0.6109 0.4062
vn 0.0752 0.8635 0.4987
vn -0.8082 0.5886 -0.0201
vn -0.8949 0.1909 -0.4034
vn -0.6354 0.7048 0.3154
vn -0.7371 0.6000 0.3110
vn -0.8476 0.5132 0.1346
vn -0.7102 0.6203 0.3328
vn -0.9261 0.3769 -0.0194
vn -0.9540 0.1983 -0.2249
vn -0.8520 -0.0513 -0.5210
vn -0.8756 -0.0511 -0.4803
vn -0.9842 0.0093 -0.1768
vn -0.7926 -0.1382 -0.5938
vn -0.4067 -0.5393 -0.7374
vn 0.5679 -0.6900 -0.4489
vn 0.0716 -0.5389 -0.8394
vn -0.8056 0.1925 -0.5603
vn -0.7701 0.1611 -0.6172
vn 0.5069 0.4337 -0.7450
vn -0.8177 0.5732 -0.0524
vn -0.9164 0.0357 -0.3987
vn -0.8973 -0.0338 -0.4401
vn 0.2917 0.3407 -0.8938
vn -0.3695 0.0625 -0.9271
vn -0.7535 0.5764 -0.3161
vn -0.6881 0.4787 -0.5453
vn -0.4916 0.8607 -0.1326
vn -0.8321 0.5400 -0.1262
vn -0.7898 -0.2690 -0.5512
vn -0.9196 0.0166 -0.3926
vn -0.9102 0.4052 -0.0862
vn -0.7876 -0.1541 -0.5965
vn -0.5485 -0.4072 -0.7303
vn 0.3628 -0.9282 0.0824
vn -0.1897 -0.4621 -0.8663
vn -0.8138 0.5704 -0.1114
vn 0.5884 0.7116 -0.3840
vn -0.2791 0.5124 0.8121
vn -0.8477 0.2462 -0.4699
vn -0.9213 0.1947 -0.3365
vn -0.8926 0.2672 -0.3631
vn -0.8600 0.3956 -0.3223
vn -0.9860 -0.0550 -0.1574
vn -0.9357 0.2957 -0.1926
vn -0.9011 0.0301 -0.4325
vn -0.9407 0.3320 -0.0690
vn -0.8614 0.0445 -0.5059
vn 0.1843 -0.6780 -0.7116
vn 0.0541 -0.8703 -0.4896
vn 0.1772 -0.6742 -0.7170
vn -0.3988 -0.5416 -0.7400
vn 0.2982 -0.7677 -0.5672
vn 0.1926 -0.5587 -0.8067
vn -0.9238 0.1763 -0.3398
vn -0.7293 0.4540 -0.5119
vn -0.6645 0.3919 -0.6362
vn -0.9133 0.3956 -0.0971
vn -0.9184 0.3956 -0.0074
vn 0.3669 -0.3720 -0.8526
vn 0.5750 -0.6731 -0.4652
vn 0.0515 -0.5834 -0.8105
vn 0.1898 -0.6676 -0.7199
vn 0.0150 -0.7212 -0.6925
vn -0.1804 -0.3648 -0.9135
vn -0.7532 0.4623 -0.4679
vn -0.8782 0.4526 -0.1543
vn -0.4702 0.6877 -0.5531
vn -0.4395 0.6732 -0.5947
vn -0.5071 0.4274 -0.7485
vn -0.5922 0.3038 -0.7463
vn -0.8522 0.5024 0.1460
vn -0.9368 0.0980 -0.3358
vn -0.8550 -0.2241 -0.4677
vn -0.9618 0.2343 -0.1417
vn -0.7269 -0.3044 -0.6156
vn 0.3336 -0.6395 -0.6926
vn 0.2520 -0.5351 -0.8063
vn -0.0156 -0.8720 -0.4892
vn -0.3793 -0.3156 -0.8698
vn -0.7575 0.3966 -0.5185
vn -0.6287 -0.7772 0.0278
vn -0.7252 0.1761 -0.6656
vn -0.0522 0.8206 0.5692
vn -0.9255 0.3768 -0.0377
vn -0.9343 0.1064 -0.3402
vn -0.8226 0.5310 0.2032
vn -0.4834 -0.4839 -0.7295
vn -0.1809 -0.5538 -0.8128
vn -0.7967 -0.1891 -0.5741
vn -0.8233 0.5303 0.2026
vn -0.9223 0.0088 -0.3863
vn -0.2897 -0.6064 -0.7405
vn -0.0403 -0.6951 -0.7178
vn -0.7332 -0.0500 -0.6782
vn -0.4021 -0.5122 -0.7589
vn -0.6840 -0.2420 -0.6882
vn -0.9566 0.2316 -0.1769
vn -0.4474 0.5799 -0.6808
vn -0.7092 0.6611 -0.2450
vn -0.9565 0.2247 -0.1859
vn -0.6098 0.0263 -0.7921
vn -0.7626 0.1151 -0.6366
vn -0.7670 0.4021 -0.4999
vn -0.7728 0.4321 -0.4648
vn -0.5918 0.5456 -0.5934
vn -0.7934 0.3915 -0.4661
vn -0.7888 -0.1938 -0.5833
vn -0.9510 0.2736 -0.1443
vn -0.7918 0.3659 -0.4891
vn -0.8149 0.4256 -0.3935
vn -0.8406 0.3735 -0.3922
vn -0.7961 0.1925 -0.5738
vn -0.8986 0.4330 0.0715
vn -0.7316 0.3324 -0.5953
vn -0.9266 0.2100 -0.3118
vn -0.9264 0.3138 -0.2081
vn -0.5542 0.5864 -0.5908
vn 0.4503 0.8907 -0.0631
vn -0.7916 0.3569 -0.4961
vn -0.8058 0.3498 -0.4779
vn -0.7903 0.5360 -0.2970
vn -0.5512 0.2321 0.8014
vn -0.4673 0.5382 0.7014
vn 0.1925 -0.0279 0.9809
vn 0.0481 0.1852 0.9815
vn 0.0403 0.1618 0.9860
vn -0.0961 -0.5861 0.8045
vn -0.6228 -0.7674 0.1522
vn 0.2386 -0.0892 0.9670
vn 0.4531 -0.0121 0.8914
vn 0.6135 -0.2453 0.7506
vn 0.5510 -0.4440 0.7066
vn -0.2074 -0.5854 0.7838
vn -0.5600 -0.4267 -0.7102
vn -0.5046 -0.1351 0.8527
vn -0.3690 0.4643 0.8051
vn -0.4967 -0.6611 0.5623
vn -0.1837 -0.6775 -0.7123
vn 0.3154 -0.6688 -0.6733
vn 0.9582 0.2151 -0.1885
vn 0.9245 0.2056 -0.3209
vn 0.7605 -0.4435 0.4743
vn 0.9047 -0.3983 -0.1510
vn 0.9687 -0.2473 0.0222
vn 0.9416 -0.0423 0.3342
vn -0.6450 -0.4880 0.5880
vn -0.5416 0.0683 0.8378
vn -0.5318 -0.5929 0.6047
vn -0.5030 -0.8100 0.3015
vn 0.4072 0.0531 -0.9118
vn -0.0373 0.9832 -0.1788
vn -0.7440 -0.0882 -0.6623
vn -0.7439 -0.1810 -0.6433
vn -0.5125 0.5631 0.6482
vn 0.6838 -0.6494 0.3327
vn 0.7953 -0.5991 0.0929
vn 0.6827 -0.7151 0.1499
vn 0.6108 -0.7906 0.0419
vn 0.5743 -0.7733 0.2685
vn 0.2166 -0.8486 0.4826
vn 0.3547 -0.8748 0.3300
vn 0.6011 -0.7877 0.1351
vn 0.8436 -0.5325 0.0688
vn 0.8131 -0.5821 -0.0003
vn -0.6513 -0.0058 0.7588
vn -0.4839 -0.1737 0.8577
vn 0.0285 -0.9983 0.0516
vn -0.2870 -0.9005 0.3267
vn -0.3654 -0.4518 0.8139
vn -0.2840 -0.4487 0.8474
vn 0.0675 0.4676 -0.8813
vn -0.9036 0.3419 -0.2583
vn -0.8135 0.5069 -0.2852
vn -0.9771 0.2030 0.0636
vn -0.6867 -0.3604 -0.6313
vn -0.1473 -0.9001 -0.4100
vn -0.6579 -0.1014 -0.7463
vn -0.8295 0.2589 -0.4949
vn -0.6964 0.0670 -0.7145
vn -0.9690 -0.2188 -0.1148
vn 0.3944 -0.4896 -0.7777
vn 0.4926 -0.7914 -0.3619
vn -0.3488 0.8460 0.4033
vn -0.5510 0.8083 0.2074
vn -0.8695 0.3354 -0.3626
vn -0.8343 0.5083 -0.2137
vn -0.7979 0.6027 -0.0110
vn 0.9997 0.0036 0.0230
vn -0.8812 0.3571 -0.3099
vn -0.9835 0.0047 0.1808
vn -0.2704 0.8443 0.4626
vn -0.6010 0.2032 0.7730
vn -0.1323 0.9792 -0.1540
vn -0.4147 0.8215 0.3914
vn -0.0870 0.8503 0.5191
vn -0.1424 0.8492 0.5086
vn 0.0474 0.7732 0.6324
vn -0.7067 0.1871 0.6823
vn -0.6957 0.1275 0.7069
vn -0.7059 0.1113 0.6995
vn -0.7160 -0.0646 0.6951
vn -0.4950 -0.4622 0.7357
vn -0.4776 -0.4558 0.7511
vn 0.4910 0.5659 0.6624
vn 0.0675 0.7924 0.6062
vn 0.8589 -0.3042 0.4120
vn -0.1912 0.7935 0.5778
vn -0.3104 0.8641 0.3962
vn -0.3113 0.8608 0.4026
vn -0.3448 0.8957 0.2808
vn -0.2164 0.4998 0.8387
vn -0.1013 0.6440 0.7583
vn -0.1086 0.6443 0.7570
vn 0.0393 0.8072 0.5890
vn 0.3838 0.7416 0.5502
vn 0.4935 0.6221 0.6079
vn -0.9692 -0.1214 0.2141
vn -0.0919 -0.5686 0.8175
vn -0.6803 -0.7116 0.1758
vn -0.5795 -0.4771 0.6607
vn -0.0289 -0.3049 0.9520
vn -0.5514 -0.1083 -0.8272
vn -0.9462 -0.2141 -0.2426
vn -0.7193 -0.5708 0.3959
vn -0.4612 -0.7319 0.5016
vn -0.5152 -0.7791 -0.3572
vn 0.1973 -0.9755 -0.0970
vn -0.2260 -0.9382 0.2622
vn 0.0769 -0.9480 0.3089
vn -0.0959 -0.8812 0.4629
vn -0.0460 -0.8970 0.4396
vn -0.2587 -0.7596 0.5967
vn -0.4471 -0.7262 0.5222
vn 0.6296 -0.6781 -0.3791
vn 0.5182 -0.8226 -0.2342
vn 0.4109 -0.9087 -0.0733
vn -0.2926 -0.9387 0.1826
vn -0.4774 -0.4426 0.7591
vn -0.2786 -0.9014 0.3314
vn 0.0276 -0.6657 0.7457
vn 0.1628 -0.5570 0.8144
vn 0.4376 -0.5270 0.7286
vn 0.5553 -0.8311 0.0313
vn 0.5468 -0.8369 0.0260
vn 0.5556 -0.8303 0.0445
vn 0.7544 -0.6079 0.2475
vn 0.4531 -0.4672 0.7592
vn 0.1687 -0.1835 0.9684
vn 0.4048 -0.1378 0.9040
vn 0.8319 0.0475 0.5529
vn 0.8590 0.0285 0.5112
vn 0.8960 0.1599 0.4142
vn 0.8318 0.0301 0.5543
vn 0.8198 0.1113 0.5617
vn 0.8193 0.1228 0.5600
vn 0.8114 0.1077 0.5745
vn 0.8165 0.1014 0.5684
vn 0.7689 -0.0233 0.6390
vn 0.7123 0.0957 0.6953
vn 0.9963 -0.0813 -0.0275
vn 0.7770 0.1674 0.6068
vn 0.3389 -0.0192 0.9406
vn 0.0968 -0.1450 0.9847
vn -0.0420 0.0229 0.9989
vn 0.0035 0.0324 0.9995
vn 0.4547 -0.0613 0.8885
vn 0.8862 -0.0196 0.4628
vn 0.1205 -0.0741 0.9899
vn -0.5956 0.0590 0.8011
vn 0.7916 0.1160 0.6000
vn 0.2268 -0.3365 0.9140
vn 0.3755 -0.0786 0.9235
vn -0.0725 -0.0584 0.9957
vn 0.4513 -0.1936 0.8711
vn -0.1563 -0.3088 0.9382
vn -0.2176 -0.2872 0.9328
vn 0.5333 0.3972 0.7469
vn -0.3060 0.8876 0.3442
vn -0.4188 0.8387 0.3481
vn 0.6895 0.1369 0.7113
vn 0.5900 -0.1566 0.7921
vn -0.1195 -0.0825 0.9894
vn -0.0809 0.0812 0.9934
vn -0.4140 -0.2614 0.8719
vn -0.5165 -0.1345 0.8456
vn 0.7247 0.1866 0.6633
vn -0.3532 0.7071 0.6126
vn 0.4705 -0.1922 0.8612
vn -0.1460 0.6978 0.7013
vn -0.3964 0.7140 0.5771
vn -0.8549 -0.2113 -0.4739
vn 0.7769 0.1504 0.6114
vn -0.4510 -0.1765 0.8749
vn -0.3666 -0.0876 0.9263
vn -0.2871 0.8346 0.4702
vn 0.8609 -0.2183 0.4596
vn 0.8431 -0.0715 0.5330
vn 0.8244 0.0081 0.5660
vn 0.8210 0.0145 0.5707
vn -0.2250 0.1191 0.9671
vn -0.5508 0.4579 0.6978
vn -0.4754 -0.8793 -0.0283
vn -0.4863 0.6941 0.5308
vn 0.7886 0.2005 0.5813
vn 0.7632 0.1723 0.6227
vn 0.7471 0.2454 0.6177
vn -0.2014 0.1777 0.9632
vn 0.2470 0.5803 0.7760
vn -0.2284 0.6390 0.7345
vn -0.4973 0.6945 0.5200
vn 0.8133 0.1421 0.5643
vn 0.8528 -0.3614 0.3771
vn 0.8531 -0.3644 0.3734
vn 0.8421 -0.0717 0.5345
vn 0.8753 0.2826 0.3924
vn 0.2480 -0.0938 0.9642
vn 0.6510 -0.6587 0.3772
vn 0.8420 -0.0743 0.5344
vn 0.6970 0.2978 0.6523
vn 0.4886 0.5620 0.6675
vn -0.4509 0.1544 0.8791
vn -0.2494 0.4258 0.8697
vn 0.2039 0.6387 0.7419
vn 0.4726 0.2216 0.8530
vn 0.3977 -0.4380 0.8062
vn 0.6652 -0.6057 0.4366
vn 0.5919 -0.1163 0.7976
vn 0.3852 -0.0394 0.9220
vn 0.4998 0.0964 0.8607
vn 0.6677 -0.0821 0.7399
vn 0.4307 0.5432 0.7207
vn 0.8595 -0.3551 0.3677
vn 0.8399 -0.4054 0.3608
vn 0.7894 -0.5279 0.3133
vn 0.8801 -0.1292 0.4570
vn 0.8594 -0.2096 0.4663
vn 0.8613 -0.2932 0.4150
vn 0.5095 -0.1644 0.8446
vn 0.7126 0.2899 0.6389
vn 0.6463 0.3697 0.6675
vn 0.8571 -0.2101 0.4705
vn 0.4728 -0.2150 0.8546
vn -0.2163 -0.3853 0.8971
vn 0.6403 0.3927 0.6601
vn 0.4312 0.5952 0.6781
vn 0.4248 0.5970 0.6806
vn -0.6333 -0.7183 0.2879
vn 0.0127 0.8062 0.5916
vn 0.8244 -0.4621 0.3270
vn 0.8712 -0.0346 0.4897
vn 0.8644 -0.2495 0.4366
vn 0.8598 -0.2890 0.4210
vn 0.8525 -0.2275 0.4705
vn 0.8047 -0.2626 0.5325
vn 0.5533 -0.2951 0.7790
vn 0.2015 -0.0236 0.9792
vn 0.4575 0.6282 0.6293
vn 0.9287 0.2159 -0.3015
vn 0.8418 -0.2748 0.4645
vn 0.6533 -0.2518 0.7140
vn 0.5079 -0.3397 0.7916
vn -0.1792 -0.4641 0.8675
vn -0.4902 -0.4274 0.7596
vn -0.2271 -0.2701 0.9357
vn 0.0381 -0.0832 0.9958
vn 0.4228 0.2023 0.8834
vn 0.5192 0.5059 0.6889
vn 0.0776 0.7526 0.6539
vn 0.8527 -0.3021 0.4262
vn 0.5896 -0.4281 0.6849
vn -0.4991 -0.4478 0.7418
vn 0.4252 0.2027 0.8821
vn 0.5908 0.3740 0.7149
vn 0.4897 0.5540 0.6733
vn 0.4750 0.6194 0.6250
vn 0.8514 -0.0183 0.5242
vn 0.8741 -0.0681 0.4810
vn 0.8673 -0.3860 0.3144
vn 0.8248 -0.4664 0.3195
vn 0.8444 -0.1177 0.5226
vn 0.8526 -0.3147 0.4172
vn 0.8566 -0.3223 0.4029
vn 0.5533 -0.4832 0.6786
vn -0.2026 -0.2489 0.9471
vn 0.3890 0.6123 0.6883
vn 0.0423 0.7904 0.6111
vn 0.0207 0.8113 0.5842
vn 0.0023 0.7878 0.6159
vn 0.0499 0.7725 0.6331
vn -0.0387 0.8247 0.5643
vn -0.0026 0.7872 0.6166
vn 0.8416 -0.1289 0.5246
vn 0.8519 -0.3170 0.4168
vn 0.5380 -0.4805 0.6926
vn 0.3736 -0.3884 0.8423
vn -0.4954 -0.4188 0.7610
vn 0.1866 0.1669 0.9681
vn 0.3040 0.3316 0.8931
vn 0.3690 0.6330 0.6806
vn -0.6531 -0.3369 0.6782
vn 0.0126 0.7883 0.6152
vn 0.9433 -0.0570 0.3269
vn 0.8509 -0.3189 0.4175
vn 0.3593 -0.4021 0.8422
vn -0.2837 -0.2403 0.9283
vn 0.1921 0.5028 0.8428
vn 0.0660 0.7640 0.6419
vn -0.1841 0.8060 0.5626
vn 0.8487 -0.1266 0.5136
vn 0.8394 -0.1740 0.5149
vn 0.4790 0.0762 0.8745
vn 0.6133 -0.5399 0.5766
vn 0.3867 -0.6134 0.6886
vn 0.3963 -0.5246 0.7535
vn -0.4935 -0.4247 0.7590
vn -0.6162 -0.4339 0.6573
vn -0.5782 -0.4809 0.6590
vn 0.1755 0.3855 0.9059
vn -0.0395 0.4564 0.8889
vn 0.0519 0.7445 0.6656
vn 0.0590 0.7699 0.6354
vn -0.2786 0.8677 0.4116
vn 0.3790 -0.3940 0.8373
vn 0.8552 -0.3139 0.4125
vn -0.1734 -0.5307 0.8296
vn -0.6215 -0.4454 0.6445
vn 0.4411 -0.0145 0.8974
vn 0.4640 0.1990 0.8632
vn -0.5238 -0.6683 0.5282
vn -0.4023 -0.3122 0.8606
vn 0.1772 0.1620 0.9708
vn 0.1369 0.4128 0.9005
vn 0.2867 0.3767 0.8808
vn -0.0308 0.3668 0.9298
vn -0.0320 0.8031 0.5950
vn -0.0402 0.7996 0.5992
vn 0.0504 0.7765 0.6281
vn -0.4139 0.8198 0.3958
vn -0.7172 0.6833 0.1372
vn -0.2012 0.1929 0.9604
vn -0.2670 0.8393 0.4736
vn -0.2616 0.8276 0.4967
vn 0.8687 -0.2402 0.4333
vn 0.8593 -0.2358 0.4539
vn 0.8642 -0.2986 0.4050
vn 0.5256 -0.7882 0.3201
vn 0.5575 -0.5952 0.5788
vn -0.2710 -0.5180 0.8113
vn -0.6170 -0.3374 0.7110
vn -0.1580 0.6232 0.7659
vn -0.1652 0.1638 0.9726
vn -0.0589 0.3425 0.9377
vn -0.1355 0.4274 0.8939
vn 0.0072 0.5044 0.8634
vn -0.0242 0.7928 0.6090
vn 0.2206 -0.5535 0.8031
vn -0.5215 0.7977 0.3029
vn 0.7154 -0.6837 0.1440
vn 0.4167 -0.6427 0.6429
vn 0.2617 -0.6040 0.7528
vn 0.2241 -0.2896 0.9306
vn 0.4155 -0.1079 0.9032
vn -0.5728 -0.5507 0.6072
vn -0.4901 -0.4391 0.7530
vn -0.0840 0.1505 0.9850
vn -0.2075 0.3135 0.9267
vn -0.2190 0.3585 0.9075
vn 0.0985 0.7776 0.6210
vn 0.0440 -0.9990 0.0126
vn -0.0229 0.7940 0.6075
vn 0.2996 0.0662 0.9518
vn -0.5789 0.7457 0.3297
vn 0.8539 -0.3179 0.4120
vn 0.8446 -0.4349 0.3122
vn 0.4940 0.2004 0.8460
vn -0.6434 -0.7545 0.1293
vn -0.3567 -0.2028 0.9119
vn 0.4776 -0.3200 0.8182
vn -0.4001 0.4654 0.7895
vn 0.8688 -0.2919 0.3999
vn 0.5733 -0.8193 -0.0044
vn -0.4893 -0.4180 0.7654
vn -0.6028 0.2939 -0.7418
vn -0.7594 -0.4026 0.5111
vn -0.4493 0.1561 0.8796
vn -0.0924 0.2574 0.9619
vn -0.3423 0.7694 0.5393
vn -0.1955 0.7296 0.6554
vn -0.6526 0.7463 0.1306
vn -0.5809 0.7599 0.2916
vn -0.3825 0.8300 0.4059
vn -0.7179 0.6820 0.1398
vn 0.7231 -0.3013 0.6216
vn 0.6591 0.1070 0.7444
vn -0.7302 0.6542 0.1971
vn 0.9935 -0.1131 0.0121
vn 0.8498 -0.3087 0.4273
vn 0.6129 -0.7901 0.0110
vn -0.6770 -0.4062 0.6137
vn 0.3671 -0.6847 0.6297
vn -0.4160 -0.4783 0.7734
vn -0.4891 -0.4185 0.7652
vn -0.5971 -0.3702 0.7117
vn -0.9601 0.1667 0.2245
vn -0.5520 0.3778 0.7433
vn -0.7603 0.5458 0.3522
vn -0.8994 -0.3826 0.2116
vn -0.6452 -0.6511 0.3998
vn -0.3939 -0.4374 0.8084
vn -0.4659 -0.4082 0.7851
vn -0.2542 0.3666 0.8950
vn -0.2637 0.5554 0.7887
vn -0.4286 0.5007 0.7521
vn -0.5604 0.6681 0.4895
vn 0.8570 -0.3094 0.4122
vn 0.6954 -0.7061 -0.1337
vn 0.4061 -0.7864 0.4655
vn -0.5658 -0.3906 0.7261
vn 0.1495 0.2305 0.9615
vn 0.1085 0.1453 0.9834
vn -0.6134 -0.6962 -0.3730
vn -0.6957 -0.4396 -0.5681
vn -0.5814 0.2127 0.7853
vn -0.5784 0.2100 0.7882
vn -0.0053 -0.9004 0.4351
vn -0.2866 0.3435 0.8944
vn 0.6162 -0.7834 -0.0815
vn 0.5045 -0.8630 0.0257
vn -0.7860 -0.2666 0.5577
vn -0.4975 -0.6496 0.5749
vn -0.5323 0.7214 0.4430
vn -0.7573 0.6529 -0.0155
vn 0.1895 -0.0722 0.9792
vn -0.6440 0.7334 0.2178
vn -0.6428 -0.7471 0.1692
vn 0.8450 -0.4654 0.2635
vn 0.4913 -0.8708 0.0183
vn 0.1513 -0.7221 0.6750
vn -0.7450 -0.1080 0.6583
vn -0.7294 0.5891 0.3479
vn -0.9629 0.2657 0.0461
vn -0.5932 -0.7039 0.3907
vn -0.4854 -0.7617 -0.4292
vn -0.4150 0.4103 0.8120
vn -0.6249 0.7807 -0.0067
vn -0.4419 0.8753 0.1962
vn -0.5550 0.8022 0.2202
vn -0.7527 0.6583 0.0065
vn 0.2535 -0.1372 0.9576
vn 0.6169 -0.0713 0.7838
vn -0.6798 0.7140 0.1675
vn -0.5203 0.7999 0.2989
vn -0.5528 0.7882 0.2703
vn -0.2705 0.8362 0.4771
vn 0.9837 -0.1700 -0.0580
vn 0.8665 -0.3312 0.3735
vn 0.6579 -0.7487 -0.0814
vn 0.5615 -0.8258 -0.0532
vn 0.1179 -0.7951 0.5949
vn -0.4861 -0.4104 0.7716
vn -0.3026 -0.9118 -0.2778
vn -0.3662 -0.7025 0.6102
vn -0.4845 -0.4517 0.7492
vn -0.4886 -0.0983 0.8670
vn -0.4485 0.1714 0.8772
vn -0.4133 0.4125 0.8118
vn -0.3844 0.8509 0.3582
vn 0.8296 -0.5581 0.0143
vn 0.6173 -0.7826 -0.0807
vn 0.4970 -0.8665 -0.0460
vn 0.4716 -0.8815 -0.0254
vn 0.0959 -0.8584 0.5040
vn 0.0997 -0.8033 0.5872
vn -0.4849 -0.4168 0.7688
vn -0.5216 -0.3590 0.7740
vn 0.5701 -0.6615 0.4872
vn -0.4839 -0.4538 0.7483
vn -0.4764 -0.4553 0.7522
vn -0.4757 -0.1978 0.8571
vn -0.4611 0.2917 0.8380
vn -0.2885 0.9280 0.2357
vn -0.2779 0.9587 -0.0605
vn -0.5223 0.8285 0.2017
vn -0.4959 0.7129 0.4959
vn 0.9825 -0.1723 -0.0707
vn 0.8581 -0.4980 -0.1250
vn 0.6762 -0.7250 -0.1312
vn 0.5227 -0.8488 -0.0793
vn 0.0068 -0.8628 0.5056
vn -0.1221 -0.7699 0.6264
vn -0.2116 0.9189 -0.3328
vn -0.3289 0.8857 0.3277
vn -0.4721 0.0079 0.8815
vn 0.8912 -0.4150 -0.1832
vn 0.4964 -0.8663 -0.0556
vn 0.3083 -0.9513 -0.0026
vn -0.3194 0.8697 0.3764
vn -0.2971 0.9169 0.2665
vn -0.3275 0.9153 0.2344
vn 0.7141 -0.3332 0.6157
vn -0.4553 0.7451 0.4874
vn -0.3034 0.9296 0.2092
vn 0.9591 0.1549 0.2371
vn 0.8886 -0.4136 -0.1984
vn 0.6413 -0.7467 -0.1765
vn 0.6062 -0.7805 -0.1527
vn -0.0434 -0.8953 0.4432
vn -0.4848 -0.4505 0.7496
vn -0.5180 -0.1380 0.8442
vn -0.4000 0.8816 0.2506
vn 0.9008 -0.3812 0.2078
vn 0.7554 -0.6251 -0.1967
vn 0.5253 -0.8385 -0.1446
vn 0.5100 -0.8520 -0.1178
vn -0.3615 -0.6131 0.7025
vn -0.4792 -0.4037 0.7793
vn -0.5550 0.5451 0.6284
vn -0.0811 -0.9847 -0.1541
vn 0.3652 -0.4753 0.8005
vn 0.7443 -0.6243 -0.2370
vn 0.6107 -0.7738 -0.1683
vn 0.4306 -0.8959 -0.1092
vn 0.4174 -0.9035 -0.0974
vn -0.1585 -0.8864 -0.4350
vn 0.1760 -0.8647 -0.4704
vn -0.3922 -0.4447 0.8052
vn -0.5182 0.5739 0.6341
vn 0.9235 -0.3005 -0.2385
vn 0.9094 -0.3327 -0.2498
vn 0.6606 -0.7112 -0.2405
vn 0.4281 -0.8937 -0.1345
vn -0.5160 -0.3208 0.7942
vn -0.5079 -0.2971 0.8086
vn -0.4828 -0.4684 0.7399
vn -0.3933 -0.4773 0.7858
vn -0.5647 -0.4458 0.6945
vn -0.3303 0.8592 0.3907
vn 0.0540 0.4343 0.8992
vn -0.8889 0.3526 -0.2926
vn 0.8894 -0.3668 -0.2727
vn 0.8134 -0.5074 -0.2844
vn 0.6396 -0.7174 -0.2762
vn 0.5748 -0.7865 -0.2258
vn 0.4463 -0.8827 -0.1471
vn 0.3895 -0.9148 -0.1069
vn -0.4918 -0.5510 0.6742
vn -0.6998 -0.4167 0.5803
vn 0.2800 -0.9579 -0.0626
vn 0.1573 -0.8595 -0.4863
vn -0.4445 -0.5870 0.6767
vn -0.4053 -0.4709 0.7835
vn -0.4569 -0.4085 0.7901
vn -0.6049 0.2213 0.7649
vn -0.2463 0.9343 0.2578
vn 0.0488 0.3388 0.9396
vn -0.4248 0.7927 0.4373
vn -0.8583 0.3535 -0.3721
vn 0.7683 -0.5788 -0.2735
vn 0.5948 -0.7557 -0.2741
vn 0.5217 -0.8221 -0.2280
vn -0.4956 -0.3945 0.7738
vn 0.2350 0.0331 -0.9714
vn 0.4579 -0.8882 -0.0371
vn -0.4621 -0.7755 0.4301
vn 0.1226 -0.8017 0.5850
vn -0.5404 -0.4631 0.7025
vn -0.1990 0.9100 0.3637
vn -0.8751 0.4418 -0.1977
vn 0.8139 -0.5067 -0.2842
vn 0.4971 -0.8310 -0.2496
vn 0.3529 -0.9249 -0.1414
vn -0.1063 -0.9195 0.3785
vn -0.5205 -0.6638 0.5371
vn -0.4882 -0.4334 0.7575
vn 0.5532 0.1922 0.8106
vn -0.4121 -0.7044 0.5780
vn -0.3602 -0.6804 0.6383
vn -0.4978 -0.4684 0.7299
vn -0.5893 -0.1026 0.8013
vn -0.6229 0.2511 0.7409
vn -0.3789 0.7099 0.5937
vn 0.7857 -0.4355 -0.4394
vn 0.6492 -0.6876 -0.3251
vn 0.4307 -0.8717 -0.2336
vn 0.3556 -0.9167 -0.1822
vn 0.2971 -0.9435 -0.1467
vn -0.1071 -0.9210 0.3745
vn -0.5242 -0.4266 0.7371
vn 0.5298 -0.3058 0.7911
vn 0.4596 -0.3157 0.8301
vn 0.0051 -0.3470 0.9378
vn -0.3597 0.8143 0.4555
vn -0.8613 0.4525 0.2310
vn -0.7493 0.3387 0.5690
vn 0.0651 0.9727 0.2227
vn -0.4434 0.8505 0.2829
vn -0.8694 0.3354 -0.3628
vn 0.5568 -0.7586 -0.3383
vn 0.3395 -0.9177 -0.2062
vn 0.2750 -0.9420 -0.1921
vn 0.3044 -0.9420 -0.1410
vn 0.0675 -0.9963 0.0536
vn -0.4272 -0.8568 0.2887
vn -0.5197 -0.6180 0.5899
vn -0.5187 -0.4344 0.7363
vn -0.5208 -0.4871 0.7010
vn -0.4991 -0.5305 0.6851
vn -0.4270 -0.4216 0.8000
vn -0.5265 -0.4343 0.7309
vn -0.5441 -0.3988 0.7382
vn -0.5727 -0.3143 0.7571
vn -0.8646 0.0111 0.5024
vn -0.2821 0.8287 0.4834
vn -0.1146 0.6333 0.7654
vn -0.3298 0.8125 0.4807
vn 0.0171 0.7837 0.6209
vn 0.2537 0.8551 0.4521
vn -0.8500 0.5267 0.0096
vn -0.0628 0.9909 -0.1195
vn 0.6561 -0.6550 -0.3749
vn 0.6450 -0.6882 -0.3323
vn 0.5900 -0.7197 -0.3659
vn 0.5390 -0.7693 -0.3431
vn 0.4929 -0.8124 -0.3115
vn 0.4061 -0.8789 -0.2501
vn 0.3704 -0.8935 -0.2541
vn 0.3384 -0.9145 -0.2219
vn -0.2146 0.8161 0.5365
vn -0.6774 -0.3791 0.6304
vn -0.7536 0.6550 0.0554
vn -0.8880 0.3392 -0.3105
vn -0.8259 0.4998 0.2608
vn -0.7275 0.6861 0.0092
vn -0.5723 0.7509 0.3298
vn 0.2825 -0.9358 -0.2107
vn -0.3371 -0.9219 0.1911
vn -0.5004 0.7705 0.3949
vn -0.5595 -0.3596 0.7468
vn -0.4975 -0.4553 0.7383
vn -0.9794 0.1899 -0.0690
vn -0.3622 0.8567 0.3673
vn -0.3893 0.8427 0.3719
vn -0.3892 0.8011 0.4548
vn -0.5017 0.8228 0.2671
vn -0.7732 0.6327 -0.0426
vn -0.8770 0.3492 -0.3301
vn -0.3834 0.8852 0.2636
vn -0.1633 0.9248 0.3435
vn 0.4365 -0.8268 -0.3547
vn 0.3314 -0.8897 -0.3141
vn 0.2525 -0.9245 -0.2855
vn 0.1994 -0.9282 -0.3143
vn 0.2214 -0.9524 -0.2093
vn -0.4384 -0.5722 0.6931
vn -0.9876 0.1533 -0.0351
vn -0.3557 0.8370 0.4159
vn 0.7116 -0.3565 0.6055
vn 0.6434 0.1021 0.7587
vn -0.3353 0.8831 0.3282
vn 0.5985 -0.6762 -0.4296
vn 0.5649 -0.7068 -0.4259
vn 0.4987 -0.7612 -0.4145
vn 0.4315 -0.8194 -0.3774
vn 0.4148 -0.8494 -0.3265
vn 0.2439 -0.8943 -0.3751
vn 0.1936 -0.8774 -0.4390
vn 0.2314 -0.9305 -0.2839
vn 0.1835 -0.9520 -0.2451
vn -0.5172 0.6124 0.5978
vn -0.2262 -0.9717 0.0686
vn -0.1874 -0.8219 0.5379
vn -0.4581 -0.5962 0.6593
vn -0.9384 -0.1027 0.3299
vn -0.8933 0.3333 -0.3016
vn -0.7891 0.6101 -0.0708
vn -0.7770 0.6266 -0.0602
vn -0.8826 0.3518 -0.3118
vn -0.8747 0.3386 -0.3467
vn -0.3724 0.8583 0.3530
vn 0.1540 -0.9005 -0.4067
vn 0.4051 -0.8719 -0.2752
vn -0.1677 0.5490 0.8188
vn 0.2014 -0.9442 -0.2605
vn 0.0910 -0.9551 0.2820
vn -0.5647 -0.4244 0.7078
vn -0.5278 -0.4294 0.7328
vn -0.4518 -0.5680 0.6879
vn -0.0388 0.4750 0.8791
vn -0.5739 -0.3667 0.7322
vn -0.8786 0.3586 -0.3152
vn -0.3408 0.8179 0.4636
vn 0.5034 -0.7423 -0.4422
vn 0.2868 -0.9018 -0.3234
vn 0.5447 -0.8108 -0.2140
vn 0.2318 -0.9320 -0.2788
vn 0.5520 -0.8133 -0.1839
vn 0.2339 -0.9314 -0.2791
vn 0.2004 -0.9457 -0.2559
vn 0.2729 -0.9236 -0.2693
vn 0.1030 -0.9585 0.2659
vn 0.1893 -0.9628 0.1930
vn -0.5734 -0.6385 -0.5134
vn -0.4292 -0.5624 0.7068
vn -0.5309 -0.4390 0.7249
vn -0.7084 0.2106 0.6737
vn -0.7117 0.3528 0.6074
vn -0.9167 0.3177 0.2424
vn -0.8874 0.4339 -0.1559
vn -0.8633 0.4413 -0.2447
vn -0.3652 0.7931 0.4874
vn 0.8903 0.2173 0.4003
vn 0.6382 -0.1256 -0.7595
vn 0.5276 -0.7218 -0.4480
vn 0.3886 -0.8204 -0.4195
vn 0.3252 -0.8482 -0.4180
vn 0.0690 -0.8606 -0.5045
vn 0.2368 -0.9319 -0.2747
vn 0.2928 -0.9530 0.0776
vn 0.2051 -0.9506 0.2332
vn -0.2491 -0.9647 -0.0856
vn -0.4338 -0.7716 0.4653
vn -0.5192 -0.4420 0.7315
vn -0.4995 -0.4615 0.7332
vn -0.9278 0.2884 0.2365
vn -0.9033 0.3516 -0.2458
vn -0.8716 0.3789 -0.3111
vn -0.8633 0.2448 -0.4414
vn -0.8408 0.4833 -0.2438
vn -0.7721 0.6349 0.0293
vn 0.4003 -0.7583 -0.5144
vn 0.1620 -0.9198 -0.3575
vn 0.3075 -0.8761 -0.3713
vn 0.3449 -0.9383 0.0259
vn 0.0232 -0.9964 -0.0809
vn 0.0323 -0.9959 -0.0850
vn 0.1884 -0.9736 -0.1288
vn -0.5069 -0.8620 0.0099
vn 0.0040 -0.9290 0.3701
vn -0.5409 -0.5083 0.6701
vn -0.5647 -0.5605 0.6058
vn -0.5064 -0.6461 0.5711
vn -0.6638 -0.6724 0.3275
vn 0.1719 -0.4088 0.8963
vn -0.6484 -0.3433 0.6795
vn -0.5882 -0.2848 0.7569
vn -0.7152 0.3181 0.6224
vn -0.6940 0.4999 0.5181
vn -0.6382 0.6490 0.4141
vn 0.5058 -0.6909 -0.5165
vn 0.3054 -0.8521 -0.4251
vn 0.2703 -0.8651 -0.4226
vn 0.1697 -0.9121 -0.3733
vn 0.4190 -0.8999 0.1211
vn -0.5888 -0.8057 0.0650
vn -0.5707 -0.3118 0.7596
vn -0.5874 -0.5661 0.5784
vn -0.3116 0.7060 0.6360
vn -0.6434 -0.3645 0.6731
vn -0.6892 0.5458 0.4766
vn -0.5234 0.8239 0.2176
vn 0.7721 -0.5786 -0.2629
vn 0.7482 -0.5041 0.4313
vn -0.8038 0.5846 -0.1102
vn -0.7903 0.6057 -0.0926
vn 0.4370 -0.7780 -0.4513
vn 0.1415 -0.9202 -0.3649
vn 0.4184 -0.8016 -0.4271
vn 0.4671 -0.8731 -0.1400
vn 0.2870 -0.9369 -0.1995
vn 0.2546 -0.8744 -0.4131
vn -0.3410 -0.9393 0.0377
vn -0.4808 -0.5024 0.7186
vn -0.7633 -0.1379 0.6311
vn -0.6334 -0.5545 0.5397
vn 0.5684 -0.0471 0.8214
vn -0.5081 -0.4603 0.7280
vn -0.6795 0.5087 0.5287
vn -0.6172 0.7181 0.3216
vn 0.5715 -0.5912 -0.5690
vn 0.2167 -0.8684 -0.4461
vn 0.4674 -0.7749 -0.4255
vn 0.6438 -0.6023 -0.4719
vn 0.4927 -0.8360 -0.2418
vn 0.4121 -0.8954 -0.1689
vn 0.1929 -0.9160 -0.3517
vn -0.3348 -0.6860 0.6460
vn 0.2004 -0.8836 0.4233
vn -0.6440 -0.4763 0.5987
vn 0.0082 0.7939 0.6079
vn -0.2891 0.6296 0.7211
vn -0.5614 0.7753 0.2895
vn -0.3695 0.8228 0.4318
vn -0.3676 0.8383 0.4027
vn 0.5658 0.5228 0.6377
vn 0.2404 -0.4913 0.8371
vn 0.5044 -0.6915 -0.5171
vn 0.4552 -0.7276 -0.5132
vn 0.3160 -0.7867 -0.5303
vn 0.2733 -0.8096 -0.5195
vn 0.1229 -0.9080 -0.4004
vn 0.6557 -0.5672 -0.4983
vn 0.5764 -0.7575 -0.3064
vn 0.5813 -0.6766 -0.4520
vn 0.4467 -0.5530 -0.7033
vn -0.8092 -0.5757 -0.1174
vn -0.7059 -0.6107 0.3587
vn -0.6604 -0.0836 0.7462
vn -0.6701 -0.1405 0.7289
vn -0.5149 -0.4411 0.7350
vn -0.5361 -0.4623 0.7063
vn -0.6628 -0.4621 0.5892
vn -0.6636 -0.3907 0.6380
vn -0.5032 -0.4421 0.7425
vn -0.5403 0.8408 -0.0328
vn -0.2860 -0.3046 0.9085
vn 0.1705 -0.8802 -0.4430
vn 0.1581 -0.8964 -0.4142
vn -0.5624 -0.7444 0.3600
vn -0.6929 0.0987 0.7142
vn -0.6150 -0.2393 0.7514
vn -0.5442 -0.4305 0.7201
vn -0.4964 -0.4708 0.7293
vn -0.6647 -0.0982 0.7407
vn -0.7060 0.3211 0.6312
vn -0.6670 0.6100 0.4279
vn -0.4703 0.8825 0.0079
vn -0.4167 0.8847 0.2091
vn -0.3547 0.8280 0.4342
vn 0.7695 0.0188 0.6383
vn 0.7083 0.3416 0.6178
vn -0.1483 -0.8258 0.5441
vn -0.3500 -0.8206 0.4517
vn 0.2306 -0.8207 -0.5227
vn 0.5871 -0.6710 -0.4528
vn 0.1799 -0.0806 0.9804
vn -0.8084 -0.4502 0.3791
vn -0.9536 -0.2977 -0.0461
vn -0.6818 -0.0296 0.7309
vn -0.7100 -0.6826 0.1734
vn -0.6031 -0.6083 0.5160
vn -0.5892 -0.4444 0.6748
vn -0.5150 -0.4389 0.7363
vn -0.7703 -0.1955 0.6069
vn -0.6390 0.6328 0.4373
vn -0.6034 0.7301 0.3207
vn -0.5073 0.5763 0.6408
vn 0.0393 -0.2916 0.9557
vn 0.7703 0.0184 0.6375
vn 0.7231 0.1022 0.6831
vn 0.5676 0.5788 0.5855
vn 0.3686 -0.7395 -0.5632
vn 0.3138 -0.7796 -0.5420
vn 0.1589 -0.8732 -0.4607
vn 0.0955 -0.9074 -0.4092
vn 0.7313 -0.3318 -0.5959
vn 0.6438 -0.6031 -0.4709
vn 0.6658 -0.3910 -0.6354
vn 0.6843 -0.2369 -0.6897
vn -0.9560 -0.1374 0.2592
vn 0.5457 0.0725 -0.8348
vn -0.7340 -0.6662 0.1319
vn -0.5481 -0.4408 0.7109
vn -0.5150 -0.4363 0.7378
vn 0.2711 -0.3778 0.8853
vn -0.7126 -0.2355 0.6609
vn -0.7087 0.3991 0.5817
vn -0.6851 0.4998 0.5300
vn -0.5073 0.5763 0.6407
vn -0.4495 0.8388 0.3071
vn -0.2024 0.6742 0.7103
vn 0.4781 -0.1582 0.8639
vn 0.4833 -0.1584 0.8610
vn -0.1134 -0.8382 0.5334
vn -0.2739 -0.8607 0.4292
vn 0.1768 0.5358 -0.8256
vn 0.7864 -0.4342 -0.4394
vn 0.2041 -0.3294 0.9219
vn -0.8288 -0.5587 0.0307
vn -0.6302 -0.3144 0.7099
vn -0.6509 -0.4070 -0.6408
vn -0.9429 -0.3009 0.1427
vn -0.5195 -0.4376 0.7339
vn -0.4899 -0.4454 0.7494
vn -0.9163 -0.2996 0.2659
vn -0.3920 -0.9141 0.1033
vn -0.9811 -0.1407 -0.1330
vn -0.8444 0.1623 0.5106
vn 0.7243 0.3070 -0.6173
vn -0.5834 0.4370 0.6846
vn -0.3359 0.8675 0.3670
vn -0.3942 0.3982 0.8283
vn -0.1370 -0.4959 0.8575
vn -0.1214 -0.0609 0.9907
vn 0.3215 -0.5223 0.7899
vn -0.0930 -0.7458 0.6596
vn -0.9093 0.0996 -0.4040
vn 0.2224 -0.8197 -0.5278
vn 0.1791 -0.8405 -0.5113
vn 0.4562 0.5920 0.6643
vn -0.7177 0.6154 -0.3260
vn 0.7030 0.6889 0.1767
vn -0.7608 0.6469 -0.0521
vn -0.7701 0.6377 0.0184
vn -0.9677 -0.1110 0.2263
vn -0.9806 0.0055 0.1962
vn -0.9551 -0.2470 -0.1633
vn -0.9963 0.0752 -0.0427
vn -0.7214 0.2562 0.6434
vn -0.7403 0.1999 0.6419
vn -0.7526 -0.6560 0.0574
vn -0.6508 -0.5050 0.5669
vn -0.5138 -0.4268 0.7442
vn -0.4866 -0.4512 0.7481
vn -0.5030 -0.4556 0.7345
vn -0.5597 -0.4520 0.6946
vn -0.7036 -0.5257 0.4781
vn -0.9772 -0.2044 -0.0569
vn -0.8385 0.1937 0.5093
vn -0.9057 -0.3332 -0.2622
vn -0.6954 0.4689 0.5446
vn -0.8017 0.5127 0.3073
vn -0.5216 0.7963 0.3063
vn -0.1441 -0.8495 0.5076
vn 0.3662 -0.7201 -0.5894
vn 0.0916 -0.8724 -0.4802
vn 0.0583 -0.8988 -0.4345
vn 0.0557 -0.8822 -0.4675
vn -0.3767 0.8000 0.4670
vn -0.9451 0.2698 -0.1843
vn -0.8974 0.4387 0.0466
vn 0.5978 -0.3659 0.7133
vn -0.4929 0.5646 -0.6620
vn -0.7463 0.1242 0.6539
vn -0.8516 0.5067 -0.1341
vn -0.7130 -0.1540 0.6840
vn -0.4876 -0.6244 0.6102
vn 0.4945 -0.5769 -0.6501
vn -0.7069 -0.4196 0.5695
vn -0.5184 -0.4321 0.7379
vn -0.7285 -0.1392 -0.6708
vn -0.5946 0.7289 0.3394
vn -0.5609 0.7327 0.3854
vn -0.5614 0.4276 0.7085
vn -0.4945 -0.0826 0.8652
vn -0.7316 0.0851 0.6764
vn -0.2668 -0.6071 0.7485
vn -0.3461 -0.7657 0.5421
vn -0.1553 -0.9393 0.3058
vn -0.2660 -0.9044 0.3335
vn -0.7057 -0.6751 -0.2149
vn -0.7474 -0.6546 0.1137
vn -0.8067 -0.5879 -0.0597
vn -0.9039 0.2106 -0.3722
vn 0.2548 -0.7834 -0.5669
vn 0.3728 -0.6978 -0.6116
vn -0.8276 -0.2173 -0.5175
vn -0.7700 -0.1761 0.6132
vn -0.4156 -0.8418 0.3444
vn 0.5407 -0.4493 -0.7112
vn 0.5790 0.4567 0.6754
vn -0.8787 0.1770 -0.4433
vn -0.7711 -0.6201 0.1443
vn -0.5566 -0.4565 0.6941
vn -0.7738 -0.5415 0.3286
vn 0.7106 0.3483 -0.6114
vn -0.8475 -0.4176 0.3276
vn -0.9005 -0.3810 0.2094
vn -0.5009 -0.4568 0.7351
vn -0.5670 -0.4654 0.6796
vn -0.7353 -0.5210 0.4335
vn 0.5112 -0.4707 -0.7191
vn 0.5710 0.6759 0.4660
vn -0.5978 0.7396 0.3093
vn -0.6327 0.6627 0.4007
vn -0.9696 -0.2377 -0.0577
vn -0.9707 0.2113 -0.1145
vn -0.4902 0.6171 0.6156
vn 0.3947 -0.4378 -0.8078
vn 0.2801 -0.7581 -0.5889
vn 0.2305 -0.7888 -0.5698
vn 0.0774 -0.8624 -0.5003
vn 0.4472 -0.7072 -0.5477
vn 0.4738 -0.1988 -0.8579
vn -0.9417 0.2766 -0.1916
vn -0.8034 0.4037 0.4377
vn -0.2223 -0.8759 0.4282
vn -0.3503 -0.8670 0.3544
vn 0.4626 -0.3313 -0.8223
vn -0.9668 0.0839 -0.2416
vn -0.8264 -0.5624 0.0269
vn -0.8539 -0.5119 0.0937
vn -0.5313 -0.1804 -0.8277
vn -0.4152 -0.2683 -0.8693
vn -0.0636 -0.4014 -0.9137
vn -0.5448 -0.8384 -0.0172
vn 0.1887 -0.6584 -0.7287
vn -0.8614 -0.0601 -0.5044
vn -0.7467 0.6651 0.0092
vn -0.9237 0.3683 0.1053
vn -0.4757 0.6904 0.5450
vn -0.3584 0.8660 0.3486
vn -0.4166 -0.5505 0.7235
vn -0.4296 -0.5376 0.7255
vn -0.2221 -0.8430 0.4899
vn -0.2895 -0.8606 0.4190
vn 0.2171 -0.8000 -0.5594
vn 0.0107 -0.8819 -0.4712
vn 0.5505 -0.4457 -0.7059
vn 0.6245 -0.0352 -0.7802
vn -0.9928 0.0296 0.1158
vn -0.8973 0.1574 0.4125
vn -0.9700 0.1854 0.1574
vn -0.5301 -0.6694 0.5204
vn -0.1301 -0.9141 0.3840
vn 0.2595 -0.9653 0.0295
vn 0.4971 -0.7167 -0.4891
vn 0.2165 -0.6225 -0.7521
vn -0.7916 0.0642 -0.6077
vn -0.8304 -0.5117 0.2205
vn -0.9004 -0.4326 0.0469
vn -0.7390 -0.5412 0.4012
vn -0.3338 -0.5778 -0.7448
vn -0.4377 0.6923 0.5738
vn 0.2312 -0.7284 -0.6450
vn 0.4360 -0.8909 -0.1274
vn 0.5063 -0.5925 -0.6266
vn -0.9090 0.2536 -0.3307
vn -0.7850 -0.0741 -0.6151
vn -0.5480 0.4440 0.7089
vn -0.7024 0.4493 0.5521
vn -0.9366 0.3476 -0.0437
vn -0.7160 0.4526 0.5316
vn 0.0760 0.7145 -0.6955
vn -0.9202 -0.1824 -0.3463
vn 0.0912 -0.8360 -0.5411
vn 0.0121 -0.8672 -0.4979
vn 0.2668 -0.7072 -0.6547
vn -0.3266 -0.7618 0.5595
vn -0.5569 -0.4668 0.6870
vn -0.5379 -0.8420 -0.0420
vn 0.3641 -0.9114 -0.1919
vn 0.0631 -0.9877 0.1432
vn -0.9159 -0.3837 0.1177
vn -0.1601 -0.9419 0.2953
vn -0.5991 -0.4850 0.6371
vn -0.7661 -0.5579 -0.3191
vn -0.8247 -0.2521 -0.5063
vn -0.7442 -0.5052 -0.4370
vn -0.3494 -0.6334 -0.6905
vn 0.5496 -0.7297 -0.4068
vn -0.4678 0.7169 0.5170
vn -0.3859 0.3003 0.8723
vn -0.9171 -0.1829 -0.3541
vn -0.7069 0.6462 -0.2876
vn 0.0977 -0.8436 -0.5280
vn 0.4543 -0.6931 -0.5597
vn -0.8644 -0.3053 0.3996
vn 0.1731 -0.0021 0.9849
vn 0.2577 -0.2348 0.9372
vn -0.7901 -0.1344 -0.5980
vn -0.8762 0.2306 -0.4231
vn -0.8099 -0.5235 0.2645
vn -0.8152 -0.3879 -0.4301
vn -0.5601 -0.4631 0.6869
vn -0.8442 -0.5145 0.1504
vn -0.7474 -0.5636 0.3518
vn -0.3656 -0.9105 0.1933
vn -0.0611 -0.9799 0.1897
vn -0.4464 -0.8947 -0.0146
vn -0.8863 -0.0688 -0.4580
vn -0.8941 -0.1677 -0.4153
vn -0.9915 -0.0825 -0.1006
vn -0.2120 -0.8834 -0.4179
vn -0.1668 -0.9361 0.3097
vn 0.1168 -0.9901 0.0783
vn 0.2092 -0.9617 0.1772
vn 0.2226 -0.9134 -0.3409
vn 0.7503 0.5523 -0.3634
vn -0.5031 -0.8624 0.0567
vn -0.6892 0.6984 -0.1928
vn -0.7007 0.6717 0.2405
vn -0.8491 0.4652 -0.2503
vn -0.8254 0.2528 0.5047
vn 0.1356 -0.8341 -0.5347
vn 0.2614 -0.7493 -0.6085
vn 0.4648 -0.3592 0.8092
vn -0.5438 -0.7646 0.3461
vn -0.7179 -0.6378 0.2791
vn 0.7919 -0.3853 0.4737
vn -0.7262 0.0217 -0.6871
vn -0.8945 0.2502 -0.3704
vn -0.7506 -0.3396 -0.5669
vn -0.5616 -0.8014 -0.2061
vn -0.6661 -0.2510 -0.7023
vn -0.7356 -0.6590 -0.1566
vn -0.2195 -0.9059 -0.3621
vn -0.2081 -0.9167 -0.3412
vn 0.1120 -0.9929 -0.0393
vn -0.7909 -0.3335 -0.5131
vn -0.7852 -0.0733 -0.6149
vn -0.0715 -0.7796 -0.6222
vn -0.9912 -0.0143 -0.1316
vn -0.7974 0.2913 -0.5284
vn -0.8334 0.1730 -0.5249
vn -0.7979 0.5831 -0.1526
vn 0.3121 -0.6704 -0.6731
vn 0.1696 -0.8018 -0.5731
vn 0.1914 -0.7899 -0.5827
vn 0.1258 -0.8074 -0.5765
vn -0.0046 -0.8601 -0.5100
vn 0.6024 -0.0215 0.7979
vn -0.5928 -0.3366 -0.7317
vn 0.7625 0.3764 0.5263
vn 0.0187 0.7948 0.6066
vn -0.2818 0.6119 0.7391
vn -0.7107 -0.5183 -0.4756
vn -0.2657 -0.9623 0.0577
vn -0.6641 -0.7445 -0.0693
vn -0.1827 -0.9821 0.0456
vn -0.6643 -0.6736 -0.3241
vn -0.5286 -0.6081 -0.5923
vn -0.8973 0.2425 -0.3688
vn -0.7192 -0.2526 -0.6472
vn -0.7191 -0.2535 -0.6470
vn -0.8364 -0.3893 -0.3860
vn -0.2828 -0.5704 -0.7711
vn -0.7047 -0.6143 -0.3550
vn -0.8106 0.5854 0.0138
vn -0.9626 0.0687 -0.2622
vn 0.0018 -0.9352 0.3542
vn 0.2218 -0.9669 0.1260
vn -0.5293 -0.8482 -0.0203
vn 0.0380 -0.8095 -0.5859
vn -0.8600 0.1188 -0.4964
vn -0.9431 0.3073 0.1266
vn -0.8564 0.0065 -0.5163
vn -0.8130 0.2999 -0.4991
vn -0.1069 0.9922 0.0636
vn 0.0268 -0.8289 -0.5587
vn 0.0522 -0.7183 -0.6937
vn -0.7471 -0.5892 0.3077
vn -0.9943 -0.0735 0.0773
vn -0.4524 -0.7054 -0.5457
vn -0.3851 -0.7004 -0.6009
vn -0.5540 -0.6914 -0.4637
vn -0.7642 -0.1597 -0.6249
vn -0.8045 -0.1853 -0.5643
vn -0.6925 -0.6661 0.2769
vn -0.7251 -0.2886 -0.6253
vn -0.7870 -0.0956 -0.6095
vn -0.4277 0.7501 0.5044
vn -0.0451 0.5743 0.8174
vn 0.8062 -0.5469 0.2255
vn -0.5815 -0.3666 -0.7262
vn -0.1893 -0.9815 0.0285
vn -0.4698 -0.6130 0.6352
vn -0.7021 -0.2446 -0.6687
vn -0.7307 -0.6465 -0.2193
vn -0.8831 -0.0499 0.4665
vn 0.0007 -0.9234 0.3837
vn -0.1029 -0.9564 -0.2733
vn -0.6381 0.4497 -0.6250
vn -0.8724 0.1242 -0.4728
vn -0.7125 0.7016 0.0069
vn -0.9493 0.2005 -0.2421
vn -0.8381 0.0172 -0.5452
vn 0.5069 -0.1115 -0.8548
vn 0.3246 -0.6330 -0.7028
vn -0.3032 -0.0799 -0.9496
vn 0.3561 -0.7370 -0.5745
vn 0.1651 -0.7882 -0.5929
vn 0.1626 -0.7879 -0.5940
vn 0.0018 -0.6623 -0.7493
vn -0.0321 0.2909 0.9562
vn -0.8285 -0.5311 -0.1774
vn -0.6632 -0.7325 -0.1536
vn -0.9926 0.1158 -0.0353
vn -0.9092 0.1765 0.3771
vn -0.8881 -0.4577 0.0424
vn 0.1080 -0.0158 0.9940
vn 0.2016 -0.1209 0.9720
vn -0.5098 -0.3317 -0.7938
vn -0.6210 -0.2755 -0.7338
vn -0.7410 -0.3595 -0.5672
vn -0.1748 -0.9394 -0.2950
vn -0.3652 -0.8651 -0.3439
vn -0.5613 -0.4539 -0.6921
vn -0.5029 0.4279 -0.7510
vn -0.7610 0.4992 -0.4144
vn 0.4975 0.4480 -0.7429
vn -0.7288 0.2119 0.6511
vn -0.7233 0.0705 0.6869
vn -0.5143 -0.4534 0.7279
vn -0.7964 -0.5682 0.2072
vn -0.0837 -0.8659 0.4932
vn 0.0428 -0.9319 0.3603
vn -0.5029 -0.7907 -0.3492
vn -0.5620 0.7674 0.3087
vn -0.5003 0.8267 0.2574
vn -0.5254 0.7103 -0.4685
vn 0.6248 -0.3003 -0.7207
vn 0.2597 -0.8021 -0.5377
vn 0.1717 -0.8938 -0.4143
vn 0.0882 -0.8018 -0.5911
vn -0.0213 -0.8382 -0.5450
vn -0.0228 -0.8396 -0.5428
vn -0.0497 -0.8404 -0.5396
vn -0.2062 -0.6488 -0.7325
vn -0.4660 -0.7207 -0.5133
vn -0.7920 -0.6102 0.0215
vn -0.9509 -0.2381 -0.1977
vn -0.7564 0.0914 -0.6476
vn -0.2979 -0.7840 -0.5446
vn -0.4004 -0.6955 -0.5966
vn -0.6388 0.6679 -0.3818
vn -0.6975 0.6578 0.2843
vn -0.1489 -0.9805 0.1283
vn -0.6443 0.3280 -0.6909
vn -0.8367 0.0663 -0.5436
vn -0.8707 0.2374 -0.4308
vn -0.4944 0.8255 0.2722
vn -0.0443 -0.9933 -0.1064
vn 0.0279 -0.8197 -0.5722
vn -0.2844 -0.9540 -0.0946
vn -0.6946 -0.6876 0.2115
vn -0.8152 -0.4309 -0.3870
vn -0.7191 -0.3344 -0.6091
vn -0.9016 0.0205 -0.4321
vn -0.7053 -0.0410 -0.7077
vn -0.7857 0.6118 -0.0913
vn -0.8827 0.4246 0.2015
vn -0.5579 0.7624 0.3279
vn -0.5790 -0.3181 0.7507
vn -0.5706 -0.3549 0.7406
vn -0.4378 -0.8686 0.2321
vn -0.6205 -0.7820 -0.0592
vn -0.4470 -0.8534 -0.2680
vn -0.7388 -0.2174 -0.6379
vn -0.8449 0.0882 -0.5277
vn -0.8380 0.1760 -0.5166
vn 0.4891 -0.4001 -0.7751
vn 0.2977 -0.9084 -0.2937
vn -0.3041 -0.9311 0.2016
vn -0.4561 -0.6652 0.5912
vn -0.7210 -0.3539 -0.5957
vn -0.9357 0.2447 0.2542
vn -0.8224 0.5582 -0.1094
vn -0.7783 0.1173 0.6169
vn -0.9719 0.0536 0.2293
vn -0.6709 -0.0724 0.7380
vn -0.4340 -0.5506 0.7131
vn -0.7106 -0.0236 -0.7032
vn -0.8106 0.5806 -0.0762
vn -0.5917 0.7664 0.2499
vn -0.6219 0.7819 0.0443
vn -0.5126 0.6026 -0.6116
vn -0.1801 0.9756 -0.1256
vn 0.2929 -0.1547 -0.9435
vn 0.3183 -0.2017 -0.9263
vn 0.4905 -0.3968 -0.7758
vn 0.4663 -0.5584 -0.6862
vn 0.4706 -0.5765 -0.6679
vn -0.1035 -0.8216 -0.5606
vn -0.5360 -0.4542 0.7116
vn -0.8489 -0.0771 -0.5230
vn -0.6888 0.5093 0.5159
vn -0.1768 0.3510 -0.9195
vn -0.7338 0.6781 -0.0422
vn 0.1611 0.9758 0.1476
vn -0.8801 0.4713 0.0583
vn 0.4370 -0.7289 -0.5270
vn 0.1133 -0.9678 -0.2248
vn -0.0001 -0.8107 -0.5854
vn -0.0370 -0.8227 -0.5673
vn -0.0965 -0.8304 -0.5488
vn -0.1597 -0.8038 -0.5730
vn -0.7178 -0.3472 -0.6035
vn -0.7666 -0.2640 -0.5853
vn -0.3380 -0.5987 -0.7262
vn -0.8396 0.4618 0.2862
vn -0.0758 0.2593 0.9628
vn -0.7799 -0.3591 -0.5126
vn -0.8354 0.0028 -0.5497
vn -0.8657 0.1493 -0.4777
vn -0.4363 0.8927 -0.1127
vn 0.1083 -0.9928 -0.0520
vn -0.0216 -0.9988 0.0436
vn 0.0081 -0.9369 -0.3495
vn -0.0113 -0.8438 -0.5365
vn -0.0348 -0.8198 -0.5715
vn -0.1613 -0.8025 -0.5744
vn -0.8658 -0.4805 -0.1395
vn -0.5319 -0.4539 0.7149
vn -0.0323 -0.2197 0.9750
vn -0.8292 0.0202 -0.5586
vn -0.8432 0.0729 -0.5327
vn 0.3391 -0.7156 -0.6106
vn 0.2863 -0.7073 -0.6463
vn -0.1586 -0.9842 -0.0785
vn -0.0910 -0.8231 -0.5606
vn -0.7605 -0.2785 -0.5866
vn -0.5097 -0.4431 0.7375
vn 0.1184 -0.2118 0.9701
vn -0.8003 -0.5918 0.0965
vn -0.8311 0.0235 -0.5557
vn -0.8670 0.1507 -0.4750
vn -0.8080 0.3571 -0.4687
vn -0.7468 0.3981 -0.5327
vn 0.1006 -0.8212 -0.5617
vn 0.0743 -0.9969 -0.0266
vn -0.2113 -0.9774 -0.0115
vn -0.7611 -0.1224 -0.6370
vn -0.7882 -0.2108 -0.5782
vn -0.7017 -0.4556 0.5478
vn -0.7733 -0.4700 -0.4256
vn -0.9697 -0.1192 -0.2131
vn -0.0725 -0.8128 -0.5779
vn -0.0907 -0.9608 0.2619
vn 0.1249 -0.8603 -0.4943
vn -0.1595 -0.7909 -0.5908
vn -0.4646 -0.5892 -0.6611
vn -0.7457 -0.1170 -0.6559
vn -0.6181 -0.4592 0.6380
vn -0.8873 -0.4285 0.1704
vn -0.6612 -0.3995 0.6350
vn -0.8630 -0.3580 0.3564
vn -0.6751 0.2726 0.6855
vn -0.8811 -0.4472 0.1537
vn -0.8314 -0.0054 -0.5556
vn -0.8431 0.0738 -0.5326
vn -0.6725 0.2799 -0.6852
vn -0.1091 -0.8021 -0.5871
vn -0.6545 -0.3579 -0.6660
vn -0.8119 0.0860 -0.5775
vn -0.8641 -0.4315 0.2593
vn -0.9497 -0.2573 -0.1787
vn -0.9555 0.1210 0.2691
vn -0.3981 -0.5826 -0.7086
vn -0.3366 -0.3309 -0.8816
vn -0.3186 -0.3699 -0.8728
vn -0.4737 -0.5770 -0.6654
vn -0.8016 -0.1482 -0.5793
vn -0.2350 -0.9713 -0.0374
vn -0.2471 -0.9024 0.3531
vn -0.5069 -0.7243 -0.4675
vn -0.0912 -0.7965 -0.5977
vn -0.3068 -0.6867 -0.6591
vn -0.9338 -0.3523 0.0617
vn -0.8309 -0.0312 -0.5556
vn -0.9418 -0.2683 0.2025
vn -0.8268 -0.0245 -0.5620
vn -0.8354 0.0792 -0.5439
vn -0.7298 0.1950 -0.6552
vn -0.6897 0.0690 -0.7208
vn -0.8921 -0.2019 0.4042
vn -0.2654 -0.8791 0.3959
vn -0.2890 -0.7043 -0.6485
vn -0.7751 -0.1484 -0.6142
vn -0.9889 -0.1144 -0.0948
vn -0.7819 -0.4550 -0.4261
vn -0.7480 -0.1798 -0.6389
vn -0.7850 -0.1016 -0.6111
vn -0.8114 -0.0680 -0.5806
vn -0.8067 -0.0568 -0.5883
vn -0.8326 -0.0258 -0.5533
vn 0.2935 -0.4353 0.8511
vn -0.9986 -0.0408 0.0343
vn -0.8805 0.0374 -0.4726
vn -0.9669 0.2396 -0.0875
vn -0.2459 -0.7052 0.6650
vn -0.7849 -0.1090 -0.6100
vn -0.8344 -0.0229 -0.5508
vn -0.8174 0.0411 -0.5745
vn 0.4985 -0.2741 0.8224
vn -0.8947 -0.2174 -0.3903
vn -0.1876 -0.8604 -0.4739
vn -0.6532 -0.3536 -0.6695
vn -0.7494 -0.1826 -0.6365
vn -0.7747 -0.1471 -0.6150
vn -0.7145 -0.0140 -0.6995
vn -0.8217 0.0171 -0.5697
vn -0.8022 -0.0345 -0.5961
vn -0.8419 0.0302 -0.5387
vn -0.9782 0.0230 0.2063
vn -0.9076 -0.3875 0.1619
vn -0.5839 -0.4166 -0.6968
vn -0.7932 -0.1080 -0.5994
vn -0.8096 -0.0475 -0.5850
vn -0.7368 -0.0072 -0.6761
vn -0.7689 -0.1273 -0.6266
vn -0.7631 -0.1644 -0.6250
vn -0.8387 0.0812 -0.5386
vn -0.7395 0.4628 -0.4889
vn -0.1553 0.5198 0.8401
vn -0.7979 -0.4895 -0.3518
vn -0.7757 -0.1420 -0.6149
vn -0.8081 -0.0502 -0.5869
vn -0.8084 0.1674 -0.5643
vn -0.5525 0.6953 -0.4597
vn -0.7478 0.4232 -0.5116
vn -0.4099 -0.8070 -0.4250
vn -0.9416 -0.0679 -0.3298
vn -0.8232 -0.0097 -0.5677
vn -0.6165 0.7862 -0.0432
vn -0.1018 0.6301 0.7698
vn -0.0402 0.3839 0.9225
vn -0.7753 -0.1392 -0.6161
vn -0.8254 -0.1161 -0.5525
vn -0.8317 0.0042 -0.5552
vn -0.7437 -0.1446 -0.6527
vn -0.8952 0.3101 -0.3200
vn -0.7456 -0.1259 -0.6544
vn -0.7053 -0.1282 -0.6972
vn -0.9267 -0.1139 -0.3581
vn -0.8661 0.1536 -0.4757
vn -0.5068 0.8349 0.2147
vn -0.8859 0.0388 -0.4623
vn -0.7735 -0.1266 -0.6211
vn -0.8698 0.1688 -0.4636
vn -0.6833 0.0615 -0.7276
vn -0.8433 0.0651 -0.5335
vn -0.8273 0.0424 -0.5601
vn -0.7544 0.0572 -0.6539
vn -0.8122 -0.0682 -0.5794
vn -0.7220 -0.1389 -0.6778
vn -0.8070 0.0580 -0.5877
vn -0.8378 -0.0042 -0.5460
vn -0.8364 -0.0061 -0.5481
vn -0.6371 0.1120 -0.7626
vn -0.7389 -0.0362 -0.6729
vn -0.9186 -0.3938 -0.0328
vn -0.8204 -0.0340 -0.5707
vn -0.7761 -0.1695 -0.6073
vn -0.7389 0.0116 -0.6737
vn -0.3301 0.2753 -0.9029
vn -0.3724 0.0582 -0.9262
vn -0.9448 -0.0212 -0.3270
vn -0.8271 -0.1398 -0.5443
vn -0.8693 -0.2919 -0.3989
vn -0.7849 -0.1315 -0.6055
vn -0.8078 -0.0357 -0.5883
vn -0.8174 -0.0465 -0.5742
vn -0.8174 -0.0498 -0.5738
vn -0.8077 -0.1126 -0.5787
vn -0.8569 -0.1156 -0.5024
vn -0.3155 0.2885 -0.9040
vn -0.6986 -0.0884 -0.7100
vn -0.7493 0.0044 -0.6622
vn -0.6900 -0.0663 -0.7207
vn -0.8617 -0.0866 -0.5000
vn -0.3878 0.2679 -0.8819
vn -0.7388 -0.0688 -0.6704
vn -0.8646 -0.1041 -0.4915
vn -0.7969 -0.0524 -0.6019
vn -0.7089 0.0827 -0.7004
vn 0.2450 -0.3039 0.9207
vn -0.5027 -0.7636 0.4052
vn -0.2432 -0.7646 0.5969
vn -0.0969 0.2695 -0.9581
vn -0.8141 -0.0473 -0.5788
vn -0.8014 -0.0248 -0.5976
vn -0.6995 -0.0850 -0.7096
vn -0.9206 0.3750 -0.1092
vn -0.8013 0.0321 -0.5975
vn -0.6091 0.0713 -0.7898
vn -0.5550 0.1103 -0.8245
vn 0.1926 0.3848 -0.9027
vn -0.6906 -0.0115 -0.7231
vn 0.0640 -0.5428 0.8374
vn -0.5202 0.0816 -0.8501
vn -0.7276 -0.2175 -0.6506
vn -0.3744 0.6145 0.6945
vn 0.3058 -0.1666 0.9374
vn 0.3923 -0.0027 0.9198
vn -0.6821 0.4821 0.5498
vn -0.2746 -0.7281 -0.6280
vn -0.0758 0.4648 0.8821
vn -0.9604 0.2549 -0.1129
vn -0.4103 -0.5183 -0.7503
vn -0.6172 -0.6074 -0.5001
vn 0.3762 -0.2074 0.9030
vn -0.9603 0.2544 -0.1142
vn -0.5713 0.6102 0.5489
vn -0.2515 -0.7001 -0.6682
vn -0.0067 -0.9782 -0.2074
vn -0.6291 -0.0775 -0.7734
vn -0.4071 -0.1823 -0.8950
vn 0.3821 0.8084 0.4478
vn -0.9647 -0.1065 -0.2407
vn 0.4418 0.4418 -0.7808
vn 0.7114 -0.5925 0.3779
vn 0.2385 -0.8276 0.5081
vn 0.1186 -0.8134 -0.5695
vn 0.0817 -0.7911 -0.6062
vn -0.3424 0.3384 -0.8765
vn -0.4360 0.3436 -0.8318
vn 0.4973 -0.2319 0.8360
vn -0.9656 -0.1113 -0.2352
vn -0.6607 0.7505 -0.0168
vn -0.4747 0.6707 0.5699
vn -0.5260 0.8174 0.2349
vn -0.0916 0.8267 0.5551
vn 0.1953 -0.9268 0.3209
vn 0.4186 -0.9037 0.0901
vn 0.1610 -0.8905 -0.4254
vn 0.3068 -0.9066 -0.2899
vn -0.1556 -0.0371 -0.9871
vn -0.1844 0.7022 -0.6877
vn -0.5407 0.2687 -0.7971
vn -0.7785 0.6137 -0.1315
vn -0.8646 0.3429 -0.3674
vn -0.6739 0.7377 0.0405
vn -0.6801 0.7326 -0.0279
vn -0.6304 0.7748 0.0477
vn 0.9900 -0.1210 -0.0722
vn 0.7177 -0.6362 0.2833
vn 0.4015 -0.8945 0.1965
vn 0.1423 -0.4279 -0.8925
vn -0.3612 -0.2359 -0.9022
vn -0.1520 -0.0260 -0.9880
vn -0.7887 0.1659 -0.5920
vn -0.7795 -0.0068 -0.6264
vn -0.8096 0.0887 -0.5802
vn 0.8168 -0.5012 0.2858
vn 0.7135 -0.4984 0.4924
vn 0.4415 -0.8963 -0.0406
vn -0.4630 -0.0619 -0.8842
vn -0.6753 -0.2514 -0.6934
vn -0.7199 -0.0453 -0.6926
vn -0.8856 -0.0442 -0.4623
vn -0.6849 0.7279 0.0325
vn 0.6385 -0.7680 0.0491
vn -0.5452 -0.5032 -0.6704
vn -0.8448 -0.1680 -0.5081
vn -0.8850 -0.0654 -0.4610
vn -0.8676 0.0281 -0.4964
vn -0.7081 0.7056 -0.0271
vn -0.0196 0.9173 0.3977
vn 0.7199 -0.6593 0.2170
vn -0.5809 -0.4927 -0.6480
vn -0.7735 0.6208 -0.1277
vn 0.6701 -0.7310 0.1286
vn 0.5982 -0.7968 0.0853
vn 0.3809 -0.9147 -0.1348
vn -0.7762 -0.1092 -0.6210
vn -0.8536 0.0168 -0.5207
vn -0.8695 0.2318 -0.4362
vn -0.7350 -0.5446 -0.4040
vn 0.8595 -0.2993 0.4143
vn 0.2745 -0.9353 -0.2235
vn -0.3918 -0.7055 -0.5906
vn 0.8300 -0.3469 0.4368
vn 0.5641 -0.8255 0.0211
vn 0.0795 -0.9283 -0.3633
vn -0.0754 -0.8684 -0.4902
vn -0.2025 -0.7866 -0.5833
vn -0.5605 -0.4559 -0.6914
vn -0.6789 -0.2627 -0.6856
vn -0.7889 0.6022 -0.1224
vn 0.3264 0.7910 0.5174
vn 0.8223 -0.4723 0.3175
vn 0.6060 -0.7944 0.0413
vn -0.5441 -0.4600 -0.7017
vn -0.8703 -0.1288 -0.4754
vn 0.8447 0.0986 0.5260
vn 0.8490 0.1212 0.5144
vn -0.4522 -0.5210 -0.7240
vn -0.7382 -0.3346 -0.5857
vn -0.8384 -0.2065 -0.5044
vn -0.9000 -0.0543 -0.4324
vn -0.7966 0.6008 -0.0661
vn -0.4280 0.8354 0.3449
vn -0.1449 -0.5601 0.8156
vn 0.6649 -0.7380 0.1152
vn 0.5238 -0.8344 0.1715
vn -0.2780 -0.4223 -0.8628
vn -0.5846 -0.4276 -0.6895
vn 0.1028 -0.5362 0.8378
vn 0.8038 -0.3467 0.4835
vn 0.6643 -0.6750 0.3211
vn -0.3664 -0.4214 -0.8296
vn -0.4094 -0.6605 -0.6294
vn -0.9260 0.1695 -0.3374
vn -0.9192 0.2344 -0.3165
vn -0.6626 0.7489 -0.0131
vn 0.7926 -0.5126 0.3303
vn -0.2467 -0.5882 -0.7701
vn -0.2338 -0.4866 -0.8418
vn -0.8888 0.2122 -0.4063
vn -0.9004 0.2955 -0.3193
vn -0.7459 0.6374 -0.1935
vn 0.7320 -0.4340 0.5253
vn 0.5933 -0.7586 0.2694
vn -0.2569 -0.3576 -0.8978
vn -0.2428 -0.4722 -0.8474
vn -0.2581 -0.8461 -0.4663
vn -0.8465 0.4765 -0.2374
vn 0.3883 -0.9215 -0.0056
vn -0.5492 -0.8053 -0.2233
vn -0.7310 -0.5289 -0.4312
vn -0.8056 -0.2841 -0.5199
vn -0.6170 0.7217 -0.3139
vn 0.3688 -0.9156 -0.1604
vn 0.0384 -0.9573 -0.2865
vn -0.4867 -0.6365 -0.5983
vn -0.3485 -0.7605 -0.5479
vn -0.5267 -0.7685 -0.3634
vn -0.8287 -0.2429 0.5042
vn -0.6022 0.7502 -0.2730
vn -0.0313 -0.9251 -0.3785
vn -0.3086 -0.8049 -0.5069
vn -0.3718 -0.7843 -0.4967
vn 0.5756 0.4670 0.6713
vn -0.0483 0.5183 0.8538
vn 0.5242 -0.8513 0.0219
vn -0.4133 -0.5140 -0.7516
vn -0.4995 -0.8487 -0.1738
vn -0.8116 -0.2604 0.5231
vn 0.1228 -0.9786 -0.1654
vn 0.7701 -0.0782 0.6331
vn 0.7415 -0.5565 0.3748
vn 0.2413 -0.9685 -0.0619
vn -0.1294 -0.9157 -0.3805
vn -0.3483 -0.6995 -0.6240
vn -0.8098 0.3655 -0.4590
vn 0.2135 -0.9756 0.0512
vn 0.2017 -0.9732 -0.1100
vn 0.7413 0.1544 0.6532
vn 0.5956 -0.7835 0.1773
vn -0.6945 -0.7050 -0.1439
vn -0.7195 0.5568 -0.4151
vn 0.3369 -0.8499 0.4052
vn 0.0588 0.4339 -0.8990
vn 0.8589 -0.5072 -0.0716
vn -0.3482 -0.9319 -0.1016
vn -0.4908 -0.8637 -0.1143
vn -0.5409 -0.8392 -0.0561
vn -0.5074 -0.8602 -0.0503
vn -0.7219 -0.6048 -0.3362
vn -0.7412 -0.6498 -0.1682
vn -0.7985 0.4470 -0.4033
vn 0.1202 0.8319 0.5418
vn 0.7448 -0.6487 0.1564
vn 0.0023 -0.9990 -0.0444
vn -0.1540 -0.9449 -0.2890
vn 0.8975 -0.0874 0.4323
vn 0.8333 0.0365 0.5516
vn 0.2137 -0.7873 -0.5784
vn -0.1400 -0.8944 -0.4247
vn -0.8415 0.1376 -0.5224
vn -0.2008 0.9681 0.1496
vn -0.5581 -0.8243 -0.0947
vn -0.4375 -0.6257 -0.6459
vn -0.5280 -0.5595 -0.6389
vn 0.8340 -0.4595 0.3054
vn 0.5371 -0.8362 -0.1108
vn 0.2277 -0.7533 -0.6170
vn 0.0973 -0.7636 -0.6383
vn -0.0985 -0.8631 -0.4953
vn -0.0884 -0.9655 -0.2449
vn -0.6411 0.6864 -0.3433
vn 0.2441 -0.9595 0.1406
vn -0.4308 -0.7849 -0.4454
vn 0.5402 0.5684 0.6206
vn 0.7847 -0.5878 0.1968
vn -0.5406 -0.8095 -0.2290
vn 0.1083 -0.9938 -0.0231
vn -0.2110 -0.9347 -0.2860
vn -0.7238 -0.2016 -0.6599
vn 0.4803 0.6799 0.5541
vn 0.0355 -0.9512 -0.3067
vn -0.0009 -0.9708 -0.2399
vn -0.2202 -0.9243 -0.3119
vn -0.8388 -0.3284 -0.4343
vn -0.6411 0.7159 -0.2764
vn 0.3089 -0.9282 0.2075
vn -0.5028 -0.7066 -0.4979
vn 0.8955 -0.0955 0.4346
vn 0.7666 0.3129 0.5607
vn 0.8231 0.2434 0.5131
vn -0.0272 -0.9943 -0.1033
vn -0.0508 -0.9833 0.1746
vn -0.7069 0.2224 0.6714
vn -0.8574 0.1075 -0.5033
vn -0.8593 0.2114 -0.4657
vn -0.7729 0.5377 -0.3369
vn -0.5418 0.7934 -0.2774
vn 0.0121 -0.9957 0.0919
vn -0.6998 -0.3473 -0.6242
vn 0.8797 0.0916 0.4667
vn 0.1880 -0.9821 -0.0142
vn -0.7705 0.5614 -0.3019
vn 0.3684 -0.9073 0.2026
vn -0.5956 -0.6674 -0.4470
vn -0.7182 -0.6893 0.0953
vn -0.7006 -0.3614 -0.6153
vn 0.6968 -0.7052 0.1307
vn 0.0047 -0.9827 0.1852
vn -0.0601 -0.9807 0.1861
vn -0.4883 -0.8208 -0.2965
vn -0.8395 -0.1444 -0.5238
vn -0.7958 0.4637 -0.3895
vn 0.3616 -0.8819 0.3026
vn 0.2947 -0.9091 0.2943
vn -0.0303 -0.9993 0.0203
vn 0.9131 -0.2143 0.3468
vn -0.3515 -0.9329 -0.0779
vn -0.3539 -0.9041 -0.2393
vn -0.5933 -0.6804 -0.4302
vn -0.8337 -0.4038 -0.3768
vn -0.7161 -0.3500 -0.6038
vn 0.8030 0.4391 0.4031
vn 0.9010 -0.0218 0.4333
vn 0.2635 -0.9645 -0.0144
vn -0.0852 -0.9960 0.0284
vn -0.2178 -0.9742 -0.0593
vn -0.4910 -0.8193 -0.2960
vn -0.8743 -0.1552 -0.4599
vn -0.6845 0.6983 -0.2094
vn 0.1840 -0.9326 0.3105
vn -0.6806 -0.4010 -0.6132
vn 0.8629 0.2016 0.4633
vn 0.8629 -0.3759 0.3378
vn 0.3466 -0.9288 -0.1313
vn 0.2034 -0.9782 -0.0432
vn -0.8120 0.4295 -0.3951
vn 0.3092 -0.9121 0.2693
vn 0.8396 -0.5057 0.1985
vn 0.9188 0.0276 0.3936
vn -0.3017 -0.9366 -0.1784
vn -0.4532 -0.8538 -0.2561
vn -0.8181 -0.3797 -0.4319
vn -0.8823 0.1525 -0.4453
vn -0.7240 0.6599 -0.2010
vn -0.3478 0.9373 0.0236
vn 0.5494 -0.5776 -0.6038
vn 0.4598 -0.8778 -0.1343
vn 0.7520 0.0095 -0.6592
vn 0.6489 -0.6930 0.3141
vn 0.1853 -0.9820 0.0375
vn -0.5623 -0.6324 -0.5328
vn -0.8365 -0.3313 -0.4366
vn 0.4163 -0.9021 0.1134
vn -0.6579 -0.6542 -0.3730
vn 0.7157 -0.4099 -0.5655
vn 0.0350 -0.9854 0.1668
vn 0.2183 -0.8466 0.4854
vn 0.0456 -0.7326 0.6791
vn 0.6505 -0.6915 0.3143
vn -0.5779 -0.7788 -0.2439
vn 0.7654 0.4600 0.4501
vn 0.9111 0.1342 0.3896
vn 0.2532 -0.9643 0.0778
vn -0.8719 -0.0324 -0.4886
vn -0.8830 0.1733 -0.4362
vn -0.4042 -0.4651 -0.7876
vn 0.1908 -0.9669 0.1693
vn 0.7148 -0.3591 -0.6001
vn 0.3508 -0.8172 -0.4574
vn -0.3136 -0.7451 0.5886
vn -0.4247 -0.6513 0.6289
vn -0.4610 -0.5603 0.6881
vn -0.1451 -0.7849 -0.6024
vn -0.0314 -0.7171 0.6962
vn 0.4991 -0.5445 0.6741
vn -0.1078 -0.9526 0.2844
vn -0.7466 -0.5919 -0.3037
vn -0.9093 -0.1439 -0.3905
vn 0.7094 -0.6886 0.1498
vn -0.8262 0.4522 -0.3360
vn -0.7513 0.6060 -0.2614
vn -0.4766 0.8586 -0.1891
vn -0.6702 -0.1085 -0.7342
vn -0.2666 -0.1981 -0.9432
vn -0.5987 -0.5241 -0.6057
vn 0.2067 -0.9468 -0.2465
vn 0.3197 -0.8400 -0.4385
vn 0.2082 -0.9672 -0.1458
vn -0.6866 -0.3994 0.6075
vn -0.6946 -0.3230 -0.6428
vn 0.6154 -0.3791 -0.6911
vn 0.5250 -0.0170 -0.8509
vn -0.3929 0.4676 0.7918
vn 0.0895 -0.9808 0.1734
vn -0.2338 -0.9712 0.0457
vn -0.7501 -0.5762 -0.3246
vn 0.4749 -0.8726 -0.1144
vn 0.1078 -0.9928 0.0520
vn -0.4588 -0.8556 -0.2396
vn -0.8325 -0.3116 -0.4581
vn -0.8457 0.4127 -0.3383
vn -0.0727 0.4028 -0.9124
vn -0.7309 -0.1819 0.6578
vn -0.8992 -0.3951 0.1877
vn -0.4761 -0.7775 -0.4108
vn -0.0167 -0.9822 -0.1868
vn -0.2746 -0.8270 0.4905
vn 0.8440 -0.3937 0.3642
vn -0.0974 -0.9139 -0.3940
vn -0.5248 -0.4983 -0.6901
vn 0.3778 -0.8183 -0.4332
vn 0.4244 -0.5782 -0.6969
vn 0.4084 -0.9067 -0.1049
vn 0.5546 -0.3797 -0.7405
vn 0.6656 -0.5282 -0.5272
vn 0.5899 -0.1452 -0.7943
vn 0.5274 -0.2196 -0.8208
vn 0.5754 0.0198 -0.8177
vn -0.6977 -0.6557 0.2886
vn 0.1977 -0.9538 0.2263
vn -0.8520 -0.4981 -0.1610
vn 0.8691 0.2755 0.4109
vn 0.8947 0.1540 0.4193
vn 0.9429 -0.0710 0.3254
vn 0.8740 -0.4477 0.1890
vn 0.4192 -0.8939 0.1587
vn -0.6591 -0.6533 -0.3725
vn -0.8102 -0.2828 -0.5134
vn -0.8436 0.4151 -0.3408
vn -0.5127 0.8585 -0.0043
vn -0.7871 -0.2342 -0.5707
vn -0.4337 -0.6526 0.6213
vn -0.5999 -0.4103 0.6869
vn -0.6415 -0.5330 0.5517
vn -0.2801 -0.5591 0.7803
vn 0.0743 -0.9819 0.1740
vn 0.6153 -0.7726 -0.1564
vn 0.3833 -0.9223 -0.0502
vn -0.6978 -0.7051 -0.1260
vn 0.8622 0.1922 0.4687
vn 0.9470 -0.1038 0.3041
vn 0.7053 -0.6932 0.1485
vn 0.0494 -0.9978 0.0444
vn -0.4926 -0.8256 -0.2752
vn 0.6579 -0.6995 -0.2789
vn 0.6761 -0.6597 -0.3283
vn -0.7704 -0.0387 -0.6363
vn -0.9818 -0.1872 -0.0314
vn -0.9663 -0.2360 -0.1026
vn -0.5976 -0.5859 0.5473
vn 0.3486 -0.9205 -0.1765
vn -0.5961 -0.4474 0.6667
vn -0.2707 -0.7742 0.5721
vn 0.5776 -0.6165 -0.5351
vn 0.6312 -0.7625 0.1420
vn 0.5566 -0.4940 -0.6679
vn 0.1585 -0.9175 0.3649
vn -0.1993 -0.9646 0.1726
vn -0.6821 -0.7312 0.0109
vn -0.8581 -0.5066 -0.0840
vn -0.7784 -0.5985 -0.1897
vn 0.8610 0.1927 0.4706
vn -0.8629 -0.0565 -0.5022
vn 0.7933 -0.3270 0.5136
vn -0.9664 -0.2356 -0.1031
vn -0.8169 0.0517 0.5744
vn -0.6587 -0.2663 0.7037
vn -0.6600 -0.1563 0.7348
vn 0.7198 -0.5873 -0.3701
vn 0.3577 -0.9286 0.0984
vn -0.2901 -0.9433 0.1611
vn 0.9008 -0.1221 0.4166
vn 0.7706 -0.5549 0.3136
vn -0.4485 -0.0703 0.8910
vn -0.8067 -0.2890 -0.5155
vn -0.8528 0.4299 -0.2964
vn -0.6101 -0.3494 0.7111
vn 0.3907 -0.4976 0.7744
vn -0.4441 -0.8946 0.0493
vn 0.8285 -0.4696 0.3049
vn 0.6749 -0.7299 0.1087
vn 0.4828 -0.8710 0.0914
vn 0.4533 -0.8844 0.1111
vn -0.6883 0.6827 -0.2455
vn -0.7911 0.5238 0.3158
vn -0.7215 0.1855 0.6671
vn -0.6447 -0.3906 0.6572
vn -0.4900 -0.1535 0.8581
vn -0.4078 -0.2729 0.8714
vn -0.4464 -0.2478 0.8598
vn -0.3264 -0.3322 0.8849
vn 0.1275 -0.6341 0.7626
vn 0.2311 -0.5299 0.8160
vn -0.0169 -0.9818 0.1892
vn -0.7109 -0.7030 -0.0209
vn -0.8620 -0.5053 0.0395
vn -0.9209 -0.3688 -0.1259
vn 0.9079 -0.0162 0.4188
vn -0.7353 -0.5200 -0.4347
vn 0.7900 0.1645 0.5906
vn -0.7688 0.3291 0.5483
vn 0.1215 -0.5014 0.8567
vn -0.1355 -0.6343 0.7611
vn -0.9859 0.1097 0.1265
vn -0.9319 0.3411 -0.1230
vn -0.4483 -0.2504 0.8581
vn -0.2484 -0.9447 0.2139
vn -0.9565 -0.2773 0.0908
vn 0.9029 -0.2435 0.3543
vn -0.8719 -0.2805 -0.4015
vn -0.8548 -0.2460 -0.4570
vn -0.9323 0.1111 -0.3442
vn -0.6692 0.2575 0.6970
vn -0.3549 0.8546 0.3789
vn -0.9956 0.0758 0.0549
vn 0.0303 -0.4740 0.8800
vn 0.4241 -0.7274 0.5395
vn -0.0659 -0.9764 0.2055
vn 0.9103 -0.0069 0.4139
vn 0.7277 -0.6856 -0.0207
vn 0.6525 -0.6856 0.3229
vn 0.4171 -0.8604 0.2928
vn -0.5034 -0.7931 -0.3430
vn -0.7317 -0.5302 -0.4284
vn -0.9241 -0.0039 -0.3821
vn -0.7665 0.5955 -0.2406
vn -0.4213 0.8471 0.3238
vn -0.5661 0.7505 0.3411
vn -0.6310 0.2234 0.7429
vn -0.4448 -0.2631 0.8561
vn -0.2352 -0.3295 0.9144
vn 0.2972 -0.2303 0.9266
vn 0.5361 -0.2766 0.7975
vn -0.1507 -0.9535 0.2612
vn -0.5332 -0.8281 0.1729
vn -0.7383 -0.6577 0.1495
vn -0.7978 -0.5592 0.2254
vn -0.9710 -0.2140 0.1068
vn 0.3580 -0.9113 0.2034
vn -0.8416 0.4646 -0.2756
vn -0.5076 0.8613 0.0239
vn -0.9035 0.4054 0.1394
vn -0.4404 0.8453 -0.3024
vn -0.8935 0.4339 -0.1158
vn -0.1785 -0.1635 0.9703
vn 0.1784 -0.0898 0.9799
vn 0.3368 0.2345 0.9119
vn 0.8098 -0.4902 0.3223
vn -0.8767 -0.4773 0.0596
vn -0.9069 -0.4011 0.1291
vn 0.7452 -0.6628 0.0739
vn 0.6268 -0.7183 0.3020
vn -0.5460 -0.7939 -0.2676
vn -0.6113 0.7914 0.0105
vn -0.7805 0.5236 -0.3416
vn 0.4618 -0.8870 0.0066
vn -0.7617 0.3303 0.5575
vn -0.6205 0.6760 0.3976
vn -0.6421 0.4078 0.6492
vn -0.6102 0.0966 0.7864
vn -0.4340 -0.2544 0.8642
vn 0.0849 -0.9283 0.3619
vn -0.1526 -0.9181 0.3658
vn -0.4829 -0.8151 0.3200
vn -0.8761 -0.4063 0.2595
vn 0.0474 -0.9988 -0.0113
vn -0.7498 -0.5367 -0.3869
vn -0.8501 -0.1551 -0.5033
vn -0.9063 0.2423 -0.3462
vn -0.8676 0.4255 -0.2575
vn -0.9108 0.3768 -0.1688
vn -0.7064 0.6558 -0.2663
vn -0.6583 0.5369 0.5276
vn -0.6901 0.7231 -0.0311
vn -0.9820 0.1731 0.0756
vn -0.6966 -0.0167 0.7173
vn 0.5175 -0.0490 0.8543
vn -0.0501 -0.8545 0.5171
vn -0.5916 -0.7291 0.3440
vn -0.8199 -0.5196 0.2403
vn 0.9176 -0.0563 0.3935
vn 0.5869 -0.7868 0.1909
vn 0.2984 -0.9527 0.0570
vn -0.1782 -0.9757 -0.1277
vn -0.7697 -0.4790 -0.4220
vn -0.8194 -0.2357 -0.5225
vn -0.9174 0.0109 -0.3977
vn -0.9672 0.1624 -0.1954
vn -0.8953 0.4434 -0.0428
vn -0.7043 0.6084 -0.3658
vn 0.0796 -0.9125 0.4012
vn 0.0929 -0.9118 0.4000
vn 0.8882 -0.2595 0.3792
vn 0.7283 -0.6099 0.3124
vn -0.7493 -0.2910 -0.5949
vn -0.9043 0.2732 -0.3281
vn -0.3447 0.9341 -0.0931
vn -0.9512 0.0324 -0.3069
vn -0.9670 0.1038 -0.2328
vn -0.7959 0.5062 -0.3322
vn -0.7266 0.0695 -0.6835
vn -0.0713 -0.1006 0.9924
vn 0.0694 -0.0683 0.9953
vn -0.1099 -0.9320 0.3453
vn -0.7837 -0.4746 0.4007
vn 0.8907 0.3863 0.2397
vn -0.7449 -0.4430 -0.4989
vn -0.9106 -0.0818 -0.4051
vn -0.9164 -0.1199 -0.3820
vn -0.9243 0.1866 -0.3330
vn -0.8684 0.4359 -0.2364
vn -0.5424 0.8227 -0.1703
vn -0.1017 -0.6242 0.7746
vn -0.3522 0.3222 -0.8787
vn -0.1000 -0.6235 0.7754
vn -0.8001 0.0185 -0.5995
vn -0.9062 0.1180 -0.4060
vn -0.7100 0.0513 -0.7023
vn -0.7768 -0.0533 0.6275
vn -0.7384 -0.1168 0.6641
vn -0.5377 -0.2348 0.8098
vn 0.2201 0.0621 0.9735
vn -0.5148 -0.7021 0.4920
vn -0.8223 -0.5176 0.2364
vn 0.8517 -0.3843 0.3562
vn 0.5204 -0.8144 0.2566
vn 0.3801 -0.9094 0.1690
vn -0.7051 -0.2848 -0.6494
vn 0.4188 -0.2503 0.8729
vn -0.6343 0.1706 -0.7540
vn -0.7125 0.0689 -0.6983
vn -0.9930 -0.1130 0.0343
vn -0.0541 -0.0399 0.9977
vn 0.1646 -0.8969 0.4105
vn 0.0743 -0.9035 0.4222
vn -0.7804 -0.4704 0.4120
vn -0.7945 -0.4465 0.4115
vn 0.8965 -0.1650 0.4111
vn 0.7453 -0.5805 0.3279
vn 0.6146 -0.0480 0.7874
vn 0.5891 0.0108 0.8080
vn 0.6900 0.2451 0.6811
vn -0.4888 -0.1456 -0.8602
vn 0.1042 0.1425 0.9843
vn 0.1550 0.2570 0.9539
vn -0.7175 -0.5296 -0.4524
vn 0.6003 -0.7812 0.1714
vn 0.0967 -0.9072 0.4095
vn -0.4730 -0.7420 0.4752
vn -0.8040 -0.4420 0.3978
vn 0.7614 -0.4643 0.4524
vn 0.5152 -0.8176 0.2570
vn 0.6548 -0.0030 0.7558
vn -0.5785 -0.6964 -0.4246
vn -0.1528 0.5005 -0.8522
vn -0.8756 -0.1597 -0.4559
vn 0.1286 0.1671 0.9775
vn 0.8029 -0.5961 0.0015
vn 0.3969 0.4246 0.8137
vn 0.8105 -0.5783 0.0932
vn 0.7169 0.0866 0.6918
vn 0.1715 -0.8036 0.5699
vn -0.0341 -0.8636 0.5030
vn -0.2460 -0.8493 0.4671
vn 0.6392 -0.3639 0.6775
vn -0.6381 -0.2097 -0.7409
vn -0.7222 -0.4566 -0.5196
vn -0.9258 0.1953 -0.3237
vn -0.5529 0.8252 -0.1159
vn -0.9167 0.2277 -0.3285
vn -0.3035 0.3988 0.8653
vn -0.9922 -0.1120 0.0541
vn -0.9176 -0.1737 0.3576
vn -0.5998 0.0850 0.7956
vn -0.9883 -0.1475 0.0379
vn 0.8057 -0.5841 0.0984
vn 0.3252 -0.7971 0.5088
vn 0.0944 -0.8292 0.5510
vn -0.1555 -0.7676 0.6217
vn -0.9161 -0.2245 0.3322
vn -0.4385 -0.6954 0.5693
vn -0.8031 -0.5369 0.2582
vn 0.8672 -0.4859 -0.1086
vn 0.6967 -0.4792 0.5339
vn 0.0838 -0.9913 0.1017
vn 0.0946 -0.9892 0.1120
vn -0.6716 -0.6003 -0.4343
vn -0.9245 -0.1009 -0.3677
vn -0.6151 -0.1838 -0.7668
vn -0.8181 -0.3511 -0.4554
vn -0.1444 0.1359 0.9801
vn -0.6365 -0.2994 0.7108
vn 0.4185 0.7470 0.5166
vn 0.7204 -0.1691 0.6727
vn 0.6237 -0.6937 0.3603
vn 0.0310 -0.5102 0.8595
vn -0.0178 -0.7119 0.7020
vn 0.2820 -0.7552 0.5917
vn -0.3537 0.6878 0.6339
vn -0.6419 -0.5431 -0.5412
vn -0.9136 0.2217 -0.3409
vn -0.3861 0.1422 -0.9114
vn -0.8200 -0.3433 -0.4580
vn 0.9012 -0.2678 0.3409
vn -0.7972 -0.5247 0.2986
vn 0.5756 -0.6225 0.5303
vn 0.4422 -0.5527 0.7063
vn 0.4586 -0.5578 0.6918
vn 0.4310 -0.4056 0.8061
vn 0.0552 -0.5590 0.8273
vn -0.0054 -0.7367 0.6762
vn -0.3915 -0.7346 0.5542
vn 0.6863 -0.3598 0.6321
vn 0.5734 -0.7129 0.4037
vn -0.6733 -0.6693 -0.3140
vn -0.7622 -0.5738 -0.2998
vn -0.9986 -0.0387 0.0372
vn -0.9335 -0.1915 0.3032
vn 0.2432 -0.6863 0.6854
vn 0.1623 -0.4212 0.8923
vn 0.1286 -0.2609 0.9567
vn -0.0877 -0.5839 0.8071
vn 0.1904 -0.6979 0.6904
vn -0.6729 -0.5825 0.4559
vn -0.6283 -0.3750 -0.6816
vn -0.6591 -0.2023 -0.7243
vn -0.7120 -0.6840 -0.1586
vn -0.9024 0.3190 -0.2897
vn -0.9014 0.2478 -0.3552
vn 0.6562 -0.4216 0.6259
vn 0.1688 -0.3338 0.9274
vn -0.6370 -0.5058 0.5817
vn -0.2529 -0.6843 0.6840
vn 0.6365 -0.6669 0.3874
vn -0.2483 -0.8969 -0.3659
vn -0.6070 -0.4261 -0.6708
vn -0.6307 -0.7577 -0.1678
vn -0.7112 -0.4580 -0.5333
vn -0.7105 -0.6923 -0.1259
vn -0.9208 -0.0166 -0.3896
vn -0.9218 0.2640 -0.2837
vn -0.9611 -0.1335 0.2416
vn -0.1994 -0.4410 0.8751
vn 0.3213 -0.1492 0.9352
vn 0.4048 -0.6912 0.5987
vn -0.7272 -0.5044 -0.4657
vn -0.6898 -0.6838 -0.2377
vn -0.9470 -0.1290 -0.2940
vn -0.7861 0.3696 -0.4954
vn -0.8654 0.2300 -0.4451
vn -0.6098 -0.5879 -0.5315
vn -0.8033 -0.5944 -0.0365
vn -0.9421 -0.0122 -0.3351
vn -0.9546 0.2001 -0.2208
vn -0.8870 -0.4484 -0.1104
vn -0.6277 -0.7654 -0.1417
vn -0.9165 0.0171 -0.3996
vn -0.8959 0.2477 -0.3689
vn -0.8940 0.2604 -0.3646
vn 0.1433 0.9894 -0.0232
vn -0.3250 -0.9457 0.0010
vn -0.4881 -0.7288 -0.4803
vn -0.9530 0.1997 -0.2278
vn -0.6312 -0.3768 -0.6779
vn -0.6332 -0.5370 -0.5575
vn -0.9301 -0.1739 -0.3236
vn -0.9045 0.2217 -0.3644
vn -0.8061 -0.2035 -0.5557
vn -0.8252 -0.1873 -0.5329
vn -0.2540 0.4680 0.8464
vn -0.4274 -0.8954 -0.1251
vn -0.5109 -0.8492 0.1334
vn -0.7085 -0.4218 -0.5658
vn -0.8080 -0.5337 -0.2497
vn -0.4592 -0.8590 -0.2266
vn -0.9578 0.0324 -0.2856
vn -0.9497 0.0586 -0.3076
vn -0.9406 0.3386 0.0270
vn -0.2430 -0.9486 -0.2026
vn -0.2842 -0.7899 -0.5434
vn -0.1303 -0.9908 -0.0374
vn -0.4260 -0.8594 -0.2828
vn -0.5961 -0.6876 -0.4146
vn -0.6588 -0.7495 0.0646
vn -0.8220 -0.5504 0.1459
vn -0.9858 0.1678 -0.0097
vn -0.2449 -0.9478 -0.2040
vn -0.1430 -0.9890 -0.0380
vn -0.6026 -0.7914 0.1030
vn -0.7946 -0.5971 0.1096
vn -0.9518 -0.3063 0.0167
vn -0.9659 0.2243 -0.1296
vn -0.0915 -0.9884 0.1214
vn -0.1489 -0.9794 0.1366
vn -0.8181 -0.4773 0.3207
vn -0.9796 -0.1014 0.1737
vn -0.9736 0.2263 -0.0294
vn -0.1653 -0.9809 0.1029
vn -0.2967 -0.9503 0.0943
vn -0.6623 -0.6810 0.3125
vn -0.8481 -0.4450 0.2876
vn -0.8438 -0.4949 0.2075
vn -0.9088 -0.2749 0.3138
vn -0.9690 0.2458 0.0254
vn -0.1659 -0.9686 0.1852
vn -0.4134 -0.8888 0.1980
vn -0.3429 -0.9393 -0.0074
vn -0.6820 -0.6685 0.2967
vn -0.8278 0.5318 -0.1788
vn -0.8307 0.5288 -0.1742
vn -0.4195 -0.7425 0.5223
vn -0.4138 -0.7229 0.5533
vn -0.2350 -0.9718 0.0197
vn -0.9708 -0.1978 0.1355
vn -0.9691 0.2453 0.0262
vn -0.3338 -0.7514 0.5692
vn -0.3782 -0.7538 0.5374
vn -0.5415 -0.7432 0.3929
vn -0.6768 -0.7262 0.1205
vn -0.3619 -0.9015 0.2375
vn -0.3889 -0.8973 0.2086
vn -0.3246 -0.7635 0.5583
vn -0.4703 -0.8461 0.2510
vn 0.1601 -0.9345 0.3178
vn 0.7387 -0.6414 -0.2071
vn 0.2635 -0.9410 0.2122
vn -0.4219 -0.7572 0.4987
vn 0.0773 -0.9771 0.1983
vn -0.8474 0.5144 -0.1316
vn 0.8450 -0.5319 -0.0551
vn -0.4757 -0.5975 0.6456
vn -0.8549 -0.4585 0.2428
vn -0.7764 -0.5718 0.2649
vn -0.9252 0.3658 -0.1007
vn -0.5336 -0.5276 0.6610
vn -0.6187 -0.6097 0.4955
vn -0.9717 0.2360 -0.0120
vn 0.5793 -0.8058 0.1232
vn 0.1583 -0.9276 0.3384
vn -0.2914 -0.8707 0.3962
vn -0.6039 -0.6223 0.4980
vn -0.8564 -0.4546 0.2447
vn -0.8490 0.5035 -0.1600
vn -0.5460 0.6962 -0.4660
vn 0.9941 -0.1080 -0.0117
vn -0.5751 -0.6467 0.5009
vn -0.6059 -0.6283 0.4880
vn -0.6749 -0.6447 0.3590
vn -0.9402 0.3366 -0.0520
vn -0.7565 -0.6007 0.2587
vn 0.9983 -0.0310 -0.0491
vn 0.5880 -0.7995 0.1224
vn -0.9821 0.0660 -0.1766
vn -0.3152 -0.8712 0.3764
vn -0.7004 -0.6059 0.3773
vn -0.8240 -0.4660 0.3223
vn -0.9900 -0.0241 0.1388
vn -0.9405 0.3327 -0.0691
vn 0.9880 0.1403 0.0647
vn 0.8337 -0.5480 0.0681
vn 0.4607 -0.8656 0.1963
vn 0.1171 -0.9421 0.3141
vn -0.7511 -0.5016 0.4293
vn -0.8459 0.5042 -0.1739
vn -0.6432 0.6352 -0.4276
vn -0.7393 0.6725 -0.0343
vn 0.8569 -0.4485 -0.2541
vn 0.9230 -0.3848 -0.0007
vn -0.6876 -0.5723 0.4468
vn -0.7454 -0.5030 0.4374
vn -0.9573 -0.1993 0.2093
vn -0.9942 0.1046 0.0255
vn -0.9953 0.0601 0.0758
vn -0.9403 0.3333 -0.0691
vn 0.9228 -0.3378 0.1851
vn -0.8697 -0.3471 0.3509
vn -0.7992 -0.4533 0.3947
vn -0.6597 0.1475 0.7369
vn -0.6650 0.7041 -0.2493
vn 0.8282 -0.5487 0.1141
vn 0.5918 -0.7885 0.1671
vn 0.1263 -0.9464 0.2972
vn -0.5143 -0.7713 0.3749
vn -0.6366 -0.6573 0.4034
vn -0.8845 0.4491 -0.1266
vn -0.7537 0.6325 -0.1787
vn 0.8675 -0.4898 0.0868
vn -0.2382 -0.9021 0.3598
vn -0.6750 -0.6265 0.3897
vn -0.9264 0.3621 -0.1036
vn -0.9312 0.3565 -0.0755
vn 0.6687 -0.7356 0.1088
vn 0.3993 -0.8981 0.1842
vn -0.5236 -0.7374 0.4267
vn -0.9667 -0.1324 0.2191
vn 0.2715 -0.0887 0.9583
vn 0.9450 -0.3258 -0.0297
vn 0.8055 -0.5443 0.2344
vn -0.2788 -0.8885 0.3645
vn -0.7966 -0.4645 0.3868
vn -0.8861 -0.3283 0.3271
vn -0.6298 0.7628 -0.1467
vn -0.4195 -0.8167 0.3961
vn -0.6566 -0.6204 0.4290
vn -0.8770 -0.3475 0.3319
vn 0.9585 -0.2767 0.0691
vn -0.6473 -0.6283 0.4315
vn -0.9726 -0.1132 0.2030
vn -0.9224 0.3721 -0.1033
vn 0.9843 -0.1763 0.0033
vn -0.9920 0.0894 0.0890
vn -0.9336 0.3490 -0.0818
vn 0.8347 -0.5311 0.1453
vn 0.5499 -0.5718 0.6088
vn 0.9767 0.0346 0.2118
vn 0.7129 -0.6839 0.1553
vn 0.4270 -0.6807 0.5953
vn 0.7843 -0.5957 0.1733
vn 0.8236 -0.5523 0.1291
vn 0.4847 -0.8638 0.1376
vn -0.4547 -0.7797 0.4305
vn -0.8335 -0.4054 0.3753
vn -0.9220 0.3775 -0.0858
vn -0.8777 0.4404 -0.1889
vn 0.9692 0.2061 -0.1345
vn 0.8614 -0.4890 0.1372
vn 0.8866 -0.4441 0.1295
vn 0.5117 -0.8441 0.1600
vn -0.4879 -0.7599 0.4296
vn -0.8832 0.4456 -0.1463
vn 0.5355 -0.7932 0.2900
vn 0.0704 -0.9606 0.2689
vn -0.9835 0.1736 0.0508
vn -0.7435 0.6070 -0.2806
vn -0.5955 0.7014 -0.3918
vn 0.0333 -0.9666 0.2543
vn 0.5967 -0.1716 0.7839
vn -0.9875 0.1539 0.0351
vn -0.8513 0.4832 -0.2043
vn 0.2966 -0.9442 0.1431
vn -0.0964 -0.9466 0.3076
vn 0.9787 0.1839 -0.0917
vn 0.7752 -0.6091 0.1678
vn -0.8231 -0.4514 0.3447
vn -0.9742 -0.0759 0.2125
vn -0.9922 0.0319 0.1209
vn 0.9367 -0.3420 -0.0744
vn -0.9404 0.3273 -0.0920
vn -0.7518 0.5988 -0.2759
vn 0.9239 -0.2007 -0.3258
vn 0.2059 -0.9590 0.1950
vn 0.2344 -0.9703 0.0596
vn 0.9967 -0.0781 0.0206
vn 0.8034 -0.5844 0.1144
vn 0.8759 -0.4367 -0.2053
vn 0.5077 -0.8115 0.2894
vn 0.4768 -0.8279 0.2954
vn 0.2362 -0.7552 0.6115
vn 0.2789 -0.8845 0.3740
vn -0.9940 0.0216 0.1077
vn -0.8509 0.4892 -0.1914
vn 0.9809 -0.1165 -0.1555
vn 0.9442 0.2258 -0.2397
vn 0.9081 -0.3712 -0.1940
vn 0.7753 -0.6288 0.0588
vn 0.4706 -0.8177 0.3314
vn 0.2364 -0.7659 0.5979
vn -0.9484 0.3113 -0.0598
vn -0.7825 -0.5596 0.2731
vn -0.9461 -0.2593 0.1938
vn 0.8964 -0.4155 -0.1542
vn 0.7613 -0.6353 -0.1293
vn 0.2160 -0.7521 0.6226
vn -0.1050 -0.8635 0.4934
vn 0.9943 -0.0767 -0.0743
vn 0.9220 -0.3785 -0.0813
vn 0.8690 -0.4940 0.0280
vn 0.7678 -0.6361 0.0769
vn 0.8224 -0.5581 -0.1107
vn 0.3016 -0.8273 0.4739
vn -0.1805 -0.8532 0.4893
vn -0.1007 -0.8661 0.4896
vn -0.9783 0.2059 -0.0219
vn -0.8191 0.5252 -0.2305
vn -0.8151 0.5273 -0.2399
vn 0.1598 -0.7985 0.5805
vn -0.9501 -0.2312 0.2095
vn -0.8246 0.5118 -0.2412
vn 0.6830 -0.2777 0.6756
vn 0.8943 -0.4329 0.1129
vn 0.8885 -0.4430 0.1199
vn 0.7933 -0.6084 0.0214
vn -0.9950 0.0983 -0.0148
vn -0.6996 0.6196 -0.3559
vn 0.7697 -0.6036 0.2080
vn 0.5565 -0.8192 0.1383
vn 0.1485 -0.8489 0.5072
vn -0.8795 0.4219 -0.2201
vn -0.7004 0.6185 -0.3562
vn 0.6773 -0.7016 0.2214
vn -0.0055 -0.8803 0.4743
vn -0.7160 0.6606 -0.2258
vn 0.8841 -0.4553 0.1053
vn 0.8150 -0.5572 0.1592
vn 0.8398 -0.5319 0.1091
vn 0.2031 -0.9010 0.3833
vn -0.9794 0.1979 -0.0400
vn 0.9326 -0.3588 0.0383
vn 0.9384 -0.3442 -0.0290
vn 0.6815 -0.7096 0.1791
vn -0.6888 -0.6183 0.3785
vn -0.6903 0.6989 -0.1872
vn 0.8234 -0.5624 0.0761
vn 0.8003 -0.5920 0.0956
vn 0.8108 -0.5494 0.2019
vn 0.6623 -0.7298 0.1694
vn 0.0402 -0.9059 0.4215
vn -0.7480 0.6306 -0.2072
vn 0.3788 -0.8761 0.2982
vn -0.4438 0.1719 0.8795
vn -0.2748 -0.8465 0.4560
vn -0.9248 -0.3163 0.2115
vn -0.8645 0.4822 -0.1417
vn -0.7431 0.6327 -0.2181
vn -0.5367 0.8001 -0.2678
vn 0.3867 -0.8897 0.2428
vn -0.2547 -0.8540 0.4537
vn -0.9684 0.2412 -0.0631
vn -0.7365 0.6447 -0.2047
vn 0.9249 -0.3795 -0.0241
vn 0.8341 -0.5514 -0.0132
vn 0.2351 -0.9344 0.2678
vn -0.8601 0.4899 -0.1423
vn 0.9418 -0.3155 -0.1159
vn 0.9190 -0.3828 0.0947
vn 0.8931 -0.4408 0.0901
vn 0.6320 -0.7339 0.2488
vn 0.3703 -0.9005 0.2278
vn -0.0862 -0.9035 0.4199
vn 0.9001 -0.4184 -0.1210
vn 0.8532 -0.5210 0.0262
vn 0.3505 -0.8728 0.3396
vn -0.9039 0.4277 -0.0035
vn -0.6730 0.6911 -0.2635
vn 0.4620 0.4595 -0.7586
vn 0.9536 -0.1306 -0.2712
vn 0.4263 -0.7590 0.4922
vn -0.4389 0.8781 -0.1906
vn 0.9511 -0.1167 -0.2861
vn 0.9447 -0.1817 -0.2731
vn 0.9208 -0.3715 -0.1192
vn 0.9045 -0.4158 -0.0951
vn 0.9293 -0.3605 -0.0809
vn 0.9083 -0.3615 0.2104
vn -0.8837 -0.4129 0.2204
vn -0.6707 0.6921 -0.2666
vn -0.2879 0.9516 -0.1077
vn 0.5863 -0.7218 0.3678
vn 0.4218 -0.7574 0.4984
vn 0.3912 -0.8349 0.3871
vn -0.9634 0.2681 0.0015
vn -0.8463 0.5092 -0.1563
vn -0.6701 0.7186 -0.1857
vn 0.9531 -0.3024 -0.0152
vn 0.8020 -0.5560 0.2184
vn -0.1608 -0.9166 0.3659
vn -0.6753 0.7117 -0.1933
vn 0.9856 -0.1034 -0.1340
vn 0.9511 -0.2369 -0.1985
vn 0.9339 -0.3525 0.0599
vn 0.2664 -0.8884 0.3740
vn -0.6653 0.7366 -0.1213
vn 0.9776 -0.2026 -0.0568
vn 0.9638 -0.2638 -0.0390
vn 0.8509 -0.5145 0.1059
vn -0.6317 -0.7008 0.3316
vn -0.5713 -0.7502 0.3328
vn 0.9978 -0.0591 -0.0314
vn 0.3271 -0.8676 0.3744
vn -0.2436 0.9401 -0.2386
vn -0.4885 -0.0779 0.8691
vn 0.9624 0.0912 -0.2559
vn 0.9613 -0.2650 0.0750
vn -0.5982 -0.7200 0.3519
vn -0.8370 -0.4743 0.2727
vn -0.8909 -0.3764 0.2542
vn -0.9045 0.4246 -0.0390
vn 0.9887 -0.1352 0.0640
vn 0.9627 -0.2596 0.0758
vn 0.8681 -0.4357 0.2378
vn -0.7814 0.6084 -0.1388
vn -0.7576 0.6321 -0.1627
vn -0.6674 0.7424 -0.0579
vn 0.9458 0.2634 -0.1899
vn 0.9991 -0.0413 0.0130
vn 0.9227 -0.3010 0.2410
vn 0.0811 -0.9359 0.3428
vn 0.9998 0.0117 0.0131
vn 0.0271 -0.9394 0.3418
vn -0.8959 0.4420 -0.0451
vn -0.7338 0.6692 -0.1171
vn -0.8277 0.5600 -0.0372
vn -0.2037 0.9464 -0.2506
vn 0.4067 -0.8608 0.3059
vn -0.9731 0.2235 0.0562
vn 0.9989 0.0440 -0.0132
vn 0.9002 -0.4000 0.1723
vn 0.6516 -0.7085 0.2710
vn 0.2294 -0.9334 0.2758
vn -0.0225 -0.9506 0.3096
vn -0.9694 0.2401 0.0510
vn -0.7664 0.6420 -0.0202
vn -0.6792 0.7295 -0.0808
vn -0.6726 0.7334 -0.0988
vn -0.6866 0.1293 0.7154
vn 0.8503 -0.4931 0.1839
vn 0.2192 -0.9357 0.2765
vn -0.8644 0.0053 0.5027
vn 0.9826 -0.1755 0.0608
vn 0.8473 -0.5015 0.1748
vn 0.1000 -0.9621 0.2536
vn -0.0388 -0.9498 0.3105
vn -0.9910 -0.0285 0.1308
vn -0.6733 0.7320 -0.1042
vn -0.5285 0.7940 -0.3004
vn 0.9847 -0.1740 -0.0111
vn 0.4703 -0.8505 0.2355
vn 0.9979 -0.0165 -0.0628
vn 0.9822 -0.1874 0.0098
vn -0.8424 0.1443 0.5192
vn -0.9875 -0.0594 0.1461
vn -0.7873 0.6162 -0.0208
vn 0.9910 -0.1311 0.0281
vn 0.1857 -0.9317 0.3121
vn 0.1554 -0.8685 0.4706
vn -0.7078 0.6968 -0.1162
vn 0.9802 -0.0494 -0.1918
vn 0.3961 -0.8352 0.3815
vn 0.4495 -0.8332 0.3219
vn 0.3376 -0.8487 0.4072
vn 0.1746 -0.8731 0.4551
vn -0.8202 0.5714 -0.0264
vn 0.9531 0.2773 -0.1209
vn 0.0939 -0.9168 0.3882
vn -0.5884 -0.7559 0.2870
vn -0.8508 -0.4738 0.2274
vn -0.8196 0.5723 -0.0278
vn 0.9400 -0.3395 0.0338
vn -0.8970 0.1247 -0.4242
vn -0.4350 -0.8399 0.3246
vn 0.6495 -0.7305 0.2111
vn -0.0706 -0.9156 0.3958
vn -0.2180 -0.9088 0.3557
vn -0.9497 -0.2593 0.1754
vn 0.9899 -0.0625 -0.1272
vn 0.9894 -0.1265 -0.0708
vn 0.9426 -0.3316 0.0400
vn -0.3161 -0.8803 0.3537
vn -0.8232 -0.5194 0.2293
vn -0.8723 0.4872 0.0410
vn 0.9617 -0.2741 -0.0103
vn 0.8760 -0.4757 0.0794
vn 0.3746 -0.8642 0.3359
vn -0.9901 0.1362 0.0353
vn -0.9881 -0.0431 0.1474
vn -0.9250 0.3733 0.0716
vn -0.7735 0.6327 0.0377
vn 0.9889 -0.0567 -0.1372
vn 0.6463 -0.7270 0.2318
vn -0.9632 0.2540 0.0881
vn -0.4407 0.8923 -0.0978
vn 0.7923 -0.5938 0.1404
vn -0.6710 0.7115 -0.2085
vn 0.9941 0.0179 -0.1074
vn 0.9591 -0.2824 -0.0176
vn -0.3281 -0.8709 0.3659
vn -0.6394 -0.7136 0.2863
vn -0.7959 0.6047 0.0296
vn 0.6094 -0.7546 0.2433
vn 0.2808 -0.8973 0.3406
vn 0.2862 -0.8947 0.3428
vn -0.9687 -0.1409 0.2042
vn -0.9401 0.3223 0.1108
vn 0.9531 0.2723 -0.1324
vn 0.9662 -0.2573 -0.0168
vn 0.8472 -0.5178 0.1188
vn -0.5159 0.8446 -0.1432
vn 0.7856 0.4069 -0.4661
vn 0.9755 -0.2095 -0.0666
vn 0.9789 -0.1907 -0.0739
vn 0.9500 -0.3122 0.0037
vn -0.0749 -0.9237 0.3757
vn -0.3914 -0.8547 0.3410
vn 0.1898 -0.3734 0.9080
vn -0.8517 0.5240 -0.0111
vn -0.6301 -0.7160 0.3005
vn -0.8924 0.4507 0.0237
vn -0.8451 0.5328 0.0428
vn 0.0170 -0.9354 0.3533
vn -0.6991 -0.6626 0.2686
vn -0.8157 -0.5253 0.2423
vn -0.8832 -0.4172 0.2141
vn 0.3368 -0.1252 0.9332
vn 0.9948 0.0958 -0.0334
vn 0.9721 -0.1812 -0.1490
vn 0.9398 -0.3380 0.0493
vn 0.4917 -0.6785 0.5458
vn -0.7932 -0.5594 0.2405
vn -0.9001 0.4292 0.0751
vn -0.7759 0.5141 0.3656
vn 0.9832 0.1143 -0.1422
vn 0.6245 -0.7426 0.2420
vn -0.5586 -0.7704 0.3073
vn -0.8711 0.4740 0.1280
vn 0.7806 -0.6058 0.1540
vn -0.8024 -0.4798 0.3549
vn -0.7011 0.1752 0.6912
vn -0.8981 0.2490 0.3625
vn 0.5565 -0.0894 0.8260
vn 0.9720 -0.2322 0.0368
vn 0.9653 -0.2528 0.0660
vn 0.9405 -0.3356 0.0532
vn 0.3619 -0.8796 0.3088
vn -0.9743 0.0220 0.2242
vn 0.5670 -0.0426 0.8226
vn 0.6740 0.2640 0.6899
vn 0.0594 -0.9484 0.3113
vn -0.2437 -0.9226 0.2990
vn -0.5628 -0.7684 0.3046
vn -0.6900 -0.6226 0.3691
vn -0.7383 -0.5475 0.3939
vn -0.9497 0.2521 0.1855
vn 0.9769 -0.2115 -0.0291
vn 0.8003 -0.5602 0.2138
vn 0.8544 -0.4971 0.1515
vn -0.0046 -0.9459 0.3246
vn -0.6322 -0.7125 0.3044
vn -0.7750 -0.5035 0.3820
vn -0.9585 0.0222 0.2842
vn -0.0298 0.3525 0.9353
vn -0.8716 0.4676 -0.1474
vn -0.8791 0.4594 -0.1267
vn 0.8700 -0.4850 0.0884
vn -0.2869 -0.9309 0.2263
vn -0.3923 -0.8938 0.2174
vn -0.6404 -0.7185 0.2714
vn -0.8241 0.4323 -0.3661
vn 0.7777 -0.5943 0.2049
vn -0.8460 0.1683 0.5060
vn -0.5941 -0.7138 0.3709
vn -0.9529 0.0008 0.3034
vn -0.9456 0.2799 0.1656
vn -0.9501 0.2136 0.2275
vn -0.1512 0.4282 0.8910
vn -0.8199 0.4493 -0.3547
vn -0.6727 -0.2944 -0.6788
vn 0.7663 -0.1639 0.6212
vn -0.8543 0.2170 -0.4722
vn 0.5541 -0.7760 0.3012
vn 0.5220 -0.8152 0.2511
vn 0.4868 -0.8314 0.2682
vn -0.3952 -0.8909 0.2238
vn -0.6044 -0.7960 0.0322
vn -0.4665 -0.7621 0.4490
vn -0.6180 0.0915 0.7808
vn -0.8978 0.4145 -0.1487
vn -0.8148 0.4307 -0.3880
vn -0.9497 0.0060 -0.3131
vn -0.8923 0.2156 -0.3967
vn 0.4488 -0.8156 0.3653
vn -0.5997 -0.7804 0.1773
vn -0.2237 -0.9328 0.2825
vn -0.6362 -0.7660 0.0918
vn -0.5385 -0.8422 0.0264
vn -0.9179 0.3841 -0.0993
vn -0.8653 0.2524 -0.4331
vn -0.8572 0.1087 -0.5034
vn 0.9216 -0.1106 0.3721
vn 0.0233 -0.9623 0.2708
vn 0.1871 -0.9322 0.3098
vn -0.6203 -0.7648 0.1741
vn -0.5293 -0.7308 0.4310
vn -0.9568 -0.0599 0.2844
vn -0.9245 0.3617 -0.1206
vn -0.6880 0.7114 -0.1437
vn -0.9745 0.2193 -0.0466
vn -0.7736 -0.3114 -0.5519
vn -0.4808 -0.1059 0.8704
vn 0.2981 -0.8972 0.3260
vn -0.3736 -0.8847 0.2787
vn -0.6190 -0.7663 0.1720
vn -0.3652 -0.8629 0.3494
vn -0.4078 -0.9021 0.1411
vn -0.6412 -0.6117 0.4634
vn -0.7361 -0.5324 0.4180
vn 0.2723 -0.1000 0.9570
vn -0.9890 0.1461 0.0240
vn -0.9549 0.2938 0.0426
vn -0.9652 0.0340 -0.2591
vn 0.2781 -0.4095 0.8689
vn 0.4806 -0.8454 0.2330
vn 0.5468 -0.7604 0.3504
vn -0.8601 -0.3317 0.3876
vn -0.5155 -0.6436 0.5657
vn -0.9390 -0.0066 0.3438
vn -0.5110 0.3542 0.7833
vn 0.2667 -0.8900 0.3699
vn -0.0279 -0.9347 0.3543
vn -0.5628 -0.7794 0.2751
vn 0.1243 -0.3374 0.9331
vn -0.6284 -0.2522 0.7359
vn -0.5991 -0.6441 0.4756
vn -0.2521 -0.5930 0.7647
vn -0.4928 -0.6608 0.5661
vn -0.7856 -0.2518 0.5652
vn -0.9682 0.0883 0.2341
vn -0.0243 -0.9337 0.3572
vn -0.4447 -0.8252 0.3484
vn -0.3580 -0.8650 0.3516
vn -0.9834 0.0507 0.1741
vn -0.9597 0.0814 0.2690
vn -0.2555 -0.6518 0.7141
vn -0.2675 -0.6550 0.7067
vn -0.9352 0.1237 -0.3319
vn -0.5138 0.1080 0.8511
vn -0.5954 -0.4637 0.6561
vn -0.8741 0.4801 0.0738
vn 0.2414 -0.9002 0.3625
vn -0.3935 -0.8668 0.3063
vn 0.2223 -0.7435 0.6307
vn -0.1737 -0.7987 0.5761
vn 0.7852 -0.6163 -0.0601
vn 0.2946 -0.3511 0.8888
vn 0.5811 0.7191 0.3811
vn -0.0287 -0.9326 0.3597
vn 0.0386 -0.8426 0.5372
vn -0.2994 -0.8812 0.3659
vn -0.3657 -0.8254 0.4300
vn -0.1526 -0.8461 0.5107
vn 0.0658 -0.8618 0.5029
vn -0.0698 -0.8141 0.5765
vn -0.9413 0.2543 0.2221
vn 0.1875 -0.6828 -0.7061
vn 0.1148 -0.9732 0.1991
vn 0.1043 -0.9699 0.2202
vn -0.0611 -0.9512 0.3024
vn -0.3182 0.1397 0.9377
vn -0.4300 0.3383 0.8371
vn 0.0127 0.2622 0.9649
vn -0.2754 0.3978 0.8751
vn 0.1326 -0.3112 0.9410
vn -0.1734 -0.8154 0.5524
vn -0.9169 -0.2798 0.2846
vn -0.9494 0.1975 0.2441
vn 0.7076 -0.6053 -0.3646
vn 0.5921 -0.7935 -0.1406
vn 0.4428 -0.8933 0.0765
vn -0.4429 -0.7898 0.4244
vn 0.8553 -0.2728 -0.4405
vn 0.3174 -0.7542 0.5748
vn -0.0497 -0.5541 0.8309
vn -0.1086 -0.8119 0.5736
vn 0.1189 -0.8059 0.5800
vn 0.7634 -0.6459 -0.0087
vn 0.3585 -0.9320 0.0533
vn 0.1717 -0.9570 0.2337
vn -0.4561 -0.7787 0.4307
vn -0.4067 -0.1099 0.9069
vn -0.1036 -0.1903 0.9762
vn 0.9037 -0.3802 -0.1967
vn 0.0601 -0.7589 0.6485
vn -0.5614 -0.6223 0.5456
vn -0.8762 -0.1601 0.4546
vn 0.6350 -0.7717 -0.0354
vn 0.3544 -0.9349 0.0208
vn -0.1991 -0.9098 0.3642
vn -0.5904 -0.6760 0.4410
vn -0.5070 -0.4732 0.7204
vn 0.7692 -0.5186 0.3734
vn -0.9037 0.3323 0.2701
vn 0.4948 -0.8368 0.2346
vn 0.4014 -0.8156 0.4168
vn 0.0228 -0.4451 0.8952
vn 0.1717 -0.8304 0.5301
vn -0.5510 -0.6728 0.4936
vn -0.8401 -0.2914 0.4575
vn 0.2688 -0.9486 0.1670
vn -0.5982 -0.6651 0.4471
vn -0.6433 -0.4314 0.6325
vn -0.5105 -0.4502 0.7326
vn -0.9183 0.2479 0.3086
vn -0.9021 0.4254 0.0724
vn 0.4680 -0.8688 0.1619
vn 0.2660 -0.6116 0.7452
vn 0.5266 -0.8500 -0.0123
vn -0.7716 -0.1905 0.6069
vn -0.8855 -0.2422 0.3965
vn -0.9336 -0.0253 0.3573
vn 0.3678 -0.9219 0.1217
vn -0.3926 -0.8197 0.4172
vn -0.7635 -0.2293 0.6037
vn -0.7733 -0.2504 0.5825
vn -0.7601 -0.4890 0.4279
vn -0.7534 -0.5037 0.4227
vn -0.9420 0.1547 0.2977
vn 0.4717 -0.8414 0.2637
vn 0.4615 -0.8385 0.2896
vn -0.2299 -0.8558 0.4634
vn 0.2192 -0.9277 0.3023
vn 0.0235 -0.4453 0.8951
vn -0.5496 -0.4088 0.7286
vn 0.4965 -0.8664 0.0533
vn -0.0195 -0.9490 0.3148
vn -0.3686 -0.8254 0.4275
vn -0.5726 -0.6783 0.4604
vn -0.8592 -0.3376 0.3844
vn -0.8683 0.4378 0.2333
vn -0.9192 0.3377 0.2027
vn -0.8256 0.5429 0.1540
vn -0.8272 0.5109 0.2337
vn -0.5840 0.8110 0.0356
vn 0.5695 -0.7791 0.2622
vn 0.4557 -0.7206 0.5225
vn 0.2301 -0.6601 0.7151
vn 0.1672 -0.0946 0.9814
vn 0.1703 -0.0284 0.9850
vn 0.0224 0.0876 0.9959
vn -0.6267 -0.4037 0.6666
vn -0.2734 -0.6179 0.7372
vn -0.3585 -0.1567 0.9203
vn 0.8430 0.0137 -0.5378
vn 0.7680 -0.6393 -0.0384
vn -0.5897 -0.6587 0.4674
vn -0.9182 -0.1558 0.3643
vn 0.5652 -0.7131 0.4148
vn 0.2189 -0.9274 0.3034
vn 0.2646 -0.8893 0.3730
vn 0.0107 -0.0781 0.9969
vn 0.8314 -0.1950 -0.5203
vn 0.5891 -0.7938 -0.1509
vn 0.2155 -0.9527 0.2143
vn 0.1346 -0.9600 0.2455
vn -0.7465 -0.4788 0.4621
vn -0.7453 -0.4812 0.4616
vn -0.8111 0.5581 0.1748
vn 0.2510 -0.9056 0.3419
vn -0.3943 0.4341 0.8100
vn -0.7760 -0.3187 0.5443
vn -0.5385 0.0321 0.8420
vn -0.3972 -0.8078 0.4356
vn -0.0950 -0.9368 0.3366
vn -0.8917 -0.1049 0.4404
vn -0.8960 0.2872 0.3387
vn -0.9120 0.1086 0.3955
vn -0.8469 0.4578 0.2704
vn -0.7804 0.5649 0.2680
vn 0.5624 -0.7170 0.4119
vn 0.4836 -0.7083 0.5143
vn 0.1395 -0.9340 0.3289
vn 0.2177 -0.6530 0.7254
vn -0.9298 0.0749 -0.3604
vn -0.8747 -0.1709 0.4536
vn -0.8533 0.0622 -0.5178
vn -0.8848 0.1196 -0.4503
vn -0.6422 0.3050 -0.7033
vn -0.8472 0.2919 -0.4438
vn 0.2462 -0.9538 0.1721
vn 0.3894 -0.9207 0.0274
vn -0.8712 0.4303 0.2362
vn 0.6538 -0.5702 0.4975
vn 0.6650 -0.6185 0.4185
vn 0.4795 -0.6777 0.5575
vn 0.4423 -0.5849 0.6799
vn 0.3907 -0.6096 0.6898
vn 0.2869 -0.8108 0.5103
vn 0.1773 -0.7210 0.6699
vn -0.1635 0.2465 0.9552
vn -0.9905 0.0544 0.1265
vn -0.9901 0.0571 0.1285
vn -0.8671 0.2685 -0.4196
vn -0.5605 0.7346 -0.3825
vn -0.7860 0.5354 -0.3090
vn 0.9012 -0.3237 -0.2883
vn 0.6283 -0.7673 -0.1287
vn -0.8425 -0.2903 0.4537
vn -0.9087 -0.0244 0.4168
vn -0.7767 0.6271 0.0587
vn 0.8149 -0.3758 0.4413
vn 0.7320 -0.2979 0.6128
vn 0.0596 -0.2519 0.9659
vn -0.3394 -0.1770 0.9238
vn -0.8806 0.3343 -0.3359
vn 0.4897 -0.8718 -0.0111
vn 0.4862 -0.8738 -0.0047
vn -0.8516 -0.2723 0.4480
vn 0.8103 -0.3897 0.4377
vn 0.7694 0.0255 0.6383
vn 0.7085 -0.2499 0.6600
vn 0.4752 -0.5435 0.6919
vn -0.5417 -0.1018 0.8344
vn -0.9859 0.0741 -0.1499
vn -0.8982 0.1694 -0.4055
vn -0.9181 0.3100 -0.2468
vn -0.7174 0.5773 -0.3900
vn -0.3110 0.4318 -0.8467
vn 0.6774 -0.7058 -0.2072
vn 0.8717 -0.1636 0.4619
vn 0.7897 -0.0885 0.6070
vn 0.6465 -0.3750 0.6644
vn -0.6285 0.0310 0.7772
vn -0.9801 -0.0039 0.1987
vn -0.8387 -0.1203 0.5311
vn -0.8302 0.5054 -0.2351
vn -0.6749 -0.5413 0.5015
vn -0.7346 -0.4393 0.5171
vn -0.7378 0.6579 0.1507
vn 0.7515 -0.0652 0.6565
vn 0.5103 -0.2404 0.8257
vn -0.9202 0.2981 -0.2538
vn -0.8804 0.4477 -0.1563
vn -0.8153 0.5259 -0.2422
vn 0.7114 -0.6450 -0.2790
vn 0.1880 -0.9689 0.1608
vn -0.0935 -0.9286 0.3591
vn -0.8232 -0.2225 0.5223
vn 0.9475 -0.2066 0.2439
vn 0.9576 -0.0864 0.2747
vn 0.8174 0.2083 0.5370
vn 0.3434 -0.3944 0.8524
vn -0.9078 0.4125 -0.0762
vn 0.6382 -0.7647 -0.0889
vn 0.1678 -0.9684 0.1848
vn -0.4783 0.8703 -0.1179
vn 0.9310 -0.3644 -0.0231
vn 0.9500 -0.0797 0.3020
vn 0.8099 0.0040 0.5866
vn -0.9928 -0.0385 0.1133
vn 0.4129 -0.8998 0.1405
vn -0.3715 -0.8217 0.4323
vn -0.3141 -0.8385 0.4452
vn -0.5263 -0.6903 0.4965
vn -0.7725 -0.3851 0.5050
vn -0.8807 0.0113 0.4735
vn -0.8796 0.3234 0.3489
vn -0.8130 0.5382 0.2223
vn -0.8333 0.4999 0.2361
vn 0.8470 -0.1869 -0.4976
vn 0.9086 -0.4165 -0.0295
vn -0.0640 -0.3588 0.9312
vn -0.6828 -0.3938 0.6154
vn -0.9177 -0.1938 0.3467
vn -0.9642 0.2652 -0.0093
vn -0.8992 0.4289 -0.0859
vn 0.7169 -0.6498 -0.2526
vn 0.0258 -0.9528 0.3025
vn -0.7478 0.6489 0.1405
vn 0.2104 -0.6809 -0.7015
vn 0.9572 -0.0666 0.2817
vn 0.8842 0.0612 0.4632
vn 0.7244 0.0688 0.6859
vn 0.5762 -0.8155 -0.0538
vn 0.1053 -0.9585 0.2649
vn -0.4428 -0.7614 0.4735
vn -0.9110 0.2536 0.3252
vn 0.8870 -0.2419 -0.3933
vn 0.7816 -0.2450 -0.5737
vn 0.5350 -0.2037 0.8199
vn 0.1247 -0.5557 0.8220
vn -0.9623 -0.0017 0.2721
vn -0.9281 0.3249 0.1821
vn -0.8645 0.4780 -0.1556
vn 0.2530 -0.9384 0.2355
vn -0.0710 -0.9329 0.3530
vn -0.9164 0.0548 0.3965
vn -0.7627 0.6434 -0.0657
vn -0.9618 0.2426 0.1265
vn 0.8534 -0.2848 -0.4367
vn 0.9395 -0.3121 -0.1412
vn -0.1411 -0.4687 0.8720
vn -0.2116 -0.5689 0.7947
vn -0.8507 0.4795 -0.2156
vn 0.7879 -0.4655 -0.4031
vn 0.7827 -0.5786 -0.2294
vn 0.5767 -0.8142 -0.0668
vn -0.5384 -0.6465 0.5405
vn -0.7671 -0.3839 0.5140
vn -0.8725 -0.1750 0.4562
vn -0.8868 -0.0844 0.4544
vn -0.5372 0.8404 0.0717
vn 0.8648 -0.1330 -0.4841
vn 0.0360 -0.5012 0.8646
vn -0.5121 -0.6145 0.6001
vn -0.3497 -0.7678 0.5369
vn -0.7249 0.6887 0.0155
vn -0.7104 0.6759 -0.1963
vn 0.9264 -0.3420 -0.1573
vn -0.3016 -0.7461 0.5935
vn -0.2071 -0.7974 0.5668
vn -0.1237 -0.6681 0.7337
vn -0.8642 -0.0120 0.5029
vn -0.8107 0.5634 -0.1590
vn 0.6556 -0.7397 -0.1517
vn -0.7123 -0.4757 0.5161
vn -0.7846 -0.3241 0.5285
vn -0.8442 0.5054 0.1788
vn -0.4737 0.8741 0.1075
vn 0.8789 -0.2698 -0.3935
vn -0.2963 -0.6357 0.7128
vn -0.8972 0.0674 0.4364
vn -0.6025 0.4328 -0.6706
vn 0.8483 -0.4398 -0.2950
vn -0.4015 0.6093 0.6838
vn -0.4632 -0.6573 0.5945
vn -0.6700 -0.3632 0.6475
vn 0.2406 -0.9585 0.1529
vn -0.7554 -0.3074 0.5786
vn -0.6312 -0.4428 0.6368
vn -0.7100 -0.3560 0.6076
vn -0.8320 -0.1529 0.5333
vn -0.9156 0.0672 0.3964
vn -0.9043 0.3241 0.2778
vn -0.7717 0.6133 0.1685
vn 0.8643 -0.4987 -0.0661
vn -0.3483 -0.0461 0.9362
vn -0.8766 0.0733 0.4756
vn -0.8943 0.4446 0.0499
vn 0.8584 -0.0907 -0.5048
vn 0.7770 -0.5587 -0.2901
vn 0.5393 -0.8408 -0.0464
vn -0.1167 -0.9041 0.4111
vn -0.5402 -0.5870 0.6030
vn -0.2556 0.3334 0.9075
vn -0.8223 0.5203 0.2303
vn 0.8259 -0.5299 -0.1927
vn -0.8994 0.1854 0.3960
vn -0.9315 0.3603 0.0494
vn -0.9085 0.3786 -0.1767
vn 0.6694 -0.7217 -0.1762
vn 0.2150 -0.9578 0.1909
vn 0.0894 -0.9547 0.2838
vn -0.4364 -0.7257 0.5320
vn -0.6705 -0.5023 0.5460
vn -0.6966 0.7155 -0.0528
vn -0.8523 0.5228 0.0169
vn 0.9434 -0.2267 -0.2422
vn 0.9005 -0.4346 -0.0141
vn 0.8231 -0.5359 -0.1881
vn -0.9529 0.2059 0.2225
vn 0.8084 -0.4956 -0.3175
vn -0.8174 -0.2825 0.5021
vn -0.8967 -0.1289 0.4234
vn -0.9739 0.1859 0.1301
vn -0.8818 0.4111 0.2312
vn 0.9464 -0.2655 -0.1839
vn 0.9792 -0.1997 0.0350
vn 0.1327 -0.2428 0.9610
vn -0.8229 -0.2524 0.5090
vn 0.9721 -0.2302 0.0449
vn 0.9683 -0.2495 0.0109
vn -0.4702 0.5265 0.7083
vn -0.4712 0.4793 0.7404
vn -0.3474 -0.0477 0.9365
vn -0.9557 0.2262 -0.1881
vn 0.8159 -0.4119 -0.4057
vn 0.6088 -0.7747 -0.1709
vn 0.4673 -0.8836 -0.0297
vn 0.4298 -0.9029 -0.0017
vn -0.8643 -0.0295 0.5020
vn -0.9668 0.1319 0.2186
vn -0.9409 0.3374 0.0304
vn -0.9466 0.3131 0.0773
vn 0.9147 -0.3409 0.2169
vn -0.6423 0.0550 0.7645
vn -0.9047 0.2732 0.3269
vn -0.5216 0.3910 0.7583
vn 0.5753 -0.6202 0.5334
vn -0.7227 0.1666 0.6707
vn -0.9023 0.3015 -0.3082
vn -0.7763 0.3029 -0.5528
vn -0.6333 -0.4023 -0.6611
vn 0.8871 -0.2543 -0.3853
vn 0.6584 -0.7017 -0.2722
vn 0.3355 -0.9390 0.0759
vn -0.7990 -0.2788 0.5328
vn -0.6160 -0.5547 0.5593
vn -0.6201 0.7768 0.1099
vn -0.3134 0.9496 0.0088
vn 0.9852 -0.0731 -0.1549
vn 0.9280 0.0953 -0.3602
vn 0.9976 -0.0639 0.0254
vn 0.9914 0.0070 0.1308
vn 0.8869 -0.4444 -0.1263
vn -0.3651 0.4104 0.8356
vn 0.8601 -0.2228 -0.4589
vn 0.8721 -0.3420 -0.3499
vn 0.0986 -0.9564 0.2748
vn 0.9682 -0.0987 0.2299
vn -0.8968 0.4222 0.1321
vn -0.4360 0.8999 -0.0035
vn -0.4044 0.9059 0.1256
vn -0.3894 0.3758 0.8409
vn -0.5738 0.1943 -0.7956
vn 0.6588 -0.6988 -0.2788
vn -0.8205 0.0187 0.5714
vn -0.8991 0.1685 0.4041
vn -0.8992 0.1571 0.4084
vn -0.8674 0.4543 0.2029
vn -0.8258 0.5243 0.2080
vn -0.8243 0.4948 0.2750
vn 0.9148 -0.3982 -0.0683
vn 0.8266 -0.4288 0.3644
vn 0.7817 -0.5306 0.3277
vn 0.4668 -0.7136 0.5224
vn 0.4768 -0.5383 0.6949
vn -0.1206 0.1121 0.9864
vn -0.1174 -0.0305 0.9926
vn -0.4524 -0.0990 0.8863
vn -0.4819 0.6072 0.6317
vn -0.8110 0.2660 0.5212
vn -0.9565 0.1804 -0.2291
vn -0.9082 0.1061 -0.4050
vn -0.7449 0.1229 -0.6557
vn -0.6990 -0.6147 -0.3655
vn 0.7128 -0.5462 -0.4399
vn -0.4877 0.7744 -0.4031
vn 0.9989 -0.0234 0.0404
vn 0.9489 -0.2890 0.1266
vn 0.6402 -0.5953 0.4855
vn -0.6029 0.1993 -0.7725
vn -0.4369 0.2431 -0.8660
vn -0.7385 0.3913 -0.5491
vn -0.7549 -0.3144 0.5756
vn -0.9105 0.2714 0.3121
vn -0.9008 0.3170 0.2969
vn -0.7552 0.5390 0.3731
vn 0.9396 -0.3223 -0.1151
vn 0.8247 -0.5656 -0.0086
vn 0.5702 -0.3038 -0.7633
vn 0.6204 -0.7843 0.0078
vn -0.3264 0.9131 0.2443
vn 0.9482 -0.2835 0.1431
vn 0.6508 -0.5304 0.5433
vn 0.3428 -0.8341 0.4321
vn 0.2176 -0.7385 0.6382
vn 0.2381 -0.6267 0.7420
vn -0.7225 0.2971 0.6242
vn -0.7724 0.0986 -0.6274
vn -0.5990 0.2493 -0.7610
vn -0.8240 0.2764 -0.4947
vn -0.2696 -0.8699 0.4131
vn -0.8627 0.3774 0.3366
vn -0.8167 0.4350 0.3792
vn -0.7193 0.5959 0.3570
vn -0.7141 0.5845 0.3852
vn -0.6673 -0.7255 0.1683
vn -0.7041 -0.7052 -0.0836
vn 0.9578 0.2199 -0.1850
vn 0.9813 0.0849 -0.1729
vn 0.4786 -0.8722 -0.1013
vn 0.8313 -0.4584 -0.3145
vn 0.8395 -0.4474 -0.3082
vn 0.9437 -0.2718 0.1887
vn 0.9439 -0.3006 0.1366
vn 0.1304 -0.3374 0.9323
vn -0.4988 0.3422 0.7963
vn -0.7917 0.1521 -0.5916
vn -0.7683 0.2338 -0.5958
vn -0.3137 0.9204 0.2333
vn 0.8410 -0.3425 -0.4189
vn 0.7439 -0.5453 -0.3864
vn -0.2133 -0.9034 0.3721
vn -0.8315 0.3554 0.4270
vn -0.5581 0.6434 0.5240
vn 0.9303 0.2851 -0.2309
vn 0.5714 -0.8152 -0.0943
vn 0.7428 -0.6549 -0.1393
vn 0.8745 -0.4844 -0.0249
vn 0.8182 -0.2631 0.5111
vn 0.5952 -0.0324 0.8029
vn 0.7406 -0.2640 0.6179
vn -0.8118 0.0128 0.5838
vn -0.8221 0.2930 -0.4882
vn 0.6956 -0.5857 -0.4160
vn 0.5008 -0.8568 -0.1228
vn -0.7001 -0.4195 0.5778
vn -0.8408 0.1528 0.5193
vn -0.8106 0.3428 0.4749
vn 0.9752 -0.1241 -0.1835
vn 0.9137 -0.3858 0.1279
vn 0.8595 -0.0478 0.5088
vn 0.7582 -0.1407 0.6366
vn 0.1345 -0.0103 0.9909
vn -0.6836 0.0781 0.7256
vn -0.8082 0.2530 0.5318
vn -0.8892 0.1194 -0.4417
vn -0.8185 0.3042 -0.4873
vn 0.7089 -0.6405 -0.2954
vn -0.5357 -0.7147 0.4497
vn -0.5050 -0.7116 0.4885
vn -0.3442 -0.8245 0.4492
vn -0.7158 0.4159 0.5609
vn -0.5394 0.3517 0.7651
vn -0.7283 0.4247 0.5378
vn -0.6158 0.3030 0.7274
vn -0.5731 0.4055 0.7122
vn -0.5488 0.6532 0.5217
vn 0.9675 0.2526 -0.0091
vn 0.9774 -0.1516 -0.1473
vn 0.9395 -0.3221 -0.1164
vn 0.8284 -0.5378 0.1567
vn 0.7377 0.1076 0.6665
vn 0.8149 0.0229 0.5791
vn -0.6773 -0.0560 0.7336
vn -0.9765 0.1136 -0.1830
vn -0.8515 0.2142 -0.4786
vn -0.8134 0.3195 -0.4861
vn 0.6294 -0.6296 -0.4554
vn 0.7510 -0.5068 -0.4233
vn -0.3019 -0.8916 0.3376
vn -0.0050 -0.9649 0.2627
vn -0.7866 0.1052 0.6085
vn 0.9134 -0.3869 0.1268
vn 0.8186 0.1760 0.5468
vn 0.8029 0.2778 0.5275
vn 0.4051 -0.0472 0.9131
vn 0.1516 0.0010 0.9884
vn -0.8937 0.1312 0.4291
vn -0.9682 0.0851 0.2354
vn -0.9868 0.1267 -0.1009
vn -0.9312 0.1464 -0.3339
vn -0.8689 0.2284 -0.4391
vn -0.8610 0.3182 -0.3967
vn -0.5165 0.2051 -0.8313
vn -0.0942 -0.9720 0.2154
vn -0.6980 -0.3692 0.6135
vn -0.7780 -0.1764 0.6030
vn -0.8634 0.4357 0.2543
vn -0.6032 0.3379 0.7225
vn -0.5709 0.6640 0.4830
vn -0.6219 0.6311 0.4636
vn 0.7204 -0.6488 -0.2451
vn 0.5816 -0.7863 -0.2083
vn 0.5809 -0.8075 -0.1022
vn 0.5071 0.0456 0.8607
vn -0.6069 -0.6588 0.4446
vn -0.7222 -0.4909 0.4873
vn -0.7046 0.1278 0.6980
vn -0.7136 0.4412 0.5441
vn 0.7893 -0.6129 0.0360
vn 0.9048 -0.1111 0.4110
vn 0.7512 0.1914 0.6318
vn 0.7067 -0.4471 -0.5483
vn -0.0895 -0.9742 0.2073
vn -0.4390 -0.7387 0.5114
vn -0.7560 -0.4502 0.4752
vn -0.6847 0.3865 0.6180
vn -0.6637 0.7479 -0.0089
vn 0.7860 -0.5276 -0.3222
vn 0.6252 -0.7795 -0.0392
vn 0.8776 -0.2832 0.3869
vn -0.9761 0.0478 0.2119
vn -0.9982 0.0516 0.0300
vn -0.9063 0.2359 -0.3507
vn -0.7927 0.2569 -0.5529
vn 0.6863 -0.5742 -0.4464
vn 0.6827 -0.5726 -0.4540
vn -0.8144 0.4779 0.3291
vn -0.8202 0.5717 0.0230
vn -0.7095 0.7032 -0.0463
vn -0.3569 -0.1452 0.9228
vn -0.8818 0.0088 0.4716
vn -0.9968 -0.0156 -0.0783
vn -0.9649 0.1699 -0.2004
vn -0.8366 0.3563 -0.4161
vn -0.8015 0.4408 -0.4040
vn -0.3428 0.2930 -0.8925
vn 0.5188 -0.6673 -0.5344
vn 0.3044 -0.9406 -0.1502
vn -0.0093 -0.9682 0.2499
vn -0.6340 -0.4193 0.6498
vn -0.8075 -0.0587 0.5869
vn -0.8189 0.5734 0.0250
vn -0.5978 0.7448 -0.2965
vn 0.3571 -0.4967 0.7911
vn 0.9003 -0.2644 0.3456
vn 0.5067 0.0407 0.8611
vn -0.0705 0.0888 0.9936
vn -0.9970 0.0032 -0.0775
vn -0.9955 0.0800 -0.0512
vn -0.9234 0.2822 -0.2600
vn -0.9369 0.1950 -0.2903
vn -0.9262 0.2735 -0.2594
vn 0.5662 -0.6807 -0.4648
vn 0.2459 -0.9382 -0.2435
vn -0.6066 -0.0963 0.7891
vn -0.8338 0.4381 0.3360
vn -0.5869 0.7165 -0.3771
vn -0.3195 0.8654 -0.3860
vn -0.7298 0.4244 -0.5359
vn 0.0585 0.0816 0.9949
vn -0.6796 -0.0516 0.7318
vn -0.9975 0.0696 -0.0123
vn -0.9566 0.2001 -0.2119
vn 0.5360 -0.6797 -0.5007
vn -0.8777 0.3328 0.3448
vn -0.8613 0.4687 0.1963
vn -0.7145 0.3701 -0.5938
vn -0.5873 0.7455 -0.3151
vn -0.8147 0.5165 -0.2637
vn -0.8787 0.0663 -0.4727
vn 0.5356 -0.6905 -0.4862
vn 0.4838 -0.7434 -0.4619
vn 0.4459 -0.7011 -0.5565
vn -0.2848 -0.8121 0.5093
vn -0.0215 -0.9661 0.2573
vn -0.3164 -0.7581 0.5703
vn -0.8122 -0.1469 0.5645
vn -0.5588 -0.4200 0.7150
vn -0.4760 -0.0097 0.8794
vn -0.9282 -0.1021 0.3578
vn -0.9958 -0.0741 0.0546
vn -0.8801 0.0731 -0.4691
vn -0.3725 -0.8634 0.3403
vn -0.6842 0.6336 -0.3613
vn -0.7735 0.6254 -0.1033
vn -0.8175 0.4225 -0.3914
vn 0.0316 0.0724 0.9969
vn 0.0359 0.3004 0.9531
vn -0.2256 -0.1182 0.9670
vn -0.9944 -0.0942 0.0489
vn -0.9769 -0.1334 0.1672
vn -0.9781 -0.0785 -0.1927
vn -0.9994 -0.0332 0.0102
vn 0.6382 -0.2972 -0.7102
vn -0.6825 -0.4982 0.5348
vn -0.7049 -0.4208 0.5711
vn -0.6539 0.6215 0.4314
vn -0.5297 0.4803 0.6991
vn 0.2038 -0.1193 0.9717
vn 0.7340 -0.0941 0.6726
vn -0.4260 0.0176 0.9046
vn -0.8692 -0.1367 0.4752
vn -0.9405 -0.2988 0.1616
vn -0.9790 -0.1745 0.1053
vn -0.9489 -0.3141 0.0298
vn -0.9558 -0.2934 -0.0204
vn -0.9762 -0.1022 -0.1914
vn 0.5964 -0.3813 -0.7064
vn 0.4396 -0.7116 -0.5481
vn 0.3848 -0.7576 -0.5273
vn -0.4601 -0.7593 0.4602
vn -0.8467 0.4826 0.2241
vn -0.6456 0.6567 0.3899
vn -0.6426 0.6026 0.4733
vn -0.5749 0.7243 0.3806
vn -0.7285 0.6115 0.3086
vn -0.5984 0.4130 0.6865
vn 0.4563 0.0203 0.8896
vn -0.3415 -0.1107 0.9334
vn -0.9741 -0.0641 0.2169
vn -0.8993 -0.3028 0.3154
vn -0.9658 -0.2318 0.1160
vn -0.9467 -0.2286 0.2269
vn -0.9285 -0.2872 0.2353
vn 0.3854 -0.7898 -0.4771
vn -0.7208 -0.1010 0.6858
vn -0.4682 0.5336 0.7043
vn -0.2183 0.3410 0.9144
vn -0.1536 0.7934 0.5890
vn 0.1191 -0.0633 0.9909
vn -0.8816 -0.3750 0.2868
vn -0.7004 -0.6735 -0.2364
vn 0.3069 -0.8710 -0.3835
vn -0.7026 0.7012 0.1210
vn -0.5923 0.5336 0.6038
vn -0.5954 0.5797 0.5563
vn -0.4948 0.4841 0.7217
vn -0.4431 0.2326 0.8658
vn 0.1784 -0.0247 0.9836
vn -0.2567 -0.0909 0.9622
vn -0.9197 -0.3640 0.1471
vn -0.8141 -0.5580 0.1608
vn 0.6304 -0.4000 -0.6653
vn 0.4278 -0.6343 -0.6440
vn -0.3203 -0.9465 0.0401
vn -0.4797 0.4053 0.7782
vn -0.4450 0.2991 0.8441
vn -0.7124 -0.1852 0.6769
vn -0.6985 -0.6747 -0.2383
vn -0.7286 -0.5786 -0.3667
vn 0.3500 -0.7513 -0.5595
vn 0.3057 -0.7585 -0.5755
vn -0.4102 0.6609 0.6285
vn -0.5760 -0.5210 0.6299
vn -0.2670 0.0055 0.9637
vn -0.2718 0.2769 0.9217
vn -0.1890 -0.1054 0.9763
vn -0.7553 -0.4428 0.4832
vn -0.8003 -0.4990 0.3325
vn -0.8131 -0.5174 0.2668
vn -0.7728 -0.6282 0.0905
vn -0.6031 -0.5839 -0.5434
vn 0.3846 -0.5839 -0.7150
vn 0.2131 -0.7309 -0.6483
vn -0.5539 -0.7489 0.3637
vn -0.4805 -0.8348 0.2688
vn -0.5733 -0.1078 0.8122
vn -0.5807 0.3932 0.7129
vn -0.5465 0.3018 0.7812
vn -0.2816 0.2467 0.9273
vn -0.5270 -0.4193 0.7393
vn -0.5089 -0.3368 0.7922
vn -0.8337 -0.5023 0.2296
vn -0.7988 -0.5648 0.2070
vn -0.7286 -0.6658 0.1607
vn -0.3097 0.1021 -0.9453
vn 0.4109 -0.4089 -0.8149
vn 0.2117 -0.7358 -0.6432
vn 0.2456 -0.7204 -0.6486
vn -0.6674 -0.3646 0.6493
vn -0.5775 0.0036 0.8164
vn -0.4014 0.1540 0.9029
vn -0.3565 0.2107 0.9102
vn -0.2759 0.0037 0.9612
vn -0.1527 0.5796 0.8005
vn -0.0320 -0.4677 0.8833
vn -0.4404 -0.4896 0.7526
vn -0.7956 -0.5376 0.2793
vn -0.7645 -0.5916 0.2562
vn -0.7259 -0.6363 -0.2611
vn -0.6193 -0.5646 -0.5456
vn 0.2746 -0.2232 -0.9353
vn 0.3911 -0.5803 -0.7144
vn -0.0268 -0.8798 -0.4746
vn -0.3933 -0.8856 0.2470
vn -0.4444 0.1756 0.8785
vn -0.1898 0.2996 0.9350
vn -0.7252 -0.6698 0.1596
vn -0.6508 -0.4160 -0.6351
vn -0.6467 -0.3956 -0.6521
vn 0.1580 -0.6065 -0.7792
vn -0.3089 -0.0135 0.9510
vn -0.6723 -0.6319 0.3855
vn -0.6679 -0.6492 0.3639
vn 0.7244 -0.6066 0.3274
vn 0.0909 -0.6723 -0.7347
vn -0.4130 -0.0686 0.9081
vn -0.2898 -0.0960 0.9523
vn -0.2228 -0.0408 0.9740
vn -0.3945 0.0987 0.9136
vn -0.1112 -0.5320 0.8394
vn -0.3787 -0.4801 0.7913
vn -0.6904 -0.6716 0.2690
vn 0.4917 0.4561 -0.7418
vn -0.2093 0.7861 -0.5816
vn 0.1327 0.8440 0.5197
vn 0.6719 0.4425 0.5940
vn -0.8076 0.5628 0.1762
vn -0.8302 0.5528 -0.0723
vn -0.9819 0.1742 0.0741
vn -0.7341 -0.4969 0.4628
vn -0.7231 -0.5142 0.4612
vn -0.7368 -0.4669 0.4891
vn -0.6557 -0.6815 0.3250
vn -0.2106 -0.9759 0.0563
vn -0.4132 -0.5674 0.7123
vn -0.6422 -0.5446 0.5394
vn -0.6692 -0.4403 0.5986
vn 0.9195 -0.3612 0.1551
vn -0.8811 -0.4729 0.0037
vn -0.9185 -0.3475 0.1885
vn -0.6194 -0.5530 0.5572
vn -0.8510 0.0582 0.5220
vn -0.4529 -0.4702 0.7575
vn -0.4681 -0.4496 0.7608
vn -0.8313 0.5133 -0.2131
vn -0.6264 -0.3477 0.6977
vn -0.4638 -0.3886 0.7962
vn -0.4372 -0.4442 0.7820
vn 0.5380 -0.8379 0.0925
vn -0.3921 -0.4187 0.8191
vn -0.7264 -0.3709 0.5787
vn -0.7451 -0.4199 0.5182
vn -0.0609 -0.9127 -0.4040
vn -0.5090 -0.3927 0.7660
vn -0.0551 0.5238 0.8500
vn -0.1989 0.3975 0.8958
vn 0.3344 0.8321 0.4424
vn -0.5229 0.4474 0.7255
vn -0.6561 0.6763 0.3349
vn -0.7160 0.5126 -0.4740
vn -0.5368 0.8435 0.0190
vn -0.8171 0.3982 -0.4169
vn -0.8070 0.5794 0.1141
vn -0.5670 0.8198 -0.0798
vn -0.4895 0.8658 0.1042
vn -0.5067 0.8614 0.0355
vn -0.4114 0.9056 0.1033
vn -0.0221 -0.9980 -0.0599
vn 0.3382 -0.9399 0.0480
vn 0.8198 -0.4659 -0.3330
vn 0.8882 0.1193 -0.4437
vn 0.8666 0.1413 -0.4787
vn 0.8630 0.1023 -0.4947
vn 0.8068 -0.3282 -0.4913
vn 0.8755 -0.0986 -0.4732
vn 0.8970 -0.2120 -0.3879
vn 0.6860 -0.3128 -0.6569
vn 0.6525 -0.3038 -0.6942
vn 0.2935 -0.2390 -0.9256
vn 0.2849 -0.2762 -0.9179
vn 0.1777 -0.6543 -0.7350
vn 0.0486 -0.4505 -0.8915
vn -0.0290 -0.2564 -0.9661
vn -0.0963 -0.3546 -0.9301
vn -0.0417 -0.7925 -0.6085
vn -0.3846 -0.9043 -0.1852
vn -0.6093 -0.3539 -0.7095
vn -0.4645 -0.1627 -0.8705
vn -0.4549 -0.0697 -0.8878
vn -0.6328 -0.3905 -0.6687
vn -0.2760 0.1076 -0.9551
vn -0.5459 -0.2918 -0.7854
vn -0.5140 -0.3447 -0.7855
vn -0.5937 0.3301 -0.7339
vn -0.5969 0.3283 -0.7321
vn -0.4735 0.4780 -0.7398
vn -0.6322 0.3142 -0.7082
vn -0.9344 0.2478 0.2558
vn -0.6851 0.5591 -0.4669
vn -0.6648 0.5962 -0.4500
vn -0.7314 0.6633 -0.1583
vn -0.6145 0.6523 -0.4438
vn -0.7042 0.5543 -0.4437
vn -0.6730 0.5154 -0.5305
vn -0.5282 0.6172 -0.5832
vn -0.8300 0.5213 0.1985
vn -0.9598 0.2249 -0.1682
vn -0.5069 0.8056 -0.3067
vn -0.7039 0.7059 -0.0789
vn -0.2642 0.8944 -0.3610
vn -0.3909 0.9190 -0.0519
vn 0.2284 0.8398 -0.4925
vn -0.2248 0.9411 -0.2525
vn -0.3042 0.9091 -0.2844
vn -0.3159 0.9083 -0.2742
vn -0.5357 0.8018 -0.2647
vn -0.5779 0.7202 -0.3838
vn -0.7015 0.6212 -0.3493
vn -0.2440 0.8866 -0.3930
vn -0.6581 0.7008 -0.2754
vn -0.7640 0.5793 -0.2839
vn -0.7624 0.5798 -0.2873
vn -0.8226 0.5271 -0.2133
vn -0.6979 0.6897 -0.1930
vn -0.7986 0.5613 -0.2172
vn -0.4242 0.9051 0.0280
vn -0.2138 0.9767 -0.0189
vn -0.6141 0.7846 -0.0860
vn -0.3397 0.9389 -0.0547
vn -0.4061 0.9113 -0.0684
vn -0.5014 0.8208 -0.2737
vn -0.2904 0.9558 -0.0459
vn -0.6557 0.7548 -0.0171
vn -0.3093 0.9335 0.1813
vn -0.5325 0.8444 -0.0576
vn -0.3142 -0.7357 -0.6001
vn 0.3429 -0.8970 -0.2789
vn 0.8838 -0.3715 0.2843
vn 0.9012 -0.1617 0.4022
vn 0.8918 0.1026 0.4407
vn 0.8595 0.3525 0.3700
vn 0.8598 0.3866 0.3337
vn 0.9025 0.2650 0.3394
vn -0.7683 0.5586 -0.3124
vn 0.1474 -0.9667 -0.2094
vn 0.5887 -0.3356 0.7354
vn 0.6880 -0.6299 0.3605
vn 0.4102 0.1338 0.9021
vn 0.4299 -0.1340 0.8929
vn 0.6462 0.3725 0.6660
vn -0.4540 0.8864 -0.0906
vn 0.1847 -0.5704 0.8003
vn 0.5752 -0.4969 -0.6498
vn -0.7216 -0.1348 -0.6790
vn -0.0369 0.4431 -0.8957
vn -0.3325 -0.8702 -0.3635
vn 0.3312 -0.9384 -0.0991
vn -0.3114 -0.9006 0.3031
vn 0.9994 -0.0269 -0.0195
vn 0.9044 -0.4084 0.1236
vn 0.9530 0.3025 -0.0130
vn 0.9406 -0.3390 -0.0166
vn 0.8945 0.1797 -0.4093
vn 0.9963 0.0247 -0.0827
vn 0.9423 0.2210 -0.2513
vn 0.8870 0.4147 -0.2029
vn 0.1328 -0.9126 0.3867
vn 0.7835 -0.2516 -0.5681
vn 0.8905 -0.2564 -0.3759
vn 0.8780 -0.2905 -0.3804
vn 0.7935 -0.2246 -0.5657
vn 0.8998 0.0104 -0.4361
vn 0.9605 0.1247 -0.2488
vn 0.8032 -0.1011 0.5870
vn 0.6024 0.7597 0.2449
vn 0.6140 0.6940 0.3759
vn 0.7072 0.5544 0.4386
vn 0.6982 0.5449 0.4642
vn -0.7495 0.5305 -0.3961
vn -0.7879 0.5616 -0.2527
vn 0.0978 0.4445 0.8904
vn -0.6629 0.7304 -0.1649
vn 0.1568 0.3824 -0.9106
vn -0.3601 0.8557 -0.3717
vn -0.3233 0.8660 -0.3814
vn -0.8739 -0.4655 -0.1403
vn -0.4459 -0.3365 -0.8294
vn -0.4401 -0.3339 -0.8336
vn -0.7962 -0.1502 -0.5861
vn 0.4533 -0.8633 -0.2219
vn -0.2850 0.8813 0.3770
vn -0.7264 0.6410 0.2478
vn -0.5883 0.7958 0.1438
vn -0.8054 0.5910 0.0449
vn -0.1628 -0.2964 0.9411
vn 0.1647 -0.0141 0.9862
vn -0.0648 -0.3157 0.9466
vn -0.2143 -0.3287 0.9198
vn 0.7780 0.1732 0.6039
vn 0.9300 0.0264 0.3666
vn -0.5618 0.6561 -0.5039
vn -1.0000 0.0059 0.0019
vn -0.0509 -0.9814 -0.1849
vn 0.1104 -0.8561 -0.5048
vn -0.8047 0.5459 -0.2332
vn -0.0661 -0.6787 -0.7314
vn -0.8871 0.0943 -0.4518
vn -0.2671 0.9637 0.0021
vn -0.6769 0.7229 -0.1382
vn -0.6250 0.6399 -0.4471
vn -0.4694 0.3912 -0.7916
vn -0.5886 0.3495 -0.7290
vn 0.4500 0.7422 -0.4965
vn 0.7864 0.1835 0.5898
vn 0.9063 -0.4220 0.0247
vn 0.9482 -0.3152 -0.0397
vn 0.7450 -0.6301 0.2190
vn -0.3676 -0.4227 -0.8284
vn -0.3992 -0.4163 -0.8169
vn -0.4721 0.6697 0.5733
vn -0.4241 0.7930 0.4374
vn -0.5465 0.7880 0.2836
vn -0.3395 0.7869 0.5153
vn 0.0358 -0.6593 0.7510
vn -0.1810 -0.7650 -0.6181
vn -0.0012 -0.8183 -0.5748
vn -0.0294 -0.8850 -0.4646
vn 0.2648 -0.6982 -0.6652
vn -0.3601 -0.7768 0.5166
vn -0.9047 0.4239 -0.0436
vn -0.8757 0.3176 -0.3638
vn 0.3021 0.5818 0.7551
vn 0.0001 0.8334 0.5527
vn 0.0513 0.6451 0.7624
vn 0.0850 0.7179 0.6909
vn -0.7219 0.6541 -0.2260
vn 0.2195 0.6637 0.7151
vn 0.0556 0.7301 0.6811
vn -0.0334 0.6319 0.7743
vn -0.8824 0.4508 0.1350
vn -0.3438 0.8301 0.4390
vn 0.0008 -0.7894 -0.6139
vn 0.8613 -0.3456 0.3725
vn 0.8406 -0.3482 0.4150
vn 0.8774 0.3523 0.3257
vn 0.8119 0.4831 0.3280
vn 0.8085 0.5247 0.2665
vn 0.6209 0.3845 0.6831
vn 0.6242 0.4497 0.6388
vn -0.0248 -0.6856 -0.7275
vn 0.1290 -0.7098 -0.6925
vn 0.1908 -0.7893 -0.5837
vn 0.1951 -0.6808 -0.7060
vn -0.0197 -0.9124 -0.4088
vn -0.2060 -0.8507 -0.4836
vn -0.0576 -0.7521 -0.6565
vn -0.0871 -0.4616 0.8828
vn -0.5849 -0.6117 0.5327
vn 0.8132 -0.3851 0.4364
vn 0.7947 -0.3299 0.5095
vn -0.0955 0.7324 0.6741
vn 0.2087 -0.5464 -0.8111
vn 0.0935 -0.5958 -0.7976
vn 0.8755 -0.4136 -0.2497
vn 0.8999 -0.3017 -0.3148
vn 0.8834 -0.1492 0.4443
vn 0.5779 0.3399 -0.7419
vn 0.5641 0.3451 -0.7501
vn 0.5492 0.3406 -0.7631
vn 0.5225 0.2957 -0.7997
vn -0.5871 0.7931 0.1625
vn -0.1187 0.9213 0.3703
vn -0.1932 0.8246 0.5317
vn 0.1104 0.7836 0.6114
vn 0.1143 0.7979 0.5919
vn -0.2772 0.9198 0.2777
vn -0.9668 0.0160 0.2550
vn -0.9028 0.2887 0.3187
vn -0.9585 0.0144 0.2848
vn 0.7777 0.0330 0.6278
vn 0.6408 -0.7604 -0.1056
vn 0.5719 -0.8201 -0.0210
vn 0.6126 -0.7758 -0.1514
vn 0.6486 -0.7567 0.0812
vn -0.6392 -0.4242 0.6415
vn -0.6390 -0.4250 0.6411
vn -0.7781 -0.5148 0.3600
vn -0.4730 -0.7112 0.5201
vn -0.3017 -0.9146 -0.2694
vn 0.7077 0.0317 -0.7058
vn -0.6097 0.6812 -0.4053
vn -0.7684 0.3900 -0.5075
vn 0.7354 -0.4305 0.5234
vn 0.5228 0.4910 0.6968
vn -0.6887 -0.3993 0.6052
vn 0.9544 -0.2718 0.1232
vn 0.9716 -0.0848 -0.2211
vn 0.9973 0.0322 0.0655
vn 0.8438 0.4761 -0.2475
vn -0.2791 0.8341 0.4757
vn 0.7611 0.2166 0.6113
vn 0.6643 -0.3825 -0.6422
vn 0.4886 -0.4866 -0.7242
vn 0.0551 -0.3603 -0.9312
vn -0.3448 -0.5581 -0.7548
vn 0.1522 -0.8409 0.5193
vn -0.0023 -0.8563 -0.5165
vn -0.8416 -0.1662 -0.5139
vn -0.1219 -0.8200 -0.5592
vn -0.2007 -0.7728 -0.6021
vn 0.3222 -0.8034 0.5008
vn 0.7347 -0.5161 0.4403
vn 0.9128 -0.2489 0.3237
vn 0.1481 0.2157 -0.9652
vn -0.3151 -0.8588 0.4040
vn -0.5196 -0.2122 0.8276
vn -0.6388 0.2959 -0.7102
vn -0.4549 -0.2680 -0.8492
vn -0.7048 -0.0255 -0.7090
vn -0.9698 -0.1983 -0.1421
vn -0.8693 -0.4291 0.2454
vn -0.8844 -0.4195 0.2047
vn -0.0384 0.7723 0.6341
vn 0.2798 0.6165 -0.7359
vn 0.4751 0.4393 -0.7625
vn 0.4465 0.5659 -0.6932
vn 0.5608 -0.0432 0.8268
vn 0.9460 0.0130 0.3240
vn 0.5738 0.2323 -0.7853
vn 0.9302 0.2840 -0.2324
vn 0.6709 0.4799 -0.5653
vn 0.8888 0.3387 0.3088
vn 0.7342 0.5451 -0.4047
vn 0.9079 0.3681 0.2005
vn 0.9782 -0.1158 0.1726
vn 0.8473 0.2978 -0.4397
vn 0.9924 0.1227 -0.0048
vn 0.0737 0.5497 -0.8321
vn 0.1928 0.6837 -0.7039
vn 0.7754 0.3465 0.5279
vn 0.7244 0.3071 -0.6172
vn 0.5936 0.5936 -0.5434
vn 0.5697 -0.5120 0.6429
vn -0.0933 0.9954 0.0207
vn -0.1104 0.9922 0.0586
vn 0.5898 0.5673 -0.5748
vn 0.6945 0.4129 0.5892
vn 0.5003 0.6302 0.5937
vn 0.4928 0.4685 0.7333
vn 0.5547 0.5957 -0.5808
vn 0.5528 0.6510 -0.5202
vn 0.2034 0.8260 -0.5256
vn 0.6320 0.7065 -0.3185
vn 0.3529 0.7813 -0.5147
vn -0.2065 0.9651 -0.1612
vn -0.7555 -0.1203 0.6440
vn -0.2588 0.9656 -0.0242
vn 0.4798 -0.1208 -0.8690
vn 0.1631 0.9527 0.2566
vn 0.5351 0.8446 -0.0181
vn 0.7094 -0.4280 0.5600
vn 0.5217 0.3138 -0.7933
vn -0.2965 0.9092 0.2924
vn 0.7659 -0.1606 -0.6226
vn -0.5803 -0.3524 0.7342
vn 0.3758 0.7834 0.4951
vn -0.1234 0.9915 -0.0419
vn 0.4758 0.0175 -0.8794
vn 0.6577 0.4251 -0.6219
vn 0.3393 0.7631 -0.5500
vn 0.1212 0.7059 -0.6979
vn -0.2802 0.8318 -0.4792
vn 0.4842 0.0379 -0.8741
vn 0.6640 0.1753 -0.7269
vn 0.0330 0.5569 -0.8299
vn -0.0165 0.8097 -0.5866
vn -0.4259 0.5991 -0.6781
vn -0.3489 0.7465 -0.5666
vn 0.6226 -0.0159 -0.7824
vn -0.3239 0.8892 -0.3230
vn -0.2385 0.8341 -0.4974
vn -0.2405 0.8262 -0.5094
vn -0.6999 0.2203 -0.6794
vn -0.8537 -0.0368 -0.5195
vn 0.6867 0.2777 -0.6718
vn 0.5895 -0.0189 -0.8075
vn -0.2056 0.9661 -0.1561
vn -0.9309 -0.0759 0.3572
vn 0.6721 -0.0602 -0.7380
vn 0.5299 0.4177 -0.7380
vn -0.4911 0.6514 -0.5784
vn -0.5167 0.5768 -0.6327
vn -0.7016 0.4321 -0.5666
vn -0.7191 0.5069 -0.4753
vn -0.0776 0.9814 -0.1754
vn 0.0509 0.9785 -0.2000
vn -0.0540 0.9934 -0.1011
vn -0.4905 -0.2293 0.8407
vn 0.8884 0.2761 0.3668
vn 0.6684 0.7280 -0.1524
vn -0.2693 -0.3858 0.8824
vn 0.5222 -0.3147 0.7926
vn 0.2950 0.9549 0.0346
vn 0.6212 0.4920 -0.6100
vn 0.8152 -0.5785 -0.0288
vn -0.9696 0.1111 0.2182
vn -0.5386 0.7812 -0.3157
vn 0.8744 -0.2940 -0.3860
vn 0.7311 0.1797 -0.6581
vn 0.5080 0.4601 -0.7282
vn -0.0993 0.8948 0.4353
vn 0.5171 0.6204 -0.5897
vn 0.4729 0.7218 -0.5054
vn 0.4491 0.8920 -0.0522
vn -0.1986 0.9512 -0.2361
vn -0.5412 0.7791 -0.3163
vn 0.1781 0.9648 0.1933
vn -0.5257 -0.0115 0.8506
vn 0.5423 0.6837 0.4883
vn -0.6518 -0.3927 0.6488
vn -0.4570 0.8343 -0.3085
vn -0.4770 0.8270 -0.2977
vn -0.3653 -0.5570 0.7459
vn 0.7242 0.2768 -0.6316
vn -0.4702 -0.0507 0.8811
vn 0.8127 0.5821 0.0258
vn -0.5046 -0.7865 0.3561
vn -0.5923 0.7240 -0.3536
vn -0.3647 -0.7581 0.5407
vn 0.9177 0.0141 -0.3970
vn 0.7738 0.4838 -0.4089
vn 0.8548 0.5177 0.0370
vn -0.1732 0.9784 -0.1126
vn -0.1578 0.9729 0.1689
vn -0.2626 0.9172 -0.2996
vn 0.7623 0.4326 -0.4814
vn 0.7292 0.4475 -0.5177
vn -0.0494 0.9797 -0.1942
vn -0.5204 0.3427 0.7822
vn -0.5422 0.3717 0.7536
vn -0.1129 0.0521 0.9922
vn -0.3934 0.7426 0.5420
vn 0.9715 0.2230 -0.0806
vn 0.6817 0.5274 0.5071
vn 0.7252 0.2955 0.6220
vn -0.4073 -0.3781 0.8314
vn 0.7753 0.3201 0.5444
vn 0.8978 0.3014 0.3211
vn -0.4772 -0.0311 0.8783
vn 0.7351 0.4562 -0.5015
vn 0.7987 0.5644 -0.2086
vn 0.6375 0.7702 -0.0217
vn 0.6825 0.5227 0.5109
vn 0.7507 0.5521 -0.3629
vn 0.5997 0.7234 -0.3421
vn 0.6751 0.7048 0.2178
vn 0.4922 0.8571 0.1517
vn -0.8654 -0.1063 0.4897
vn 0.7754 0.5315 -0.3409
vn 0.9290 0.3675 -0.0433
vn 0.1624 0.3524 -0.9216
vn 0.5376 0.7074 -0.4589
vn 0.8239 -0.5287 0.2042
vn 0.2931 0.6544 -0.6970
vn 0.3684 0.6544 -0.6603
vn 0.6559 0.7433 -0.1315
vn -0.0233 0.9968 -0.0760
vn -0.3153 -0.5665 0.7614
vn 0.8523 0.3806 -0.3587
vn 0.3696 0.8784 -0.3030
vn -0.2749 0.9533 0.1249
vn -0.6718 0.7103 0.2102
vn 0.9083 0.2712 0.3186
vn 0.8974 0.4001 0.1862
vn 0.9056 0.4167 0.0786
vn 0.7620 0.3606 0.5378
vn 0.7908 0.1370 0.5966
vn 0.3705 0.6799 -0.6328
vn 0.2460 0.9693 -0.0044
vn -0.0301 0.0209 0.9993
vn 0.7455 -0.4807 0.4617
vn -0.2959 0.9535 0.0578
vn 0.8280 0.5225 -0.2035
vn -0.1600 -0.8819 0.4435
vn 0.7575 0.3538 0.5487
vn 0.1683 0.5209 -0.8369
vn 0.1663 0.9531 -0.2529
vn 0.8044 0.0440 0.5924
vn 0.8156 -0.3937 0.4241
vn -0.5430 -0.5919 0.5957
vn -0.6691 0.7390 0.0788
vn -0.9077 0.1438 0.3943
vn -0.6253 -0.4108 0.6635
vn 0.9687 0.2446 0.0421
vn 0.8619 0.5061 0.0319
vn 0.7596 -0.3563 -0.5442
vn 0.7427 -0.0495 -0.6678
vn 0.7401 0.4560 0.4943
vn 0.8827 0.4179 0.2152
vn 0.6350 0.7096 0.3053
vn 0.2839 0.8396 0.4631
vn 0.0229 0.9976 0.0646
vn 0.7546 0.2199 0.6183
vn 0.7150 0.2653 0.6469
vn 0.5814 0.3564 0.7314
vn -0.2103 0.5694 0.7947
vn -0.1752 0.5756 0.7987
vn 0.9602 0.2792 0.0056
vn 0.7812 0.2078 -0.5886
vn 0.3690 0.7993 0.4742
vn 0.8126 0.2180 0.5404
vn 0.9612 0.1336 -0.2412
vn 0.3370 -0.9048 -0.2605
vn -0.3157 0.8330 0.4543
vn -0.1615 0.9341 -0.3184
vn 0.0650 0.7980 0.5992
vn -0.9794 -0.1161 0.1655
vn 0.3188 -0.7264 -0.6089
vn -0.6141 -0.2790 0.7383
vn 0.4191 0.8452 -0.3318
vn 0.2925 0.8913 -0.3465
vn -0.1511 0.9764 0.1540
vn -0.4840 0.7772 0.4022
vn 0.9220 -0.2683 0.2791
vn 0.8706 -0.3584 0.3372
vn 0.9031 0.3354 0.2683
vn 0.8853 0.1878 0.4254
vn 0.4890 0.0451 -0.8711
vn 0.5093 -0.1185 -0.8524
vn 0.9047 0.4245 -0.0359
vn 0.1971 0.8578 -0.4748
vn 0.6909 0.4628 -0.5554
vn -0.7212 0.6848 -0.1050
vn 0.0770 0.4293 -0.8999
vn -0.7346 0.6767 -0.0501
vn -0.1366 -0.4675 0.8734
vn 0.1437 0.8819 0.4490
vn 0.7802 -0.3274 0.5330
vn 0.9873 0.1425 0.0696
vn -0.0023 -0.8689 -0.4950
vn -0.6039 0.7724 -0.1968
vn -0.9590 0.1056 0.2629
vn -0.8504 -0.1400 0.5072
vn -0.1730 -0.9524 -0.2510
vn 0.0246 0.6035 -0.7970
vn -0.1870 0.7129 0.6759
vn -0.0532 0.9187 0.3913
vn -0.6451 -0.4890 0.5871
vn -0.1359 -0.9659 -0.2203
vn 0.2042 -0.1159 0.9720
vn -0.0844 0.9886 -0.1250
vn 0.6968 0.4544 -0.5550
vn -0.2890 0.9368 0.1974
vn 0.6852 -0.6798 -0.2615
vn 0.6540 -0.4498 -0.6083
vn -0.1187 0.9536 -0.2768
vn 0.3422 0.6936 -0.6339
vn 0.1122 -0.8309 -0.5449
vn -0.9284 -0.1018 0.3573
vn 0.4062 -0.3353 0.8501
vn 0.1263 -0.8966 -0.4244
vn 0.0953 0.8444 0.5271
vn 0.6529 0.2923 0.6987
vn -0.6010 0.3638 0.7116
vn -0.5134 -0.2321 0.8262
vn 0.7164 -0.3565 0.5997
vn 0.6555 -0.2685 0.7059
vn 0.6243 -0.2962 0.7228
vn -0.9394 -0.2321 -0.2525
vn -0.5864 -0.4605 0.6664
vn 0.9819 0.1482 0.1181
vn 0.8937 0.3410 -0.2914
vn 0.3626 -0.3739 0.8537
vn -0.7539 -0.3225 0.5724
vn -0.6254 -0.1144 0.7719
vn 0.9325 -0.2804 0.2278
vn 0.7511 -0.5596 0.3504
vn 0.7253 -0.6875 0.0359
vn 0.3056 -0.8735 -0.3790
vn 0.7287 -0.6608 0.1801
vn 0.4463 -0.4743 0.7588
vn -0.4539 -0.5125 0.7289
vn -0.0524 -0.3497 0.9354
vn 0.8286 -0.1933 0.5254
vn 0.7318 -0.6545 0.1901
vn 0.8402 -0.3862 0.3807
vn 0.6931 -0.5285 0.4902
vn 0.8306 -0.1443 0.5378
vn 0.3308 -0.3843 0.8619
vn 0.3084 -0.3202 0.8957
vn 0.8082 -0.2482 0.5340
vn 0.7334 -0.6727 0.0980
vn -0.2197 -0.5948 0.7732
vn 0.6794 -0.7336 -0.0152
vn 0.6918 -0.7216 -0.0265
vn 0.5422 -0.6717 0.5048
vn 0.5340 -0.7787 0.3292
vn 0.6334 -0.7052 0.3185
vn -0.1989 0.6582 0.7261
vn -0.7754 -0.2524 -0.5788
vn 0.5005 -0.2372 0.8326
vn 0.7562 0.2322 0.6118
vn -0.8160 -0.4930 0.3018
vn -0.1349 0.5757 0.8064
vn -0.0787 0.2930 0.9529
vn 0.3621 -0.4923 0.7916
vn 0.0926 0.8772 0.4712
vn -0.0374 0.9171 0.3968
vn 0.6903 0.1429 0.7093
vn 0.6607 0.0393 0.7496
vn -0.5743 0.4276 0.6981
vn 0.5206 0.6423 -0.5625
vn -0.4800 -0.0753 0.8740
vn -0.3659 -0.0650 0.9284
vn -0.3664 -0.0503 0.9291
vn 0.1456 -0.8913 -0.4293
vn 0.2174 -0.1491 0.9646
vn 0.3994 -0.3671 0.8400
vn -0.2704 0.3948 0.8781
vn -0.5326 -0.7709 0.3493
vn -0.2716 -0.8620 0.4280
vn -0.1160 -0.7754 -0.6208
vn 0.0975 -0.8901 -0.4452
vn 0.1548 -0.5487 0.8215
vn -0.3059 -0.6901 0.6559
vn -0.5192 -0.6827 0.5141
vn 0.2500 -0.7109 -0.6574
vn 0.8283 -0.5379 -0.1567
vn 0.0026 -0.6607 -0.7506
vn -0.8330 -0.2676 0.4842
vn -0.7186 -0.1975 0.6668
vn -0.6629 0.5644 -0.4919
vn 0.9494 -0.2206 0.2237
vn -0.8073 0.5809 -0.1037
vn 0.3483 -0.2680 0.8983
vn -0.0646 0.2212 0.9731
vn -0.5639 -0.4126 0.7154
vn 0.4366 0.4473 0.7806
vn 0.6467 0.3694 0.6673
vn 0.7387 0.3539 0.5736
vn 0.7773 0.2513 0.5767
vn 0.6965 -0.1518 0.7013
vn -0.4194 -0.7573 0.5006
vn -0.5237 -0.6170 0.5873
vn -0.5571 -0.7758 0.2962
vn 0.2415 -0.9517 -0.1898
vn 0.6753 -0.7281 -0.1176
vn -0.8809 0.3343 0.3349
vn 0.8349 -0.5319 -0.1413
vn 0.6366 -0.6177 -0.4617
vn -0.8024 -0.5911 0.0821
vn -0.8001 -0.5991 0.0296
vn 0.3876 -0.7290 -0.5642
vn 0.8918 -0.4457 -0.0774
vn -0.9906 0.0558 0.1250
vn 0.2772 -0.6913 -0.6672
vn -0.5340 -0.4658 0.7055
vn -0.6805 -0.2880 -0.6737
vn -0.6568 0.5393 0.5271
vn -0.6881 0.2949 0.6630
vn -0.7538 0.0090 0.6570
vn -0.1231 -0.9901 -0.0670
vn 0.2117 -0.9075 -0.3628
vn 0.2083 -0.3614 0.9088
vn 0.3315 0.5335 0.7781
vn -0.2116 0.1920 0.9583
vn 0.5509 -0.6859 -0.4755
vn -0.0461 -0.4558 -0.8889
vn -0.9985 0.0421 0.0347
vn -0.2152 0.6329 0.7437
vn 0.2506 -0.6994 -0.6693
vn 0.6064 -0.0390 0.7942
vn -0.6311 0.7518 -0.1908
vn 0.1152 -0.3667 0.9232
vn -0.3465 -0.5678 -0.7466
vn -0.9452 0.1643 -0.2823
vn -0.8727 0.4366 0.2184
vn 0.5625 -0.6862 -0.4613
vn -0.2906 -0.6363 -0.7146
vn -0.8992 -0.0557 -0.4340
vn -0.2207 0.5773 -0.7861
vn -0.9016 0.2687 -0.3391
vn -0.7970 -0.1615 -0.5820
vn -0.7219 -0.1424 -0.6772
vn -0.7879 -0.2184 -0.5757
vn -0.7669 0.5016 -0.4003
vn -0.5144 0.7619 -0.3935
vn -0.5330 0.5902 -0.6063
vn -0.9244 0.3788 -0.0446
vn -0.9240 0.3797 -0.0452
vn -0.8360 -0.1394 -0.5307
vn -0.9408 0.2173 -0.2602
vn -0.7966 0.5888 -0.1367
vn -0.8842 0.0578 -0.4634
vn -0.7883 -0.1949 -0.5836
vn -0.9296 -0.0548 -0.3645
vn -0.8845 0.2038 -0.4196
vn -0.9017 0.3509 -0.2526
vn -0.9009 -0.0301 -0.4331
vn -0.8593 0.5010 0.1032
vn -0.7707 0.0058 -0.6372
vn -0.8683 0.4444 -0.2204
vn 0.0721 0.1352 0.9882
vn 0.1042 0.0523 0.9932
vn -0.0438 -0.0553 0.9975
vn -0.3375 -0.3332 0.8804
vn -0.3402 -0.9235 -0.1769
vn -0.2964 0.5072 0.8093
vn -0.3457 0.3188 0.8825
vn 0.7837 0.2128 0.5836
vn 0.8353 -0.5261 0.1600
vn -0.8751 -0.0856 0.4764
vn 0.4410 -0.8453 0.3016
vn -0.4687 -0.2943 0.8329
vn -0.7296 -0.2439 0.6389
vn -0.4278 -0.8882 0.1678
vn -0.2372 -0.8384 -0.4908
vn -0.1844 -0.7083 -0.6814
vn 0.1420 0.6804 0.7190
vn -0.1258 0.8509 0.5100
vn -0.6415 0.7562 0.1293
vn -0.6576 0.6383 0.4001
vn -0.2200 0.9274 0.3024
vn -0.2237 0.9270 0.3010
vn -0.6868 0.0253 0.7264
vn 0.7460 0.1386 0.6514
vn -0.5125 0.8250 0.2383
vn -0.4748 0.8425 0.2544
vn -0.3008 0.8608 0.4106
vn -0.1178 0.8835 0.4534
vn 0.2896 -0.2230 0.9308
vn -0.7865 -0.1316 0.6034
vn -0.9864 0.0035 -0.1641
vn -0.9595 0.2528 -0.1243
vn -0.4902 -0.7005 0.5187
vn -0.2350 -0.5507 0.8009
vn 0.0803 -0.3581 0.9302
vn 0.6400 -0.1983 0.7424
vn 0.5032 -0.1771 0.8458
vn 0.2781 -0.3335 0.9008
vn -0.3999 -0.4353 0.8065
vn -0.1784 -0.1797 0.9674
vn -0.0288 -0.0913 0.9954
vn 0.3618 -0.2024 0.9100
vn 0.7152 0.1042 0.6912
vn 0.7702 -0.0330 0.6369
vn 0.6066 0.3531 0.7122
vn 0.7148 -0.0286 0.6987
vn 0.3523 -0.0779 0.9326
vn -0.3695 -0.4690 0.8022
vn -0.1274 -0.4067 0.9047
vn 0.5387 0.1514 0.8288
vn -0.3615 -0.4630 0.8093
vn 0.7623 0.0657 0.6439
vn 0.3712 0.1672 0.9134
vn 0.0483 0.6696 0.7412
vn 0.4770 -0.3211 0.8181
vn 0.6865 -0.3634 0.6298
vn 0.3341 -0.4180 0.8448
vn -0.0404 0.4547 0.8897
vn -0.2874 0.4174 0.8621
vn 0.8131 0.0632 0.5787
vn 0.8516 -0.1899 0.4886
vn 0.3427 -0.6275 0.6991
vn -0.4835 0.4999 0.7186
vn -0.5517 0.4564 0.6981
vn 0.6832 -0.4565 0.5699
vn 0.4293 -0.5797 0.6926
vn 0.8611 -0.0806 0.5021
vn 0.3920 0.6315 0.6690
vn 0.5086 0.5911 0.6261
vn 0.8755 -0.3157 0.3659
vn 0.3141 -0.0742 0.9465
vn 0.9659 -0.1484 0.2121
vn 0.1722 -0.2222 0.9597
vn 0.5061 0.1160 0.8546
vn 0.3471 -0.2713 0.8977
vn -0.4865 -0.4423 0.7534
vn 0.5696 -0.2562 0.7809
vn 0.8351 -0.1045 0.5401
vn 0.2815 -0.3461 0.8950
vn -0.0515 -0.4178 0.9071
vn 0.9768 -0.0918 -0.1934
vn 0.3343 0.1530 0.9300
vn 0.5796 0.4704 0.6654
vn 0.8304 -0.1125 0.5457
vn 0.4168 0.3385 0.8436
vn -0.3296 -0.4201 0.8455
vn 0.7440 -0.3083 0.5928
vn 0.5053 0.5442 0.6697
vn 0.9783 -0.0129 0.2066
vn 0.1902 -0.4786 0.8572
vn 0.7646 0.0191 0.6443
vn 0.1978 0.4829 0.8530
vn 0.7133 -0.6673 0.2145
vn 0.2217 -0.5389 0.8127
vn -0.2132 -0.3062 0.9278
vn 0.1031 0.1729 0.9795
vn -0.5733 -0.6798 0.4573
vn 0.6714 -0.5201 0.5280
vn 0.7460 -0.2919 0.5986
vn 0.0118 0.1375 0.9904
vn 0.6373 -0.4186 0.6470
vn -0.0420 0.8034 0.5940
vn -0.0944 0.8252 0.5568
vn -0.0571 -0.3625 0.9302
vn -0.4496 0.8598 0.2423
vn -0.5764 0.6567 0.4863
vn 0.4170 -0.7627 0.4944
vn 0.4216 -0.7607 0.4936
vn -0.2771 0.1110 0.9544
vn -0.2840 0.1245 0.9507
vn 0.3928 -0.7808 0.4860
vn -0.1292 -0.1222 0.9841
vn -0.3403 0.0404 0.9395
vn -0.3699 0.0882 0.9249
vn -0.5068 0.6242 0.5946
vn 0.1646 -0.5827 0.7958
vn -0.3235 0.2734 0.9059
vn -0.6146 -0.5191 0.5939
vn 0.2172 -0.8824 0.4174
vn -0.1375 -0.7377 0.6610
vn -0.4739 0.8742 0.1057
vn -0.8163 0.4656 -0.3418
vn 0.8507 -0.4545 0.2641
vn -0.4604 0.8805 0.1133
vn -0.5173 0.8265 0.2221
vn 0.9594 -0.2820 0.0034
vn 0.8981 -0.3442 0.2738
vn -0.7657 -0.0253 0.6427
vn -0.4882 -0.6412 0.5920
vn -0.0719 0.2386 0.9685
vn 0.8579 -0.4983 -0.1250
vn -0.2174 0.9574 0.1901
vn -0.3698 0.8416 0.3936
vn -0.7731 0.5244 -0.3567
vn 0.9312 -0.3260 -0.1629
vn -0.9111 0.3091 0.2727
vn -0.3617 0.7211 0.5909
vn 0.2866 -0.9536 0.0920
vn -0.1586 -0.9828 -0.0951
vn -0.6242 0.6077 0.4909
vn 0.0293 -0.9892 0.1433
vn -0.2978 0.9508 0.0854
vn 0.4140 -0.7265 0.5485
vn -0.8882 0.4546 -0.0664
vn -0.3377 -0.6477 0.6830
vn -0.2484 -0.8944 0.3720
vn 0.2623 -0.9650 -0.0053
vn -0.4264 -0.5197 0.7403
vn -0.7685 -0.4308 0.4732
vn -0.7900 0.2535 0.5582
vn -0.0523 -0.9231 0.3810
vn -0.7282 -0.3824 0.5688
vn -0.2385 0.1208 0.9636
vn -0.5030 -0.3018 0.8099
vn -0.5817 0.5096 0.6340
vn -0.0936 0.8571 0.5066
vn 0.2596 0.7075 0.6573
vn -0.2864 -0.9188 0.2714
vn -0.5344 -0.8209 0.2015
vn -0.4631 -0.8775 -0.1244
vn -0.8684 -0.0089 0.4958
vn -0.5755 0.5804 0.5762
vn -0.6881 0.6982 0.1975
vn 0.1624 0.7899 0.5914
vn 0.5795 0.5538 0.5978
vn 0.0411 0.7699 0.6368
vn 0.7619 -0.5311 -0.3707
vn 0.0991 0.3428 0.9342
vn -0.8454 0.4079 0.3450
vn 0.1554 0.8886 0.4317
vn 0.2288 0.7605 0.6077
vn -0.2531 -0.9400 0.2286
vn 0.1815 -0.0447 0.9824
vn -0.9438 0.1201 0.3079
vn -0.7724 0.6337 -0.0423
vn -0.9028 0.4238 -0.0730
vn -0.4573 -0.5968 0.6593
vn -0.7384 -0.3295 0.5884
vn -0.9801 -0.0212 0.1973
vn -0.7914 0.6042 -0.0934
vn -0.7202 0.6922 0.0459
vn -0.3855 0.8501 0.3587
vn -0.8157 0.5428 0.2001
vn -0.9122 0.0993 0.3975
vn -0.9241 -0.1377 0.3564
vn -0.2642 -0.6113 0.7460
vn -0.4648 0.7747 0.4287
vn -0.8960 0.1604 0.4141
vn -0.3541 0.8772 0.3244
vn 0.0579 -0.9770 -0.2051
vn -0.8373 0.1877 0.5135
vn -0.8312 0.5552 -0.0292
vn 0.2979 0.8815 0.3664
vn 0.3348 -0.9066 -0.2569
vn 0.4805 -0.8769 -0.0141
vn 0.0149 -0.9356 -0.3529
vn -0.4595 0.8731 0.1631
vn 0.1470 0.7458 0.6497
vn -0.1976 -0.6305 0.7506
vn 0.4084 -0.8878 -0.2120
vn -0.1775 0.7428 0.6455
vn -0.8803 0.4150 -0.2300
vn 0.3869 -0.8671 -0.3137
vn -0.6214 -0.4295 0.6552
vn -0.6328 -0.4428 0.6353
vn -0.8030 0.5900 -0.0847
vn -0.4641 0.4548 0.7601
vn -0.2977 -0.8319 0.4683
vn -0.5897 0.7850 0.1897
vn 0.5762 0.2660 0.7728
vn -0.7822 -0.4641 0.4157
vn 0.1657 -0.8445 0.5093
vn 0.3189 -0.8872 0.3335
vn -0.4201 0.7907 0.4453
vn -0.4550 0.8224 0.3416
vn 0.5737 -0.5886 -0.5696
vn -0.1714 -0.8471 0.5031
vn -0.3481 0.9310 -0.1102
vn -0.1214 0.8121 0.5707
vn 0.3356 -0.7939 -0.5070
vn 0.0996 -0.1411 0.9850
vn -0.7901 -0.4383 0.4285
vn -0.5758 0.7907 0.2080
vn -0.4931 0.8610 0.1246
vn -0.5052 0.6936 0.5135
vn -0.5825 0.6239 0.5210
vn -0.4517 -0.8804 -0.1444
vn 0.2325 0.1619 0.9590
vn 0.6438 0.2929 0.7069
vn -0.3274 -0.8212 -0.4674
vn 0.3102 -0.8159 -0.4880
vn -0.7985 0.1294 0.5880
vn -0.8398 -0.4594 0.2893
vn -0.8489 -0.3522 0.3942
vn -0.8027 0.1315 0.5817
vn -0.5872 0.6243 0.5153
vn -0.3824 0.8437 0.3767
vn 0.6501 -0.4108 -0.6393
vn -0.5408 0.7375 0.4045
vn -0.4266 0.2566 0.8673
vn 0.1520 -0.8194 -0.5526
vn 0.6107 -0.3462 -0.7121
vn 0.7304 -0.1540 -0.6654
vn -0.9463 0.1131 0.3030
vn -0.5533 0.5003 0.6660
vn -0.5753 -0.2566 0.7767
vn 0.6414 -0.1094 -0.7593
vn -0.6716 -0.2423 0.7002
vn -0.6982 -0.4066 0.5892
vn -0.6379 -0.5927 0.4918
vn -0.6152 -0.6495 0.4470
vn -0.6222 -0.5409 0.5660
vn -0.4188 -0.8305 0.3673
vn -0.9934 0.0937 -0.0658
vn -0.4793 0.6900 0.5423
vn -0.3445 0.9061 0.2454
vn -0.6276 -0.7528 0.1984
vn -0.3971 -0.6660 0.6314
vn -0.9469 0.1753 -0.2695
vn -0.4879 -0.4069 0.7723
vn 0.1971 -0.6651 -0.7202
vn 0.2142 -0.6570 -0.7228
vn -0.9559 0.1320 0.2625
vn -0.1999 -0.8960 0.3965
vn -0.1042 -0.8316 0.5455
vn -0.7692 0.3322 0.5459
vn -0.2135 0.9066 0.3639
vn -0.7905 -0.5294 0.3082
vn -0.5849 -0.7797 0.2233
vn -0.3941 -0.6699 0.6293
vn -0.6109 -0.6181 0.4948
vn -0.5863 -0.5877 0.5576
vn -0.9170 0.3220 -0.2353
vn -0.6040 0.6746 0.4243
vn -0.5993 -0.5362 0.5944
vn -0.7219 -0.5529 0.4161
vn -0.9410 -0.3376 -0.0217
vn -0.9376 -0.3418 0.0642
vn -0.4335 -0.3481 0.8312
vn -0.1014 -0.9727 0.2089
vn -0.4138 -0.9038 0.1090
vn -0.7428 0.6694 0.0096
vn -0.6818 0.7300 -0.0475
vn -0.9164 0.2021 -0.3454
vn -0.9014 0.4328 -0.0133
vn -0.7015 0.6363 0.3209
vn -0.7606 0.5651 0.3195
vn -0.8565 -0.0237 0.5156
vn -0.6760 0.6421 0.3615
vn -0.5269 -0.8230 0.2122
vn -0.8899 0.3384 -0.3058
vn -0.8846 -0.3616 -0.2944
vn -0.7816 -0.4921 0.3834
vn -0.7055 -0.5683 0.4235
vn -0.2112 -0.8886 0.4072
vn -0.5351 -0.5447 0.6457
vn 0.2679 -0.5265 0.8069
vn -0.6400 0.7600 0.1131
vn -0.3725 0.8790 0.2975
vn 0.1868 -0.5100 0.8397
vn -0.8668 -0.4445 0.2262
vn -0.9417 -0.3365 -0.0077
vn -0.4320 -0.9009 -0.0413
vn -0.7554 -0.1763 -0.6311
vn -0.6685 -0.2605 -0.6966
vn -0.5634 -0.4632 0.6841
vn -0.0742 -0.9874 0.1398
vn -0.8154 -0.5312 0.2299
vn -0.3359 -0.8130 0.4756
vn -0.5168 -0.8098 0.2779
vn -0.8644 0.3914 0.3157
vn -0.6558 0.6534 0.3781
vn -0.9360 0.3431 -0.0791
vn -0.9202 -0.0930 -0.3802
vn -0.3193 -0.8954 0.3103
vn -0.7285 -0.2698 -0.6297
vn -0.4992 0.2182 0.8386
vn -0.7541 -0.3780 -0.5370
vn -0.6948 -0.7189 0.0203
vn -0.3058 -0.9134 -0.2686
vn -0.9281 -0.3410 0.1497
vn -0.3775 0.8825 -0.2806
vn -0.7634 0.4583 -0.4552
vn -0.1237 -0.7991 0.5884
vn -0.7523 0.1131 0.6491
vn -0.7152 -0.1199 -0.6886
vn -0.6473 -0.4710 0.5993
vn -0.6871 -0.5867 0.4286
vn -0.8678 -0.4496 -0.2117
vn -0.8169 -0.5760 0.0288
vn -0.5958 -0.7670 -0.2381
vn -0.7474 0.6030 0.2788
vn -0.9108 -0.3195 0.2613
vn -0.2801 -0.7346 0.6179
vn -0.2841 -0.7291 0.6226
vn -0.7166 -0.5941 -0.3654
vn -0.5695 -0.7258 0.3859
vn -0.7532 -0.2493 0.6088
vn -0.6777 -0.2536 -0.6902
vn -0.5516 -0.2286 -0.8022
vn -0.5075 -0.5954 -0.6229
vn -0.6791 0.2301 -0.6971
vn 0.1691 -0.8846 -0.4346
vn -0.5823 -0.8115 -0.0496
vn -0.2747 -0.9046 -0.3259
vn -0.4650 -0.8842 0.0439
vn -0.6382 -0.4661 0.6127
vn -0.8604 -0.4647 -0.2092
vn -0.6005 -0.4690 0.6476
vn -0.8794 -0.3490 -0.3239
vn -0.4368 -0.0068 -0.8995
vn -0.1575 -0.6772 -0.7188
vn -0.0035 -0.8764 -0.4816
vn -0.5458 -0.6853 -0.4823
vn -0.5091 0.6605 -0.5519
vn -0.8513 0.5020 -0.1527
vn -0.8692 0.0638 -0.4903
vn -0.8130 0.2998 -0.4992
vn -0.0715 -0.9930 0.0938
vn -0.4487 -0.7521 0.4827
vn -0.7377 -0.3331 -0.5872
vn -0.7726 -0.3488 -0.5305
vn -0.5093 -0.7349 -0.4478
vn 0.0510 -0.8965 -0.4401
vn -0.7277 0.6732 0.1312
vn -0.7900 0.3326 -0.5151
vn -0.4860 0.7444 -0.4578
vn -0.7850 0.6094 -0.1114
vn -0.6867 0.7075 -0.1669
vn -0.1243 -0.8673 -0.4821
vn -0.3655 -0.5892 -0.7205
vn 0.0516 -0.8634 -0.5019
vn 0.2213 -0.7754 -0.5914
vn -0.7007 0.5129 0.4960
vn -0.5021 -0.6547 0.5650
vn -0.3772 -0.7498 0.5436
vn -0.7429 -0.3418 -0.5756
vn -0.0737 -0.8686 0.4899
vn -0.8271 0.5535 -0.0975
vn -0.3080 -0.9498 0.0557
vn -0.2385 -0.9553 -0.1748
vn -0.4400 -0.8979 -0.0121
vn -0.6417 -0.6569 0.3958
vn -0.6794 -0.6622 0.3161
vn -0.6791 -0.3749 -0.6311
vn -0.9342 0.2482 0.2564
vn -0.5151 -0.6375 0.5729
vn -0.7069 -0.6830 0.1839
vn -0.7860 -0.3000 -0.5406
vn -0.5885 0.7691 0.2494
vn -0.5184 -0.7497 -0.4113
vn -0.7817 -0.4721 -0.4075
vn -0.8188 -0.5379 0.2004
vn -0.7078 -0.5704 -0.4168
vn -0.4399 -0.5188 -0.7330
vn -0.8156 -0.2648 -0.5145
vn -0.9751 -0.0553 -0.2147
vn -0.9662 -0.1988 0.1639
vn -0.9722 -0.1931 0.1326
vn -0.8406 -0.3413 0.4206
vn -0.8541 -0.4909 0.1721
vn -0.0191 -0.9997 0.0138
vn -0.7847 0.6064 -0.1287
vn 0.2894 -0.8990 -0.3287
vn 0.2985 -0.8934 -0.3356
vn -0.9214 -0.3773 -0.0927
vn -0.7991 -0.5466 0.2505
vn -0.6884 -0.7006 -0.1875
vn -0.4165 -0.9090 -0.0148
vn -0.0105 -0.9512 -0.3084
vn 0.1851 -0.7515 -0.6333
vn -0.2355 -0.6283 -0.7414
vn -0.9668 -0.2554 -0.0092
vn -0.8370 -0.5041 0.2129
vn -0.8539 -0.4906 0.1735
vn -0.7673 -0.2609 -0.5859
vn 0.2424 -0.8397 -0.4860
vn -0.3300 -0.7194 -0.6112
vn -0.9179 -0.3228 -0.2309
vn -0.5390 -0.4730 0.6969
vn -0.5096 -0.5294 0.6782
vn -0.6386 -0.7238 -0.2614
vn -0.7304 -0.0860 0.6776
vn -0.7678 -0.4598 -0.4461
vn -0.8380 -0.2679 -0.4754
vn -0.8282 -0.2552 -0.4990
vn -0.7170 -0.3476 -0.6042
vn -0.9326 -0.2318 -0.2768
vn -0.6801 -0.3267 -0.6563
vn -0.7602 -0.1318 -0.6362
vn -0.1363 -0.8574 -0.4962
vn -0.6649 -0.0211 0.7467
vn -0.8820 0.1518 0.4462
vn -0.6739 0.2737 0.6863
vn -0.8818 0.1624 0.4428
vn -0.9866 -0.0930 0.1344
vn -0.8640 -0.0826 0.4967
vn -0.7778 -0.3005 -0.5521
vn -0.7744 -0.3107 -0.5511
vn -0.0934 -0.8425 -0.5305
vn -0.3109 -0.9232 -0.2261
vn -0.3890 -0.9136 -0.1180
vn -0.6096 0.0610 -0.7904
vn -0.6220 -0.6578 0.4248
vn -0.7369 -0.4294 0.5222
vn -0.8898 -0.2923 0.3504
vn -0.9676 -0.1803 0.1769
vn -0.7975 -0.0180 0.6030
vn -0.8115 -0.2337 0.5356
vn -0.9643 -0.1193 -0.2366
vn -0.1088 -0.9187 -0.3797
vn -0.1162 -0.8788 -0.4629
vn -0.8737 -0.2987 0.3838
vn -0.8970 -0.2241 -0.3810
vn -0.9542 0.1204 0.2739
vn -0.9388 -0.0176 0.3440
vn -0.9898 0.0583 0.1296
vn -0.5041 -0.7157 -0.4834
vn 0.0684 -0.9875 0.1421
vn -0.2667 -0.9036 0.3352
vn -0.8179 -0.1452 -0.5567
vn -0.9230 -0.2165 -0.3182
vn -0.8649 -0.1021 -0.4915
vn -0.8967 -0.4275 -0.1147
vn -0.7685 -0.6278 -0.1232
vn -0.4962 -0.7823 0.3765
vn -0.2022 -0.9744 0.0980
vn -0.9455 -0.1453 -0.2915
vn -0.6039 -0.4403 -0.6644
vn -0.4524 -0.8896 0.0622
vn -0.4118 -0.9111 0.0202
vn -0.7996 -0.1144 -0.5895
vn -0.8350 -0.4275 0.3464
vn -0.7891 -0.2390 -0.5659
vn -0.8046 0.3628 -0.4701
vn -0.9702 -0.0457 -0.2381
vn -0.8703 0.3615 -0.3346
vn -0.6657 0.3148 -0.6765
vn -0.1368 0.8326 -0.5366
vn 0.0067 -0.6519 0.7583
vn -0.7163 0.2396 -0.6554
vn -0.5671 -0.6663 0.4843
vn -0.6285 -0.3684 -0.6850
vn -0.5779 -0.1395 0.8041
vn -0.1045 -0.8887 0.4465
vn -0.6487 -0.7293 0.2175
vn -0.4545 -0.8506 -0.2645
vn -0.3058 -0.8929 0.3305
vn -0.8329 -0.1083 0.5427
vn 0.0329 -0.8635 -0.5033
vn -0.0779 -0.5601 -0.8248
vn -0.4822 -0.4571 -0.7473
vn -0.8952 0.2282 0.3828
vn -0.0027 -0.8535 -0.5211
vn -0.5990 -0.2999 -0.7425
vn 0.1562 -0.9149 -0.3723
vn -0.2768 -0.6075 -0.7445
vn -0.7802 -0.2212 -0.5852
vn -0.7438 -0.2007 -0.6376
vn 0.1788 -0.9232 -0.3401
vn 0.3818 -0.9144 -0.1345
vn -0.1990 -0.7952 -0.5728
vn -0.2501 -0.7905 0.5591
vn -0.8667 -0.2559 0.4282
vn 0.3955 -0.9111 -0.1163
vn -0.2717 -0.7051 -0.6550
vn 0.0987 -0.9460 -0.3088
vn 0.6382 -0.7216 0.2683
vn 0.2633 -0.9585 -0.1095
vn 0.0401 -0.9166 -0.3977
vn -0.6882 -0.2794 -0.6695
vn -0.4682 -0.7197 -0.5127
vn -0.4533 -0.6759 -0.5811
vn 0.6521 0.5246 -0.5474
vn 0.0285 -0.8673 -0.4970
vn 0.0298 -0.8670 -0.4975
vn -0.3815 -0.4216 -0.8227
vn -0.3751 -0.6950 -0.6134
vn -0.4504 -0.6188 -0.6436
vn -0.7372 -0.5235 -0.4272
vn 0.3974 -0.9092 -0.1241
vn -0.3018 -0.4956 -0.8144
vn 0.1377 -0.9489 0.2840
vn -0.4737 -0.7658 -0.4349
vn 0.1266 -0.8911 -0.4358
vn -0.3236 -0.7492 -0.5779
vn -0.4636 -0.5479 -0.6964
vn -0.5853 -0.8046 0.1006
vn -0.8748 -0.2313 -0.4257
vn -0.7666 0.4780 -0.4287
vn 0.2143 -0.9370 -0.2758
vn -0.8156 -0.1653 -0.5546
vn -0.4352 -0.7967 -0.4194
vn -0.8496 -0.3219 -0.4178
vn 0.2517 -0.9235 -0.2895
vn -0.4415 -0.8272 -0.3476
vn -0.6266 0.7596 0.1742
vn -0.1633 -0.9364 -0.3105
vn -0.7731 -0.4934 0.3986
vn -0.4607 -0.8647 0.2003
vn 0.3175 -0.8084 -0.4957
vn -0.1038 -0.8613 -0.4974
vn -0.6663 -0.7082 -0.2334
vn 0.0529 -0.9502 0.3071
vn -0.0311 -0.9392 -0.3421
vn -0.8296 -0.2401 -0.5041
vn 0.3723 -0.5690 -0.7333
vn -0.2070 -0.9400 -0.2712
vn 0.7353 -0.6266 0.2582
vn 0.0776 -0.9958 -0.0480
vn 0.4041 -0.9071 -0.1177
vn -0.2421 -0.9699 -0.0262
vn -0.6355 -0.6551 -0.4086
vn -0.0284 -0.9945 -0.1003
vn -0.7593 -0.3893 -0.5214
vn 0.2370 -0.4541 -0.8588
vn 0.6496 -0.7544 0.0939
vn 0.1692 -0.9847 -0.0414
vn -0.6617 -0.5913 -0.4610
vn -0.8189 -0.4106 0.4010
vn -0.2849 -0.9349 -0.2116
vn 0.5211 -0.8013 0.2939
vn -0.6735 0.6074 0.4212
vn -0.5802 0.6654 0.4697
vn 0.3536 -0.3637 -0.8618
vn 0.5102 -0.8536 -0.1051
vn 0.0231 -0.9990 -0.0388
vn -0.7222 -0.5767 -0.3819
vn -0.5879 0.1264 0.7990
vn -0.4233 -0.9038 -0.0632
vn 0.2990 -0.9542 -0.0107
vn -0.9812 -0.0426 0.1882
vn -0.1332 -0.9793 -0.1523
vn -0.7951 -0.0120 0.6064
vn -0.5780 -0.7994 0.1642
vn -0.7873 -0.1213 0.6045
vn -0.7789 -0.2920 -0.5550
vn -0.9852 -0.0199 0.1700
vn -0.5058 -0.8481 -0.1577
vn 0.9116 -0.3188 0.2595
vn 0.7029 -0.6954 0.1497
vn -0.7465 -0.4658 0.4752
vn -0.5109 -0.7997 0.3153
vn -0.1626 -0.9557 0.2452
vn -0.1391 -0.9336 0.3301
vn -0.5402 -0.5322 0.6519
vn 0.2832 -0.9440 0.1691
vn 0.5668 0.8238 -0.0060
vn -0.5851 -0.8025 -0.1167
vn -0.5353 -0.7802 0.3237
vn 0.1016 -0.9930 0.0598
vn -0.2015 -0.9757 -0.0867
vn -0.1786 -0.9805 -0.0824
vn 0.8112 0.1329 0.5695
vn 0.3423 -0.9391 -0.0289
vn 0.7544 0.2114 0.6215
vn -0.0054 -0.8324 0.5541
vn -0.6792 -0.5636 -0.4702
vn -0.2037 -0.6893 0.6953
vn -0.0582 -0.8950 0.4423
vn -0.1953 -0.9714 -0.1351
vn -0.4817 -0.8161 -0.3194
vn -0.9262 -0.1020 -0.3629
vn -0.9541 0.2924 0.0639
vn -0.4351 -0.6755 0.5952
vn 0.0978 -0.9946 0.0355
vn 0.8605 -0.3644 0.3561
vn -0.8375 -0.4734 0.2727
vn -0.8657 -0.2874 -0.4097
vn -0.4279 -0.8340 0.3484
vn -0.5522 -0.8183 0.1595
vn -0.2907 -0.8873 0.3580
vn -0.1840 -0.9740 -0.1320
vn 0.3708 -0.9212 0.1181
vn -0.5656 -0.7677 -0.3013
vn 0.7498 -0.6132 0.2487
vn -0.5363 -0.7796 -0.3233
vn 0.6178 -0.7343 0.2814
vn -0.7724 0.5022 -0.3889
vn 0.1167 -0.9794 0.1649
vn -0.6096 -0.2665 0.7466
vn -0.7802 -0.4101 -0.4723
vn -0.6876 -0.2895 -0.6659
vn -0.1840 -0.8861 0.4254
vn -0.1535 -0.9833 -0.0974
vn -0.6697 -0.5066 -0.5430
vn -0.2968 -0.8885 0.3501
vn 0.3733 -0.8662 0.3321
vn -0.1888 -0.9779 -0.0900
vn -0.7716 -0.4306 0.4681
vn -0.6769 -0.4244 -0.6015
vn -0.7862 -0.4771 -0.3928
vn 0.5842 -0.5762 -0.5716
vn -0.6559 -0.5777 0.4859
vn 0.5645 -0.7392 0.3674
vn -0.4170 -0.8432 -0.3394
vn -0.8317 -0.5398 -0.1299
vn -0.8157 -0.5766 -0.0453
vn -0.6421 -0.2408 0.7278
vn -0.6119 -0.2042 0.7641
vn -0.0385 -0.4166 0.9083
vn 0.0003 -0.4630 0.8864
vn 0.0786 -0.7318 0.6770
vn -0.2829 -0.5980 0.7499
vn -0.6933 -0.4330 0.5760
vn 0.2641 -0.7269 0.6340
vn 0.5054 -0.1404 -0.8514
vn -0.9137 -0.2794 -0.2952
vn -0.9905 -0.0438 0.1302
vn -0.2931 -0.2770 0.9151
vn -0.1570 -0.1947 0.9682
vn -0.5834 -0.3498 0.7330
vn -0.5807 -0.3528 0.7337
vn -0.9154 -0.2688 0.2996
vn -0.1653 -0.6918 0.7029
vn 0.0870 -0.9882 0.1261
vn 0.3448 -0.9022 0.2591
vn -0.4704 -0.7462 -0.4711
vn -0.7366 -0.6630 0.1333
vn -0.4734 -0.2902 0.8316
vn -0.7408 -0.4610 0.4886
vn -0.0294 -0.8436 0.5361
vn -0.9350 -0.0183 0.3541
vn -0.9200 -0.0508 0.3886
vn -0.9339 -0.3570 0.0198
vn -0.4349 -0.8964 -0.0854
vn -0.8404 -0.3021 -0.4500
vn -0.7843 -0.5872 -0.1999
vn -0.4721 -0.8676 0.1564
vn -0.8409 -0.2965 -0.4527
vn -0.7686 0.3500 0.5355
vn -0.5637 -0.7683 0.3033
vn -0.1345 -0.9788 0.1544
vn -0.3068 -0.9456 0.1083
vn -0.8604 -0.4195 -0.2894
vn -0.9448 -0.2195 -0.2432
vn -0.6031 -0.6653 -0.4401
vn -0.9958 -0.0862 -0.0314
vn -0.9964 -0.0652 -0.0540
vn -0.4000 -0.8731 -0.2786
vn -0.5464 -0.8359 0.0519
vn -0.9768 -0.0724 0.2015
vn -0.9768 -0.0725 0.2016
vn -0.4800 -0.8238 0.3015
vn -0.5898 -0.8074 0.0176
vn -0.3717 -0.9245 -0.0845
vn 0.6478 0.6978 0.3056
vn -0.5782 -0.5084 0.6381
vn -0.7284 -0.6181 0.2955
vn -0.6632 -0.6167 0.4240
vn -0.4483 -0.7854 0.4268
vn -0.9635 -0.2208 0.1513
vn -0.9942 -0.0742 0.0780
vn 0.1605 -0.8416 0.5157
vn -0.5797 -0.6394 0.5051
vn -0.9452 -0.2290 0.2326
vn 0.6022 -0.7816 0.1625
vn 0.3306 -0.1185 -0.9363
vn -0.0012 -0.9535 0.3014
vn 0.1564 -0.9578 0.2411
vn -0.2100 -0.9059 0.3677
vn 0.3444 -0.8110 0.4729
vn 0.1672 -0.9554 0.2435
vn -0.6900 -0.3114 0.6533
vn 0.1313 -0.8932 0.4300
vn -0.1920 -0.8551 0.4815
vn -0.5671 -0.7195 0.4008
vn -0.9968 0.0307 0.0734
vn -0.4186 -0.8070 0.4166
vn -0.5512 -0.7332 0.3983
vn -0.9026 -0.3550 0.2434
vn -0.9836 -0.1360 0.1185
vn -0.7727 -0.5143 0.3721
vn -0.4190 -0.7695 0.4820
vn -0.5975 -0.6861 0.4151
vn -0.8463 -0.4377 0.3035
vn -0.9820 -0.1371 0.1301
vn 0.6222 -0.7434 0.2455
vn -0.2758 -0.8386 0.4697
vn -0.9939 0.1086 0.0204
vn -0.8412 -0.4472 0.3038
vn -0.5964 -0.6859 0.4169
vn 0.5202 0.4709 -0.7125
vn 0.3433 0.6750 -0.6531
vn 0.4848 0.4994 -0.7181
vn 0.5219 0.3891 -0.7591
vn -0.4338 0.6069 -0.6660
vn 0.8211 -0.1581 -0.5485
vn 0.5322 0.4404 -0.7230
vn 0.4030 0.5484 -0.7327
vn 0.0362 0.1247 -0.9915
vn 0.4868 0.4297 -0.7605
vn 0.1252 0.4709 -0.8733
vn 0.5338 0.4079 -0.7407
vn 0.5532 0.8259 0.1088
vn 0.7142 0.6740 -0.1889
vn 0.6165 0.2829 -0.7348
vn -0.9640 -0.2555 -0.0735
vn 0.3131 0.0882 -0.9456
vn 0.3920 0.2895 -0.8732
vn 0.4612 0.3583 -0.8118
vn 0.3096 0.0622 -0.9488
vn -0.2742 0.9334 0.2313
vn -0.2275 0.9518 0.2059
vn -0.1709 0.7203 0.6723
vn -0.1571 0.8049 0.5722
vn 0.4039 0.5507 0.7304
vn -0.1222 0.8008 0.5863
vn -0.0853 0.8449 0.5280
vn -0.1590 0.7496 0.6425
vn 0.1355 0.7185 0.6822
vn -0.3759 0.8538 0.3603
vn -0.4631 0.8528 0.2414
vn -0.9103 0.2109 -0.3562
vn 0.5675 -0.1159 0.8152
vn -0.6811 0.6790 -0.2740
vn 0.3200 -0.5368 0.7807
vn -0.4444 0.8945 -0.0494
vn -0.7812 0.5898 -0.2049
vn -0.2074 -0.3013 0.9307
vn 0.1412 -0.6010 0.7867
vn 0.4350 0.4810 -0.7612
vn 0.4133 0.6747 -0.6115
vn -0.0606 0.4426 -0.8946
vn 0.1478 0.7049 -0.6937
vn 0.1300 0.4312 -0.8928
vn 0.2342 0.5477 -0.8032
vn 0.4472 0.5217 -0.7265
vn 0.5131 0.5132 -0.6880
vn 0.2253 0.4420 -0.8683
vn 0.2033 0.5415 0.8157
vn 0.5663 0.4028 0.7191
vn 0.5536 -0.0340 0.8321
vn 0.7052 0.1482 0.6934
vn 0.2891 0.3284 0.8992
vn 0.3926 0.3100 0.8659
vn 0.3747 0.2433 0.8947
vn 0.3970 0.0402 0.9169
vn 0.3084 0.4878 0.8167
vn 0.0388 0.0842 0.9957
vn 0.5475 0.0933 0.8316
vn 0.6550 0.2332 0.7188
vn 0.6559 0.2124 0.7244
vn 0.5978 0.2668 0.7560
vn 0.1418 0.8610 -0.4884
vn 0.2801 0.4909 -0.8250
vn 0.2982 0.5832 -0.7556
vn -0.0037 0.8425 -0.5387
vn 0.0534 0.6397 -0.7668
vn -0.3561 0.8106 -0.4649
vn 0.0109 0.6251 -0.7805
vn -0.7242 0.6306 -0.2790
vn -0.7993 0.0661 -0.5972
vn -0.5895 0.1863 -0.7860
vn 0.4240 0.7440 -0.5164
vn 0.1228 0.7839 -0.6087
vn -0.6832 0.3428 -0.6448
vn -0.1586 0.6308 -0.7596
vn -0.5127 0.1998 -0.8350
vn -0.4781 0.6846 -0.5503
vn -0.4341 0.3994 -0.8075
vn -0.3091 0.6523 -0.6921
vn 0.3339 0.6517 -0.6811
vn -0.2297 0.6894 -0.6870
vn 0.4153 0.5440 -0.7291
vn 0.5620 0.6297 -0.5364
vn -0.2186 0.9514 -0.2168
vn 0.0020 0.5729 -0.8196
vn -0.0317 0.5806 -0.8136
vn 0.3483 0.8404 -0.4152
vn 0.0079 0.6749 -0.7379
vn 0.4473 0.5581 -0.6989
vn -0.8531 0.0382 -0.5203
vn -0.8674 0.2980 -0.3985
vn -0.9766 0.1978 -0.0840
vn -0.8700 0.4586 -0.1809
vn -0.7908 0.0517 -0.6099
vn -0.7228 0.6612 -0.2011
vn -0.8368 -0.2466 -0.4888
vn -0.6775 -0.3830 -0.6279
vn -0.6741 -0.3773 -0.6350
vn -0.6832 -0.3094 -0.6615
vn -0.8441 0.3425 -0.4125
vn -0.9083 0.0628 -0.4136
vn -0.8160 0.0311 -0.5772
vn -0.6710 0.4305 -0.6037
vn -0.5773 0.0160 -0.8163
vn -0.5612 -0.4443 -0.6983
vn -0.5249 -0.3707 -0.7662
vn -0.5108 -0.5664 -0.6468
vn -0.8701 -0.1392 -0.4728
vn -0.6868 -0.2900 -0.6665
vn -0.8689 -0.0988 -0.4849
vn 0.1670 -0.0514 -0.9846
vn -0.0046 -0.0182 -0.9998
vn -0.2222 0.2019 -0.9539
vn -0.7880 0.4707 -0.3967
vn -0.9564 0.2785 -0.0886
vn -0.4904 0.2847 -0.8237
vn -0.6563 0.2573 -0.7092
vn -0.8437 0.3857 -0.3735
vn -0.7154 0.1972 -0.6702
vn -0.2990 0.1316 -0.9451
vn -0.5991 0.4732 -0.6459
vn -0.3010 0.0277 -0.9532
vn 0.0673 0.0582 -0.9960
vn 0.1589 -0.0262 -0.9869
vn -0.2585 0.0901 -0.9618
vn -0.2828 0.2031 -0.9374
vn 0.1283 0.0553 -0.9902
vn 0.3209 -0.2759 -0.9060
vn 0.3088 -0.8177 -0.4858
vn 0.1857 -0.6497 -0.7371
vn 0.2148 -0.9560 -0.1998
vn -0.2699 0.3230 -0.9071
vn -0.1696 0.1749 -0.9699
vn -0.2894 0.1871 -0.9387
vn -0.4959 0.2890 -0.8189
vn -0.7036 0.1084 -0.7022
vn 0.1994 0.0040 -0.9799
vn 0.2605 -0.1188 -0.9582
vn 0.2094 0.1283 -0.9694
vn 0.3556 -0.1446 -0.9234
vn 0.2302 0.2849 -0.9305
vn 0.5804 -0.2678 -0.7691
vn -0.0970 0.2826 -0.9543
vn -0.0567 0.3890 -0.9195
vn 0.1619 -0.4506 -0.8779
vn 0.2731 -0.3366 -0.9012
vn -0.1704 -0.0348 -0.9848
vn 0.0148 -0.0568 -0.9983
vn -0.7545 -0.3062 -0.5804
vn -0.0872 0.2549 -0.9630
vn -0.5942 0.5371 -0.5987
vn -0.6468 0.1273 -0.7519
vn 0.1333 0.1565 -0.9786
vn 0.0183 0.3244 -0.9457
vn 0.3519 -0.1774 -0.9191
vn -0.6007 -0.3252 -0.7303
vn -0.4473 0.4127 -0.7935
vn -0.4864 0.4058 -0.7738
vn 0.2481 0.0833 -0.9652
vn -0.2796 -0.5626 -0.7780
vn 0.5226 -0.5630 -0.6402
vn 0.0999 0.1341 -0.9859
vn 0.2069 -0.3815 -0.9009
vn -0.5960 -0.3187 -0.7370
vn -0.0507 -0.3315 -0.9421
vn 0.3039 -0.0291 -0.9523
vn -0.7978 0.5993 0.0665
vn -0.5037 0.7842 0.3624
vn -0.6965 0.7095 0.1072
vn -0.7265 0.6767 0.1196
vn -0.8007 0.5948 0.0715
vn -0.4341 0.8797 0.1943
vn -0.4770 0.6265 0.6164
vn -0.3924 0.7082 0.5869
vn 0.4365 0.2883 0.8523
vn 0.4060 0.0690 0.9112
vn 0.5358 0.2737 0.7987
vn 0.5998 0.2781 0.7503
vn 0.5265 0.2978 0.7963
vn 0.5322 0.4558 0.7135
vn 0.7064 0.1721 0.6866
vn 0.6270 0.3730 0.6839
vn 0.3528 0.8050 -0.4770
vn -0.1931 0.7906 0.5810
vn -0.5880 0.6779 0.4412
vn -0.1427 0.8444 0.5164
vn 0.0582 0.7847 0.6171
vn 0.9362 -0.2874 -0.2024
vn 0.1985 -0.4655 -0.8625
vn 0.4326 -0.4794 -0.7635
vn 0.4389 -0.2759 -0.8551
vn -0.0635 -0.2579 -0.9641
vn -0.2881 -0.3683 -0.8839
vn -0.5888 -0.3595 -0.7239
vn -0.3550 0.9097 0.2157
vn 0.0157 0.9445 0.3282
vn 0.3683 0.6836 -0.6302
vn 0.2526 0.7680 -0.5886
vn -0.2483 0.7415 0.6233
vn 0.7075 0.4224 0.5666
vn 0.2333 0.7087 0.6658
vn -0.2532 0.7013 0.6664
vn -0.2108 0.7363 0.6430
vn -0.0383 0.7608 0.6479
vn -0.1584 0.8135 0.5596
vn 0.9259 0.3164 -0.2064
vn 0.9928 -0.0148 -0.1186
vn -0.3335 -0.6330 0.6987
vn 0.5358 -0.3494 -0.7687
vn -0.2785 0.7555 0.5931
vn -0.4669 0.7759 0.4243
vn 0.0403 0.5655 0.8238
vn -0.0772 0.8048 0.5885
vn 0.3509 -0.9021 0.2512
vn -0.0153 0.8897 0.4563
vn 0.2331 0.7768 -0.5850
vn 0.2804 0.7060 -0.6504
vn -0.2423 0.7764 -0.5818
vn -0.2795 0.7495 0.6001
vn 0.1193 0.6278 0.7692
vn -0.0525 0.7244 0.6873
vn -0.0044 0.8338 0.5520
vn -0.0052 0.9758 0.2184
vn 0.6780 0.5267 0.5127
vn 0.5780 0.4882 0.6539
vn -0.1382 0.7448 0.6529
vn -0.0213 0.8243 0.5657
vn 0.0387 0.7935 0.6073
vn 0.4363 0.6824 0.5866
vn 0.1351 0.8540 0.5024
vn 0.5837 0.7077 0.3982
vn 0.1492 0.7683 0.6225
vn -0.0103 0.6367 0.7711
vn 0.3855 0.7718 -0.5057
vn -0.0579 0.6891 0.7224
vn -0.0411 0.8729 0.4862
vn 0.1201 0.7884 0.6033
vn 0.3928 0.7754 0.4944
vn -0.8677 0.3713 -0.3304
vn -0.8983 0.4020 -0.1775
vn 0.2313 0.3323 0.9144
vn 0.6350 0.5410 0.5514
vn 0.8789 0.3524 0.3215
vn 0.5295 0.8163 0.2309
vn 0.3921 0.4530 0.8007
vn 0.8844 0.3957 0.2474
vn 0.6237 0.5039 0.5975
vn 0.6791 0.5317 0.5062
vn 0.5173 0.2330 0.8234
vn 0.7269 0.2407 0.6432
vn 0.4635 -0.1194 0.8780
vn 0.1687 -0.0634 0.9836
vn 0.9050 0.3210 0.2790
vn 0.9050 0.3213 0.2790
vn 0.7214 0.6735 0.1613
vn 0.5480 0.7917 0.2700
vn 0.7421 -0.2330 0.6285
vn 0.5590 0.7824 0.2746
vn 0.8879 0.3927 0.2395
vn 0.7286 0.6628 0.1727
vn -0.6720 0.4648 -0.5765
vn -0.8267 0.2896 -0.4824
vn -0.9754 0.2193 -0.0234
vn -0.9572 0.2833 -0.0598
vn -0.9415 0.3370 0.0110
vn -0.8592 0.1818 -0.4783
vn -0.8145 0.2118 -0.5401
vn -0.9151 0.2104 -0.3440
vn 0.0986 0.7848 0.6119
vn -0.0650 0.6594 0.7489
vn -0.0871 0.8383 0.5382
vn 0.0666 0.7862 0.6144
vn -0.0515 0.6796 0.7318
vn -0.0572 0.7434 0.6664
vn -0.1969 0.7838 0.5890
vn -0.0813 0.7452 0.6619
vn -0.0515 0.7927 0.6074
vn -0.1298 0.7310 0.6699
vn -0.2092 0.7806 0.5890
vn -0.7238 0.4158 -0.5506
vn -0.6446 0.2882 -0.7081
vn -0.6169 0.0751 -0.7834
vn -0.5971 0.5866 -0.5471
vn -0.1929 -0.2507 -0.9487
vn 0.1960 -0.3367 -0.9210
vn 0.2159 -0.3443 -0.9137
vn 0.2012 -0.3128 -0.9283
vn 0.1758 -0.3284 -0.9280
vn 0.3341 -0.3715 -0.8662
vn -0.4375 -0.1071 -0.8928
vn 0.3970 -0.4144 -0.8189
vn -0.5975 0.5892 -0.5439
vn 0.6749 -0.3696 -0.6387
vn -0.9255 -0.3735 0.0630
vn -0.8532 -0.4032 -0.3310
vn -0.6510 0.0187 -0.7589
vn -0.8750 -0.3282 -0.3558
vn -0.6029 -0.5865 -0.5409
vn -0.5874 -0.6413 -0.4936
vn -0.7945 -0.4877 -0.3619
vn 0.0128 -0.0658 -0.9977
vn 0.9965 0.0652 -0.0524
vn 0.9437 0.1480 -0.2959
vn 0.9222 -0.1382 0.3611
vn -0.3278 -0.6506 -0.6851
vn 0.3316 -0.2454 -0.9109
vn -0.3462 0.0173 -0.9380
vn 0.2159 -0.1903 -0.9577
vn 0.7101 -0.1056 -0.6961
vn -0.5169 0.0175 0.8559
vn -0.1273 -0.0327 0.9913
vn 0.6745 0.7382 0.0071
vn 0.2917 0.5507 0.7821
vn -0.7518 0.1064 -0.6507
vn -0.1536 0.3499 -0.9241
vn 0.7519 -0.1052 0.6508
vn -0.0541 -0.9985 0.0082
vn -0.1466 0.9448 -0.2931
vn 0.7020 0.6832 -0.2011
vn -0.2866 -0.0248 -0.9577
vn 0.3988 0.1198 -0.9092
vn 0.6893 0.4881 -0.5354
vn 0.6889 0.0018 -0.7249
vn -0.8228 0.0482 -0.5663
vn 0.5563 0.6796 -0.4782
vn 0.0280 0.9836 0.1779
vn 0.4748 0.8352 -0.2774
vn -0.5170 -0.7849 -0.3417
vn -0.3525 -0.1609 -0.9219
vn 0.6942 -0.2427 -0.6776
vn -0.2985 0.3514 -0.8873
vn 0.4638 0.7109 -0.5286
vn 0.8148 -0.2555 -0.5204
vn 0.7618 0.0527 -0.6457
vn 0.6762 0.4383 -0.5922
vn -0.1382 0.1404 0.9804
vn 0.1031 0.4415 -0.8913
vn -0.2080 0.0603 0.9763
vn 0.3785 0.5772 0.7236
vn 0.7996 0.4197 0.4295
vn -0.3411 0.8657 -0.3663
vn -0.1906 0.8938 -0.4060
vn -0.1041 0.7232 -0.6828
vn -0.0097 -0.0196 0.9998
vn 0.5044 -0.6482 -0.5704
vn 0.8416 0.5025 0.1981
vn 0.6798 -0.0003 -0.7334
vn 0.6844 0.6244 -0.3763
vn 0.9308 -0.2341 0.2806
vn 0.9378 0.2933 -0.1855
vn 0.5756 0.7266 -0.3752
vn 0.2232 0.9562 -0.1895
vn 0.7187 0.6820 0.1355
vn 0.4132 0.8430 -0.3445
vn -0.0086 0.9164 -0.4001
vn 0.9841 0.1403 -0.1087
vn 0.6047 0.6344 -0.4814
vn 0.2610 0.8985 0.3530
vn 0.3592 0.8479 0.3899
vn 0.2260 0.6901 -0.6875
vn 0.6545 0.5537 -0.5148
vn 0.7383 0.5194 -0.4304
vn 0.6272 0.7077 -0.3253
vn 0.9009 -0.0032 -0.4339
vn -0.0894 0.9452 -0.3141
vn 0.2030 0.8322 -0.5160
vn 0.2516 0.7162 -0.6509
vn 0.7512 0.3989 -0.5260
vn 0.4646 0.3396 0.8178
vn 0.6807 0.6487 0.3403
vn 0.7440 0.6235 0.2403
vn 0.5545 0.6968 -0.4550
vn 0.5299 0.7739 -0.3467
vn 0.5172 0.7718 -0.3699
vn 0.8520 0.1206 -0.5095
vn 0.4713 0.0334 -0.8813
vn 0.3851 0.1627 -0.9084
vn 0.2954 0.8507 -0.4348
vn 0.2376 0.8618 -0.4483
vn 0.2389 0.8608 -0.4493
vn 0.4050 0.6081 -0.6827
vn 0.3577 0.1908 -0.9142
vn 0.3704 -0.0133 -0.9288
vn 0.5122 0.1744 -0.8410
vn 0.3252 0.6025 -0.7289
vn 0.0926 0.3536 -0.9308
vn 0.3558 0.1364 -0.9246
vn 0.5964 0.5162 -0.6147
vn 0.3174 0.2079 -0.9252
vn 0.3225 0.2369 -0.9164
vn 0.0998 0.8030 -0.5876
vn 0.3438 0.7394 -0.5789
vn 0.4680 0.3072 -0.8286
vn 0.5254 0.2424 -0.8156
vn 0.0272 0.6881 -0.7251
vn 0.6508 0.3326 -0.6825
vn 0.5072 0.4140 -0.7559
vn 0.5146 0.3387 -0.7877
vn 0.5393 0.3271 -0.7760
vn 0.2796 0.7537 -0.5948
vn 0.6881 0.6136 -0.3873
vn 0.5695 0.7166 -0.4026
vn 0.8791 0.0675 -0.4719
vn 0.7858 0.4972 -0.3679
vn 0.2278 0.8750 -0.4272
vn 0.4233 0.8560 -0.2970
vn -0.2993 0.9411 -0.1572
vn 0.3273 0.8430 -0.4269
vn 0.5861 0.6960 -0.4148
vn 0.8292 0.4115 -0.3782
vn 0.6562 0.7336 -0.1765
vn 0.6604 0.6419 0.3897
vn 0.6711 0.7367 0.0833
vn 0.6790 0.7237 -0.1236
vn 0.4719 0.7777 -0.4152
vn 0.4918 0.6347 0.5960
vn 0.7335 -0.0626 0.6768
vn 0.9307 -0.1176 0.3464
vn 0.2615 0.8131 -0.5201
vn -0.0997 0.9399 -0.3265
vn 0.8137 -0.4971 0.3015
vn 0.0261 0.9533 -0.3010
vn -0.1102 0.9506 -0.2902
vn 0.6484 -0.6934 0.3142
vn -0.1346 0.9453 -0.2973
vn -0.0609 0.9217 -0.3830
vn 0.2398 0.8751 -0.4203
vn 0.0195 0.8798 -0.4749
vn 0.1405 0.9468 -0.2896
vn 0.2370 0.7968 -0.5558
vn 0.4918 0.8304 -0.2618
vn 0.7522 0.6555 -0.0678
vn 0.7603 0.5722 -0.3073
vn 0.7601 0.5945 -0.2623
vn 0.8478 0.3122 -0.4286
vn 0.6789 0.7340 -0.0194
vn 0.4495 0.8919 0.0495
vn 0.4318 0.8023 -0.4121
vn 0.4975 0.7945 -0.3483
vn 0.6776 -0.1944 -0.7093
vn 0.5638 0.8019 -0.1980
vn 0.7432 0.6665 -0.0580
vn 0.4802 0.7526 -0.4505
vn 0.8749 0.4844 -0.0005
vn 0.8557 0.4993 0.1358
vn 0.5504 0.7984 -0.2442
vn 0.0893 -0.3295 -0.9399
vn 0.5084 0.8408 -0.1862
vn 0.3632 -0.1903 -0.9121
vn -0.2422 0.9160 -0.3199
vn 0.2284 -0.0871 -0.9697
vn 0.9723 0.1974 0.1254
vn 0.5022 0.7233 -0.4740
vn 0.3033 0.9406 0.1524
vn 0.7657 0.5232 0.3742
vn 0.9749 0.1672 0.1468
vn 0.2878 0.9152 0.2821
vn 0.1221 0.9279 0.3523
vn 0.2889 0.8915 0.3490
vn 0.2613 0.9046 0.3368
vn 0.4153 0.7883 0.4539
vn 0.2529 0.8190 0.5150
vn 0.0575 0.9016 0.4286
vn 0.0370 0.9014 0.4313
vn 0.0347 0.8931 0.4484
vn 0.6618 0.5640 0.4939
vn 0.5478 0.3603 0.7551
vn 0.4849 0.3686 0.7931
vn -0.4479 -0.4508 -0.7721
vn -0.6293 -0.3242 -0.7063
vn 0.9799 0.0421 0.1949
vn 0.9598 0.2742 -0.0598
vn 0.9967 0.0812 0.0093
vn 0.8610 0.1744 0.4778
vn -0.7969 0.2153 -0.5644
vn -0.8069 -0.1014 -0.5819
vn 0.2058 0.0517 -0.9772
vn -0.3522 0.4019 0.8453
vn 0.1965 0.3221 0.9261
vn 0.3040 0.5373 0.7867
vn -0.4936 0.7976 -0.3468
vn -0.6732 0.3816 -0.6334
vn -0.8570 0.1578 -0.4905
vn 0.4197 0.8163 -0.3969
vn 0.1709 0.8338 -0.5249
vn -0.2790 0.8601 -0.4270
vn 0.5177 0.5077 -0.6886
vn 0.5550 0.3291 -0.7639
vn -0.4139 -0.1757 -0.8932
vn -0.6387 0.4380 0.6326
vn -0.5036 -0.0091 0.8639
vn 0.8590 -0.2051 -0.4691
vn 0.4907 -0.3219 -0.8097
vn -0.1022 0.8350 -0.5406
vn 0.4155 0.7781 -0.4712
vn -0.3633 0.6026 0.7105
vn -0.3038 0.5012 0.8103
vn -0.0707 -0.1160 0.9907
vn -0.2859 0.9214 -0.2631
vn 0.9540 0.2995 -0.0106
vn 0.6822 0.0895 -0.7257
vn 0.8758 0.3553 -0.3266
vn 0.9375 0.3132 -0.1520
vn 0.0015 0.3369 -0.9415
vn 0.5606 0.7503 -0.3505
vn 0.3739 0.8938 0.2477
vn 0.3427 -0.0082 -0.9394
vn 0.4665 0.5209 -0.7149
vn 0.2247 0.9439 -0.2419
vn 0.9327 0.1908 -0.3060
vn -0.0717 0.9880 -0.1369
vn 0.7652 0.5703 -0.2986
vn 0.7144 0.6965 -0.0674
vn 0.7698 0.6168 -0.1644
vn 0.8203 0.3858 0.4222
vn 0.7923 0.5931 -0.1434
vn 0.6514 0.5831 -0.4856
vn 0.5316 0.8176 -0.2213
vn 0.7158 0.6972 0.0404
vn 0.2640 0.7518 -0.6042
vn 0.6658 0.5714 -0.4798
vn 0.4690 0.8166 -0.3365
vn 0.7376 0.4034 -0.5415
vn 0.6021 0.7806 -0.1677
vn 0.7634 0.1872 -0.6182
vn 0.4124 0.6323 -0.6558
vn 0.7326 -0.0549 -0.6784
vn 0.8399 -0.3244 -0.4351
vn 0.8919 -0.0403 -0.4504
vn 0.3915 0.8371 -0.3821
vn 0.3885 0.8326 -0.3947
vn 0.7283 -0.2771 -0.6268
vn 0.3562 0.8742 -0.3301
vn 0.5420 0.0081 -0.8403
vn 0.4398 -0.0661 -0.8957
vn 0.6925 -0.5783 -0.4312
vn 0.7904 -0.2427 -0.5625
vn 0.3154 0.6231 -0.7157
vn 0.2664 0.4320 -0.8616
vn 0.4475 -0.0688 -0.8916
vn 0.0806 0.3322 -0.9398
vn 0.0596 0.6770 -0.7336
vn 0.1010 0.1629 -0.9815
vn 0.3484 0.8091 -0.4733
vn 0.1116 0.9364 -0.3328
vn 0.2330 0.2425 -0.9417
vn 0.3850 0.1627 -0.9085
vn -0.0024 0.5413 -0.8408
vn 0.3626 0.6824 -0.6347
vn 0.0274 0.2261 -0.9737
vn 0.2939 0.5786 -0.7608
vn 0.3198 0.4527 -0.8323
vn 0.1724 0.2690 -0.9476
vn -0.2369 0.2805 -0.9302
vn 0.0700 0.2588 -0.9634
vn 0.4429 0.2337 -0.8656
vn 0.0922 0.2659 -0.9596
vn 0.0762 0.3454 -0.9354
vn -0.0931 -0.0426 -0.9947
vn -0.0236 0.1827 -0.9829
vn 0.0279 0.0618 -0.9977
vn 0.2908 -0.0813 -0.9533
vn 0.5117 0.0995 -0.8534
vn 0.1307 0.4244 -0.8960
vn 0.4400 0.1383 -0.8873
vn 0.2636 -0.1485 -0.9531
vn 0.1708 0.6292 -0.7583
vn 0.3358 0.2256 -0.9145
vn 0.5572 0.4693 -0.6851
vn 0.3959 0.1040 -0.9124
vn 0.1614 0.6793 -0.7159
vn 0.1375 0.8761 -0.4622
vn 0.3021 0.0143 -0.9532
vn 0.7149 0.3001 -0.6315
vn 0.3378 0.6604 -0.6707
vn 0.9867 0.1127 -0.1169
vn 0.0878 0.8511 -0.5177
vn 0.0935 0.8518 -0.5155
vn 0.4385 0.6493 -0.6214
vn 0.0763 0.8660 -0.4941
vn 0.6319 0.2900 -0.7187
vn 0.3343 0.7937 -0.5082
vn 0.2007 -0.9045 0.3762
vn 0.2618 0.8608 -0.4364
vn 0.3690 0.5323 -0.7619
vn 0.6365 0.4598 -0.6193
vn 0.4305 0.4663 -0.7728
vn 0.4778 0.7769 -0.4102
vn 0.5302 0.4908 -0.6914
vn 0.6688 -0.2284 -0.7075
vn 0.6355 0.4709 -0.6119
vn 0.2296 0.7306 -0.6430
vn 0.6257 0.6629 -0.4113
vn 0.5254 0.6101 -0.5930
vn 0.3996 0.6424 -0.6540
vn 0.1020 0.9837 -0.1479
vn 0.6316 0.6592 -0.4081
vn 0.7597 0.2606 -0.5958
vn 0.7907 0.4707 -0.3915
vn 0.4276 0.6749 -0.6014
vn -0.0963 0.8612 -0.4991
vn 0.2573 0.7542 -0.6041
vn 0.8712 0.0051 -0.4910
vn 0.9420 0.0265 -0.3347
vn 0.2586 0.7520 -0.6063
vn 0.8304 -0.0135 -0.5570
vn 0.2133 0.7958 -0.5667
vn 0.1744 0.7997 -0.5746
vn 0.8439 0.1749 -0.5072
vn 0.5540 0.6857 -0.4721
vn 0.5743 0.5615 -0.5957
vn 0.1721 0.8551 -0.4891
vn 0.8094 0.2162 -0.5461
vn 0.5919 0.5556 -0.5840
vn 0.7863 0.2088 -0.5815
vn 0.6471 0.4660 -0.6034
vn 0.5753 0.7288 -0.3713
vn 0.8628 0.1621 -0.4788
vn 0.6212 0.6863 -0.3784
vn 0.6243 0.6819 -0.3813
vn 0.9655 0.1547 -0.2094
vn 0.8060 0.4524 -0.3817
vn 0.8065 0.1696 -0.5665
vn 0.4282 0.8018 -0.4169
vn 0.5853 0.6961 -0.4158
vn 0.7010 0.5541 -0.4489
vn 0.7704 0.4682 -0.4328
vn 0.8446 0.3870 -0.3700
vn 0.7849 0.3185 -0.5315
vn 0.4249 0.8903 -0.1639
vn 0.7647 0.4869 -0.4220
vn 0.2754 0.8857 -0.3737
vn 0.6994 0.5623 -0.4412
vn 0.7296 0.5417 -0.4175
vn 0.6215 0.7834 0.0020
vn 0.7316 0.6812 -0.0265
vn 0.4303 0.8007 -0.4169
vn -0.1804 0.5271 0.8304
vn -0.5730 -0.0445 0.8183
vn 0.6310 0.7637 -0.1362
vn 0.6038 0.5595 -0.5678
vn 0.1555 0.9409 -0.3008
vn 0.9490 0.1705 0.2651
vn 0.1135 0.9817 -0.1527
vn 0.9766 -0.0948 0.1932
vn 0.4077 0.7709 -0.4894
vn 0.4142 0.7036 -0.5774
vn -0.1327 0.9775 -0.1642
vn 0.3608 0.8695 -0.3375
vn -0.1258 0.9560 -0.2651
vn 0.4147 0.8674 -0.2749
vn -0.3005 0.8299 -0.4701
vn 0.9753 0.2145 0.0528
vn 0.5657 0.8051 -0.1783
vn 0.0177 0.8784 -0.4776
vn 0.2281 0.8609 -0.4548
vn 0.1632 0.9394 -0.3015
vn 0.6899 0.6826 -0.2410
vn 0.6497 0.5136 -0.5604
vn 0.7399 0.6302 -0.2355
vn 0.7394 0.6319 -0.2324
vn 0.5689 0.8210 -0.0479
vn 0.3535 0.8481 -0.3946
vn 0.4677 0.8117 -0.3500
vn 0.6640 0.7473 0.0260
vn 0.4045 0.7682 -0.4963
vn 0.7474 0.6281 -0.2163
vn 0.9467 0.3023 0.1116
vn 0.8330 0.3146 -0.4552
vn 0.9989 -0.0273 0.0379
vn 0.7222 0.5566 -0.4107
vn 0.4948 0.6253 -0.6035
vn 0.9920 -0.1213 -0.0336
vn 0.2442 0.8745 -0.4191
vn 0.8139 0.2519 0.5235
vn 0.8732 -0.0355 -0.4860
vn 0.3550 0.7665 -0.5353
vn -0.4145 0.1844 -0.8912
vn 0.9180 0.2460 -0.3110
vn 0.7172 0.2307 -0.6575
vn 0.9626 0.0865 0.2568
vn 0.6906 0.0909 -0.7175
vn 0.5294 0.7359 -0.4222
vn 0.9455 0.3073 -0.1075
vn 0.1702 0.9098 -0.3785
vn 0.5428 0.8049 -0.2398
vn 0.5436 0.7713 -0.3312
vn 0.5610 0.7917 -0.2421
vn 0.8948 0.2449 -0.3733
vn 0.4678 0.5525 -0.6899
vn 0.7141 0.6564 0.2433
vn 0.7775 0.6288 -0.0141
vn 0.4061 0.1284 -0.9048
vn -0.2839 -0.3200 -0.9039
vn 0.7974 0.5988 0.0748
vn 0.0651 0.9249 -0.3746
vn 0.4794 0.6330 -0.6079
vn -0.2885 0.3184 -0.9030
vn 0.6234 0.7623 -0.1743
vn 0.3424 0.9177 0.2015
vn 0.8416 0.1052 0.5298
vn 0.5726 0.8197 -0.0160
vn 0.8239 0.5003 0.2662
vn 0.9064 0.4097 0.1029
vn 0.5514 0.8324 0.0561
vn -0.0172 0.9978 0.0645
vn 0.8680 0.4792 0.1302
vn 0.7984 0.3633 0.4802
vn 0.3027 0.8766 0.3742
vn 0.7491 0.6228 0.2257
vn 0.4229 0.8933 0.1522
vn 0.2848 0.9032 0.3210
vn 0.3704 0.8143 0.4469
vn 0.0762 0.9493 0.3049
vn 0.3809 0.8039 0.4568
vn 0.3204 0.8933 0.3152
vn 0.3471 0.8649 0.3627
vn -0.0463 0.9768 0.2089
vn 0.2864 0.8648 0.4124
vn 0.4145 0.7881 0.4551
vn 0.3044 0.8102 0.5009
vn 0.2396 0.8073 0.5393
vn 0.0390 0.9108 0.4111
vn 0.4422 0.8052 0.3952
vn -0.0176 0.9188 0.3944
vn 0.0198 0.9051 0.4247
vn 0.3768 0.8397 0.3910
vn 0.6541 0.3012 0.6939
vn -0.2976 0.5567 0.7756
vn 0.5520 0.5418 0.6339
vn 0.6675 0.4156 0.6178
vn 0.5797 0.6045 0.5463
vn 0.5200 0.7152 0.4670
vn 0.4447 0.7936 0.4152
vn 0.6165 0.4119 0.6711
vn 0.5473 0.3947 0.7380
vn 0.5617 0.4315 0.7059
vn 0.4539 0.4305 0.7802
vn -0.3088 -0.0572 0.9494
vn -0.0322 0.3305 0.9432
vn -0.6522 -0.0675 0.7550
vn 0.2880 0.2936 0.9115
vn -0.2486 -0.5388 -0.8049
vn -0.2204 -0.6885 -0.6910
vn 0.9909 0.1097 0.0786
vn 0.9815 0.0367 0.1878
vn 0.4151 0.3291 0.8482
vn 0.4553 0.2177 0.8633
vn 0.7879 0.2357 0.5689
vn -0.7742 0.3074 -0.5533
vn -0.1855 -0.1802 0.9660
vn -0.2885 0.2676 -0.9193
vn -0.2530 0.0936 -0.9629
vn -0.5253 0.8169 -0.2381
vn 0.9143 0.2372 0.3284
vn 0.6221 0.5938 -0.5104
vn 0.6927 0.5474 -0.4696
vn 0.8161 0.1659 -0.5536
vn 0.5363 0.8432 -0.0375
vn -0.5364 -0.4645 -0.7046
vn 0.2366 0.6897 -0.6844
vn 0.1194 0.6888 -0.7151
vn 0.4245 0.0601 -0.9034
vn 0.1870 0.9413 -0.2809
vn -0.1513 0.5208 -0.8402
vn -0.5519 0.3868 -0.7388
vn 0.3168 0.6122 -0.7245
vn -0.4028 0.8936 -0.1980
vn 0.6961 0.1449 -0.7032
vn -0.1723 0.3987 -0.9007
vn 0.6304 0.5385 -0.5591
vn 0.6580 0.5116 -0.5525
vn 0.5379 0.4450 -0.7160
vn -0.4353 0.5154 0.7381
vn -0.1994 0.8777 -0.4358
vn 0.4045 0.7412 -0.5357
vn 0.8866 -0.2307 -0.4009
vn 0.4381 0.7970 0.4158
vn -0.2039 0.8972 0.3918
vn 0.2922 -0.0308 -0.9559
vn 0.6949 0.6817 -0.2291
vn 0.1517 0.9531 -0.2618
vn 0.3093 -0.0634 -0.9488
vn 0.8372 -0.3976 -0.3754
vn 0.3312 0.7903 -0.5156
vn 0.2867 0.7610 -0.5820
vn 0.2562 0.9419 -0.2173
vn 0.1669 0.4051 -0.8989
vn -0.0682 0.1097 -0.9916
vn 0.3187 0.8615 0.3953
vn 0.1485 0.8396 -0.5225
vn 0.3950 0.6998 -0.5952
vn 0.1247 0.9910 0.0482
vn 0.5500 0.8336 0.0512
vn 0.6983 0.1431 -0.7014
vn 0.6511 0.6302 -0.4229
vn 0.5791 0.7323 0.3582
vn 0.7621 0.5835 -0.2806
vn 0.8690 -0.0909 -0.4865
vn 0.2491 0.8579 -0.4493
vn -0.2263 0.8178 -0.5292
vn 0.0425 0.8784 -0.4760
vn 0.0677 0.8698 -0.4888
vn 0.6165 0.6048 0.5041
vn 0.3992 0.8946 0.2007
vn 0.7762 0.4694 -0.4209
vn 0.9117 0.2722 -0.3078
vn 0.0350 0.0685 -0.9970
vn 0.3834 0.1633 -0.9090
vn 0.1741 0.9092 -0.3782
vn 0.4101 0.2098 -0.8876
vn 0.3131 0.8312 -0.4594
vn 0.4221 0.1177 -0.8989
vn 0.1998 0.6253 -0.7544
vn 0.0777 0.3322 -0.9400
vn 0.3134 0.3888 -0.8664
vn -0.3388 0.3708 -0.8647
vn 0.0611 0.3448 -0.9367
vn 0.0064 0.1993 -0.9799
vn 0.3328 0.3730 -0.8661
vn -0.0343 0.3025 -0.9525
vn 0.0767 0.1379 -0.9875
vn 0.0909 0.2777 -0.9564
vn 0.1219 0.3558 -0.9266
vn -0.1041 0.2034 -0.9735
vn 0.0135 0.2708 -0.9626
vn 0.0848 0.3634 -0.9278
vn 0.1063 0.4412 -0.8911
vn 0.5375 0.1368 -0.8321
vn 0.1151 0.6447 -0.7557
vn 0.6516 0.2568 -0.7138
vn 0.7949 0.3540 -0.4928
vn 0.6966 0.5347 -0.4783
vn 0.0794 0.8268 -0.5569
vn 0.1686 0.8741 -0.4555
vn 0.7130 0.3155 -0.6262
vn 0.1714 0.7041 -0.6891
vn 0.2771 0.8036 -0.5267
vn 0.5495 0.4505 -0.7036
vn 0.7160 0.4277 -0.5518
vn 0.2025 0.7345 -0.6477
vn 0.2463 0.7577 -0.6043
vn 0.8091 0.4617 -0.3636
vn 0.5885 0.5680 -0.5754
vn 0.4813 0.5450 -0.6865
vn 0.7333 0.4740 -0.4873
vn 0.7254 0.4784 -0.4950
vn 0.8083 0.4013 -0.4308
vn 0.2279 0.7924 -0.5659
vn 0.2521 0.8463 -0.4693
vn 0.6345 0.5638 -0.5287
vn 0.7144 0.5202 -0.4680
vn 0.3629 0.9152 -0.1755
vn 0.4498 0.8187 -0.3571
vn 0.5194 0.6971 -0.4942
vn 0.7187 0.5901 -0.3677
vn 0.6211 0.6332 -0.4619
vn 0.6338 0.6765 -0.3752
vn 0.5957 0.6407 -0.4845
vn 0.6850 0.7176 -0.1262
vn 0.7840 0.4634 0.4129
vn -0.2223 0.3387 0.9143
vn 0.6554 0.0206 0.7550
vn 0.2646 0.8013 -0.5365
vn -0.0212 0.9485 -0.3160
vn 0.9367 -0.1789 0.3009
vn -0.0313 0.9614 -0.2732
vn 0.9326 -0.2424 0.2675
vn -0.0735 0.9342 -0.3492
vn -0.2320 0.8745 -0.4260
vn 0.0421 0.8950 -0.4441
vn 0.4123 0.7790 -0.4724
vn 0.0382 0.9573 -0.2864
vn 0.0298 0.9357 -0.3516
vn 0.2423 0.8793 -0.4100
vn 0.3331 0.8914 -0.3074
vn 0.4216 0.8674 -0.2644
vn 0.3941 0.8636 -0.3144
vn 0.3374 0.9193 -0.2025
vn 0.4955 0.8364 -0.2343
vn 0.5947 0.7961 -0.1121
vn 0.7006 0.7005 -0.1358
vn 0.7848 0.5720 -0.2385
vn 0.7780 0.5650 -0.2746
vn 0.7636 0.6456 0.0151
vn 0.6738 0.7074 0.2135
vn 0.6360 0.7703 -0.0465
vn 0.7026 0.7071 0.0796
vn 0.4437 0.8079 -0.3878
vn 0.7465 0.6572 0.1043
vn 0.4000 0.8370 -0.3734
vn 0.6207 0.2364 -0.7475
vn 0.3780 0.9224 0.0791
vn 0.8839 0.1036 -0.4560
vn 0.3610 0.9325 0.0031
vn 0.7814 0.2905 -0.5523
vn 0.7034 0.3268 -0.6312
vn 0.7986 0.5820 -0.1535
vn 0.3863 0.8355 -0.3907
vn 0.3085 0.1371 -0.9413
vn 0.2858 0.9250 -0.2504
vn -0.0224 0.2028 -0.9790
vn -0.0517 -0.9730 -0.2252
vn 0.2239 0.7518 -0.6203
vn 0.6325 0.7696 -0.0872
vn 0.7082 0.6976 -0.1091
vn 0.2922 0.9284 0.2295
vn 0.7309 0.6820 0.0265
vn 0.2875 0.9316 0.2223
vn 0.6386 0.7688 -0.0330
vn 0.2835 0.8908 0.3550
vn 0.4339 0.8942 0.1100
vn 0.0693 0.9781 0.1964
vn 0.3019 0.8774 0.3728
vn 0.0133 0.8288 0.5594
vn 0.2512 0.1961 0.9479
vn -0.0172 0.2612 0.9651
vn -0.1638 -0.1072 0.9807
vn 0.8230 0.5283 0.2086
vn -0.4793 0.2310 0.8467
vn -0.3960 0.2808 -0.8743
vn -0.3151 -0.3996 -0.8608
vn 0.7177 0.5316 -0.4497
vn 0.8965 -0.0957 -0.4326
vn -0.0642 0.8444 -0.5319
vn 0.2202 0.8970 -0.3832
vn 0.6273 0.2766 -0.7280
vn -0.4303 -0.0212 0.9024
vn 0.6385 -0.2580 -0.7250
vn 0.4639 0.0872 0.8816
vn 0.9882 -0.1303 0.0800
vn 0.7912 0.6115 -0.0025
vn 0.4934 0.8557 -0.1560
vn 0.4619 0.7608 -0.4559
vn 0.4002 0.9047 -0.1465
vn 0.4452 0.6791 -0.5836
vn 0.1850 0.7509 -0.6340
vn 0.8941 0.4007 0.2001
vn 0.6599 0.7151 0.2307
vn 0.7403 0.6654 -0.0961
vn 0.4673 0.8825 0.0532
vn 0.5702 0.7509 -0.3332
vn 0.4433 0.7605 -0.4744
vn 0.8298 0.0422 -0.5565
vn 0.3537 0.6766 -0.6458
vn 0.5402 0.6603 -0.5217
vn 0.7999 -0.2696 -0.5361
vn 0.5003 0.8591 0.1081
vn 0.4017 0.8788 -0.2577
vn 0.4979 0.7866 -0.3652
vn 0.2514 0.9060 -0.3405
vn 0.0179 0.6611 -0.7501
vn 0.3996 0.2001 -0.8946
vn -0.0739 0.1160 -0.9905
vn 0.1767 0.9269 -0.3311
vn 0.1328 0.8634 -0.4868
vn 0.2010 0.8453 -0.4951
vn 0.3876 0.7143 -0.5827
vn 0.7550 -0.0172 -0.6555
vn 0.3270 0.4418 -0.8354
vn 0.2362 0.1883 -0.9533
vn 0.3172 0.5947 -0.7387
vn 0.0900 0.2236 -0.9705
vn 0.3738 0.2095 -0.9035
vn 0.2764 0.5262 -0.8042
vn 0.1075 0.3403 -0.9341
vn 0.1239 0.3908 -0.9121
vn -0.0061 0.7296 -0.6839
vn 0.1077 0.6295 -0.7695
vn -0.4840 0.4322 -0.7609
vn 0.8591 -0.4365 0.2674
vn -0.0137 0.3139 -0.9493
vn 0.0927 0.7090 -0.6991
vn 0.2814 0.1363 -0.9499
vn 0.1350 0.3384 -0.9313
vn -0.0804 0.2806 -0.9565
vn -0.3410 -0.0755 -0.9370
vn 0.1026 0.2806 -0.9543
vn -0.1653 0.1641 -0.9725
vn -0.1021 0.2111 -0.9721
vn -0.0616 0.1102 -0.9920
vn 0.9002 -0.3504 -0.2586
vn -0.1065 0.2295 -0.9675
vn 0.2146 0.1969 -0.9566
vn -0.0649 0.5558 -0.8288
vn 0.2076 -0.1940 -0.9588
vn 0.7009 0.0654 -0.7102
vn 0.2987 -0.3839 -0.8737
vn 0.1222 0.3608 -0.9246
vn 0.0462 0.4204 -0.9062
vn 0.3763 0.2296 -0.8976
vn 0.1036 0.5097 -0.8541
vn 0.5169 -0.0529 -0.8544
vn 0.0858 0.4746 -0.8760
vn 0.1174 0.5412 -0.8327
vn 0.1636 0.7400 -0.6524
vn -0.0094 0.8032 -0.5956
vn 0.2887 0.0669 -0.9551
vn 0.4526 0.2605 -0.8528
vn 0.8738 0.1883 -0.4483
vn 0.9113 0.2242 -0.3452
vn 0.5363 0.3868 -0.7502
vn 0.5579 0.6833 -0.4710
vn 0.3536 0.6141 -0.7056
vn -0.1943 0.6753 -0.7115
vn 0.5006 0.6161 -0.6081
vn 0.4935 0.5299 -0.6897
vn 0.3733 0.8043 -0.4624
vn 0.1495 0.6819 -0.7160
vn -0.0579 0.9975 -0.0413
vn -0.3810 0.7111 -0.5909
vn 0.3774 0.4959 -0.7821
vn 0.1811 0.7447 -0.6423
vn 0.5421 0.3329 -0.7716
vn 0.2777 0.7509 -0.5991
vn 0.1211 0.8097 -0.5742
vn 0.5980 0.6435 -0.4779
vn 0.8269 0.4939 -0.2688
vn -0.0928 0.9806 -0.1725
vn 0.7041 0.4429 -0.5551
vn 0.5098 0.6264 -0.5897
vn -0.1077 0.8201 -0.5619
vn -0.1415 0.8288 -0.5414
vn 0.2253 0.6114 -0.7585
vn 0.6944 0.4811 -0.5352
vn 0.8996 0.0808 -0.4291
vn 0.8109 0.4512 -0.3727
vn -0.1011 0.9049 -0.4135
vn 0.2227 0.7955 -0.5636
vn 0.6658 0.6403 -0.3830
vn 0.2172 0.8146 -0.5378
vn 0.5916 0.7898 -0.1622
vn 0.4084 0.7397 -0.5348
vn -0.2915 0.9053 -0.3090
vn 0.6970 0.5944 -0.4011
vn 0.5518 0.7241 -0.4138
vn -0.3533 0.9123 -0.2072
vn -0.1720 0.9769 -0.1265
vn 0.7485 0.0496 -0.6612
vn 0.2910 0.8424 -0.4536
vn 0.4764 0.7842 -0.3976
vn 0.5808 0.7359 -0.3481
vn 0.2657 0.8929 -0.3636
vn 0.5864 0.6634 -0.4648
vn 0.2202 0.8805 -0.4198
vn 0.6286 0.7107 -0.3158
vn 0.5937 0.6725 -0.4418
vn 0.5920 0.6833 -0.4273
vn 0.2969 0.7390 -0.6048
vn 0.3788 0.7110 -0.5924
vn 0.6532 0.6923 -0.3068
vn 0.6375 0.6192 -0.4585
vn 0.4558 0.8095 -0.3700
vn 0.8588 -0.0959 -0.5033
vn 0.7123 0.7019 -0.0000
vn 0.4572 0.7262 0.5134
vn 0.4841 0.7826 0.3915
vn 0.7056 0.7050 0.0717
vn 0.7321 0.6806 -0.0277
vn 0.6301 0.5122 0.5836
vn 0.1392 0.9516 -0.2739
vn 0.1274 0.9298 -0.3454
vn -0.3681 0.8952 -0.2513
vn -0.1977 0.8748 -0.4423
vn 0.0655 0.8684 -0.4915
vn 0.5662 0.8049 -0.1777
vn 0.2930 0.8580 -0.4218
vn -0.0147 0.9255 -0.3784
vn 0.8797 0.4752 -0.0164
vn 0.3932 0.8384 -0.3774
vn 0.5851 0.7145 -0.3835
vn 0.2422 0.7783 -0.5793
vn 0.7725 0.6330 -0.0504
vn 0.1035 0.9301 -0.3524
vn 0.4573 0.8234 -0.3359
vn 0.5688 0.7543 -0.3279
vn -0.0603 0.9865 -0.1523
vn 0.0647 0.8888 -0.4537
vn 0.8495 0.5249 0.0537
vn 0.3424 0.9037 -0.2570
vn 0.9989 0.0157 0.0439
vn 0.6066 0.7428 -0.2834
vn -0.2927 0.9549 -0.0495
vn 0.5847 -0.8062 -0.0903
vn 0.7201 0.5739 0.3900
vn 0.5014 0.8183 0.2810
vn 0.1213 0.9851 0.1216
vn 0.5988 0.7768 -0.1951
vn 0.5370 0.8428 0.0368
vn 0.5074 0.8419 -0.1836
vn 0.9446 0.0790 -0.3185
vn 0.8397 0.5149 -0.1728
vn 0.4331 0.7972 -0.4206
vn 0.6853 -0.0943 -0.7221
vn 0.4302 0.8966 0.1052
vn 0.7249 -0.1580 -0.6705
vn 0.3625 -0.1313 -0.9227
vn -0.1622 0.8838 -0.4389
vn 0.0036 0.8197 -0.5728
vn 0.9183 -0.3949 -0.0290
vn 0.1323 0.9899 0.0510
vn 0.4430 0.8964 -0.0172
vn 0.9403 0.0894 -0.3285
vn 0.5111 0.8087 -0.2913
vn 0.0888 0.9916 0.0937
vn 0.0755 0.9934 0.0859
vn 0.4689 0.8781 -0.0956
vn 0.5432 0.7749 -0.3233
vn 0.3362 0.9238 0.1834
vn 0.2101 0.0364 -0.9770
vn -0.0095 0.2370 -0.9715
vn 0.3274 0.9314 0.1591
vn 0.3210 0.9322 0.1673
vn 0.5747 0.7780 -0.2539
vn 0.6095 0.7902 -0.0635
vn -0.1342 0.9880 0.0762
vn 0.5013 0.8499 0.1626
vn 0.2787 0.9194 0.2776
vn 0.7128 0.6864 0.1441
vn 0.3012 0.8963 0.3255
vn -0.1171 0.9716 0.2058
vn -0.1092 0.9722 0.2071
vn 0.0039 0.9195 0.3931
vn -0.0697 0.9968 0.0385
vn -0.1069 0.9779 0.1798
vn 0.2806 0.8907 0.3578
vn 0.2667 0.8908 0.3680
vn 0.1540 0.9316 0.3293
vn -0.1877 0.9675 0.1696
vn 0.1939 0.9318 0.3069
vn -0.1810 0.9477 0.2630
vn 0.6863 0.3541 0.6354
vn 0.4215 0.8611 0.2844
vn 0.4224 0.8211 0.3839
vn 0.7058 0.4951 0.5066
vn 0.5601 0.6852 0.4655
vn -0.0946 0.8208 0.5633
vn 0.6420 0.6541 0.3999
vn 0.4764 0.8028 0.3586
vn 0.5166 0.6705 0.5325
vn 0.6309 0.6428 0.4344
vn 0.6336 0.3244 0.7024
vn 0.2381 0.8329 0.4996
vn 0.2510 0.9325 0.2596
vn 0.5648 0.4985 0.6576
vn 0.4466 0.4166 0.7918
vn 0.4064 0.2265 0.8852
vn 0.0939 0.1635 0.9821
vn 0.2090 0.2818 0.9364
vn -0.0295 0.3349 0.9418
vn -0.4675 -0.5721 0.6738
vn -0.5808 0.0176 0.8139
vn -0.1433 0.1520 0.9779
vn -0.1446 0.3764 0.9151
vn 0.8274 0.1877 0.5293
vn 0.6655 -0.1522 0.7307
vn -0.4992 0.4222 -0.7567
vn 0.7093 -0.0951 -0.6985
vn -0.1056 0.2125 -0.9714
vn 0.5089 0.6782 -0.5302
vn 0.6415 0.5960 -0.4829
vn -0.0024 0.8516 0.5242
vn 0.5695 0.6723 -0.4730
vn -0.5441 0.2845 0.7893
vn 0.3448 0.9009 0.2635
vn 0.4881 0.5543 -0.6742
vn -0.0078 -0.1497 -0.9887
vn -0.0857 0.5868 -0.8052
vn -0.2449 0.2536 0.9358
vn 0.6511 0.2941 -0.6997
vn 0.2915 0.9003 -0.3233
vn 0.1966 -0.1751 -0.9647
vn 0.3249 0.9191 0.2228
vn 0.6245 0.7809 0.0111
vn 0.5904 0.5855 -0.5555
vn 0.8868 0.4603 -0.0411
vn 0.0843 0.3230 -0.9426
vn 0.3987 0.7738 -0.4922
vn 0.2678 0.7946 -0.5449
vn 0.4611 0.6470 -0.6072
vn 0.2391 0.7189 -0.6527
vn -0.1712 0.4054 -0.8980
vn 0.0972 0.2473 -0.9641
vn -0.0817 0.3392 -0.9372
vn -0.0839 0.4163 -0.9054
vn -0.0426 0.2776 -0.9598
vn 0.5582 0.2707 -0.7843
vn 0.5035 0.2000 -0.8405
vn 0.7389 0.2872 -0.6095
vn 0.4364 0.6517 -0.6203
vn 0.1365 0.8302 -0.5405
vn 0.2482 0.7094 -0.6596
vn 0.4782 0.7896 -0.3845
vn 0.0550 0.7880 -0.6133
vn -0.4498 0.8427 -0.2959
vn 0.0332 0.8627 -0.5047
vn -0.2927 0.9419 -0.1647
vn 0.6605 0.4845 -0.5735
vn 0.6044 0.6725 -0.4271
vn 0.6581 0.7071 -0.2588
vn 0.8925 -0.2680 0.3628
vn 0.9060 -0.3359 0.2576
vn -0.1565 0.9529 -0.2598
vn 0.4902 0.8133 -0.3135
vn 0.4904 0.8404 -0.2305
vn 0.8227 0.5633 -0.0770
vn 0.5654 0.7990 -0.2046
vn 0.6636 0.7384 -0.1199
vn 0.6873 0.6791 -0.2578
vn 0.8152 0.5131 -0.2688
vn 0.7814 0.6011 -0.1675
vn 0.7843 0.6194 -0.0343
vn 0.5745 0.8180 0.0292
vn 0.6412 0.7432 0.1910
vn 0.3004 0.9483 0.1020
vn 0.6538 0.7381 -0.1666
vn 0.3400 0.8902 -0.3031
vn 0.9414 0.2261 -0.2505
vn 0.5190 0.8520 -0.0687
vn 0.7256 -0.1749 -0.6655
vn 0.4502 0.8924 0.0308
vn 0.4844 0.3246 -0.8124
vn 0.1077 0.6372 -0.7631
vn 0.0360 -0.0519 -0.9980
vn 0.5610 0.8275 -0.0247
vn -0.1586 0.9809 0.1129
vn 0.2606 0.9189 0.2962
vn 0.1371 0.9265 0.3505
vn 0.5240 0.6750 0.5193
vn 0.5896 0.6111 0.5281
vn 0.6357 0.4283 0.6422
vn -0.3665 0.1938 0.9100
vn -0.3899 0.2945 0.8725
vn 0.1175 0.4180 -0.9008
vn -0.1462 0.4380 -0.8870
vn -0.0615 0.7117 -0.6998
vn 0.1191 0.3477 -0.9300
vn 0.2425 0.1581 -0.9572
vn 0.5847 0.6937 -0.4205
vn 0.7532 0.6389 -0.1566
vn 0.5236 0.7741 -0.3558
vn 0.8097 0.0075 0.5868
vn 0.7082 0.7033 -0.0617
vn 0.5606 0.7690 -0.3073
vn 0.6026 0.6689 -0.4352
vn 0.9253 0.2011 -0.3215
vn -0.2795 0.8924 -0.3544
vn 0.5589 0.2455 0.7920
vn 0.5026 0.7940 -0.3420
vn -0.1258 0.4426 -0.8878
vn 0.5667 0.6194 -0.5433
vn 0.2609 0.9446 -0.1990
vn 0.0932 0.5620 -0.8219
vn 0.2015 0.2580 -0.9449
vn 0.0150 0.2624 -0.9648
vn -0.1857 -0.2075 -0.9604
vn -0.1335 0.1332 -0.9820
vn -0.1159 0.1236 -0.9855
vn 0.2212 0.1859 -0.9574
vn 0.2083 -0.0936 -0.9736
vn 0.4665 0.1044 -0.8783
vn 0.3793 0.2095 -0.9012
vn 0.7644 -0.0398 -0.6435
vn 0.1611 0.6999 -0.6958
vn 0.1364 0.8998 -0.4144
vn 0.4205 0.6273 -0.6555
vn 0.4075 0.7541 -0.5150
vn 0.3662 0.6856 -0.6291
vn 0.7340 0.2622 -0.6265
vn 0.9082 0.2520 -0.3340
vn 0.3237 0.6894 -0.6480
vn -0.0938 0.8261 -0.5556
vn 0.3257 0.7463 -0.5805
vn 0.7339 0.2028 -0.6483
vn 0.6958 0.5917 -0.4070
vn 0.6127 0.6273 -0.4808
vn 0.2941 0.8486 -0.4398
vn 0.4888 0.7785 -0.3937
vn 0.3985 0.8864 -0.2357
vn 0.4129 0.7920 -0.4498
vn 0.5245 0.6600 -0.5379
vn 0.6788 0.6946 -0.2381
vn 0.4807 0.8745 -0.0639
vn 0.6467 0.6756 0.3540
vn -0.1696 0.9527 -0.2520
vn 0.8503 -0.4605 0.2546
vn -0.2074 0.9202 -0.3321
vn 0.4944 0.7712 -0.4011
vn 0.5241 0.8188 -0.2341
vn 0.5003 0.8352 -0.2284
vn 0.6455 0.6889 -0.3297
vn 0.6585 0.7524 -0.0137
vn 0.4701 0.8303 -0.2993
vn 0.8252 0.5422 0.1581
vn 0.6567 0.7384 0.1537
vn 0.6144 0.7885 0.0282
vn 0.2240 0.9725 0.0640
vn 0.6120 0.7855 -0.0918
vn 0.7729 0.6346 -0.0052
vn 0.7278 0.6797 -0.0914
vn 0.6455 -0.1528 -0.7483
vn 0.0856 0.9958 0.0310
vn 0.5371 0.8354 -0.1169
vn 0.4798 0.7537 -0.4491
vn 0.4041 0.9068 0.1199
vn 0.9580 0.0882 -0.2728
vn 0.8781 0.2119 -0.4289
vn 0.2289 0.9533 -0.1972
vn 0.6144 0.7863 -0.0647
vn -0.9026 -0.0344 -0.4290
vn 0.3864 0.9013 0.1959
vn -0.2790 0.9542 0.1083
vn 0.5921 0.6119 0.5244
vn 0.5663 0.3896 0.7263
vn 0.2825 0.0189 0.9591
vn 0.4918 0.7179 -0.4928
vn 0.2890 0.8211 -0.4923
vn 0.5957 0.6699 -0.4432
vn 0.6963 0.6931 -0.1868
vn 0.0090 0.1008 -0.9949
vn 0.4563 0.8817 0.1196
vn -0.7209 0.6813 0.1269
vn 0.5189 0.3466 -0.7814
vn 0.1488 0.7879 -0.5976
vn 0.3480 0.0962 -0.9325
vn 0.4670 -0.3126 -0.8271
vn 0.0710 -0.0497 -0.9962
vn 0.5613 0.6104 -0.5589
vn 0.5064 0.6274 -0.5916
vn 0.4999 0.7839 -0.3682
vn 0.7292 0.6315 -0.2634
vn 0.0744 0.9491 -0.3062
vn 0.6047 0.4077 0.6842
vn 0.4572 0.8751 0.1590
vn 0.1006 0.9937 0.0492
vn 0.0017 0.8740 -0.4860
vn 0.3540 0.9179 -0.1794
vn 0.4688 0.8123 -0.3471
vn 0.6281 0.6591 -0.4137
vn 0.6202 0.6597 -0.4244
vn 0.2489 0.8579 -0.4495
vn -0.4923 0.6721 -0.5530
vn 0.5551 0.7490 -0.3617
vn 0.5342 0.7817 -0.3218
vn 0.2709 0.8999 -0.3418
vn 0.1790 0.9168 -0.3569
vn 0.4121 0.0896 -0.9067
vn 0.1485 0.3271 -0.9333
vn 0.0564 0.3432 -0.9376
vn -0.1198 0.7519 -0.6483
vn -0.1370 0.6323 -0.7625
vn -0.0092 0.3447 -0.9387
vn -0.1359 0.3165 -0.9388
vn -0.0002 0.1316 -0.9913
vn 0.1356 0.1816 -0.9740
vn 0.3019 -0.1081 -0.9472
vn 0.1061 0.8166 -0.5673
vn 0.7827 0.5153 -0.3491
vn 0.8116 0.4032 -0.4228
vn 0.7897 0.4918 -0.3666
vn 0.7390 0.4603 -0.4918
vn 0.3263 0.8427 -0.4281
vn 0.2834 0.8771 -0.3877
vn 0.9195 -0.2670 0.2885
vn 0.1453 0.9175 -0.3702
vn 0.2926 0.8565 -0.4251
vn 0.3829 0.8393 -0.3860
vn 0.4288 0.8079 -0.4043
vn 0.5090 0.8262 -0.2416
vn 0.7786 0.6078 -0.1561
vn 0.7606 0.5719 -0.3072
vn 0.7605 0.5721 -0.3071
vn 0.7672 0.6361 0.0821
vn 0.8956 0.4261 -0.1278
vn 0.8984 -0.1198 -0.4226
vn 0.9610 0.1914 -0.1996
vn 0.8213 0.5119 -0.2519
vn 0.7555 0.5784 -0.3076
vn 0.8515 0.3724 -0.3691
vn 0.8387 0.2036 -0.5052
vn 0.7917 0.5896 -0.1598
vn 0.1539 0.9416 -0.2996
vn 0.6641 0.2546 -0.7030
vn 0.2661 0.9247 0.2722
vn 0.2149 0.9103 0.3538
vn 0.4205 0.7170 0.5560
vn 0.5095 0.7144 0.4796
vn 0.6508 0.5533 0.5199
vn 0.0999 -0.0388 0.9942
vn -0.4374 0.0265 0.8989
vn -0.3115 0.3220 0.8940
vn -0.1020 0.0200 -0.9946
vn -0.3179 0.1261 0.9397
vn 0.8909 0.3454 -0.2949
vn 0.9066 -0.4150 0.0769
vn 0.4595 0.8717 -0.1706
vn 0.7988 0.4551 -0.3935
vn 0.5667 0.6066 0.5576
vn 0.6947 0.6155 0.3723
vn 0.6833 0.6457 -0.3410
vn 0.4160 0.5714 -0.7074
vn 0.7347 0.3830 -0.5599
vn 0.3550 0.8495 -0.3902
vn 0.1743 0.7952 -0.5808
vn 0.2003 0.8216 -0.5338
vn -0.0095 0.7326 -0.6806
vn 0.0288 0.1805 -0.9832
vn 0.1965 0.5454 -0.8148
vn -0.0454 -0.0556 -0.9974
vn -0.1670 -0.0892 -0.9819
vn -0.0006 0.8465 -0.5323
vn 0.4685 0.1599 -0.8689
vn 0.7275 0.6328 -0.2651
vn 0.8475 0.4979 -0.1838
vn 0.7625 0.2520 -0.5959
vn 0.1233 0.6920 -0.7113
vn 0.1078 0.7432 -0.6603
vn 0.6054 0.3517 -0.7140
vn -0.1289 0.9070 -0.4010
vn 0.5734 0.7074 -0.4133
vn 0.8541 0.2572 -0.4521
vn 0.7480 0.4660 -0.4725
vn 0.7898 0.4984 -0.3576
vn -0.1497 0.8345 -0.5302
vn 0.3313 0.7896 -0.5166
vn 0.6003 0.6689 -0.4384
vn 0.6709 0.6521 -0.3531
vn 0.3039 0.8611 -0.4075
vn 0.6250 0.7237 -0.2926
vn 0.9839 -0.1703 0.0538
vn 0.8049 -0.1219 0.5807
vn 0.1394 0.9627 -0.2320
vn 0.3437 0.9039 -0.2544
vn 0.3897 0.8339 -0.3908
vn 0.4907 0.7851 -0.3779
vn 0.5613 0.7845 -0.2638
vn 0.5677 0.7450 -0.3503
vn 0.6302 0.7331 -0.2557
vn 0.7853 0.5965 -0.1658
vn 0.7798 0.5292 -0.3346
vn 0.7450 0.6192 -0.2483
vn 0.6018 0.7947 -0.0791
vn 0.3997 0.8404 -0.3660
vn 0.8844 0.2955 -0.3614
vn 0.9466 0.2081 -0.2462
vn 0.9278 0.1007 -0.3593
vn 0.9050 0.3125 -0.2887
vn 0.7702 0.5874 -0.2484
vn 0.8954 0.2395 -0.3754
vn 0.4668 0.1925 -0.8632
vn -0.2189 0.2442 -0.9447
vn -0.3364 0.2023 -0.9197
vn 0.3021 0.8871 0.3489
vn 0.2423 0.7275 0.6419
vn 0.3040 0.6767 0.6706
vn 0.5744 0.6980 0.4276
vn 0.3941 0.8449 0.3616
vn 0.5923 0.6062 0.5307
vn -0.7693 -0.1666 0.6168
vn 0.2710 0.3685 0.8892
vn 0.5406 0.3358 -0.7714
vn 0.5997 -0.7812 0.1737
vn 0.7627 0.2648 -0.5900
vn 0.2468 0.7963 -0.5523
vn 0.1978 0.6052 -0.7711
vn 0.1374 0.4285 -0.8930
vn 0.4976 0.1088 -0.8605
vn 0.4576 0.1628 -0.8741
vn 0.7717 0.1160 -0.6253
vn 0.1557 0.9878 -0.0038
vn 0.7287 0.6297 -0.2694
vn 0.6091 0.5841 -0.5365
vn 0.2383 0.8175 -0.5244
vn 0.5273 0.6856 -0.5020
vn 0.1586 0.7534 -0.6381
vn 0.3690 0.8890 -0.2711
vn 0.8693 0.4828 -0.1054
vn 0.7796 0.6051 -0.1612
vn 0.7401 0.6295 0.2366
vn 0.3438 0.6774 0.6503
vn 0.6096 0.5045 0.6114
vn 0.4174 0.2847 0.8630
vn 0.3592 0.3261 0.8744
vn 0.3713 -0.0680 -0.9260
vn -0.1815 0.7977 -0.5751
vn -0.0420 -0.1865 -0.9816
vn 0.5191 0.5714 -0.6357
vn 0.1255 0.2425 -0.9620
vn 0.0674 0.1533 -0.9859
vn 0.4226 0.1310 -0.8968
vn 0.6372 0.5700 -0.5187
vn 0.5984 0.6632 -0.4496
vn 0.8197 0.5472 -0.1689
vn 0.7478 0.6314 -0.2052
vn 0.5900 0.7091 -0.3860
vn 0.7006 0.7128 0.0346
vn 0.5551 0.7217 -0.4134
vn 0.9574 0.0893 -0.2747
vn 0.8063 0.1792 -0.5637
vn 0.4889 0.7699 0.4102
vn 0.3169 0.5691 -0.7588
vn -0.1842 0.9818 0.0456
vn 0.2494 0.6824 0.6872
vn 0.4214 0.7320 0.5353
vn 0.9185 0.3843 -0.0931
vn -0.1812 0.9297 -0.3207
vn 0.5486 0.6961 -0.4632
vn 0.6120 0.6967 -0.3744
vn 0.2910 0.7448 -0.6005
vn 0.1188 0.2109 -0.9703
vn -0.0051 0.1455 -0.9893
vn 0.4424 0.1698 -0.8806
vn 0.6248 0.6130 -0.4836
vn 0.8166 0.4722 -0.3320
vn 0.7282 0.5066 -0.4615
vn 0.7702 0.4663 0.4351
vn 0.9489 -0.2102 0.2354
vn -0.1597 0.9499 -0.2687
vn 0.5203 0.8234 -0.2264
vn 0.7519 0.6545 -0.0787
vn 0.4978 0.0415 -0.8663
vn 0.1795 0.8023 -0.5693
vn -0.0474 -0.0146 -0.9988
vn 0.7239 0.5498 -0.4168
vn 0.5807 0.7421 -0.3349
vn -0.0915 0.5281 -0.8442
vn 0.2451 0.9391 -0.2409
vn 0.4615 0.5593 -0.6886
vn -0.3319 0.8096 -0.4841
vn 0.2533 0.8471 -0.4672
vn 0.1448 0.9415 -0.3044
vn 0.5174 0.6957 -0.4983
vn 0.9118 0.3973 -0.1034
vn 0.4205 0.7763 -0.4697
vn 0.5085 0.7695 -0.3864
vn 0.7758 0.6057 -0.1768
vn 0.7147 0.6733 0.1890
vn 0.0619 0.9981 0.0005
vn 0.6498 0.7435 -0.1582
vn 0.8919 0.3809 -0.2439
vn 0.9197 -0.2405 0.3104
vn 0.8612 0.3525 -0.3660
vn 0.7848 0.5725 -0.2373
vn 0.2701 0.8973 0.3492
vn 0.3279 0.7736 0.5422
vn 0.4155 0.6524 0.6338
vn 0.3463 0.4378 -0.8297
vn 0.4537 0.5291 -0.7171
vn 0.8964 0.0079 -0.4432
vn 0.5751 0.7030 -0.4184
vn 0.7077 0.5893 -0.3898
vn 0.3129 0.4638 -0.8289
vn 0.1851 0.3923 -0.9010
vn -0.1279 0.3469 -0.9292
vn 0.0076 0.2477 -0.9688
vn 0.2035 0.7988 -0.5661
vn 0.3754 0.7499 -0.5448
vn 0.2526 0.7782 -0.5749
vn 0.5974 0.8014 0.0291
vn 0.5229 0.8392 0.1496
vn 0.7805 0.5283 -0.3342
vn -0.2186 0.1723 0.9605
vn -0.1110 0.4513 -0.8854
vn -0.0405 0.7482 -0.6622
vn 0.1000 0.7966 -0.5962
vn 0.3397 0.4488 -0.8265
vn 0.6087 0.1116 -0.7855
vn 0.2621 0.7991 -0.5410
vn 0.3277 0.9228 -0.2027
vn 0.6203 0.7483 -0.2350
vn 0.6620 0.7488 -0.0326
vn 0.3227 0.9316 -0.1671
vn 0.7923 0.5725 -0.2110
vn 0.6127 0.7577 -0.2245
vn 0.6245 0.7808 -0.0195
vn 0.5956 0.6679 -0.4462
vn 0.3041 -0.2161 -0.9278
vn 0.0303 0.4451 -0.8950
vn 0.6824 0.6503 -0.3338
vn 0.7404 0.6371 -0.2143
vn 0.5352 0.7509 -0.3868
vn 0.2239 0.7176 -0.6594
vn 0.7241 0.5748 -0.3811
vn 0.3135 0.7474 -0.5858
vn 0.6032 0.7145 -0.3545
vn 0.8578 0.4188 -0.2981
vn 0.7719 0.4855 0.4105
vn 0.7340 0.6739 0.0848
vn 0.7009 0.7130 -0.0191
vn 0.9619 -0.1704 0.2139
vn 0.7655 0.5627 -0.3121
vn 0.5211 0.8469 0.1060
vn 0.3494 0.6875 0.6366
vn 0.0705 0.1062 0.9918
vn -0.2013 0.0675 0.9772
vn 0.3941 0.8524 -0.3437
vn 0.1165 0.8783 -0.4637
vn 0.2795 0.7406 -0.6111
vn 0.4236 0.7736 -0.4712
vn 0.5383 0.8029 -0.2559
vn 0.2656 0.9102 -0.3179
vn 0.4464 0.8090 -0.3825
vn 0.4913 0.8500 -0.1902
vn 0.7944 0.5784 -0.1856
vn 0.5250 0.6730 0.5210
vn 0.7506 0.1439 -0.6449
vn 0.6865 0.7119 -0.1483
vn 0.7782 0.6251 -0.0600
vn -0.2151 -0.0074 -0.9766
vn 0.4058 0.9139 0.0058
vn 0.7156 0.6981 0.0226
vn 0.7076 0.7037 -0.0642
vn 0.5559 0.8245 -0.1052
vn 0.8210 0.5073 -0.2620
vn 0.6829 0.5400 -0.4920
vn 0.1295 0.7315 -0.6694
vn -0.0900 0.7155 -0.6928
vn 0.7723 0.5918 -0.2307
vn 0.2108 0.6428 0.7364
vn 0.4496 0.7500 0.4852
vn 0.7196 0.6847 0.1159
vn 0.4656 0.8222 -0.3275
vn 0.6552 0.6586 -0.3700
vn 0.1405 0.7650 -0.6285
vn -0.4861 0.4235 -0.7644
vn -0.2642 0.5491 -0.7929
vn 0.2581 0.0913 -0.9618
vn -0.3544 -0.3604 -0.8628
vn -0.1943 -0.4808 -0.8551
vn -0.5981 -0.3036 -0.7417
vn 0.3397 -0.6653 -0.6648
vn -0.4049 -0.6912 -0.5986
vn 0.4945 -0.1903 -0.8481
vn -0.2249 -0.6604 -0.7164
vn 0.1325 -0.6088 -0.7822
vn 0.0748 -0.9725 -0.2208
vn -0.2944 -0.5180 -0.8031
vn -0.0941 -0.4211 -0.9021
vn 0.2471 -0.0708 -0.9664
vn -0.6133 -0.5546 -0.5624
vn -0.8208 -0.5548 -0.1359
vn -0.9886 0.1358 -0.0648
vn -0.8471 0.4795 -0.2291
vn -0.3433 0.3256 -0.8810
vn 0.2047 0.0710 -0.9762
vn -0.8030 -0.5876 -0.0996
vn 0.2881 -0.0482 -0.9564
vn -0.4842 0.1095 -0.8681
vn -0.6425 -0.3012 -0.7046
vn 0.3584 0.0159 -0.9334
vn -0.0970 -0.6210 -0.7778
vn 0.4777 -0.1232 -0.8698
vn 0.1781 -0.0129 -0.9839
vn -0.0673 -0.1815 -0.9811
vn 0.1961 -0.2850 -0.9383
vn -0.3196 -0.7756 -0.5444
vn -0.2680 0.2929 -0.9178
vn -0.7535 -0.2670 -0.6008
vn -0.5864 0.0989 -0.8039
vn -0.5897 0.1178 -0.7990
vn 0.0184 0.2435 -0.9697
vn -0.4198 0.5883 -0.6911
vn -0.6378 -0.1829 -0.7481
vn -0.6670 -0.2642 -0.6966
vn -0.1877 0.1729 -0.9669
vn -0.5609 0.7178 -0.4125
vn -0.0456 -0.0855 -0.9953
vn -0.5774 0.2746 -0.7689
vn 0.2615 -0.4801 -0.8373
vn -0.0863 -0.3465 -0.9341
vn 0.4122 -0.3033 -0.8591
vn -0.5981 -0.0630 -0.7990
vn 0.2746 -0.2290 -0.9339
vn -0.0509 0.3996 -0.9153
vn -0.1806 0.2751 -0.9443
vn -0.2297 0.1492 -0.9618
vn -0.6022 -0.1869 -0.7761
vn -0.6333 -0.3136 -0.7075
vn -0.1242 -0.5589 -0.8199
vn -0.4046 0.4446 -0.7991
vn -0.0046 -0.0441 -0.9990
vn -0.0864 0.3072 -0.9477
vn 0.0717 0.3589 -0.9306
vn -0.2175 0.1718 -0.9608
vn -0.6221 -0.1990 -0.7573
vn -0.2648 0.5492 -0.7926
vt 0.665007 0.593196
vt 0.666760 0.598610
vt 0.649635 0.588658
vt 0.584557 0.207845
vt 0.580577 0.210834
vt 0.571532 0.203519
vt 0.837852 0.404998
vt 0.837720 0.399902
vt 0.839813 0.396601
vt 0.687448 0.538995
vt 0.686920 0.547700
vt 0.683527 0.547377
vt 0.689535 0.550159
vt 0.684578 0.557763
vt 0.653220 0.084200
vt 0.655188 0.083911
vt 0.654036 0.085035
vt 0.670100 0.090237
vt 0.672919 0.097393
vt 0.670126 0.096885
vt 0.315693 0.129712
vt 0.318805 0.137752
vt 0.315558 0.153108
vt 0.618694 0.607588
vt 0.622599 0.597182
vt 0.631658 0.610302
vt 0.619010 0.614528
vt 0.618578 0.624613
vt 0.636733 0.622354
vt 0.466778 0.816701
vt 0.461281 0.822616
vt 0.463196 0.810134
vt 0.654036 0.230514
vt 0.657791 0.221216
vt 0.657462 0.244515
vt 0.670705 0.609280
vt 0.665157 0.620777
vt 0.654877 0.614568
vt 0.470037 0.799166
vt 0.625336 0.640770
vt 0.613627 0.573437
vt 0.629845 0.583943
vt 0.613899 0.614957
vt 0.658644 0.258602
vt 0.656429 0.254806
vt 0.662331 0.250902
vt 0.643930 0.636154
vt 0.659299 0.638637
vt 0.658093 0.648802
vt 0.600579 0.088056
vt 0.607237 0.094141
vt 0.600712 0.097477
vt 0.603574 0.640328
vt 0.645900 0.652262
vt 0.120514 0.331039
vt 0.119966 0.326010
vt 0.125058 0.323815
vt 0.598704 0.572134
vt 0.739867 0.715602
vt 0.755190 0.708551
vt 0.753771 0.720675
vt 0.638459 0.657975
vt 0.143734 0.274945
vt 0.139892 0.325293
vt 0.131240 0.324126
vt 0.586959 0.593826
vt 0.893523 0.220590
vt 0.888338 0.218528
vt 0.894511 0.211593
vt 0.726147 0.652031
vt 0.737947 0.648449
vt 0.734386 0.655429
vt 0.724445 0.325954
vt 0.726456 0.333364
vt 0.717425 0.348898
vt 0.718100 0.603104
vt 0.713218 0.603928
vt 0.711923 0.596943
vt 0.598080 0.655873
vt 0.614586 0.657901
vt 0.628333 0.663938
vt 0.639559 0.672879
vt 0.754512 0.792606
vt 0.747390 0.779276
vt 0.786321 0.795181
vt 0.582449 0.635237
vt 0.606340 0.656821
vt 0.649646 0.668522
vt 0.646914 0.676530
vt 0.624679 0.571476
vt 0.604983 0.562293
vt 0.622318 0.661303
vt 0.612967 0.661457
vt 0.991789 0.183282
vt 0.993858 0.190116
vt 0.991700 0.187211
vt 0.625161 0.665102
vt 0.633420 0.670549
vt 0.123960 0.364760
vt 0.120399 0.359752
vt 0.127945 0.357752
vt 0.121100 0.341004
vt 0.729935 0.817930
vt 0.724638 0.819157
vt 0.726780 0.810153
vt 0.675808 0.594553
vt 0.674158 0.594584
vt 0.676171 0.592891
vt 0.677016 0.618123
vt 0.674730 0.599917
vt 0.682574 0.594765
vt 0.749055 0.792445
vt 0.773416 0.805710
vt 0.724760 0.623296
vt 0.725112 0.644994
vt 0.721317 0.631708
vt 0.784750 0.620606
vt 0.793239 0.606640
vt 0.793543 0.622278
vt 0.673483 0.607424
vt 0.684424 0.609335
vt 0.688299 0.594213
vt 0.683923 0.590007
vt 0.587319 0.562559
vt 0.696048 0.592905
vt 0.690432 0.589864
vt 0.695497 0.620167
vt 0.693362 0.616859
vt 0.699809 0.617110
vt 0.696721 0.602976
vt 0.689865 0.611165
vt 0.842435 0.275253
vt 0.818721 0.288645
vt 0.831995 0.272046
vt 0.819106 0.298700
vt 0.587825 0.569918
vt 0.571571 0.583080
vt 0.646353 0.819170
vt 0.614996 0.797270
vt 0.629446 0.796470
vt 0.700196 0.597716
vt 0.701095 0.606472
vt 0.879542 0.588439
vt 0.887326 0.594037
vt 0.879579 0.595808
vt 0.688316 0.620254
vt 0.568959 0.628498
vt 0.992049 0.511515
vt 0.980343 0.519480
vt 0.981257 0.505789
vt 0.985026 0.198208
vt 0.994253 0.202394
vt 0.587836 0.670877
vt 0.990853 0.161687
vt 0.991252 0.166350
vt 0.987651 0.167842
vt 0.645188 0.688422
vt 0.643602 0.680449
vt 0.565298 0.653408
vt 0.973860 0.199555
vt 0.886186 0.421586
vt 0.897260 0.417019
vt 0.898755 0.423151
vt 0.581664 0.561180
vt 0.569590 0.579173
vt 0.558006 0.612341
vt 0.552581 0.608967
vt 0.555106 0.601882
vt 0.796388 0.670846
vt 0.785266 0.671942
vt 0.796086 0.664776
vt 0.704544 0.607377
vt 0.702920 0.617329
vt 0.981222 0.450473
vt 0.985633 0.459319
vt 0.976540 0.456536
vt 0.681458 0.632383
vt 0.992491 0.499191
vt 0.547671 0.639386
vt 0.948344 0.171389
vt 0.960176 0.163195
vt 0.950006 0.183853
vt 0.991354 0.178160
vt 0.946395 0.189391
vt 0.949893 0.196004
vt 0.674691 0.624383
vt 0.560685 0.675978
vt 0.586193 0.678071
vt 0.990784 0.489700
vt 0.701145 0.628823
vt 0.672622 0.643560
vt 0.670271 0.632743
vt 0.675468 0.634211
vt 0.692634 0.946715
vt 0.684040 0.952783
vt 0.661409 0.950134
vt 0.978858 0.224809
vt 0.968341 0.218335
vt 0.978377 0.215083
vt 0.695947 0.629915
vt 0.692744 0.628914
vt 0.839092 0.384306
vt 0.836341 0.379587
vt 0.839730 0.378774
vt 0.987605 0.140516
vt 0.988898 0.141103
vt 0.988972 0.145049
vt 0.705922 0.598334
vt 0.677509 0.642205
vt 0.684866 0.634878
vt 0.958590 0.202566
vt 0.707350 0.624671
vt 0.707572 0.616446
vt 0.993011 0.524641
vt 0.980256 0.527190
vt 0.547980 0.675804
vt 0.982768 0.491989
vt 0.581412 0.687464
vt 0.588042 0.704542
vt 0.592576 0.702226
vt 0.592843 0.707126
vt 0.589842 0.677970
vt 0.595784 0.687394
vt 0.587302 0.685385
vt 0.684139 0.639099
vt 0.700235 0.636524
vt 0.676620 0.650839
vt 0.691736 0.637516
vt 0.687673 0.642738
vt 0.680445 0.647860
vt 0.321092 0.167965
vt 0.314420 0.168941
vt 0.318165 0.163179
vt 0.689358 0.658300
vt 0.692469 0.654181
vt 0.593884 0.697331
vt 0.586503 0.696059
vt 0.588478 0.690998
vt 0.730965 0.720611
vt 0.735330 0.723570
vt 0.730714 0.731402
vt 0.482944 0.782374
vt 0.487342 0.787163
vt 0.483087 0.789773
vt 0.923809 0.885375
vt 0.911560 0.888275
vt 0.910596 0.883893
vt 0.938453 0.458111
vt 0.935060 0.457242
vt 0.934740 0.454266
vt 0.943233 0.448976
vt 0.936782 0.468788
vt 0.984863 0.479402
vt 0.992294 0.482771
vt 0.954578 0.434190
vt 0.952690 0.427223
vt 0.964723 0.431072
vt 0.696675 0.661120
vt 0.686762 0.660951
vt 0.697549 0.651486
vt 0.690093 0.648328
vt 0.698200 0.648674
vt 0.695428 0.641464
vt 0.911725 0.247990
vt 0.905229 0.243219
vt 0.913249 0.245669
vt 0.809086 0.114980
vt 0.801731 0.112619
vt 0.801207 0.093789
vt 0.708825 0.645250
vt 0.705198 0.649119
vt 0.700663 0.645768
vt 0.565150 0.686560
vt 0.981505 0.533526
vt 0.696521 0.657395
vt 0.700834 0.648275
vt 0.897110 0.028765
vt 0.895886 0.024464
vt 0.907531 0.023552
vt 0.885780 0.030563
vt 0.703838 0.640156
vt 0.725194 0.615009
vt 0.724871 0.601670
vt 0.725267 0.607628
vt 0.720160 0.620104
vt 0.714731 0.615697
vt 0.554416 0.708738
vt 0.583392 0.710375
vt 0.882641 0.142231
vt 0.876956 0.139058
vt 0.878064 0.130529
vt 0.692277 0.665723
vt 0.684595 0.662984
vt 0.869258 0.140694
vt 0.888465 0.134538
vt 0.887105 0.143021
vt 0.882783 0.130063
vt 0.881286 0.130743
vt 0.479050 0.782855
vt 0.480280 0.772475
vt 0.545363 0.672986
vt 0.545990 0.684748
vt 0.541659 0.673982
vt 0.992650 0.534554
vt 0.984723 0.544259
vt 0.739947 0.614685
vt 0.733657 0.613544
vt 0.741374 0.609880
vt 0.725487 0.599329
vt 0.731841 0.597241
vt 0.731385 0.600997
vt 0.728376 0.605181
vt 0.729501 0.613433
vt 0.689091 0.675042
vt 0.545689 0.695509
vt 0.594339 0.714884
vt 0.541141 0.681187
vt 0.717282 0.647949
vt 0.891157 0.147113
vt 0.893609 0.159045
vt 0.890792 0.158335
vt 0.897663 0.128166
vt 0.898068 0.135858
vt 0.726427 0.611921
vt 0.991469 0.541080
vt 0.654063 0.241460
vt 0.647211 0.230007
vt 0.604800 0.732382
vt 0.290845 0.083556
vt 0.295186 0.087900
vt 0.288992 0.090444
vt 0.731778 0.605070
vt 0.735453 0.599332
vt 0.569456 0.730831
vt 0.705492 0.658536
vt 0.715838 0.665931
vt 0.703566 0.661344
vt 0.695238 0.663150
vt 0.704996 0.656384
vt 0.701265 0.652717
vt 0.712260 0.655933
vt 0.681410 0.750247
vt 0.698474 0.744991
vt 0.678832 0.760324
vt 0.486560 0.772220
vt 0.552866 0.728205
vt 0.546844 0.719353
vt 0.989420 0.551364
vt 0.984465 0.555487
vt 0.598592 0.744414
vt 0.695316 0.756227
vt 0.563517 0.744011
vt 0.590684 0.758010
vt 0.481076 0.755378
vt 0.484821 0.765643
vt 0.664327 0.772316
vt 0.673006 0.756537
vt 0.674811 0.768304
vt 0.696031 0.774057
vt 0.692179 0.692729
vt 0.686490 0.692546
vt 0.694910 0.666987
vt 0.675131 0.778282
vt 0.663418 0.780170
vt 0.702279 0.663360
vt 0.707937 0.671214
vt 0.698879 0.664030
vt 0.713459 0.754972
vt 0.726768 0.614617
vt 0.740639 0.600369
vt 0.831785 0.210928
vt 0.832643 0.191227
vt 0.838306 0.222881
vt 0.571976 0.760585
vt 0.992115 0.546062
vt 0.724305 0.668828
vt 0.836817 0.235913
vt 0.594390 0.777423
vt 0.649843 0.784314
vt 0.667820 0.683990
vt 0.672023 0.671658
vt 0.720574 0.739492
vt 0.745663 0.680266
vt 0.757945 0.671665
vt 0.752604 0.683672
vt 0.716920 0.640422
vt 0.737351 0.619348
vt 0.735231 0.617174
vt 0.570878 0.762947
vt 0.619794 0.769621
vt 0.713073 0.774111
vt 0.705261 0.691961
vt 0.747115 0.609348
vt 0.751063 0.601566
vt 0.642701 0.239720
vt 0.641219 0.237429
vt 0.646106 0.233163
vt 0.748514 0.490960
vt 0.737688 0.478582
vt 0.747575 0.481017
vt 0.769049 0.672466
vt 0.761318 0.692245
vt 0.480027 0.856193
vt 0.489384 0.834217
vt 0.485352 0.850000
vt 0.483358 0.743481
vt 0.474877 0.736654
vt 0.476127 0.721079
vt 0.482289 0.733653
vt 0.487826 0.739204
vt 0.585519 0.777849
vt 0.681216 0.806922
vt 0.698494 0.790606
vt 0.750199 0.598604
vt 0.746843 0.597866
vt 0.751955 0.491631
vt 0.752956 0.492803
vt 0.752425 0.494799
vt 0.753083 0.481989
vt 0.749828 0.487968
vt 0.755000 0.487481
vt 0.736327 0.672070
vt 0.729583 0.671852
vt 0.744094 0.666677
vt 0.600225 0.788477
vt 0.612247 0.786062
vt 0.614024 0.790699
vt 0.841410 0.251740
vt 0.838392 0.258761
vt 0.834658 0.247470
vt 0.652494 0.788545
vt 0.727535 0.760459
vt 0.727495 0.744316
vt 0.748949 0.467633
vt 0.758942 0.478229
vt 0.760150 0.485216
vt 0.756768 0.462467
vt 0.717410 0.678920
vt 0.752954 0.603561
vt 0.753041 0.605560
vt 0.752010 0.605888
vt 0.752580 0.602639
vt 0.640661 0.791706
vt 0.630499 0.791170
vt 0.664449 0.816460
vt 0.707857 0.702016
vt 0.717409 0.694677
vt 0.763825 0.474663
vt 0.804461 0.784831
vt 0.804237 0.798051
vt 0.797583 0.789589
vt 0.693557 0.824642
vt 0.683016 0.825805
vt 0.690923 0.820526
vt 0.656778 0.700565
vt 0.675152 0.702106
vt 0.688141 0.702116
vt 0.692429 0.705036
vt 0.842819 0.261982
vt 0.717207 0.781916
vt 0.698241 0.797555
vt 0.730439 0.753806
vt 0.730014 0.713162
vt 0.726780 0.716815
vt 0.727701 0.700999
vt 0.703335 0.709347
vt 0.728630 0.688929
vt 0.753452 0.603189
vt 0.752725 0.600361
vt 0.682319 0.113321
vt 0.680318 0.102729
vt 0.690860 0.107222
vt 0.770815 0.474131
vt 0.673906 0.721826
vt 0.695459 0.811601
vt 0.678685 0.819182
vt 0.733881 0.759478
vt 0.691560 0.720961
vt 0.753313 0.602235
vt 0.756802 0.497773
vt 0.756546 0.494606
vt 0.758756 0.494626
vt 0.497443 0.822757
vt 0.493113 0.838758
vt 0.774505 0.464165
vt 0.767132 0.461573
vt 0.493913 0.819288
vt 0.660259 0.715594
vt 0.478387 0.697987
vt 0.481862 0.717806
vt 0.721991 0.701735
vt 0.759575 0.499372
vt 0.858684 0.093889
vt 0.851253 0.092056
vt 0.868354 0.073503
vt 0.802591 0.235033
vt 0.780434 0.468290
vt 0.798832 0.244508
vt 0.819230 0.255241
vt 0.853723 0.070488
vt 0.709071 0.799372
vt 0.726263 0.790037
vt 0.686697 0.724679
vt 0.699386 0.724024
vt 0.715640 0.722041
vt 0.843623 0.289957
vt 0.830891 0.321019
vt 0.833834 0.332467
vt 0.826542 0.318224
vt 0.825347 0.334342
vt 0.700453 0.811383
vt 0.696484 0.817972
vt 0.708560 0.806097
vt 0.729688 0.787151
vt 0.922283 0.018489
vt 0.928020 0.018243
vt 0.915662 0.023389
vt 0.928574 0.023468
vt 0.934122 0.021814
vt 0.928057 0.017122
vt 0.934518 0.015071
vt 0.746755 0.694040
vt 0.747014 0.702065
vt 0.738438 0.690400
vt 0.878288 0.645676
vt 0.882972 0.635775
vt 0.887795 0.643446
vt 0.687763 0.737411
vt 0.817924 0.266529
vt 0.829207 0.255559
vt 0.676834 0.829217
vt 0.676962 0.837660
vt 0.673767 0.834090
vt 0.710032 0.811625
vt 0.729114 0.794492
vt 0.722062 0.799793
vt 0.764137 0.614704
vt 0.765358 0.609489
vt 0.769815 0.611259
vt 0.756519 0.766969
vt 0.768931 0.698460
vt 0.768472 0.697062
vt 0.770388 0.695626
vt 0.745953 0.614320
vt 0.748039 0.611528
vt 0.751301 0.614027
vt 0.666859 0.639481
vt 0.670563 0.620370
vt 0.668488 0.741777
vt 0.720392 0.729237
vt 0.445915 0.670444
vt 0.448210 0.657021
vt 0.451680 0.687031
vt 0.444329 0.665428
vt 0.750380 0.494306
vt 0.649267 0.714518
vt 0.649904 0.725045
vt 0.651634 0.736771
vt 0.701254 0.736203
vt 0.632583 0.823603
vt 0.819386 0.322916
vt 0.714147 0.800945
vt 0.738825 0.787437
vt 0.747839 0.789571
vt 0.764681 0.698855
vt 0.420378 0.839095
vt 0.426639 0.830608
vt 0.421394 0.845829
vt 0.959197 0.210621
vt 0.945708 0.212077
vt 0.951831 0.206972
vt 0.747270 0.706451
vt 0.966223 0.212706
vt 0.956941 0.220546
vt 0.489349 0.661942
vt 0.491307 0.639754
vt 0.493341 0.657999
vt 0.809674 0.276846
vt 0.713315 0.817449
vt 0.730667 0.821606
vt 0.734855 0.789809
vt 0.810675 0.672983
vt 0.799977 0.679468
vt 0.732731 0.308721
vt 0.737371 0.301290
vt 0.736055 0.315253
vt 0.766798 0.705618
vt 0.672885 0.612933
vt 0.449059 0.845972
vt 0.453930 0.828473
vt 0.457892 0.845884
vt 0.760049 0.716188
vt 0.673840 0.618503
vt 0.647244 0.763041
vt 0.109729 0.271359
vt 0.115537 0.288884
vt 0.112989 0.285579
vt 0.517061 0.555894
vt 0.526959 0.547408
vt 0.522642 0.555058
vt 0.644868 0.100820
vt 0.648120 0.094641
vt 0.652500 0.092867
vt 0.823807 0.309603
vt 0.864301 0.062590
vt 0.867575 0.042381
vt 0.873983 0.045519
vt 0.697167 0.220267
vt 0.698435 0.211020
vt 0.714288 0.210291
vt 0.650208 0.284768
vt 0.645834 0.294437
vt 0.645656 0.285316
vt 0.792153 0.778119
vt 0.731589 0.807568
vt 0.736028 0.800939
vt 0.638146 0.115853
vt 0.633275 0.116669
vt 0.629785 0.110582
vt 0.638768 0.748407
vt 0.811765 0.090932
vt 0.806493 0.086676
vt 0.812160 0.080215
vt 0.487653 0.778981
vt 0.640378 0.783102
vt 0.487476 0.765841
vt 0.840222 0.700605
vt 0.841032 0.712343
vt 0.836594 0.708195
vt 0.823225 0.078429
vt 0.836783 0.073404
vt 0.823415 0.087914
vt 0.792247 0.271530
vt 0.804295 0.265232
vt 0.813342 0.315616
vt 0.673625 0.851410
vt 0.670748 0.860339
vt 0.669522 0.850589
vt 0.784817 0.350531
vt 0.771197 0.358173
vt 0.759489 0.346276
vt 0.476391 0.647808
vt 0.463728 0.638650
vt 0.483794 0.642507
vt 0.819890 0.067669
vt 0.823941 0.066847
vt 0.813177 0.071007
vt 0.636808 0.751429
vt 0.628002 0.751917
vt 0.675675 0.092557
vt 0.487888 0.755819
vt 0.673352 0.861108
vt 0.675537 0.849817
vt 0.676162 0.859425
vt 0.666608 0.856552
vt 0.129149 0.366416
vt 0.125907 0.380926
vt 0.785107 0.344504
vt 0.491981 0.751613
vt 0.472467 0.630410
vt 0.372486 0.934239
vt 0.369959 0.948166
vt 0.359077 0.940171
vt 0.307879 0.166024
vt 0.315347 0.155619
vt 0.746507 0.352114
vt 0.921951 0.862900
vt 0.942900 0.860244
vt 0.925787 0.874269
vt 0.887095 0.479555
vt 0.882239 0.474144
vt 0.884983 0.472010
vt 0.711863 0.821539
vt 0.703851 0.826473
vt 0.961780 0.436456
vt 0.960953 0.433603
vt 0.461405 0.626400
vt 0.668484 0.103774
vt 0.671522 0.105432
vt 0.918751 0.076830
vt 0.926854 0.068777
vt 0.928714 0.074147
vt 0.492245 0.741386
vt 0.488118 0.719743
vt 0.494477 0.723988
vt 0.810684 0.309306
vt 0.490371 0.696187
vt 0.496488 0.688410
vt 0.501901 0.696626
vt 0.465497 0.617766
vt 0.666747 0.107872
vt 0.670585 0.106345
vt 0.665852 0.111478
vt 0.917641 0.006755
vt 0.919201 0.004659
vt 0.921591 0.010636
vt 0.663806 0.110690
vt 0.719312 0.672302
vt 0.727394 0.675586
vt 0.739168 0.323416
vt 0.784212 0.330226
vt 0.735248 0.337471
vt 0.299458 0.099521
vt 0.292260 0.097241
vt 0.752364 0.599251
vt 0.751490 0.598269
vt 0.752347 0.599029
vt 0.752088 0.599715
vt 0.636831 0.579787
vt 0.483222 0.694558
vt 0.816445 0.069229
vt 0.810382 0.074791
vt 0.829903 0.065174
vt 0.833739 0.063324
vt 0.816005 0.094106
vt 0.838300 0.061407
vt 0.830939 0.096907
vt 0.807861 0.078890
vt 0.820299 0.098239
vt 0.457733 0.634708
vt 0.454675 0.619584
vt 0.732682 0.392549
vt 0.722616 0.378937
vt 0.739320 0.385960
vt 0.845380 0.058077
vt 0.854950 0.052118
vt 0.453499 0.640934
vt 0.827123 0.106330
vt 0.861667 0.096712
vt 0.806058 0.082727
vt 0.929719 0.080914
vt 0.936395 0.077377
vt 0.863400 0.118047
vt 0.837994 0.121132
vt 0.873581 0.114190
vt 0.841841 0.124697
vt 0.847442 0.128160
vt 0.852724 0.130537
vt 0.482782 0.667352
vt 0.413554 0.191235
vt 0.415565 0.176190
vt 0.416901 0.185435
vt 0.933905 0.013190
vt 0.926755 0.002377
vt 0.937861 0.008751
vt 0.942573 0.006731
vt 0.955238 0.016590
vt 0.948351 0.020289
vt 0.944022 0.031396
vt 0.949052 0.054004
vt 0.946377 0.041849
vt 0.963255 0.049649
vt 0.731767 0.614397
vt 0.959954 0.033403
vt 0.951980 0.030469
vt 0.959336 0.027495
vt 0.957464 0.022315
vt 0.951675 0.009893
vt 0.954586 0.014375
vt 0.387184 0.872113
vt 0.394403 0.867238
vt 0.399540 0.885237
vt 0.818200 0.814281
vt 0.794124 0.826018
vt 0.818838 0.806418
vt 0.455212 0.244666
vt 0.452730 0.229392
vt 0.463579 0.252031
vt 0.989638 0.205158
vt 0.989744 0.209573
vt 0.977814 0.203215
vt 0.370377 0.927065
vt 0.376291 0.899572
vt 0.380542 0.921726
vt 0.960694 0.271511
vt 0.966370 0.272584
vt 0.948494 0.279023
vt 0.937216 0.043104
vt 0.706863 0.815846
vt 0.472418 0.693091
vt 0.461549 0.667884
vt 0.478976 0.662134
vt 0.416207 0.844893
vt 0.497552 0.222142
vt 0.494990 0.215458
vt 0.498882 0.213501
vt 0.497991 0.211877
vt 0.498989 0.226997
vt 0.490655 0.246248
vt 0.650379 0.245966
vt 0.677696 0.593160
vt 0.647688 0.224548
vt 0.480681 0.261145
vt 0.471040 0.253320
vt 0.478246 0.255441
vt 0.791301 0.085922
vt 0.759984 0.455585
vt 0.476655 0.875239
vt 0.472940 0.894126
vt 0.474451 0.870575
vt 0.481686 0.811773
vt 0.478376 0.802882
vt 0.490406 0.799658
vt 0.485255 0.809318
vt 0.785570 0.063054
vt 0.796031 0.080481
vt 0.494487 0.784849
vt 0.494297 0.793854
vt 0.469416 0.878559
vt 0.469908 0.894366
vt 0.653983 0.087596
vt 0.995471 0.206506
vt 0.496183 0.744610
vt 0.912979 0.474288
vt 0.919147 0.475857
vt 0.917821 0.476407
vt 0.755675 0.606963
vt 0.757053 0.610231
vt 0.802142 0.621147
vt 0.797360 0.630489
vt 0.456444 0.671206
vt 0.453990 0.653285
vt 0.458939 0.656230
vt 0.413347 0.150700
vt 0.413945 0.159355
vt 0.411309 0.158616
vt 0.495616 0.213020
vt 0.408532 0.875820
vt 0.409096 0.858961
vt 0.411579 0.869385
vt 0.487668 0.235537
vt 0.486849 0.242043
vt 0.933913 0.888471
vt 0.936929 0.893108
vt 0.933178 0.896467
vt 0.927563 0.209715
vt 0.937671 0.201902
vt 0.944966 0.204248
vt 0.501924 0.242068
vt 0.502268 0.256221
vt 0.496584 0.257390
vt 0.510229 0.253039
vt 0.514110 0.252198
vt 0.513635 0.259921
vt 0.494073 0.262754
vt 0.460278 0.832992
vt 0.465746 0.832477
vt 0.474964 0.823227
vt 0.469926 0.822389
vt 0.472513 0.809518
vt 0.888599 0.200035
vt 0.893709 0.200427
vt 0.908885 0.174610
vt 0.912118 0.177123
vt 0.909524 0.184904
vt 0.688938 0.829412
vt 0.685754 0.827391
vt 0.497396 0.784685
vt 0.500429 0.792245
vt 0.500098 0.734009
vt 0.501986 0.725922
vt 0.951815 0.879384
vt 0.952107 0.867417
vt 0.953308 0.876867
vt 0.500099 0.840426
vt 0.873240 0.146218
vt 0.944417 0.303463
vt 0.936122 0.303789
vt 0.948350 0.290434
vt 0.927774 0.626329
vt 0.935589 0.628048
vt 0.929142 0.641814
vt 0.892484 0.117216
vt 0.881595 0.119148
vt 0.882296 0.111079
vt 0.930862 0.618252
vt 0.935897 0.622643
vt 0.818911 0.146813
vt 0.818167 0.155567
vt 0.809795 0.131079
vt 0.991733 0.676986
vt 0.986902 0.661957
vt 0.993883 0.664189
vt 0.506955 0.652503
vt 0.502415 0.672592
vt 0.498246 0.664282
vt 0.990112 0.687528
vt 0.987002 0.692197
vt 0.981843 0.681974
vt 0.980360 0.674940
vt 0.981107 0.663417
vt 0.619083 0.744968
vt 0.307312 0.135782
vt 0.309940 0.129364
vt 0.309382 0.147883
vt 0.713311 0.594819
vt 0.718110 0.591443
vt 0.717801 0.596779
vt 0.293171 0.111318
vt 0.296078 0.121139
vt 0.286262 0.110926
vt 0.322468 0.085869
vt 0.334716 0.084720
vt 0.325239 0.094930
vt 0.247244 0.081063
vt 0.260778 0.079296
vt 0.258745 0.088383
vt 0.157507 0.160755
vt 0.164603 0.173414
vt 0.154732 0.167572
vt 0.451587 0.664021
vt 0.404261 0.854771
vt 0.410717 0.850292
vt 0.405406 0.866560
vt 0.543643 0.649310
vt 0.475854 0.815527
vt 0.481023 0.825308
vt 0.499688 0.805635
vt 0.502947 0.735314
vt 0.504017 0.729684
vt 0.750023 0.495329
vt 0.296720 0.078060
vt 0.298792 0.080020
vt 0.302437 0.089797
vt 0.301360 0.082776
vt 0.303917 0.085471
vt 0.504775 0.714332
vt 0.121725 0.287138
vt 0.118194 0.278597
vt 0.733517 0.346232
vt 0.190361 0.175990
vt 0.184898 0.160281
vt 0.190973 0.158116
vt 0.500485 0.449180
vt 0.496965 0.446525
vt 0.498328 0.434445
vt 0.269681 0.046212
vt 0.253175 0.036041
vt 0.259405 0.037987
vt 0.109092 0.343472
vt 0.089957 0.348132
vt 0.109387 0.337912
vt 0.444942 0.653875
vt 0.444669 0.655523
vt 0.402201 0.860458
vt 0.486457 0.257122
vt 0.509929 0.264345
vt 0.834653 0.412639
vt 0.837642 0.411783
vt 0.471775 0.837123
vt 0.476881 0.835512
vt 0.200382 0.453821
vt 0.200355 0.460100
vt 0.199080 0.454412
vt 0.880558 0.659803
vt 0.890281 0.664504
vt 0.897113 0.657295
vt 0.897558 0.636537
vt 0.459538 0.607194
vt 0.452163 0.624771
vt 0.898014 0.642317
vt 0.913589 0.265630
vt 0.909864 0.267839
vt 0.916746 0.254941
vt 0.972619 0.240810
vt 0.980370 0.247020
vt 0.962875 0.249631
vt 0.981428 0.236983
vt 0.201599 0.448017
vt 0.199655 0.447805
vt 0.051138 0.797771
vt 0.057105 0.777710
vt 0.064026 0.792134
vt 0.056552 0.798479
vt 0.307213 0.673853
vt 0.309825 0.666127
vt 0.309155 0.676259
vt 0.919497 0.156810
vt 0.940529 0.154812
vt 0.925769 0.164493
vt 0.947269 0.147629
vt 0.929550 0.149507
vt 0.918365 0.144106
vt 0.892923 0.168425
vt 0.887571 0.161340
vt 0.878867 0.156295
vt 0.887444 0.149891
vt 0.922348 0.195412
vt 0.933714 0.183375
vt 0.082142 0.464687
vt 0.089895 0.463052
vt 0.088649 0.473793
vt 0.941140 0.167350
vt 0.878812 0.106762
vt 0.881065 0.091459
vt 0.417122 0.192578
vt 0.050418 0.807977
vt 0.976807 0.069163
vt 0.960178 0.076159
vt 0.967542 0.058368
vt 0.974065 0.077126
vt 0.966291 0.085837
vt 0.446892 0.230287
vt 0.442239 0.228073
vt 0.447410 0.222625
vt 0.957326 0.089003
vt 0.947987 0.080828
vt 0.906904 0.013282
vt 0.912207 0.012992
vt 0.918861 0.016133
vt 0.952502 0.075075
vt 0.953162 0.093124
vt 0.903857 0.020315
vt 0.894906 0.019053
vt 0.944639 0.086965
vt 0.939068 0.071382
vt 0.887133 0.024061
vt 0.881746 0.028127
vt 0.938553 0.082831
vt 0.883071 0.037859
vt 0.935217 0.081764
vt 0.835192 0.684577
vt 0.841030 0.674229
vt 0.838746 0.694845
vt 0.873754 0.035850
vt 0.876734 0.035918
vt 0.898639 0.068461
vt 0.923348 0.063084
vt 0.926851 0.079190
vt 0.915708 0.068418
vt 0.914243 0.077110
vt 0.775394 0.800147
vt 0.779222 0.806620
vt 0.905209 0.072447
vt 0.783195 0.804756
vt 0.896322 0.077345
vt 0.900675 0.084721
vt 0.885500 0.091033
vt 0.896121 0.090687
vt 0.884342 0.104032
vt 0.891049 0.097084
vt 0.861002 0.133945
vt 0.861033 0.125150
vt 0.888001 0.121566
vt 0.706335 0.588773
vt 0.712271 0.589281
vt 0.972875 0.132317
vt 0.976581 0.123192
vt 0.977582 0.138404
vt 0.865869 0.137274
vt 0.506469 0.723881
vt 0.463878 0.257428
vt 0.895183 0.123403
vt 0.745122 0.640724
vt 0.750823 0.645866
vt 0.742551 0.645146
vt 0.040130 0.845985
vt 0.031255 0.835761
vt 0.030905 0.827962
vt 0.972804 0.144846
vt 0.874469 0.148127
vt 0.896234 0.143688
vt 0.966701 0.132875
vt 0.978881 0.153058
vt 0.901795 0.133846
vt 0.910907 0.138714
vt 0.960540 0.135030
vt 0.980639 0.162824
vt 0.744912 0.647565
vt 0.944688 0.437610
vt 0.952406 0.420844
vt 0.922931 0.139827
vt 0.935559 0.141502
vt 0.942670 0.141935
vt 0.926780 0.015008
vt 0.897212 0.157560
vt 0.479959 0.873256
vt 0.475561 0.899215
vt 0.878042 0.173443
vt 0.889808 0.174047
vt 0.877863 0.181833
vt 0.372126 0.748178
vt 0.373845 0.755472
vt 0.351060 0.747284
vt 0.944753 0.179005
vt 0.967865 0.258984
vt 0.975310 0.253075
vt 0.973170 0.255200
vt 0.929053 0.352748
vt 0.926154 0.348262
vt 0.934761 0.341770
vt 0.950940 0.243483
vt 0.762720 0.398369
vt 0.773641 0.376606
vt 0.769720 0.389857
vt 0.909237 0.164925
vt 0.969676 0.237876
vt 0.955646 0.259796
vt 0.871683 0.267239
vt 0.886647 0.278168
vt 0.881317 0.277748
vt 0.900415 0.164281
vt 0.892860 0.270015
vt 0.882696 0.256732
vt 0.869054 0.242848
vt 0.860853 0.237915
vt 0.861372 0.252820
vt 0.928820 0.174117
vt 0.923586 0.168874
vt 0.973580 0.233467
vt 0.945369 0.231254
vt 0.937368 0.250970
vt 0.946421 0.259379
vt 0.892215 0.278729
vt 0.866224 0.260042
vt 0.876390 0.196310
vt 0.484120 0.871768
vt 0.496483 0.850471
vt 0.940112 0.259780
vt 0.920654 0.262397
vt 0.377142 0.752477
vt 0.895650 0.278666
vt 0.893518 0.190650
vt 0.948585 0.239132
vt 0.944776 0.241691
vt 0.902665 0.259639
vt 0.904111 0.273200
vt 0.899387 0.278812
vt 0.878656 0.220952
vt 0.866434 0.220074
vt 0.918499 0.181053
vt 0.905923 0.247548
vt 0.874513 0.203912
vt 0.932630 0.244030
vt 0.900352 0.255044
vt 0.903049 0.250073
vt 0.899907 0.249027
vt 0.871557 0.210929
vt 0.934770 0.240645
vt 0.908721 0.236032
vt 0.911837 0.190053
vt 0.939500 0.224573
vt 0.903442 0.245830
vt 0.897069 0.239814
vt 0.344907 0.865002
vt 0.346909 0.840335
vt 0.350779 0.852132
vt 0.933255 0.211009
vt 0.906816 0.229585
vt 0.901462 0.233982
vt 0.897102 0.225721
vt 0.899781 0.217476
vt 0.296310 0.106185
vt 0.924122 0.841246
vt 0.927476 0.835168
vt 0.920338 0.846988
vt 0.897864 0.232115
vt 0.895494 0.232289
vt 0.507363 0.669302
vt 0.901479 0.243361
vt 0.908166 0.200684
vt 0.914227 0.208106
vt 0.912124 0.225465
vt 0.910167 0.219264
vt 0.900030 0.206750
vt 0.499886 0.643789
vt 0.971242 0.428404
vt 0.970635 0.430183
vt 0.949856 0.710907
vt 0.946304 0.718727
vt 0.937710 0.714874
vt 0.949516 0.443762
vt 0.946886 0.460210
vt 0.960643 0.441464
vt 0.973211 0.440865
vt 0.970233 0.450358
vt 0.978503 0.444035
vt 0.983836 0.444550
vt 0.984822 0.447534
vt 0.980335 0.439512
vt 0.907444 0.444678
vt 0.893229 0.443370
vt 0.891552 0.438936
vt 0.906203 0.454644
vt 0.913953 0.460966
vt 0.893595 0.450731
vt 0.901885 0.466894
vt 0.903080 0.471798
vt 0.891506 0.467208
vt 0.293933 0.075853
vt 0.182023 0.248493
vt 0.181654 0.239623
vt 0.189229 0.243670
vt 0.509398 0.671021
vt 0.509685 0.664204
vt 0.912109 0.893702
vt 0.958263 0.356066
vt 0.942391 0.348527
vt 0.956505 0.349375
vt 0.954804 0.342291
vt 0.966466 0.348114
vt 0.985331 0.343474
vt 0.981968 0.351221
vt 0.923686 0.617842
vt 0.929547 0.610638
vt 0.309062 0.160273
vt 0.991850 0.282728
vt 0.983380 0.288408
vt 0.980443 0.282112
vt 0.921975 0.577271
vt 0.923274 0.569156
vt 0.924914 0.581708
vt 0.181282 0.205139
vt 0.187553 0.224831
vt 0.177696 0.209141
vt 0.921621 0.595820
vt 0.922089 0.584613
vt 0.389265 0.918045
vt 0.385115 0.920431
vt 0.388882 0.913741
vt 0.431769 0.042278
vt 0.436510 0.070699
vt 0.456363 0.080174
vt 0.430484 0.044760
vt 0.455397 0.075702
vt 0.447707 0.071288
vt 0.436740 0.048314
vt 0.437486 0.059223
vt 0.442550 0.051213
vt 0.448604 0.621735
vt 0.443658 0.055307
vt 0.388670 0.896182
vt 0.454175 0.068972
vt 0.446738 0.057251
vt 0.028917 0.159347
vt 0.021568 0.159084
vt 0.025369 0.151296
vt 0.361956 0.898301
vt 0.366895 0.886838
vt 0.370922 0.893157
vt 0.251873 0.043231
vt 0.441823 0.065285
vt 0.448140 0.060672
vt 0.249629 0.054190
vt 0.254788 0.058114
vt 0.386342 0.863770
vt 0.392937 0.862761
vt 0.356184 0.048637
vt 0.341720 0.046400
vt 0.346742 0.043058
vt 0.344509 0.056685
vt 0.336408 0.050365
vt 0.266030 0.063975
vt 0.722211 0.822104
vt 0.351903 0.902856
vt 0.355256 0.918934
vt 0.348423 0.909136
vt 0.364653 0.914143
vt 0.448142 0.238366
vt 0.421343 0.242596
vt 0.440088 0.232050
vt 0.439921 0.241720
vt 0.247541 0.070159
vt 0.276149 0.055189
vt 0.242997 0.873387
vt 0.246921 0.877243
vt 0.239802 0.881702
vt 0.160520 0.187344
vt 0.167089 0.196044
vt 0.161314 0.197540
vt 0.325228 0.061964
vt 0.331810 0.054715
vt 0.359685 0.055504
vt 0.257909 0.069965
vt 0.282511 0.063788
vt 0.413739 0.170717
vt 0.410846 0.167686
vt 0.414470 0.165579
vt 0.452874 0.252253
vt 0.398557 0.859351
vt 0.275713 0.076020
vt 0.286090 0.068434
vt 0.290276 0.072784
vt 0.964400 0.754227
vt 0.961098 0.753590
vt 0.959152 0.745942
vt 0.351098 0.920953
vt 0.352708 0.929869
vt 0.361362 0.932235
vt 0.347580 0.075912
vt 0.360612 0.059996
vt 0.277413 0.086182
vt 0.029530 0.107638
vt 0.045801 0.090838
vt 0.043518 0.100542
vt 0.322834 0.074971
vt 0.323329 0.065195
vt 0.283047 0.092685
vt 0.362275 0.083596
vt 0.360675 0.950163
vt 0.351789 0.939338
vt 0.358421 0.934843
vt 0.373223 0.926386
vt 0.361853 0.070263
vt 0.248917 0.090202
vt 0.249183 0.094498
vt 0.286981 0.098804
vt 0.374083 0.946977
vt 0.343661 0.088372
vt 0.247973 0.085868
vt 0.255851 0.102448
vt 0.323221 0.089524
vt 0.351306 0.097786
vt 0.382274 0.943917
vt 0.362131 0.092610
vt 0.361810 0.099616
vt 0.379586 0.935495
vt 0.389065 0.937439
vt 0.378178 0.933166
vt 0.496288 0.267073
vt 0.766283 0.695713
vt 0.327424 0.102264
vt 0.249203 0.100568
vt 0.283570 0.127447
vt 0.385390 0.933178
vt 0.380963 0.931717
vt 0.352019 0.101536
vt 0.353923 0.108253
vt 0.361552 0.104510
vt 0.437796 0.397505
vt 0.431535 0.406806
vt 0.427038 0.399745
vt 0.337880 0.116629
vt 0.334909 0.110883
vt 0.086507 0.371136
vt 0.098133 0.369163
vt 0.094732 0.379262
vt 0.362196 0.113826
vt 0.120986 0.382869
vt 0.120737 0.377089
vt 0.309414 0.154728
vt 0.328694 0.106540
vt 0.356334 0.117283
vt 0.954869 0.286609
vt 0.963110 0.280828
vt 0.992474 0.288818
vt 0.984587 0.274802
vt 0.988051 0.277826
vt 0.993831 0.290584
vt 0.985902 0.293263
vt 0.945913 0.601493
vt 0.940320 0.594422
vt 0.957908 0.584092
vt 0.262593 0.131727
vt 0.318767 0.128668
vt 0.122882 0.451512
vt 0.120391 0.456400
vt 0.105999 0.445577
vt 0.111350 0.454866
vt 0.115935 0.460993
vt 0.102940 0.457150
vt 0.350501 0.114028
vt 0.362748 0.118143
vt 0.953695 0.578911
vt 0.322201 0.164139
vt 0.319756 0.154397
vt 0.320674 0.148947
vt 0.321345 0.142064
vt 0.326081 0.133953
vt 0.331151 0.142692
vt 0.328589 0.123082
vt 0.322797 0.126674
vt 0.363992 0.120229
vt 0.361240 0.124234
vt 0.364541 0.123067
vt 0.364258 0.126589
vt 0.672170 0.597549
vt 0.508219 0.715582
vt 0.987393 0.318259
vt 0.968013 0.307716
vt 0.937311 0.617139
vt 0.276756 0.139279
vt 0.290633 0.139708
vt 0.285369 0.146010
vt 0.294214 0.148149
vt 0.298960 0.145310
vt 0.353974 0.138248
vt 0.365582 0.136622
vt 0.507169 0.708527
vt 0.946150 0.283844
vt 0.957017 0.293580
vt 0.250905 0.124605
vt 0.301213 0.146320
vt 0.340901 0.134434
vt 0.250422 0.130788
vt 0.293502 0.154019
vt 0.323914 0.157046
vt 0.509829 0.705431
vt 0.510060 0.682000
vt 0.937164 0.297042
vt 0.943395 0.289906
vt 0.989302 0.333372
vt 0.250179 0.140425
vt 0.272030 0.153527
vt 0.259572 0.161274
vt 0.251874 0.157208
vt 0.264183 0.157770
vt 0.292882 0.159104
vt 0.273280 0.160850
vt 0.365409 0.144989
vt 0.935514 0.636285
vt 0.913675 0.293294
vt 0.917362 0.283370
vt 0.929791 0.288126
vt 0.919351 0.626946
vt 0.922068 0.631505
vt 0.255579 0.152965
vt 0.985794 0.356273
vt 0.967824 0.360257
vt 0.362517 0.155418
vt 0.884966 0.291196
vt 0.890179 0.286329
vt 0.883403 0.303914
vt 0.893529 0.302649
vt 0.899851 0.298437
vt 0.901200 0.286893
vt 0.920199 0.297060
vt 0.927625 0.301828
vt 0.696508 0.940670
vt 0.703529 0.943540
vt 0.971087 0.342495
vt 0.944048 0.330733
vt 0.988186 0.361626
vt 0.937215 0.643289
vt 0.250899 0.148502
vt 0.356326 0.156525
vt 0.933907 0.860731
vt 0.889930 0.308153
vt 0.882205 0.315510
vt 0.882733 0.311258
vt 0.902479 0.301810
vt 0.913427 0.299992
vt 0.630329 0.964563
vt 0.632861 0.950788
vt 0.636391 0.972776
vt 0.940271 0.649772
vt 0.344165 0.165148
vt 0.911798 0.867695
vt 0.917286 0.865116
vt 0.936225 0.879882
vt 0.909387 0.303010
vt 0.974169 0.389861
vt 0.943055 0.668455
vt 0.928838 0.665627
vt 0.359254 0.166155
vt 0.358916 0.169043
vt 0.911330 0.873486
vt 0.882338 0.322625
vt 0.891610 0.320096
vt 0.882666 0.327755
vt 0.898528 0.304706
vt 0.922080 0.302878
vt 0.318302 0.712957
vt 0.311215 0.711588
vt 0.321429 0.701271
vt 0.943131 0.340930
vt 0.955261 0.364613
vt 0.946903 0.662254
vt 0.943605 0.887440
vt 0.940197 0.335486
vt 0.329747 0.716685
vt 0.308676 0.720825
vt 0.959075 0.375031
vt 0.891742 0.334796
vt 0.884791 0.337101
vt 0.953570 0.673809
vt 0.321583 0.728839
vt 0.331771 0.721148
vt 0.332421 0.727259
vt 0.888530 0.339150
vt 0.886134 0.351615
vt 0.953345 0.392835
vt 0.958196 0.396864
vt 0.754533 0.497247
vt 0.911779 0.911411
vt 0.912029 0.905041
vt 0.921211 0.916061
vt 0.310973 0.730563
vt 0.924617 0.896425
vt 0.911946 0.900193
vt 0.895916 0.348537
vt 0.897617 0.338837
vt 0.913802 0.337395
vt 0.942809 0.683359
vt 0.946808 0.695859
vt 0.956438 0.699662
vt 0.953876 0.704823
vt 0.957566 0.681597
vt 0.950297 0.682833
vt 0.734935 0.644065
vt 0.930058 0.904289
vt 0.931097 0.899805
vt 0.898107 0.342604
vt 0.905495 0.339970
vt 0.951013 0.690190
vt 0.959502 0.685668
vt 0.941571 0.909099
vt 0.510983 0.655884
vt 0.898916 0.355326
vt 0.922062 0.339609
vt 0.924253 0.686383
vt 0.944940 0.688640
vt 0.959513 0.693780
vt 0.961148 0.689820
vt 0.748115 0.620376
vt 0.975396 0.459463
vt 0.983350 0.462553
vt 0.920335 0.926716
vt 0.915473 0.924322
vt 0.921211 0.923048
vt 0.946924 0.905585
vt 0.944760 0.893554
vt 0.899929 0.491600
vt 0.910234 0.487067
vt 0.907598 0.489657
vt 0.902681 0.491180
vt 0.897071 0.489585
vt 0.890685 0.482832
vt 0.903005 0.481966
vt 0.893408 0.477959
vt 0.922148 0.342851
vt 0.977469 0.463188
vt 0.986335 0.452142
vt 0.987266 0.456919
vt 0.916483 0.927499
vt 0.935532 0.919375
vt 0.914858 0.919912
vt 0.952512 0.898414
vt 0.886466 0.357813
vt 0.915630 0.348827
vt 0.901711 0.344213
vt 0.914514 0.343525
vt 0.941646 0.354941
vt 0.929993 0.358236
vt 0.944515 0.404202
vt 0.957531 0.403991
vt 0.922596 0.697605
vt 0.965851 0.463765
vt 0.964779 0.458993
vt 0.929641 0.925725
vt 0.931176 0.922773
vt 0.948245 0.471549
vt 0.960820 0.465523
vt 0.942198 0.362215
vt 0.915494 0.361960
vt 0.897089 0.363657
vt 0.899959 0.358948
vt 0.949956 0.834704
vt 0.945636 0.825262
vt 0.948084 0.823580
vt 0.954693 0.834542
vt 0.916986 0.694840
vt 0.939348 0.708822
vt 0.951977 0.820907
vt 0.943997 0.914396
vt 0.946316 0.479322
vt 0.937787 0.481905
vt 0.947680 0.477985
vt 0.935330 0.478328
vt 0.898118 0.368663
vt 0.886210 0.368559
vt 0.925569 0.363503
vt 0.942191 0.375756
vt 0.928631 0.373029
vt 0.923412 0.370651
vt 0.926628 0.699060
vt 0.739461 0.012903
vt 0.740792 0.005919
vt 0.746753 0.008351
vt 0.742969 0.004581
vt 0.447489 0.644253
vt 0.886289 0.377798
vt 0.907671 0.369133
vt 0.958356 0.410222
vt 0.962181 0.408225
vt 0.963280 0.416103
vt 0.955887 0.412984
vt 0.962969 0.417735
vt 0.976111 0.435704
vt 0.935274 0.462791
vt 0.895508 0.377230
vt 0.896686 0.384433
vt 0.902338 0.372562
vt 0.910213 0.377640
vt 0.975227 0.411363
vt 0.932774 0.703256
vt 0.955542 0.451402
vt 0.932521 0.474642
vt 0.904629 0.470279
vt 0.883959 0.462061
vt 0.876452 0.456419
vt 0.884611 0.455886
vt 0.404240 0.893636
vt 0.477290 0.614434
vt 0.933632 0.379572
vt 0.920693 0.368985
vt 0.959665 0.425718
vt 0.932935 0.715698
vt 0.964886 0.426460
vt 0.972328 0.432413
vt 0.979043 0.437259
vt 0.954381 0.459458
vt 0.408123 0.897567
vt 0.922763 0.472125
vt 0.915913 0.469911
vt 0.877007 0.450754
vt 0.877512 0.443807
vt 0.879152 0.434636
vt 0.886133 0.444179
vt 0.410015 0.881575
vt 0.883971 0.397027
vt 0.891516 0.401703
vt 0.883045 0.401932
vt 0.885691 0.384970
vt 0.895081 0.391918
vt 0.907734 0.380798
vt 0.921973 0.383571
vt 0.974191 0.434488
vt 0.756581 0.500344
vt 0.773412 0.700645
vt 0.623744 0.566380
vt 0.929900 0.472257
vt 0.924672 0.463654
vt 0.930280 0.466089
vt 0.914421 0.464927
vt 0.926063 0.470537
vt 0.915972 0.457691
vt 0.886011 0.439662
vt 0.893267 0.407391
vt 0.882347 0.404918
vt 0.903910 0.387897
vt 0.913310 0.395026
vt 0.940151 0.390246
vt 0.932516 0.391150
vt 0.612189 0.559404
vt 0.880315 0.419851
vt 0.879243 0.428875
vt 0.881238 0.410610
vt 0.900191 0.405523
vt 0.315249 0.847286
vt 0.315005 0.835949
vt 0.321781 0.828043
vt 0.916912 0.389255
vt 0.921218 0.389127
vt 0.922570 0.451473
vt 0.893865 0.434515
vt 0.893836 0.429254
vt 0.905693 0.397723
vt 0.930385 0.399584
vt 0.924769 0.393163
vt 0.931461 0.403223
vt 0.915728 0.453230
vt 0.568322 0.571108
vt 0.933899 0.408272
vt 0.935740 0.447608
vt 0.916609 0.447066
vt 0.914155 0.446652
vt 0.918704 0.441001
vt 0.918043 0.436580
vt 0.923113 0.406569
vt 0.921861 0.410732
vt 0.940920 0.411311
vt 0.261615 0.877843
vt 0.274896 0.872260
vt 0.279342 0.885230
vt 0.909032 0.423620
vt 0.907585 0.426782
vt 0.920619 0.422362
vt 0.923165 0.414550
vt 0.930076 0.413516
vt 0.924623 0.420217
vt 0.922005 0.443498
vt 0.939042 0.420213
vt 0.932632 0.423908
vt 0.931509 0.447085
vt 0.935485 0.433839
vt 0.922892 0.435608
vt 0.918745 0.432272
vt 0.916301 0.425935
vt 0.920652 0.426018
vt 0.427127 0.793538
vt 0.431189 0.795525
vt 0.427569 0.798819
vt 0.439297 0.777183
vt 0.427698 0.784674
vt 0.428686 0.777377
vt 0.458692 0.771127
vt 0.455008 0.780529
vt 0.474746 0.772014
vt 0.476975 0.760735
vt 0.478431 0.750680
vt 0.439769 0.733372
vt 0.443005 0.744493
vt 0.435067 0.748458
vt 0.431878 0.735117
vt 0.428012 0.741588
vt 0.428162 0.733825
vt 0.428396 0.725050
vt 0.434719 0.727788
vt 0.454552 0.714508
vt 0.469647 0.735630
vt 0.453143 0.722097
vt 0.467320 0.699427
vt 0.470092 0.723062
vt 0.466142 0.797892
vt 0.780110 0.069648
vt 0.780970 0.059136
vt 0.537357 0.558642
vt 0.523760 0.566754
vt 0.531653 0.570171
vt 0.524568 0.577322
vt 0.185292 0.944937
vt 0.181650 0.944248
vt 0.183879 0.940296
vt 0.179829 0.951667
vt 0.161847 0.950753
vt 0.170628 0.925017
vt 0.178137 0.930302
vt 0.447698 0.277602
vt 0.440134 0.283659
vt 0.437133 0.282094
vt 0.484869 0.515734
vt 0.495400 0.512263
vt 0.488719 0.517609
vt 0.484722 0.510257
vt 0.491954 0.510051
vt 0.888080 0.581893
vt 0.888648 0.585619
vt 0.883494 0.586629
vt 0.872467 0.609649
vt 0.875170 0.601389
vt 0.876420 0.616206
vt 0.873235 0.599859
vt 0.871451 0.603992
vt 0.243156 0.632015
vt 0.250639 0.636621
vt 0.238741 0.656718
vt 0.251034 0.605081
vt 0.250363 0.615274
vt 0.241636 0.614517
vt 0.251508 0.587676
vt 0.261162 0.590176
vt 0.244075 0.597190
vt 0.662208 0.974387
vt 0.644675 0.979013
vt 0.657456 0.966591
vt 0.658057 0.962105
vt 0.680531 0.962622
vt 0.645260 0.961274
vt 0.657233 0.957448
vt 0.618170 0.976422
vt 0.625412 0.980781
vt 0.609869 0.983970
vt 0.607470 0.988277
vt 0.576800 0.981186
vt 0.249107 0.461530
vt 0.257111 0.458122
vt 0.250681 0.479238
vt 0.251679 0.447052
vt 0.930505 0.842099
vt 0.930997 0.823641
vt 0.923875 0.804370
vt 0.943668 0.805030
vt 0.939122 0.799824
vt 0.943163 0.798814
vt 0.943597 0.763325
vt 0.949733 0.764179
vt 0.947456 0.765198
vt 0.951687 0.759292
vt 0.955313 0.763183
vt 0.668182 0.591118
vt 0.655498 0.586030
vt 0.239924 0.892921
vt 0.232636 0.916920
vt 0.225503 0.921171
vt 0.223646 0.940625
vt 0.221547 0.944137
vt 0.225409 0.946027
vt 0.222121 0.946335
vt 0.648860 0.581089
vt 0.651780 0.578581
vt 0.650420 0.582329
vt 0.714835 0.023501
vt 0.720732 0.023536
vt 0.727801 0.039981
vt 0.624077 0.548831
vt 0.625694 0.537788
vt 0.634331 0.541729
vt 0.598113 0.527605
vt 0.592404 0.530655
vt 0.592046 0.525482
vt 0.586168 0.526417
vt 0.751674 0.496341
vt 0.752825 0.499773
vt 0.750264 0.496854
vt 0.653837 0.091227
vt 0.670934 0.109648
vt 0.676671 0.119697
vt 0.669766 0.116627
vt 0.763966 0.633228
vt 0.746555 0.626595
vt 0.762029 0.638771
vt 0.741042 0.662362
vt 0.758052 0.661402
vt 0.748483 0.668668
vt 0.827926 0.650609
vt 0.812162 0.639439
vt 0.827820 0.628576
vt 0.832628 0.625107
vt 0.842464 0.650006
vt 0.832499 0.650885
vt 0.837851 0.667626
vt 0.544419 0.263035
vt 0.563911 0.290304
vt 0.556738 0.291124
vt 0.553411 0.287191
vt 0.547151 0.275084
vt 0.771827 0.732786
vt 0.762667 0.726598
vt 0.774815 0.728533
vt 0.768096 0.738399
vt 0.751721 0.728776
vt 0.750366 0.736726
vt 0.736986 0.744466
vt 0.762527 0.752984
vt 0.516600 0.154207
vt 0.523481 0.177974
vt 0.517860 0.163580
vt 0.535192 0.188184
vt 0.548231 0.230602
vt 0.549509 0.232577
vt 0.547324 0.237070
vt 0.567842 0.252794
vt 0.548179 0.250158
vt 0.552050 0.232774
vt 0.611170 0.288389
vt 0.577255 0.303133
vt 0.578297 0.278025
vt 0.791522 0.813854
vt 0.811481 0.756046
vt 0.785881 0.753917
vt 0.790184 0.743315
vt 0.971765 0.207613
vt 0.778748 0.689880
vt 0.805389 0.690431
vt 0.817142 0.679451
vt 0.829662 0.696079
vt 0.823914 0.762090
vt 0.822179 0.741047
vt 0.830294 0.739979
vt 0.817680 0.759716
vt 0.820132 0.771961
vt 0.785285 0.780132
vt 0.782103 0.768503
vt 0.648419 0.282909
vt 0.650888 0.279529
vt 0.450834 0.609691
vt 0.655047 0.286496
vt 0.686785 0.295405
vt 0.675146 0.314221
vt 0.675123 0.310908
vt 0.616145 0.103033
vt 0.596889 0.108667
vt 0.607617 0.099912
vt 0.629061 0.114842
vt 0.648513 0.124370
vt 0.650054 0.119406
vt 0.651964 0.124741
vt 0.658798 0.118086
vt 0.656505 0.117207
vt 0.662094 0.115776
vt 0.662822 0.122216
vt 0.664023 0.115786
vt 0.668088 0.122646
vt 0.656872 0.121896
vt 0.660548 0.121431
vt 0.658263 0.123666
vt 0.664886 0.136575
vt 0.663539 0.161810
vt 0.671172 0.159474
vt 0.655806 0.125283
vt 0.658391 0.162150
vt 0.668880 0.173937
vt 0.671779 0.182912
vt 0.666561 0.177274
vt 0.684258 0.128224
vt 0.681733 0.118454
vt 0.691191 0.152028
vt 0.673476 0.125802
vt 0.685794 0.155942
vt 0.678399 0.170976
vt 0.665218 0.187701
vt 0.654656 0.193976
vt 0.680548 0.185456
vt 0.699450 0.247241
vt 0.695748 0.253209
vt 0.694119 0.237237
vt 0.698403 0.259751
vt 0.692951 0.270160
vt 0.705065 0.257339
vt 0.700322 0.274692
vt 0.731707 0.220054
vt 0.705817 0.233897
vt 0.714993 0.222316
vt 0.733106 0.237859
vt 0.714734 0.241686
vt 0.743466 0.239233
vt 0.716408 0.244669
vt 0.731727 0.305198
vt 0.737718 0.296170
vt 0.736401 0.320179
vt 0.732545 0.329264
vt 0.731838 0.325525
vt 0.719063 0.359371
vt 0.725841 0.352778
vt 0.733893 0.355949
vt 0.728575 0.371684
vt 0.778533 0.364193
vt 0.782816 0.363199
vt 0.779199 0.372879
vt 0.729316 0.340668
vt 0.710760 0.358272
vt 0.713634 0.362324
vt 0.729631 0.331980
vt 0.714936 0.371024
vt 0.716026 0.386541
vt 0.705697 0.389068
vt 0.706592 0.384956
vt 0.728035 0.316316
vt 0.729171 0.322346
vt 0.718579 0.381627
vt 0.720545 0.380289
vt 0.719445 0.385744
vt 0.747439 0.405838
vt 0.733142 0.396848
vt 0.742468 0.805121
vt 0.735711 0.815721
vt 0.717978 0.321773
vt 0.712096 0.342353
vt 0.448690 0.612741
vt 0.706177 0.375013
vt 0.709206 0.379857
vt 0.723978 0.388878
vt 0.740903 0.817395
vt 0.768828 0.817468
vt 0.769313 0.823829
vt 0.739989 0.320019
vt 0.767650 0.825990
vt 0.614510 0.085108
vt 0.619220 0.091307
vt 0.698224 0.305070
vt 0.750789 0.321914
vt 0.741904 0.316466
vt 0.774254 0.320700
vt 0.730552 0.290863
vt 0.699172 0.295166
vt 0.701811 0.384159
vt 0.775250 0.822629
vt 0.777898 0.813551
vt 0.476557 0.852736
vt 0.690070 0.320183
vt 0.704663 0.337296
vt 0.783499 0.810921
vt 0.788949 0.324471
vt 0.743597 0.303723
vt 0.777637 0.300302
vt 0.692760 0.310001
vt 0.430163 0.773197
vt 0.751481 0.289397
vt 0.747087 0.295690
vt 0.706917 0.285158
vt 0.697732 0.345409
vt 0.702858 0.391295
vt 0.783240 0.813491
vt 0.428242 0.749681
vt 0.429317 0.761153
vt 0.688039 0.303735
vt 0.677984 0.322922
vt 0.444071 0.615441
vt 0.798447 0.308226
vt 0.764901 0.288427
vt 0.726621 0.276063
vt 0.754746 0.282456
vt 0.715876 0.261334
vt 0.728763 0.262410
vt 0.682490 0.328994
vt 0.672578 0.341279
vt 0.695194 0.290097
vt 0.686372 0.290014
vt 0.684947 0.353442
vt 0.569946 0.121041
vt 0.573916 0.116791
vt 0.574363 0.120775
vt 0.757259 0.262150
vt 0.708913 0.269699
vt 0.703893 0.279283
vt 0.665715 0.329060
vt 0.660703 0.870705
vt 0.666009 0.864534
vt 0.669211 0.865961
vt 0.776278 0.278458
vt 0.690982 0.268053
vt 0.691669 0.282474
vt 0.654001 0.323955
vt 0.653607 0.332182
vt 0.664339 0.339513
vt 0.661064 0.351939
vt 0.701999 0.366350
vt 0.814156 0.795289
vt 0.804226 0.300199
vt 0.805388 0.286133
vt 0.786962 0.290626
vt 0.753494 0.250576
vt 0.813631 0.783115
vt 0.738732 0.732778
vt 0.662837 0.276103
vt 0.651228 0.344355
vt 0.630362 0.118283
vt 0.630410 0.128677
vt 0.625903 0.126113
vt 0.696703 0.273169
vt 0.644806 0.333426
vt 0.821638 0.790072
vt 0.798171 0.294521
vt 0.642516 0.355195
vt 0.640578 0.342767
vt 0.825826 0.782682
vt 0.438212 0.752418
vt 0.437857 0.765887
vt 0.428762 0.766200
vt 0.768984 0.238883
vt 0.653317 0.275024
vt 0.639848 0.292211
vt 0.641237 0.287882
vt 0.620916 0.329714
vt 0.622064 0.351861
vt 0.611704 0.343067
vt 0.802705 0.738789
vt 0.789529 0.735321
vt 0.776310 0.724494
vt 0.433509 0.791638
vt 0.744157 0.726370
vt 0.707414 0.240990
vt 0.690997 0.247293
vt 0.659556 0.267183
vt 0.434253 0.230715
vt 0.622036 0.336640
vt 0.600318 0.346060
vt 0.594699 0.342316
vt 0.450485 0.746041
vt 0.755740 0.234095
vt 0.625108 0.295369
vt 0.631607 0.333965
vt 0.604461 0.327867
vt 0.815906 0.736703
vt 0.684549 0.185195
vt 0.629986 0.289732
vt 0.637459 0.288110
vt 0.446180 0.734460
vt 0.448864 0.729378
vt 0.797339 0.251012
vt 0.748077 0.228249
vt 0.670078 0.248601
vt 0.654758 0.270560
vt 0.655148 0.262326
vt 0.656951 0.260168
vt 0.820639 0.734527
vt 0.824386 0.735339
vt 0.800629 0.729236
vt 0.827619 0.731535
vt 0.438649 0.717039
vt 0.433034 0.713298
vt 0.777034 0.713268
vt 0.649288 0.203829
vt 0.669980 0.193883
vt 0.700409 0.237296
vt 0.688599 0.225549
vt 0.426826 0.805261
vt 0.631369 0.293125
vt 0.602032 0.321507
vt 0.582919 0.328052
vt 0.836976 0.722359
vt 0.733002 0.710032
vt 0.773281 0.235241
vt 0.782744 0.219799
vt 0.781478 0.232400
vt 0.701004 0.230644
vt 0.626794 0.282758
vt 0.633754 0.286411
vt 0.563410 0.302069
vt 0.571076 0.302807
vt 0.690180 0.204380
vt 0.688368 0.218616
vt 0.580308 0.317081
vt 0.767688 0.220775
vt 0.622770 0.288335
vt 0.818213 0.721468
vt 0.792732 0.711852
vt 0.841741 0.730325
vt 0.828474 0.715651
vt 0.797099 0.719393
vt 0.810808 0.712398
vt 0.795754 0.705213
vt 0.790743 0.696734
vt 0.782371 0.237770
vt 0.752677 0.213526
vt 0.693956 0.228904
vt 0.612983 0.283559
vt 0.604799 0.276770
vt 0.586654 0.315418
vt 0.835385 0.702709
vt 0.827236 0.709298
vt 0.731765 0.698567
vt 0.729835 0.679443
vt 0.792957 0.226516
vt 0.730978 0.203588
vt 0.791798 0.241499
vt 0.694178 0.199648
vt 0.813767 0.702613
vt 0.820978 0.713221
vt 0.447046 0.715162
vt 0.736687 0.675722
vt 0.802908 0.224814
vt 0.776293 0.204284
vt 0.759185 0.202474
vt 0.682931 0.201267
vt 0.747624 0.192112
vt 0.675894 0.189460
vt 0.645620 0.216303
vt 0.607970 0.275267
vt 0.617186 0.275759
vt 0.792826 0.206690
vt 0.712569 0.193816
vt 0.611426 0.270667
vt 0.601075 0.270487
vt 0.607623 0.267378
vt 0.568101 0.273103
vt 0.440097 0.800075
vt 0.429735 0.810425
vt 0.731805 0.184539
vt 0.590274 0.263746
vt 0.580970 0.254631
vt 0.559596 0.277595
vt 0.828702 0.666189
vt 0.772197 0.826795
vt 0.768962 0.827718
vt 0.825905 0.196635
vt 0.785512 0.190450
vt 0.769792 0.185281
vt 0.672112 0.188704
vt 0.596005 0.265560
vt 0.597687 0.260740
vt 0.456691 0.784238
vt 0.810381 0.195129
vt 0.604066 0.264694
vt 0.593626 0.258210
vt 0.591494 0.253760
vt 0.754956 0.173159
vt 0.703031 0.184655
vt 0.685466 0.193511
vt 0.839243 0.656387
vt 0.844109 0.665818
vt 0.823154 0.176715
vt 0.653460 0.162073
vt 0.588274 0.244897
vt 0.809277 0.663289
vt 0.821773 0.661020
vt 0.813966 0.665735
vt 0.738887 0.488195
vt 0.787163 0.170977
vt 0.711616 0.169893
vt 0.695111 0.172949
vt 0.640602 0.184118
vt 0.634776 0.201356
vt 0.642255 0.208362
vt 0.570609 0.234577
vt 0.544493 0.257165
vt 0.844081 0.656202
vt 0.815699 0.657020
vt 0.833343 0.656166
vt 0.818853 0.667765
vt 0.806588 0.666855
vt 0.804325 0.180679
vt 0.772455 0.168173
vt 0.746943 0.164527
vt 0.728146 0.164159
vt 0.812593 0.653366
vt 0.767197 0.665412
vt 0.582717 0.229679
vt 0.789572 0.659930
vt 0.777817 0.658037
vt 0.767974 0.645638
vt 0.735969 0.638638
vt 0.728428 0.620091
vt 0.750735 0.155625
vt 0.717628 0.160618
vt 0.704248 0.163217
vt 0.629384 0.197039
vt 0.439030 0.701083
vt 0.773483 0.150097
vt 0.739564 0.155501
vt 0.727886 0.155592
vt 0.709596 0.157370
vt 0.441282 0.816336
vt 0.674287 0.157651
vt 0.649151 0.149743
vt 0.655153 0.152983
vt 0.844064 0.623191
vt 0.845948 0.635188
vt 0.796720 0.653548
vt 0.731286 0.623605
vt 0.722319 0.152379
vt 0.450226 0.792808
vt 0.455948 0.799724
vt 0.678680 0.158023
vt 0.640476 0.156347
vt 0.624383 0.193012
vt 0.738563 0.626473
vt 0.796199 0.142783
vt 0.745902 0.147362
vt 0.736716 0.151577
vt 0.735762 0.144260
vt 0.693373 0.155714
vt 0.665377 0.123099
vt 0.661216 0.115300
vt 0.827114 0.571382
vt 0.844890 0.617585
vt 0.838989 0.620367
vt 0.819987 0.572082
vt 0.834163 0.619878
vt 0.826695 0.622177
vt 0.814645 0.629792
vt 0.738915 0.623161
vt 0.542324 0.707396
vt 0.761819 0.135103
vt 0.612546 0.166941
vt 0.780723 0.637098
vt 0.713598 0.138411
vt 0.694449 0.146057
vt 0.621579 0.175443
vt 0.619879 0.183971
vt 0.611234 0.188546
vt 0.611739 0.182366
vt 0.818080 0.621444
vt 0.814991 0.600265
vt 0.751656 0.131198
vt 0.653631 0.120047
vt 0.641424 0.146562
vt 0.586292 0.201046
vt 0.801610 0.593008
vt 0.777215 0.632728
vt 0.792102 0.629096
vt 0.784659 0.125186
vt 0.698851 0.136300
vt 0.695638 0.136777
vt 0.667718 0.112590
vt 0.635432 0.134161
vt 0.638701 0.140063
vt 0.634928 0.141027
vt 0.606311 0.171720
vt 0.811576 0.565014
vt 0.743559 0.120892
vt 0.598615 0.182067
vt 0.431296 0.822260
vt 0.428188 0.816848
vt 0.765162 0.617141
vt 0.746836 0.624865
vt 0.765989 0.114459
vt 0.716510 0.120436
vt 0.674850 0.109539
vt 0.672973 0.105226
vt 0.645380 0.122508
vt 0.622749 0.147204
vt 0.585253 0.180752
vt 0.545258 0.171073
vt 0.752456 0.599450
vt 0.752878 0.600245
vt 0.641101 0.121024
vt 0.572601 0.173911
vt 0.521660 0.156310
vt 0.808560 0.530759
vt 0.800392 0.564091
vt 0.790325 0.597796
vt 0.777503 0.606254
vt 0.755333 0.619338
vt 0.762129 0.613442
vt 0.753093 0.599111
vt 0.453199 0.762039
vt 0.643393 0.117177
vt 0.650896 0.116251
vt 0.630216 0.140981
vt 0.637200 0.148040
vt 0.519835 0.147680
vt 0.514174 0.148704
vt 0.794098 0.534222
vt 0.786503 0.601955
vt 0.758801 0.603219
vt 0.785884 0.101050
vt 0.731867 0.105289
vt 0.699342 0.120194
vt 0.694947 0.123703
vt 0.684799 0.117928
vt 0.676319 0.105617
vt 0.612610 0.142941
vt 0.535534 0.148603
vt 0.463539 0.746378
vt 0.797150 0.527728
vt 0.775785 0.587905
vt 0.755448 0.599933
vt 0.692364 0.120651
vt 0.658159 0.088604
vt 0.657902 0.084286
vt 0.658464 0.088284
vt 0.661777 0.090641
vt 0.664070 0.092735
vt 0.592767 0.148052
vt 0.567244 0.158571
vt 0.575856 0.158007
vt 0.520936 0.141023
vt 0.792467 0.522431
vt 0.793718 0.513040
vt 0.800313 0.523364
vt 0.664899 0.860439
vt 0.782963 0.577278
vt 0.769566 0.599008
vt 0.770851 0.590804
vt 0.767533 0.604461
vt 0.763993 0.603576
vt 0.755638 0.603536
vt 0.749219 0.596392
vt 0.748565 0.593551
vt 0.751923 0.597970
vt 0.749796 0.094176
vt 0.662013 0.101732
vt 0.659842 0.093298
vt 0.659184 0.094003
vt 0.662823 0.098412
vt 0.658873 0.090635
vt 0.642521 0.112503
vt 0.632916 0.107743
vt 0.617963 0.130112
vt 0.550706 0.136062
vt 0.536241 0.133109
vt 0.802665 0.498860
vt 0.808168 0.521838
vt 0.798780 0.490693
vt 0.785181 0.534571
vt 0.792877 0.572200
vt 0.782658 0.549563
vt 0.708389 0.104967
vt 0.696361 0.109457
vt 0.660962 0.107128
vt 0.657397 0.083983
vt 0.661413 0.089638
vt 0.574449 0.154037
vt 0.782974 0.521557
vt 0.781688 0.529307
vt 0.765282 0.567302
vt 0.759549 0.588790
vt 0.761122 0.587009
vt 0.764688 0.593711
vt 0.766954 0.593750
vt 0.754573 0.595910
vt 0.752767 0.597994
vt 0.751431 0.590298
vt 0.753544 0.594714
vt 0.692872 0.111433
vt 0.673774 0.100154
vt 0.664615 0.096467
vt 0.970609 0.665484
vt 0.970305 0.659011
vt 0.974101 0.664073
vt 0.648584 0.102467
vt 0.413777 0.115605
vt 0.415450 0.106799
vt 0.417637 0.117214
vt 0.636465 0.095161
vt 0.640913 0.107650
vt 0.626721 0.129988
vt 0.612902 0.116963
vt 0.599203 0.129298
vt 0.589500 0.144877
vt 0.574324 0.147586
vt 0.543539 0.133699
vt 0.770299 0.512426
vt 0.763117 0.506784
vt 0.767582 0.507002
vt 0.416677 0.108247
vt 0.777615 0.541060
vt 0.764789 0.587229
vt 0.761678 0.083412
vt 0.717868 0.089157
vt 0.688931 0.101536
vt 0.692966 0.106366
vt 0.656763 0.088146
vt 0.972332 0.657386
vt 0.754740 0.499937
vt 0.756992 0.502328
vt 0.754121 0.501289
vt 0.753660 0.502827
vt 0.752899 0.501206
vt 0.495880 0.886859
vt 0.770352 0.538891
vt 0.778444 0.546911
vt 0.764998 0.561761
vt 0.772986 0.545555
vt 0.757217 0.580885
vt 0.760734 0.570216
vt 0.694463 0.095470
vt 0.681632 0.093494
vt 0.686247 0.091001
vt 0.667050 0.096857
vt 0.654708 0.088622
vt 0.507344 0.872885
vt 0.641322 0.103710
vt 0.576965 0.135633
vt 0.547558 0.128843
vt 0.761774 0.509306
vt 0.756936 0.504687
vt 0.767015 0.517627
vt 0.759531 0.510104
vt 0.760997 0.531558
vt 0.776573 0.524759
vt 0.759863 0.561829
vt 0.745012 0.595242
vt 0.657024 0.084293
vt 0.646353 0.084043
vt 0.667103 0.082758
vt 0.650289 0.091176
vt 0.570372 0.144840
vt 0.553650 0.132291
vt 0.558126 0.126702
vt 0.545619 0.123481
vt 0.745755 0.585102
vt 0.737358 0.075435
vt 0.637881 0.080936
vt 0.641281 0.092849
vt 0.631104 0.088610
vt 0.578622 0.130167
vt 0.589451 0.114305
vt 0.574697 0.131852
vt 0.567467 0.124024
vt 0.558996 0.119201
vt 0.754554 0.504147
vt 0.752695 0.504619
vt 0.755437 0.509637
vt 0.764585 0.523411
vt 0.689189 0.818271
vt 0.753016 0.529011
vt 0.737469 0.523049
vt 0.746877 0.525213
vt 0.765251 0.545292
vt 0.760214 0.540527
vt 0.734420 0.575330
vt 0.759500 0.565274
vt 0.692402 0.084379
vt 0.462678 0.738521
vt 0.660334 0.088126
vt 0.663171 0.084522
vt 0.630916 0.081170
vt 0.556788 0.114783
vt 0.757788 0.449937
vt 0.777387 0.455993
vt 0.723202 0.521230
vt 0.722687 0.504117
vt 0.731361 0.517601
vt 0.771661 0.524739
vt 0.759411 0.537911
vt 0.763610 0.550860
vt 0.751126 0.547376
vt 0.735990 0.578173
vt 0.777800 0.052038
vt 0.760517 0.059515
vt 0.449440 0.695636
vt 0.674579 0.083304
vt 0.414742 0.123621
vt 0.448624 0.821894
vt 0.659297 0.086668
vt 0.649024 0.087522
vt 0.666186 0.073535
vt 0.644696 0.093806
vt 0.625849 0.110273
vt 0.574932 0.100205
vt 0.579639 0.097950
vt 0.573670 0.107142
vt 0.755800 0.522743
vt 0.752153 0.583569
vt 0.752839 0.581713
vt 0.755969 0.586180
vt 0.735042 0.594643
vt 0.723223 0.064505
vt 0.679997 0.085936
vt 0.634153 0.074038
vt 0.640929 0.073691
vt 0.627465 0.079832
vt 0.648016 0.071321
vt 0.649813 0.075277
vt 0.456654 0.807421
vt 0.465616 0.792102
vt 0.569982 0.113217
vt 0.746897 0.451737
vt 0.749669 0.497799
vt 0.750341 0.520858
vt 0.752603 0.543028
vt 0.740676 0.542108
vt 0.740423 0.565708
vt 0.749158 0.572078
vt 0.738692 0.583350
vt 0.573283 0.557544
vt 0.763229 0.043809
vt 0.767392 0.028499
vt 0.773486 0.041174
vt 0.771766 0.045500
vt 0.681283 0.074749
vt 0.631495 0.077164
vt 0.617834 0.076732
vt 0.468076 0.760840
vt 0.464920 0.755459
vt 0.585431 0.096489
vt 0.574659 0.112146
vt 0.567832 0.107974
vt 0.735544 0.454831
vt 0.715141 0.478752
vt 0.725360 0.463331
vt 0.748173 0.460636
vt 0.730985 0.496102
vt 0.751580 0.501483
vt 0.736717 0.509942
vt 0.750778 0.499979
vt 0.744343 0.518714
vt 0.729189 0.589362
vt 0.764037 0.032006
vt 0.759035 0.051767
vt 0.742177 0.056761
vt 0.749173 0.052695
vt 0.704045 0.062602
vt 0.672177 0.072935
vt 0.583045 0.102469
vt 0.575241 0.090070
vt 0.563128 0.102648
vt 0.739168 0.537287
vt 0.728901 0.568640
vt 0.742197 0.020099
vt 0.735470 0.021290
vt 0.662056 0.054122
vt 0.665242 0.068913
vt 0.642641 0.042668
vt 0.642472 0.049109
vt 0.634507 0.044909
vt 0.734692 0.469272
vt 0.730650 0.477144
vt 0.731047 0.502779
vt 0.737770 0.515486
vt 0.733195 0.531654
vt 0.759651 0.020351
vt 0.750874 0.044928
vt 0.641165 0.069644
vt 0.636584 0.054586
vt 0.579222 0.090294
vt 0.725275 0.492682
vt 0.731323 0.488820
vt 0.090433 0.325953
vt 0.100700 0.313807
vt 0.099520 0.325797
vt 0.725116 0.588430
vt 0.722972 0.585299
vt 0.722092 0.595301
vt 0.576642 0.535508
vt 0.574550 0.543066
vt 0.752248 0.014778
vt 0.749726 0.023241
vt 0.594794 0.074730
vt 0.726969 0.594173
vt 0.724416 0.596580
vt 0.741283 0.037545
vt 0.711617 0.047727
vt 0.692034 0.042807
vt 0.650858 0.043445
vt 0.581835 0.075983
vt 0.579106 0.078481
vt 0.570322 0.085736
vt 0.566766 0.092995
vt 0.569347 0.072398
vt 0.720958 0.490309
vt 0.724237 0.533464
vt 0.733600 0.038740
vt 0.681096 0.032396
vt 0.634958 0.039967
vt 0.581616 0.062977
vt 0.114610 0.308987
vt 0.118681 0.306233
vt 0.117015 0.320227
vt 0.705025 0.575964
vt 0.745204 0.015591
vt 0.732187 0.031183
vt 0.642638 0.460988
vt 0.648836 0.460969
vt 0.644705 0.468141
vt 0.123634 0.301830
vt 0.714998 0.519652
vt 0.718967 0.515816
vt 0.705996 0.539193
vt 0.714064 0.586149
vt 0.659398 0.471372
vt 0.668087 0.479530
vt 0.653637 0.474460
vt 0.632074 0.049345
vt 0.584201 0.055275
vt 0.567444 0.069162
vt 0.567990 0.066137
vt 0.572400 0.069375
vt 0.718110 0.528186
vt 0.734268 0.006210
vt 0.679791 0.029002
vt 0.695000 0.025245
vt 0.650031 0.480312
vt 0.595212 0.049162
vt 0.572182 0.061535
vt 0.573744 0.055839
vt 0.706338 0.498678
vt 0.708659 0.483513
vt 0.709783 0.493878
vt 0.715019 0.506926
vt 0.699449 0.583999
vt 0.628610 0.490058
vt 0.624885 0.485110
vt 0.658077 0.483664
vt 0.677011 0.476572
vt 0.692083 0.483994
vt 0.697734 0.488548
vt 0.701761 0.499315
vt 0.741279 0.003311
vt 0.586114 0.530818
vt 0.581966 0.534705
vt 0.581614 0.529878
vt 0.739029 0.001429
vt 0.588436 0.520168
vt 0.730191 0.014981
vt 0.725623 0.021597
vt 0.713425 0.019446
vt 0.718007 0.012424
vt 0.718718 0.017788
vt 0.695635 0.517214
vt 0.705657 0.507996
vt 0.709780 0.507809
vt 0.702464 0.580692
vt 0.721564 0.013724
vt 0.723688 0.006307
vt 0.725972 0.010064
vt 0.731013 0.008977
vt 0.654766 0.490943
vt 0.661411 0.489023
vt 0.660886 0.496293
vt 0.679877 0.484607
vt 0.678988 0.497054
vt 0.462513 0.718148
vt 0.595174 0.517445
vt 0.606887 0.520968
vt 0.693489 0.542256
vt 0.614694 0.508513
vt 0.605206 0.513591
vt 0.616528 0.521085
vt 0.682863 0.514851
vt 0.694070 0.551949
vt 0.687393 0.577319
vt 0.613545 0.501287
vt 0.641877 0.516870
vt 0.656094 0.515861
vt 0.675035 0.531155
vt 0.690508 0.584821
vt 0.440238 0.831526
vt 0.610730 0.507047
vt 0.698443 0.587689
vt 0.600139 0.534637
vt 0.470073 0.779316
vt 0.661045 0.529531
vt 0.678338 0.549892
vt 0.618016 0.543568
vt 0.607815 0.532522
vt 0.661616 0.551688
vt 0.674295 0.589950
vt 0.600122 0.551224
vt 0.603521 0.542969
vt 0.610137 0.550558
vt 0.651456 0.543245
vt 0.669943 0.582381
vt 0.657423 0.583200
vt 0.673450 0.592236
vt 0.621296 0.553978
vt 0.628262 0.556843
vt 0.662265 0.564179
vt 0.636050 0.561019
vt 0.643168 0.555072
vt 0.631905 0.565642
vt 0.642513 0.573137
vt 0.643266 0.577405
vt 0.651824 0.582785
vt 0.461972 0.701836
vt 0.251823 0.963342
vt 0.248788 0.963649
vt 0.247053 0.958632
vt 0.510890 0.651852
vt 0.247051 0.961601
vt 0.246055 0.959840
vt 0.474837 0.752258
vt 0.227468 0.941431
vt 0.215821 0.944580
vt 0.211347 0.941074
vt 0.216674 0.940036
vt 0.253274 0.955973
vt 0.252008 0.968827
vt 0.243846 0.957504
vt 0.246629 0.953995
vt 0.232910 0.944176
vt 0.148139 0.140927
vt 0.150020 0.137790
vt 0.150456 0.139829
vt 0.256629 0.975111
vt 0.254899 0.985551
vt 0.253682 0.974283
vt 0.258093 0.958045
vt 0.259727 0.964116
vt 0.240234 0.953773
vt 0.246970 0.947855
vt 0.473399 0.742759
vt 0.229213 0.949813
vt 0.214939 0.919843
vt 0.113866 0.177938
vt 0.112475 0.181986
vt 0.109028 0.169828
vt 0.255477 0.970577
vt 0.255097 0.953649
vt 0.238281 0.953341
vt 0.235183 0.953049
vt 0.231540 0.951029
vt 0.218497 0.914048
vt 0.146033 0.145119
vt 0.264152 0.981260
vt 0.241430 0.941955
vt 0.145243 0.150334
vt 0.143324 0.146719
vt 0.147421 0.156255
vt 0.277063 0.960068
vt 0.255406 0.949933
vt 0.251754 0.942564
vt 0.245490 0.931081
vt 0.223965 0.902010
vt 0.153812 0.147721
vt 0.254737 0.932973
vt 0.265816 0.931116
vt 0.259576 0.941772
vt 0.238722 0.917524
vt 0.230041 0.898213
vt 0.220705 0.909506
vt 0.277770 0.943132
vt 0.251394 0.918486
vt 0.245124 0.917910
vt 0.151390 0.167007
vt 0.266183 0.947186
vt 0.157964 0.180947
vt 0.285279 0.946909
vt 0.286332 0.925082
vt 0.277414 0.926359
vt 0.283948 0.919930
vt 0.268849 0.951470
vt 0.265139 0.909486
vt 0.258255 0.920187
vt 0.235547 0.888457
vt 0.990551 0.154028
vt 0.162863 0.182823
vt 0.166655 0.169180
vt 0.248872 0.886586
vt 0.252022 0.895065
vt 0.129688 0.289192
vt 0.126578 0.291974
vt 0.127590 0.269733
vt 0.125833 0.284012
vt 0.110229 0.251138
vt 0.272757 0.913034
vt 0.234526 0.882587
vt 0.232729 0.885397
vt 0.293916 0.906209
vt 0.291290 0.925170
vt 0.287077 0.902860
vt 0.169169 0.186028
vt 0.259883 0.892481
vt 0.255300 0.889298
vt 0.281965 0.911561
vt 0.268867 0.895157
vt 0.277167 0.897035
vt 0.251843 0.874154
vt 0.238516 0.874206
vt 0.174777 0.195923
vt 0.176107 0.187691
vt 0.256149 0.884150
vt 0.290176 0.907149
vt 0.254930 0.879065
vt 0.136013 0.238311
vt 0.132343 0.238819
vt 0.130377 0.231474
vt 0.851524 0.537960
vt 0.851140 0.530676
vt 0.855034 0.537454
vt 0.848333 0.538153
vt 0.845701 0.537711
vt 0.839588 0.538955
vt 0.835416 0.537050
vt 0.842954 0.538835
vt 0.840444 0.528995
vt 0.271432 0.890813
vt 0.426916 0.333462
vt 0.431075 0.325482
vt 0.434868 0.333999
vt 0.135644 0.242495
vt 0.843778 0.519159
vt 0.185038 0.205015
vt 0.282586 0.892492
vt 0.288976 0.895514
vt 0.283798 0.887951
vt 0.425122 0.324637
vt 0.860927 0.529479
vt 0.849202 0.521753
vt 0.180021 0.214897
vt 0.176206 0.215237
vt 0.339080 0.863712
vt 0.342260 0.842156
vt 0.296712 0.882894
vt 0.294698 0.888646
vt 0.294456 0.884134
vt 0.258626 0.850958
vt 0.860785 0.536166
vt 0.169919 0.205365
vt 0.268172 0.866909
vt 0.250246 0.861110
vt 0.866112 0.526562
vt 0.862159 0.537930
vt 0.189255 0.207913
vt 0.283701 0.877111
vt 0.278450 0.870358
vt 0.276903 0.860431
vt 0.273876 0.856271
vt 0.258292 0.840809
vt 0.854325 0.513210
vt 0.180557 0.222548
vt 0.193022 0.215701
vt 0.191718 0.223286
vt 0.263602 0.862107
vt 0.149912 0.259522
vt 0.143105 0.252376
vt 0.149181 0.255359
vt 0.855862 0.481029
vt 0.858639 0.470082
vt 0.857491 0.494450
vt 0.831874 0.535117
vt 0.829875 0.527740
vt 0.846715 0.508600
vt 0.197245 0.208773
vt 0.192611 0.207522
vt 0.298721 0.871459
vt 0.285127 0.869548
vt 0.282100 0.862745
vt 0.248349 0.852887
vt 0.865228 0.517895
vt 0.179007 0.228617
vt 0.177189 0.236505
vt 0.833658 0.513958
vt 0.840330 0.502724
vt 0.308953 0.868054
vt 0.252179 0.837351
vt 0.256056 0.834984
vt 0.861067 0.501768
vt 0.866131 0.510402
vt 0.193457 0.241625
vt 0.301293 0.862926
vt 0.289858 0.854887
vt 0.436253 0.347072
vt 0.427966 0.342853
vt 0.267077 0.826470
vt 0.270389 0.835294
vt 0.155524 0.267431
vt 0.152419 0.268996
vt 0.835494 0.507283
vt 0.311179 0.862590
vt 0.301377 0.852242
vt 0.314758 0.860104
vt 0.260700 0.818444
vt 0.867209 0.502904
vt 0.845166 0.493471
vt 0.851458 0.492435
vt 0.500257 0.621282
vt 0.837124 0.498948
vt 0.204727 0.247680
vt 0.201168 0.236534
vt 0.284886 0.845835
vt 0.286233 0.851939
vt 0.276837 0.840253
vt 0.865311 0.496208
vt 0.866569 0.489180
vt 0.193570 0.232925
vt 0.204930 0.259701
vt 0.838763 0.491237
vt 0.841691 0.489066
vt 0.188061 0.251935
vt 0.194890 0.258815
vt 0.193358 0.264740
vt 0.202753 0.263585
vt 0.342125 0.871550
vt 0.295655 0.844780
vt 0.296779 0.831718
vt 0.283160 0.821330
vt 0.255014 0.825232
vt 0.863706 0.471110
vt 0.866408 0.483492
vt 0.208632 0.260179
vt 0.305893 0.841434
vt 0.292446 0.830117
vt 0.290929 0.821059
vt 0.280928 0.841885
vt 0.274067 0.797013
vt 0.279976 0.797466
vt 0.256242 0.818462
vt 0.259783 0.809619
vt 0.256969 0.813789
vt 0.936754 0.724356
vt 0.946409 0.730898
vt 0.933234 0.725967
vt 0.953686 0.746184
vt 0.346184 0.422668
vt 0.346427 0.420415
vt 0.350369 0.418188
vt 0.961608 0.760742
vt 0.839534 0.482086
vt 0.322596 0.845327
vt 0.951225 0.737317
vt 0.945986 0.734461
vt 0.937077 0.734935
vt 0.953808 0.754131
vt 0.964514 0.762173
vt 0.851060 0.478267
vt 0.199955 0.272011
vt 0.925881 0.728017
vt 0.932830 0.729408
vt 0.946907 0.750804
vt 0.942611 0.754644
vt 0.962092 0.765505
vt 0.866832 0.477710
vt 0.841213 0.475363
vt 0.994560 0.221238
vt 0.265935 0.797985
vt 0.175587 0.301324
vt 0.172627 0.302036
vt 0.167264 0.290830
vt 0.911916 0.734902
vt 0.920016 0.725877
vt 0.929492 0.735133
vt 0.935859 0.763539
vt 0.934596 0.797265
vt 0.939806 0.794395
vt 0.371169 0.401338
vt 0.360541 0.398440
vt 0.374950 0.397324
vt 0.361532 0.404777
vt 0.344708 0.398433
vt 0.115551 0.269646
vt 0.097138 0.262633
vt 0.092608 0.256472
vt 0.309285 0.817078
vt 0.315772 0.811936
vt 0.313392 0.822479
vt 0.303625 0.817080
vt 0.309373 0.438393
vt 0.313939 0.439422
vt 0.317679 0.443529
vt 0.921254 0.753942
vt 0.914792 0.745559
vt 0.923146 0.740734
vt 0.924829 0.736689
vt 0.932788 0.734235
vt 0.933276 0.736791
vt 0.942275 0.796056
vt 0.949290 0.795679
vt 0.944337 0.791247
vt 0.944447 0.783288
vt 0.367053 0.392135
vt 0.348664 0.391447
vt 0.353582 0.404891
vt 0.468244 0.604730
vt 0.866237 0.471204
vt 0.841136 0.460594
vt 0.206223 0.279696
vt 0.199752 0.277507
vt 0.222358 0.275228
vt 0.213860 0.276742
vt 0.298998 0.815726
vt 0.289558 0.799034
vt 0.267987 0.790665
vt 0.177950 0.309507
vt 0.915706 0.739091
vt 0.929029 0.739096
vt 0.937693 0.804617
vt 0.929745 0.800513
vt 0.453414 0.320673
vt 0.458503 0.331656
vt 0.451556 0.328366
vt 0.343670 0.385758
vt 0.343701 0.381863
vt 0.349915 0.384806
vt 0.957878 0.831772
vt 0.952633 0.815840
vt 0.852650 0.467158
vt 0.203433 0.284478
vt 0.220208 0.264339
vt 0.301834 0.834585
vt 0.392081 0.183546
vt 0.376142 0.192871
vt 0.371392 0.184339
vt 0.401173 0.182534
vt 0.911040 0.743768
vt 0.929517 0.803588
vt 0.352060 0.387150
vt 0.865966 0.461642
vt 0.861082 0.459461
vt 0.856002 0.456784
vt 0.850618 0.456854
vt 0.211295 0.292431
vt 0.110961 0.324687
vt 0.104737 0.335409
vt 0.931585 0.762678
vt 0.217959 0.295558
vt 0.221358 0.281119
vt 0.114477 0.331272
vt 0.295474 0.808514
vt 0.276047 0.773297
vt 0.224831 0.295290
vt 0.227424 0.273534
vt 0.321983 0.822693
vt 0.325076 0.814115
vt 0.270204 0.783038
vt 0.914614 0.753774
vt 0.926327 0.762953
vt 0.942869 0.840221
vt 0.953159 0.843960
vt 0.859823 0.442829
vt 0.867563 0.457926
vt 0.845525 0.451766
vt 0.842202 0.451773
vt 0.299320 0.795390
vt 0.306452 0.797239
vt 0.127439 0.314378
vt 0.137641 0.298053
vt 0.920126 0.760784
vt 0.851962 0.293476
vt 0.852907 0.290205
vt 0.853964 0.291709
vt 0.920416 0.791959
vt 0.919113 0.787405
vt 0.921613 0.792640
vt 0.842636 0.447129
vt 0.292318 0.781930
vt 0.302587 0.782470
vt 0.282014 0.782875
vt 0.312578 0.418104
vt 0.306597 0.424728
vt 0.309005 0.419134
vt 0.851754 0.296255
vt 0.947485 0.844750
vt 0.957419 0.845872
vt 0.867400 0.451351
vt 0.220197 0.303887
vt 0.237677 0.292259
vt 0.326303 0.803353
vt 0.312017 0.800892
vt 0.191791 0.331088
vt 0.185871 0.322391
vt 0.183212 0.316498
vt 0.407913 0.782248
vt 0.402246 0.784108
vt 0.409562 0.780240
vt 0.849517 0.301274
vt 0.858388 0.317252
vt 0.852867 0.311851
vt 0.923859 0.827353
vt 0.921416 0.813058
vt 0.950489 0.849986
vt 0.334581 0.380611
vt 0.341827 0.377739
vt 0.868616 0.442093
vt 0.851877 0.442230
vt 0.846692 0.436062
vt 0.842416 0.439343
vt 0.320635 0.802207
vt 0.281948 0.769443
vt 0.278487 0.763724
vt 0.274727 0.769351
vt 0.397141 0.778089
vt 0.918940 0.764393
vt 0.924663 0.764906
vt 0.920806 0.770081
vt 0.402402 0.770972
vt 0.404392 0.774356
vt 0.916289 0.853680
vt 0.941702 0.852963
vt 0.330196 0.375590
vt 0.328207 0.379990
vt 0.869956 0.426262
vt 0.869176 0.438015
vt 0.238233 0.280929
vt 0.316965 0.789533
vt 0.390180 0.782901
vt 0.390793 0.776631
vt 0.998628 0.214070
vt 0.998635 0.217818
vt 0.862112 0.318872
vt 0.857746 0.323884
vt 0.855852 0.319614
vt 0.869063 0.422340
vt 0.858395 0.425050
vt 0.851380 0.427580
vt 0.842647 0.430328
vt 0.325058 0.780722
vt 0.311966 0.782181
vt 0.287815 0.758014
vt 0.293850 0.766865
vt 0.391801 0.773608
vt 0.913607 0.767701
vt 0.861894 0.325953
vt 0.325335 0.370461
vt 0.323622 0.376824
vt 0.860396 0.413579
vt 0.236397 0.323769
vt 0.244218 0.291019
vt 0.329306 0.789158
vt 0.398997 0.765480
vt 0.384933 0.784009
vt 0.387933 0.787877
vt 0.868514 0.415605
vt 0.869958 0.418526
vt 0.252372 0.314345
vt 0.310258 0.774753
vt 0.196147 0.344610
vt 0.191142 0.332546
vt 0.387416 0.758840
vt 0.396161 0.763566
vt 0.381467 0.771555
vt 0.315447 0.373758
vt 0.312816 0.367237
vt 0.841013 0.417711
vt 0.232496 0.323875
vt 0.227624 0.319330
vt 0.294726 0.752753
vt 0.291416 0.742130
vt 0.285536 0.751261
vt 0.194814 0.342464
vt 0.463764 0.129780
vt 0.465694 0.138141
vt 0.463694 0.141372
vt 0.383203 0.762401
vt 0.392106 0.758798
vt 0.864598 0.318663
vt 0.861654 0.338872
vt 0.856052 0.342600
vt 0.860404 0.335778
vt 0.314714 0.377453
vt 0.848359 0.411638
vt 0.851046 0.401509
vt 0.240973 0.322058
vt 0.337526 0.784930
vt 0.335142 0.777076
vt 0.329520 0.777783
vt 0.301626 0.764165
vt 0.375063 0.768037
vt 0.380385 0.782240
vt 0.306561 0.366413
vt 0.869675 0.401253
vt 0.870094 0.408153
vt 0.860499 0.401429
vt 0.843154 0.411694
vt 0.252917 0.304927
vt 0.442448 0.682136
vt 0.437939 0.693936
vt 0.438973 0.684555
vt 0.378080 0.764158
vt 0.299690 0.369234
vt 0.867858 0.396180
vt 0.865190 0.391655
vt 0.251905 0.320084
vt 0.248483 0.299066
vt 0.327178 0.763846
vt 0.322896 0.774556
vt 0.282605 0.397057
vt 0.278709 0.392679
vt 0.285010 0.395860
vt 0.306843 0.376751
vt 0.290324 0.383618
vt 0.283662 0.378953
vt 0.290250 0.379085
vt 0.304837 0.379300
vt 0.294930 0.377379
vt 0.278788 0.374087
vt 0.277817 0.368305
vt 0.867878 0.386355
vt 0.851260 0.392680
vt 0.241847 0.329980
vt 0.318609 0.754073
vt 0.324918 0.761632
vt 0.301042 0.754118
vt 0.284502 0.748744
vt 0.288533 0.739409
vt 0.429415 0.849092
vt 0.423480 0.850998
vt 0.374737 0.774059
vt 0.858679 0.332046
vt 0.859521 0.345107
vt 0.853544 0.349408
vt 0.849889 0.341227
vt 0.862507 0.382670
vt 0.865914 0.382191
vt 0.842562 0.400525
vt 0.847258 0.395292
vt 0.258372 0.309684
vt 0.341085 0.757919
vt 0.336396 0.756379
vt 0.320832 0.749470
vt 0.299287 0.741323
vt 0.376468 0.757645
vt 0.370908 0.760521
vt 0.299867 0.364526
vt 0.295425 0.369023
vt 0.289494 0.368733
vt 0.854833 0.378146
vt 0.863490 0.376683
vt 0.852778 0.386562
vt 0.291378 0.732226
vt 0.288060 0.399349
vt 0.372432 0.764571
vt 0.846908 0.344396
vt 0.276773 0.362902
vt 0.288819 0.364373
vt 0.864791 0.379160
vt 0.140809 0.296789
vt 0.260967 0.299956
vt 0.306194 0.746355
vt 0.844233 0.359364
vt 0.843581 0.346377
vt 0.848928 0.359343
vt 0.295812 0.365047
vt 0.280535 0.354591
vt 0.285055 0.359657
vt 0.848497 0.381521
vt 0.838324 0.394545
vt 0.842873 0.396552
vt 0.335306 0.747148
vt 0.339565 0.748559
vt 0.321282 0.743211
vt 0.296070 0.723869
vt 0.270105 0.361609
vt 0.842762 0.384799
vt 0.342344 0.750659
vt 0.335228 0.741756
vt 0.306417 0.739567
vt 0.302814 0.727208
vt 0.303232 0.714047
vt 0.293897 0.722671
vt 0.347880 0.759957
vt 0.345313 0.756034
vt 0.322495 0.733000
vt 0.361230 0.744614
vt 0.353569 0.740990
vt 0.347644 0.733276
vt 0.347989 0.740503
vt 0.359717 0.757800
vt 0.344755 0.746977
vt 0.347611 0.750875
vt 0.334740 0.737900
vt 0.298507 0.711883
vt 0.296106 0.715794
vt 0.201688 0.378373
vt 0.201154 0.370342
vt 0.202490 0.373729
vt 0.836747 0.374949
vt 0.203534 0.390120
vt 0.201340 0.380122
vt 0.474710 0.778080
vt 0.346252 0.726832
vt 0.306247 0.706423
vt 0.298295 0.702124
vt 0.299088 0.694179
vt 0.301355 0.689781
vt 0.305581 0.699384
vt 0.356624 0.728186
vt 0.358725 0.719811
vt 0.352899 0.733869
vt 0.346516 0.716024
vt 0.338766 0.725341
vt 0.340041 0.716767
vt 0.329475 0.705978
vt 0.336494 0.709030
vt 0.314843 0.699791
vt 0.362102 0.712481
vt 0.361769 0.716689
vt 0.346777 0.702201
vt 0.329289 0.693149
vt 0.309164 0.693315
vt 0.342642 0.708318
vt 0.337362 0.697099
vt 0.321716 0.687660
vt 0.328241 0.678958
vt 0.317311 0.678760
vt 0.356804 0.701117
vt 0.349960 0.694643
vt 0.304592 0.681381
vt 0.361925 0.696166
vt 0.366615 0.694436
vt 0.366827 0.698743
vt 0.363592 0.706038
vt 0.332657 0.653967
vt 0.359378 0.676486
vt 0.351012 0.689111
vt 0.365385 0.673204
vt 0.335727 0.684141
vt 0.540380 0.983348
vt 0.529410 0.989207
vt 0.529031 0.982623
vt 0.258801 0.441058
vt 0.255490 0.437933
vt 0.255949 0.433071
vt 0.521332 0.996302
vt 0.516415 0.997735
vt 0.525865 0.978409
vt 0.536527 0.974439
vt 0.459389 0.354001
vt 0.311524 0.660068
vt 0.336670 0.677587
vt 0.350168 0.673391
vt 0.339353 0.666978
vt 0.324632 0.648525
vt 0.543030 0.988311
vt 0.530948 0.992125
vt 0.543418 0.977255
vt 0.341147 0.651479
vt 0.312474 0.653724
vt 0.316187 0.648080
vt 0.200544 0.443296
vt 0.247731 0.454564
vt 0.355229 0.665396
vt 0.361172 0.661133
vt 0.351779 0.656485
vt 0.244807 0.461145
vt 0.074650 0.342705
vt 0.074246 0.329363
vt 0.561843 0.969033
vt 0.339167 0.638983
vt 0.338922 0.623961
vt 0.328923 0.653267
vt 0.322579 0.632226
vt 0.242669 0.478741
vt 0.243124 0.468745
vt 0.258528 0.482104
vt 0.566450 0.977226
vt 0.356383 0.644422
vt 0.318264 0.638903
vt 0.201165 0.466279
vt 0.198826 0.468027
vt 0.199200 0.471516
vt 0.637486 0.675021
vt 0.353728 0.632892
vt 0.084108 0.342976
vt 0.336226 0.617174
vt 0.244854 0.483943
vt 0.349935 0.626546
vt 0.199086 0.488942
vt 0.199591 0.481269
vt 0.201467 0.487583
vt 0.253510 0.500625
vt 0.568996 0.983587
vt 0.563714 0.960841
vt 0.549888 0.961918
vt 0.322401 0.628373
vt 0.324822 0.622413
vt 0.327535 0.609646
vt 0.322886 0.618277
vt 0.243321 0.490726
vt 0.593977 0.958179
vt 0.603003 0.961372
vt 0.560997 0.954573
vt 0.583217 0.984350
vt 0.596827 0.972588
vt 0.602625 0.943383
vt 0.356776 0.601163
vt 0.245533 0.496771
vt 0.242104 0.497426
vt 0.372509 0.573125
vt 0.324274 0.603844
vt 0.327991 0.598032
vt 0.364829 0.589885
vt 0.362320 0.630770
vt 0.244748 0.509125
vt 0.353352 0.590161
vt 0.335859 0.595993
vt 0.239518 0.509194
vt 0.242010 0.516105
vt 0.258472 0.506740
vt 0.251573 0.523123
vt 0.250886 0.527355
vt 0.242364 0.535225
vt 0.628290 0.946130
vt 0.368887 0.567399
vt 0.346733 0.584851
vt 0.338303 0.585518
vt 0.241581 0.529932
vt 0.240700 0.516935
vt 0.623138 0.944495
vt 0.352315 0.570168
vt 0.629149 0.984680
vt 0.610708 0.965000
vt 0.362970 0.561972
vt 0.338936 0.575513
vt 0.343344 0.570319
vt 0.112369 0.963082
vt 0.113313 0.958622
vt 0.118561 0.971332
vt 0.625540 0.951917
vt 0.126104 0.260161
vt 0.239336 0.539389
vt 0.239444 0.543623
vt 0.250962 0.549140
vt 0.626442 0.938627
vt 0.636260 0.941922
vt 0.244982 0.551460
vt 0.345758 0.558998
vt 0.353075 0.547646
vt 0.237825 0.551082
vt 0.239063 0.555111
vt 0.249780 0.564077
vt 0.236831 0.564563
vt 0.636370 0.978131
vt 0.630413 0.932212
vt 0.651662 0.932436
vt 0.366709 0.537390
vt 0.234262 0.564424
vt 0.253777 0.566295
vt 0.647570 0.937220
vt 0.647993 0.943029
vt 0.244978 0.576771
vt 0.643618 0.954053
vt 0.647615 0.948450
vt 0.231058 0.572995
vt 0.239674 0.584471
vt 0.012254 0.731997
vt 0.002221 0.745551
vt 0.009694 0.726194
vt 0.360273 0.538774
vt 0.671548 0.936536
vt 0.105953 0.920732
vt 0.099347 0.920320
vt 0.097636 0.905811
vt 0.231435 0.586121
vt 0.229900 0.577075
vt 0.017236 0.712495
vt 0.022889 0.711774
vt 0.014142 0.726756
vt 0.087411 0.912365
vt 0.093325 0.926063
vt 0.372418 0.518480
vt 0.375895 0.520189
vt 0.257445 0.604053
vt 0.086869 0.902409
vt 0.230450 0.600415
vt 0.224889 0.593534
vt 0.224680 0.599300
vt 0.693556 0.937957
vt 0.661079 0.940078
vt 0.084193 0.893940
vt 0.687995 0.967271
vt 0.691916 0.963273
vt 0.089613 0.884940
vt 0.114749 0.340726
vt 0.663660 0.943954
vt 0.713716 0.930077
vt 0.380897 0.491504
vt 0.079077 0.881292
vt 0.080461 0.894351
vt 0.389833 0.479542
vt 0.392453 0.490026
vt 0.079334 0.856263
vt 0.220724 0.610169
vt 0.220129 0.614907
vt 0.696520 0.951370
vt 0.048854 0.889831
vt 0.050288 0.900068
vt 0.049240 0.894939
vt 0.226688 0.629552
vt 0.222399 0.622732
vt 0.255396 0.635916
vt 0.707869 0.946411
vt 0.216166 0.619748
vt 0.700384 0.961624
vt 0.393698 0.479279
vt 0.073682 0.875527
vt 0.212863 0.628716
vt 0.212283 0.641813
vt 0.209865 0.631877
vt 0.699196 0.952235
vt 0.706389 0.953647
vt 0.059162 0.856172
vt 0.066757 0.861205
vt 0.065831 0.867560
vt 0.209024 0.637480
vt 0.213512 0.624724
vt 0.234819 0.641026
vt 0.711727 0.935554
vt 0.057822 0.849553
vt 0.250522 0.643154
vt 0.709686 0.958614
vt 0.187453 0.672816
vt 0.178603 0.651239
vt 0.188698 0.669382
vt 0.034856 0.685224
vt 0.038419 0.669073
vt 0.045146 0.664706
vt 0.388862 0.468801
vt 0.221061 0.648426
vt 0.720762 0.944591
vt 0.076499 0.843761
vt 0.207975 0.657390
vt 0.208903 0.643336
vt 0.227135 0.653896
vt 0.183447 0.672702
vt 0.172725 0.648701
vt 0.056712 0.839620
vt 0.739477 0.928528
vt 0.734316 0.934784
vt 0.070366 0.830454
vt 0.216289 0.661916
vt 0.055442 0.829665
vt 0.053225 0.837491
vt 0.455134 0.267584
vt 0.038447 0.850313
vt 0.046202 0.858367
vt 0.762085 0.923202
vt 0.758584 0.919465
vt 0.401825 0.445017
vt 0.216631 0.678631
vt 0.203190 0.689428
vt 0.224553 0.676903
vt 0.392922 0.456600
vt 0.205356 0.673326
vt 0.162835 0.640965
vt 0.163203 0.652048
vt 0.406586 0.438349
vt 0.394726 0.439585
vt 0.398449 0.437596
vt 0.050632 0.821936
vt 0.051464 0.814820
vt 0.167882 0.630091
vt 0.059552 0.622597
vt 0.199933 0.690560
vt 0.210565 0.695955
vt 0.226047 0.687306
vt 0.216762 0.695995
vt 0.157690 0.623007
vt 0.148594 0.630128
vt 0.071381 0.581514
vt 0.067430 0.808959
vt 0.074357 0.820040
vt 0.425642 0.311573
vt 0.420726 0.322031
vt 0.419328 0.333758
vt 0.206003 0.709958
vt 0.144774 0.632207
vt 0.062254 0.631993
vt 0.052335 0.658488
vt 0.221578 0.695644
vt 0.198074 0.702319
vt 0.438158 0.359309
vt 0.435403 0.362280
vt 0.432693 0.351443
vt 0.400284 0.420692
vt 0.195253 0.711312
vt 0.158770 0.615646
vt 0.143109 0.615541
vt 0.192974 0.711790
vt 0.191394 0.715049
vt 0.149244 0.601138
vt 0.158267 0.603904
vt 0.145556 0.606751
vt 0.408786 0.409981
vt 0.188491 0.725419
vt 0.132723 0.586506
vt 0.804809 0.912436
vt 0.786525 0.920701
vt 0.795239 0.907142
vt 0.404202 0.409145
vt 0.066670 0.333221
vt 0.763993 0.928121
vt 0.210104 0.730622
vt 0.129107 0.589637
vt 0.771271 0.912250
vt 0.187872 0.736761
vt 0.185849 0.731669
vt 0.195676 0.735378
vt 0.812092 0.918095
vt 0.807268 0.925582
vt 0.404973 0.379865
vt 0.411184 0.376913
vt 0.195518 0.754954
vt 0.135362 0.575494
vt 0.072912 0.349972
vt 0.067873 0.576443
vt 0.412030 0.407623
vt 0.064249 0.784214
vt 0.182600 0.740870
vt 0.195939 0.768290
vt 0.061083 0.567655
vt 0.052585 0.776637
vt 0.051421 0.770394
vt 0.051875 0.762678
vt 0.054855 0.765774
vt 0.182323 0.751710
vt 0.825407 0.920793
vt 0.403016 0.390002
vt 0.205423 0.753028
vt 0.125948 0.554826
vt 0.073893 0.583800
vt 0.074833 0.565321
vt 0.067445 0.552856
vt 0.177983 0.761081
vt 0.178589 0.751722
vt 0.183131 0.774058
vt 0.186871 0.783142
vt 0.054478 0.572086
vt 0.055844 0.568515
vt 0.057466 0.566468
vt 0.176478 0.759998
vt 0.178106 0.768688
vt 0.120737 0.560856
vt 0.846018 0.912837
vt 0.406893 0.374553
vt 0.835210 0.910749
vt 0.059784 0.559620
vt 0.834159 0.904046
vt 0.829474 0.898273
vt 0.821088 0.894778
vt 0.448472 0.635470
vt 0.176397 0.779168
vt 0.179992 0.782619
vt 0.124386 0.336119
vt 0.062272 0.548244
vt 0.177813 0.793585
vt 0.196327 0.780009
vt 0.069147 0.535365
vt 0.836536 0.888402
vt 0.396699 0.890032
vt 0.181490 0.808695
vt 0.178295 0.803606
vt 0.127704 0.524461
vt 0.075522 0.549429
vt 0.441627 0.675557
vt 0.412344 0.135880
vt 0.415298 0.134826
vt 0.120556 0.533130
vt 0.115629 0.549055
vt 0.850799 0.904096
vt 0.845672 0.893194
vt 0.077697 0.515485
vt 0.179575 0.817335
vt 0.188551 0.801340
vt 0.845540 0.883689
vt 0.080577 0.534358
vt 0.886107 0.628524
vt 0.882378 0.623695
vt 0.891079 0.627706
vt 0.882231 0.616217
vt 0.181871 0.816206
vt 0.122599 0.516668
vt 0.129642 0.509477
vt 0.116698 0.526664
vt 0.114306 0.536571
vt 0.852769 0.881209
vt 0.894086 0.624700
vt 0.894642 0.614485
vt 0.418113 0.328714
vt 0.414640 0.333519
vt 0.092031 0.531128
vt 0.092436 0.522988
vt 0.096214 0.528250
vt 0.070507 0.529189
vt 0.074490 0.518663
vt 0.885690 0.609828
vt 0.880915 0.604186
vt 0.135350 0.504524
vt 0.138269 0.493712
vt 0.140521 0.500478
vt 0.184611 0.816755
vt 0.133885 0.517310
vt 0.108642 0.535738
vt 0.105032 0.517606
vt 0.863257 0.869524
vt 0.860629 0.874558
vt 0.894466 0.610314
vt 0.874915 0.590386
vt 0.143036 0.496013
vt 0.125796 0.499343
vt 0.132043 0.487999
vt 0.894270 0.603805
vt 0.180256 0.823101
vt 0.115307 0.506217
vt 0.856143 0.881619
vt 0.086042 0.499151
vt 0.127415 0.797232
vt 0.125857 0.793509
vt 0.126988 0.789239
vt 0.126052 0.801942
vt 0.139638 0.482294
vt 0.141571 0.485203
vt 0.128627 0.483992
vt 0.115074 0.492782
vt 0.090754 0.517636
vt 0.091874 0.508852
vt 0.860452 0.866967
vt 0.141544 0.492253
vt 0.087281 0.509737
vt 0.089746 0.495081
vt 0.078327 0.507086
vt 0.080961 0.494069
vt 0.142233 0.478973
vt 0.129185 0.341538
vt 0.479848 0.264491
vt 0.886937 0.590706
vt 0.136797 0.473824
vt 0.103179 0.508490
vt 0.078100 0.497543
vt 0.497283 0.515459
vt 0.876521 0.586419
vt 0.142302 0.473390
vt 0.136210 0.336366
vt 0.098150 0.484687
vt 0.094895 0.475503
vt 0.504496 0.490594
vt 0.505980 0.488060
vt 0.505534 0.496681
vt 0.415082 0.149937
vt 0.137823 0.468244
vt 0.124239 0.477625
vt 0.113233 0.479989
vt 0.078311 0.489793
vt 0.079482 0.484785
vt 0.485945 0.886916
vt 0.503995 0.500545
vt 0.494273 0.495889
vt 0.497205 0.490661
vt 0.500566 0.506101
vt 0.491042 0.504684
vt 0.494380 0.521537
vt 0.487936 0.521407
vt 0.131541 0.462189
vt 0.080921 0.474119
vt 0.501821 0.480758
vt 0.505070 0.481787
vt 0.492651 0.459236
vt 0.478212 0.491243
vt 0.178050 0.853507
vt 0.175034 0.865782
vt 0.174106 0.863584
vt 0.138199 0.462318
vt 0.144358 0.465967
vt 0.116427 0.466055
vt 0.105652 0.464074
vt 0.503810 0.475781
vt 0.490483 0.474333
vt 0.477438 0.462845
vt 0.477826 0.774314
vt 0.171945 0.871805
vt 0.502506 0.471189
vt 0.147264 0.106114
vt 0.156267 0.106574
vt 0.155786 0.119344
vt 0.478255 0.516551
vt 0.167160 0.991189
vt 0.169843 0.981777
vt 0.170650 0.986774
vt 0.180182 0.104050
vt 0.184329 0.110546
vt 0.179813 0.114979
vt 0.143018 0.453359
vt 0.137058 0.451930
vt 0.131875 0.453518
vt 0.149216 0.121458
vt 0.478922 0.525213
vt 0.476463 0.523384
vt 0.172817 0.103076
vt 0.184934 0.114927
vt 0.145312 0.448614
vt 0.475639 0.527847
vt 0.168380 0.104849
vt 0.167621 0.120450
vt 0.161668 0.105823
vt 0.173706 0.122417
vt 0.131907 0.446292
vt 0.100892 0.462030
vt 0.080114 0.471001
vt 0.161287 0.120088
vt 0.135428 0.432918
vt 0.145013 0.438070
vt 0.133483 0.436577
vt 0.123695 0.438135
vt 0.088048 0.457497
vt 0.498833 0.460560
vt 0.482642 0.447351
vt 0.471781 0.457360
vt 0.466544 0.463241
vt 0.183377 0.131554
vt 0.187245 0.120795
vt 0.187869 0.125555
vt 0.188488 0.135920
vt 0.189617 0.130180
vt 0.139270 0.427277
vt 0.145634 0.433638
vt 0.120969 0.445614
vt 0.091638 0.452678
vt 0.081847 0.455534
vt 0.086986 0.452292
vt 0.502170 0.456214
vt 0.500930 0.458226
vt 0.503000 0.464408
vt 0.470085 0.486589
vt 0.145476 0.425123
vt 0.484904 0.443983
vt 0.457093 0.462371
vt 0.163977 0.143767
vt 0.190033 0.151055
vt 0.119775 0.430916
vt 0.114005 0.349736
vt 0.093314 0.424887
vt 0.093592 0.402247
vt 0.096794 0.423052
vt 0.477162 0.445872
vt 0.173169 0.150441
vt 0.178854 0.153180
vt 0.190303 0.145719
vt 0.145767 0.418837
vt 0.128312 0.421065
vt 0.107765 0.439456
vt 0.079741 0.447740
vt 0.082719 0.440876
vt 0.077909 0.444009
vt 0.075473 0.438282
vt 0.129905 0.873168
vt 0.125193 0.872377
vt 0.123895 0.866377
vt 0.069378 0.433502
vt 0.074652 0.432596
vt 0.480558 0.424319
vt 0.486301 0.426105
vt 0.169922 0.904906
vt 0.165278 0.904712
vt 0.165989 0.898563
vt 0.140729 0.416840
vt 0.114403 0.429141
vt 0.094329 0.445063
vt 0.091409 0.439477
vt 0.089245 0.428841
vt 0.131467 0.880999
vt 0.065533 0.426247
vt 0.495987 0.426107
vt 0.169089 0.910932
vt 0.165373 0.915915
vt 0.164836 0.910459
vt 0.098475 0.438919
vt 0.100335 0.445827
vt 0.095121 0.431424
vt 0.075637 0.426462
vt 0.183249 0.906771
vt 0.175503 0.917345
vt 0.206022 0.902279
vt 0.190886 0.902643
vt 0.204511 0.898589
vt 0.103307 0.436316
vt 0.099672 0.430733
vt 0.103218 0.430509
vt 0.084940 0.427298
vt 0.062177 0.421132
vt 0.064082 0.413337
vt 0.133616 0.896731
vt 0.128960 0.900871
vt 0.131698 0.892520
vt 0.199504 0.906649
vt 0.188667 0.910113
vt 0.457382 0.433069
vt 0.460713 0.406543
vt 0.192304 0.163915
vt 0.106104 0.418877
vt 0.102361 0.422322
vt 0.085831 0.420326
vt 0.077847 0.407160
vt 0.067292 0.402421
vt 0.486457 0.411286
vt 0.492922 0.409664
vt 0.475373 0.428807
vt 0.447972 0.459387
vt 0.446266 0.439508
vt 0.186164 0.932990
vt 0.189702 0.927428
vt 0.192462 0.175714
vt 0.164188 0.925131
vt 0.204818 0.912618
vt 0.478001 0.409078
vt 0.464420 0.402175
vt 0.443305 0.459160
vt 0.439125 0.442807
vt 0.179447 0.169980
vt 0.190118 0.186088
vt 0.183427 0.177639
vt 0.161583 0.922883
vt 0.163172 0.937188
vt 0.101794 0.413227
vt 0.097790 0.391412
vt 0.089307 0.406459
vt 0.082011 0.401160
vt 0.072955 0.388197
vt 0.078269 0.379243
vt 0.489584 0.402664
vt 0.467140 0.381003
vt 0.466725 0.395779
vt 0.193917 0.184906
vt 0.500875 0.851610
vt 0.120058 0.395260
vt 0.109747 0.414150
vt 0.431309 0.427942
vt 0.160907 0.930142
vt 0.159276 0.934221
vt 0.110025 0.400832
vt 0.117208 0.390798
vt 0.438592 0.416684
vt 0.192962 0.189709
vt 0.425309 0.427326
vt 0.423630 0.424173
vt 0.158760 0.939602
vt 0.120736 0.387271
vt 0.103849 0.395432
vt 0.064789 0.390075
vt 0.485430 0.396956
vt 0.488253 0.396360
vt 0.474648 0.378580
vt 0.455756 0.406276
vt 0.444590 0.413741
vt 0.191853 0.193865
vt 0.157837 0.945967
vt 0.452225 0.380861
vt 0.455269 0.367840
vt 0.193403 0.198509
vt 0.190402 0.198479
vt 0.922163 0.599423
vt 0.919199 0.598179
vt 0.082438 0.373503
vt 0.087845 0.396199
vt 0.069845 0.375485
vt 0.449005 0.409592
vt 0.421119 0.416852
vt 0.296566 0.220204
vt 0.296826 0.217978
vt 0.301324 0.220354
vt 0.155925 0.955135
vt 0.124758 0.928370
vt 0.125996 0.934577
vt 0.122807 0.934356
vt 0.485405 0.390523
vt 0.101741 0.354757
vt 0.087735 0.380670
vt 0.473928 0.389581
vt 0.449224 0.392170
vt 0.444140 0.396761
vt 0.418614 0.400440
vt 0.165473 0.963305
vt 0.158479 0.958147
vt 0.085761 0.355639
vt 0.101173 0.364411
vt 0.075247 0.360537
vt 0.321031 0.179469
vt 0.337080 0.185719
vt 0.329950 0.186251
vt 0.325478 0.177178
vt 0.456571 0.359600
vt 0.418636 0.405985
vt 0.079618 0.354723
vt 0.069198 0.362037
vt 0.063649 0.366772
vt 0.336855 0.176653
vt 0.342416 0.184785
vt 0.449262 0.357355
vt 0.447031 0.374248
vt 0.926811 0.563521
vt 0.927866 0.581175
vt 0.155065 0.962910
vt 0.177861 0.966340
vt 0.444367 0.382547
vt 0.432581 0.387049
vt 0.426461 0.386984
vt 0.157811 0.968894
vt 0.154090 0.969796
vt 0.175290 0.973359
vt 0.117960 0.367051
vt 0.116318 0.356807
vt 0.082883 0.362989
vt 0.063255 0.351121
vt 0.346609 0.190365
vt 0.464258 0.349325
vt 0.438765 0.383956
vt 0.939173 0.572494
vt 0.184658 0.970232
vt 0.178984 0.981092
vt 0.180831 0.973070
vt 0.185706 0.976167
vt 0.058589 0.350918
vt 0.508977 0.645333
vt 0.354380 0.191866
vt 0.442316 0.337852
vt 0.927934 0.549876
vt 0.926047 0.557795
vt 0.924530 0.551212
vt 0.924480 0.561042
vt 0.155621 0.975169
vt 0.157178 0.978900
vt 0.183618 0.961862
vt 0.358390 0.198690
vt 0.370980 0.206160
vt 0.352418 0.194803
vt 0.926392 0.548212
vt 0.930088 0.542868
vt 0.328196 0.226300
vt 0.335699 0.230119
vt 0.330780 0.228562
vt 0.051607 0.339568
vt 0.057059 0.335289
vt 0.948979 0.550217
vt 0.936457 0.550960
vt 0.073955 0.273464
vt 0.069489 0.275843
vt 0.147558 0.317466
vt 0.131593 0.355036
vt 0.109978 0.310415
vt 0.506368 0.627453
vt 0.159739 0.987146
vt 0.164003 0.993378
vt 0.150511 0.293142
vt 0.049487 0.328592
vt 0.048127 0.315835
vt 0.052357 0.319107
vt 0.049018 0.311227
vt 0.053084 0.304026
vt 0.054603 0.309819
vt 0.429717 0.361608
vt 0.947048 0.570469
vt 0.097032 0.266451
vt 0.068511 0.271275
vt 0.068616 0.262800
vt 0.066128 0.273375
vt 0.160472 0.993633
vt 0.062380 0.317011
vt 0.447420 0.334729
vt 0.959050 0.545539
vt 0.944748 0.543892
vt 0.932503 0.537950
vt 0.935641 0.541313
vt 0.513732 0.569270
vt 0.520246 0.570850
vt 0.071429 0.252322
vt 0.081811 0.250417
vt 0.075087 0.246636
vt 0.046236 0.257496
vt 0.111099 0.250058
vt 0.383244 0.214024
vt 0.375766 0.212179
vt 0.956472 0.548466
vt 0.400522 0.355089
vt 0.409004 0.361321
vt 0.404893 0.362667
vt 0.109026 0.258319
vt 0.105591 0.309718
vt 0.362400 0.875196
vt 0.352995 0.875980
vt 0.361637 0.860019
vt 0.384422 0.183200
vt 0.415122 0.357299
vt 0.412367 0.368126
vt 0.099737 0.270888
vt 0.120403 0.267755
vt 0.056434 0.300653
vt 0.390509 0.207820
vt 0.389178 0.213263
vt 0.471586 0.973102
vt 0.473613 0.987542
vt 0.468414 0.989749
vt 0.406755 0.346880
vt 0.420872 0.349534
vt 0.085713 0.318693
vt 0.079049 0.310519
vt 0.071178 0.313749
vt 0.057981 0.296855
vt 0.063443 0.296688
vt 0.372792 0.861928
vt 0.368480 0.848165
vt 0.446785 0.318495
vt 0.060387 0.293778
vt 0.470989 0.956263
vt 0.480204 0.975576
vt 0.478447 0.976303
vt 0.957662 0.507748
vt 0.960030 0.514357
vt 0.954602 0.513365
vt 0.402328 0.345234
vt 0.405306 0.342276
vt 0.465657 0.975575
vt 0.464176 0.986508
vt 0.356797 0.843151
vt 0.336773 0.839945
vt 0.433765 0.329326
vt 0.947373 0.520298
vt 0.942987 0.523016
vt 0.941380 0.516186
vt 0.093535 0.313479
vt 0.070495 0.292605
vt 0.067016 0.288619
vt 0.365745 0.832839
vt 0.946295 0.511571
vt 0.077080 0.298599
vt 0.069164 0.287451
vt 0.071381 0.288329
vt 0.075074 0.287478
vt 0.354273 0.835498
vt 0.337825 0.827447
vt 0.429881 0.291469
vt 0.431004 0.308661
vt 0.938298 0.514987
vt 0.936713 0.507099
vt 0.937834 0.505341
vt 0.116889 0.292255
vt 0.112546 0.297178
vt 0.089286 0.302555
vt 0.082042 0.290483
vt 0.338776 0.811289
vt 0.965768 0.506515
vt 0.963035 0.501200
vt 0.972109 0.493632
vt 0.956109 0.503651
vt 0.108843 0.295373
vt 0.079444 0.287715
vt 0.358192 0.818597
vt 0.364654 0.816198
vt 0.967982 0.492974
vt 0.946316 0.499127
vt 0.934017 0.503921
vt 0.931285 0.500265
vt 0.938106 0.498504
vt 0.076835 0.286606
vt 0.348305 0.829128
vt 0.469201 0.937967
vt 0.463161 0.944573
vt 0.335000 0.826869
vt 0.462309 0.961638
vt 0.978096 0.476763
vt 0.974930 0.489154
vt 0.434349 0.322538
vt 0.100604 0.294611
vt 0.098525 0.300291
vt 0.078222 0.282912
vt 0.468127 0.924645
vt 0.470890 0.924175
vt 0.961529 0.491583
vt 0.944637 0.495089
vt 0.114403 0.293134
vt 0.108127 0.285028
vt 0.111830 0.287841
vt 0.090818 0.293169
vt 0.081669 0.284139
vt 0.368092 0.802826
vt 0.366914 0.816994
vt 0.432663 0.290528
vt 0.940697 0.494023
vt 0.935393 0.496808
vt 0.396347 0.246738
vt 0.401324 0.242362
vt 0.401122 0.251693
vt 0.114224 0.289226
vt 0.105426 0.291124
vt 0.092325 0.287419
vt 0.100069 0.284312
vt 0.079170 0.277929
vt 0.082531 0.279815
vt 0.077935 0.279974
vt 0.364532 0.801852
vt 0.345804 0.800542
vt 0.465843 0.939663
vt 0.971827 0.485102
vt 0.972779 0.475149
vt 0.961444 0.485935
vt 0.970417 0.473621
vt 0.428024 0.273188
vt 0.415597 0.267677
vt 0.411438 0.259327
vt 0.406590 0.263273
vt 0.400925 0.256173
vt 0.397403 0.242136
vt 0.103386 0.283555
vt 0.445535 0.271506
vt 0.435902 0.277030
vt 0.406512 0.247786
vt 0.408124 0.241948
vt 0.406004 0.240568
vt 0.112530 0.284156
vt 0.091343 0.279218
vt 0.510069 0.616736
vt 0.507102 0.610543
vt 0.424333 0.263351
vt 0.420059 0.249769
vt 0.110505 0.277686
vt 0.083220 0.274592
vt 0.367136 0.793471
vt 0.364688 0.791124
vt 0.476159 0.912539
vt 0.429193 0.257990
vt 0.510893 0.608305
vt 0.347036 0.790084
vt 0.413110 0.236818
vt 0.423198 0.235718
vt 0.106378 0.283010
vt 0.104089 0.275074
vt 0.099634 0.273579
vt 0.497233 0.613258
vt 0.511783 0.630544
vt 0.370055 0.785847
vt 0.357889 0.780465
vt 0.438955 0.272034
vt 0.091577 0.270951
vt 0.487481 0.620328
vt 0.468762 0.173751
vt 0.470241 0.180820
vt 0.469413 0.183994
vt 0.505503 0.890601
vt 0.509031 0.880252
vt 0.508790 0.896524
vt 0.368350 0.779610
vt 0.348755 0.778717
vt 0.466066 0.269608
vt 0.450964 0.263135
vt 0.434756 0.253349
vt 0.103026 0.270128
vt 0.108493 0.272607
vt 0.086065 0.272132
vt 0.512291 0.640180
vt 0.510124 0.873297
vt 0.480087 0.899940
vt 0.462898 0.601581
vt 0.449408 0.603677
vt 0.105729 0.270423
vt 0.890483 0.110323
vt 0.906780 0.080651
vt 0.910331 0.078486
vt 0.862341 0.046811
vt 0.878313 0.167201
vt 0.982580 0.232304
vt 0.392290 0.244019
vt 0.930139 0.539500
vt 0.924078 0.563344
vt 0.920120 0.588481
vt 0.288032 0.215575
vt 0.283997 0.213768
vt 0.289958 0.216179
vt 0.893556 0.584489
vt 0.498128 0.422268
vt 0.293719 0.168595
vt 0.299589 0.170639
vt 0.291212 0.169968
vt 0.365117 0.206403
vt 0.373573 0.857291
vt 0.504508 0.858230
vt 0.500743 0.818745
vt 0.503393 0.801461
vt 0.489319 0.774648
vt 0.462169 0.102219
vt 0.461223 0.096136
vt 0.463772 0.100207
vt 0.464767 0.117656
vt 0.462175 0.117331
vt 0.510243 0.648683
vt 0.512190 0.618566
vt 0.513376 0.627628
vt 0.064807 0.288041
vt 0.121847 0.941420
vt 0.119058 0.949124
vt 0.117738 0.942015
vt 0.126305 0.917944
vt 0.130127 0.916699
vt 0.126783 0.922602
vt 0.126285 0.910890
vt 0.131286 0.905078
vt 0.078344 0.493444
vt 0.134579 0.755353
vt 0.134147 0.765090
vt 0.131862 0.763226
vt 0.049895 0.784092
vt 0.101062 0.939444
vt 0.095871 0.937691
vt 0.102708 0.950903
vt 0.105377 0.957756
vt 0.123155 0.975514
vt 0.120600 0.983524
vt 0.127369 0.988150
vt 0.330322 0.594314
vt 0.200351 0.497542
vt 0.197620 0.475955
vt 0.297660 0.708007
vt 0.167033 0.287000
vt 0.253497 0.828995
vt 0.142427 0.247537
vt 0.132359 0.231229
vt 0.125334 0.222303
vt 0.126275 0.225018
vt 0.119653 0.207670
vt 0.123634 0.216044
vt 0.122237 0.215638
vt 0.117457 0.200557
vt 0.215556 0.302842
vt 0.841121 0.468822
vt 0.866197 0.516871
vt 0.324221 0.379256
vt 0.331390 0.381346
vt 0.916789 0.775441
vt 0.274234 0.395245
vt 0.358228 0.725039
vt 0.045631 0.865716
vt 0.021092 0.806232
vt 0.017907 0.801819
vt 0.019978 0.798092
vt 0.003717 0.770064
vt 0.002699 0.768100
vt 0.012175 0.770778
vt 0.031674 0.279042
vt 0.026080 0.289224
vt 0.032300 0.270520
vt 0.418966 0.183912
vt 0.416855 0.126436
vt 0.772665 0.478000
vt 0.523985 0.138020
vt 0.793652 0.501672
vt 0.894835 0.179527
vt 0.895303 0.188722
vt 0.992783 0.487068
vt 0.890724 0.635541
vt 0.385880 0.886361
vt 0.026052 0.162784
vt 0.958456 0.467394
vt 0.955594 0.588027
vt 0.936780 0.289563
vt 0.883150 0.297359
vt 0.882681 0.293813
vt 0.330754 0.113335
vt 0.312339 0.126341
vt 0.296568 0.129107
vt 0.646533 0.695331
vt 0.647329 0.701415
vt 0.648569 0.707215
vt 0.595786 0.691734
vt 0.970881 0.127878
vt 0.949237 0.139894
vt 0.890019 0.100664
vt 0.989834 0.223759
vt 0.590177 0.189594
vt 0.369336 0.843824
vt 0.228414 0.583594
vt 0.055702 0.927510
vt 0.054530 0.918359
vt 0.058290 0.927043
vt 0.024936 0.818545
vt 0.783077 0.511970
vt 0.593478 0.557908
vt 0.994552 0.183866
vt 0.606072 0.659639
vt 0.608785 0.662485
vt 0.994693 0.199475
vt 0.634687 0.673270
vt 0.673846 0.597288
vt 0.762296 0.403734
vt 0.755454 0.406117
vt 0.600799 0.660913
vt 0.593788 0.666170
vt 0.590839 0.672177
vt 0.545865 0.636145
vt 0.560305 0.596475
vt 0.700966 0.657036
vt 0.538744 0.691383
vt 0.733695 0.620007
vt 0.731471 0.617988
vt 0.708933 0.665854
vt 0.551447 0.733545
vt 0.840360 0.236784
vt 0.832000 0.342587
vt 0.828442 0.342288
vt 0.830745 0.344708
vt 0.680008 0.823713
vt 0.679291 0.830826
vt 0.953046 0.493835
vt 0.669039 0.847443
vt 0.676691 0.841674
vt 0.667034 0.853637
vt 0.829094 0.172950
vt 0.831063 0.178897
vt 0.714901 0.824558
vt 0.738717 0.821296
vt 0.663335 0.860770
vt 0.792759 0.326513
vt 0.821921 0.144489
vt 0.820143 0.152032
vt 0.812303 0.123208
vt 0.816395 0.135024
vt 0.783099 0.359057
vt 0.550864 0.618100
vt 0.467342 0.915717
vt 0.730766 0.674847
vt 0.344203 0.787146
vt 0.339740 0.801787
vt 0.126882 0.385088
vt 0.192585 0.929746
vt 0.808586 0.309323
vt 0.657617 0.869452
vt 0.907495 0.447059
vt 0.989819 0.347165
vt 0.336823 0.805068
vt 0.210149 0.908195
vt 0.738527 0.315660
vt 0.215072 0.901834
vt 0.216361 0.898190
vt 0.132109 0.416012
vt 0.970879 0.500656
vt 0.539198 0.257599
vt 0.813536 0.529495
vt 0.569074 0.153391
vt 0.492882 0.260417
vt 0.474135 0.854999
vt 0.972878 0.470559
vt 0.472136 0.932332
vt 0.576832 0.076725
vt 0.729337 0.508973
vt 0.646351 0.037273
vt 0.472854 0.925286
vt 0.579246 0.073786
vt 0.572100 0.074674
vt 0.711181 0.482384
vt 0.568237 0.063528
vt 0.569123 0.058252
vt 0.702399 0.486391
vt 0.568922 0.055932
vt 0.730536 0.005171
vt 0.975490 0.470948
vt 0.293976 0.894088
vt 0.300885 0.888898
vt 0.854561 0.889964
vt 0.300396 0.884543
vt 0.304659 0.876728
vt 0.311623 0.872840
vt 0.134446 0.532513
vt 0.773132 0.031322
vt 0.209617 0.244200
vt 0.748622 0.933385
vt 0.240702 0.662313
vt 0.715697 0.960837
vt 0.718132 0.958569
vt 0.853565 0.357462
vt 0.850056 0.373395
vt 0.854808 0.369262
vt 0.857071 0.364805
vt 0.350837 0.760268
vt 0.700023 0.930173
vt 0.721630 0.925764
vt 0.846287 0.376273
vt 0.841712 0.374599
vt 0.192656 0.680767
vt 0.669114 0.933204
vt 0.694458 0.968038
vt 0.650418 0.582363
vt 0.649714 0.583126
vt 0.646564 0.582779
vt 0.670836 0.653095
vt 0.786718 0.817286
vt 0.705574 0.353851
vt 0.700634 0.376217
vt 0.712682 0.629947
vt 0.709308 0.636664
vt 0.710899 0.641832
vt 0.703142 0.593018
vt 0.889223 0.521890
vt 0.881568 0.535318
vt 0.884625 0.526458
vt 0.877318 0.515743
vt 0.877302 0.528260
vt 0.886629 0.508420
vt 0.878003 0.500363
vt 0.876650 0.541720
vt 0.885407 0.494192
vt 0.890460 0.544634
vt 0.889912 0.551313
vt 0.883647 0.555840
vt 0.886716 0.563232
vt 0.877763 0.564795
vt 0.877346 0.560073
vt 0.877530 0.551759
vt 0.890704 0.535929
vt 0.876683 0.497654
vt 0.886617 0.570185
vt 0.880520 0.572091
vt 0.584850 0.548520
vt 0.593044 0.542082
vt 0.768508 0.491848
vt 0.762486 0.500508
vt 0.790744 0.480083
vt 0.785055 0.479283
vt 0.785647 0.496327
vt 0.776319 0.502080
vt 0.764196 0.486073
vt 0.792529 0.472593
vt 0.982604 0.620784
vt 0.990426 0.621317
vt 0.983399 0.629747
vt 0.974957 0.628450
vt 0.976008 0.621958
vt 0.983135 0.641839
vt 0.996297 0.632549
vt 0.993621 0.644773
vt 0.982895 0.652534
vt 0.050762 0.111261
vt 0.042973 0.114231
vt 0.041512 0.109095
vt 0.038886 0.126790
vt 0.034512 0.137541
vt 0.025639 0.139517
vt 0.022353 0.127035
vt 0.028016 0.123062
vt 0.032175 0.115918
vt 0.036627 0.118112
vt 0.042935 0.139739
vt 0.048323 0.140434
vt 0.385456 0.926373
vt 0.388865 0.928343
vt 0.388442 0.924817
vt 0.041524 0.119857
vt 0.053112 0.122268
vt 0.063080 0.123445
vt 0.059240 0.128760
vt 0.058984 0.117809
vt 0.060638 0.136065
vt 0.063979 0.128948
vt 0.064925 0.133822
vt 0.059037 0.146883
vt 0.063965 0.161853
vt 0.048556 0.157562
vt 0.067200 0.150397
vt 0.387100 0.920738
vt 0.056009 0.141406
vt 0.047130 0.145259
vt 0.053665 0.113577
vt 0.065159 0.119019
vt 0.063888 0.126627
vt 0.963600 0.467570
vt 0.896461 0.170010
vt 0.897394 0.192247
vt 0.900578 0.196057
vt 0.886236 0.675112
vt 0.891476 0.677013
vt 0.879113 0.676848
vt 0.891701 0.688379
vt 0.890093 0.695221
vt 0.883483 0.690525
vt 0.879999 0.690880
vt 0.881562 0.700982
vt 0.885105 0.705322
vt 0.461242 0.063123
vt 0.463128 0.066131
vt 0.890247 0.590669
vt 0.293404 0.394800
vt 0.528998 0.538271
vt 0.533344 0.540490
vt 0.529617 0.541133
vt 0.536907 0.545487
vt 0.541097 0.544478
vt 0.546446 0.544681
vt 0.545470 0.549979
vt 0.891092 0.587057
vt 0.359827 0.735184
vt 0.364291 0.741010
vt 0.263754 0.387477
vt 0.272971 0.387785
vt 0.273355 0.392105
vt 0.263522 0.382318
vt 0.479668 0.528040
vt 0.521042 0.503904
vt 0.511967 0.494735
vt 0.533603 0.499481
vt 0.174452 0.090037
vt 0.169715 0.090619
vt 0.172936 0.082170
vt 0.927768 0.789634
vt 0.931104 0.779622
vt 0.933935 0.791866
vt 0.991176 0.610165
vt 0.986932 0.608571
vt 0.991793 0.603209
vt 0.389100 0.242244
vt 0.910427 0.748008
vt 0.379506 0.244627
vt 0.381494 0.236187
vt 0.384629 0.242299
vt 0.928648 0.766986
vt 0.926816 0.770783
vt 0.323885 0.445646
vt 0.323773 0.441051
vt 0.335811 0.425413
vt 0.333793 0.435955
vt 0.059511 0.258438
vt 0.077459 0.280645
vt 0.538699 0.115879
vt 0.536611 0.109175
vt 0.545077 0.109036
vt 0.437311 0.227933
vt 0.443572 0.223978
vt 0.449289 0.218061
vt 0.451793 0.217446
vt 0.490914 0.772216
vt 0.054147 0.254231
vt 0.055920 0.357937
vt 0.202282 0.516439
vt 0.202834 0.503270
vt 0.217928 0.506096
vt 0.514622 0.877469
vt 0.247900 0.967783
vt 0.527391 0.756630
vt 0.512729 0.740119
vt 0.536044 0.739358
vt 0.249476 0.976536
vt 0.169731 0.210754
vt 0.074395 0.887190
vt 0.125200 0.991515
vt 0.119077 0.855176
vt 0.119398 0.845294
vt 0.122066 0.848754
vt 0.222109 0.953613
vt 0.942780 0.766652
vt 0.394879 0.854035
vt 0.027412 0.802301
vt 0.976293 0.586900
vt 0.975766 0.582970
vt 0.981128 0.592880
vt 0.304086 0.402281
vt 0.315150 0.397902
vt 0.306713 0.405093
vt 0.235255 0.547485
vt 0.231780 0.561075
vt 0.224688 0.556337
vt 0.416892 0.157799
vt 0.242998 0.196610
vt 0.237716 0.193439
vt 0.243785 0.193853
vt 0.203930 0.461767
vt 0.203638 0.473529
vt 0.253981 0.430881
vt 0.227554 0.184830
vt 0.233262 0.179236
vt 0.182849 0.286154
vt 0.187935 0.263630
vt 0.046177 0.804281
vt 0.393029 0.218764
vt 0.386502 0.219565
vt 0.325507 0.226736
vt 0.320114 0.224716
vt 0.273747 0.382195
vt 0.271085 0.376838
vt 0.136512 0.744852
vt 0.137133 0.756338
vt 0.117512 0.979692
vt 0.110643 0.966411
vt 0.124478 0.819945
vt 0.138776 0.822845
vt 0.135854 0.840668
vt 0.338249 0.431171
vt 0.409951 0.216319
vt 0.409029 0.211516
vt 0.412005 0.207684
vt 0.416889 0.215742
vt 0.413759 0.201087
vt 0.422361 0.209340
vt 0.421056 0.197424
vt 0.452560 0.196435
vt 0.453359 0.186235
vt 0.466224 0.193682
vt 0.466512 0.173591
vt 0.437660 0.178127
vt 0.438191 0.164776
vt 0.459579 0.161065
vt 0.514969 0.579837
vt 0.067813 0.282311
vt 0.058553 0.286545
vt 0.441013 0.152099
vt 0.437954 0.138665
vt 0.448007 0.127395
vt 0.431838 0.127295
vt 0.431204 0.116904
vt 0.457271 0.116014
vt 0.456827 0.106244
vt 0.039650 0.298075
vt 0.051659 0.298225
vt 0.023683 0.298457
vt 0.515298 0.728951
vt 0.426242 0.745964
vt 0.149136 0.929682
vt 0.142019 0.914454
vt 0.160705 0.914126
vt 0.524384 0.797833
vt 0.504042 0.808331
vt 0.533516 0.840951
vt 0.536709 0.830359
vt 0.537257 0.843053
vt 0.537556 0.852444
vt 0.524578 0.859972
vt 0.511052 0.855713
vt 0.512424 0.866972
vt 0.150332 0.889367
vt 0.147964 0.878917
vt 0.164301 0.880145
vt 0.169735 0.880195
vt 0.168281 0.886159
vt 0.517922 0.871139
vt 0.526833 0.865150
vt 0.141879 0.865912
vt 0.126706 0.861056
vt 0.512747 0.915217
vt 0.509004 0.906965
vt 0.515088 0.907196
vt 0.535244 0.952094
vt 0.517011 0.937772
vt 0.532106 0.935173
vt 0.519516 0.952358
vt 0.527282 0.956349
vt 0.520974 0.967395
vt 0.172573 0.818821
vt 0.162652 0.826539
vt 0.395709 0.225326
vt 0.396737 0.236310
vt 0.390914 0.232757
vt 0.365000 0.217314
vt 0.344000 0.195409
vt 0.337593 0.192696
vt 0.325649 0.202668
vt 0.318861 0.218166
vt 0.307191 0.220581
vt 0.162136 0.760518
vt 0.172775 0.751172
vt 0.018970 0.776596
vt 0.032210 0.780145
vt 0.031464 0.791868
vt 0.285328 0.192461
vt 0.261748 0.172858
vt 0.271809 0.168784
vt 0.528907 0.491763
vt 0.520817 0.483679
vt 0.178473 0.084831
vt 0.177623 0.094300
vt 0.552077 0.494946
vt 0.541470 0.498328
vt 0.547471 0.492148
vt 0.548847 0.483617
vt 0.552915 0.486572
vt 0.044462 0.847564
vt 0.046968 0.836871
vt 0.052215 0.853827
vt 0.173430 0.098441
vt 0.993340 0.607669
vt 0.990840 0.595699
vt 0.998180 0.579768
vt 0.997802 0.586210
vt 0.048703 0.864377
vt 0.054151 0.867418
vt 0.046824 0.872390
vt 0.997679 0.575832
vt 0.986166 0.567202
vt 0.997116 0.565845
vt 0.051425 0.888197
vt 0.048040 0.884145
vt 0.047243 0.881058
vt 0.989977 0.562450
vt 0.993697 0.563087
vt 0.062969 0.924582
vt 0.056639 0.910966
vt 0.080822 0.908418
vt 0.076774 0.931058
vt 0.053645 0.912571
vt 0.086455 0.926865
vt 0.090589 0.937082
vt 0.211549 0.563074
vt 0.218584 0.562091
vt 0.200317 0.512781
vt 0.213624 0.471345
vt 0.211899 0.497831
vt 0.203754 0.486211
vt 0.224107 0.438486
vt 0.247364 0.444364
vt 0.234164 0.456847
vt 0.225416 0.411530
vt 0.234949 0.428359
vt 0.214568 0.422142
vt 0.205288 0.405882
vt 0.203974 0.416633
vt 0.257262 0.386231
vt 0.254970 0.382989
vt 0.232507 0.384629
vt 0.215427 0.370818
vt 0.226717 0.353844
vt 0.221508 0.332271
vt 0.218130 0.351692
vt 0.206792 0.335124
vt 0.258960 0.340518
vt 0.268913 0.336068
vt 0.272360 0.341210
vt 0.274363 0.324029
vt 0.275304 0.333436
vt 0.281248 0.388587
vt 0.273489 0.335257
vt 0.276583 0.330421
vt 0.251353 0.332509
vt 0.259838 0.323320
vt 0.297620 0.386861
vt 0.311612 0.383383
vt 0.273231 0.310475
vt 0.284281 0.310811
vt 0.280844 0.302715
vt 0.935913 0.769943
vt 0.343112 0.406517
vt 0.351563 0.408505
vt 0.291437 0.299234
vt 0.287316 0.310056
vt 0.352504 0.411879
vt 0.202887 0.296113
vt 0.219708 0.312752
vt 0.212157 0.317835
vt 0.292625 0.293586
vt 0.295718 0.289672
vt 0.295727 0.293387
vt 0.301027 0.232060
vt 0.292897 0.239286
vt 0.293122 0.229047
vt 0.157825 0.244338
vt 0.169851 0.264380
vt 0.175301 0.244596
vt 0.830839 0.538943
vt 0.846349 0.541678
vt 0.134937 0.182299
vt 0.134680 0.197294
vt 0.118407 0.188269
vt 0.126348 0.172656
vt 0.115546 0.168660
vt 0.128930 0.163324
vt 0.384659 0.756142
vt 0.550328 0.546670
vt 0.549940 0.553964
vt 0.358437 0.731429
vt 0.488871 0.524718
vt 0.169293 0.082766
vt 0.923033 0.771823
vt 0.921950 0.779471
vt 0.306269 0.431628
vt 0.313080 0.424894
vt 0.510022 0.605086
vt 0.514343 0.611806
vt 0.227084 0.953486
vt 0.233956 0.961038
vt 0.947100 0.769314
vt 0.937904 0.530005
vt 0.936036 0.522808
vt 0.932291 0.531729
vt 0.239981 0.963030
vt 0.515654 0.944188
vt 0.265783 0.366790
vt 0.270331 0.366791
vt 0.398299 0.848061
vt 0.418349 0.170790
vt 0.177031 0.812412
vt 0.052169 0.900604
vt 0.049348 0.797520
vt 0.426186 0.211426
vt 0.421908 0.219253
vt 0.426513 0.222048
vt 0.430292 0.213907
vt 0.430227 0.223403
vt 0.521619 0.606842
vt 0.527173 0.590466
vt 0.533530 0.597559
vt 0.422654 0.190079
vt 0.427860 0.194227
vt 0.472323 0.193301
vt 0.516374 0.597047
vt 0.512306 0.590659
vt 0.080767 0.274569
vt 0.077810 0.282335
vt 0.465774 0.161711
vt 0.467380 0.169128
vt 0.074051 0.279524
vt 0.089317 0.269334
vt 0.424949 0.168041
vt 0.459855 0.145147
vt 0.071223 0.281973
vt 0.462925 0.152446
vt 0.460547 0.126154
vt 0.421226 0.121679
vt 0.053854 0.291074
vt 0.454820 0.096517
vt 0.514029 0.719451
vt 0.151865 0.958590
vt 0.125001 0.944606
vt 0.145242 0.945644
vt 0.131546 0.929722
vt 0.501267 0.747922
vt 0.514682 0.775764
vt 0.524609 0.788025
vt 0.517228 0.792890
vt 0.506434 0.791584
vt 0.527534 0.821569
vt 0.524928 0.810057
vt 0.134157 0.906599
vt 0.149691 0.898045
vt 0.506413 0.847929
vt 0.502441 0.830318
vt 0.163306 0.898229
vt 0.167226 0.892577
vt 0.137267 0.886013
vt 0.527245 0.870724
vt 0.169010 0.871331
vt 0.404903 0.843856
vt 0.516197 0.918754
vt 0.525722 0.122165
vt 0.523297 0.120492
vt 0.532290 0.116235
vt 0.178577 0.840075
vt 0.178080 0.846991
vt 0.174181 0.855631
vt 0.518440 0.128578
vt 0.513414 0.130905
vt 0.520172 0.926846
vt 0.543225 0.953792
vt 0.545651 0.942759
vt 0.174727 0.831950
vt 0.178598 0.833479
vt 0.536941 0.959092
vt 0.526396 0.964862
vt 0.518826 0.960377
vt 0.151238 0.787566
vt 0.167041 0.782168
vt 0.174544 0.792374
vt 0.360696 0.212649
vt 0.339015 0.220919
vt 0.347421 0.224204
vt 0.344332 0.232695
vt 0.129950 0.776974
vt 0.130790 0.790318
vt 0.173485 0.770222
vt 0.311541 0.182796
vt 0.919718 0.583590
vt 0.314334 0.178476
vt 0.299158 0.202317
vt 0.307699 0.175907
vt 0.009889 0.767006
vt 0.287052 0.166456
vt 0.280309 0.167393
vt 0.015184 0.777165
vt 0.016442 0.782619
vt 0.019049 0.790545
vt 0.500361 0.434896
vt 0.504472 0.442176
vt 0.516743 0.447815
vt 0.507501 0.470054
vt 0.224837 0.187718
vt 0.228305 0.190372
vt 0.551522 0.482449
vt 0.034546 0.824907
vt 0.476146 0.536113
vt 0.979567 0.608885
vt 0.980455 0.604115
vt 0.980045 0.574610
vt 0.097721 0.949612
vt 0.205574 0.551862
vt 0.224684 0.562744
vt 0.238434 0.533074
vt 0.237964 0.492130
vt 0.240272 0.480138
vt 0.228446 0.471952
vt 0.206243 0.451146
vt 0.202960 0.437221
vt 0.256282 0.426662
vt 0.253822 0.422539
vt 0.256456 0.418925
vt 0.254922 0.410787
vt 0.245823 0.414015
vt 0.268855 0.350434
vt 0.261387 0.347558
vt 0.270834 0.346543
vt 0.249924 0.326509
vt 0.259737 0.313167
vt 0.296449 0.391373
vt 0.288476 0.390783
vt 0.297039 0.395199
vt 0.278537 0.327418
vt 0.299222 0.399243
vt 0.283919 0.317687
vt 0.264075 0.302795
vt 0.332039 0.407322
vt 0.315117 0.410622
vt 0.326943 0.392833
vt 0.285808 0.314065
vt 0.359728 0.408237
vt 0.342186 0.421844
vt 0.268982 0.294197
vt 0.868717 0.463875
vt 0.290252 0.269092
vt 0.299286 0.273356
vt 0.284906 0.283186
vt 0.300322 0.279927
vt 0.301331 0.274769
vt 0.299132 0.282707
vt 0.302357 0.263338
vt 0.175539 0.295110
vt 0.302934 0.270426
vt 0.307917 0.255577
vt 0.305470 0.264634
vt 0.293516 0.257044
vt 0.285135 0.247649
vt 0.284054 0.254331
vt 0.287869 0.240590
vt 0.869231 0.530743
vt 0.830913 0.510150
vt 0.145967 0.243026
vt 0.162557 0.235879
vt 0.130714 0.223838
vt 0.128789 0.212702
vt 0.138340 0.231032
vt 0.145238 0.189126
vt 0.153572 0.181457
vt 0.116289 0.194395
vt 0.123609 0.201531
vt 0.145055 0.172268
vt 0.130476 0.156361
vt 0.232575 0.975552
vt 0.242999 0.987882
vt 0.238219 0.995877
vt 0.291614 0.399662
vt 0.408012 0.215776
vt 0.410934 0.204565
vt 0.508511 0.504603
vt 0.388206 0.239278
vt 0.316428 0.421785
vt 0.322538 0.417939
vt 0.285395 0.384361
vt 0.129152 0.992408
vt 0.535917 0.118599
vt 0.545383 0.759548
vt 0.540015 0.770475
vt 0.543677 0.758488
vt 0.515121 0.928402
vt 0.423847 0.773304
vt 0.513268 0.898832
vt 0.525879 0.889150
vt 0.269838 0.357728
vt 0.151141 0.967530
vt 0.254668 0.403623
vt 0.179074 0.826536
vt 0.046192 0.788251
vt 0.420541 0.148752
vt 0.199906 0.346831
vt 0.202608 0.363206
vt 0.198710 0.354704
vt 0.277588 0.275762
vt 0.280086 0.264872
vt 0.313199 0.223254
vt 0.421515 0.096590
vt 0.143294 0.736157
vt 0.146887 0.753234
vt 0.139660 0.741568
vt 0.540003 0.576074
vt 0.443591 0.115529
vt 0.448633 0.102330
vt 0.440192 0.092114
vt 0.132992 0.955806
vt 0.528052 0.730618
vt 0.124727 0.953392
vt 0.513494 0.753602
vt 0.501899 0.774979
vt 0.520601 0.830393
vt 0.526498 0.879492
vt 0.162148 0.853168
vt 0.123715 0.834902
vt 0.926538 0.533019
vt 0.914760 0.526296
vt 0.922560 0.520644
vt 0.926333 0.541792
vt 0.319624 0.193910
vt 0.273389 0.205128
vt 0.279544 0.211992
vt 0.273934 0.210564
vt 0.041742 0.812511
vt 0.530799 0.469125
vt 0.512944 0.504343
vt 0.509637 0.510117
vt 0.478198 0.534326
vt 0.225713 0.583635
vt 0.066812 0.937941
vt 0.077955 0.942231
vt 0.210127 0.542937
vt 0.226152 0.517129
vt 0.229081 0.502512
vt 0.230443 0.484428
vt 0.248627 0.428939
vt 0.202997 0.425964
vt 0.217969 0.393974
vt 0.201557 0.400713
vt 0.224468 0.382346
vt 0.240118 0.368332
vt 0.240996 0.338017
vt 0.192735 0.327417
vt 0.338434 0.390448
vt 0.313304 0.411767
vt 0.339543 0.405461
vt 0.338143 0.412237
vt 0.334115 0.418574
vt 0.328755 0.443517
vt 0.937490 0.776536
vt 0.272161 0.285836
vt 0.183547 0.310306
vt 0.158726 0.266018
vt 0.212504 0.962007
vt 0.208256 0.949022
vt 0.231181 0.984027
vt 0.220100 0.977319
vt 0.541995 0.558091
vt 0.303996 0.434555
vt 0.239897 0.973907
vt 0.422544 0.801175
vt 0.193339 0.150221
vt 0.285303 0.209650
vt 0.512386 0.698570
vt 0.513850 0.709534
vt 0.024597 0.310033
vt 0.020985 0.305689
vt 0.034698 0.327097
vt 0.423819 0.728601
vt 0.419634 0.719922
vt 0.533524 0.729313
vt 0.535586 0.753876
vt 0.425241 0.763331
vt 0.492843 0.766019
vt 0.419843 0.780458
vt 0.534089 0.819625
vt 0.131318 0.886029
vt 0.540106 0.102715
vt 0.523780 0.106529
vt 0.120215 0.838244
vt 0.537638 0.919677
vt 0.541813 0.928070
vt 0.120915 0.834965
vt 0.122962 0.824037
vt 0.149497 0.838298
vt 0.125666 0.811036
vt 0.130792 0.801321
vt 0.129436 0.816107
vt 0.329213 0.215209
vt 0.298101 0.213548
vt 0.917899 0.601182
vt 0.137525 0.737094
vt 0.047137 0.763396
vt 0.027125 0.767456
vt 0.002520 0.765210
vt 0.174009 0.742161
vt 0.196311 0.175879
vt 0.497497 0.527557
vt 0.490912 0.533227
vt 0.497359 0.520456
vt 0.101749 0.959091
vt 0.200773 0.437398
vt 0.201165 0.431245
vt 0.200580 0.423195
vt 0.201635 0.406052
vt 0.201425 0.392164
vt 0.254393 0.394846
vt 0.253333 0.396864
vt 0.255297 0.389712
vt 0.255746 0.399189
vt 0.207590 0.379525
vt 0.199991 0.362078
vt 0.253664 0.361913
vt 0.249738 0.350025
vt 0.206122 0.350447
vt 0.840852 0.431496
vt 0.311123 0.408450
vt 0.266649 0.298330
vt 0.940091 0.773452
vt 0.160238 0.277631
vt 0.147331 0.205355
vt 0.115048 0.188047
vt 0.120623 0.162571
vt 0.550690 0.545100
vt 0.265834 0.390704
vt 0.259844 0.389699
vt 0.510484 0.081594
vt 0.514799 0.082472
vt 0.521585 0.093817
vt 0.464698 0.157442
vt 0.546607 0.750532
vt 0.527951 0.777641
vt 0.125853 0.815262
vt 0.135207 0.771201
vt 0.131433 0.771397
vt 0.258035 0.198823
vt 0.537893 0.474378
vt 0.990225 0.599131
vt 0.978621 0.600130
vt 0.238829 0.502889
vt 0.216069 0.458642
vt 0.237808 0.404617
vt 0.249735 0.383267
vt 0.307725 0.236538
vt 0.161172 0.212662
vt 0.422486 0.741648
vt 0.121297 0.861091
vt 0.993182 0.600808
vt 0.238896 0.395226
vt 0.077854 0.282446
vt 0.543107 0.735934
vt 0.420127 0.786215
vt 0.414193 0.839797
vt 0.036961 0.759577
vt 0.260179 0.202825
vt 0.255707 0.200889
vt 0.547325 0.476726
vt 0.218606 0.181052
vt 0.220190 0.184791
vt 0.215610 0.181470
vt 0.338020 0.402785
vt 0.278702 0.271617
vt 0.370428 0.227548
vt 0.508857 0.598696
vt 0.507477 0.599168
vt 0.503860 0.589801
vt 0.129895 0.996761
vt 0.419356 0.794474
vt 0.525096 0.086453
vt 0.428910 0.105615
vt 0.309632 0.222787
vt 0.201438 0.414950
vt 0.543723 0.744458
vt 0.502333 0.764685
vt 0.528427 0.803543
vt 0.388900 0.842192
vt 0.383601 0.855432
vt 0.206040 0.539704
vt 0.207035 0.529634
vt 0.977507 0.590755
vt 0.437258 0.200264
vt 0.477433 0.196662
vt 0.473303 0.198432
vt 0.434738 0.094870
vt 0.543694 0.768752
vt 0.531539 0.861961
vt 0.391742 0.859407
vt 0.139320 0.735271
vt 0.248918 0.172290
vt 0.226953 0.180089
vt 0.067106 0.945510
vt 0.263906 0.354315
vt 0.159223 0.231044
vt 0.408198 0.840581
vt 0.453051 0.215238
vt 0.549639 0.099188
vt 0.241926 0.176282
vt 0.150590 0.223821
vt 0.191744 0.136480
vt 0.232790 0.191124
vt 0.029108 0.329641
vt 0.530100 0.082249
vt 0.421827 0.806136
vt 0.544068 0.583973
vt 0.983288 0.613800
vt 0.542991 0.956551
vt 0.370009 0.241022
vt 0.553665 0.580109
vt 0.549010 0.576366
vt 0.529004 0.898290
vt 0.988832 0.614581
vt 0.657322 0.089560
vt 0.658282 0.089906
vt 0.657048 0.092558
vt 0.657737 0.108581
vt 0.654835 0.094108
vt 0.652447 0.103180
vt 0.645853 0.109126
vt 0.655057 0.085887
vt 0.657256 0.115159
vt 0.651386 0.108733
vt 0.654873 0.111475
vt 0.651044 0.112730
s 0
usemtl _texture
f 4/1/1 69/2/1 5/3/1
f 9/4/2 10/5/2 2400/6/2
f 3/7/3 3068/8/3 14/9/3
f 2733/10/4 15/11/4 16/12/4
f 15/11/5 17/13/5 18/14/5
f 989/15/6 24/16/6 25/17/6
f 26/18/7 27/19/7 28/20/7
f 1644/21/8 45/22/8 46/23/8
f 34/24/9 21/25/9 20/26/9
f 33/27/10 34/24/10 20/26/10
f 20/26/11 58/28/11 33/27/11
f 20/26/12 11/29/12 58/28/12
f 63/30/13 61/31/13 64/32/13
f 448/33/14 67/34/14 68/35/14
f 39/36/15 744/37/15 3846/38/15
f 39/36/16 3846/38/16 69/2/16
f 63/30/17 64/32/17 1934/39/17
f 11/29/18 37/40/18 58/28/18
f 75/41/19 31/42/19 21/25/19
f 21/25/20 34/24/20 32/43/20
f 76/44/21 77/45/21 78/46/21
f 32/43/22 34/24/22 33/27/22
f 38/47/23 73/48/23 569/49/23
f 81/50/24 82/51/24 83/52/24
f 32/43/25 58/28/25 86/53/25
f 38/47/26 569/49/26 109/54/26
f 56/55/27 57/56/27 55/57/27
f 99/58/28 75/41/28 21/25/28
f 37/40/29 86/53/29 58/28/29
f 762/59/30 738/60/30 98/61/30
f 87/62/31 37/40/31 109/54/31
f 95/63/32 1945/64/32 3246/65/32
f 99/58/33 21/25/33 32/43/33
f 99/58/34 32/43/34 100/66/34
f 101/67/35 102/68/35 103/69/35
f 116/70/36 105/71/36 106/72/36
f 93/73/37 88/74/37 94/75/37
f 111/76/38 267/77/38 112/78/38
f 122/79/39 86/53/39 37/40/39
f 38/47/40 37/40/40 11/29/40
f 120/80/41 37/40/41 87/62/41
f 120/80/42 87/62/42 107/81/42
f 87/62/43 109/54/43 110/82/43
f 148/83/44 632/84/44 634/85/44
f 100/66/45 32/43/45 121/86/45
f 32/43/46 86/53/46 121/86/46
f 122/79/47 37/40/47 119/87/47
f 87/62/48 110/82/48 107/81/48
f 593/88/49 125/89/49 110/82/49
f 143/90/50 75/41/50 126/91/50
f 129/92/51 130/93/51 120/80/51
f 204/94/52 131/95/52 163/96/52
f 131/97/53 129/92/53 107/81/53
f 131/97/54 107/81/54 128/98/54
f 840/99/55 1943/100/55 133/101/55
f 133/101/56 1943/100/56 134/102/56
f 135/103/57 136/104/57 723/105/57
f 140/106/58 139/107/58 2743/108/58
f 146/109/59 149/110/59 147/111/59
f 770/112/60 148/83/60 1301/113/60
f 149/110/61 140/106/61 147/111/61
f 442/114/62 152/115/62 504/116/62
f 2441/117/63 153/118/63 96/119/63
f 188/120/64 149/110/64 146/109/64
f 155/121/65 147/111/65 150/122/65
f 147/111/66 145/123/66 150/122/66
f 166/124/67 126/91/67 99/58/67
f 165/125/68 150/122/68 151/126/68
f 155/121/69 146/109/69 147/111/69
f 174/127/70 175/128/70 176/129/70
f 173/130/71 172/131/71 150/122/71
f 580/132/72 715/133/72 177/134/72
f 793/135/73 715/133/73 580/132/73
f 132/136/74 99/58/74 209/137/74
f 637/138/75 181/139/75 183/140/75
f 173/130/76 150/122/76 165/125/76
f 155/121/77 150/122/77 172/131/77
f 173/130/78 165/125/78 156/141/78
f 173/130/79 156/141/79 193/142/79
f 195/143/80 196/144/80 197/145/80
f 198/146/81 155/121/81 172/131/81
f 178/147/82 100/66/82 121/86/82
f 121/86/83 86/53/83 122/79/83
f 201/148/84 202/149/84 200/150/84
f 205/151/85 131/95/85 164/152/85
f 99/58/86 132/136/86 166/124/86
f 209/137/87 99/58/87 100/66/87
f 121/86/88 122/79/88 199/153/88
f 161/154/89 127/155/89 203/156/89
f 131/95/90 205/151/90 163/96/90
f 173/130/91 176/129/91 175/128/91
f 176/129/92 173/130/92 193/142/92
f 125/89/93 213/157/93 207/158/93
f 132/136/94 209/137/94 166/124/94
f 209/137/95 100/66/95 178/147/95
f 178/147/96 121/86/96 219/159/96
f 244/160/97 163/96/97 205/151/97
f 186/161/98 224/162/98 191/163/98
f 208/164/99 209/137/99 229/165/99
f 230/166/100 209/137/100 178/147/100
f 121/86/101 199/153/101 219/159/101
f 198/146/102 146/109/102 155/121/102
f 230/166/103 235/167/103 233/168/103
f 35/169/104 3849/170/104 226/171/104
f 223/172/105 279/173/105 193/142/105
f 225/174/106 242/175/106 241/176/106
f 258/177/107 146/109/107 198/146/107
f 200/150/108 236/178/108 201/148/108
f 230/166/109 178/147/109 253/179/109
f 219/159/110 253/179/110 178/147/110
f 1242/180/111 1244/181/111 203/156/111
f 243/182/112 203/156/112 130/183/112
f 163/96/113 257/184/113 204/94/113
f 273/185/114 163/96/114 244/160/114
f 258/177/115 144/186/115 146/109/115
f 172/131/116 175/128/116 198/146/116
f 282/187/117 219/159/117 283/188/117
f 283/188/118 219/159/118 199/153/118
f 200/150/119 264/189/119 236/178/119
f 174/127/120 176/129/120 254/190/120
f 271/191/121 232/192/121 270/193/121
f 258/177/122 270/193/122 144/186/122
f 3301/194/123 261/195/123 3281/196/123
f 276/197/124 277/198/124 251/199/124
f 290/200/125 262/201/125 174/127/125
f 176/129/126 279/173/126 254/190/126
f 280/202/127 275/203/127 281/204/127
f 284/205/128 283/206/128 239/207/128
f 267/77/129 223/172/129 266/208/129
f 286/209/130 271/191/130 270/193/130
f 198/146/131 289/210/131 258/177/131
f 257/184/132 163/96/132 273/185/132
f 272/211/133 273/185/133 244/160/133
f 292/212/134 279/173/134 255/213/134
f 278/214/135 256/215/135 202/149/135
f 270/193/136 258/177/136 286/209/136
f 289/210/137 198/146/137 262/201/137
f 254/190/138 290/200/138 174/127/138
f 255/213/139 279/173/139 223/172/139
f 253/179/140 219/159/140 300/216/140
f 264/189/141 200/150/141 287/217/141
f 265/218/142 282/187/142 283/188/142
f 303/219/143 304/220/143 305/221/143
f 284/222/144 221/223/144 291/224/144
f 289/210/145 296/225/145 286/209/145
f 286/209/146 258/177/146 289/210/146
f 262/201/147 290/200/147 289/210/147
f 290/200/148 254/190/148 349/226/148
f 292/212/149 254/190/149 279/173/149
f 309/227/150 271/191/150 286/209/150
f 296/225/151 307/228/151 310/229/151
f 310/229/152 301/230/152 296/225/152
f 296/225/153 289/210/153 290/200/153
f 307/228/154 296/225/154 290/200/154
f 311/231/155 312/232/155 313/233/155
f 349/226/156 307/228/156 290/200/156
f 301/230/157 309/227/157 286/209/157
f 316/234/158 301/230/158 317/235/158
f 300/216/159 219/159/159 282/187/159
f 321/236/160 306/237/160 320/238/160
f 325/239/161 327/240/161 124/241/161
f 215/242/162 328/243/162 214/244/162
f 1044/245/163 331/246/163 330/247/163
f 333/248/164 1334/249/164 334/250/164
f 333/248/165 1440/251/165 335/252/165
f 287/217/166 332/253/166 302/254/166
f 346/255/167 347/256/167 348/257/167
f 316/234/168 350/258/168 315/259/168
f 309/227/169 316/234/169 315/259/169
f 316/234/170 309/227/170 301/230/170
f 351/260/171 339/261/171 352/262/171
f 317/235/172 301/230/172 339/261/172
f 339/261/173 310/229/173 353/263/173
f 356/264/174 357/265/174 358/266/174
f 267/77/175 255/213/175 223/172/175
f 318/267/176 360/268/176 1625/269/176
f 362/270/177 363/271/177 364/272/177
f 319/273/178 282/187/178 265/218/178
f 265/218/179 291/224/179 306/237/179
f 291/224/180 221/223/180 320/238/180
f 306/237/181 291/224/181 320/238/181
f 256/215/182 278/214/182 368/274/182
f 316/234/183 317/235/183 376/275/183
f 376/275/184 350/258/184 316/234/184
f 353/263/185 352/262/185 339/261/185
f 352/262/186 364/272/186 399/276/186
f 379/277/187 380/278/187 381/279/187
f 382/280/188 380/278/188 379/277/188
f 353/263/189 349/226/189 359/281/189
f 388/282/190 372/283/190 384/284/190
f 388/282/191 389/285/191 111/76/191
f 255/213/192 267/77/192 390/286/192
f 319/273/193 300/216/193 282/187/193
f 424/287/194 319/273/194 365/288/194
f 365/288/195 319/273/195 265/218/195
f 321/236/196 304/220/196 306/237/196
f 391/289/197 392/290/197 393/291/197
f 374/292/198 375/293/198 315/259/198
f 351/260/199 317/235/199 339/261/199
f 392/290/200 401/294/200 393/291/200
f 402/295/201 403/296/201 391/289/201
f 404/297/202 402/295/202 405/298/202
f 408/299/203 409/300/203 215/242/203
f 361/301/204 411/302/204 318/303/204
f 368/274/205 314/304/205 412/305/205
f 303/219/206 365/288/206 306/237/206
f 306/237/207 304/220/207 303/219/207
f 416/306/208 418/307/208 507/308/208
f 371/309/209 1017/310/209 446/311/209
f 384/284/210 444/312/210 395/313/210
f 422/314/211 375/293/211 374/292/211
f 411/302/212 319/273/212 433/315/212
f 433/315/213 319/273/213 424/287/213
f 303/219/214 425/316/214 365/288/214
f 351/260/215 376/275/215 317/235/215
f 411/302/216 433/315/216 1088/317/216
f 359/281/217 364/272/217 353/263/217
f 364/272/218 359/281/218 362/270/218
f 152/115/219 116/70/219 117/318/219
f 437/319/220 438/320/220 439/321/220
f 406/322/221 440/323/221 402/295/221
f 384/284/222 441/324/222 388/282/222
f 412/305/223 314/304/223 413/325/223
f 431/326/224 447/327/224 448/33/224
f 449/328/225 365/288/225 425/316/225
f 450/329/226 212/330/226 890/331/226
f 419/332/227 446/311/227 8/333/227
f 455/334/228 424/287/228 365/288/228
f 398/335/229 501/336/229 428/337/229
f 397/338/230 315/259/230 350/258/230
f 428/337/231 350/258/231 376/275/231
f 376/275/232 398/335/232 428/337/232
f 430/339/233 400/340/233 436/341/233
f 455/334/234 365/288/234 449/328/234
f 452/342/235 461/343/235 478/344/235
f 399/276/236 364/272/236 363/271/236
f 462/345/237 215/242/237 409/300/237
f 471/346/238 51/347/238 424/287/238
f 466/348/239 465/349/239 412/305/239
f 413/325/240 466/348/240 412/305/240
f 471/346/241 424/287/241 455/334/241
f 455/334/242 449/328/242 459/350/242
f 470/351/243 478/344/243 461/343/243
f 436/341/244 362/270/244 117/318/244
f 471/346/245 455/334/245 472/352/245
f 472/352/246 455/334/246 492/353/246
f 43/354/247 480/355/247 409/300/247
f 111/76/248 389/285/248 267/77/248
f 478/344/249 479/356/249 477/357/249
f 456/358/250 478/344/250 490/359/250
f 490/359/251 478/344/251 470/351/251
f 422/314/252 458/360/252 491/361/252
f 423/362/253 422/314/253 374/292/253
f 494/363/254 493/364/254 456/358/254
f 429/365/255 511/366/255 396/367/255
f 479/356/256 456/358/256 493/364/256
f 436/341/257 400/340/257 363/271/257
f 399/276/258 363/271/258 400/340/258
f 497/368/259 470/351/259 461/343/259
f 436/341/260 117/318/260 116/70/260
f 389/285/261 442/114/261 504/116/261
f 442/114/262 389/285/262 388/282/262
f 441/324/263 395/313/263 394/369/263
f 507/308/264 418/307/264 419/332/264
f 507/308/265 419/332/265 454/370/265
f 157/371/266 159/372/266 496/373/266
f 509/374/267 472/352/267 492/353/267
f 466/348/268 413/325/268 467/375/268
f 494/363/269 456/358/269 490/359/269
f 511/366/270 423/362/270 396/367/270
f 436/341/271 116/70/271 501/336/271
f 160/376/272 501/336/272 116/70/272
f 496/373/273 158/377/273 157/371/273
f 509/374/274 492/353/274 514/378/274
f 532/379/275 479/356/275 493/364/275
f 535/380/276 508/381/276 422/314/276
f 535/380/277 422/314/277 491/361/277
f 422/314/278 423/362/278 458/360/278
f 498/382/279 497/368/279 461/343/279
f 499/383/280 524/384/280 521/385/280
f 504/116/281 1401/386/281 389/285/281
f 416/306/282 50/387/282 486/388/282
f 422/314/283 508/381/283 375/293/283
f 496/389/284 472/352/284 509/374/284
f 514/378/285 492/353/285 179/390/285
f 534/391/286 490/359/286 470/351/286
f 534/391/287 470/351/287 497/368/287
f 423/362/288 338/392/288 458/360/288
f 338/392/289 423/362/289 511/366/289
f 507/308/290 536/393/290 416/306/290
f 537/394/291 507/308/291 454/370/291
f 522/395/292 539/396/292 523/397/292
f 709/398/293 2625/399/293 528/400/293
f 345/401/294 603/402/294 521/385/294
f 460/403/295 545/404/295 546/405/295
f 485/406/296 550/407/296 952/408/296
f 485/406/297 480/355/297 43/354/297
f 579/409/298 551/410/298 485/406/298
f 509/374/299 514/378/299 529/411/299
f 493/364/300 494/363/300 582/412/300
f 519/413/301 494/363/301 490/359/301
f 537/394/302 454/370/302 562/414/302
f 562/414/303 454/370/303 525/415/303
f 563/416/304 564/417/304 565/418/304
f 540/419/305 542/420/305 528/400/305
f 541/421/306 563/416/306 540/419/306
f 540/419/307 563/416/307 542/420/307
f 375/293/308 508/381/308 569/49/308
f 593/88/309 508/381/309 535/380/309
f 573/422/310 574/423/310 575/424/310
f 537/394/311 536/393/311 507/308/311
f 580/425/312 180/426/312 182/427/312
f 529/428/313 476/429/313 554/430/313
f 495/431/314 493/364/314 582/412/314
f 582/412/315 494/363/315 519/413/315
f 519/413/316 490/359/316 534/391/316
f 557/432/317 534/391/317 497/368/317
f 557/432/318 497/368/318 558/433/318
f 558/433/319 497/368/319 498/382/319
f 540/419/320 528/400/320 1023/434/320
f 566/435/321 584/436/321 541/421/321
f 978/437/322 566/435/322 540/419/322
f 338/392/323 511/366/323 559/438/323
f 589/439/324 1007/440/324 576/441/324
f 590/442/325 576/441/325 536/393/325
f 540/419/326 1023/434/326 978/437/326
f 541/421/327 540/419/327 566/435/327
f 569/49/328 508/381/328 593/88/328
f 529/428/329 554/430/329 158/377/329
f 180/426/330 514/378/330 179/390/330
f 556/443/331 183/140/331 531/444/331
f 609/445/332 495/431/332 582/412/332
f 586/446/333 458/360/333 338/392/333
f 598/447/334 338/392/334 559/438/334
f 590/442/335 589/439/335 576/441/335
f 536/393/336 537/394/336 590/442/336
f 584/436/337 566/435/337 583/448/337
f 549/449/338 592/450/338 601/451/338
f 604/452/339 687/453/339 605/454/339
f 608/455/340 535/380/340 491/361/340
f 608/455/341 491/361/341 585/456/341
f 570/457/342 458/360/342 597/458/342
f 586/446/343 597/458/343 458/360/343
f 476/429/344 580/132/344 177/134/344
f 476/429/345 529/459/345 580/132/345
f 580/425/346 529/411/346 180/426/346
f 531/444/347 532/379/347 556/443/347
f 534/391/348 557/432/348 613/460/348
f 582/412/349 519/413/349 614/461/349
f 613/460/350 614/461/350 519/413/350
f 519/413/351 534/391/351 613/460/351
f 596/462/352 557/432/352 558/433/352
f 326/463/353 681/464/353 618/465/353
f 109/54/354 569/49/354 593/88/354
f 586/446/355 623/466/355 597/458/355
f 586/446/356 338/392/356 598/447/356
f 587/467/357 598/447/357 559/438/357
f 589/439/358 624/468/358 1007/440/358
f 537/394/359 79/469/359 590/442/359
f 629/470/360 189/471/360 627/472/360
f 584/436/361 583/448/361 620/473/361
f 125/89/362 535/380/362 608/455/362
f 585/456/363 570/457/363 668/474/363
f 181/139/364 182/427/364 183/140/364
f 183/140/365 182/427/365 531/444/365
f 556/443/366 495/431/366 609/445/366
f 582/412/367 614/461/367 640/475/367
f 640/475/368 612/476/368 582/412/368
f 615/477/369 613/460/369 557/432/369
f 597/458/370 623/466/370 622/478/370
f 590/442/371 79/469/371 2473/479/371
f 626/480/372 3869/481/372 3864/482/372
f 545/404/373 643/483/373 642/484/373
f 620/473/374 583/448/374 631/485/374
f 631/485/375 583/448/375 600/486/375
f 643/483/376 545/404/376 994/487/376
f 648/488/377 608/455/377 585/456/377
f 648/488/378 585/456/378 668/474/378
f 651/489/379 578/490/379 952/408/379
f 586/446/380 598/447/380 619/491/380
f 619/491/381 598/447/381 587/467/381
f 308/492/382 626/480/382 3864/482/382
f 646/493/383 909/494/383 567/495/383
f 685/496/384 158/377/384 554/430/384
f 620/473/385 631/485/385 644/497/385
f 685/496/386 554/430/386 295/498/386
f 295/498/387 554/430/387 633/499/387
f 909/494/388 660/500/388 567/495/388
f 637/138/389 183/140/389 556/443/389
f 637/138/390 556/443/390 609/445/390
f 125/89/391 608/455/391 213/157/391
f 640/475/392 614/461/392 639/501/392
f 694/502/393 639/501/393 613/460/393
f 597/458/394 650/503/394 570/457/394
f 619/491/395 587/467/395 618/465/395
f 668/474/396 570/457/396 650/503/396
f 678/504/397 623/466/397 680/505/397
f 623/466/398 586/446/398 681/464/398
f 793/135/399 580/132/399 181/506/399
f 637/507/400 609/508/400 610/509/400
f 609/508/401 686/510/401 610/509/401
f 666/511/402 717/512/402 640/475/402
f 667/513/403 666/511/403 640/475/403
f 639/501/404 614/461/404 613/460/404
f 613/460/405 693/514/405 694/502/405
f 632/84/406 613/460/406 615/477/406
f 597/458/407 622/478/407 650/503/407
f 680/505/408 623/466/408 681/464/408
f 681/464/409 586/446/409 619/491/409
f 700/515/410 701/516/410 683/517/410
f 684/518/411 683/517/411 701/516/411
f 702/519/412 705/520/412 706/521/412
f 500/522/413 602/523/413 2320/524/413
f 712/525/414 711/526/414 713/527/414
f 451/528/415 650/503/415 622/478/415
f 474/529/416 475/530/416 177/134/416
f 663/531/417 718/532/417 686/533/417
f 723/105/418 690/534/418 667/513/418
f 806/535/419 723/105/419 692/536/419
f 725/537/420 726/538/420 2487/539/420
f 617/540/421 632/84/421 615/477/421
f 426/541/422 698/542/422 727/543/422
f 714/544/423 561/545/423 40/546/423
f 3850/547/424 228/548/424 232/192/424
f 734/549/425 648/488/425 668/474/425
f 735/550/426 678/504/426 680/505/426
f 325/239/427 680/505/427 681/464/427
f 732/551/428 740/552/428 741/553/428
f 742/554/429 740/552/429 732/551/429
f 638/555/430 563/416/430 565/418/430
f 745/556/431 648/488/431 746/557/431
f 746/557/432 648/488/432 747/558/432
f 451/528/433 622/478/433 678/504/433
f 451/528/434 678/504/434 748/559/434
f 678/504/435 735/550/435 748/559/435
f 749/560/436 181/139/436 637/138/436
f 611/561/437 610/509/437 686/510/437
f 735/550/438 680/505/438 325/239/438
f 694/502/439 692/536/439 691/562/439
f 696/563/440 632/84/440 754/564/440
f 602/523/441 603/402/441 679/565/441
f 755/566/442 2537/567/442 2862/568/442
f 298/569/443 728/570/443 274/571/443
f 388/282/444 111/76/444 372/283/444
f 737/572/445 602/523/445 679/565/445
f 38/47/446 3846/38/446 744/37/446
f 648/488/447 745/556/447 608/455/447
f 759/573/448 299/574/448 298/569/448
f 734/549/449 668/474/449 650/503/449
f 477/357/450 451/528/450 452/342/450
f 498/382/451 748/559/451 735/550/451
f 895/575/452 1121/576/452 763/577/452
f 469/578/453 474/529/453 177/134/453
f 759/573/454 277/198/454 299/574/454
f 734/549/455 650/503/455 477/357/455
f 690/534/456 723/105/456 722/579/456
f 136/104/457 135/103/457 893/580/457
f 694/502/458 693/514/458 724/581/458
f 735/550/459 124/241/459 498/382/459
f 738/60/460 737/572/460 679/565/460
f 773/582/461 288/583/461 35/169/461
f 2187/584/462 767/585/462 771/586/462
f 738/60/463 762/59/463 737/572/463
f 426/541/464 435/587/464 679/565/464
f 188/120/465 227/588/465 39/36/465
f 228/548/466 39/36/466 227/588/466
f 772/589/467 59/590/467 979/591/467
f 3872/592/468 98/61/468 738/60/468
f 188/120/469 192/593/469 227/588/469
f 228/548/470 3850/547/470 744/37/470
f 792/594/471 734/549/471 477/357/471
f 783/595/472 784/596/472 785/597/472
f 782/598/473 785/599/473 786/600/473
f 788/601/474 789/602/474 2510/603/474
f 747/558/475 734/549/475 792/594/475
f 181/506/476 749/604/476 793/135/476
f 798/605/477 796/606/477 797/607/477
f 2312/608/478 2179/609/478 795/610/478
f 799/611/479 2237/612/479 800/613/479
f 548/614/480 549/449/480 601/451/480
f 806/535/481 752/615/481 723/105/481
f 806/535/482 753/616/482 752/615/482
f 124/241/483 596/462/483 558/433/483
f 2133/617/484 721/618/484 814/619/484
f 792/594/485 113/620/485 747/558/485
f 821/621/486 822/622/486 820/623/486
f 215/242/487 385/624/487 328/243/487
f 215/242/488 462/345/488 385/624/488
f 555/625/489 792/594/489 477/357/489
f 409/300/490 480/355/490 462/345/490
f 481/626/491 462/345/491 480/355/491
f 825/627/492 826/628/492 2108/629/492
f 829/630/493 830/631/493 903/632/493
f 469/578/494 2275/633/494 185/634/494
f 749/604/495 611/561/495 847/635/495
f 610/509/496 611/561/496 749/604/496
f 794/636/497 831/637/497 716/638/497
f 766/639/498 768/640/498 833/641/498
f 1172/642/499 1563/643/499 790/644/499
f 838/645/500 839/646/500 834/647/500
f 806/535/501 724/581/501 753/616/501
f 487/648/502 792/594/502 488/649/502
f 26/18/503 842/650/503 27/19/503
f 502/651/504 480/355/504 485/406/504
f 485/406/505 551/410/505 502/651/505
f 848/652/506 765/653/506 832/654/506
f 831/637/507 847/655/507 716/638/507
f 840/99/508 154/656/508 3604/657/508
f 766/639/509 833/641/509 765/658/509
f 551/410/510 503/659/510 502/651/510
f 523/397/511 447/327/511 431/326/511
f 852/660/512 790/644/512 1563/643/512
f 488/649/513 179/390/513 459/350/513
f 459/350/514 179/390/514 492/353/514
f 859/661/515 858/662/515 860/663/515
f 862/664/516 324/665/516 313/233/516
f 768/640/517 676/666/517 833/641/517
f 1476/667/518 1071/668/518 779/669/518
f 864/670/519 865/671/519 866/672/519
f 137/673/520 804/674/520 604/452/520
f 344/675/521 346/255/521 343/676/521
f 1563/643/522 868/677/522 852/660/522
f 869/678/523 27/19/523 870/679/523
f 871/680/524 872/681/524 873/682/524
f 552/683/525 503/659/525 551/410/525
f 594/684/526 577/685/526 551/410/526
f 749/604/527 847/635/527 369/686/527
f 794/636/528 848/652/528 831/637/528
f 594/684/529 578/490/529 599/687/529
f 594/684/530 877/688/530 874/689/530
f 868/677/531 881/690/531 852/660/531
f 13/691/532 882/692/532 883/693/532
f 268/694/533 269/695/533 884/696/533
f 883/693/534 12/697/534 13/691/534
f 681/464/535 619/491/535 618/465/535
f 511/366/536 520/698/536 559/438/536
f 501/336/537 160/376/537 571/699/537
f 436/341/538 501/336/538 398/335/538
f 436/341/539 398/335/539 430/339/539
f 363/271/540 362/270/540 436/341/540
f 854/700/541 832/701/541 934/702/541
f 891/703/542 453/704/542 212/330/542
f 678/504/543 622/478/543 623/466/543
f 491/361/544 458/360/544 570/457/544
f 748/559/545 461/343/545 451/528/545
f 2464/705/546 894/706/546 2474/707/546
f 2464/705/547 591/708/547 562/414/547
f 591/708/548 79/469/548 537/394/548
f 75/41/549 143/90/549 118/709/549
f 31/42/550 75/41/550 118/709/550
f 578/490/551 651/489/551 670/710/551
f 835/711/552 838/645/552 834/647/552
f 829/630/553 821/621/553 820/623/553
f 834/647/554 829/630/554 820/623/554
f 820/623/555 824/712/555 834/647/555
f 839/646/556 901/713/556 829/630/556
f 830/631/557 829/630/557 901/713/557
f 901/713/558 904/714/558 830/631/558
f 829/630/559 900/715/559 821/621/559
f 904/714/560 905/716/560 830/631/560
f 660/500/561 830/631/561 905/716/561
f 903/632/562 830/631/562 902/717/562
f 900/715/563 829/630/563 903/632/563
f 824/712/564 820/623/564 293/718/564
f 903/632/565 906/719/565 900/715/565
f 484/720/566 908/721/566 868/677/566
f 906/719/567 903/632/567 902/717/567
f 909/494/568 830/631/568 660/500/568
f 674/722/569 2191/723/569 673/724/569
f 905/716/570 907/725/570 910/726/570
f 908/721/571 484/720/571 483/727/571
f 911/728/572 902/717/572 909/494/572
f 909/494/573 902/717/573 830/631/573
f 832/701/574 765/658/574 934/702/574
f 660/500/575 905/716/575 910/726/575
f 911/728/576 909/494/576 647/729/576
f 798/605/577 660/500/577 910/726/577
f 293/718/578 822/622/578 294/730/578
f 647/729/579 909/494/579 646/493/579
f 878/731/580 873/682/580 885/732/580
f 682/733/581 916/734/581 911/728/581
f 911/728/582 647/729/582 682/733/582
f 682/733/583 647/729/583 1257/735/583
f 920/736/584 916/734/584 921/737/584
f 921/737/585 916/734/585 682/733/585
f 921/737/586 682/733/586 922/738/586
f 670/710/587 651/489/587 924/739/587
f 914/740/588 925/741/588 917/742/588
f 926/743/589 928/744/589 927/745/589
f 884/696/590 269/695/590 928/744/590
f 926/743/591 884/696/591 928/744/591
f 932/746/592 930/747/592 927/745/592
f 928/744/593 932/746/593 927/745/593
f 765/658/594 833/641/594 934/702/594
f 936/748/595 919/749/595 702/519/595
f 706/521/596 926/743/596 936/748/596
f 936/748/597 702/519/597 706/521/597
f 935/750/598 778/751/598 941/752/598
f 444/312/599 417/753/599 395/313/599
f 941/752/600 778/751/600 942/754/600
f 942/754/601 919/749/601 943/755/601
f 919/749/602 936/748/602 943/755/602
f 943/755/603 947/756/603 942/754/603
f 943/755/604 936/748/604 944/757/604
f 944/757/605 947/756/605 943/755/605
f 930/747/606 936/748/606 926/743/606
f 930/747/607 946/758/607 945/759/607
f 930/747/608 926/743/608 927/745/608
f 938/760/609 933/761/609 1602/762/609
f 2194/763/610 645/764/610 760/765/610
f 919/749/611 684/518/611 702/519/611
f 948/766/612 938/767/612 951/768/612
f 162/769/613 252/770/613 260/771/613
f 1110/772/614 1531/773/614 1523/774/614
f 953/775/615 954/776/615 1657/777/615
f 915/778/616 919/749/616 778/751/616
f 722/579/617 719/779/617 690/534/617
f 930/747/618 944/757/618 936/748/618
f 3417/780/619 703/781/619 699/782/619
f 756/783/620 755/566/620 2862/568/620
f 959/784/621 761/785/621 2862/786/621
f 2862/786/622 761/785/622 756/787/622
f 959/784/623 764/788/623 1035/789/623
f 179/390/624 488/649/624 555/625/624
f 932/746/625 946/758/625 930/747/625
f 473/790/626 522/395/626 523/397/626
f 473/790/627 523/397/627 431/326/627
f 147/111/628 140/106/628 2745/791/628
f 447/327/629 963/792/629 448/33/629
f 969/793/630 949/794/630 965/795/630
f 1625/269/631 360/268/631 968/796/631
f 593/88/632 535/380/632 125/89/632
f 977/797/633 600/486/633 978/437/633
f 983/798/634 971/799/634 970/800/634
f 80/801/635 72/802/635 214/244/635
f 817/803/636 994/487/636 813/804/636
f 328/243/637 813/804/637 214/244/637
f 968/796/638 237/805/638 518/806/638
f 996/807/639 995/808/639 328/243/639
f 967/809/640 971/799/640 3415/810/640
f 991/811/641 989/15/641 25/17/641
f 252/770/642 162/769/642 206/812/642
f 162/769/643 164/152/643 206/812/643
f 999/813/644 503/659/644 552/683/644
f 551/410/645 577/685/645 552/683/645
f 594/684/646 874/689/646 577/685/646
f 1002/814/647 1005/815/647 1004/816/647
f 1007/440/648 1008/817/648 1009/818/648
f 91/819/649 104/820/649 96/119/649
f 651/489/650 3417/780/650 699/782/650
f 729/821/651 1020/822/651 956/823/651
f 759/573/652 251/199/652 277/198/652
f 372/283/653 444/312/653 384/284/653
f 205/151/654 260/771/654 244/160/654
f 915/778/655 778/751/655 935/750/655
f 919/749/656 942/754/656 778/751/656
f 742/824/657 1022/825/657 740/826/657
f 761/785/658 1025/827/658 756/787/658
f 1026/828/659 761/829/659 959/830/659
f 1026/831/660 959/784/660 1127/832/660
f 113/620/661 792/594/661 487/648/661
f 1038/833/662 1039/834/662 1040/835/662
f 1036/836/663 1032/837/663 543/838/663
f 772/839/664 979/840/664 964/841/664
f 59/842/665 62/843/665 979/840/665
f 791/844/666 1188/845/666 62/843/666
f 62/846/667 61/31/667 791/847/667
f 61/31/668 63/30/668 791/847/668
f 1045/848/669 70/849/669 801/850/669
f 103/69/670 1389/851/670 1046/852/670
f 749/604/671 369/686/671 793/135/671
f 1387/853/672 1050/854/672 1402/855/672
f 604/452/673 677/856/673 689/857/673
f 996/807/674 1056/858/674 1054/859/674
f 1054/859/675 995/808/675 996/807/675
f 552/683/676 1057/860/676 999/813/676
f 552/683/677 1058/861/677 1057/860/677
f 1058/861/678 552/683/678 577/685/678
f 874/689/679 1058/861/679 577/685/679
f 1734/862/680 1721/863/680 1068/864/680
f 1073/865/681 642/484/681 643/483/681
f 401/294/682 391/289/682 1075/866/682
f 1077/867/683 1078/868/683 1671/869/683
f 1081/870/684 1082/871/684 850/872/684
f 1085/873/685 1080/874/685 1084/875/685
f 1081/870/686 1487/876/686 1089/877/686
f 594/684/687 599/687/687 877/688/687
f 457/878/688 52/879/688 1021/880/688
f 1092/881/689 1091/882/689 1094/883/689
f 1423/884/690 661/885/690 704/886/690
f 1095/887/691 1096/888/691 1097/889/691
f 877/688/692 599/687/692 895/575/692
f 895/575/693 599/687/693 670/710/693
f 895/575/694 924/739/694 790/644/694
f 924/739/695 895/575/695 670/710/695
f 924/739/696 651/489/696 699/782/696
f 1099/890/697 1093/891/697 1092/881/697
f 1092/881/698 1095/887/698 1099/890/698
f 1097/889/699 1099/890/699 1095/887/699
f 459/350/700 811/892/700 488/649/700
f 488/649/701 792/594/701 555/625/701
f 1642/893/702 1102/894/702 1651/895/702
f 1103/896/703 1104/897/703 370/898/703
f 1107/899/704 1108/900/704 1622/901/704
f 648/488/705 734/549/705 747/558/705
f 1109/902/706 1619/903/706 1106/904/706
f 1111/905/707 1112/906/707 1113/907/707
f 1115/908/708 2822/909/708 1116/910/708
f 956/823/709 703/781/709 729/821/709
f 729/821/710 731/911/710 1020/822/710
f 740/552/711 483/727/711 1020/822/711
f 1122/912/712 1025/913/712 761/829/712
f 761/829/713 1026/828/713 1124/914/713
f 1124/914/714 1122/912/714 761/829/714
f 1625/915/715 361/301/715 318/303/715
f 70/849/716 791/847/716 63/30/716
f 1103/896/717 370/898/717 112/78/717
f 1045/848/718 71/916/718 993/917/718
f 817/803/719 1138/918/719 994/487/719
f 995/808/720 1138/918/720 817/803/720
f 995/808/721 1054/859/721 1138/918/721
f 1140/919/722 999/813/722 1057/860/722
f 1058/861/723 1141/920/723 1057/860/723
f 537/394/724 562/414/724 591/708/724
f 565/418/725 2377/921/725 638/555/725
f 563/416/726 638/555/726 709/398/726
f 1146/922/727 211/923/727 212/330/727
f 892/924/728 1149/925/728 1145/926/728
f 892/924/729 891/703/729 211/923/729
f 874/689/730 1153/927/730 1058/861/730
f 892/924/731 211/923/731 1149/925/731
f 781/928/732 784/596/732 780/929/732
f 676/666/733 896/930/733 833/641/733
f 1163/931/734 1164/932/734 1165/933/734
f 1166/934/735 1167/935/735 1168/936/735
f 370/898/736 111/76/736 112/78/736
f 699/782/737 703/781/737 956/823/737
f 632/84/738 696/563/738 693/514/738
f 1148/937/739 1158/938/739 1178/939/739
f 1179/940/740 1938/941/740 3230/942/740
f 1020/822/741 731/911/741 740/552/741
f 1187/943/742 740/552/742 1022/944/742
f 933/761/743 1123/945/743 1124/914/743
f 1035/789/744 764/788/744 772/839/744
f 1035/789/745 964/841/745 1129/946/745
f 1188/845/746 964/841/746 979/840/746
f 607/947/747 1188/845/747 791/844/747
f 1191/948/748 3/7/748 1192/949/748
f 1045/848/749 607/950/749 70/849/749
f 1045/848/750 993/917/750 1137/951/750
f 1212/952/751 1210/953/751 1223/954/751
f 708/955/752 713/527/752 1213/956/752
f 712/525/753 713/527/753 708/955/753
f 1213/956/754 713/527/754 3874/957/754
f 1217/958/755 3874/957/755 713/527/755
f 908/721/756 1218/959/756 868/677/756
f 913/960/757 908/721/757 483/727/757
f 1087/961/758 3874/957/758 1217/958/758
f 1219/962/759 889/963/759 1055/964/759
f 1070/965/760 875/966/760 1067/967/760
f 1069/968/761 875/966/761 1070/965/761
f 1222/969/762 1212/952/762 1223/970/762
f 1266/971/763 1224/972/763 3361/973/763
f 1266/971/764 3361/973/764 1267/974/764
f 1252/975/765 1228/976/765 1253/977/765
f 1336/978/766 1246/979/766 1245/980/766
f 1247/981/767 1234/982/767 1220/983/767
f 439/321/768 1237/984/768 1238/985/768
f 438/320/769 1237/984/769 439/321/769
f 1239/986/770 1236/987/770 1238/985/770
f 1240/988/771 273/185/771 1032/837/771
f 257/184/772 273/185/772 1240/988/772
f 1241/989/773 243/182/773 257/184/773
f 1245/980/774 1246/979/774 1244/181/774
f 1254/990/775 1255/991/775 3489/992/775
f 1242/180/776 1243/993/776 1244/181/776
f 1257/735/777 1083/994/777 1080/874/777
f 647/729/778 1310/995/778 1257/735/778
f 1225/996/779 914/740/779 917/742/779
f 1265/997/780 1266/971/780 1267/974/780
f 1264/998/781 1269/999/781 962/1000/781
f 1263/1001/782 1269/999/782 1264/998/782
f 1263/1001/783 1270/1002/783 1269/999/783
f 937/1003/784 1151/1004/784 1272/1005/784
f 1270/1002/785 1271/1006/785 1269/999/785
f 962/1000/786 1269/999/786 941/752/786
f 1271/1006/787 1279/1007/787 1269/999/787
f 700/515/788 1283/1008/788 1282/1009/788
f 700/515/789 1282/1009/789 1268/1010/789
f 941/752/790 1269/999/790 935/750/790
f 1269/999/791 1279/1007/791 1285/1011/791
f 1280/1012/792 1279/1007/792 1271/1006/792
f 1284/1013/793 1286/1014/793 1283/1008/793
f 1284/1013/794 1283/1008/794 700/515/794
f 1279/1007/795 1280/1012/795 1281/1015/795
f 1285/1011/796 935/750/796 1269/999/796
f 1284/1013/797 700/515/797 381/279/797
f 1285/1011/798 1279/1007/798 1287/1016/798
f 885/732/799 1279/1007/799 1281/1015/799
f 1288/1017/800 1286/1014/800 1284/1013/800
f 382/280/801 1261/1018/801 1288/1017/801
f 381/279/802 700/515/802 683/517/802
f 935/750/803 1285/1011/803 1287/1016/803
f 885/732/804 1287/1016/804 1279/1007/804
f 1281/1015/805 1290/1019/805 885/732/805
f 380/278/806 1284/1013/806 381/279/806
f 683/517/807 1295/1020/807 381/279/807
f 1290/1019/808 931/1021/808 885/732/808
f 809/1022/809 2060/1023/809 807/1024/809
f 1288/1017/810 1284/1013/810 380/278/810
f 1289/1025/811 1261/1018/811 1291/1026/811
f 684/518/812 1297/1027/812 683/517/812
f 684/518/813 915/778/813 1297/1027/813
f 885/732/814 873/682/814 1287/1016/814
f 382/280/815 1295/1020/815 1291/1026/815
f 683/517/816 1297/1027/816 1295/1020/816
f 1287/1016/817 915/778/817 935/750/817
f 1287/1016/818 1296/1028/818 915/778/818
f 878/731/819 879/1029/819 873/682/819
f 873/682/820 879/1029/820 871/680/820
f 915/778/821 1296/1028/821 1297/1027/821
f 873/682/822 872/681/822 1287/1016/822
f 1057/860/823 1141/920/823 1140/919/823
f 1287/1016/824 872/681/824 1296/1028/824
f 872/681/825 1298/1030/825 1296/1028/825
f 797/607/826 1291/1026/826 1295/1020/826
f 1297/1027/827 797/607/827 1295/1020/827
f 1296/1028/828 1298/1030/828 1297/1027/828
f 871/680/829 1299/1031/829 1298/1030/829
f 114/1032/830 115/1033/830 1301/113/830
f 1300/1034/831 1297/1027/831 1298/1030/831
f 1298/1030/832 1299/1031/832 1300/1034/832
f 797/607/833 567/495/833 798/605/833
f 634/85/834 90/1035/834 114/1032/834
f 1300/1034/835 1303/1036/835 1297/1027/835
f 797/607/836 1297/1027/836 567/495/836
f 1304/1037/837 1307/1038/837 1303/1036/837
f 1307/1038/838 1304/1037/838 1311/1039/838
f 1310/995/839 1297/1027/839 1303/1036/839
f 1297/1027/840 1310/995/840 567/495/840
f 888/1040/841 1083/994/841 1307/1038/841
f 1300/1034/842 1304/1037/842 1303/1036/842
f 567/495/843 1310/995/843 647/729/843
f 1307/1038/844 1311/1039/844 1314/1041/844
f 888/1040/845 1307/1038/845 1314/1041/845
f 1083/994/846 1310/995/846 1307/1038/846
f 1083/994/847 888/1040/847 1084/875/847
f 1310/995/848 1083/994/848 1257/735/848
f 1083/994/849 1084/875/849 1080/874/849
f 682/733/850 367/1042/850 366/1043/850
f 1257/735/851 393/291/851 682/733/851
f 1080/874/852 410/1044/852 404/297/852
f 1103/896/853 836/1045/853 1142/1046/853
f 323/1047/854 320/1048/854 221/1049/854
f 682/733/855 393/291/855 367/1042/855
f 393/291/856 401/294/856 669/1050/856
f 669/1050/857 367/1042/857 393/291/857
f 1257/735/858 1080/874/858 393/291/858
f 405/298/859 391/289/859 393/291/859
f 1316/1051/860 1058/861/860 1153/927/860
f 410/1044/861 402/295/861 404/297/861
f 391/289/862 405/298/862 402/295/862
f 951/768/863 966/1052/863 948/766/863
f 410/1044/864 1317/1053/864 406/322/864
f 2393/1054/865 739/1055/865 733/1056/865
f 401/294/866 392/290/866 391/289/866
f 406/322/867 402/295/867 410/1044/867
f 3340/1057/868 1323/1058/868 1324/1059/868
f 1326/1060/869 323/1047/869 221/1049/869
f 1236/987/870 1239/986/870 1327/1061/870
f 391/289/871 1327/1061/871 1075/866/871
f 402/295/872 440/323/872 1074/1062/872
f 403/296/873 402/295/873 437/319/873
f 323/1047/874 1326/1060/874 1330/1063/874
f 238/1064/875 1326/1060/875 221/1049/875
f 407/1065/876 434/1066/876 440/323/876
f 1328/1067/877 1330/1063/877 1247/981/877
f 222/1068/878 1244/181/878 238/1064/878
f 730/1069/879 733/1056/879 739/1055/879
f 1236/987/880 1327/1061/880 391/289/880
f 434/1066/881 1074/1062/881 440/323/881
f 829/630/882 834/647/882 839/646/882
f 1330/1063/883 1326/1060/883 1247/981/883
f 238/1064/884 1246/979/884 1247/981/884
f 1438/1070/885 1830/1071/885 347/256/885
f 439/321/886 1236/987/886 437/319/886
f 439/321/887 1238/985/887 1236/987/887
f 403/296/888 437/319/888 1236/987/888
f 434/1066/889 1220/983/889 1074/1062/889
f 434/1066/890 1221/1072/890 1220/983/890
f 1235/1073/891 1337/1074/891 1247/981/891
f 705/520/892 1339/1075/892 706/521/892
f 1247/981/893 1326/1060/893 238/1064/893
f 437/319/894 402/295/894 1074/1062/894
f 1074/1062/895 1332/1076/895 437/319/895
f 1074/1062/896 1336/978/896 1332/1076/896
f 1234/982/897 1074/1062/897 1220/983/897
f 1220/983/898 1235/1073/898 1247/981/898
f 983/798/899 1000/1077/899 1341/1078/899
f 238/1064/900 1244/181/900 1246/979/900
f 1348/1079/901 1063/1080/901 1065/1081/901
f 1238/985/902 1063/1080/902 1348/1079/902
f 1237/984/903 1063/1080/903 1238/985/903
f 438/320/904 437/319/904 1332/1076/904
f 1381/1082/905 1380/1083/905 1350/1084/905
f 203/156/906 1256/1085/906 1242/180/906
f 876/1086/907 1067/967/907 875/966/907
f 876/1086/908 875/966/908 1340/1087/908
f 876/1086/909 1340/1087/909 1345/1088/909
f 1336/978/910 1074/1062/910 1234/982/910
f 585/456/911 491/361/911 570/457/911
f 1351/1089/912 1352/1090/912 1353/1091/912
f 1070/965/913 1067/967/913 880/1092/913
f 138/1093/914 677/1094/914 804/1095/914
f 1336/978/915 1358/1096/915 1332/1076/915
f 1256/1085/916 203/156/916 243/182/916
f 1070/965/917 1359/1097/917 1069/968/917
f 108/1098/918 1067/967/918 876/1086/918
f 1357/1099/919 1312/1100/919 1313/1101/919
f 228/548/920 227/588/920 192/593/920
f 1358/1096/921 1349/1102/921 1332/1076/921
f 1245/980/922 1244/181/922 1243/993/922
f 1376/1103/923 1312/1100/923 1363/1104/923
f 1312/1100/924 1377/1105/924 1363/1104/924
f 1357/1099/925 1377/1105/925 1312/1100/925
f 1053/1106/926 1377/1105/926 1371/1107/926
f 1336/978/927 1245/980/927 1358/1096/927
f 1243/993/928 1233/1108/928 1232/1109/928
f 1360/1110/929 625/1111/929 276/197/929
f 1360/1110/930 1069/968/930 1359/1097/930
f 1070/965/931 880/1092/931 1359/1097/931
f 108/1098/932 1060/1112/932 1067/967/932
f 1061/1113/933 1060/1112/933 108/1098/933
f 1376/1103/934 1356/1114/934 1312/1100/934
f 1371/1107/935 1377/1105/935 1364/1115/935
f 1063/1080/936 1386/1116/936 1065/1081/936
f 1389/851/937 1386/1116/937 1063/1080/937
f 1024/1117/938 642/484/938 1378/1118/938
f 1358/1096/939 1245/980/939 1232/1109/939
f 1232/1109/940 1245/980/940 1243/993/940
f 1059/1119/941 1060/1112/941 1061/1113/941
f 3811/1120/942 1060/1112/942 1059/1119/942
f 3811/1120/943 1055/964/943 1060/1112/943
f 546/405/944 642/484/944 1024/1117/944
f 1380/1083/945 1381/1082/945 1382/1121/945
f 1369/1122/946 1356/1114/946 1376/1103/946
f 1364/1115/947 1377/1105/947 1357/1099/947
f 1064/1123/948 1389/851/948 1063/1080/948
f 1358/1096/949 1232/1109/949 1387/853/949
f 1233/1108/950 1242/180/950 1256/1085/950
f 625/1111/951 277/198/951 276/197/951
f 1360/1110/952 1379/1124/952 625/1111/952
f 1379/1124/953 880/1092/953 1388/1125/953
f 1067/967/954 1060/1112/954 880/1092/954
f 1055/964/955 356/264/955 1060/1112/955
f 1374/1126/956 889/963/956 1373/1127/956
f 1369/1122/957 1373/1127/957 1368/1128/957
f 1053/1106/958 1404/1129/958 1377/1105/958
f 1051/1130/959 1404/1129/959 1053/1106/959
f 1233/1108/960 1231/1131/960 1232/1109/960
f 1256/1085/961 1241/989/961 1233/1108/961
f 1055/964/962 889/963/962 1391/1132/962
f 1373/1127/963 1369/1122/963 1374/1126/963
f 1386/1116/964 1389/851/964 1049/1133/964
f 1387/853/965 1232/1109/965 1050/854/965
f 1233/1108/966 1243/993/966 1242/180/966
f 1231/1131/967 1233/1108/967 1241/989/967
f 625/1111/968 299/574/968 277/198/968
f 1359/1097/969 880/1092/969 1379/1124/969
f 1060/1112/970 356/264/970 1397/1134/970
f 117/318/971 1401/386/971 152/115/971
f 1375/1135/972 1392/1136/972 1374/1126/972
f 1369/1122/973 1375/1135/973 1374/1126/973
f 1050/854/974 1232/1109/974 1231/1131/974
f 1241/989/975 257/184/975 1240/988/975
f 1397/1134/976 880/1092/976 1060/1112/976
f 889/963/977 1374/1126/977 1391/1132/977
f 1392/1136/978 1391/1132/978 1374/1126/978
f 1375/1135/979 1369/1122/979 1376/1103/979
f 973/1137/980 1376/1103/980 1363/1104/980
f 1405/1138/981 1404/1129/981 1051/1130/981
f 1405/1138/982 1049/1133/982 1404/1129/982
f 1049/1133/983 1389/851/983 1404/1129/983
f 1050/854/984 1231/1131/984 1402/855/984
f 298/569/985 299/574/985 728/570/985
f 1379/1124/986 1396/1139/986 625/1111/986
f 1396/1139/987 1397/1134/987 358/266/987
f 1407/1140/988 358/266/988 357/265/988
f 1404/1129/989 1363/1104/989 1377/1105/989
f 1231/1131/990 1408/1141/990 1402/855/990
f 299/574/991 625/1111/991 1403/1142/991
f 358/266/992 1407/1140/992 1396/1139/992
f 357/265/993 1391/1132/993 1015/1143/993
f 1363/1104/994 992/1144/994 973/1137/994
f 1404/1129/995 992/1144/995 1363/1104/995
f 1389/851/996 102/68/996 1404/1129/996
f 2652/1145/997 1412/1146/997 1413/1147/997
f 1042/1148/998 1036/836/998 728/570/998
f 273/185/999 274/571/999 543/838/999
f 728/570/1000 299/574/1000 1403/1142/1000
f 625/1111/1001 1407/1140/1001 1403/1142/1001
f 1407/1140/1002 625/1111/1002 1396/1139/1002
f 1424/1149/1003 1421/1150/1003 1417/1151/1003
f 1417/1151/1004 101/67/1004 1425/1152/1004
f 1404/1129/1005 102/68/1005 992/1144/1005
f 453/704/1006 891/703/1006 1418/1153/1006
f 1419/1154/1007 1420/1155/1007 3085/1156/1007
f 1407/1140/1008 357/265/1008 1421/1150/1008
f 1416/1157/1009 958/1158/1009 1417/1151/1009
f 102/68/1010 101/67/1010 958/1158/1010
f 102/68/1011 1389/851/1011 103/69/1011
f 1423/884/1012 659/1159/1012 661/885/1012
f 1424/1149/1013 1403/1142/1013 1407/1140/1013
f 1421/1150/1014 1424/1149/1014 1407/1140/1014
f 972/1160/1015 992/1144/1015 958/1158/1015
f 101/67/1016 103/69/1016 1425/1152/1016
f 1240/988/1017 1029/1161/1017 1408/1141/1017
f 1032/837/1018 1426/1162/1018 1240/988/1018
f 728/570/1019 1403/1142/1019 1042/1148/1019
f 1424/1149/1020 1427/1163/1020 1403/1142/1020
f 1426/1162/1021 1029/1161/1021 1240/988/1021
f 1032/837/1022 1036/836/1022 1426/1162/1022
f 1042/1148/1023 1428/1164/1023 1036/836/1023
f 1424/1149/1024 1428/1164/1024 1427/1163/1024
f 1425/1152/1025 1428/1164/1025 1417/1151/1025
f 1424/1149/1026 1417/1151/1026 1428/1164/1026
f 1431/1165/1027 1426/1162/1027 1425/1152/1027
f 1428/1164/1028 1042/1148/1028 1427/1163/1028
f 1042/1148/1029 1403/1142/1029 1427/1163/1029
f 1428/1164/1030 1425/1152/1030 1426/1162/1030
f 1036/836/1031 1428/1164/1031 1426/1162/1031
f 763/577/1032 750/1166/1032 704/886/1032
f 348/257/1033 354/1167/1033 1434/1168/1033
f 1435/1169/1034 354/1170/1034 355/1171/1034
f 690/534/1035 719/779/1035 666/511/1035
f 1439/1172/1036 336/1173/1036 1440/251/1036
f 1441/1174/1037 1442/1175/1037 240/1176/1037
f 344/675/1038 1442/1175/1038 1441/1174/1038
f 1442/1175/1039 1443/1177/1039 240/1176/1039
f 1443/1177/1040 1445/1178/1040 1444/1179/1040
f 1443/1177/1041 1446/1180/1041 1445/1178/1041
f 1458/1181/1042 1456/1182/1042 1454/1183/1042
f 1459/1184/1043 1850/1185/1043 1457/1186/1043
f 844/1187/1044 1003/1188/1044 867/1189/1044
f 336/1173/1045 335/252/1045 1440/251/1045
f 996/807/1046 328/243/1046 385/624/1046
f 450/329/1047 1464/1190/1047 1146/922/1047
f 1468/1191/1048 1469/1192/1048 1470/1193/1048
f 658/1194/1049 659/1159/1049 1414/1195/1049
f 1474/1196/1050 331/246/1050 1044/245/1050
f 232/192/1051 144/186/1051 270/193/1051
f 1482/1197/1052 1754/1198/1052 1480/1199/1052
f 1480/1199/1053 1366/1200/1053 1481/1201/1053
f 1481/1201/1054 1486/1202/1054 1694/1203/1054
f 1486/1204/1055 1098/1205/1055 1487/876/1055
f 1100/1206/1056 46/23/1056 324/665/1056
f 1500/1207/1057 1499/1208/1057 1498/1209/1057
f 1504/1210/1058 1505/1211/1058 1492/1212/1058
f 1556/1213/1059 1506/1214/1059 1507/1215/1059
f 1492/1212/1060 3625/1216/1060 1493/1217/1060
f 1520/1218/1061 1521/1219/1061 1522/1220/1061
f 1523/774/1062 1522/1220/1062 1521/1219/1062
f 1526/1221/1063 1527/1222/1063 1525/1223/1063
f 1527/1222/1064 1526/1221/1064 1516/1224/1064
f 1525/1223/1065 1527/1222/1065 1534/1225/1065
f 1515/1226/1066 1526/1221/1066 1525/1223/1066
f 1527/1222/1067 1516/1224/1067 1517/1227/1067
f 1517/1227/1068 1528/1228/1068 1527/1222/1068
f 1528/1228/1069 1517/1227/1069 1529/1229/1069
f 913/960/1070 914/1230/1070 908/721/1070
f 1529/1229/1071 1535/1231/1071 1528/1228/1071
f 1162/1232/1072 1522/1220/1072 1531/773/1072
f 699/782/1073 956/823/1073 1172/642/1073
f 1534/1225/1074 1527/1222/1074 1134/1233/1074
f 1539/1234/1075 1528/1228/1075 1535/1231/1075
f 1541/1235/1076 1550/1236/1076 1147/1237/1076
f 1550/1238/1077 1542/1239/1077 1538/1240/1077
f 1162/1232/1078 1531/773/1078 1538/1240/1078
f 1157/1241/1079 1158/938/1079 1148/937/1079
f 1528/1228/1080 329/1242/1080 1527/1222/1080
f 1528/1228/1081 1539/1234/1081 329/1242/1081
f 1539/1234/1082 1540/1243/1082 329/1242/1082
f 1531/773/1083 1550/1238/1083 1538/1240/1083
f 1522/1220/1084 1523/774/1084 1531/773/1084
f 1549/1244/1085 1157/1241/1085 1559/1245/1085
f 1148/937/1086 1559/1245/1086 1157/1241/1086
f 1527/1222/1087 329/1242/1087 1134/1233/1087
f 1272/1246/1088 1560/1247/1088 933/761/1088
f 1172/642/1089 956/823/1089 1563/643/1089
f 1144/1248/1090 1564/1249/1090 1143/1250/1090
f 1144/1248/1091 1565/1251/1091 1139/1252/1091
f 1148/937/1092 1566/1253/1092 1559/1245/1092
f 1136/1254/1093 137/673/1093 136/104/1093
f 1147/1255/1094 1572/1256/1094 3880/1257/1094
f 1550/1238/1095 1572/1256/1095 1147/1255/1095
f 1551/1258/1096 1572/1256/1096 1550/1238/1096
f 1531/773/1097 1551/1258/1097 1550/1238/1097
f 937/1003/1098 948/766/1098 1293/1259/1098
f 1139/1252/1099 1564/1249/1099 1144/1248/1099
f 3796/1260/1100 1150/1261/1100 1576/1262/1100
f 1559/1245/1101 1577/1263/1101 1549/1244/1101
f 1148/937/1102 1567/1264/1102 1566/1253/1102
f 1580/1265/1103 1581/1266/1103 1570/1267/1103
f 1584/1268/1104 1585/1269/1104 4207/1270/1104
f 1110/772/1105 1551/1258/1105 1531/773/1105
f 1139/1252/1106 1588/1271/1106 1573/1272/1106
f 1565/1251/1107 1144/1248/1107 1589/1273/1107
f 1566/1253/1108 1590/1274/1108 1559/1245/1108
f 1567/1264/1109 1591/1275/1109 1566/1253/1109
f 1540/1243/1110 1134/1233/1110 329/1242/1110
f 744/37/1111 73/48/1111 38/47/1111
f 1594/1276/1112 740/1277/1112 1187/1278/1112
f 1322/1279/1113 1576/1262/1113 1293/1259/1113
f 1122/912/1114 1123/945/1114 1595/1280/1114
f 1123/945/1115 1122/912/1115 1124/914/1115
f 1139/1252/1116 1565/1251/1116 1588/1271/1116
f 1559/1245/1117 1590/1274/1117 1577/1263/1117
f 1592/1281/1118 1566/1253/1118 1591/1275/1118
f 1596/1282/1119 1597/1283/1119 1592/1281/1119
f 1598/1284/1120 1599/1285/1120 1600/1286/1120
f 934/702/1121 833/641/1121 896/930/1121
f 1131/1287/1122 1572/1256/1122 1604/1288/1122
f 1572/1256/1123 1551/1258/1123 861/1289/1123
f 1589/1273/1124 1615/1290/1124 1565/1251/1124
f 1125/1291/1125 1615/1290/1125 1589/1273/1125
f 1597/1283/1126 1607/1292/1126 1592/1281/1126
f 450/329/1127 1607/1292/1127 1597/1283/1127
f 1464/1190/1128 450/329/1128 1597/1283/1128
f 1146/922/1129 212/330/1129 450/329/1129
f 1503/1293/1130 860/1294/1130 1601/1295/1130
f 1551/1258/1131 1110/772/1131 861/1289/1131
f 1588/1271/1132 1120/1296/1132 1119/1297/1132
f 1590/1274/1133 1111/905/1133 1577/1263/1133
f 1609/1298/1134 1113/907/1134 1607/1292/1134
f 1607/1292/1135 450/329/1135 890/331/1135
f 211/923/1136 891/703/1136 212/330/1136
f 861/1289/1137 1604/1288/1137 1572/1256/1137
f 366/1043/1138 922/738/1138 682/733/1138
f 1588/1271/1139 1619/903/1139 1120/1296/1139
f 1588/1271/1140 1565/1251/1140 1619/903/1140
f 1617/1299/1141 1615/1290/1141 1125/1291/1141
f 1590/1274/1142 1112/906/1142 1111/905/1142
f 1112/906/1143 1590/1274/1143 1566/1253/1143
f 1566/1253/1144 1592/1281/1144 1112/906/1144
f 1112/906/1145 1592/1281/1145 1607/1292/1145
f 1609/1298/1146 1607/1292/1146 890/331/1146
f 890/331/1147 212/330/1147 453/704/1147
f 367/1042/1148 922/738/1148 366/1043/1148
f 860/663/1149 858/662/1149 1601/1300/1149
f 860/663/1150 1503/1301/1150 1117/1302/1150
f 1110/772/1151 1130/1303/1151 859/661/1151
f 1615/1290/1152 1619/903/1152 1565/1251/1152
f 1117/1302/1153 1604/1288/1153 861/1289/1153
f 859/661/1154 1117/1302/1154 861/1289/1154
f 1617/1299/1155 1125/1291/1155 1126/1304/1155
f 1113/907/1156 1112/906/1156 1607/1292/1156
f 1608/1305/1157 1609/1298/1157 1626/1306/1157
f 1616/1307/1158 1107/899/1158 1622/901/1158
f 1418/1153/1159 1616/1307/1159 453/704/1159
f 859/661/1160 1624/1308/1160 858/662/1160
f 1109/902/1161 1120/1296/1161 1619/903/1161
f 1615/1290/1162 1623/1309/1162 1619/903/1162
f 1617/1299/1163 1623/1309/1163 1615/1290/1163
f 1608/1305/1164 1620/1310/1164 1113/907/1164
f 1620/1310/1165 1111/905/1165 1113/907/1165
f 1626/1306/1166 1616/1307/1166 1101/1311/1166
f 1616/1307/1167 1626/1306/1167 1609/1298/1167
f 243/182/1168 204/94/1168 257/184/1168
f 1618/1312/1169 1109/902/1169 1106/904/1169
f 1623/1309/1170 1617/1299/1170 1612/1313/1170
f 1113/907/1171 1609/1298/1171 1608/1305/1171
f 1624/1308/1172 859/661/1172 1630/1314/1172
f 1631/1315/1173 1612/1313/1173 1617/1299/1173
f 1613/1316/1174 1612/1313/1174 1631/1315/1174
f 1622/901/1175 1101/1311/1175 1616/1307/1175
f 1630/1314/1176 1628/1317/1176 1629/1318/1176
f 1628/1317/1177 1630/1314/1177 859/661/1177
f 1628/1317/1178 859/661/1178 1635/1319/1178
f 1188/845/1179 606/1320/1179 969/793/1179
f 435/587/1180 738/60/1180 679/565/1180
f 679/565/1181 603/402/1181 707/1321/1181
f 1619/903/1182 1636/1322/1182 1106/904/1182
f 1623/1309/1183 1612/1313/1183 1619/903/1183
f 1627/1323/1184 1626/1306/1184 1101/1311/1184
f 1622/901/1185 1108/900/1185 1632/1324/1185
f 1629/1318/1186 1628/1317/1186 1634/1325/1186
f 1640/1326/1187 1634/1325/1187 1628/1317/1187
f 602/523/1188 737/572/1188 762/59/1188
f 1636/1322/1189 1619/903/1189 1612/1313/1189
f 1613/1316/1190 1637/1327/1190 1612/1313/1190
f 1637/1327/1191 1613/1316/1191 1638/1328/1191
f 1639/1329/1192 1638/1328/1192 1613/1316/1192
f 3639/1330/1193 3609/1331/1193 3640/1332/1193
f 1612/1313/1194 1637/1327/1194 1636/1322/1194
f 1638/1328/1195 1090/1333/1195 1646/1334/1195
f 1641/1335/1196 1621/1336/1196 1649/1337/1196
f 1639/1329/1197 1648/1338/1197 1638/1328/1197
f 684/518/1198 919/749/1198 915/778/1198
f 3604/657/1199 1650/1339/1199 3635/1340/1199
f 1651/895/1200 46/23/1200 1491/1341/1200
f 1102/894/1201 46/23/1201 1651/895/1201
f 1102/894/1202 1644/21/1202 46/23/1202
f 612/476/1203 609/445/1203 582/412/1203
f 567/495/1204 660/500/1204 798/605/1204
f 1045/848/1205 1137/951/1205 607/950/1205
f 1645/1342/1206 1637/1327/1206 1646/1334/1206
f 1637/1327/1207 1638/1328/1207 1646/1334/1207
f 1638/1328/1208 1648/1338/1208 1653/1343/1208
f 1498/1209/1209 1497/1344/1209 1496/1345/1209
f 1499/1208/1210 1500/1207/1210 1501/1346/1210
f 954/776/1211 1656/1347/1211 1496/1345/1211
f 701/516/1212 705/520/1212 702/519/1212
f 954/776/1213 1496/1345/1213 1657/777/1213
f 1498/1209/1214 1656/1347/1214 1655/1348/1214
f 1500/1207/1215 1498/1209/1215 1655/1348/1215
f 1499/1208/1216 1502/1349/1216 1658/1350/1216
f 1660/1351/1217 1673/1352/1217 1502/1353/1217
f 1632/1324/1218 1661/1354/1218 1622/901/1218
f 45/22/1219 1644/21/1219 1664/1355/1219
f 3494/1356/1220 1667/1357/1220 1668/1358/1220
f 3523/1359/1221 1669/1360/1221 1666/1361/1221
f 1647/1362/1222 1090/1333/1222 1638/1328/1222
f 1653/1343/1223 1647/1362/1223 1638/1328/1223
f 1653/1343/1224 1648/1338/1224 1654/1363/1224
f 1501/1346/1225 1502/1349/1225 1499/1208/1225
f 243/182/1226 130/183/1226 204/94/1226
f 110/82/1227 125/89/1227 207/158/1227
f 1502/1353/1228 1673/1352/1228 1658/1364/1228
f 862/664/1229 1100/1206/1229 324/665/1229
f 1688/1365/1230 313/233/1230 1675/1366/1230
f 324/665/1231 46/23/1231 1675/1366/1231
f 313/233/1232 312/232/1232 862/664/1232
f 46/23/1233 940/1367/1233 1675/1366/1233
f 940/1367/1234 45/22/1234 950/1368/1234
f 45/22/1235 1664/1355/1235 1665/1369/1235
f 1665/1369/1236 1676/1370/1236 45/22/1236
f 1479/1371/1237 1665/1369/1237 1677/1372/1237
f 1654/1363/1238 1680/1373/1238 1679/1374/1238
f 1679/1374/1239 1680/1373/1239 1681/1375/1239
f 1681/1375/1240 1682/1376/1240 1679/1374/1240
f 141/1377/1241 188/120/1241 39/36/1241
f 1316/1051/1242 1153/927/1242 1683/1378/1242
f 1673/1379/1243 1693/1380/1243 1658/1350/1243
f 1098/1205/1244 1673/1352/1244 1660/1351/1244
f 1487/876/1245 1488/1381/1245 1089/877/1245
f 1081/870/1246 1486/1204/1246 1487/876/1246
f 1622/901/1247 1661/1354/1247 1101/1311/1247
f 1661/1354/1248 1632/1324/1248 1086/1382/1248
f 1684/1383/1249 1686/1384/1249 1632/1324/1249
f 1632/1324/1250 1108/900/1250 1684/1383/1250
f 1686/1384/1251 1086/1382/1251 1632/1324/1251
f 1685/1385/1252 1686/1384/1252 1684/1383/1252
f 1684/1383/1253 1687/1386/1253 1685/1385/1253
f 1675/1366/1254 313/233/1254 324/665/1254
f 940/1367/1255 46/23/1255 45/22/1255
f 554/430/1256 475/530/1256 633/499/1256
f 1678/1387/1257 1647/1362/1257 1653/1343/1257
f 1682/1376/1258 1689/1388/1258 1679/1374/1258
f 1498/1209/1259 1496/1345/1259 1656/1347/1259
f 1153/927/1260 874/689/1260 1318/1389/1260
f 1496/1345/1261 1497/1344/1261 1105/1390/1261
f 1495/1391/1262 1499/1208/1262 1658/1350/1262
f 1098/1205/1263 1488/1381/1263 1487/876/1263
f 1089/877/1264 1082/871/1264 1081/870/1264
f 1101/1311/1265 1661/1354/1265 1690/1392/1265
f 1685/1385/1266 1687/1386/1266 862/1393/1266
f 313/233/1267 1688/1365/1267 311/231/1267
f 966/1052/1268 951/768/1268 969/793/1268
f 45/22/1269 1676/1370/1269 950/1368/1269
f 1479/1371/1270 1676/1370/1270 1665/1369/1270
f 1090/1333/1271 1699/1394/1271 1479/1371/1271
f 1647/1362/1272 1678/1387/1272 1090/1333/1272
f 1653/1343/1273 1679/1374/1273 1689/1388/1273
f 554/430/1274 476/429/1274 475/530/1274
f 1105/1390/1275 1657/777/1275 1496/1345/1275
f 1671/869/1276 1105/1390/1276 1497/1344/1276
f 1495/1391/1277 1671/869/1277 1497/1344/1277
f 1658/1350/1278 1693/1380/1278 1495/1391/1278
f 1690/1392/1279 1661/1354/1279 1695/1395/1279
f 1686/1384/1280 1685/1385/1280 312/1396/1280
f 940/1367/1281 1676/1370/1281 939/1397/1281
f 950/1368/1282 1676/1370/1282 940/1367/1282
f 1479/1371/1283 1699/1394/1283 1676/1370/1283
f 1678/1387/1284 1653/1343/1284 1689/1388/1284
f 536/393/1285 576/441/1285 561/545/1285
f 3814/1398/1286 1318/1389/1286 1700/1399/1286
f 1671/869/1287 1696/1400/1287 1697/1401/1287
f 1497/1344/1288 1499/1208/1288 1495/1391/1288
f 1673/1379/1289 1098/1402/1289 1693/1380/1289
f 1661/1354/1290 955/1403/1290 1695/1395/1290
f 1686/1384/1291 1692/1404/1291 1086/1382/1291
f 1692/1404/1292 1686/1384/1292 312/1396/1292
f 1674/1405/1293 1698/1406/1293 1691/1407/1293
f 1691/1407/1294 311/1408/1294 1674/1409/1294
f 969/793/1295 951/768/1295 949/794/1295
f 1678/1387/1296 1699/1394/1296 1090/1333/1296
f 1514/1410/1297 1678/1387/1297 1689/1388/1297
f 1318/1389/1298 874/689/1298 1700/1399/1298
f 521/385/1299 524/384/1299 345/401/1299
f 661/885/1300 1700/1399/1300 874/689/1300
f 1495/1391/1301 1077/867/1301 1671/869/1301
f 1082/871/1302 851/1411/1302 850/872/1302
f 1086/1382/1303 955/1403/1303 1661/1354/1303
f 1086/1382/1304 1692/1404/1304 955/1403/1304
f 1699/1394/1305 939/1397/1305 1676/1370/1305
f 124/241/1306 558/433/1306 498/382/1306
f 874/689/1307 877/688/1307 661/885/1307
f 1704/1412/1308 1079/1413/1308 1705/1414/1308
f 180/426/1309 179/390/1309 555/625/1309
f 1694/1415/1310 1081/870/1310 1076/1416/1310
f 1081/870/1311 850/872/1311 1076/1416/1311
f 1482/1197/1312 1481/1201/1312 1694/1203/1312
f 1701/1417/1313 955/1403/1313 1692/1404/1313
f 1692/1404/1314 312/1396/1314 311/1408/1314
f 1696/1400/1315 1671/869/1315 1078/868/1315
f 1693/1380/1316 1077/867/1316 1495/1391/1316
f 1694/1203/1317 1076/1418/1317 1482/1197/1317
f 1483/1419/1318 1482/1197/1318 1076/1418/1318
f 1698/1406/1319 1701/1417/1319 1691/1407/1319
f 1514/1410/1320 1711/1420/1320 1678/1387/1320
f 590/442/1321 2473/479/1321 589/439/1321
f 1702/1421/1322 285/1422/1322 1714/1423/1322
f 245/1424/1323 1714/1423/1323 1727/1425/1323
f 1727/1425/1324 1714/1423/1324 285/1422/1324
f 1708/1426/1325 1727/1425/1325 285/1422/1325
f 1704/1412/1326 1708/1426/1326 1079/1413/1326
f 1705/1414/1327 1715/1427/1327 1704/1412/1327
f 887/1428/1328 1705/1414/1328 1696/1400/1328
f 1717/1429/1329 250/1430/1329 3301/194/1329
f 1693/1380/1330 1098/1402/1330 1077/867/1330
f 1484/1431/1331 1718/1432/1331 1098/1402/1331
f 1481/1201/1332 1482/1197/1332 1480/1199/1332
f 1483/1419/1333 1076/1418/1333 850/1433/1333
f 1709/1434/1334 850/872/1334 851/1411/1334
f 1698/1406/1335 1706/1435/1335 1701/1417/1335
f 955/1403/1336 1701/1417/1336 1706/1435/1336
f 1699/1394/1337 1710/1436/1337 939/1397/1337
f 1678/1387/1338 1710/1436/1338 1699/1394/1338
f 1071/668/1339 1476/667/1339 1072/1437/1339
f 1395/1438/1340 1723/1439/1340 1724/1440/1340
f 245/1424/1341 1724/1440/1341 1714/1423/1341
f 1727/1425/1342 1726/1441/1342 245/1424/1342
f 1727/1425/1343 1708/1426/1343 1704/1412/1343
f 1704/1412/1344 1716/1442/1344 1727/1425/1344
f 1715/1427/1345 1705/1414/1345 887/1428/1345
f 1986/1443/1346 3256/1444/1346 1985/1445/1346
f 1078/868/1347 887/1428/1347 1696/1400/1347
f 1077/867/1348 1098/1402/1348 1718/1432/1348
f 1481/1201/1349 1484/1431/1349 1486/1202/1349
f 1732/1446/1350 850/872/1350 1709/1434/1350
f 1710/1436/1351 1674/1447/1351 939/1397/1351
f 1710/1436/1352 1678/1387/1352 1711/1420/1352
f 1476/667/1353 1720/1448/1353 1719/1449/1353
f 1721/863/1354 1052/1450/1354 1071/668/1354
f 1395/1438/1355 1724/1440/1355 245/1424/1355
f 1727/1425/1356 1725/1451/1356 1726/1441/1356
f 1716/1442/1357 1725/1451/1357 1727/1425/1357
f 1716/1442/1358 1704/1412/1358 1715/1427/1358
f 1716/1442/1359 1715/1427/1359 887/1428/1359
f 1481/1201/1360 1366/1200/1360 1484/1431/1360
f 1483/1419/1361 850/1433/1361 1745/1452/1361
f 850/872/1362 1731/1453/1362 1745/1454/1362
f 1701/1417/1363 1692/1404/1363 1691/1407/1363
f 1735/1455/1364 1698/1456/1364 1674/1447/1364
f 1733/1457/1365 779/669/1365 330/247/1365
f 779/669/1365 1733/1457/1365 1476/667/1365
f 1052/1450/1366 779/669/1366 1071/668/1366
f 1390/1458/1367 1737/1459/1367 1736/1460/1367
f 1723/1439/1368 1395/1438/1368 1390/1458/1368
f 1728/1461/1369 1395/1438/1369 245/1424/1369
f 1078/868/1370 1729/1462/1370 887/1428/1370
f 1743/1463/1371 3167/1464/1371 3176/1465/1371
f 1480/1199/1372 1367/1466/1372 1366/1200/1372
f 1482/1197/1373 1483/1419/1373 1485/1467/1373
f 1732/1446/1374 1731/1453/1374 850/872/1374
f 1062/1468/1375 1731/1453/1375 1732/1446/1375
f 1734/862/1376 1052/1450/1376 1721/863/1376
f 1066/1469/1377 1052/1450/1377 1734/862/1377
f 1395/1438/1378 1737/1459/1378 1390/1458/1378
f 1728/1461/1379 1737/1459/1379 1395/1438/1379
f 1729/1462/1380 1728/1461/1380 1725/1451/1380
f 1729/1462/1381 1078/868/1381 1728/1461/1381
f 1484/1431/1382 1366/1200/1382 1718/1432/1382
f 1366/1200/1383 1367/1466/1383 1742/1470/1383
f 1743/1463/1384 1740/1471/1384 3149/1472/1384
f 1483/1419/1385 1744/1473/1385 1485/1467/1385
f 1483/1419/1386 1745/1452/1386 1744/1473/1386
f 1728/1461/1387 1078/868/1387 1737/1459/1387
f 1718/1432/1388 1078/868/1388 1077/867/1388
f 642/484/1389 1073/865/1389 1378/1118/1389
f 1747/1474/1390 1736/1460/1390 1737/1459/1390
f 1366/1200/1391 1742/1470/1391 1718/1432/1391
f 330/247/1392 779/669/1392 1044/245/1392
f 1746/1475/1393 1736/1460/1393 1747/1474/1393
f 1047/1476/1394 1731/1453/1394 1062/1468/1394
f 1752/1477/1395 3157/1478/1395 1749/1479/1395
f 779/669/1396 1038/833/1396 1044/245/1396
f 1052/1450/1397 1038/833/1397 779/669/1397
f 1750/1480/1398 1753/1481/1398 1746/1475/1398
f 1744/1473/1399 1755/1482/1399 1485/1467/1399
f 1744/1473/1400 1760/1483/1400 1755/1482/1400
f 3869/481/1401 626/480/1401 957/1484/1401
f 1473/1485/1402 1751/1486/1402 1467/1487/1402
f 3132/1488/1403 3149/1472/1403 1752/1477/1403
f 1474/1196/1404 1037/1489/1404 1758/1490/1404
f 1037/1489/1405 1474/1196/1405 1044/245/1405
f 1750/1480/1406 1775/1491/1406 1753/1481/1406
f 1750/1480/1407 1746/1475/1407 1747/1474/1407
f 1750/1480/1408 1747/1474/1408 1748/1492/1408
f 1737/1459/1409 1748/1492/1409 1747/1474/1409
f 1737/1459/1410 1759/1493/1410 1748/1492/1410
f 1078/868/1411 1759/1493/1411 1737/1459/1411
f 1731/1453/1412 1756/1494/1412 1745/1454/1412
f 1765/1495/1413 1031/1496/1413 1762/1497/1413
f 1043/1498/1414 1048/1499/1414 1047/1476/1414
f 152/115/1415 751/1500/1415 116/70/1415
f 1757/1501/1416 1467/1487/1416 1751/1486/1416
f 1758/1490/1417 1757/1501/1417 1751/1486/1417
f 1041/1502/1418 1758/1490/1418 1037/1489/1418
f 1040/835/1419 1041/1502/1419 1037/1489/1419
f 1038/833/1420 1037/1489/1420 1044/245/1420
f 1040/835/1421 1037/1489/1421 1038/833/1421
f 1763/1503/1422 1775/1491/1422 1750/1480/1422
f 1763/1503/1423 1750/1480/1423 1748/1492/1423
f 1763/1503/1424 1748/1492/1424 1764/1504/1424
f 1718/1432/1425 1759/1493/1425 1078/868/1425
f 1718/1432/1426 1742/1470/1426 1759/1493/1426
f 1745/1452/1427 1760/1483/1427 1744/1473/1427
f 1756/1494/1428 1731/1453/1428 1048/1499/1428
f 1766/1505/1429 1048/1499/1429 1034/1506/1429
f 895/575/1430 763/577/1430 877/688/1430
f 1769/1507/1431 1467/1487/1431 1757/1501/1431
f 1041/1502/1432 1757/1501/1432 1758/1490/1432
f 1414/1195/1433 659/1159/1433 1771/1508/1433
f 1775/1491/1434 1777/1509/1434 1753/1481/1434
f 1742/1470/1435 1779/1510/1435 1759/1493/1435
f 1742/1470/1436 1353/1091/1436 1779/1510/1436
f 1742/1470/1437 1367/1466/1437 1353/1091/1437
f 1771/1508/1438 659/1159/1438 1423/884/1438
f 1745/1454/1439 1756/1494/1439 1760/1511/1439
f 1043/1498/1440 1034/1506/1440 1048/1499/1440
f 1048/1499/1441 1766/1505/1441 1761/1512/1441
f 1030/1513/1442 1031/1496/1442 1765/1495/1442
f 1030/1513/1443 1766/1505/1443 1033/1514/1443
f 416/306/1444 536/393/1444 561/545/1444
f 714/544/1445 40/546/1445 49/1515/1445
f 1783/1516/1446 242/175/1446 1784/1517/1446
f 1016/1518/1447 1785/1519/1447 863/1520/1447
f 1769/1507/1448 1757/1501/1448 1768/1521/1448
f 1027/1522/1449 1040/835/1449 1039/834/1449
f 1773/1523/1450 1788/1524/1450 1786/1525/1450
f 1786/1525/1451 1787/1526/1451 1773/1523/1451
f 1772/1527/1452 1774/1528/1452 1013/1529/1452
f 1013/1529/1453 1773/1523/1453 1772/1527/1453
f 866/672/1454 867/1189/1454 1014/1530/1454
f 1779/1510/1455 1792/1531/1455 1764/1504/1455
f 1351/1089/1456 1353/1091/1456 1754/1198/1456
f 1756/1494/1457 1048/1499/1457 1761/1512/1457
f 1034/1506/1458 1033/1514/1458 1766/1505/1458
f 1783/1516/1459 1784/1517/1459 1016/1532/1459
f 242/175/1460 1793/1533/1460 1794/1534/1460
f 1783/1516/1461 240/1176/1461 241/176/1461
f 1784/1535/1462 1785/1519/1462 1016/1518/1462
f 863/1520/1463 1467/1487/1463 1466/1536/1463
f 863/1520/1464 1472/1537/1464 1467/1487/1464
f 1770/1538/1465 1041/1502/1465 1027/1522/1465
f 1041/1502/1466 1040/835/1466 1027/1522/1466
f 1773/1523/1467 1013/1529/1467 1788/1524/1467
f 1002/814/1468 1004/816/1468 1013/1529/1468
f 866/672/1469 1014/1530/1469 864/670/1469
f 160/376/1470 116/70/1470 106/72/1470
f 116/70/1471 751/1500/1471 105/71/1471
f 1789/1539/1472 1753/1481/1472 1777/1509/1472
f 1777/1509/1473 1775/1491/1473 1776/1540/1473
f 1778/1541/1474 1764/1504/1474 1781/1542/1474
f 1776/1540/1475 1778/1541/1475 1781/1542/1475
f 1792/1531/1476 1353/1091/1476 1352/1090/1476
f 1754/1198/1477 1795/1543/1477 1351/1089/1477
f 1782/1544/1478 1351/1089/1478 1795/1543/1478
f 1804/1545/1479 1755/1482/1479 1798/1546/1479
f 1756/1494/1480 1761/1512/1480 1805/1547/1480
f 1765/1495/1481 1766/1505/1481 1030/1513/1481
f 225/174/1482 240/1176/1482 1443/1177/1482
f 241/176/1483 242/175/1483 1783/1516/1483
f 1437/1548/1484 1436/1549/1484 1016/1532/1484
f 863/1520/1485 1437/1550/1485 1016/1518/1485
f 1466/1536/1486 1010/1551/1486 863/1520/1486
f 1466/1536/1487 1467/1487/1487 1769/1507/1487
f 1757/1501/1488 1041/1502/1488 1768/1521/1488
f 1465/1552/1489 336/1173/1489 1010/1553/1489
f 750/1166/1490 763/577/1490 1121/576/1490
f 1781/1542/1491 1352/1090/1491 1776/1540/1491
f 1776/1540/1492 1351/1089/1492 1777/1509/1492
f 1352/1090/1493 1781/1542/1493 1792/1531/1493
f 1795/1543/1494 1796/1554/1494 1782/1544/1494
f 1801/1555/1495 1812/1556/1495 1790/1557/1495
f 1802/1558/1496 2994/1559/1496 3013/1560/1496
f 3013/1560/1497 2998/1561/1497 1802/1558/1497
f 1798/1546/1498 1755/1482/1498 1760/1483/1498
f 1756/1494/1499 1805/1547/1499 1798/1562/1499
f 1798/1562/1500 1760/1511/1500 1756/1494/1500
f 1435/1169/1501 1831/1563/1501 1762/1497/1501
f 2998/1561/1502 3013/1560/1502 1806/1564/1502
f 1444/1179/1503 1793/1533/1503 225/174/1503
f 1793/1533/1504 242/175/1504 225/174/1504
f 225/174/1505 1443/1177/1505 1444/1179/1505
f 1465/1565/1506 1466/1536/1506 1769/1507/1506
f 1768/1521/1507 1041/1502/1507 1770/1538/1507
f 1768/1566/1508 1770/1567/1508 1769/1568/1508
f 1770/1567/1509 1809/1569/1509 1769/1568/1509
f 895/575/1510 790/644/1510 1121/576/1510
f 1789/1539/1511 1814/1570/1511 1811/1571/1511
f 1789/1539/1512 1790/1557/1512 1812/1556/1512
f 1782/1544/1513 1800/1572/1513 1801/1555/1513
f 1351/1089/1514 1776/1540/1514 1352/1090/1514
f 1816/1573/1515 1817/1574/1515 1828/1575/1515
f 1805/1547/1516 1761/1512/1516 1343/1576/1516
f 1761/1512/1517 1766/1505/1517 1765/1495/1517
f 1762/1497/1518 1831/1563/1518 1765/1495/1518
f 1818/1577/1519 1819/1578/1519 247/1579/1519
f 484/720/1520 1563/643/1520 956/823/1520
f 484/720/1521 956/823/1521 1020/822/1521
f 247/1579/1522 1819/1578/1522 248/1580/1522
f 1594/1581/1523 913/960/1523 483/727/1523
f 717/512/1524 137/673/1524 604/452/1524
f 1595/1280/1525 1123/945/1525 1560/1247/1525
f 1824/1582/1526 1811/1571/1526 1814/1570/1526
f 1814/1570/1527 1789/1539/1527 1812/1556/1527
f 1812/1556/1528 1801/1555/1528 1813/1583/1528
f 1812/1556/1529 1813/1583/1529 1814/1570/1529
f 1776/1540/1530 1775/1491/1530 1778/1541/1530
f 1790/1557/1531 1777/1509/1531 1351/1089/1531
f 1782/1544/1532 1801/1555/1532 1790/1557/1532
f 1796/1554/1533 1816/1573/1533 1828/1575/1533
f 1560/1247/1534 1123/945/1534 933/761/1534
f 1343/1584/1535 1804/1545/1535 1798/1546/1535
f 1343/1584/1536 1798/1546/1536 1805/1585/1536
f 1799/1586/1537 1829/1587/1537 1343/1584/1537
f 1830/1071/1538 1829/1587/1538 1799/1588/1538
f 1446/1180/1539 1442/1175/1539 1832/1589/1539
f 240/1176/1540 225/174/1540 241/176/1540
f 1783/1516/1541 1016/1532/1541 1436/1549/1541
f 417/753/1542 418/307/1542 486/388/1542
f 335/252/1543 340/1590/1543 333/248/1543
f 1769/1568/1544 1809/1569/1544 1465/1552/1544
f 933/761/1545 1124/914/1545 1602/762/1545
f 1014/1530/1546 1002/814/1546 1013/1529/1546
f 748/559/1547 498/382/1547 461/343/1547
f 479/356/1548 555/625/1548 477/357/1548
f 1824/1582/1549 1825/1591/1549 1837/1592/1549
f 1825/1591/1550 1824/1582/1550 1814/1570/1550
f 1825/1591/1551 1814/1570/1551 1826/1593/1551
f 1838/1594/1552 1825/1591/1552 1826/1593/1552
f 1814/1570/1553 1813/1583/1553 1826/1593/1553
f 1790/1557/1554 1789/1539/1554 1777/1509/1554
f 1790/1557/1555 1351/1089/1555 1782/1544/1555
f 1800/1572/1556 1782/1544/1556 1828/1575/1556
f 1828/1575/1557 1782/1544/1557 1796/1554/1557
f 1761/1595/1558 1799/1586/1558 1343/1584/1558
f 1831/1563/1559 1799/1596/1559 1765/1495/1559
f 1446/1180/1560 1443/1177/1560 1442/1175/1560
f 240/1176/1561 1833/1597/1561 1441/1174/1561
f 1809/1569/1562 341/1598/1562 335/252/1562
f 844/1187/1563 845/1599/1563 1003/1188/1563
f 1461/1600/1564 1835/1601/1564 1460/1602/1564
f 1602/762/1565 1026/828/1565 949/1603/1565
f 790/644/1566 852/660/1566 1842/1604/1566
f 239/207/1567 238/1064/1567 221/1049/1567
f 1838/1594/1568 1817/1574/1568 1846/1605/1568
f 1828/1575/1569 1817/1574/1569 1826/1593/1569
f 1813/1583/1570 1801/1555/1570 1827/1606/1570
f 1827/1606/1571 1801/1555/1571 1800/1572/1571
f 1846/1605/1572 1817/1574/1572 1816/1573/1572
f 1799/1588/1573 1840/1607/1573 1830/1071/1573
f 1831/1563/1574 1840/1608/1574 1799/1596/1574
f 1831/1563/1575 1435/1169/1575 355/1171/1575
f 348/257/1576 1840/1607/1576 355/1609/1576
f 1434/1168/1577 1849/1610/1577 348/257/1577
f 1849/1610/1578 344/675/1578 343/676/1578
f 1832/1589/1579 1820/1611/1579 1446/1180/1579
f 1437/1548/1580 342/1612/1580 1436/1549/1580
f 965/1613/1581 949/1603/1581 1026/828/1581
f 335/252/1582 1465/1552/1582 1809/1569/1582
f 1841/1614/1583 1005/815/1583 1002/814/1583
f 1006/1615/1584 1841/1614/1584 1002/814/1584
f 1006/1615/1585 1002/814/1585 845/1599/1585
f 844/1187/1586 867/1189/1586 1461/1600/1586
f 1460/1602/1587 1457/1186/1587 1850/1185/1587
f 1460/1602/1588 1835/1601/1588 1834/1616/1588
f 1852/1617/1589 1853/1618/1589 1851/1619/1589
f 1127/1620/1590 965/1613/1590 1026/828/1590
f 1854/1621/1591 1856/1622/1591 1855/1623/1591
f 1854/1621/1592 1836/1624/1592 1844/1625/1592
f 1836/1624/1593 1837/1592/1593 1844/1625/1593
f 1838/1594/1594 1845/1626/1594 1825/1591/1594
f 1845/1626/1595 1837/1592/1595 1825/1591/1595
f 1826/1593/1596 1817/1574/1596 1838/1594/1596
f 1845/1626/1597 1838/1594/1597 1859/1627/1597
f 1859/1627/1598 1838/1594/1598 1846/1605/1598
f 355/1171/1599 1840/1608/1599 1831/1563/1599
f 355/1609/1600 354/1167/1600 348/257/1600
f 8/333/1601 454/370/1601 419/332/1601
f 344/675/1602 1862/1628/1602 1442/1175/1602
f 1862/1628/1603 1832/1589/1603 1442/1175/1603
f 1439/1172/1604 346/255/1604 1441/1174/1604
f 1436/1549/1605 342/1612/1605 1833/1597/1605
f 308/492/1606 1863/1629/1606 626/480/1606
f 426/541/1607 697/1630/1607 435/587/1607
f 143/90/1608 126/91/1608 1864/1631/1608
f 1865/1632/1609 1866/1633/1609 1867/1634/1609
f 335/252/1610 1865/1632/1610 1867/1634/1610
f 1842/1604/1611 852/660/1611 881/690/1611
f 845/1599/1612 844/1187/1612 1868/1635/1612
f 1869/1636/1613 1841/1614/1613 1868/1635/1613
f 1866/1633/1614 1869/1636/1614 1868/1635/1614
f 1850/1185/1615 1870/1637/1615 1866/1633/1615
f 1868/1635/1616 1841/1614/1616 1006/1615/1616
f 844/1187/1617 1461/1600/1617 1868/1635/1617
f 1461/1600/1618 1460/1602/1618 1868/1635/1618
f 1868/1635/1619 1006/1615/1619 845/1599/1619
f 1460/1602/1620 1850/1185/1620 1868/1635/1620
f 1834/1616/1621 1457/1186/1621 1460/1602/1621
f 1457/1186/1622 1834/1616/1622 1851/1619/1622
f 1851/1619/1623 1834/1616/1623 1852/1617/1623
f 1853/1618/1624 1871/1638/1624 1851/1619/1624
f 1855/1623/1625 1888/1639/1625 1873/1640/1625
f 1843/1641/1626 1837/1592/1626 1859/1627/1626
f 1844/1625/1627 1843/1641/1627 1876/1642/1627
f 1839/1643/1628 1877/1644/1628 1846/1605/1628
f 347/256/1629 1830/1071/1629 1840/1607/1629
f 347/256/1630 1840/1607/1630 348/257/1630
f 459/350/1631 492/353/1631 455/334/1631
f 343/676/1632 348/257/1632 1849/1610/1632
f 1833/1597/1633 240/1176/1633 1783/1516/1633
f 1833/1597/1634 1783/1516/1634 1436/1549/1634
f 75/41/1635 99/58/1635 126/91/1635
f 1864/1631/1636 126/91/1636 1713/1645/1636
f 1465/1552/1637 335/252/1637 336/1173/1637
f 1867/1634/1638 340/1590/1638 335/252/1638
f 1866/1633/1639 1865/1632/1639 1869/1636/1639
f 1850/1185/1640 1866/1633/1640 1868/1635/1640
f 1456/1182/1641 1457/1186/1641 1851/1619/1641
f 194/1646/1642 186/161/1642 1872/1647/1642
f 194/1646/1643 1338/1648/1643 186/161/1643
f 1857/1649/1644 1888/1639/1644 1855/1623/1644
f 1857/1649/1645 1855/1623/1645 1856/1622/1645
f 2935/1650/1646 1848/1651/1646 1847/1652/1646
f 1883/1653/1647 1859/1627/1647 1882/1654/1647
f 348/257/1648 343/676/1648 346/255/1648
f 478/344/1649 477/357/1649 452/342/1649
f 344/675/1650 1849/1610/1650 1862/1628/1650
f 1833/1597/1651 342/1612/1651 336/1173/1651
f 336/1173/1652 1439/1172/1652 1833/1597/1652
f 1867/1634/1653 1866/1633/1653 1334/249/1653
f 1870/1637/1654 1879/1655/1654 1866/1633/1654
f 1456/1182/1655 1851/1619/1655 1871/1638/1655
f 1853/1618/1656 1872/1647/1656 1880/1656/1656
f 1872/1647/1657 186/161/1657 1335/1657/1657
f 1338/1648/1658 224/162/1658 186/161/1658
f 1888/1639/1659 1338/1648/1659 1873/1640/1659
f 1875/1658/1660 1856/1622/1660 1844/1625/1660
f 1844/1625/1661 1837/1592/1661 1843/1641/1661
f 1875/1658/1662 1844/1625/1662 1876/1642/1662
f 1883/1653/1663 1843/1641/1663 1859/1627/1663
f 1890/1659/1664 1876/1642/1664 1889/1660/1664
f 1839/1643/1665 1892/1661/1665 1877/1644/1665
f 1833/1597/1666 1439/1172/1666 1441/1174/1666
f 1439/1172/1667 1438/1070/1667 346/255/1667
f 1884/1662/1668 1879/1655/1668 1870/1637/1668
f 1454/1183/1669 1871/1638/1669 1880/1656/1669
f 1880/1656/1670 1871/1638/1670 1853/1618/1670
f 218/1663/1671 208/164/1671 229/165/1671
f 1883/1653/1672 1889/1660/1672 1876/1642/1672
f 1846/1605/1673 1877/1644/1673 1882/1654/1673
f 1890/1659/1674 1889/1660/1674 1877/1644/1674
f 1892/1661/1675 1876/1642/1675 1890/1659/1675
f 1893/1664/1676 1892/1661/1676 1804/1545/1676
f 347/256/1677 346/255/1677 1438/1070/1677
f 346/255/1678 344/675/1678 1441/1174/1678
f 990/1665/1679 1440/251/1679 334/250/1679
f 333/248/1680 334/250/1680 1440/251/1680
f 1334/249/1681 340/1590/1681 1867/1634/1681
f 1879/1655/1682 1884/1662/1682 857/1666/1682
f 856/1667/1683 1454/1183/1683 1898/1668/1683
f 1880/1656/1684 1335/1657/1684 1455/1669/1684
f 1335/1657/1685 186/161/1685 191/163/1685
f 224/162/1686 1338/1648/1686 1888/1639/1686
f 1857/1649/1687 1874/1670/1687 1899/1671/1687
f 1882/1654/1688 1877/1644/1688 1889/1660/1688
f 1882/1654/1689 1889/1660/1689 1883/1653/1689
f 1890/1659/1690 1877/1644/1690 1892/1661/1690
f 1804/1545/1691 1897/1672/1691 1893/1664/1691
f 1439/1172/1692 1440/251/1692 1438/1070/1692
f 2845/1673/1693 2871/1674/1693 2852/1675/1693
f 856/1667/1694 857/1666/1694 1884/1662/1694
f 1458/1181/1695 1454/1183/1695 856/1667/1695
f 1898/1668/1696 1454/1183/1696 1880/1656/1696
f 1880/1656/1697 1872/1647/1697 1335/1657/1697
f 191/163/1698 224/162/1698 190/1676/1698
f 1857/1649/1699 1856/1622/1699 1874/1670/1699
f 1892/1661/1700 1893/1664/1700 1874/1670/1700
f 1896/1677/1701 1335/1657/1701 191/163/1701
f 224/162/1702 1901/1678/1702 190/1676/1702
f 1899/1671/1703 1904/1679/1703 1888/1639/1703
f 1874/1670/1704 1856/1622/1704 1875/1658/1704
f 1875/1658/1705 1876/1642/1705 1892/1661/1705
f 1874/1670/1706 1893/1664/1706 1903/1680/1706
f 1874/1670/1707 1875/1658/1707 1892/1661/1707
f 1903/1680/1708 1899/1671/1708 1874/1670/1708
f 1902/1681/1709 1888/1639/1709 1904/1679/1709
f 1438/1070/1710 1440/251/1710 990/1665/1710
f 1894/1682/1711 857/1666/1711 1898/1668/1711
f 1880/1656/1712 1455/1669/1712 1898/1668/1712
f 1903/1680/1713 1893/1664/1713 1897/1672/1713
f 1903/1680/1714 1897/1672/1714 1905/1683/1714
f 1905/1683/1715 1906/1684/1715 1903/1680/1715
f 1891/1685/1716 1900/1686/1716 990/1665/1716
f 1879/1655/1717 1894/1682/1717 168/1687/1717
f 1894/1682/1718 1898/1668/1718 168/1687/1718
f 1453/1688/1719 1896/1677/1719 169/1689/1719
f 224/162/1720 1888/1639/1720 1902/1681/1720
f 1903/1680/1721 1906/1684/1721 1902/1681/1721
f 1905/1683/1722 1900/1686/1722 1906/1684/1722
f 1891/1685/1723 1906/1684/1723 1900/1686/1723
f 1455/1669/1724 1453/1688/1724 168/1687/1724
f 224/162/1725 1902/1681/1725 1901/1678/1725
f 167/1690/1726 168/1687/1726 169/1689/1726
f 1906/1684/1727 1891/1685/1727 1879/1655/1727
f 1902/1681/1728 1904/1679/1728 1903/1680/1728
f 168/1687/1729 167/1690/1729 1902/1681/1729
f 451/528/1730 461/343/1730 452/342/1730
f 168/1687/1731 1902/1681/1731 1906/1684/1731
f 1906/1684/1732 1879/1655/1732 168/1687/1732
f 169/1689/1733 1901/1678/1733 167/1690/1733
f 1908/1691/1734 1909/1692/1734 1907/1693/1734
f 1129/946/1735 1127/832/1735 1035/789/1735
f 1914/1694/1736 1913/1695/1736 1912/1696/1736
f 1915/1697/1737 1916/1698/1737 1914/1694/1737
f 1917/1699/1738 1916/1698/1738 1915/1697/1738
f 1918/1700/1739 44/1701/1739 43/354/1739
f 480/355/1740 502/651/1740 481/626/1740
f 1925/1702/1741 1920/1703/1741 1921/1704/1741
f 1922/1705/1742 1923/1706/1742 1579/1707/1742
f 1579/1707/1743 4049/1708/1743 1924/1709/1743
f 1929/1710/1744 1930/1711/1744 1927/1712/1744
f 1933/1713/1745 952/408/1745 1931/1714/1745
f 1318/1389/1746 1683/1378/1746 1153/927/1746
f 63/30/1747 1934/39/1747 801/850/1747
f 1934/39/1748 64/32/1748 1513/1715/1748
f 801/850/1749 72/802/1749 71/916/1749
f 1138/918/1750 643/483/1750 994/487/1750
f 968/796/1751 1803/1716/1751 235/1717/1751
f 786/600/1752 1936/1718/1752 1935/1719/1752
f 1937/1720/1753 4030/1721/1753 1935/1719/1753
f 3604/1722/1754 1946/1723/1754 1947/1724/1754
f 1944/1725/1755 3628/1726/1755 1946/1723/1755
f 1947/1724/1756 1946/1723/1756 1948/1727/1756
f 1948/1727/1757 1949/1728/1757 1947/1724/1757
f 1958/1729/1758 1957/1730/1758 1878/1731/1758
f 1959/1732/1759 195/1733/1759 1960/1734/1759
f 1962/1735/1760 1963/1736/1760 195/1733/1760
f 3480/1737/1761 1964/1738/1761 1963/1739/1761
f 166/124/1762 209/137/1762 208/164/1762
f 571/699/1763 587/467/1763 559/438/1763
f 1968/1740/1764 1965/1741/1764 1967/1742/1764
f 1966/1743/1765 1968/1740/1765 1969/1744/1765
f 965/795/1766 1127/832/1766 1129/946/1766
f 982/1745/1767 787/1746/1767 3327/1747/1767
f 1976/1748/1768 1973/1749/1768 1974/1750/1768
f 1978/1751/1769 1977/1752/1769 3295/1753/1769
f 1978/1754/1770 3270/1755/1770 1977/1756/1770
f 1981/1757/1771 1979/1758/1771 1977/1756/1771
f 1981/1757/1772 1982/1759/1772 1984/1760/1772
f 3254/1761/1773 1987/1762/1773 1991/1763/1773
f 1991/1763/1774 1990/1764/1774 3217/1765/1774
f 1208/1766/1775 3205/1767/1775 1994/1768/1775
f 1208/1766/1776 1996/1769/1776 3205/1767/1776
f 1999/1770/1777 1420/1155/1777 2000/1771/1777
f 2002/1772/1778 2000/1771/1778 1420/1155/1778
f 2982/1773/1779 815/1774/1779 2004/1775/1779
f 2005/1776/1780 2006/1777/1780 2007/1778/1780
f 2008/1779/1781 2006/1777/1781 2005/1776/1781
f 2011/1780/1782 2006/1777/1782 2008/1779/1782
f 1707/1781/1783 4/1/1783 1614/1782/1783
f 1571/1783/1784 2021/1784/1784 2022/1785/1784
f 1118/1786/1785 2022/1785/1785 2021/1784/1785
f 2023/1787/1786 1128/1788/1786 2025/1789/1786
f 2027/1790/1787 2028/1791/1787 2029/1792/1787
f 2719/1793/1788 1995/1794/1788 2660/1795/1788
f 1135/1796/1789 2033/1797/1789 2032/1798/1789
f 2035/1799/1790 2037/1800/1790 2036/1801/1790
f 2036/1801/1791 2037/1800/1791 2038/1802/1791
f 710/1803/1792 2041/1804/1792 2589/1805/1792
f 2043/1806/1793 991/811/1793 25/17/1793
f 1320/1807/1794 2044/1808/1794 2045/1809/1794
f 2436/1810/1795 2393/1054/1795 2046/1811/1795
f 2436/1810/1796 2412/1812/1796 2393/1054/1796
f 739/1055/1797 2047/1813/1797 730/1069/1797
f 2047/1813/1798 2048/1814/1798 575/424/1798
f 1028/1815/1799 573/422/1799 575/424/1799
f 177/134/1800 715/133/1800 469/578/1800
f 2052/1816/1801 2406/1817/1801 2051/1818/1801
f 2410/1819/1802 2054/1820/1802 2055/1821/1802
f 809/1022/1803 2059/1822/1803 2060/1023/1803
f 2358/1823/1804 2339/1824/1804 825/1825/1804
f 825/1825/1805 807/1826/1805 2060/1827/1805
f 2063/1828/1806 2062/1829/1806 2064/1830/1806
f 2063/1828/1807 2066/1831/1807 2065/1832/1807
f 2066/1831/1808 588/1833/1808 2065/1832/1808
f 615/477/1809 547/1834/1809 2245/1835/1809
f 2072/1836/1810 2075/1837/1810 2073/1838/1810
f 2075/1837/1811 2072/1836/1811 2076/1839/1811
f 2074/1840/1812 2075/1837/1812 2076/1839/1812
f 2077/1841/1813 2376/1842/1813 2074/1840/1813
f 2369/1843/1814 2079/1844/1814 2078/1845/1814
f 2336/1846/1815 2316/1847/1815 2084/1848/1815
f 2094/1849/1816 634/85/1816 601/451/1816
f 2102/1850/1817 2101/1851/1817 2100/1852/1817
f 298/569/1818 272/211/1818 259/1853/1818
f 288/583/1819 2332/1854/1819 35/169/1819
f 773/582/1820 2104/1855/1820 288/583/1820
f 2103/1856/1821 2104/1855/1821 773/582/1821
f 2104/1855/1822 2103/1856/1822 808/1857/1822
f 2112/1858/1823 2111/1859/1823 2110/1860/1823
f 2112/1858/1824 2113/1861/1824 2111/1859/1824
f 2113/1861/1825 2112/1858/1825 2265/1862/1825
f 2113/1861/1826 548/614/1826 2102/1850/1826
f 2115/1863/1827 2114/1864/1827 548/614/1827
f 601/451/1828 2115/1863/1828 548/614/1828
f 799/611/1829 2117/1865/1829 2118/1866/1829
f 1545/1867/1830 1218/959/1830 908/721/1830
f 799/611/1831 800/613/1831 2117/1865/1831
f 2118/1866/1832 2119/1868/1832 799/611/1832
f 2236/1869/1833 2229/1870/1833 2120/1871/1833
f 85/1872/1834 2598/1873/1834 84/1874/1834
f 721/618/1835 2127/1875/1835 814/619/1835
f 2137/1876/1836 2136/1877/1836 2138/1878/1836
f 1218/959/1837 881/690/1837 868/677/1837
f 1012/1879/1838 1011/1880/1838 2143/1881/1838
f 2146/1882/1839 2145/1883/1839 2147/1884/1839
f 2149/1885/1840 2148/1886/1840 2141/1887/1840
f 2148/1886/1841 2146/1882/1841 2140/1888/1841
f 2150/1889/1842 2140/1888/1842 2151/1890/1842
f 2150/1889/1843 2141/1887/1843 2140/1888/1843
f 2139/1891/1844 2150/1889/1844 2153/1892/1844
f 2164/1893/1845 2155/1894/1845 2157/1895/1845
f 2159/1896/1846 2044/1808/1846 2158/1897/1846
f 2044/1808/1847 2415/1898/1847 2160/1899/1847
f 2414/1900/1848 2147/1884/1848 2160/1899/1848
f 2151/1890/1849 2162/1901/1849 2164/1893/1849
f 2165/1902/1850 2166/1903/1850 2157/1895/1850
f 2155/1894/1851 2164/1893/1851 2163/1904/1851
f 2171/1905/1852 2173/1906/1852 2172/1907/1852
f 2173/1906/1853 2174/1908/1853 2175/1909/1853
f 2176/1910/1854 2250/1911/1854 2174/1908/1854
f 2293/1912/1855 2276/1913/1855 2180/1914/1855
f 2181/1915/1856 2276/1913/1856 2293/1912/1856
f 2181/1915/1857 2261/1916/1857 2276/1913/1857
f 2181/1915/1858 2183/1917/1858 2182/1918/1858
f 2188/1919/1859 2185/1920/1859 767/585/1859
f 898/1921/1860 853/1922/1860 897/1923/1860
f 2189/1924/1861 94/75/1861 1308/1925/1861
f 2193/1926/1862 768/640/1862 1309/1927/1862
f 677/1094/1863 768/640/1863 1722/1928/1863
f 1722/1928/1864 688/1929/1864 689/1930/1864
f 677/1094/1865 1309/1927/1865 768/640/1865
f 2193/1926/1866 676/666/1866 768/640/1866
f 676/666/1867 2193/1926/1867 896/930/1867
f 677/1094/1868 138/1093/1868 1309/1927/1868
f 138/1093/1869 673/724/1869 1309/1927/1869
f 1309/1927/1870 1308/1925/1870 2193/1926/1870
f 896/930/1871 1308/1925/1871 2192/1931/1871
f 475/530/1872 476/429/1872 177/134/1872
f 674/722/1873 673/724/1873 138/1093/1873
f 2195/1932/1874 94/75/1874 2196/1933/1874
f 2196/1933/1875 94/75/1875 2189/1924/1875
f 853/1922/1876 2192/1931/1876 899/1934/1876
f 2192/1931/1877 88/74/1877 899/1934/1877
f 88/74/1878 2192/1931/1878 1308/1925/1878
f 202/149/1879 201/148/1879 278/214/1879
f 2200/1935/1880 2196/1933/1880 2189/1924/1880
f 2201/1936/1881 2202/1937/1881 2203/1938/1881
f 673/724/1882 2191/723/1882 1309/1927/1882
f 93/73/1883 2125/1939/1883 97/1940/1883
f 88/74/1884 1308/1925/1884 94/75/1884
f 961/1941/1885 2197/1942/1885 774/1943/1885
f 2191/723/1886 2197/1942/1886 2189/1924/1886
f 2197/1942/1887 961/1941/1887 2200/1935/1887
f 2197/1942/1888 2200/1935/1888 2189/1924/1888
f 674/722/1889 1019/1944/1889 1823/1945/1889
f 753/616/1890 805/1946/1890 769/1947/1890
f 753/616/1891 696/563/1891 805/1946/1891
f 1305/1948/1892 93/73/1892 2205/1949/1892
f 1545/1867/1893 914/1230/1893 2211/1950/1893
f 2200/1935/1894 1306/1951/1894 2196/1933/1894
f 2200/1935/1895 2207/1952/1895 1306/1951/1895
f 961/1941/1896 2207/1952/1896 2200/1935/1896
f 2207/1952/1897 2201/1936/1897 2203/1938/1897
f 775/1953/1898 2191/723/1898 674/722/1898
f 662/1954/1899 2116/1955/1899 513/1956/1899
f 898/1921/1900 2210/1957/1900 854/700/1900
f 662/1954/1901 513/1956/1901 1823/1958/1901
f 662/1954/1902 805/1946/1902 2116/1955/1902
f 82/51/1903 2216/1959/1903 2214/1960/1903
f 2124/1961/1904 2125/1939/1904 1305/1948/1904
f 2207/1952/1905 961/1941/1905 2201/1936/1905
f 774/1943/1906 2201/1936/1906 961/1941/1906
f 754/564/1907 770/112/1907 696/563/1907
f 912/1962/1908 2209/1963/1908 657/1964/1908
f 2185/1920/1909 2188/1919/1909 2186/1965/1909
f 2125/1939/1910 2217/1966/1910 2188/1919/1910
f 2125/1939/1911 2124/1961/1911 2217/1966/1911
f 89/1967/1912 1306/1951/1912 2207/1952/1912
f 2201/1968/1913 1301/113/1913 2202/1969/1913
f 460/403/1914 970/800/1914 2279/1970/1914
f 2116/1955/1915 805/1946/1915 1301/113/1915
f 912/1962/1916 832/701/1916 854/700/1916
f 1305/1948/1917 2220/1971/1917 2124/1961/1917
f 1305/1948/1918 671/1972/1918 2220/1971/1918
f 89/1967/1919 2207/1952/1919 2203/1938/1919
f 115/1033/1920 90/1035/1920 89/1973/1920
f 115/1033/1921 2202/1969/1921 1301/113/1921
f 805/1946/1922 770/112/1922 1301/113/1922
f 832/701/1923 912/1962/1923 656/1974/1923
f 657/1964/1924 855/1975/1924 2224/1976/1924
f 657/1964/1925 2209/1963/1925 855/1975/1925
f 2188/1919/1926 2217/1966/1926 2186/1965/1926
f 2124/1961/1927 2220/1971/1927 2123/1977/1927
f 2221/1978/1928 1914/1694/1928 1912/1696/1928
f 2185/1920/1929 2218/1979/1929 2215/1980/1929
f 2217/1966/1930 2225/1981/1930 2186/1965/1930
f 671/1972/1931 672/1982/1931 2220/1971/1931
f 601/451/1932 592/450/1932 2094/1849/1932
f 2203/1938/1933 2202/1937/1933 115/1983/1933
f 115/1033/1934 89/1973/1934 2203/1984/1934
f 114/1032/1935 90/1035/1935 115/1033/1935
f 2227/1985/1936 1921/1704/1936 2223/1986/1936
f 1545/1867/1937 908/721/1937 914/1230/1937
f 2215/1980/1938 855/1975/1938 2185/1920/1938
f 2124/1961/1939 2123/1977/1939 2217/1966/1939
f 2122/1987/1940 2123/1977/1940 2121/1988/1940
f 2123/1977/1941 2220/1971/1941 2121/1988/1941
f 2211/1950/1942 914/1230/1942 1225/1989/1942
f 634/85/1943 2094/1849/1943 90/1035/1943
f 2224/1976/1944 378/1990/1944 657/1964/1944
f 2215/1980/1945 2224/1976/1945 855/1975/1945
f 2218/1979/1946 2233/1991/1946 2215/1980/1946
f 2218/1979/1947 2185/1920/1947 2186/1965/1947
f 2184/1992/1948 2234/1993/1948 2186/1965/1948
f 2177/1994/1949 2178/1995/1949 2184/1992/1949
f 2122/1987/1950 2217/1966/1950 2123/1977/1950
f 2226/1996/1951 2220/1971/1951 672/1982/1951
f 672/1982/1952 2232/1997/1952 2226/1996/1952
f 2186/1965/1953 2225/1981/1953 2184/1992/1953
f 2122/1987/1954 2231/1998/1954 2217/1966/1954
f 2236/1869/1955 2120/1871/1955 2247/1999/1955
f 2232/1997/1956 672/1982/1956 1273/2000/1956
f 2115/1863/1957 634/85/1957 617/540/1957
f 632/84/1958 617/540/1958 634/85/1958
f 2238/2001/1959 595/2002/1959 641/2003/1959
f 615/477/1960 2245/1835/1960 617/540/1960
f 2215/1980/1961 2233/1991/1961 2224/1976/1961
f 2234/1993/1962 2218/1979/1962 2186/1965/1962
f 2234/1993/1963 2184/1992/1963 2240/2004/1963
f 2184/1992/1964 2241/2005/1964 2177/1994/1964
f 2225/1981/1965 2241/2005/1965 2184/1992/1965
f 2228/2006/1966 2241/2005/1966 2225/1981/1966
f 2217/1966/1967 2231/1998/1967 2228/2006/1967
f 2242/2007/1968 2229/1870/1968 2121/1988/1968
f 634/85/1969 2115/1863/1969 601/451/1969
f 378/2008/1970 849/2009/1970 848/2010/1970
f 2240/2004/1971 2246/2011/1971 2234/1993/1971
f 2217/1966/1972 2228/2006/1972 2225/1981/1972
f 2250/1911/1973 2228/2006/1973 2231/1998/1973
f 2170/2012/1974 2235/2013/1974 2247/1999/1974
f 2120/1871/1975 2237/612/1975 2247/1999/1975
f 2253/2014/1976 2120/1871/1976 2229/1870/1976
f 2229/1870/1977 2242/2007/1977 2264/2015/1977
f 2121/1988/1978 2226/1996/1978 2232/1997/1978
f 760/765/1979 645/764/1979 2094/1849/1979
f 617/540/1980 2114/1864/1980 2115/1863/1980
f 2184/1992/1981 2178/1995/1981 2240/2004/1981
f 2228/2006/1982 2250/1911/1982 2241/2005/1982
f 2247/1999/1983 2237/612/1983 2119/1868/1983
f 2232/1997/1984 2243/2016/1984 2121/1988/1984
f 2194/2017/1985 1273/2000/1985 645/2018/1985
f 592/450/1986 760/765/1986 2094/1849/1986
f 592/450/1987 549/449/1987 2093/2019/1987
f 793/135/1988 369/686/1988 538/2020/1988
f 538/2020/1989 1329/2021/1989 793/135/1989
f 2252/2022/1990 378/1990/1990 2224/1976/1990
f 2233/1991/1991 2252/2022/1991 2224/1976/1991
f 2233/1991/1992 2234/1993/1992 2246/2011/1992
f 2178/1995/1993 2249/2023/1993 2240/2004/1993
f 2178/1995/1994 2177/1994/1994 2182/1918/1994
f 2241/2005/1995 2250/1911/1995 2176/1910/1995
f 2253/2014/1996 2229/1870/1996 2264/2015/1996
f 549/449/1997 548/614/1997 2091/2024/1997
f 2114/1864/1998 2102/1850/1998 548/614/1998
f 2114/1864/1999 2101/1851/1999 2102/1850/1999
f 2245/1835/2000 2114/1864/2000 617/540/2000
f 2066/1831/2001 2245/1835/2001 547/1834/2001
f 588/1833/2002 2066/1831/2002 547/1834/2002
f 547/1834/2003 568/2025/2003 588/1833/2003
f 2246/2011/2004 2252/2022/2004 2233/1991/2004
f 2178/1995/2005 2183/1917/2005 2249/2023/2005
f 2241/2005/2006 2176/1910/2006 2177/1994/2006
f 2250/1911/2007 2231/1998/2007 2235/2013/2007
f 2119/1868/2008 2263/2026/2008 2247/1999/2008
f 2243/2016/2009 2256/2027/2009 2242/2007/2009
f 2194/2017/2010 2256/2027/2010 2243/2016/2010
f 2091/2024/2011 2093/2019/2011 549/449/2011
f 720/2028/2012 2257/2029/2012 2511/2030/2012
f 2114/1864/2013 2245/1835/2013 2101/1851/2013
f 1329/2021/2014 469/578/2014 793/135/2014
f 2178/1995/2015 2182/1918/2015 2183/1917/2015
f 2219/2031/2016 2250/1911/2016 2235/2013/2016
f 2259/2032/2017 2253/2014/2017 2264/2015/2017
f 2093/2019/2018 2091/2024/2018 2090/2033/2018
f 548/614/2019 2113/1861/2019 2091/2024/2019
f 588/1833/2020 568/2025/2020 2065/1832/2020
f 1329/2021/2021 538/2020/2021 2239/2034/2021
f 1329/2021/2022 2239/2034/2022 2246/2011/2022
f 2252/2022/2023 2246/2011/2023 2239/2034/2023
f 2176/1910/2024 2182/1918/2024 2177/1994/2024
f 2174/1908/2025 2171/1905/2025 2176/1910/2025
f 2174/1908/2026 2250/1911/2026 2219/2031/2026
f 2247/1999/2027 2263/2026/2027 2170/2012/2027
f 2119/1868/2028 2118/1866/2028 2263/2026/2028
f 2119/1868/2029 2237/612/2029 799/611/2029
f 2256/2027/2030 760/2035/2030 2254/2036/2030
f 2090/2033/2031 2265/1862/2031 2089/2037/2031
f 2265/1862/2032 2091/2024/2032 2113/1861/2032
f 2101/1851/2033 2245/1835/2033 2100/1852/2033
f 2063/1828/2034 2065/1832/2034 2062/1829/2034
f 2286/2038/2035 2266/2039/2035 2222/2040/2035
f 2240/2004/2036 2249/2023/2036 2268/2041/2036
f 2175/1909/2037 2170/2012/2037 2173/1906/2037
f 2118/1866/2038 2271/2042/2038 2263/2026/2038
f 1921/1704/2039 2222/2040/2039 2223/1986/2039
f 1923/1706/2040 1922/1705/2040 1921/1704/2040
f 2237/612/2041 2272/2043/2041 2273/2044/2041
f 2259/2032/2042 2281/2045/2042 2253/2014/2042
f 2256/2027/2043 2264/2015/2043 2242/2007/2043
f 760/2035/2044 2090/2046/2044 2254/2036/2044
f 2194/2017/2045 760/2035/2045 2256/2027/2045
f 2090/2046/2046 2089/2047/2046 2254/2036/2046
f 2102/1850/2047 2100/1852/2047 2099/2048/2047
f 2099/2048/2048 2111/1859/2048 2102/1850/2048
f 2066/1831/2049 2100/1852/2049 2245/1835/2049
f 2063/1828/2050 2064/1830/2050 2284/2049/2050
f 445/2050/2051 2064/1830/2051 2062/1829/2051
f 1909/1692/2052 1908/1691/2052 2230/2051/2052
f 2267/2052/2053 2065/1832/2053 568/2025/2053
f 2267/2052/2054 568/2025/2054 327/240/2054
f 1329/2021/2055 2275/633/2055 469/578/2055
f 2246/2011/2056 2275/633/2056 1329/2021/2056
f 2240/2004/2057 2268/2041/2057 2246/2011/2057
f 2262/2053/2058 2276/1913/2058 2261/1916/2058
f 2262/2053/2059 2182/1918/2059 2176/1910/2059
f 2169/2054/2060 2173/1906/2060 2170/2012/2060
f 2271/2042/2061 2277/2055/2061 2263/2026/2061
f 1150/1261/2062 2278/2056/2062 1151/1004/2062
f 1908/1691/2063 1913/1695/2063 2230/2051/2063
f 2254/2036/2064 2089/2047/2064 2283/2057/2064
f 2265/2058/2065 2112/2059/2065 2089/2047/2065
f 2265/1862/2066 2090/2033/2066 2091/2024/2066
f 2066/1831/2067 2284/2049/2067 2100/1852/2067
f 2266/2039/2068 2286/2038/2068 2287/2060/2068
f 762/59/2069 98/61/2069 2267/2052/2069
f 2288/2061/2070 2183/1917/2070 2181/1915/2070
f 2171/1905/2071 2262/2053/2071 2176/1910/2071
f 2174/1908/2072 2173/1906/2072 2171/1905/2072
f 2221/1978/2073 2222/2040/2073 2266/2039/2073
f 2286/2038/2074 2222/2040/2074 1921/1704/2074
f 2237/612/2075 2289/2062/2075 2272/2043/2075
f 2237/612/2076 2253/2014/2076 2289/2062/2076
f 2282/2063/2077 2259/2032/2077 2254/2036/2077
f 2088/2064/2078 2283/2057/2078 2089/2047/2078
f 2089/2047/2079 2112/2059/2079 2088/2064/2079
f 2111/1859/2080 2099/2048/2080 2098/2065/2080
f 2163/1904/2081 2162/1901/2081 2292/2066/2081
f 2099/2048/2082 2100/1852/2082 2284/2049/2082
f 1921/1704/2083 1922/1705/2083 1925/1702/2083
f 762/59/2084 2267/2052/2084 327/240/2084
f 2183/1917/2085 2268/2041/2085 2249/2023/2085
f 2288/2061/2086 2268/2041/2086 2183/1917/2086
f 1921/1704/2087 2227/1985/2087 1923/1706/2087
f 2272/2043/2088 2291/2067/2088 2297/2068/2088
f 2281/2045/2089 2259/2032/2089 2282/2063/2089
f 2372/2069/2090 1924/1709/2090 1926/2070/2090
f 937/1003/2091 1150/1261/2091 1151/1004/2091
f 184/2071/2092 185/634/2092 2275/633/2092
f 2181/1915/2093 2293/1912/2093 2303/2072/2093
f 2263/2026/2094 2305/2073/2094 2170/2012/2094
f 2296/2074/2095 2306/2075/2095 2307/2076/2095
f 2277/2055/2096 2296/2074/2096 2307/2076/2096
f 1150/1261/2097 937/1003/2097 1293/1259/2097
f 2254/2036/2098 2283/2057/2098 2282/2063/2098
f 2097/2077/2099 2309/2078/2099 2098/2065/2099
f 2111/1859/2100 2098/2065/2100 2309/2078/2100
f 2096/2079/2101 2095/2080/2101 2097/2077/2101
f 2099/2048/2102 2064/1830/2102 2096/2079/2102
f 2284/2049/2103 2064/1830/2103 2099/2048/2103
f 445/2050/2104 2096/2079/2104 2064/1830/2104
f 1924/1709/2105 4049/1708/2105 2310/2081/2105
f 1552/2082/2106 2310/2081/2106 4049/1708/2106
f 3872/592/2107 435/587/2107 468/2083/2107
f 469/578/2108 185/634/2108 474/529/2108
f 2268/2041/2109 2275/633/2109 2246/2011/2109
f 2288/2061/2110 2181/1915/2110 2303/2072/2110
f 2168/2084/2111 2166/1903/2111 757/2085/2111
f 2262/2053/2112 2171/1905/2112 2304/2086/2112
f 2169/2054/2113 2313/2087/2113 2172/1907/2113
f 2170/2012/2114 2305/2073/2114 2169/2054/2114
f 2263/2026/2115 78/46/2115 2305/2073/2115
f 2307/2076/2116 76/44/2116 2277/2055/2116
f 1909/1692/2117 1911/2088/2117 1907/1693/2117
f 448/33/2118 68/35/2118 431/326/2118
f 2297/2068/2119 2273/2044/2119 2272/2043/2119
f 2291/2067/2120 2272/2043/2120 2290/2089/2120
f 2272/2043/2121 2289/2062/2121 2290/2089/2121
f 2281/2045/2122 2087/2090/2122 2253/2014/2122
f 2110/2091/2123 2088/2064/2123 2112/2059/2123
f 2110/1860/2124 2111/1859/2124 2309/2078/2124
f 2110/1860/2125 2309/2078/2125 2107/2092/2125
f 602/523/2126 762/59/2126 616/2093/2126
f 2268/2041/2127 184/2071/2127 2275/633/2127
f 2311/2094/2128 2341/2095/2128 2317/2096/2128
f 2294/2097/2129 2262/2053/2129 2304/2086/2129
f 2277/2055/2130 78/46/2130 2263/2026/2130
f 2230/2051/2131 1913/1695/2131 1914/1694/2131
f 1916/1698/2132 2230/2051/2132 1914/1694/2132
f 2291/2067/2133 2308/2098/2133 2319/2099/2133
f 2291/2067/2134 2319/2099/2134 2297/2068/2134
f 825/1825/2135 2339/1824/2135 826/2100/2135
f 826/2100/2136 2339/1824/2136 2329/2101/2136
f 2327/2102/2137 2312/608/2137 2328/2103/2137
f 2088/2064/2138 2110/2091/2138 2086/2104/2138
f 2288/2061/2139 2303/2072/2139 2322/2105/2139
f 2276/1913/2140 2294/2097/2140 2180/1914/2140
f 78/46/2141 2277/2055/2141 76/44/2141
f 2289/2062/2142 2336/1846/2142 2323/2106/2142
f 2309/2078/2143 2097/2077/2143 2095/2080/2143
f 2096/2079/2144 2109/2107/2144 2095/2080/2144
f 2221/1978/2145 2266/2039/2145 1914/1694/2145
f 468/2083/2146 435/587/2146 2330/2108/2146
f 993/917/2147 2279/1970/2147 1137/951/2147
f 2311/2094/2148 2268/2041/2148 2288/2061/2148
f 2180/1914/2149 2294/2097/2149 2312/608/2149
f 2304/2086/2150 2171/1905/2150 2172/1907/2150
f 78/46/2151 77/45/2151 68/35/2151
f 68/35/2152 473/790/2152 431/326/2152
f 68/35/2153 77/45/2153 473/790/2153
f 2291/2067/2154 2290/2089/2154 2323/2106/2154
f 2308/2098/2155 2291/2067/2155 2323/2106/2155
f 2086/2109/2156 2110/1860/2156 2107/2092/2156
f 2109/2107/2157 2107/2092/2157 2095/2080/2157
f 2106/2110/2158 2107/2092/2158 2109/2107/2158
f 2326/2111/2159 2324/2112/2159 2109/2107/2159
f 2109/2107/2160 2096/2079/2160 2326/2111/2160
f 1920/1703/2161 2286/2038/2161 1921/1704/2161
f 1922/1705/2162 1579/1707/2162 1924/1709/2162
f 468/2083/2163 2330/2108/2163 2326/2111/2163
f 435/587/2164 2331/2113/2164 2330/2108/2164
f 697/1630/2165 2331/2113/2165 435/587/2165
f 697/1630/2166 2332/1854/2166 828/2114/2166
f 185/634/2167 184/2071/2167 474/529/2167
f 2302/2115/2168 184/2071/2168 2268/2041/2168
f 2288/2061/2169 2322/2105/2169 2311/2094/2169
f 2303/2072/2170 2293/1912/2170 2333/2116/2170
f 2172/1907/2171 2295/2117/2171 2294/2097/2171
f 2305/2073/2172 67/34/2172 2169/2054/2172
f 2323/2106/2173 2334/2118/2173 2308/2098/2173
f 2335/2119/2174 2334/2118/2174 2336/1846/2174
f 2087/2090/2175 2336/1846/2175 2253/2014/2175
f 2316/1847/2176 2085/2120/2176 2329/2101/2176
f 2085/2120/2177 2086/2104/2177 2329/2101/2177
f 2086/2109/2178 2107/2092/2178 826/628/2178
f 697/1630/2179 828/2114/2179 2331/2113/2179
f 2317/2096/2180 2302/2115/2180 2311/2094/2180
f 2303/2072/2181 2333/2116/2181 2322/2105/2181
f 2180/1914/2182 795/610/2182 2293/1912/2182
f 795/610/2183 2180/1914/2183 2312/608/2183
f 2295/2117/2184 2312/608/2184 2294/2097/2184
f 2294/2097/2185 2304/2086/2185 2172/1907/2185
f 2169/2054/2186 67/34/2186 2313/2087/2186
f 67/34/2187 2305/2073/2187 78/46/2187
f 2262/2053/2188 2261/1916/2188 2182/1918/2188
f 2253/2014/2189 2336/1846/2189 2289/2062/2189
f 2087/2090/2190 2316/1847/2190 2336/1846/2190
f 2316/1847/2191 2087/2090/2191 2085/2120/2191
f 2329/2101/2192 2086/2104/2192 826/2100/2192
f 2106/2110/2193 826/628/2193 2107/2092/2193
f 812/2121/2194 2106/2110/2194 810/2122/2194
f 2330/2108/2195 2331/2113/2195 2324/2112/2195
f 2301/2123/2196 383/2124/2196 2320/524/2196
f 295/498/2197 474/529/2197 184/2071/2197
f 2302/2115/2198 2317/2096/2198 2337/2125/2198
f 2322/2105/2199 2341/2095/2199 2311/2094/2199
f 2293/1912/2200 2338/2126/2200 2333/2116/2200
f 2328/2103/2201 2312/608/2201 2295/2117/2201
f 2295/2117/2202 2313/2087/2202 2328/2103/2202
f 2106/2110/2203 812/2121/2203 2108/629/2203
f 828/2114/2204 2104/1855/2204 2331/2113/2204
f 1293/1259/2205 948/766/2205 1322/1279/2205
f 2337/2125/2206 685/496/2206 2321/2127/2206
f 795/610/2207 2338/2126/2207 2293/1912/2207
f 2327/2102/2208 803/2128/2208 2179/609/2208
f 2324/2112/2209 2105/2129/2209 2325/2130/2209
f 2331/2113/2210 2105/2129/2210 2324/2112/2210
f 2105/2129/2211 2331/2113/2211 2104/1855/2211
f 2310/2081/2212 2344/2131/2212 1924/1709/2212
f 960/2132/2213 2320/524/2213 383/2124/2213
f 383/2124/2214 587/467/2214 571/699/2214
f 677/1094/2215 1722/1928/2215 689/1930/2215
f 2337/2125/2216 2340/2133/2216 685/496/2216
f 2322/2105/2217 2345/2134/2217 2341/2095/2217
f 2333/2116/2218 2346/2135/2218 2322/2105/2218
f 2342/2136/2219 2327/2102/2219 2328/2103/2219
f 2339/1824/2220 2084/1848/2220 2316/1847/2220
f 2316/1847/2221 2329/2101/2221 2339/1824/2221
f 2105/2129/2222 2104/1855/2222 808/1857/2222
f 378/1990/2223 2252/2022/2223 2239/2034/2223
f 2337/2125/2224 2317/2096/2224 2341/2095/2224
f 2333/2116/2225 2361/2137/2225 2346/2135/2225
f 2338/2126/2226 2361/2137/2226 2333/2116/2226
f 2351/2138/2227 2328/2103/2227 2313/2087/2227
f 67/34/2228 757/2085/2228 2313/2087/2228
f 2352/2139/2229 448/33/2229 963/792/2229
f 758/2140/2230 2343/2141/2230 2334/2118/2230
f 855/1975/2231 767/585/2231 2185/1920/2231
f 2341/2095/2232 2354/2142/2232 2337/2125/2232
f 2346/2135/2233 2345/2134/2233 2322/2105/2233
f 795/610/2234 2355/2143/2234 2338/2126/2234
f 2179/609/2235 2355/2143/2235 795/610/2235
f 2347/2144/2236 2343/2141/2236 758/2140/2236
f 2348/2145/2237 2356/2146/2237 758/2140/2237
f 2339/1824/2238 2082/2147/2238 2084/1848/2238
f 1909/1692/2239 1910/2148/2239 1548/2149/2239
f 685/496/2240 157/371/2240 158/377/2240
f 685/496/2241 2340/2133/2241 157/371/2241
f 2341/2095/2242 2345/2134/2242 2354/2142/2242
f 2355/2143/2243 2366/2150/2243 2338/2126/2243
f 2168/2084/2244 67/34/2244 2352/2139/2244
f 67/34/2245 448/33/2245 2352/2139/2245
f 2084/1848/2246 2349/2151/2246 2336/1846/2246
f 2082/2147/2247 2083/2152/2247 2084/1848/2247
f 2082/2147/2248 2353/2153/2248 2369/1843/2248
f 808/1857/2249 2058/2154/2249 809/1022/2249
f 1823/1958/2250 774/2155/2250 775/2156/2250
f 160/376/2251 106/72/2251 574/423/2251
f 157/371/2252 2340/2133/2252 923/2157/2252
f 2337/2125/2253 923/2157/2253 2340/2133/2253
f 2345/2134/2254 2364/2158/2254 2354/2142/2254
f 2346/2135/2255 2365/2159/2255 2345/2134/2255
f 2338/2126/2256 2366/2150/2256 2361/2137/2256
f 803/2128/2257 2355/2143/2257 2179/609/2257
f 2351/2138/2258 757/2085/2258 2167/2160/2258
f 2166/1903/2259 2167/2160/2259 757/2085/2259
f 2350/2161/2260 2363/2162/2260 2356/2146/2260
f 2356/2146/2261 2348/2145/2261 2350/2161/2261
f 2335/2119/2262 2336/1846/2262 2349/2151/2262
f 2084/1848/2263 2083/2152/2263 2349/2151/2263
f 2082/2147/2264 2339/1824/2264 2353/2153/2264
f 2060/1827/2265 2358/1823/2265 825/1825/2265
f 808/1857/2266 2103/1856/2266 2058/2154/2266
f 1916/1698/2267 2255/2163/2267 2230/2051/2267
f 960/2132/2268 1028/1815/2268 499/383/2268
f 574/423/2269 106/72/2269 2047/1813/2269
f 2360/2164/2270 2337/2125/2270 2354/2142/2270
f 2345/2134/2271 2365/2159/2271 2364/2158/2271
f 2361/2137/2272 2365/2159/2272 2346/2135/2272
f 67/34/2273 2168/2084/2273 757/2085/2273
f 2363/2162/2274 2357/2165/2274 2356/2146/2274
f 2350/2161/2275 2368/2166/2275 2363/2162/2275
f 2349/2151/2276 2368/2166/2276 2350/2161/2276
f 2367/2167/2277 2368/2166/2277 2349/2151/2277
f 2082/2147/2278 2369/1843/2278 2083/2152/2278
f 2103/1856/2279 773/582/2279 2058/2154/2279
f 2047/1813/2280 575/424/2280 574/423/2280
f 923/2157/2281 2337/2125/2281 2360/2164/2281
f 2361/2137/2282 2373/2168/2282 2365/2159/2282
f 803/2128/2283 802/2169/2283 2355/2143/2283
f 2342/2136/2284 2351/2138/2284 2362/2170/2284
f 2351/2138/2285 2167/2160/2285 2155/1894/2285
f 2157/1895/2286 2155/1894/2286 2165/1902/2286
f 2192/1931/2287 934/702/2287 896/930/2287
f 2335/2119/2288 2349/2151/2288 2350/2161/2288
f 2367/2167/2289 2349/2151/2289 2083/2152/2289
f 2353/2153/2290 2079/1844/2290 2369/1843/2290
f 2353/2153/2291 2339/1824/2291 2358/1823/2291
f 2060/1023/2292 2056/2171/2292 2358/2172/2292
f 500/522/2293 603/402/2293 602/523/2293
f 159/372/2294 923/2157/2294 463/2173/2294
f 2360/2164/2295 2354/2142/2295 2364/2158/2295
f 2361/2137/2296 2366/2150/2296 2373/2168/2296
f 2355/2143/2297 802/2169/2297 2366/2150/2297
f 2362/2170/2298 802/2169/2298 803/2128/2298
f 2163/1904/2299 2362/2170/2299 2351/2138/2299
f 2166/1903/2300 2156/2174/2300 2157/1895/2300
f 1922/1705/2301 1924/1709/2301 1925/1702/2301
f 2372/2069/2302 1925/1702/2302 1924/1709/2302
f 2083/2152/2303 2374/2175/2303 2367/2167/2303
f 337/2176/2304 2300/2177/2304 2299/2178/2304
f 638/555/2305 2377/921/2305 709/398/2305
f 2377/921/2306 2378/2179/2306 709/398/2306
f 1909/1692/2307 1548/2149/2307 1911/2088/2307
f 524/384/2308 499/383/2308 1028/1815/2308
f 106/72/2309 730/1069/2309 2047/1813/2309
f 2365/2159/2310 2381/2180/2310 2364/2158/2310
f 802/2169/2311 65/2181/2311 2366/2150/2311
f 802/2169/2312 2292/2066/2312 2383/2182/2312
f 2292/2066/2313 802/2169/2313 2362/2170/2313
f 2163/1904/2314 2292/2066/2314 2362/2170/2314
f 2164/1893/2315 2153/1892/2315 2150/1889/2315
f 2157/1895/2316 2156/2174/2316 2153/1892/2316
f 2166/1903/2317 2384/2183/2317 2156/2174/2317
f 2168/2084/2318 2384/2183/2318 2166/1903/2318
f 2168/2084/2319 2385/2184/2319 2384/2183/2319
f 2370/2185/2320 2385/2184/2320 2168/2084/2320
f 2369/1843/2321 2386/2186/2321 2083/2152/2321
f 2079/1844/2322 2353/2153/2322 2375/2187/2322
f 2358/1823/2323 2375/2187/2323 2353/2153/2323
f 2358/2188/2324 2056/2171/2324 2054/1820/2324
f 2300/2177/2325 2053/2189/2325 2057/2190/2325
f 2299/2178/2326 2300/2177/2326 2298/2191/2326
f 2053/2189/2327 2300/2177/2327 337/2176/2327
f 2371/2192/2328 35/169/2328 226/171/2328
f 239/207/2329 221/1049/2329 284/205/2329
f 106/72/2330 105/71/2330 730/1069/2330
f 1401/386/2331 504/116/2331 152/115/2331
f 2360/2164/2332 2380/2193/2332 463/2173/2332
f 2364/2158/2333 2380/2193/2333 2360/2164/2333
f 2381/2180/2334 2380/2193/2334 2364/2158/2334
f 2365/2159/2335 2388/2194/2335 2381/2180/2335
f 2373/2168/2336 2388/2194/2336 2365/2159/2336
f 2366/2150/2337 2389/2195/2337 2373/2168/2337
f 2366/2150/2338 2382/2196/2338 2389/2195/2338
f 2366/2150/2339 65/2181/2339 2382/2196/2339
f 2057/2190/2340 2058/2154/2340 2300/2177/2340
f 2079/1844/2341 2077/1841/2341 2078/1845/2341
f 2053/2189/2342 2387/2197/2342 2052/1816/2342
f 2052/1816/2343 2387/2197/2343 2406/1817/2343
f 2052/1816/2344 2055/1821/2344 2057/2190/2344
f 1741/2198/2345 1028/1815/2345 575/424/2345
f 733/1056/2346 751/1500/2346 2393/1054/2346
f 802/2169/2347 2383/2182/2347 65/2181/2347
f 2151/1890/2348 2164/1893/2348 2150/1889/2348
f 616/2093/2349 327/240/2349 325/239/2349
f 2386/2186/2350 2394/2199/2350 2083/2152/2350
f 2369/1843/2351 2078/1845/2351 2386/2186/2351
f 2051/1818/2352 2410/1819/2352 2055/1821/2352
f 226/171/2353 2392/2200/2353 337/2176/2353
f 226/171/2354 345/401/2354 2392/2200/2354
f 1741/2198/2355 345/401/2355 524/384/2355
f 524/384/2356 1028/1815/2356 1741/2198/2356
f 2048/1814/2357 2391/2201/2357 1741/2198/2357
f 2048/1814/2358 2047/1813/2358 2411/2202/2358
f 2395/2203/2359 751/1500/2359 152/115/2359
f 443/2204/2360 442/114/2360 388/282/2360
f 2373/2168/2361 2396/2205/2361 2388/2194/2361
f 2389/2195/2362 2382/2196/2362 2396/2205/2362
f 2382/2196/2363 65/2181/2363 60/2206/2363
f 2383/2182/2364 66/2207/2364 65/2181/2364
f 2292/2066/2365 2162/1901/2365 2383/2182/2365
f 1294/2208/2366 2384/2183/2366 2385/2184/2366
f 2055/1821/2367 2052/1816/2367 2051/1818/2367
f 2392/2200/2368 345/401/2368 1741/2198/2368
f 1924/1709/2369 2344/2131/2369 1927/1712/2369
f 1552/2082/2370 1553/2209/2370 2310/2081/2370
f 442/114/2371 2395/2203/2371 152/115/2371
f 2380/2193/2372 52/879/2372 463/2173/2372
f 2381/2180/2373 52/879/2373 2380/2193/2373
f 2388/2194/2374 2402/2210/2374 2381/2180/2374
f 2396/2205/2375 2402/2210/2375 2388/2194/2375
f 2389/2195/2376 2396/2205/2376 2373/2168/2376
f 2382/2196/2377 2397/2211/2377 2396/2205/2377
f 2403/2212/2378 2382/2196/2378 60/2206/2378
f 54/2213/2379 60/2206/2379 65/2181/2379
f 66/2207/2380 54/2213/2380 65/2181/2380
f 1548/2149/2381 1910/2148/2381 2379/2214/2381
f 2151/1890/2382 2152/2215/2382 2162/1901/2382
f 2141/1887/2383 2150/1889/2383 2139/1891/2383
f 2156/2174/2384 2399/2216/2384 2398/2217/2384
f 2376/2218/2385 2375/2219/2385 2054/1820/2385
f 2387/2197/2386 2390/2220/2386 2406/1817/2386
f 2391/2201/2387 2390/2220/2387 2392/2200/2387
f 2391/2201/2388 2392/2200/2388 1741/2198/2388
f 2048/1814/2389 2411/2202/2389 2391/2201/2389
f 2047/1813/2390 739/1055/2390 2411/2202/2390
f 2395/2203/2391 442/114/2391 515/2221/2391
f 2382/2196/2392 2403/2212/2392 2397/2211/2392
f 2403/2212/2393 60/2206/2393 2409/2222/2393
f 1532/2223/2394 1524/2224/2394 1910/2148/2394
f 2162/1901/2395 2161/2225/2395 2383/2182/2395
f 2140/1888/2396 2152/2215/2396 2151/1890/2396
f 2139/1891/2397 2153/1892/2397 2398/2217/2397
f 2384/2183/2398 2425/2226/2398 2156/2174/2398
f 1294/2208/2399 2404/2227/2399 2384/2183/2399
f 1532/2223/2400 2230/2051/2400 2255/2163/2400
f 10/5/2401 2394/2199/2401 2386/2186/2401
f 2390/2220/2402 2391/2201/2402 2411/2202/2402
f 2395/2203/2403 41/2228/2403 2393/1054/2403
f 2381/2180/2404 2402/2210/2404 2416/2229/2404
f 2397/2211/2405 2407/2230/2405 2396/2205/2405
f 2408/2231/2406 2403/2212/2406 2413/2232/2406
f 54/2213/2407 2409/2222/2407 60/2206/2407
f 66/2207/2408 2383/2182/2408 54/2213/2408
f 2418/2233/2409 54/2213/2409 2383/2182/2409
f 2161/2225/2410 2418/2233/2410 2383/2182/2410
f 2418/2233/2411 2414/1900/2411 2415/1898/2411
f 2152/2215/2412 2140/1888/2412 2142/2234/2412
f 2152/2215/2413 2142/2234/2413 2161/2225/2413
f 2143/1881/2414 1011/1880/2414 2144/2235/2414
f 2399/2216/2415 2138/1878/2415 2398/2217/2415
f 2156/2174/2416 2425/2226/2416 2399/2216/2416
f 2075/2236/2417 2074/2237/2417 2080/2238/2417
f 2067/2239/2418 2080/2238/2418 2081/2240/2418
f 2081/2240/2419 2410/1819/2419 2401/2241/2419
f 2051/1818/2420 2406/1817/2420 2050/2242/2420
f 2406/1817/2421 104/820/2421 2050/2242/2421
f 2393/1054/2422 41/2228/2422 2046/1811/2422
f 50/387/2423 42/2243/2423 515/2221/2423
f 433/315/2424 51/347/2424 53/2244/2424
f 2381/2180/2425 2416/2229/2425 52/879/2425
f 2396/2205/2426 2417/2245/2426 2402/2210/2426
f 2407/2230/2427 2417/2245/2427 2396/2205/2427
f 2408/2231/2428 2397/2211/2428 2403/2212/2428
f 54/2213/2429 2418/2233/2429 2409/2222/2429
f 2147/1884/2430 2161/2225/2430 2142/2234/2430
f 2146/1882/2431 2142/2234/2431 2140/1888/2431
f 2148/1886/2432 1012/1879/2432 2143/1881/2432
f 2149/1885/2433 2139/1891/2433 2138/1878/2433
f 2384/2183/2434 2419/2246/2434 2425/2226/2434
f 2078/1845/2435 2400/6/2435 2386/2186/2435
f 2401/2241/2436 2410/1819/2436 2051/1818/2436
f 2390/2220/2437 104/820/2437 2406/1817/2437
f 2411/2202/2438 104/820/2438 2390/2220/2438
f 2411/2202/2439 2429/2247/2439 104/820/2439
f 2411/2202/2440 739/1055/2440 2412/1812/2440
f 739/1055/2441 2393/1054/2441 2412/1812/2441
f 2402/2210/2442 2417/2245/2442 2416/2229/2442
f 2418/2233/2443 2431/2248/2443 2409/2222/2443
f 2422/2249/2444 2418/2233/2444 2415/1898/2444
f 2147/1884/2445 2414/1900/2445 2161/2225/2445
f 2148/1886/2446 2143/1881/2446 2146/1882/2446
f 2146/1882/2447 2143/1881/2447 2145/1883/2447
f 2147/1884/2448 2142/2234/2448 2146/1882/2448
f 2149/1885/2449 1011/1880/2449 1012/1879/2449
f 2141/1887/2450 2148/1886/2450 2140/1888/2450
f 2384/2183/2451 2426/2250/2451 2419/2246/2451
f 2404/2227/2452 2426/2250/2452 2384/2183/2452
f 2426/2250/2453 2404/2227/2453 2285/2251/2453
f 2285/2251/2454 2427/2252/2454 2428/2253/2454
f 2286/2038/2455 1920/1703/2455 2287/2060/2455
f 2386/2186/2456 2400/6/2456 10/5/2456
f 2077/1841/2457 2076/1839/2457 2078/1845/2457
f 2075/2236/2458 2080/2238/2458 2067/2239/2458
f 2067/2239/2459 2081/2240/2459 2401/2241/2459
f 2401/2241/2460 2049/2254/2460 2420/2255/2460
f 52/879/2461 2416/2229/2461 1021/880/2461
f 2430/2256/2462 2417/2245/2462 2407/2230/2462
f 2413/2232/2463 2430/2256/2463 2407/2230/2463
f 2409/2222/2464 2431/2248/2464 2413/2232/2464
f 2418/2233/2465 2161/2225/2465 2414/1900/2465
f 1011/1880/2466 2149/1885/2466 2423/2257/2466
f 2424/2258/2467 2137/1876/2467 2399/2216/2467
f 2426/2250/2468 2285/2251/2468 2428/2253/2468
f 521/385/2469 603/402/2469 500/522/2469
f 9/4/2470 2400/6/2470 187/2259/2470
f 2401/2241/2471 2420/2255/2471 2067/2239/2471
f 2049/2254/2472 91/819/2472 92/2260/2472
f 1692/1404/2473 311/1408/2473 1691/1407/2473
f 1926/2070/2474 1924/1709/2474 1927/1712/2474
f 2280/2261/2475 2421/2262/2475 104/820/2475
f 104/820/2476 2429/2247/2476 2280/2261/2476
f 2417/2245/2477 2437/2263/2477 2416/2229/2477
f 2418/2233/2478 2438/2264/2478 2431/2248/2478
f 2438/2264/2479 2422/2249/2479 2445/2265/2479
f 2415/1898/2480 2414/1900/2480 2160/1899/2480
f 2147/1884/2481 2145/1883/2481 2045/1809/2481
f 2145/1883/2482 2432/2266/2482 2045/1809/2482
f 1012/1879/2483 2148/1886/2483 2149/1885/2483
f 2137/1876/2484 2138/1878/2484 2399/2216/2484
f 2269/2267/2485 2270/2268/2485 2434/2269/2485
f 2428/2253/2486 2439/2270/2486 2426/2250/2486
f 2310/2081/2487 1553/2209/2487 2344/2131/2487
f 2078/1845/2488 2076/1839/2488 2400/6/2488
f 2067/2239/2489 2420/2255/2489 2435/2271/2489
f 92/2260/2490 2420/2255/2490 2049/2254/2490
f 360/268/2491 318/267/2491 1021/880/2491
f 2413/2232/2492 2443/2272/2492 2430/2256/2492
f 2438/2264/2493 2418/2233/2493 2422/2249/2493
f 2159/1896/2494 2445/2265/2494 2422/2249/2494
f 2045/1809/2495 2044/1808/2495 2160/1899/2495
f 2045/1809/2496 2160/1899/2496 2147/1884/2496
f 2045/1809/2497 2432/2266/2497 1320/1807/2497
f 2138/1878/2498 2139/1891/2498 2398/2217/2498
f 958/1158/2499 1416/1157/2499 972/1160/2499
f 2446/2273/2500 2439/2270/2500 2428/2253/2500
f 2447/2274/2501 2448/2275/2501 1548/2149/2501
f 2379/2214/2502 2447/2274/2502 1548/2149/2502
f 2280/2261/2503 2412/1812/2503 2436/1810/2503
f 2436/1810/2504 2463/2276/2504 2441/117/2504
f 2436/1810/2505 2046/1811/2505 2463/2276/2505
f 42/2243/2506 49/1515/2506 48/2277/2506
f 972/1160/2507 1015/1143/2507 973/1137/2507
f 2416/2229/2508 360/268/2508 1021/880/2508
f 2437/2263/2509 360/268/2509 2416/2229/2509
f 2417/2245/2510 2466/2278/2510 2437/2263/2510
f 2417/2245/2511 2430/2256/2511 2466/2278/2511
f 2431/2248/2512 2438/2264/2512 2467/2279/2512
f 2422/2249/2513 2044/1808/2513 2159/1896/2513
f 2044/1808/2514 2422/2249/2514 2415/1898/2514
f 654/2280/2515 2044/1808/2515 1320/1807/2515
f 1320/1807/2516 2454/2281/2516 654/2280/2516
f 2423/2257/2517 2136/1877/2517 1011/1880/2517
f 2423/2257/2518 2138/1878/2518 2136/1877/2518
f 2424/2258/2519 2270/2268/2519 2135/2282/2519
f 2424/2258/2520 2434/2269/2520 2270/2268/2520
f 2425/2226/2521 2419/2246/2521 2274/2283/2521
f 2439/2270/2522 2419/2246/2522 2426/2250/2522
f 2446/2273/2523 2457/2284/2523 2439/2270/2523
f 2400/6/2524 2457/2284/2524 187/2259/2524
f 2400/6/2525 2076/1839/2525 2458/2285/2525
f 96/119/2526 104/820/2526 2421/2262/2526
f 74/2286/2527 2453/2287/2527 79/469/2527
f 2413/2232/2528 2467/2279/2528 2443/2272/2528
f 2431/2248/2529 2467/2279/2529 2413/2232/2529
f 2149/1885/2530 2138/1878/2530 2423/2257/2530
f 2132/2288/2531 2270/2268/2531 2269/2267/2531
f 2137/1876/2532 2424/2258/2532 2135/2282/2532
f 2457/2284/2533 2400/6/2533 2449/2289/2533
f 2400/6/2534 2458/2285/2534 2449/2289/2534
f 2070/2290/2535 2076/1839/2535 2072/1836/2535
f 2075/2236/2536 2067/2239/2536 2073/2291/2536
f 2420/2255/2537 2459/2292/2537 2435/2271/2537
f 153/118/2538 92/2260/2538 91/819/2538
f 92/2260/2539 153/118/2539 2461/2293/2539
f 2463/2276/2540 2462/2294/2540 2441/117/2540
f 47/2295/2541 40/546/2541 736/2296/2541
f 1007/440/2542 40/546/2542 561/545/2542
f 2453/2287/2543 74/2286/2543 2452/2297/2543
f 2464/705/2544 2474/707/2544 74/2286/2544
f 2443/2272/2545 2466/2278/2545 2430/2256/2545
f 2044/1808/2546 654/2280/2546 2158/1897/2546
f 1914/1694/2547 2266/2039/2547 2318/2298/2547
f 2137/1876/2548 2135/2282/2548 2136/1877/2548
f 2136/1877/2549 2134/2299/2549 2131/2300/2549
f 2132/2288/2550 2135/2282/2550 2270/2268/2550
f 2455/2301/2551 2433/2302/2551 2274/2283/2551
f 2433/2302/2552 2425/2226/2552 2274/2283/2552
f 2439/2270/2553 2457/2284/2553 2419/2246/2553
f 2076/1839/2554 2070/2290/2554 2458/2285/2554
f 2069/2303/2555 2072/1836/2555 2071/2304/2555
f 2459/2292/2556 2468/2305/2556 2435/2271/2556
f 2459/2292/2557 2420/2255/2557 92/2260/2557
f 2469/2306/2558 2441/117/2558 2462/2294/2558
f 726/538/2559 1008/817/2559 2477/2307/2559
f 1009/818/2560 736/2296/2560 40/546/2560
f 1009/818/2561 40/546/2561 1007/440/2561
f 561/545/2562 576/441/2562 1007/440/2562
f 2437/2263/2563 2478/2308/2563 360/268/2563
f 2466/2278/2564 2478/2308/2564 2437/2263/2564
f 2443/2272/2565 2467/2279/2565 2479/2309/2565
f 2438/2264/2566 2475/2310/2566 2467/2279/2566
f 2444/2311/2567 2445/2265/2567 1319/2312/2567
f 1319/2312/2568 2445/2265/2568 2159/1896/2568
f 629/470/2569 2158/1897/2569 654/2280/2569
f 189/471/2570 629/470/2570 653/2313/2570
f 2135/2282/2571 2132/2288/2571 2134/2299/2571
f 361/301/2572 1625/915/2572 253/179/2572
f 2274/2283/2573 2456/2314/2573 2455/2301/2573
f 2457/2284/2574 2449/2289/2574 2419/2246/2574
f 2070/2290/2575 2500/2315/2575 2458/2285/2575
f 2266/2039/2576 2287/2060/2576 2634/2316/2576
f 2069/2303/2577 2070/2290/2577 2072/1836/2577
f 2073/2291/2578 2067/2239/2578 2484/2317/2578
f 2435/2271/2579 2468/2305/2579 2067/2239/2579
f 2462/2294/2580 2470/2318/2580 2469/2306/2580
f 2463/2276/2581 2487/539/2581 2462/2294/2581
f 725/537/2582 2487/539/2582 2463/2276/2582
f 1009/818/2583 1008/817/2583 726/538/2583
f 726/538/2584 736/2296/2584 1009/818/2584
f 2452/2297/2585 2490/2319/2585 2453/2287/2585
f 2452/2297/2586 74/2286/2586 2474/707/2586
f 2444/2311/2587 1319/2312/2587 2260/2320/2587
f 2158/1897/2588 1319/2312/2588 2159/1896/2588
f 2372/2069/2589 2634/2316/2589 2287/2060/2589
f 2494/2321/2590 2495/2322/2590 2493/2323/2590
f 2493/2323/2591 2496/2324/2591 2497/2325/2591
f 659/1159/2592 1700/1399/2592 661/885/2592
f 2135/2282/2593 2134/2299/2593 2136/1877/2593
f 2419/2246/2594 2499/2326/2594 2274/2283/2594
f 2482/2327/2595 2521/2328/2595 2449/2289/2595
f 2069/2303/2596 2071/2304/2596 1001/2329/2596
f 983/798/2597 1341/1078/2597 971/799/2597
f 2503/2330/2598 2502/2331/2598 2504/2332/2598
f 2073/2291/2599 2484/2317/2599 2504/2332/2599
f 849/2009/2600 517/2333/2600 831/637/2600
f 2470/2318/2601 2450/2334/2601 2469/2306/2601
f 2488/2335/2602 2471/2336/2602 2462/2294/2602
f 726/538/2603 2506/2337/2603 2487/539/2603
f 2477/2307/2604 2476/2338/2604 726/538/2604
f 726/538/2605 2476/2338/2605 2506/2337/2605
f 1008/817/2606 2489/2339/2606 2477/2307/2606
f 2489/2339/2607 2473/479/2607 2453/2287/2607
f 984/2340/2608 2465/2341/2608 2491/2342/2608
f 2443/2272/2609 2507/2343/2609 2466/2278/2609
f 2443/2272/2610 2479/2309/2610 2507/2343/2610
f 693/514/2611 613/460/2611 632/84/2611
f 12/697/2612 777/2344/2612 13/691/2612
f 640/475/2613 639/501/2613 667/513/2613
f 2509/2345/2614 777/2344/2614 7/2346/2614
f 776/2347/2615 777/2344/2615 2509/2345/2615
f 2493/2323/2616 2492/2348/2616 2494/2321/2616
f 2132/2288/2617 2133/617/2617 2134/2299/2617
f 2131/2300/2618 2134/2299/2618 2130/2349/2618
f 1861/2350/2619 2130/2349/2619 2133/617/2619
f 2132/2288/2620 2269/2267/2620 721/618/2620
f 2257/2029/2621 721/618/2621 2269/2267/2621
f 2456/2314/2622 2481/2351/2622 2455/2301/2622
f 2456/2314/2623 2274/2283/2623 2499/2326/2623
f 2449/2289/2624 2521/2328/2624 2419/2246/2624
f 2458/2285/2625 2482/2327/2625 2449/2289/2625
f 2500/2315/2626 2524/2352/2626 2458/2285/2626
f 2500/2315/2627 2070/2290/2627 2069/2303/2627
f 2068/2353/2628 2069/2303/2628 1001/2329/2628
f 1001/2354/2629 2071/2355/2629 2502/2331/2629
f 2073/2291/2630 2504/2332/2630 2071/2355/2630
f 2502/2331/2631 2483/2356/2631 1001/2354/2631
f 2484/2317/2632 2067/2239/2632 2468/2305/2632
f 2468/2305/2633 2505/2357/2633 2484/2317/2633
f 2460/2358/2634 2485/2359/2634 2459/2292/2634
f 2489/2339/2635 2453/2287/2635 2490/2319/2635
f 360/268/2636 2478/2308/2636 968/796/2636
f 2467/2279/2637 2514/2360/2637 2479/2309/2637
f 2467/2279/2638 2515/2361/2638 2514/2360/2638
f 2475/2310/2639 2515/2361/2639 2467/2279/2639
f 326/463/2640 2301/2123/2640 616/2093/2640
f 882/692/2641 869/678/2641 870/679/2641
f 776/2347/2642 869/678/2642 13/691/2642
f 2344/2131/2643 1929/1710/2643 1927/1712/2643
f 777/2344/2644 12/697/2644 886/2362/2644
f 2509/2345/2645 2492/2348/2645 2497/2325/2645
f 2509/2345/2646 7/2346/2646 2492/2348/2646
f 2497/2325/2647 2492/2348/2647 2493/2323/2647
f 2518/2363/2648 2517/2364/2648 2493/2323/2648
f 2510/603/2649 991/811/2649 2043/1806/2649
f 2522/2365/2650 2499/2326/2650 2521/2328/2650
f 2521/2328/2651 2499/2326/2651 2419/2246/2651
f 2526/2366/2652 2502/2331/2652 2512/2367/2652
f 2459/2292/2653 2485/2359/2653 2505/2357/2653
f 2460/2358/2654 2450/2334/2654 2485/2359/2654
f 2470/2318/2655 2527/2368/2655 2450/2334/2655
f 2529/2369/2656 2555/2370/2656 2513/2371/2656
f 2513/2371/2657 2528/2372/2657 2488/2335/2657
f 2477/2307/2658 2489/2339/2658 2490/2319/2658
f 2477/2307/2659 2490/2319/2659 2542/2373/2659
f 2490/2319/2660 2452/2297/2660 2258/2374/2660
f 2452/2297/2661 2474/707/2661 2258/2374/2661
f 2258/2374/2662 2474/707/2662 2491/2342/2662
f 2491/2342/2663 2569/2375/2663 695/2376/2663
f 2491/2342/2664 695/2376/2664 2258/2374/2664
f 984/2340/2665 2491/2342/2665 894/706/2665
f 2478/2308/2666 2466/2278/2666 1803/1716/2666
f 628/2377/2667 2515/2361/2667 2444/2311/2667
f 27/19/2668 841/2378/2668 870/679/2668
f 2497/2325/2669 2498/2379/2669 2509/2345/2669
f 2495/2380/2670 24/2381/2670 2518/2382/2670
f 2043/1806/2671 4311/2383/2671 2510/603/2671
f 1553/2384/2672 1552/2385/2672 2533/2386/2672
f 1861/2350/2673 2128/2387/2673 1860/2388/2673
f 2480/2389/2674 2455/2301/2674 2481/2351/2674
f 720/2028/2675 2511/2030/2675 2129/2390/2675
f 2534/2391/2676 2511/2030/2676 2481/2351/2676
f 180/426/2677 529/411/2677 514/378/2677
f 2499/2326/2678 2522/2365/2678 2520/2392/2678
f 2522/2365/2679 2535/2393/2679 2520/2392/2679
f 2458/2285/2680 2524/2352/2680 2482/2327/2680
f 2524/2352/2681 2500/2315/2681 2069/2303/2681
f 2068/2353/2682 2525/2394/2682 2069/2303/2682
f 1132/2395/2683 2204/2396/2683 1712/2397/2683
f 2533/2386/2684 1552/2385/2684 2442/2398/2684
f 2505/2357/2685 2485/2359/2685 2541/2399/2685
f 2468/2305/2686 2459/2292/2686 2505/2357/2686
f 2504/2332/2687 2502/2331/2687 2071/2355/2687
f 2484/2317/2688 2505/2357/2688 2503/2330/2688
f 2554/2400/2689 2513/2371/2689 2555/2370/2689
f 518/806/2690 1625/269/2690 968/796/2690
f 2478/2308/2691 1803/1716/2691 968/796/2691
f 2507/2343/2692 2530/2401/2692 2466/2278/2692
f 2514/2360/2693 2543/2402/2693 2479/2309/2693
f 627/472/2694 652/2403/2694 2544/2404/2694
f 1319/2312/2695 627/472/2695 628/2377/2695
f 869/678/2696 882/692/2696 13/691/2696
f 776/2347/2697 2509/2345/2697 2498/2379/2697
f 989/15/2698 2532/2405/2698 2518/2363/2698
f 2518/2382/2699 24/2381/2699 989/2406/2699
f 4311/2383/2700 788/601/2700 2510/603/2700
f 1861/2350/2701 1860/2388/2701 2130/2349/2701
f 2481/2351/2702 2456/2314/2702 2534/2391/2702
f 2456/2314/2703 2520/2392/2703 2534/2391/2703
f 626/480/2704 2548/2407/2704 957/1484/2704
f 1863/1629/2705 2548/2407/2705 626/480/2705
f 1863/1629/2706 308/492/2706 2451/2408/2706
f 2549/2409/2707 2550/2410/2707 2551/2411/2707
f 3804/2412/2708 1024/1117/2708 1378/1118/2708
f 2502/2331/2709 2503/2330/2709 2512/2367/2709
f 2539/2413/2710 2505/2357/2710 2541/2399/2710
f 2486/2414/2711 675/2415/2711 2565/2416/2711
f 2470/2318/2712 2471/2336/2712 2527/2368/2712
f 2471/2336/2713 2553/2417/2713 2552/2418/2713
f 2476/2338/2714 2477/2307/2714 2529/2369/2714
f 2477/2307/2715 2542/2373/2715 2529/2369/2715
f 2258/2374/2716 2542/2373/2716 2490/2319/2716
f 2542/2373/2717 2258/2374/2717 695/2376/2717
f 2466/2278/2718 2530/2401/2718 1803/1716/2718
f 2515/2361/2719 2531/2419/2719 2514/2360/2719
f 652/2403/2720 2556/2420/2720 2557/2421/2720
f 189/471/2721 2556/2420/2721 652/2403/2721
f 27/19/2722 869/678/2722 28/20/2722
f 869/678/2723 846/2422/2723 28/20/2723
f 846/2422/2724 869/678/2724 2498/2379/2724
f 2493/2323/2725 2495/2322/2725 2518/2363/2725
f 989/15/2726 2248/2423/2726 2532/2405/2726
f 991/811/2727 2248/2423/2727 989/15/2727
f 991/811/2728 2510/603/2728 789/602/2728
f 3804/2412/2729 1378/1118/2729 2558/2424/2729
f 1860/2388/2730 2128/2387/2730 2559/2425/2730
f 2520/2392/2731 2456/2314/2731 2499/2326/2731
f 2520/2392/2732 2251/2426/2732 2534/2391/2732
f 2068/2353/2733 2562/2427/2733 2525/2394/2733
f 1863/1629/2734 2451/2408/2734 2548/2407/2734
f 2379/2214/2735 1910/2148/2735 1524/2224/2735
f 985/2428/2736 30/2429/2736 2204/2396/2736
f 985/2428/2737 1133/2430/2737 2042/2431/2737
f 2204/2396/2738 1132/2395/2738 985/2428/2738
f 2505/2357/2739 2539/2413/2739 2512/2367/2739
f 2512/2367/2740 2563/2432/2740 2540/2433/2740
f 2485/2359/2741 2450/2334/2741 2527/2368/2741
f 2527/2368/2742 675/2415/2742 2486/2414/2742
f 2565/2416/2743 675/2415/2743 2567/2434/2743
f 2486/2414/2744 2485/2359/2744 2527/2368/2744
f 423/362/2745 374/292/2745 397/338/2745
f 2569/2375/2746 2491/2342/2746 2465/2341/2746
f 981/2435/2608 2465/2341/2608 984/2340/2608
f 2479/2309/2747 2543/2402/2747 2507/2343/2747
f 2531/2419/2748 2543/2402/2748 2514/2360/2748
f 2557/2421/2749 2531/2419/2749 652/2403/2749
f 2518/2363/2750 2532/2405/2750 2517/2364/2750
f 2496/2324/2751 2493/2323/2751 2517/2364/2751
f 2571/2436/2752 2572/2437/2752 2573/2438/2752
f 789/602/2753 2519/2439/2753 991/811/2753
f 991/811/2754 2519/2439/2754 2248/2423/2754
f 2535/2393/2755 2251/2426/2755 2520/2392/2755
f 2546/2440/2756 2545/2441/2756 2561/2442/2756
f 2525/2394/2757 2524/2352/2757 2069/2303/2757
f 2562/2427/2758 2068/2353/2758 980/2443/2758
f 2548/2407/2759 2041/1804/2759 957/1484/2759
f 2549/2409/2760 2041/1804/2760 2548/2407/2760
f 2451/2408/2761 2549/2409/2761 2548/2407/2761
f 1132/2395/2762 1133/2430/2762 985/2428/2762
f 2527/2368/2763 2471/2336/2763 2552/2418/2763
f 2554/2400/2764 2528/2372/2764 2513/2371/2764
f 2569/2375/2765 2465/2341/2765 2584/2444/2765
f 525/415/2766 8/333/2766 981/2435/2766
f 2507/2343/2767 2543/2402/2767 2570/2445/2767
f 2531/2419/2768 2544/2404/2768 652/2403/2768
f 846/2422/2769 26/18/2769 28/20/2769
f 2318/2298/2770 1915/1697/2770 1914/1694/2770
f 2634/2316/2771 2318/2298/2771 2266/2039/2771
f 2587/2446/2772 2586/2447/2772 2128/2387/2772
f 2575/2448/2773 2128/2387/2773 1861/2350/2773
f 2127/1875/2774 2129/2390/2774 641/2003/2774
f 2534/2391/2775 2576/2449/2775 2511/2030/2775
f 2576/2449/2776 2129/2390/2776 2511/2030/2776
f 2244/2450/2777 2127/1875/2777 641/2003/2777
f 2244/2450/2778 641/2003/2778 595/2002/2778
f 2535/2393/2779 2546/2440/2779 2560/2451/2779
f 2561/2442/2780 2577/2452/2780 2546/2440/2780
f 2562/2427/2781 2588/2453/2781 2561/2442/2781
f 710/1803/2782 565/418/2782 957/1484/2782
f 2041/1804/2783 710/1803/2783 957/1484/2783
f 710/1803/2784 2589/1805/2784 2377/921/2784
f 2451/2408/2785 30/2429/2785 2549/2409/2785
f 2550/2410/2786 2578/2454/2786 2600/2455/2786
f 2579/2456/2787 2578/2454/2787 2042/2431/2787
f 2590/2457/2788 2579/2456/2788 2042/2431/2788
f 2042/2431/2789 30/2429/2789 985/2428/2789
f 665/2458/2790 640/475/2790 717/512/2790
f 2591/2459/2791 2649/2460/2791 2648/2461/2791
f 2566/2462/2792 2580/2463/2792 2539/2413/2792
f 2486/2414/2793 2565/2416/2793 2541/2399/2793
f 2592/2464/2794 2567/2434/2794 2568/2465/2794
f 2554/2400/2795 2555/2370/2795 2553/2417/2795
f 2515/2361/2796 2544/2404/2796 2531/2419/2796
f 2531/2419/2797 2557/2421/2797 2595/2466/2797
f 2501/2467/2798 2372/2069/2798 1926/2070/2798
f 36/2468/2799 26/18/2799 2517/2364/2799
f 36/2468/2800 2585/2469/2800 26/18/2800
f 1930/1711/2801 1926/2070/2801 1927/1712/2801
f 2586/2447/2802 2559/2425/2802 2128/2387/2802
f 2575/2448/2803 621/2470/2803 2587/2446/2803
f 2598/1873/2804 2127/1875/2804 2244/2450/2804
f 2562/2427/2805 2536/2471/2805 2588/2453/2805
f 977/797/2806 2536/2472/2806 980/2473/2806
f 2041/1804/2807 2549/2409/2807 2551/2411/2807
f 30/2429/2808 2578/2454/2808 2550/2410/2808
f 2549/2409/2809 30/2429/2809 2550/2410/2809
f 30/2429/2810 2042/2431/2810 2578/2454/2810
f 2690/2474/2811 2664/2475/2811 2666/2476/2811
f 2580/2463/2812 2563/2432/2812 2512/2367/2812
f 2538/2477/2813 2540/2433/2813 2563/2432/2813
f 2563/2432/2814 2580/2463/2814 2581/2478/2814
f 2564/2479/2815 2603/2480/2815 2566/2462/2815
f 2567/2434/2816 2603/2480/2816 2564/2479/2816
f 2638/2481/2817 2592/2464/2817 2568/2465/2817
f 233/2482/2818 235/1717/2818 1803/1716/2818
f 2530/2401/2819 2605/2483/2819 1803/1716/2819
f 2507/2343/2820 2605/2483/2820 2530/2401/2820
f 2507/2343/2821 2570/2445/2821 2605/2483/2821
f 2531/2419/2822 2595/2466/2822 2543/2402/2822
f 2440/2484/2823 2344/2131/2823 1553/2209/2823
f 2573/2438/2824 2607/2485/2824 842/650/2824
f 2606/2486/2825 1553/2384/2825 2533/2386/2825
f 2447/2274/2826 2537/567/2826 2448/2275/2826
f 2379/2214/2827 2608/2487/2827 2447/2274/2827
f 2573/2438/2828 842/650/2828 26/18/2828
f 2571/2436/2829 2596/2488/2829 2248/2423/2829
f 2596/2488/2830 36/2468/2830 2532/2405/2830
f 2571/2436/2831 2248/2423/2831 2597/2489/2831
f 2572/2437/2832 2621/2490/2832 2573/2438/2832
f 2572/2437/2833 2609/2491/2833 2586/2447/2833
f 2575/2448/2834 2587/2446/2834 2128/2387/2834
f 85/1872/2835 2214/1960/2835 2575/2448/2835
f 2126/2492/2836 85/1872/2836 2575/2448/2836
f 2127/1875/2837 2598/1873/2837 2126/2492/2837
f 2613/2493/2838 2614/2494/2838 2212/2495/2838
f 2562/2427/2839 980/2443/2839 2536/2471/2839
f 709/398/2840 542/420/2840 563/416/2840
f 2377/921/2841 565/418/2841 710/1803/2841
f 2600/2455/2842 2578/2454/2842 2579/2456/2842
f 2601/2496/2843 2579/2456/2843 2590/2457/2843
f 2591/2459/2844 2648/2461/2844 2601/2496/2844
f 2563/2432/2845 2590/2457/2845 2538/2477/2845
f 2580/2463/2846 2512/2367/2846 2539/2413/2846
f 2583/2497/2847 2593/2498/2847 649/2499/2847
f 981/2435/2848 2584/2444/2848 2465/2341/2848
f 1018/2500/2849 981/2435/2849 1017/310/2849
f 192/593/2850 146/109/2850 144/186/2850
f 2543/2402/2851 2627/2501/2851 2570/2445/2851
f 2557/2421/2852 2620/2502/2852 2595/2466/2852
f 2585/2469/2853 36/2468/2853 2596/2488/2853
f 2587/2446/2854 572/2503/2854 581/2504/2854
f 2621/2490/2855 2607/2485/2855 2573/2438/2855
f 2597/2489/2856 2609/2491/2856 2572/2437/2856
f 2572/2437/2857 2571/2436/2857 2597/2489/2857
f 2572/2437/2858 2586/2447/2858 2587/2446/2858
f 621/2470/2859 2575/2448/2859 560/2505/2859
f 2623/2506/2860 2610/2507/2860 581/2504/2860
f 2214/1960/2861 2216/1959/2861 560/2505/2861
f 85/1872/2862 82/51/2862 2214/1960/2862
f 1524/2224/2863 2624/2508/2863 2379/2214/2863
f 1512/2509/2864 1524/2224/2864 1532/2223/2864
f 260/771/2865 251/199/2865 259/1853/2865
f 83/52/2866 84/1874/2866 2598/1873/2866
f 2588/2453/2867 2547/2510/2867 2561/2442/2867
f 2238/2001/2868 641/2003/2868 2560/2451/2868
f 2536/2472/2869 977/797/2869 997/2511/2869
f 704/886/2870 877/688/2870 763/577/2870
f 2589/1805/2871 2599/2512/2871 2377/921/2871
f 2579/2456/2872 2616/2513/2872 2600/2455/2872
f 2601/2496/2873 2590/2457/2873 2591/2459/2873
f 2617/2514/2874 2603/2480/2874 2618/2515/2874
f 2603/2480/2875 2567/2434/2875 2619/2516/2875
f 2568/2465/2876 2582/2517/2876 2638/2481/2876
f 2584/2444/2877 2594/2518/2877 2593/2498/2877
f 1018/2500/2878 2584/2444/2878 981/2435/2878
f 218/1663/2879 217/2519/2879 208/164/2879
f 2604/2520/2880 218/2521/2880 234/2522/2880
f 234/2522/2881 1807/2523/2881 2604/2520/2881
f 2605/2483/2882 2604/2520/2882 1807/2523/2882
f 1807/2523/2883 233/2482/2883 2605/2483/2883
f 233/2482/2884 1803/1716/2884 2605/2483/2884
f 2620/2502/2885 2628/2524/2885 2595/2466/2885
f 1916/1698/2886 1917/1699/2886 2255/2163/2886
f 2573/2438/2887 26/18/2887 2585/2469/2887
f 2585/2469/2888 2571/2436/2888 2573/2438/2888
f 553/2525/2889 2587/2446/2889 621/2470/2889
f 572/2503/2890 2587/2446/2890 553/2525/2890
f 560/2505/2891 29/2526/2891 553/2525/2891
f 2318/2298/2892 2631/2527/2892 1915/1697/2892
f 2318/2298/2893 2632/2528/2893 2631/2527/2893
f 83/52/2894 82/51/2894 84/1874/2894
f 83/52/2895 2598/1873/2895 2644/2529/2895
f 2598/1873/2896 2213/2530/2896 2212/2495/2896
f 2206/2531/2897 2212/2495/2897 2547/2510/2897
f 2588/2453/2898 2536/2471/2898 2206/2531/2898
f 2656/2532/2899 2672/2533/2899 2688/2534/2899
f 977/797/2900 980/2473/2900 600/486/2900
f 978/437/2901 998/2535/2901 977/797/2901
f 37/40/2902 120/80/2902 119/87/2902
f 2635/2536/2903 2378/2179/2903 2377/921/2903
f 2635/2536/2904 2377/921/2904 2599/2512/2904
f 635/2537/2905 2673/2538/2905 636/2539/2905
f 635/2537/2906 2041/1804/2906 2551/2411/2906
f 2600/2455/2907 2616/2513/2907 2647/2540/2907
f 2616/2513/2908 2579/2456/2908 2601/2496/2908
f 2591/2459/2909 2590/2457/2909 2563/2432/2909
f 2638/2481/2910 2594/2518/2910 2199/2541/2910
f 2594/2518/2911 2638/2481/2911 2582/2517/2911
f 8/333/2912 446/311/2912 1017/310/2912
f 1808/2542/2913 218/2521/2913 2604/2520/2913
f 2639/2543/2914 2604/2520/2914 2605/2483/2914
f 2605/2483/2915 2640/2544/2915 2626/2545/2915
f 2570/2445/2916 2640/2544/2916 2605/2483/2916
f 2543/2402/2917 2641/2546/2917 2627/2501/2917
f 2595/2466/2918 2641/2546/2918 2543/2402/2918
f 2595/2466/2919 2628/2524/2919 2641/2546/2919
f 2629/2547/2920 2628/2524/2920 2607/2485/2920
f 2629/2547/2921 2607/2485/2921 2621/2490/2921
f 2610/2507/2922 2587/2446/2922 581/2504/2922
f 2610/2507/2923 2572/2437/2923 2587/2446/2923
f 2614/2494/2924 2644/2529/2924 544/2548/2924
f 2614/2494/2925 2613/2493/2925 2633/2549/2925
f 2536/2471/2926 997/2550/2926 2206/2531/2926
f 998/2535/2927 978/437/2927 1023/434/2927
f 709/398/2928 528/400/2928 542/420/2928
f 2616/2513/2929 2601/2496/2929 2648/2461/2929
f 2636/2551/2930 2580/2463/2930 2618/2515/2930
f 2603/2480/2931 2650/2552/2931 2618/2515/2931
f 2592/2464/2932 2619/2516/2932 2567/2434/2932
f 2594/2518/2933 2582/2517/2933 2593/2498/2933
f 1818/1577/2934 2653/2553/2934 2694/2554/2934
f 2570/2445/2935 2627/2501/2935 2640/2544/2935
f 2643/2555/2936 2629/2547/2936 2642/2556/2936
f 2654/2557/2937 2611/2558/2937 2655/2559/2937
f 81/50/2938 2216/1959/2938 82/51/2938
f 83/52/2939 2644/2529/2939 81/50/2939
f 997/2511/2940 2657/2560/2940 2672/2533/2940
f 997/2511/2941 977/797/2941 998/2535/2941
f 998/2535/2942 1023/434/2942 2657/2560/2942
f 2625/399/2943 2154/2561/2943 2657/2560/2943
f 2625/399/2944 1023/434/2944 528/400/2944
f 2599/2512/2945 636/2539/2945 2673/2538/2945
f 2615/2562/2946 2599/2512/2946 2673/2538/2946
f 2647/2540/2947 2616/2513/2947 2648/2461/2947
f 2649/2460/2948 2665/2563/2948 2648/2461/2948
f 2591/2459/2949 2563/2432/2949 2602/2564/2949
f 2563/2432/2950 2581/2478/2950 2602/2564/2950
f 2619/2516/2951 2650/2552/2951 2603/2480/2951
f 2650/2552/2952 2619/2516/2952 2592/2464/2952
f 218/2521/2953 1808/2542/2953 217/2565/2953
f 2659/2566/2954 2639/2543/2954 2626/2545/2954
f 2623/2506/2955 2611/2558/2955 2642/2556/2955
f 2630/2567/2956 2662/2568/2956 2623/2506/2956
f 2644/2529/2957 2645/2569/2957 81/50/2957
f 512/2570/2958 2625/399/2958 533/2571/2958
f 2625/399/2959 2657/2560/2959 1023/434/2959
f 533/2571/2960 2378/2179/2960 2635/2536/2960
f 2661/2572/2961 3718/2573/2961 3012/2574/2961
f 2615/2562/2962 2635/2536/2962 2599/2512/2962
f 2673/2538/2963 635/2537/2963 2665/2563/2963
f 2636/2551/2964 2602/2564/2964 2581/2478/2964
f 2638/2481/2965 530/2575/2965 2637/2576/2965
f 2199/2541/2966 530/2575/2966 2638/2481/2966
f 1450/2577/2967 1104/897/2967 530/2575/2967
f 1142/1046/2968 1104/897/2968 1103/896/2968
f 371/309/2969 111/76/2969 370/898/2969
f 217/2519/2970 247/2578/2970 208/164/2970
f 247/2578/2971 217/2519/2971 246/2579/2971
f 217/2565/2972 1808/2542/2972 246/2580/2972
f 1808/2542/2973 2668/2581/2973 246/2580/2973
f 2668/2581/2974 1808/2542/2974 2604/2520/2974
f 2628/2524/2975 2643/2555/2975 2641/2546/2975
f 2622/2582/2976 2630/2567/2976 572/2503/2976
f 998/2535/2977 2657/2560/2977 997/2511/2977
f 533/2571/2978 2625/399/2978 2378/2179/2978
f 2636/2551/2979 2618/2515/2979 2602/2564/2979
f 2198/2583/2980 373/2584/2980 1450/2577/2980
f 373/2584/2981 370/898/2981 1450/2577/2981
f 698/542/2982 426/541/2982 679/565/2982
f 2668/2581/2983 2604/2520/2983 2639/2543/2983
f 2092/2585/2984 2659/2566/2984 2626/2545/2984
f 2627/2501/2985 2660/1795/2985 2640/2544/2985
f 2641/2546/2986 2677/2586/2986 2627/2501/2986
f 2641/2546/2987 2643/2555/2987 2678/2587/2987
f 2612/2588/2988 2678/2587/2988 2643/2555/2988
f 81/50/2989 2645/2569/2989 2190/2589/2989
f 2190/2589/2990 2645/2569/2990 516/2590/2990
f 2663/2591/2991 2656/2592/2991 2688/2593/2991
f 2671/2594/2992 2657/2560/2992 2154/2561/2992
f 2615/2562/2993 533/2571/2993 2635/2536/2993
f 2690/2474/2994 2666/2476/2994 2649/2460/2994
f 2618/2515/2995 2674/2595/2995 2602/2564/2995
f 2592/2464/2996 2637/2576/2996 2650/2552/2996
f 1104/897/2997 1450/2577/2997 370/898/2997
f 2653/2553/2998 2659/2566/2998 2092/2585/2998
f 2669/2596/2999 2092/2585/2999 2626/2545/2999
f 2626/2545/3000 2660/1795/3000 2669/2596/3000
f 2626/2545/3001 2640/2544/3001 2660/1795/3001
f 2677/2586/3002 2660/1795/3002 2627/2501/3002
f 2678/2587/3003 2612/2588/3003 2696/2597/3003
f 2683/2598/3004 2654/2557/3004 2655/2559/3004
f 2622/2582/3005 2686/2599/3005 2630/2567/3005
f 1/2600/3006 2675/2601/3006 2788/2602/3006
f 2618/2515/3007 2692/2603/3007 2674/2595/3007
f 2650/2552/3008 2692/2603/3008 2618/2515/3008
f 1821/2604/3009 247/1579/3009 246/2580/3009
f 2668/2581/3010 1821/2604/3010 246/2580/3010
f 2669/2596/3011 2695/2605/3011 2092/2585/3011
f 2641/2546/3012 2678/2587/3012 2677/2586/3012
f 2680/2606/3013 2683/2607/3013 2061/2608/3013
f 2686/2599/3014 2662/2568/3014 2630/2567/3014
f 2788/2602/3015 2675/2601/3015 2698/2609/3015
f 2703/2610/3016 2702/2611/3016 2690/2474/3016
f 2692/2603/3017 2723/2612/3017 2674/2595/3017
f 2637/2576/3018 2676/2613/3018 2650/2552/3018
f 2676/2613/3019 2637/2576/3019 1104/897/3019
f 2676/2613/3020 1104/897/3020 1142/1046/3020
f 1821/2604/3021 1818/1577/3021 247/1579/3021
f 2092/2585/3022 2694/2554/3022 2653/2553/3022
f 2669/2596/3023 1995/1794/3023 2695/2605/3023
f 2679/2614/3024 2030/2615/3024 2685/2616/3024
f 2061/2608/3025 2683/2607/3025 2679/2614/3025
f 2670/2617/3026 2686/2599/3026 2704/2618/3026
f 2672/2619/3027 2689/2620/3027 510/2621/3027
f 2690/2474/3028 2691/2622/3028 2703/2610/3028
f 2040/2623/3029 1819/1578/3029 1818/1577/3029
f 2695/2605/3030 2694/2554/3030 2092/2585/3030
f 2653/2553/3031 1818/1577/3031 1821/2604/3031
f 2696/2597/3032 2719/1793/3032 2678/2587/3032
f 2680/2624/3033 2711/2625/3033 2696/2597/3033
f 2685/2616/3034 2712/2626/3034 2061/2608/3034
f 2670/2617/3035 2662/2568/3035 2686/2599/3035
f 2684/2627/3036 2670/2617/3036 2704/2618/3036
f 2686/2599/3037 510/2621/3037 2687/2628/3037
f 2704/2618/3038 2687/2628/3038 2705/2629/3038
f 2708/2630/3039 2707/2631/3039 2700/2632/3039
f 2703/2610/3040 2699/2633/3040 2702/2611/3040
f 2674/2595/3041 2723/2612/3041 2691/2622/3041
f 2650/2552/3042 2676/2613/3042 2692/2603/3042
f 1142/1046/3043 837/2634/3043 2676/2613/3043
f 2678/2587/3044 2719/1793/3044 2677/2586/3044
f 2697/2635/3045 2711/2636/3045 2680/2606/3045
f 2685/2616/3046 2713/2637/3046 2712/2626/3046
f 2655/2559/3047 2670/2617/3047 2684/2627/3047
f 2684/2638/3048 2705/2639/3048 2714/2640/3048
f 2706/2641/3049 2714/2640/3049 2708/2630/3049
f 1819/1578/3050 2040/2623/3050 2038/2642/3050
f 2038/1802/3051 2039/2643/3051 248/2644/3051
f 248/2644/3052 1819/2645/3052 2038/1802/3052
f 2038/2642/3053 2040/2623/3053 505/2646/3053
f 505/2647/3054 2036/1801/3054 2038/1802/3054
f 1818/1577/3055 2694/2554/3055 2693/2648/3055
f 2718/2649/3056 2693/2648/3056 2694/2554/3056
f 2726/2650/3057 2716/2651/3057 2026/2652/3057
f 2677/2586/3058 2719/1793/3058 2660/1795/3058
f 2711/2625/3059 2726/2650/3059 2719/1793/3059
f 2684/2627/3060 2704/2618/3060 2705/2629/3060
f 2721/2653/3061 2701/2654/3061 2691/2622/3061
f 2701/2654/3062 2710/2655/3062 2703/2610/3062
f 2723/2612/3063 2721/2653/3063 2691/2622/3063
f 2676/2613/3064 2715/2656/3064 2692/2603/3064
f 837/2634/3065 2715/2656/3065 2676/2613/3065
f 2037/1800/3066 2039/2643/3066 2038/1802/3066
f 2724/2657/3067 489/2658/3067 2725/2659/3067
f 2725/2659/3068 2717/2660/3068 2693/2648/3068
f 2696/2597/3069 2711/2625/3069 2719/1793/3069
f 2061/2608/3070 2727/2661/3070 2697/2635/3070
f 2712/2626/3071 2727/2661/3071 2061/2608/3071
f 2727/2661/3072 2713/2637/3072 2728/2662/3072
f 2728/2662/3073 2030/2615/3073 2731/2663/3073
f 2030/2615/3074 2720/2664/3074 2731/2663/3074
f 2720/2664/3075 2706/2641/3075 2732/2665/3075
f 2706/2641/3076 2721/2653/3076 2732/2665/3076
f 2706/2641/3077 2701/2654/3077 2721/2653/3077
f 1932/2666/3078 1929/1710/3078 741/553/3078
f 2035/1799/3079 2036/1801/3079 505/2647/3079
f 2035/1799/3080 505/2647/3080 489/2667/3080
f 489/2667/3081 2735/2668/3081 2035/1799/3081
f 2725/2659/3082 2693/2648/3082 2724/2657/3082
f 2720/2664/3083 2732/2665/3083 2731/2663/3083
f 2723/2612/3084 2733/10/3084 2721/2653/3084
f 2723/2612/3085 19/2669/3085 2733/10/3085
f 2440/2484/3086 1929/1710/3086 2344/2131/3086
f 2734/2670/3087 2735/2668/3087 2716/2671/3087
f 2719/1793/3088 2026/2652/3088 1995/1794/3088
f 2711/2636/3089 2697/2635/3089 2734/2670/3089
f 2697/2635/3090 2034/2672/3090 2734/2670/3090
f 2697/2635/3091 2727/2661/3091 2034/2672/3091
f 2721/2653/3092 2736/2673/3092 2732/2665/3092
f 23/2674/3093 19/2669/3093 2723/2612/3093
f 2723/2612/3094 2737/2675/3094 23/2674/3094
f 2692/2603/3095 2737/2675/3095 2723/2612/3095
f 2735/2668/3096 489/2667/3096 2716/2671/3096
f 2026/2652/3097 2716/2651/3097 2724/2657/3097
f 2734/2670/3098 2726/2676/3098 2711/2636/3098
f 2731/2663/3099 2741/2677/3099 2727/2661/3099
f 2731/2663/3100 2738/2678/3100 2741/2677/3100
f 2732/2665/3101 2736/2673/3101 2731/2663/3101
f 2736/2673/3102 2721/2653/3102 2746/2679/3102
f 2721/2653/3103 2733/10/3103 2746/2679/3103
f 2692/2603/3104 2715/2656/3104 2737/2675/3104
f 837/2634/3105 2739/2680/3105 2715/2656/3105
f 2447/2274/3106 2608/2487/3106 2740/2681/3106
f 2734/2670/3107 2716/2671/3107 2726/2682/3107
f 2727/2661/3108 2741/2677/3108 2034/2672/3108
f 2731/2663/3109 2736/2673/3109 2738/2678/3109
f 2737/2675/3110 2715/2656/3110 2739/2680/3110
f 2742/2683/3111 151/126/3111 2739/2680/3111
f 2035/1799/3112 3862/2684/3112 2037/1800/3112
f 2726/2650/3113 2026/2652/3113 2719/1793/3113
f 2034/2672/3114 2735/2668/3114 2734/2670/3114
f 23/2674/3115 2737/2675/3115 18/14/3115
f 145/123/3116 2743/108/3116 2739/2680/3116
f 1512/2509/3117 1532/2223/3117 2574/2685/3117
f 2574/2685/3118 1532/2223/3118 2255/2163/3118
f 2034/2672/3119 2741/2677/3119 2032/1798/3119
f 2736/2673/3120 2744/2686/3120 2738/2678/3120
f 2746/2679/3121 2744/2686/3121 2736/2673/3121
f 2733/10/3122 22/2687/3122 2746/2679/3122
f 2745/791/3123 2743/108/3123 145/123/3123
f 2034/2672/3124 2033/1797/3124 1971/2688/3124
f 2034/2672/3125 2032/1798/3125 2033/1797/3125
f 18/14/3126 22/2687/3126 16/12/3126
f 2739/2680/3127 2743/108/3127 2737/2675/3127
f 2745/791/3128 145/123/3128 147/111/3128
f 2034/2672/3129 1971/2688/3129 2749/2689/3129
f 2750/2690/3130 2746/2679/3130 22/2687/3130
f 2737/2675/3131 2743/108/3131 1992/2691/3131
f 2747/2692/3132 3845/2693/3132 2751/2694/3132
f 2749/2689/3133 2751/2694/3133 3845/2693/3133
f 2749/2689/3134 1971/2688/3134 2751/2694/3134
f 2033/1797/3135 1135/1796/3135 1971/2688/3135
f 2741/2677/3136 2738/2678/3136 2032/1798/3136
f 2744/2686/3137 2752/2695/3137 2738/2678/3137
f 2752/2695/3138 2744/2686/3138 2746/2679/3138
f 18/14/3139 1992/2691/3139 2753/2696/3139
f 2737/2675/3140 1992/2691/3140 18/14/3140
f 2031/2697/3141 1992/2691/3141 827/2698/3141
f 2751/2694/3142 1713/1645/3142 2747/2692/3142
f 2751/2694/3143 1970/2699/3143 2748/2700/3143
f 2738/2678/3144 2752/2695/3144 2032/1798/3144
f 22/2687/3145 2755/2701/3145 2750/2690/3145
f 2031/2697/3146 2753/2696/3146 1992/2691/3146
f 827/2698/3147 139/107/3147 1707/1781/3147
f 1713/1645/3148 126/91/3148 2747/2692/3148
f 1971/2688/3149 1135/1796/3149 1970/2699/3149
f 2751/2694/3150 1971/2688/3150 1970/2699/3150
f 1135/1796/3151 2748/2700/3151 1970/2699/3151
f 2756/2702/3152 2748/2700/3152 2032/1798/3152
f 2746/2679/3153 2750/2690/3153 2752/2695/3153
f 18/14/3154 2755/2701/3154 22/2687/3154
f 18/14/3155 2753/2696/3155 2755/2701/3155
f 2032/1798/3156 2754/2703/3156 2756/2702/3156
f 2032/1798/3157 2752/2695/3157 2754/2703/3157
f 2031/2697/3158 827/2698/3158 1707/1781/3158
f 1713/1645/3159 2748/2700/3159 1864/1631/3159
f 1956/2704/3160 2756/2702/3160 2757/2705/3160
f 2748/2700/3161 1713/1645/3161 2751/2694/3161
f 2752/2695/3162 2750/2690/3162 2754/2703/3162
f 2031/2697/3163 1707/1781/3163 1614/1782/3163
f 2748/2700/3164 2756/2702/3164 1956/2704/3164
f 2754/2703/3165 2750/2690/3165 2755/2701/3165
f 2753/2696/3166 2028/1791/3166 2755/2701/3166
f 2753/2696/3167 2031/2697/3167 2028/1791/3167
f 2318/2298/3168 2634/2316/3168 2632/2528/3168
f 1172/642/3169 790/644/3169 924/739/3169
f 924/739/3170 699/782/3170 1172/642/3170
f 1864/1631/3171 2758/2706/3171 143/90/3171
f 2755/2701/3172 2756/2702/3172 2754/2703/3172
f 2755/2701/3173 2028/1791/3173 2756/2702/3173
f 1956/2704/3174 1864/1631/3174 2748/2700/3174
f 2029/1792/3175 2028/1791/3175 2759/2707/3175
f 2031/2697/3176 2759/2707/3176 2028/1791/3176
f 1864/1631/3177 1956/2704/3177 2757/2705/3177
f 2757/2705/3178 2758/2706/3178 1864/1631/3178
f 143/90/3179 2758/2706/3179 118/709/3179
f 2756/2702/3180 2028/1791/3180 2757/2705/3180
f 741/553/3181 2761/2708/3181 1932/2666/3181
f 2028/1791/3182 2758/2706/3182 2757/2705/3182
f 2027/1790/3183 2758/2706/3183 2028/1791/3183
f 2624/2508/3184 2608/2487/3184 2379/2214/3184
f 740/552/3185 1594/1581/3185 483/727/3185
f 914/740/3186 1594/1276/3186 925/741/3186
f 937/1003/3187 1272/1005/3187 938/767/3187
f 2764/2709/3188 2766/2710/3188 2763/2711/3188
f 2255/2163/3189 1917/1699/3189 2574/2685/3189
f 1118/1786/3190 1128/1788/3190 2023/1787/3190
f 1771/1508/3191 1423/884/3191 2768/2712/3191
f 2765/2713/3192 2767/2714/3192 2763/2711/3192
f 2634/2316/3193 3232/2715/3193 2632/2528/3193
f 1118/1786/3194 2024/2716/3194 1128/1788/3194
f 2774/2717/3195 2775/2718/3195 2773/2719/3195
f 2779/2720/3196 2764/2709/3196 2763/2711/3196
f 2764/2709/3197 2778/2721/3197 2766/2710/3197
f 2767/2714/3198 2770/2722/3198 2763/2711/3198
f 2769/2723/3199 2763/2711/3199 2770/2722/3199
f 596/462/3200 615/477/3200 557/432/3200
f 2024/2716/3201 2780/2724/3201 1128/1788/3201
f 69/2/3202 4/1/3202 141/1377/3202
f 2783/2725/3203 2784/2726/3203 2785/2727/3203
f 2786/2728/3204 2784/2729/3204 2782/2730/3204
f 2764/2709/3205 2798/2731/3205 2787/2732/3205
f 2779/2720/3206 2798/2731/3206 2764/2709/3206
f 2789/2733/3207 2790/2734/3207 2769/2723/3207
f 2769/2723/3208 2770/2722/3208 2789/2733/3208
f 3232/2715/3209 2634/2316/3209 2646/2735/3209
f 2780/2724/3210 2792/2736/3210 1128/1788/3210
f 2773/2719/3211 2022/1785/3211 1118/1786/3211
f 2773/2719/3212 2023/1787/3212 2774/2717/3212
f 2775/2718/3213 2801/2737/3213 2773/2719/3213
f 2776/2738/3214 2801/2739/3214 2775/2740/3214
f 2786/2728/3215 2782/2730/3215 2777/2741/3215
f 2782/2730/3216 2778/2721/3216 2777/2741/3216
f 2778/2721/3217 2764/2709/3217 2787/2732/3217
f 2787/2732/3218 2777/2741/3218 2778/2721/3218
f 2769/2723/3219 2795/2742/3219 2779/2720/3219
f 2791/2743/3220 2790/2734/3220 2789/2733/3220
f 2790/2734/3221 2791/2743/3221 2797/2744/3221
f 2781/2745/3222 2792/2736/3222 2780/2724/3222
f 2021/1784/3223 2024/2716/3223 1118/1786/3223
f 1118/1786/3224 2023/1787/3224 2773/2719/3224
f 2773/2719/3225 2772/2746/3225 2022/1785/3225
f 2801/2737/3226 2772/2746/3226 2773/2719/3226
f 475/530/3227 474/529/3227 633/499/3227
f 2783/2725/3228 2785/2727/3228 2800/2747/3228
f 2785/2748/3229 2784/2729/3229 2786/2728/3229
f 2795/2742/3230 2798/2731/3230 2779/2720/3230
f 2779/2720/3231 2763/2711/3231 2769/2723/3231
f 2769/2723/3232 2790/2734/3232 2795/2742/3232
f 2797/2744/3233 2781/2745/3233 2796/2749/3233
f 2796/2749/3234 2790/2734/3234 2797/2744/3234
f 2796/2749/3235 2781/2745/3235 2780/2724/3235
f 2800/2747/3236 2802/2750/3236 2783/2751/3236
f 2800/2747/3237 1114/2752/3237 2802/2750/3237
f 2786/2728/3238 2803/2753/3238 2785/2748/3238
f 2795/2742/3239 2790/2734/3239 2799/2754/3239
f 1928/2755/3240 2799/2754/3240 2790/2734/3240
f 2790/2734/3241 2796/2749/3241 1928/2755/3241
f 2780/2724/3242 2809/2756/3242 2796/2749/3242
f 2807/2757/3243 2022/1785/3243 2772/2746/3243
f 2800/2747/3244 2785/2727/3244 2803/2758/3244
f 2813/2759/3245 2815/2760/3245 2808/2761/3245
f 1928/2755/3246 2796/2749/3246 2809/2756/3246
f 2809/2756/3247 2780/2724/3247 2024/2716/3247
f 2024/2716/3248 2806/2762/3248 2809/2756/3248
f 2022/1785/3249 2807/2757/3249 2020/2763/3249
f 2772/2746/3250 2810/2764/3250 2807/2757/3250
f 2800/2747/3251 1116/910/3251 1114/2752/3251
f 1928/2755/3252 2813/2759/3252 2808/2761/3252
f 1571/1783/3253 2022/1785/3253 2020/2763/3253
f 2800/2747/3254 1115/908/3254 1116/910/3254
f 2803/2758/3255 1115/908/3255 2800/2747/3255
f 2803/2753/3256 2786/2728/3256 2793/2765/3256
f 2814/2766/3257 2809/2756/3257 2805/2767/3257
f 2806/2762/3258 2805/2767/3258 2809/2756/3258
f 2806/2762/3259 2024/2716/3259 2021/1784/3259
f 750/1166/3260 1423/884/3260 704/886/3260
f 1116/910/3261 2811/2768/3261 1114/2752/3261
f 2787/2732/3262 2793/2765/3262 2786/2728/3262
f 2808/2761/3263 2815/2760/3263 2804/2769/3263
f 1116/910/3264 2816/2770/3264 2811/2768/3264
f 1115/2771/3265 2803/2753/3265 2817/2772/3265
f 2793/2765/3266 2824/2773/3266 2818/2774/3266
f 2794/2775/3267 2804/2769/3267 2824/2773/3267
f 2804/2769/3268 2815/2760/3268 2824/2773/3268
f 2820/2776/3269 2815/2760/3269 1919/2777/3269
f 1919/2777/3270 2813/2759/3270 2814/2766/3270
f 2019/2778/3271 1571/1783/3271 2020/2763/3271
f 239/207/3272 231/2779/3272 238/1064/3272
f 1116/910/3273 2821/2780/3273 2816/2770/3273
f 2817/2781/3274 2822/909/3274 1115/908/3274
f 2813/2759/3275 1919/2777/3275 2815/2760/3275
f 482/2782/3276 2834/2783/3276 2805/2767/3276
f 2825/2784/3277 2812/2785/3277 2959/2786/3277
f 2959/2786/3278 2823/2787/3278 3695/2788/3278
f 2820/2776/3279 2826/2789/3279 2815/2760/3279
f 1919/2777/3280 2814/2766/3280 2834/2783/3280
f 2805/2767/3281 2834/2783/3281 2814/2766/3281
f 2805/2767/3282 2806/2762/3282 482/2782/3282
f 1571/1783/3283 2019/2778/3283 1570/1267/3283
f 2829/2790/3284 2019/2778/3284 2828/2791/3284
f 2761/2708/3285 1933/1713/3285 1931/1714/3285
f 2821/2780/3286 1116/910/3286 2822/909/3286
f 2817/2772/3287 2835/2792/3287 2822/2793/3287
f 2820/2776/3288 2819/2794/3288 2826/2789/3288
f 1919/2777/3289 2834/2783/3289 2820/2776/3289
f 2761/2708/3290 741/553/3290 731/911/3290
f 2821/2780/3291 1585/1269/3291 1584/1268/3291
f 2822/909/3292 2831/2795/3292 2821/2780/3292
f 2834/2783/3293 2833/2796/3293 2820/2776/3293
f 2833/2796/3294 2834/2783/3294 2838/2797/3294
f 2806/2762/3295 2021/1784/3295 482/2782/3295
f 482/2782/3296 2021/1784/3296 1571/1783/3296
f 2829/2790/3297 1570/1267/3297 2019/2778/3297
f 1585/1269/3298 2821/2780/3298 2831/2795/3298
f 2819/2794/3299 2827/2798/3299 2826/2789/3299
f 2836/2799/3300 2850/2800/3300 2820/2776/3300
f 482/2782/3301 1581/1266/3301 2844/2801/3301
f 482/2782/3302 1571/1783/3302 1581/1266/3302
f 1580/1265/3303 1570/1267/3303 2018/2802/3303
f 1585/1269/3304 2831/2795/3304 2841/2803/3304
f 2831/2795/3305 2835/2804/3305 2841/2803/3305
f 2850/2800/3306 2819/2794/3306 2820/2776/3306
f 2836/2799/3307 2820/2776/3307 2833/2796/3307
f 2838/2797/3308 2834/2783/3308 2839/2805/3308
f 1571/1783/3309 1570/1267/3309 1581/1266/3309
f 2842/2806/3310 2835/2792/3310 2817/2772/3310
f 2839/2805/3311 2845/1673/3311 2852/1675/3311
f 482/2782/3312 2843/2807/3312 2839/2805/3312
f 2844/2801/3313 2843/2807/3313 482/2782/3313
f 1555/2808/3314 1580/2809/3314 2018/2810/3314
f 2847/2811/3315 2846/2812/3315 2853/2813/3315
f 2846/2812/3316 2848/2814/3316 1554/2815/3316
f 974/2816/3317 2854/2817/3317 2849/2818/3317
f 2854/2817/3318 2860/2819/3318 2849/2818/3318
f 2852/1675/3319 2837/2820/3319 2839/2805/3319
f 2722/2821/3320 2729/2822/3320 2857/2823/3320
f 1580/2809/3321 1555/2808/3321 2858/2824/3321
f 2860/2819/3322 2846/2812/3322 1554/2815/3322
f 1554/2815/3323 2849/2818/3323 2860/2819/3323
f 2860/2819/3324 2854/2817/3324 2861/2825/3324
f 1244/181/3325 222/1068/3325 203/156/3325
f 2740/2681/3326 2862/568/3326 2537/567/3326
f 2835/2804/3327 2863/2826/3327 1556/1213/3327
f 2851/2827/3328 2830/2828/3328 2850/2800/3328
f 2852/1675/3329 2856/2829/3329 2837/2820/3329
f 2729/2822/3330 2722/2821/3330 2730/2830/3330
f 2864/2831/3331 2846/2812/3331 2865/2832/3331
f 1507/1215/3332 1511/2833/3332 2866/2834/3332
f 2841/2803/3333 1556/1213/3333 1507/1215/3333
f 2989/2835/3334 2867/2836/3334 2652/1145/3334
f 1887/2837/3335 2855/2838/3335 2869/2839/3335
f 2851/2827/3336 2850/2800/3336 2837/2820/3336
f 2873/2840/3337 2844/2801/3337 1581/1266/3337
f 2859/2841/3338 2846/2812/3338 2864/2831/3338
f 2859/2841/3339 2853/2813/3339 2846/2812/3339
f 1507/1215/3340 2877/2842/3340 1585/1269/3340
f 1556/1213/3341 2841/2803/3341 2835/2804/3341
f 2845/1673/3342 2872/2843/3342 2871/1674/3342
f 2858/2844/3343 2873/2840/3343 1580/1265/3343
f 2864/2831/3344 2880/2845/3344 2875/2846/3344
f 4/1/3345 1707/1781/3345 141/1377/3345
f 1556/1213/3346 2863/2826/3346 2868/2847/3346
f 2869/2839/3347 2856/2829/3347 2870/2848/3347
f 2870/2848/3348 2871/1674/3348 2887/2849/3348
f 2852/1675/3349 2870/2848/3349 2856/2829/3349
f 2852/1675/3350 2871/1674/3350 2870/2848/3350
f 2878/2850/3351 2872/2843/3351 2913/2851/3351
f 2845/1673/3352 2843/2807/3352 2872/2843/3352
f 2881/2852/3353 2873/2840/3353 2858/2844/3353
f 596/462/3354 547/1834/3354 615/477/3354
f 2875/2846/3355 2859/2841/3355 2864/2831/3355
f 2865/2832/3356 2882/2853/3356 2864/2831/3356
f 2860/2819/3357 2861/2825/3357 2865/2832/3357
f 976/2854/3358 1511/2833/3358 1506/1214/3358
f 976/2854/3359 2866/2834/3359 1511/2833/3359
f 2868/2847/3360 2885/2855/3360 432/2856/3360
f 1887/2837/3361 2869/2839/3361 2870/2848/3361
f 2844/2801/3362 2873/2840/3362 464/2857/3362
f 2889/2858/3363 2874/2859/3363 1508/2860/3363
f 2891/2861/3364 2892/2862/3364 2921/2863/3364
f 2876/2864/3365 2861/2825/3365 2854/2817/3365
f 2876/2864/3366 2884/2865/3366 2883/2866/3366
f 1506/1214/3367 1511/2833/3367 1507/1215/3367
f 432/2856/3368 1556/1213/3368 2868/2847/3368
f 2886/2867/3369 2885/2855/3369 1887/2868/3369
f 2886/2869/3370 1887/2837/3370 2894/2870/3370
f 1887/2837/3371 2870/2848/3371 2894/2870/3371
f 2887/2849/3372 2895/2871/3372 2894/2870/3372
f 2881/2852/3373 2858/2844/3373 2874/2872/3373
f 2890/2873/3374 2880/2845/3374 2864/2831/3374
f 2883/2866/3375 2861/2825/3375 2876/2864/3375
f 975/2874/3376 1469/1192/3376 1490/2875/3376
f 1506/1214/3377 1556/1213/3377 432/2856/3377
f 2878/2850/3378 2887/2849/3378 2871/1674/3378
f 2890/2873/3379 2864/2831/3379 2882/2853/3379
f 2882/2853/3380 2865/2832/3380 2861/2825/3380
f 2884/2865/3381 2898/2876/3381 2901/2877/3381
f 222/1068/3382 238/1064/3382 231/2779/3382
f 2886/2869/3383 2894/2870/3383 2895/2871/3383
f 2895/2871/3384 2893/2878/3384 2886/2869/3384
f 2895/2871/3385 2887/2849/3385 2878/2850/3385
f 2913/2851/3386 2872/2843/3386 464/2857/3386
f 2874/2872/3387 2889/2879/3387 2905/2880/3387
f 2890/2873/3388 2907/2881/3388 2906/2882/3388
f 2901/2877/3389 2883/2866/3389 2884/2865/3389
f 976/2854/3390 1506/1214/3390 1447/2883/3390
f 1469/1192/3391 975/2874/3391 976/2854/3391
f 976/2854/3392 1470/1193/3392 1469/1192/3392
f 2910/2884/3393 2893/2878/3393 2895/2871/3393
f 2895/2871/3394 2917/2885/3394 2910/2884/3394
f 2722/2821/3395 2912/2886/3395 2904/2887/3395
f 1885/2888/3396 1886/2889/3396 464/2857/3396
f 464/2857/3397 2873/2840/3397 1885/2888/3397
f 2881/2852/3398 2874/2872/3398 2905/2880/3398
f 2900/2890/3399 2905/2891/3399 2889/2858/3399
f 2882/2853/3400 2907/2881/3400 2890/2873/3400
f 2898/2876/3401 2909/2892/3401 2901/2877/3401
f 1447/2883/3402 1470/1193/3402 976/2854/3402
f 2902/2893/3403 2915/2894/3403 2927/2895/3403
f 2905/2880/3404 2929/2896/3404 2881/2852/3404
f 2907/2881/3405 2920/2897/3405 2906/2882/3405
f 2901/2877/3406 2908/2898/3406 2931/2899/3406
f 790/644/3407 1471/2900/3407 1121/576/3407
f 2922/2901/3408 2901/2877/3408 2909/2892/3408
f 1881/2902/3409 432/2856/3409 2927/2903/3409
f 2915/2894/3410 2902/2893/3410 2910/2884/3410
f 2917/2885/3411 2915/2894/3411 2910/2884/3411
f 2878/2850/3412 2903/2904/3412 2919/2905/3412
f 2897/2906/3413 464/2857/3413 1886/2889/3413
f 2873/2840/3414 2881/2852/3414 1885/2888/3414
f 2924/2907/3415 2925/2908/3415 2920/2897/3415
f 2907/2881/3416 2924/2907/3416 2920/2897/3416
f 2921/2863/3417 2907/2881/3417 2882/2853/3417
f 1447/2883/3418 1448/2909/3418 421/2910/3418
f 2878/2850/3419 2919/2905/3419 2895/2871/3419
f 2931/2899/3420 2882/2853/3420 2883/2866/3420
f 2931/2899/3421 2883/2866/3421 2901/2877/3421
f 2932/2911/3422 2933/2912/3422 2908/2898/3422
f 2932/2911/3423 2901/2877/3423 2922/2901/3423
f 2934/2913/3424 2914/2914/3424 2926/2915/3424
f 2914/2914/3425 421/2910/3425 2951/2916/3425
f 2652/1145/3426 2995/2917/3426 2989/2835/3426
f 2915/2894/3427 2917/2885/3427 2916/2918/3427
f 2916/2918/3428 2917/2885/3428 2919/2905/3428
f 2919/2905/3429 2903/2904/3429 2911/2919/3429
f 1886/2889/3430 2937/2920/3430 2897/2906/3430
f 2929/2896/3431 2905/2880/3431 2930/2921/3431
f 2921/2863/3432 2938/2922/3432 2939/2923/3432
f 2908/2898/3433 2901/2877/3433 2932/2911/3433
f 2934/2913/3434 1470/1193/3434 2914/2914/3434
f 1881/2902/3435 1858/2924/3435 421/2910/3435
f 2936/2925/3436 2935/1650/3436 2927/2895/3436
f 2936/2925/3437 2927/2895/3437 2915/2894/3437
f 2881/2852/3438 2929/2896/3438 1885/2888/3438
f 2924/2907/3439 2939/2923/3439 2925/2908/3439
f 421/2910/3440 1448/2909/3440 1881/2902/3440
f 421/2910/3441 2914/2914/3441 1447/2883/3441
f 2916/2918/3442 2919/2905/3442 2911/2919/3442
f 2911/2919/3443 2903/2904/3443 2940/2926/3443
f 2897/2906/3444 2941/2927/3444 2923/2928/3444
f 2945/2929/3445 3003/2930/3445 1886/2889/3445
f 2930/2931/3446 2946/2932/3446 2929/2896/3446
f 2947/2933/3447 2946/2932/3447 2930/2931/3447
f 1292/2934/3448 2948/2935/3448 2953/2936/3448
f 1599/1285/3449 2016/2937/3449 1600/1286/3449
f 1600/2938/3450 2942/2939/3450 1598/2940/3450
f 2015/2941/3451 1599/1285/3451 1598/1284/3451
f 2924/2907/3452 2907/2881/3452 2921/2863/3452
f 2908/2898/3453 2933/2912/3453 2931/2899/3453
f 2950/2942/3454 2933/2912/3454 2932/2911/3454
f 1847/1652/3455 1881/2943/3455 2935/1650/3455
f 2940/2926/3456 2903/2904/3456 2941/2927/3456
f 2948/2935/3457 2954/2944/3457 2955/2945/3457
f 1815/2946/3458 2016/2937/3458 2013/2947/3458
f 2013/2947/3459 1599/1285/3459 2015/2941/3459
f 2011/1780/3460 2013/2947/3460 2015/2941/3460
f 2017/2948/3461 2015/2941/3461 1598/1284/3461
f 2931/2899/3462 2949/2949/3462 2891/2861/3462
f 2914/2914/3463 1274/2950/3463 2926/2915/3463
f 2951/2916/3464 1274/2950/3464 2914/2914/3464
f 2935/1650/3465 2936/2925/3465 1848/1651/3465
f 3003/2930/3466 2937/2920/3466 1886/2889/3466
f 1886/2889/3467 1885/2888/3467 2945/2929/3467
f 1276/2951/3468 2953/2936/3468 2952/2952/3468
f 2016/2937/3469 1599/1285/3469 2013/2947/3469
f 2016/2937/3470 2955/2945/3470 2954/2944/3470
f 2016/2937/3471 2954/2944/3471 1600/1286/3471
f 2012/2953/3472 2013/2947/3472 2008/1779/3472
f 2008/1779/3473 2009/2954/3473 2012/2953/3473
f 2008/1779/3474 2005/1776/3474 2009/2954/3474
f 545/404/3475 642/484/3475 546/405/3475
f 2008/1779/3476 2013/2947/3476 2011/1780/3476
f 2015/2941/3477 2017/2948/3477 2014/2955/3477
f 2938/2922/3478 2957/2956/3478 2939/2923/3478
f 2931/2899/3479 2933/2912/3479 2949/2949/3479
f 2933/2912/3480 2950/2942/3480 1277/2957/3480
f 252/770/3481 6/2958/3481 251/199/3481
f 2945/2929/3482 1885/2888/3482 2929/2896/3482
f 2946/2932/3483 2977/2959/3483 2929/2896/3483
f 2966/2960/3484 2977/2961/3484 2946/2962/3484
f 1276/2951/3485 2967/2963/3485 1275/2964/3485
f 1276/2951/3486 1275/2964/3486 2953/2936/3486
f 420/2965/3487 1276/2951/3487 2952/2952/3487
f 2955/2945/3488 1815/2946/3488 2952/2952/3488
f 2952/2952/3489 2953/2936/3489 2955/2945/3489
f 2955/2945/3490 2016/2937/3490 1815/2946/3490
f 2968/2966/3491 2009/2954/3491 2005/1776/3491
f 815/1774/3492 818/2967/3492 819/2968/3492
f 1544/2969/3493 2960/2970/3493 1546/2971/3493
f 2956/2972/3494 2962/2973/3494 2960/2970/3494
f 1512/2509/3495 1934/39/3495 1513/1715/3495
f 2939/2923/3496 2924/2907/3496 2921/2863/3496
f 2938/2922/3497 2921/2863/3497 2892/2862/3497
f 2949/2949/3498 2933/2912/3498 1277/2957/3498
f 2899/2974/3499 2976/2975/3499 2972/2976/3499
f 2973/2977/3500 3000/2978/3500 2987/2979/3500
f 3008/2980/3501 2911/2919/3501 2940/2926/3501
f 2941/2927/3502 2897/2906/3502 2937/2920/3502
f 2945/2929/3503 2929/2896/3503 2977/2959/3503
f 2967/2981/3504 2978/2982/3504 1275/2983/3504
f 2993/2984/3505 2981/2985/3505 2980/2986/3505
f 1822/2987/3506 420/2965/3506 2980/2986/3506
f 420/2965/3507 2952/2952/3507 2010/2988/3507
f 2010/2988/3508 2952/2952/3508 1815/2946/3508
f 2013/2947/3509 2012/2953/3509 1810/2989/3509
f 759/573/3510 298/569/3510 259/1853/3510
f 2004/1775/3511 815/1774/3511 2970/2990/3511
f 815/1774/3512 819/2968/3512 2970/2990/3512
f 2970/2990/3513 1546/2991/3513 2004/1775/3513
f 2970/2990/3514 1547/2992/3514 1546/2991/3514
f 1546/2991/3515 2982/1773/3515 2004/1775/3515
f 1546/2991/3516 1547/2992/3516 1544/2993/3516
f 2960/2970/3517 2971/2994/3517 1546/2971/3517
f 2960/2970/3518 2962/2973/3518 2999/2995/3518
f 2956/2972/3519 2961/2996/3519 2962/2973/3519
f 2960/2970/3520 1544/2969/3520 2956/2972/3520
f 1842/1604/3521 881/690/3521 3793/2997/3521
f 2963/2998/3522 2957/2956/3522 2938/2922/3522
f 1277/2957/3523 2943/2999/3523 2949/2949/3523
f 2985/3000/3524 2964/3001/3524 1274/2950/3524
f 2951/2916/3525 2985/3000/3525 1274/2950/3525
f 2951/2916/3526 421/2910/3526 2985/3000/3526
f 1858/2924/3527 2958/3002/3527 2986/3003/3527
f 1847/1652/3528 1848/1651/3528 2987/2979/3528
f 2940/2926/3529 2941/2927/3529 2974/3004/3529
f 2937/2920/3530 2965/3005/3530 2941/2927/3530
f 2977/2959/3531 2990/3006/3531 2945/2929/3531
f 2990/3007/3532 2977/2961/3532 2966/2960/3532
f 1822/2987/3533 2979/3008/3533 1276/2951/3533
f 1810/2989/3534 2012/2953/3534 2009/2954/3534
f 2980/2986/3535 415/3009/3535 2009/2954/3535
f 815/1774/3536 816/3010/3536 2003/3011/3536
f 2994/1559/3537 816/3010/3537 3013/1560/3537
f 2989/3012/3538 2995/3013/3538 2928/3014/3538
f 2997/3015/3539 3037/3016/3539 2998/3017/3539
f 2996/3018/3540 1806/1564/3540 2971/3019/3540
f 2891/2861/3541 2949/2949/3541 2944/3020/3541
f 1248/3021/3542 2964/3001/3542 2985/3000/3542
f 2985/3000/3543 421/2910/3543 2986/3003/3543
f 1858/2924/3544 1847/3022/3544 2958/3002/3544
f 2918/3023/3545 2973/2977/3545 2936/2925/3545
f 2940/2926/3546 2974/3004/3546 3008/2980/3546
f 2652/3024/3547 3001/3025/3547 3002/3026/3547
f 3001/3025/3548 2652/3024/3548 1413/3027/3548
f 2991/3028/3549 2967/2963/3549 2979/3008/3549
f 2979/3008/3550 1822/2987/3550 2980/2986/3550
f 2981/2985/3551 2991/3028/3551 2979/3008/3551
f 415/3009/3552 420/2965/3552 1810/2989/3552
f 2982/1773/3553 1546/2991/3553 2971/3019/3553
f 2003/3011/3554 816/3010/3554 3004/3029/3554
f 816/3010/3555 815/1774/3555 2982/1773/3555
f 2999/2995/3556 2996/3030/3556 2971/2994/3556
f 2996/3030/3557 2997/3015/3557 2998/3017/3557
f 2971/2994/3558 2960/2970/3558 2999/2995/3558
f 2963/2998/3559 2938/2922/3559 3005/3031/3559
f 2984/3032/3560 3005/3031/3560 2938/2922/3560
f 2892/2862/3561 2944/3020/3561 2983/3033/3561
f 2943/2999/3562 3006/3034/3562 2944/3020/3562
f 2944/3020/3563 2949/2949/3563 2943/2999/3563
f 2985/3000/3564 1249/3035/3564 1248/3021/3564
f 2965/3005/3565 2937/2920/3565 3003/2930/3565
f 260/771/3566 205/151/3566 162/769/3566
f 2979/3008/3567 2980/2986/3567 2981/2985/3567
f 1941/3036/3568 3011/3037/3568 3012/2574/3568
f 2980/2986/3569 1494/3038/3569 2993/2984/3569
f 2002/1772/3570 2003/3011/3570 3004/3029/3570
f 2999/2995/3571 2997/3015/3571 2996/3030/3571
f 2998/1561/3572 1806/1564/3572 2996/3018/3572
f 2938/2922/3573 2892/2862/3573 2984/3032/3573
f 2986/3003/3574 1216/3039/3574 2985/3000/3574
f 2958/3002/3575 3021/3040/3575 2986/3003/3575
f 2788/2602/3576 3015/3041/3576 1941/3036/3576
f 3009/3042/3577 2941/2927/3577 2965/3005/3577
f 2990/3006/3578 3016/3043/3578 2945/2929/3578
f 2980/2986/3579 2009/2954/3579 1494/3038/3579
f 1930/1711/3580 1932/2666/3580 550/407/3580
f 2892/2862/3581 2983/3033/3581 2984/3032/3581
f 3020/3044/3582 2986/3003/3582 3021/3040/3582
f 2958/3002/3583 1847/3022/3583 3007/3045/3583
f 1847/3046/3584 3000/2978/3584 3007/3047/3584
f 1847/3046/3585 2987/2979/3585 3000/2978/3585
f 3017/3048/3586 3016/3043/3586 2990/3006/3586
f 3010/3049/3587 2991/3028/3587 2981/2985/3587
f 2981/2985/3588 2993/2984/3588 3010/3049/3588
f 2993/2984/3589 1494/3038/3589 2992/3050/3589
f 3004/3029/3590 2000/1771/3590 2002/1772/3590
f 2000/1771/3591 3004/3029/3591 816/3010/3591
f 2994/1559/3592 2000/1771/3592 816/3010/3592
f 3042/3051/3593 2994/1559/3593 1802/1558/3593
f 3027/3052/3594 1802/1558/3594 2998/1561/3594
f 1931/1714/3595 550/407/3595 1932/2666/3595
f 3029/3053/3596 3018/3054/3596 3005/3031/3596
f 2983/3033/3597 2944/3020/3597 3006/3034/3597
f 3019/3055/3598 3006/3034/3598 2943/2999/3598
f 3030/3056/3599 3019/3055/3599 2943/2999/3599
f 2985/3000/3600 1216/3039/3600 1249/3035/3600
f 3009/3042/3601 3023/3057/3601 2975/3058/3601
f 1475/3059/3602 2959/2786/3602 3031/3060/3602
f 2993/2984/3603 2992/3050/3603 3033/3061/3603
f 1932/2666/3604 2761/2708/3604 1931/1714/3604
f 952/408/3605 550/407/3605 1931/1714/3605
f 3036/3062/3606 2003/3063/3606 2002/3064/3606
f 2001/3065/3607 3026/3066/3607 3036/3067/3607
f 2994/1559/3608 3042/3051/3608 2000/1771/3608
f 3005/3031/3609 2984/3032/3609 3029/3053/3609
f 3030/3056/3610 3039/3068/3610 3019/3055/3610
f 2986/3003/3611 3020/3044/3611 1216/3039/3611
f 3023/3057/3612 3032/3069/3612 3059/3070/3612
f 3009/3042/3613 2965/3005/3613 3023/3057/3613
f 3003/2930/3614 2945/2929/3614 3024/3071/3614
f 3010/3049/3615 2993/2984/3615 3033/3061/3615
f 3034/3072/3616 3010/3073/3616 3033/3074/3616
f 2001/3075/3617 3036/3062/3617 2002/3064/3617
f 1802/1558/3618 3027/3052/3618 3038/3076/3618
f 3027/3052/3619 2998/1561/3619 3037/3077/3619
f 3028/3078/3620 3018/3054/3620 3029/3053/3620
f 1216/3039/3621 1207/3079/3621 1249/3035/3621
f 3007/3045/3622 3021/3040/3622 2958/3002/3622
f 3021/3040/3623 3007/3045/3623 3040/3080/3623
f 3007/3047/3624 3000/2978/3624 3014/3081/3624
f 2974/3004/3625 2975/3058/3625 3022/3082/3625
f 3009/3042/3626 2975/3058/3626 2974/3004/3626
f 3003/2930/3627 3024/3071/3627 3032/3069/3627
f 3046/3083/3628 3016/3084/3628 3017/3085/3628
f 3033/3086/3629 3047/3087/3629 3034/3088/3629
f 3026/3089/3630 1463/3090/3630 1462/3091/3630
f 1998/3092/3631 2001/3093/3631 1420/1155/3631
f 3042/3051/3632 1999/1770/3632 2000/1771/3632
f 3042/3051/3633 1802/1558/3633 3038/3076/3633
f 3027/3052/3634 3043/3094/3634 3038/3076/3634
f 3043/3095/3635 3027/3096/3635 3037/3016/3635
f 1214/3097/3636 3028/3078/3636 3029/3053/3636
f 3029/3053/3637 2984/3032/3637 2983/3033/3637
f 1797/3098/3638 2983/3033/3638 3006/3034/3638
f 3019/3055/3639 3048/3099/3639 1797/3098/3639
f 1204/3100/3640 3019/3055/3640 3039/3068/3640
f 3014/3081/3641 3000/2978/3641 3044/3101/3641
f 2945/2929/3642 3016/3043/3642 3050/3102/3642
f 3051/3103/3643 3016/3043/3643 3046/3104/3643
f 3034/3088/3644 3047/3087/3644 3052/3105/3644
f 3053/3106/3645 3047/3107/3645 3054/3108/3645
f 3052/3105/3646 3055/3109/3646 3056/3110/3646
f 3038/3076/3647 3071/3111/3647 3042/3051/3647
f 3038/3076/3648 3043/3094/3648 1452/3112/3648
f 1452/3113/3649 3043/3095/3649 1451/3114/3649
f 1214/3097/3650 3057/3115/3650 1215/3116/3650
f 1797/3098/3651 3006/3034/3651 3019/3055/3651
f 1204/3100/3652 3048/3099/3652 3019/3055/3652
f 6/2958/3653 252/770/3653 206/812/3653
f 3040/3080/3654 3007/3045/3654 3014/3117/3654
f 3022/3082/3655 2975/3058/3655 386/3118/3655
f 3056/3110/3656 3034/3088/3656 3052/3105/3656
f 3053/3119/3657 1791/3120/3657 3052/3105/3657
f 207/3121/3658 213/3122/3658 6/2958/3658
f 1463/3090/3659 1998/3123/3659 3064/3124/3659
f 1463/3090/3660 3065/3125/3660 1462/3091/3660
f 1463/3090/3661 3026/3089/3661 2001/3075/3661
f 1420/1155/3662 2001/3093/3662 2002/1772/3662
f 1999/1770/3663 3042/3051/3663 3071/3111/3663
f 3057/3115/3664 1214/3097/3664 1201/3126/3664
f 1214/3097/3665 3029/3053/3665 3058/3127/3665
f 3066/3128/3666 3058/3127/3666 3029/3053/3666
f 1205/3129/3667 3048/3099/3667 1204/3100/3667
f 3044/3101/3668 2973/2977/3668 387/3130/3668
f 2975/3058/3669 3023/3057/3669 3049/3131/3669
f 3074/3132/3670 3061/3133/3670 3032/3069/3670
f 3024/3071/3671 2945/2929/3671 3050/3102/3671
f 3016/3043/3672 3051/3103/3672 3050/3102/3672
f 3052/3105/3673 3070/3134/3673 3055/3109/3673
f 3052/3105/3674 3047/3087/3674 3053/3119/3674
f 1998/3123/3675 1463/3090/3675 2001/3075/3675
f 3065/3135/3676 3053/3106/3676 3054/3108/3676
f 3064/3124/3677 1998/3123/3677 1419/3136/3677
f 3038/3137/3678 1452/3113/3678 3067/3138/3678
f 3067/3138/3679 1452/3113/3679 1451/3114/3679
f 3058/3127/3680 1199/3139/3680 1201/3126/3680
f 1797/3098/3681 3066/3128/3681 3029/3053/3681
f 3066/3128/3682 1797/3098/3682 3048/3099/3682
f 1216/3039/3683 1197/3140/3683 1207/3079/3683
f 3045/3141/3684 3040/3080/3684 3014/3117/3684
f 3045/3142/3685 3044/3101/3685 387/3130/3685
f 3022/3082/3686 386/3118/3686 387/3130/3686
f 3059/3070/3687 3049/3131/3687 3023/3057/3687
f 3032/3069/3688 3061/3133/3688 3059/3070/3688
f 3032/3069/3689 3024/3071/3689 3074/3132/3689
f 3055/3109/3690 3070/3134/3690 3062/3143/3690
f 3065/3125/3691 1463/3090/3691 3064/3124/3691
f 3064/3144/3692 3053/3119/3692 3065/3145/3692
f 1201/3126/3693 1199/3139/3693 3073/3146/3693
f 3073/3146/3694 1202/3147/3694 1201/3126/3694
f 1197/3140/3695 1216/3039/3695 3020/3044/3695
f 3021/3040/3696 3040/3080/3696 3068/3148/3696
f 3059/3070/3697 3061/3133/3697 3060/3149/3697
f 3074/3132/3698 3024/3071/3698 3050/3102/3698
f 3075/3150/3699 3051/3151/3699 3046/3083/3699
f 3070/3134/3700 1430/3152/3700 3063/3153/3700
f 3070/3134/3701 3063/3153/3701 3062/3143/3701
f 3070/3134/3702 3052/3105/3702 1791/3120/3702
f 3064/3144/3703 3076/3154/3703 1791/3120/3703
f 3072/3155/3704 3071/3156/3704 3038/3137/3704
f 3067/3138/3705 3072/3155/3705 3038/3137/3705
f 1201/3126/3706 1214/3097/3706 3058/3127/3706
f 1205/3129/3707 3079/3157/3707 3066/3128/3707
f 1198/3158/3708 3080/3159/3708 1197/3140/3708
f 3059/3070/3709 3060/3149/3709 3049/3131/3709
f 3074/3132/3710 3082/3160/3710 3061/3133/3710
f 3083/3161/3711 3082/3160/3711 3074/3132/3711
f 3084/3162/3712 3074/3132/3712 3050/3102/3712
f 3050/3102/3713 3051/3103/3713 3084/3162/3713
f 3084/3163/3714 3051/3151/3714 3075/3150/3714
f 1933/1713/3715 2761/2708/3715 729/821/3715
f 1700/3164/3716 659/3165/3716 658/3166/3716
f 731/911/3717 729/821/3717 2761/2708/3717
f 3069/3167/3718 1430/3152/3718 3070/3134/3718
f 1429/3168/3719 3063/3153/3719 1430/3152/3719
f 3070/3134/3720 3076/3154/3720 3069/3167/3720
f 1419/3136/3721 1998/3123/3721 1420/3169/3721
f 3071/3170/3722 3086/3171/3722 3085/3172/3722
f 1420/1155/3723 1999/1770/3723 3085/1156/3723
f 3072/3155/3724 3067/3138/3724 3077/3173/3724
f 3058/3127/3725 3090/3174/3725 3078/3175/3725
f 3066/3128/3726 3048/3099/3726 1205/3129/3726
f 3020/3044/3727 3068/3148/3727 1191/3176/3727
f 3040/3177/3728 3045/3142/3728 3091/3178/3728
f 3045/3142/3729 3081/3179/3729 3091/3178/3729
f 3061/3133/3730 3093/3180/3730 3060/3149/3730
f 732/551/3731 741/553/3731 2440/2484/3731
f 1791/3120/3732 3076/3154/3732 3070/3134/3732
f 3064/3144/3733 3095/3181/3733 3076/3154/3733
f 1419/3182/3734 3095/3181/3734 3064/3144/3734
f 3071/3156/3735 3072/3155/3735 3087/3183/3735
f 3073/3146/3736 1406/3184/3736 3089/3185/3736
f 3097/3186/3737 3073/3146/3737 1199/3139/3737
f 3066/3128/3738 843/3187/3738 3090/3174/3738
f 843/3187/3739 3066/3128/3739 3079/3157/3739
f 1191/3176/3740 1197/3140/3740 3020/3044/3740
f 3098/3188/3741 3068/3148/3741 3040/3080/3741
f 2440/2484/3742 1553/2209/3742 2840/3189/3742
f 1553/2209/3743 2606/3190/3743 3101/3191/3743
f 3101/3191/3744 2840/3189/3744 1553/2209/3744
f 3069/3167/3745 3076/3154/3745 3096/3192/3745
f 3077/3173/3746 3088/3193/3746 3087/3183/3746
f 3087/3183/3747 3072/3155/3747 3077/3173/3747
f 661/885/3748 877/688/3748 704/886/3748
f 3105/3194/3749 1406/3184/3749 3104/3195/3749
f 1406/3184/3750 3073/3146/3750 3097/3186/3750
f 3090/3174/3751 3058/3127/3751 3066/3128/3751
f 3079/3157/3752 1192/949/3752 843/3187/3752
f 3068/3148/3753 3/3196/3753 1191/3176/3753
f 3091/3197/3754 3098/3188/3754 3040/3080/3754
f 1475/3059/3755 55/57/3755 57/56/3755
f 3049/3131/3756 3092/3198/3756 3099/3199/3756
f 1381/3200/3757 3107/3201/3757 3108/3202/3757
f 3095/3181/3758 3096/3192/3758 3076/3154/3758
f 3088/3193/3759 3077/3173/3759 1400/3203/3759
f 3109/3204/3760 3110/3205/3760 3111/3206/3760
f 3088/3193/3761 3952/3207/3761 3112/3208/3761
f 3110/3205/3762 3113/3209/3762 1370/3210/3762
f 1475/3059/3763 57/56/3763 2698/2609/3763
f 3104/3195/3764 3114/3211/3764 3105/3194/3764
f 3097/3186/3765 3115/3212/3765 3104/3195/3765
f 3058/3127/3766 3078/3175/3766 1199/3139/3766
f 1192/3213/3767 1197/3140/3767 1191/3176/3767
f 3093/3180/3768 3106/3214/3768 3100/3215/3768
f 3082/3160/3769 3094/3216/3769 3093/3180/3769
f 3074/3132/3770 3084/3162/3770 3083/3161/3770
f 3084/3162/3771 3075/3217/3771 3117/3218/3771
f 3117/3218/3772 3083/3161/3772 3084/3162/3772
f 764/3219/3773 959/3220/3773 2862/568/3773
f 3095/3181/3774 1419/3182/3774 3086/3221/3774
f 3086/3171/3775 1419/3222/3775 3085/3172/3775
f 3087/3223/3776 3086/3171/3776 3071/3170/3776
f 3086/3171/3777 3103/3224/3777 3095/3225/3777
f 1370/3210/3778 3111/3206/3778 3110/3205/3778
f 3114/3211/3779 3119/3226/3779 3120/3227/3779
f 3104/3195/3780 1406/3184/3780 3097/3186/3780
f 3097/3186/3781 3078/3175/3781 3115/3212/3781
f 843/3187/3782 3/7/3782 3121/3228/3782
f 3122/3229/3783 3115/3212/3783 3078/3175/3783
f 3/7/3784 843/3187/3784 1192/949/3784
f 206/812/3785 207/3121/3785 6/2958/3785
f 3068/3148/3786 3098/3188/3786 3123/3230/3786
f 387/3130/3787 297/3231/3787 3081/3179/3787
f 387/3130/3788 3147/3232/3788 297/3231/3788
f 3094/3216/3789 3131/3233/3789 3106/3214/3789
f 3083/3161/3790 3124/3234/3790 3082/3160/3790
f 1380/1083/3791 1382/1121/3791 3118/3235/3791
f 3118/3235/3792 3125/3236/3792 1380/1083/3792
f 3103/3237/3793 3087/3183/3793 3088/3193/3793
f 3087/3223/3794 3103/3224/3794 3086/3171/3794
f 3088/3193/3795 1400/3203/3795 3952/3207/3795
f 3112/3208/3796 3127/3238/3796 3088/3193/3796
f 3111/3206/3797 1370/3210/3797 1780/3239/3797
f 3119/3226/3798 3129/3240/3798 1354/3241/3798
f 3104/3195/3799 3130/3242/3799 3119/3226/3799
f 3104/3195/3800 3119/3226/3800 3114/3211/3800
f 2624/2508/3801 64/32/3801 2608/2487/3801
f 3106/3214/3802 3093/3180/3802 3094/3216/3802
f 3117/3218/3803 3133/3243/3803 3083/3161/3803
f 1381/3200/3804 3108/3202/3804 1382/3244/3804
f 3125/3236/3805 3118/3235/3805 3126/3245/3805
f 3112/3208/3806 3111/3206/3806 1780/3239/3806
f 3103/3224/3807 3126/3246/3807 3095/3225/3807
f 1780/3239/3808 3127/3238/3808 3112/3208/3808
f 1354/3247/3809 3128/3248/3809 1780/3239/3809
f 1354/3247/3810 1780/3239/3810 1370/3210/3810
f 1354/3241/3811 3120/3249/3811 3119/3226/3811
f 3129/3240/3812 3119/3226/3812 3130/3242/3812
f 3130/3242/3813 3104/3195/3813 3115/3212/3813
f 3078/3175/3814 3090/3174/3814 3122/3229/3814
f 56/55/3815 3031/3060/3815 3136/3250/3815
f 3098/3188/3816 3091/3197/3816 297/3251/3816
f 3116/3252/3817 3131/3233/3817 3094/3216/3817
f 3124/3234/3818 3116/3252/3818 3082/3160/3818
f 1767/3253/3819 3125/3254/3819 3126/3246/3819
f 3103/3224/3820 3134/3255/3820 3126/3246/3820
f 1780/3239/3821 3128/3248/3821 3102/3256/3821
f 3102/3256/3822 3127/3238/3822 1780/3239/3822
f 1354/3247/3823 3129/3257/3823 1355/3258/3823
f 3130/3242/3824 3146/3259/3824 3129/3240/3824
f 3068/8/3825 3123/3260/3825 14/9/3825
f 3121/3228/3826 1411/3261/3826 3122/3229/3826
f 3141/3262/3827 3140/3263/3827 3092/3198/3827
f 3100/3215/3828 3106/3214/3828 3141/3262/3828
f 3138/3264/3829 3131/3233/3829 3116/3252/3829
f 3133/3243/3830 3143/3265/3830 3083/3161/3830
f 1380/1083/3831 3125/3236/3831 1350/1084/3831
f 1370/3210/3832 3120/3266/3832 1354/3247/3832
f 3128/3248/3833 1354/3247/3833 1355/3258/3833
f 1411/3261/3834 2/3267/3834 3122/3229/3834
f 14/9/3835 2/3267/3835 1411/3261/3835
f 3123/3230/3836 3098/3188/3836 297/3251/3836
f 3140/3263/3837 275/3268/3837 3147/3232/3837
f 3092/3198/3838 3100/3215/3838 3141/3262/3838
f 3131/3233/3839 3138/3264/3839 3137/3269/3839
f 3131/3233/3840 3137/3269/3840 3141/3262/3840
f 3138/3264/3841 3116/3252/3841 3142/3270/3841
f 3148/3271/3842 3143/3265/3842 3150/3272/3842
f 3144/3273/3843 3143/3265/3843 3133/3243/3843
f 1767/3253/3844 3126/3246/3844 3134/3255/3844
f 3103/3237/3845 3088/3193/3845 3102/3256/3845
f 3102/3256/3846 3088/3193/3846 3127/3238/3846
f 3123/3274/3847 297/3231/3847 280/3275/3847
f 3141/3262/3848 3106/3214/3848 3131/3233/3848
f 3154/3276/3849 1752/1477/3849 1749/1479/3849
f 3148/3271/3850 3124/3234/3850 3083/3161/3850
f 1350/1084/3851 1346/3277/3851 1381/1082/3851
f 1346/3277/3852 1350/1084/3852 1347/3278/3852
f 3166/3279/3853 3153/3280/3853 3141/3262/3853
f 3142/3270/3854 3132/1488/3854 3154/3276/3854
f 3148/3271/3855 3083/3161/3855 3143/3265/3855
f 1350/1084/3856 3125/3236/3856 1767/3281/3856
f 3156/3282/3857 1350/1084/3857 3135/3283/3857
f 3138/3264/3858 3151/3284/3858 3137/3269/3858
f 3143/3265/3859 3159/3285/3859 3150/3272/3859
f 3143/3265/3860 3160/3286/3860 3159/3285/3860
f 3144/3273/3861 3160/3286/3861 3143/3265/3861
f 3160/3287/3862 3144/3288/3862 3155/3289/3862
f 275/203/3863 3156/3290/3863 281/204/3863
f 3153/3280/3864 3156/3282/3864 3140/3263/3864
f 1350/1084/3865 1767/3281/3865 3135/3283/3865
f 3141/3262/3866 3153/3280/3866 3140/3263/3866
f 3137/3269/3867 3166/3279/3867 3141/3262/3867
f 3149/1472/3868 3150/3272/3868 3167/1464/3868
f 3165/3291/3869 3159/3292/3869 3160/3287/3869
f 3153/3280/3870 1347/3278/3870 1350/1084/3870
f 3153/3280/3871 1350/1084/3871 3156/3282/3871
f 2969/3293/3872 1934/39/3872 2574/2685/3872
f 3162/3294/3873 3166/3279/3873 3151/3284/3873
f 1749/1479/3874 3138/3264/3874 3154/3276/3874
f 3157/1478/3875 1752/1477/3875 3149/1472/3875
f 3149/1472/3876 1740/1471/3876 3157/1478/3876
f 3137/3269/3877 3151/3284/3877 3166/3279/3877
f 3161/3295/3878 3150/3272/3878 3159/3285/3878
f 3161/3295/3879 3159/3285/3879 3164/3296/3879
f 1344/3297/3880 1259/3298/3880 3163/3299/3880
f 3171/3300/3881 3166/3279/3881 3170/3301/3881
f 3169/3302/3882 3153/3280/3882 3166/3279/3882
f 1739/3303/3883 3162/3294/3883 3152/3304/3883
f 1749/1479/3884 3158/3305/3884 3152/3304/3884
f 3158/3305/3885 3157/1478/3885 1740/1471/3885
f 3173/3306/3886 3174/3307/3886 1740/1471/3886
f 1743/1463/3887 3176/1465/3887 1740/1471/3887
f 3161/3295/3888 3164/3296/3888 3163/3299/3888
f 3170/3301/3889 3166/3279/3889 3162/3294/3889
f 3170/3301/3890 3162/3294/3890 1739/3303/3890
f 3174/3307/3891 3158/3305/3891 1740/1471/3891
f 3173/3306/3892 1740/1471/3892 3176/1465/3892
f 3176/1465/3893 3167/1464/3893 3168/3308/3893
f 3163/3299/3894 3164/3296/3894 1344/3297/3894
f 3170/3301/3895 3178/3309/3895 3179/3310/3895
f 1739/3303/3896 3180/3311/3896 3178/3309/3896
f 3175/3312/3897 3173/3306/3897 3176/1465/3897
f 3177/3313/3898 3168/3308/3898 3163/3299/3898
f 3177/3313/3899 3163/3299/3899 1259/3298/3899
f 3178/3309/3900 3170/3301/3900 1739/3303/3900
f 1738/3314/3901 1739/3303/3901 3158/3305/3901
f 3174/3307/3902 3173/3306/3902 3183/3315/3902
f 3176/1465/3903 3184/3316/3903 3175/3312/3903
f 3184/3316/3904 3185/3317/3904 3175/3312/3904
f 3168/3308/3905 3184/3316/3905 3176/1465/3905
f 1259/3298/3906 3181/3318/3906 3177/3313/3906
f 3178/3309/3907 3180/3311/3907 3188/3319/3907
f 1739/3303/3908 1738/3314/3908 3180/3311/3908
f 3183/3315/3909 3189/3320/3909 3180/3311/3909
f 3183/3315/3910 3173/3306/3910 3175/3312/3910
f 3186/3321/3911 1253/977/3911 1259/3298/3911
f 1252/975/3912 1253/977/3912 3186/3321/3912
f 3182/3322/3913 1250/3323/3913 3190/3324/3913
f 3182/3322/3914 3190/3324/3914 3187/3325/3914
f 3189/3320/3915 3188/3319/3915 3180/3311/3915
f 3181/3318/3916 3197/3326/3916 3184/3316/3916
f 1253/977/3917 3181/3318/3917 1259/3298/3917
f 3191/3327/3918 1250/3323/3918 3182/3322/3918
f 3182/3322/3919 3187/3325/3919 3188/3319/3919
f 3188/3319/3920 3194/3328/3920 3182/3322/3920
f 3175/3312/3921 3185/3317/3921 3183/3315/3921
f 3189/3320/3922 3194/3328/3922 3188/3319/3922
f 3180/3311/3923 1738/3314/3923 3183/3315/3923
f 1250/3323/3924 3191/3327/3924 1230/3329/3924
f 3192/3330/3925 3194/3328/3925 3189/3320/3925
f 3211/3331/3926 3203/3332/3926 1230/3333/3926
f 3203/3334/3927 1997/3335/3927 1229/3336/3927
f 1230/3333/3928 1229/3337/3928 1250/3338/3928
f 3191/3339/3929 3204/3340/3929 1230/3333/3929
f 3647/3341/3930 2928/3014/3930 2995/3013/3930
f 1228/976/3931 1226/3342/3931 1253/977/3931
f 1997/3335/3932 3205/1767/3932 1996/1769/3932
f 3193/3343/3933 3198/3344/3933 3194/3328/3933
f 3197/3326/3934 3201/3345/3934 3185/3317/3934
f 3185/3317/3935 3184/3316/3935 3197/3326/3935
f 1253/977/3936 1226/3342/3936 3202/3346/3936
f 3191/3327/3937 3194/3328/3937 3198/3344/3937
f 3193/3343/3938 3185/3317/3938 3201/3345/3938
f 3202/3346/3939 3181/3318/3939 1253/977/3939
f 3205/3347/3940 1997/3348/3940 3203/3332/3940
f 3203/3332/3941 1229/3337/3941 1230/3333/3941
f 3204/3340/3942 3206/3349/3942 1230/3333/3942
f 3201/3345/3943 3198/3344/3943 3193/3343/3943
f 3197/3326/3944 3199/3350/3944 3201/3345/3944
f 1227/3351/3945 1223/3352/3945 1226/3342/3945
f 1222/969/3946 1223/970/3946 1227/3353/3946
f 1208/1766/3947 3209/3354/3947 1996/1769/3947
f 3208/3355/3948 3204/3356/3948 3191/3327/3948
f 3208/3355/3949 3198/3344/3949 3201/3345/3949
f 3200/3357/3950 3208/3355/3950 3201/3345/3950
f 1223/3352/3951 3202/3346/3951 1226/3342/3951
f 3200/3357/3952 3201/3345/3952 3199/3350/3952
f 1208/1766/3953 3213/3358/3953 3209/3354/3953
f 3205/3347/3954 3203/3332/3954 3211/3331/3954
f 3384/3359/3955 3216/3360/3955 2661/2572/3955
f 3212/3361/3956 3206/3349/3956 3204/3340/3956
f 3208/3355/3957 3200/3357/3957 3204/3356/3957
f 3214/3362/3958 3199/3350/3958 3197/3326/3958
f 3202/3346/3959 3218/3363/3959 3207/3364/3959
f 3202/3346/3960 1223/3352/3960 1489/3365/3960
f 1208/1766/3961 3221/3366/3961 1209/3367/3961
f 3215/3368/3962 1994/1768/3962 3205/1767/3962
f 3211/3331/3963 3210/3369/3963 3217/1765/3963
f 3211/3331/3964 1230/3333/3964 3206/3349/3964
f 3200/3357/3965 3199/3350/3965 3225/3370/3965
f 1210/3371/3966 1489/3365/3966 1223/3352/3966
f 3220/3372/3967 1489/3373/3967 1210/953/3967
f 3223/3374/3968 1489/3373/3968 3220/3372/3968
f 207/158/3969 206/3375/3969 110/82/3969
f 3221/3366/3970 1208/1766/3970 1994/1768/3970
f 3225/3370/3971 3204/3356/3971 3200/3357/3971
f 3199/3350/3972 3226/3376/3972 3225/3370/3972
f 3214/3362/3973 3197/3326/3973 3207/3364/3973
f 3384/3359/3974 2661/2572/3974 3227/3377/3974
f 3218/3363/3975 3202/3346/3975 3219/3378/3975
f 1489/3365/3976 3219/3378/3976 3202/3346/3976
f 1994/1768/3977 3228/3379/3977 3221/3366/3977
f 3222/3380/3978 3199/3350/3978 3214/3362/3978
f 3226/3376/3979 3199/3350/3979 3222/3380/3979
f 3230/942/3980 3011/3037/3980 3015/3041/3980
f 1478/3381/3981 3231/3382/3981 1477/3383/3981
f 1994/1768/3982 3215/3368/3982 1993/3384/3982
f 3215/3385/3983 3205/3347/3983 3217/1765/3983
f 3210/3369/3984 3211/3331/3984 3206/3349/3984
f 3229/3386/3985 3212/3361/3985 3204/3340/3985
f 3204/3340/3986 3225/3387/3986 3229/3386/3986
f 1489/3365/3987 3223/3388/3987 3224/3389/3987
f 1478/3390/3988 3224/3389/3988 3231/3391/3988
f 1994/1768/3989 1993/3384/3989 3234/3392/3989
f 3247/3393/3990 3235/3394/3990 3212/3361/3990
f 3229/3386/3991 3225/3387/3991 3226/3395/3991
f 3224/3389/3992 3219/3378/3992 1489/3365/3992
f 1478/3390/3993 3219/3378/3993 3224/3389/3993
f 3217/1765/3994 1993/3396/3994 3215/3385/3994
f 3217/1765/3995 3210/3369/3995 1730/3397/3995
f 3212/3361/3996 3229/3386/3996 3236/3398/3996
f 3214/3362/3997 3218/3363/3997 3233/3399/3997
f 3232/2715/3998 2631/2527/3998 2632/2528/3998
f 3234/3392/3999 3239/3400/3999 3237/3401/3999
f 1993/3384/4000 3239/3400/4000 3234/3392/4000
f 3235/3394/4001 3206/3349/4001 3212/3361/4001
f 3222/3380/4002 3240/3402/4002 3226/3376/4002
f 3222/3380/4003 3214/3362/4003 3233/3399/4003
f 3242/3403/4004 3238/3404/4004 1478/3390/4004
f 3236/3398/4005 3247/3393/4005 3212/3361/4005
f 3226/3376/4006 3236/3405/4006 3229/3406/4006
f 3233/3399/4007 3240/3402/4007 3222/3380/4007
f 3239/3400/4008 3243/3407/4008 3237/3401/4008
f 3240/3402/4009 3236/3405/4009 3226/3376/4009
f 3241/3408/4010 3233/3399/4010 3218/3363/4010
f 3238/3404/4011 3244/3409/4011 1478/3390/4011
f 3237/3401/4012 3243/3407/4012 3245/3410/4012
f 3241/3408/4013 3218/3363/4013 3219/3378/4013
f 3244/3409/4014 3219/3378/4014 1478/3390/4014
f 3243/3407/4015 3239/3400/4015 1993/3384/4015
f 3136/3250/4016 3246/65/4016 56/55/4016
f 3243/3407/4017 3249/3411/4017 3245/3410/4017
f 1993/3384/4018 3217/3412/4018 1990/3413/4018
f 3246/65/4019 3136/3250/4019 95/63/4019
f 1990/3414/4020 1988/3415/4020 3243/3407/4020
f 1990/3414/4021 3243/3407/4021 1993/3384/4021
f 1730/3397/4022 1991/1763/4022 3217/1765/4022
f 3247/3393/4023 3236/3398/4023 3250/3416/4023
f 3240/3402/4024 3233/3399/4024 3255/3417/4024
f 3219/3378/4025 3244/3409/4025 3251/3418/4025
f 3244/3409/4026 3252/3419/4026 3251/3418/4026
f 3253/3420/4027 3829/3421/4027 3249/3411/4027
f 3243/3407/4028 3253/3420/4028 3249/3411/4028
f 1988/3415/4029 3253/3420/4029 3243/3407/4029
f 1730/3397/4030 3254/1761/4030 1991/1763/4030
f 3240/3422/4031 3250/3416/4031 3236/3398/4031
f 3252/3419/4032 3264/3423/4032 3251/3418/4032
f 1991/1763/4033 1989/3424/4033 1990/1764/4033
f 3235/3394/4034 3248/3425/4034 3210/3369/4034
f 3251/3418/4035 3259/3426/4035 3241/3408/4035
f 1449/3427/4036 1433/3428/4036 3252/3419/4036
f 3258/3429/4037 1433/3430/4037 1449/3431/4037
f 3257/3432/4038 3248/3425/4038 3235/3394/4038
f 95/63/4039 3031/3060/4039 3041/3433/4039
f 3241/3408/4040 3219/3378/4040 3251/3418/4040
f 3252/3419/4041 1433/3428/4041 3264/3423/4041
f 3254/1761/4042 1730/3397/4042 3248/3425/4042
f 3235/3394/4043 3250/3416/4043 3257/3432/4043
f 3260/3434/4044 1988/3415/4044 3262/3435/4044
f 1990/3414/4045 1989/3436/4045 1988/3415/4045
f 3255/3437/4046 3263/3438/4046 3240/3422/4046
f 3255/3417/4047 3233/3399/4047 3241/3408/4047
f 3259/3426/4048 3255/3417/4048 3241/3408/4048
f 3262/3435/4049 1988/3415/4049 3266/3439/4049
f 3259/3426/4050 3251/3418/4050 3264/3423/4050
f 3261/3440/4051 3265/3441/4051 1433/3428/4051
f 3262/3435/4052 3266/3439/4052 3267/3442/4052
f 1986/1443/4053 3254/1761/4053 3257/3432/4053
f 3248/3425/4054 3257/3432/4054 3254/1761/4054
f 3268/3443/4055 3267/3442/4055 3266/3439/4055
f 1988/3415/4056 1989/3436/4056 3266/3439/4056
f 3266/3439/4057 1980/3444/4057 3271/3445/4057
f 1989/3424/4058 1983/3446/4058 3270/1755/4058
f 1981/1757/4059 3270/1755/4059 1983/3446/4059
f 1983/3446/4060 1986/1443/4060 1985/1445/4060
f 3256/1444/4061 1986/1443/4061 3257/3432/4061
f 3255/3437/4062 3259/3447/4062 3269/3448/4062
f 3275/3449/4063 3264/3423/4063 1433/3428/4063
f 3267/3442/4064 3271/3445/4064 3272/3450/4064
f 3268/3443/4065 3271/3445/4065 3267/3442/4065
f 3271/3445/4066 3268/3443/4066 3266/3439/4066
f 3270/3451/4067 3266/3439/4067 1989/3436/4067
f 1983/3446/4068 1989/3424/4068 1987/1762/4068
f 1985/1445/4069 1982/1759/4069 1983/3446/4069
f 3259/3426/4070 3264/3423/4070 3275/3449/4070
f 3263/3438/4071 3278/3452/4071 3277/3453/4071
f 3269/3448/4072 3278/3452/4072 3255/3437/4072
f 3276/3454/4073 3271/3445/4073 1980/3444/4073
f 1980/3444/4074 3270/3451/4074 3276/3454/4074
f 1982/1759/4075 1985/1445/4075 3256/1444/4075
f 3273/3455/4076 3256/1444/4076 3274/3456/4076
f 3271/3445/4077 3279/3457/4077 3272/3450/4077
f 3271/3445/4078 3280/3458/4078 3279/3457/4078
f 3271/3445/4079 3276/3454/4079 3280/3458/4079
f 3266/3439/4080 3270/3451/4080 1980/3444/4080
f 1978/1751/4081 3276/3454/4081 3270/3451/4081
f 1981/1757/4082 1983/3446/4082 1982/1759/4082
f 3274/3456/4083 3256/1444/4083 3250/3416/4083
f 3273/3455/4084 3274/3456/4084 3281/196/4084
f 3269/3459/4085 3259/3460/4085 3275/3461/4085
f 3265/3441/4086 988/3462/4086 3275/3449/4086
f 1433/3428/4087 3265/3441/4087 3275/3449/4087
f 3273/3455/4088 1982/1759/4088 3256/1444/4088
f 3269/3448/4089 3282/3463/4089 3278/3452/4089
f 3275/3464/4090 988/3465/4090 3283/3466/4090
f 1930/1711/4091 2646/2735/4091 2501/2467/4091
f 3279/3457/4092 3286/3467/4092 3285/3468/4092
f 3280/3458/4093 3286/3467/4093 3279/3457/4093
f 1978/1751/4094 3280/3458/4094 3276/3454/4094
f 3290/3469/4095 3284/3470/4095 3269/3471/4095
f 3288/3472/4096 988/3465/4096 986/3473/4096
f 1977/1752/4097 1976/1748/4097 3295/1753/4097
f 3270/1755/4098 1981/1757/4098 1977/1756/4098
f 1984/1760/4099 1982/1759/4099 3273/3455/4099
f 3275/3449/4100 3283/3474/4100 3290/3475/4100
f 3288/3472/4101 3283/3466/4101 988/3465/4101
f 1979/3476/4102 1976/1748/4102 1977/1752/4102
f 3281/196/4103 1984/1760/4103 3273/3455/4103
f 3292/3477/4104 3283/3466/4104 3288/3472/4104
f 3280/3458/4105 3293/3478/4105 3286/3467/4105
f 3295/1753/4106 3280/3458/4106 1978/1751/4106
f 3280/3458/4107 3295/1753/4107 3293/3478/4107
f 1984/1760/4108 261/195/4108 1981/1757/4108
f 3290/3469/4109 3269/3459/4109 3275/3461/4109
f 3286/3467/4110 3293/3478/4110 3296/3479/4110
f 3293/3478/4111 3300/3480/4111 3296/3479/4111
f 1979/3476/4112 1973/1749/4112 1976/1748/4112
f 3291/3481/4113 1717/1429/4113 3287/3482/4113
f 3292/3477/4114 3299/3483/4114 3283/3466/4114
f 3295/1753/4115 1974/1750/4115 3293/3478/4115
f 1976/1748/4116 1974/1750/4116 3295/1753/4116
f 1973/1749/4117 982/1745/4117 1974/1750/4117
f 1973/3484/4118 1979/1758/4118 1975/3485/4118
f 1984/1760/4119 3281/196/4119 261/195/4119
f 3299/3483/4120 3298/3486/4120 3283/3466/4120
f 1979/1758/4121 1981/1757/4121 261/195/4121
f 3305/3487/4122 3230/942/4122 3015/3041/4122
f 3281/196/4123 3289/3488/4123 1717/1429/4123
f 3291/3481/4124 3282/3463/4124 3306/3489/4124
f 3298/3490/4125 3290/3475/4125 3283/3474/4125
f 3299/3483/4126 1333/3491/4126 3298/3486/4126
f 1333/3491/4127 3299/3483/4127 3303/3492/4127
f 1979/1758/4128 261/195/4128 1975/3485/4128
f 1717/1429/4129 3301/194/4129 3281/196/4129
f 3294/3493/4130 3302/3494/4130 3290/3475/4130
f 1333/3491/4131 3312/3495/4131 3298/3486/4131
f 3307/3496/4132 3293/3478/4132 3304/3497/4132
f 3293/3478/4133 1974/1750/4133 3304/3497/4133
f 3297/3498/4134 261/195/4134 3301/194/4134
f 3290/3475/4135 3298/3490/4135 3294/3493/4135
f 3308/3499/4136 3307/3500/4136 3304/3501/4136
f 1974/1750/4137 3318/3502/4137 3309/3503/4137
f 1974/1750/4138 982/1745/4138 3318/3502/4138
f 787/1746/4139 982/1745/4139 1975/3504/4139
f 3297/3498/4140 1975/3485/4140 261/195/4140
f 250/1430/4141 249/3505/4141 3301/194/4141
f 3304/3497/4142 3309/3503/4142 3308/3506/4142
f 3304/3497/4143 1974/1750/4143 3309/3503/4143
f 1975/3485/4144 3297/3498/4144 787/3507/4144
f 3302/3494/4145 3294/3493/4145 3311/3508/4145
f 3312/3495/4146 1333/3491/4146 3313/3509/4146
f 141/1377/4147 39/36/4147 69/2/4147
f 3314/3510/4148 3315/3511/4148 3316/3512/4148
f 3297/3513/4149 3325/3514/4149 787/3507/4149
f 3322/3515/4150 3320/3516/4150 3321/3517/4150
f 3316/3512/4151 3315/3511/4151 3323/3518/4151
f 3316/3512/4152 3317/3519/4152 3314/3510/4152
f 3314/3510/4153 3317/3519/4153 3308/3506/4153
f 3309/3503/4154 3314/3510/4154 3308/3506/4154
f 3318/3502/4155 3314/3510/4155 3309/3503/4155
f 3318/3502/4156 982/1745/4156 3324/3520/4156
f 3291/3481/4157 3306/3489/4157 3310/3521/4157
f 3320/3516/4158 3312/3495/4158 3313/3509/4158
f 3326/3522/4159 3320/3516/4159 3322/3515/4159
f 3327/1747/4160 787/1746/4160 1331/3523/4160
f 3325/3514/4161 1331/3524/4161 787/3507/4161
f 3325/3525/4162 1972/3526/4162 1331/3527/4162
f 3302/3528/4163 3311/3529/4163 3319/3530/4163
f 3298/3490/4164 3312/3531/4164 3294/3493/4164
f 3320/3516/4165 3326/3522/4165 3312/3495/4165
f 3318/3502/4166 3328/3532/4166 3314/3510/4166
f 3327/1747/4167 3324/3520/4167 982/1745/4167
f 250/1430/4168 3330/3533/4168 249/3505/4168
f 3326/3522/4169 3331/3534/4169 3312/3495/4169
f 3315/3511/4170 3333/3535/4170 3323/3536/4170
f 3314/3510/4171 3328/3532/4171 3315/3511/4171
f 3324/3520/4172 3329/3537/4172 3318/3502/4172
f 3325/3525/4173 249/3538/4173 3344/3539/4173
f 3326/3522/4174 3332/3540/4174 3331/3534/4174
f 3315/3511/4175 3328/3532/4175 3333/3535/4175
f 3328/3532/4176 3318/3502/4176 3329/3537/4176
f 3327/1747/4177 3329/3537/4177 3324/3520/4177
f 3339/3541/4178 250/1430/4178 3310/3521/4178
f 3338/3542/4179 250/1430/4179 3339/3541/4179
f 3331/3534/4174 3332/3540/4174 3335/3543/4174
f 3328/3532/4180 3341/3544/4180 3333/3535/4180
f 1972/3526/4181 3325/3525/4181 3344/3539/4181
f 1325/3545/4182 3332/3540/4182 3336/3546/4182
f 1603/3547/4183 1322/1279/4183 966/1052/4183
f 3333/3548/4184 3340/1057/4184 3337/3549/4184
f 3329/3537/4185 3341/3544/4185 3328/3532/4185
f 3339/3541/4186 3346/3550/4186 3338/3542/4186
f 3310/3521/4187 3334/3551/4187 3339/3541/4187
f 3334/3551/4188 3310/3521/4188 3306/3489/4188
f 3347/3552/4189 3311/3508/4189 3294/3493/4189
f 3341/3544/4190 3342/3553/4190 1321/3554/4190
f 3341/3544/4191 3329/3537/4191 3343/3555/4191
f 3327/1747/4192 3343/3555/4192 3329/3537/4192
f 3347/3552/4193 3294/3493/4193 3312/3531/4193
f 3347/3552/4194 3312/3531/4194 3331/3556/4194
f 3332/3540/4195 1325/3545/4195 3335/3543/4195
f 3333/3548/4196 1323/1058/4196 3340/1057/4196
f 3341/3544/4197 1323/3557/4197 3333/3535/4197
f 3343/3555/4198 3342/3553/4198 3341/3544/4198
f 249/3538/4199 3349/3558/4199 3344/3539/4199
f 1323/3557/4200 3341/3544/4200 1321/3554/4200
f 3349/3558/4201 249/3538/4201 3330/3559/4201
f 3311/3508/4202 3347/3552/4202 3365/3560/4202
f 3331/3556/4203 3335/3561/4203 3350/3562/4203
f 3350/3562/4204 3347/3552/4204 3331/3556/4204
f 3353/3563/4205 1278/3564/4205 1325/3545/4205
f 1972/3526/4206 3344/3539/4206 3352/3565/4206
f 3365/3566/4207 3319/3530/4207 3311/3529/4207
f 3354/3567/4208 1323/3557/4208 1321/3554/4208
f 3362/3568/4209 3342/3553/4209 3343/3555/4209
f 3327/1747/4210 3352/3569/4210 3355/3570/4210
f 3358/3571/4211 3352/3565/4211 3344/3539/4211
f 3356/3572/4212 3349/3558/4212 3330/3559/4212
f 3319/3530/4213 3365/3566/4213 3359/3573/4213
f 3335/3543/4214 3360/3574/4214 3350/3575/4214
f 1325/3545/4215 3360/3574/4215 3335/3543/4215
f 1325/3545/4216 1278/3564/4216 3360/3574/4216
f 3738/3576/4217 2730/2830/4217 3438/3577/4217
f 3355/3570/4218 3362/3568/4218 3343/3555/4218
f 3344/3539/4219 3349/3558/4219 3358/3571/4219
f 1422/3578/4220 2730/2830/4220 2722/2821/4220
f 3362/3568/4221 1321/3554/4221 3342/3553/4221
f 3355/3570/4222 3366/3579/4222 3362/3568/4222
f 3356/3572/4223 3358/3571/4223 3349/3558/4223
f 3357/3580/4224 3356/3572/4224 3330/3559/4224
f 3319/3530/4225 3334/3581/4225 3306/3582/4225
f 1278/3564/4226 1267/974/4226 3360/3574/4226
f 1265/997/4227 1267/974/4227 1278/3564/4227
f 295/498/4228 633/499/4228 474/529/4228
f 3355/3570/4229 3352/3569/4229 3363/3583/4229
f 1321/3554/4230 1260/3584/4230 3354/3567/4230
f 1321/3554/4231 3362/3568/4231 1260/3584/4231
f 3369/3585/4232 3368/3586/4232 3370/3587/4232
f 3359/3573/4233 3334/3581/4233 3319/3530/4233
f 3350/3562/4234 3360/3588/4234 3347/3552/4234
f 3372/3589/4235 1260/3584/4235 3362/3568/4235
f 3363/3590/4236 3352/3565/4236 3358/3571/4236
f 3356/3572/4237 3374/3591/4237 3358/3571/4237
f 3360/3574/4238 1267/974/4238 3361/973/4238
f 3376/3592/4239 3372/3589/4239 3375/3593/4239
f 3373/3594/4240 3355/3595/4240 3377/3596/4240
f 3363/3590/4241 3377/3596/4241 3355/3595/4241
f 3377/3596/4242 3363/3590/4242 3358/3571/4242
f 3358/3571/4243 3374/3591/4243 3377/3596/4243
f 3347/3552/4244 3360/3588/4244 3367/3597/4244
f 3372/3589/4245 3380/3598/4245 3375/3593/4245
f 3374/3591/4246 3390/3599/4246 3377/3596/4246
f 3379/3600/4247 3378/3601/4247 3346/3550/4247
f 3346/3550/4248 3334/3551/4248 3386/3602/4248
f 3360/3588/4249 3361/3603/4249 3367/3597/4249
f 3366/3579/4250 3372/3589/4250 3362/3568/4250
f 3384/3359/4251 3385/3604/4251 3216/3360/4251
f 3378/3601/4252 3357/3605/4252 3346/3550/4252
f 3373/3606/4253 3366/3579/4253 3355/3570/4253
f 3390/3599/4254 3357/3580/4254 3383/3607/4254
f 3390/3599/4255 3374/3591/4255 3357/3580/4255
f 3359/3608/4256 3386/3602/4256 3334/3551/4256
f 3380/3598/4257 3388/3609/4257 3387/3610/4257
f 3372/3589/4258 3388/3609/4258 3380/3598/4258
f 3382/3611/4259 3372/3589/4259 3366/3579/4259
f 3391/3612/4260 3383/3613/4260 3357/3605/4260
f 3386/3602/4261 3379/3600/4261 3346/3550/4261
f 1200/3614/4262 3381/3615/4262 3367/3597/4262
f 3372/3589/4263 3382/3611/4263 3388/3609/4263
f 3389/3616/4264 3382/3611/4264 3366/3579/4264
f 3377/3596/4265 3393/3617/4265 3373/3594/4265
f 3227/3377/4266 3394/3618/4266 3384/3359/4266
f 3359/3573/4267 3365/3566/4267 3392/3619/4267
f 3381/3615/4268 3365/3620/4268 3367/3597/4268
f 3361/973/4269 1224/972/4269 3367/3621/4269
f 3387/3610/4270 3388/3609/4270 3396/3622/4270
f 3373/3606/4271 3397/3623/4271 3366/3579/4271
f 3381/3624/4272 3392/3619/4272 3365/3566/4272
f 3395/3625/4273 3398/3626/4273 1224/972/4273
f 3397/3623/4274 3389/3616/4274 3366/3579/4274
f 3398/3626/4275 1195/3627/4275 1200/3628/4275
f 3388/3609/4276 3400/3629/4276 3396/3622/4276
f 3388/3609/4277 3382/3611/4277 3400/3629/4277
f 3383/3613/4278 3391/3612/4278 3399/3630/4278
f 3391/3612/4279 3378/3601/4279 3379/3600/4279
f 1200/3614/4280 3367/3597/4280 1224/3631/4280
f 3397/3623/4281 3373/3606/4281 3393/3632/4281
f 3393/3617/4282 3390/3599/4282 3406/3633/4282
f 3377/3596/4283 3390/3599/4283 3393/3617/4283
f 3386/3634/4284 3359/3573/4284 3402/3635/4284
f 3381/3624/4285 3422/3636/4285 3392/3619/4285
f 3400/3629/4286 3403/3637/4286 3401/3638/4286
f 3382/3611/4287 3404/3639/4287 3400/3629/4287
f 3389/3616/4288 3405/3640/4288 3382/3611/4288
f 1200/3641/4289 1195/3642/4289 1196/3643/4289
f 3408/3644/4290 3403/3637/4290 1610/3645/4290
f 3400/3629/4291 1610/3645/4291 3403/3637/4291
f 3404/3639/4292 1610/3645/4292 3400/3629/4292
f 3405/3640/4293 3404/3639/4293 3382/3611/4293
f 3399/3646/4294 3390/3599/4294 3383/3607/4294
f 3391/3612/4295 3407/3647/4295 3399/3630/4295
f 56/55/4296 134/102/4296 3015/3041/4296
f 1200/3614/4297 1196/3648/4297 3381/3615/4297
f 3391/3612/4298 3379/3600/4298 3409/3649/4298
f 3422/3636/4299 3381/3624/4299 1190/3650/4299
f 1196/3643/4300 1190/3650/4300 3381/3624/4300
f 3399/3646/4301 3406/3633/4301 3390/3599/4301
f 3409/3649/4302 3379/3600/4302 3411/3651/4302
f 3386/3602/4303 3412/3652/4303 3379/3600/4303
f 3386/3602/4304 3402/3653/4304 3412/3652/4304
f 913/960/4305 1594/1581/4305 914/3654/4305
f 1611/3655/4306 3404/3639/4306 3413/3656/4306
f 3404/3639/4307 1611/3655/4307 1610/3645/4307
f 3405/3640/4308 3413/3656/4308 3404/3639/4308
f 3246/65/4309 3410/3657/4309 56/55/4309
f 3379/3600/4310 3412/3652/4310 3411/3651/4310
f 3422/3636/4311 1190/3650/4311 1186/3658/4311
f 933/761/4312 938/760/4312 1272/1246/4312
f 1611/3655/4313 3413/3656/4313 3418/3659/4313
f 3393/3632/4314 3420/3660/4314 3397/3623/4314
f 3409/3649/4315 3407/3647/4315 3391/3612/4315
f 1186/3658/4316 3421/3661/4316 3422/3636/4316
f 3397/3623/4317 3405/3640/4317 3389/3616/4317
f 3412/3652/4318 3402/3653/4318 3414/3662/4318
f 948/766/4319 937/1003/4319 938/767/4319
f 1602/762/4320 951/3663/4320 938/760/4320
f 2440/2484/4321 2840/3189/4321 732/551/4321
f 3418/3659/4322 1587/3664/4322 3423/3665/4322
f 3405/3640/4323 1587/3664/4323 3418/3659/4323
f 3418/3659/4324 3413/3656/4324 3405/3640/4324
f 3406/3633/4325 3420/3666/4325 3393/3617/4325
f 3422/3636/4326 3414/3667/4326 3402/3635/4326
f 2840/3189/4327 742/3668/4327 732/551/4327
f 2840/3669/4328 3101/3670/4328 742/824/4328
f 3406/3633/4329 3425/3671/4329 3420/3666/4329
f 3399/3646/4330 3407/3672/4330 3425/3671/4330
f 3409/3649/4331 3433/3673/4331 3407/3647/4331
f 3411/3651/4332 3426/3674/4332 3409/3649/4332
f 3412/3652/4333 3426/3674/4333 3411/3651/4333
f 3422/3636/4334 3421/3661/4334 1574/3675/4334
f 1587/3664/4335 1586/3676/4335 3423/3665/4335
f 3419/3677/4336 1587/3664/4336 3405/3640/4336
f 3405/3640/4337 3397/3623/4337 3419/3677/4337
f 3406/3633/4338 3399/3646/4338 3425/3671/4338
f 3433/3673/4339 3409/3649/4339 3426/3674/4339
f 3412/3652/4340 3427/3678/4340 3426/3674/4340
f 3422/3636/4341 1574/3675/4341 3427/3679/4341
f 764/3219/4342 2862/568/4342 2740/2681/4342
f 3428/3680/4343 3429/3681/4343 3431/3682/4343
f 3431/3682/4344 3429/3681/4344 3432/3683/4344
f 1587/3664/4345 1582/3684/4345 1586/3676/4345
f 3425/3671/4346 3435/3685/4346 3434/3686/4346
f 3436/3687/4347 3425/3671/4347 3407/3688/4347
f 3426/3674/4348 3440/3689/4348 3433/3673/4348
f 3430/3690/4349 3431/3682/4349 3437/3691/4349
f 1587/3664/4350 3419/3677/4350 1582/3684/4350
f 3438/3692/4351 1422/3578/4351 1530/3693/4351
f 3440/3694/4352 3444/3695/4352 3439/3696/4352
f 3427/3679/4353 3414/3667/4353 3422/3636/4353
f 1574/3675/4354 3421/3661/4354 1593/3697/4354
f 1593/3697/4355 1575/3698/4355 1574/3675/4355
f 59/590/4356 2740/2681/4356 2608/2487/4356
f 3431/3682/4357 3441/3699/4357 3437/3691/4357
f 1968/1740/4358 1966/1743/4358 1965/1741/4358
f 274/571/4359 273/185/4359 272/211/4359
f 3449/3700/4360 3441/3699/4360 3432/3683/4360
f 1583/3701/4361 1568/3702/4361 1582/3703/4361
f 1582/3684/4362 3419/3677/4362 1583/3704/4362
f 3420/3666/4363 1583/3701/4363 3419/3705/4363
f 3436/3687/4364 3435/3685/4364 3425/3671/4364
f 3436/3687/4365 3433/3706/4365 3442/3707/4365
f 3440/3689/4366 3446/3708/4366 3443/3709/4366
f 969/793/4367 965/795/4367 1129/946/4367
f 3437/3691/4368 3441/3699/4368 3447/3710/4368
f 3441/3699/4369 3431/3682/4369 3432/3683/4369
f 3448/3711/4370 197/145/4370 3449/3700/4370
f 3432/3683/4371 3429/3681/4371 1967/1742/4371
f 1568/3702/4372 3450/3712/4372 1582/3703/4372
f 3435/3685/4373 3453/3713/4373 3451/3714/4373
f 3451/3714/4374 3434/3686/4374 3435/3685/4374
f 3442/3707/4375 3435/3685/4375 3436/3687/4375
f 3439/3696/4376 3442/3707/4376 3433/3706/4376
f 3447/3710/4377 3441/3699/4377 3452/3715/4377
f 3432/3683/4378 1967/1742/4378 3449/3700/4378
f 1967/1742/4379 1965/1741/4379 3449/3700/4379
f 1582/3684/4380 3450/3716/4380 1586/3676/4380
f 3451/3714/4381 1568/3702/4381 3434/3686/4381
f 1568/3702/4382 1583/3701/4382 3434/3686/4382
f 3442/3707/4383 3454/3717/4383 3435/3685/4383
f 3443/3709/4384 3444/3718/4384 3440/3689/4384
f 3456/3719/4385 3427/3679/4385 1574/3675/4385
f 1561/3720/4386 1574/3721/4386 1575/3722/4386
f 1562/3723/4387 1574/3721/4387 1561/3720/4387
f 3441/3699/4388 3449/3700/4388 3452/3715/4388
f 3448/3711/4389 1965/1741/4389 1966/1743/4389
f 408/299/4390 801/850/4390 1934/39/4390
f 1568/3702/4391 1558/3724/4391 1557/3725/4391
f 3451/3714/4392 3453/3713/4392 3457/3726/4392
f 3453/3713/4393 3435/3685/4393 3454/3717/4393
f 3442/3707/4394 3466/3727/4394 3454/3717/4394
f 3442/3707/4395 3439/3696/4395 3444/3695/4395
f 3444/3695/4396 3443/3728/4396 3455/3729/4396
f 3440/3689/4397 3427/3678/4397 3456/3730/4397
f 3232/2715/4398 1918/1700/4398 2631/2527/4398
f 3452/3715/4399 3449/3700/4399 196/144/4399
f 3449/3700/4400 197/145/4400 196/144/4400
f 3449/3700/4401 1965/1741/4401 3448/3711/4401
f 3232/2715/4402 2646/2735/4402 44/1701/4402
f 1569/3731/4403 3450/3712/4403 1568/3702/4403
f 1557/3725/4404 1569/3731/4404 1568/3702/4404
f 3440/3689/4405 3456/3730/4405 3446/3708/4405
f 3446/3732/4406 3459/3733/4406 3455/3729/4406
f 1562/3734/4407 3460/3735/4407 3456/3719/4407
f 698/542/4408 679/565/4408 707/1321/4408
f 1558/3724/4409 3461/3736/4409 1557/3725/4409
f 3451/3714/4410 1558/3724/4410 1568/3702/4410
f 3453/3713/4411 3454/3717/4411 3457/3726/4411
f 134/102/4412 3410/3657/4412 3464/3737/4412
f 967/3738/4413 966/1052/4413 969/793/4413
f 578/490/4414 579/409/4414 952/408/4414
f 952/408/4415 1933/1713/4415 3417/780/4415
f 651/489/4416 952/408/4416 3417/780/4416
f 195/143/4417 1963/1739/4417 4132/3739/4417
f 195/143/4418 197/145/4418 3448/3711/4418
f 3451/3714/4419 3465/3740/4419 1558/3724/4419
f 3466/3727/4420 3457/3726/4420 3454/3717/4420
f 3445/3741/4421 3466/3727/4421 3442/3707/4421
f 3456/3719/4422 1574/3675/4422 1562/3734/4422
f 3460/3735/4423 1562/3734/4423 3463/3742/4423
f 1933/1713/4424 729/821/4424 703/781/4424
f 703/781/4425 3417/780/4425 1933/1713/4425
f 4132/3739/4426 196/144/4426 195/143/4426
f 195/1733/4427 1961/3743/4427 1960/1734/4427
f 195/1733/4428 1959/1732/4428 1962/1735/4428
f 195/143/4429 3448/3711/4429 1961/3744/4429
f 1558/3724/4430 3467/3745/4430 3461/3736/4430
f 3465/3740/4431 3451/3714/4431 3457/3726/4431
f 3410/3657/4432 3246/65/4432 3469/3746/4432
f 3487/3747/4433 3455/3729/4433 3488/3748/4433
f 3474/3749/4434 1183/3750/4434 3472/3751/4434
f 740/552/4435 731/911/4435 741/553/4435
f 3101/3670/4436 743/3752/4436 742/824/4436
f 3467/3745/4437 1558/3724/4437 3465/3740/4437
f 3465/3740/4438 220/3753/4438 3467/3745/4438
f 3457/3726/4439 3468/3754/4439 3465/3740/4439
f 3457/3726/4440 3466/3727/4440 3468/3754/4440
f 3462/3755/4441 3468/3754/4441 3466/3727/4441
f 3445/3741/4442 3487/3747/4442 3462/3755/4442
f 3487/3747/4443 3445/3741/4443 3455/3729/4443
f 3478/3756/4444 3470/3757/4444 3460/3735/4444
f 3800/3758/4445 1024/1117/4445 3804/2412/4445
f 3473/3759/4446 3491/3760/4446 3479/3761/4446
f 3491/3760/4447 3473/3759/4447 3475/3762/4447
f 3480/3763/4448 3491/3760/4448 3475/3762/4448
f 3476/3764/4449 3477/3765/4449 1960/1734/4449
f 1960/1734/4450 1961/3743/4450 3476/3764/4450
f 772/589/4451 2740/2681/4451 59/590/4451
f 64/32/4452 61/31/4452 2608/2487/4452
f 3485/3766/4453 1667/1357/4453 3494/1356/4453
f 220/3753/4454 3465/3740/4454 3468/3754/4454
f 3456/3719/4455 3460/3735/4455 3459/3733/4455
f 3460/3735/4456 3470/3757/4456 3471/3767/4456
f 1183/3750/4457 3490/3768/4457 1182/3769/4457
f 3474/3749/4458 3490/3768/4458 1183/3750/4458
f 3496/3770/4459 3490/3768/4459 3479/3761/4459
f 1963/1736/4460 1962/1735/4460 3492/3771/4460
f 3482/3772/4461 3493/3773/4461 3481/3774/4461
f 220/3753/4462 3484/3775/4462 3482/3776/4462
f 3486/3777/4463 3485/3766/4463 220/3753/4463
f 3486/3777/4464 3468/3754/4464 3462/3755/4464
f 3487/3747/4465 210/3778/4465 3462/3755/4465
f 3490/3768/4466 1180/3779/4466 1182/3769/4466
f 3474/3749/4467 3479/3761/4467 3490/3768/4467
f 3479/3761/4468 3491/3760/4468 1672/3780/4468
f 3492/3771/4469 3497/3781/4469 1963/1736/4469
f 3458/3782/4470 409/300/4470 408/299/4470
f 1918/1700/4471 43/354/4471 409/300/4471
f 3481/3774/4472 3493/3773/4472 1258/3783/4472
f 3485/3766/4473 3484/3775/4473 220/3753/4473
f 3488/3748/4474 3459/3733/4474 3489/992/4474
f 3459/3733/4475 3460/3735/4475 3471/3767/4475
f 1180/3779/4476 3490/3768/4476 1181/3784/4476
f 3474/3749/4477 3472/3751/4477 3479/3761/4477
f 1963/1736/4478 3497/3781/4478 3480/3763/4478
f 1962/3785/4479 1315/3786/4479 3498/3787/4479
f 1959/1732/4480 1315/3788/4480 1962/1735/4480
f 95/3789/4481 3576/3790/4481 3345/3791/4481
f 3501/3792/4482 3502/3793/4482 3500/3794/4482
f 3493/3795/4483 3482/3776/4483 3503/3796/4483
f 3495/3797/4484 3503/3796/4484 3482/3776/4484
f 3486/3777/4485 1669/1360/4485 3485/3766/4485
f 3462/3755/4486 210/3778/4486 3486/3777/4486
f 3488/3748/4487 3489/992/4487 1255/991/4487
f 3471/3767/4488 3489/992/4488 3459/3733/4488
f 1672/3780/4489 3496/3770/4489 3479/3761/4489
f 1962/3785/4490 3498/3787/4490 3492/3798/4490
f 3506/3799/4491 3507/3800/4491 1315/3788/4491
f 1959/1732/4492 3506/3799/4492 1315/3788/4492
f 3501/3792/4493 3500/3794/4493 3499/3801/4493
f 3502/3793/4494 1177/3802/4494 3500/3794/4494
f 3493/3795/4495 3503/3796/4495 1258/3803/4495
f 3484/3775/4496 3495/3797/4496 3482/3776/4496
f 3496/3770/4497 1181/3784/4497 3490/3768/4497
f 3507/3800/4498 3506/3799/4498 3508/3804/4498
f 3508/3805/4499 3511/3806/4499 3507/3807/4499
f 3499/3801/4500 3512/3808/4500 3508/3805/4500
f 1258/3803/4501 3503/3796/4501 3483/3809/4501
f 1255/991/4502 3504/3810/4502 3488/3748/4502
f 3489/992/4503 3471/3767/4503 3505/3811/4503
f 1254/990/4504 3489/992/4504 3505/3811/4504
f 3498/3787/4505 1315/3786/4505 3516/3812/4505
f 3516/3812/4506 1315/3786/4506 3507/3807/4506
f 3500/3794/4507 3512/3808/4507 3499/3801/4507
f 1258/3803/4508 3520/3813/4508 1251/3814/4508
f 3520/3813/4509 1258/3803/4509 3483/3809/4509
f 3483/3809/4510 3521/3815/4510 3520/3813/4510
f 3483/3809/4511 3522/3816/4511 3521/3815/4511
f 3486/3777/4512 1666/1361/4512 1669/1360/4512
f 3525/3817/4513 1255/991/4513 1254/990/4513
f 3496/3770/4514 3529/3818/4514 1181/3784/4514
f 3480/3763/4515 3515/3819/4515 3491/3760/4515
f 3492/3771/4516 3537/3820/4516 3497/3781/4516
f 3492/3771/4517 3530/3821/4517 3537/3820/4517
f 3516/3812/4518 3507/3807/4518 3511/3806/4518
f 3517/3822/4519 3500/3794/4519 1177/3802/4519
f 1177/3802/4520 1176/3823/4520 3518/3824/4520
f 3517/3822/4521 1177/3802/4521 3518/3824/4521
f 1174/3825/4522 3517/3822/4522 3518/3824/4522
f 1174/3825/4523 3518/3824/4523 1175/3826/4523
f 1251/3814/4524 3532/3827/4524 3519/3828/4524
f 3532/3827/4525 1251/3814/4525 3520/3813/4525
f 3494/1356/4526 1662/3829/4526 3495/3797/4526
f 3523/1359/4527 1667/1357/4527 1669/1360/4527
f 1667/1357/4528 3523/1359/4528 1668/1358/4528
f 3523/1359/4529 1666/1361/4529 3526/3830/4529
f 1254/990/4530 3514/3831/4530 3525/3817/4530
f 1255/991/4531 1666/1361/4531 3504/3810/4531
f 3525/3817/4532 3524/3832/4532 3526/3830/4532
f 3527/3833/4533 3528/3834/4533 1166/934/4533
f 3529/3818/4534 3528/3834/4534 3509/3835/4534
f 3498/3836/4535 3530/3821/4535 3492/3771/4535
f 3511/3806/4536 3508/3805/4536 3512/3808/4536
f 3519/3828/4537 3532/3827/4537 3531/3837/4537
f 3522/3816/4538 3483/3809/4538 1662/3829/4538
f 1662/3829/4539 3483/3809/4539 3495/3797/4539
f 1666/1361/4540 3525/3817/4540 3526/3830/4540
f 3528/3834/4541 1167/935/4541 1166/934/4541
f 3529/3818/4542 1167/935/4542 3528/3834/4542
f 3515/3819/4543 3533/3838/4543 3496/3770/4543
f 1672/3780/4544 3491/3760/4544 3515/3819/4544
f 3539/3839/4545 3530/3821/4545 3498/3836/4545
f 3516/3812/4546 3539/3840/4546 3498/3787/4546
f 3540/3841/4547 1165/933/4547 1164/932/4547
f 3522/3816/4548 3541/3842/4548 3521/3815/4548
f 1940/3843/4549 1179/940/4549 3305/3487/4549
f 3557/3844/4550 3578/3845/4550 3561/3846/4550
f 3514/3831/4551 3524/3832/4551 3525/3817/4551
f 3553/3847/4552 3480/3763/4552 3497/3781/4552
f 3553/3847/4553 3515/3819/4553 3480/3763/4553
f 3559/3848/4554 3511/3806/4554 3512/3808/4554
f 3517/3822/4555 1164/932/4555 3554/3849/4555
f 3554/3849/4556 3512/3808/4556 3500/3794/4556
f 3517/3822/4557 1169/3850/4557 1164/932/4557
f 1169/3850/4558 3517/3822/4558 1174/3825/4558
f 3531/3837/4559 3532/3827/4559 3534/3851/4559
f 3532/3827/4560 3520/3813/4560 3544/3852/4560
f 1663/3853/4561 3522/3816/4561 1662/3829/4561
f 1662/3829/4562 3494/1356/4562 1668/1358/4562
f 3514/3831/4563 3543/3854/4563 3535/3855/4563
f 3524/3832/4564 3514/3831/4564 3535/3855/4564
f 3549/3856/4565 3535/3855/4565 3543/3854/4565
f 3548/3857/4566 3535/3855/4566 3549/3856/4566
f 3550/3858/4567 3548/3859/4567 3549/3860/4567
f 1211/3861/4568 3551/3862/4568 3548/3857/4568
f 3515/3819/4569 3496/3770/4569 1672/3780/4569
f 3565/3863/4570 3558/3864/4570 3533/3838/4570
f 3554/3849/4571 3500/3794/4571 3517/3822/4571
f 1953/3865/4572 1955/3866/4572 3534/3867/4572
f 3534/3851/4573 3532/3827/4573 1953/3868/4573
f 3532/3827/4574 3544/3852/4574 1953/3868/4574
f 3541/3842/4575 3556/3869/4575 3544/3852/4575
f 3520/3813/4576 3541/3842/4576 3544/3852/4576
f 3520/3813/4577 3521/3815/4577 3541/3842/4577
f 1663/3853/4578 1662/3829/4578 1668/1358/4578
f 3524/3832/4579 3513/3870/4579 3526/3830/4579
f 3535/3855/4580 3542/3871/4580 3524/3832/4580
f 3536/3872/4581 3542/3871/4581 3535/3855/4581
f 3551/3862/4582 3535/3855/4582 3548/3857/4582
f 3548/3859/4583 3550/3858/4583 1211/3873/4583
f 1211/3861/4584 3552/3874/4584 3551/3862/4584
f 1543/3875/4585 1168/936/4585 1167/935/4585
f 1167/935/4586 3558/3864/4586 1543/3875/4586
f 3511/3806/4587 3539/3840/4587 3516/3812/4587
f 3512/3808/4588 3554/3849/4588 3559/3848/4588
f 1164/932/4589 1169/3850/4589 3540/3841/4589
f 1952/3876/4590 1951/3877/4590 1954/3878/4590
f 1952/3876/4591 1955/3866/4591 1953/3865/4591
f 170/3879/4592 1668/1358/4592 1652/3880/4592
f 3513/3870/4593 3547/3881/4593 170/3879/4593
f 3551/3862/4594 3552/3874/4594 3562/3882/4594
f 3533/3838/4595 3529/3818/4595 3496/3770/4595
f 3533/3838/4596 3558/3864/4596 3529/3818/4596
f 3539/3840/4597 3511/3806/4597 3559/3848/4597
f 1952/3876/4598 1954/3878/4598 1955/3866/4598
f 1952/3876/4599 3567/3883/4599 1950/3884/4599
f 3545/3885/4600 3544/3886/4600 3556/3887/4600
f 3546/3888/4601 171/3889/4601 3568/3890/4601
f 3547/3881/4602 3513/3870/4602 3542/3871/4602
f 3570/3891/4603 3536/3872/4603 3535/3855/4603
f 3570/3891/4604 3535/3855/4604 3551/3862/4604
f 3551/3862/4605 3562/3882/4605 3570/3891/4605
f 3563/3892/4606 3571/3893/4606 3552/3874/4606
f 3572/3894/4607 3571/3895/4607 3563/3896/4607
f 1167/935/4608 3529/3818/4608 3558/3864/4608
f 1952/3876/4609 1950/3884/4609 1948/1727/4609
f 3567/3883/4610 3574/3897/4610 3566/3898/4610
f 1952/3876/4611 1953/3865/4611 3567/3883/4611
f 3513/3870/4612 3524/3832/4612 3542/3871/4612
f 3557/3844/4613 3542/3871/4613 3536/3872/4613
f 3557/3844/4614 3547/3881/4614 3542/3871/4614
f 3571/3893/4615 3562/3882/4615 3552/3874/4615
f 3530/3821/4616 3590/3899/4616 3573/3900/4616
f 3530/3821/4617 3539/3839/4617 3590/3899/4617
f 1165/933/4618 1159/3901/4618 1163/931/4618
f 3574/3897/4619 3544/3886/4619 3545/3885/4619
f 3593/3902/4620 3568/3890/4620 3560/3903/4620
f 3569/3904/4621 3570/3891/4621 3562/3882/4621
f 3575/3905/4622 3562/3882/4622 1203/3906/4622
f 3571/3893/4623 1203/3906/4623 3562/3882/4623
f 1536/3907/4624 3581/3908/4624 1543/3875/4624
f 3533/3838/4625 3564/3909/4625 3565/3863/4625
f 3553/3847/4626 3564/3909/4626 3515/3819/4626
f 3559/3910/4627 3584/3911/4627 3539/3839/4627
f 1951/3877/4628 1952/3876/4628 1948/1727/4628
f 1950/3884/4629 3586/3912/4629 1949/1728/4629
f 3566/3898/4630 3587/3913/4630 1950/3884/4630
f 171/3889/4631 3546/3888/4631 170/3879/4631
f 3575/3905/4632 3569/3904/4632 3562/3882/4632
f 1536/3907/4633 1543/3875/4633 3558/3864/4633
f 3564/3909/4634 3533/3838/4634 3515/3819/4634
f 1159/3901/4635 1160/3914/4635 1163/931/4635
f 1948/1727/4636 3555/3915/4636 1951/3877/4636
f 1949/1728/4637 1948/1727/4637 1950/3884/4637
f 3574/3897/4638 3577/3916/4638 3566/3898/4638
f 3536/3872/4639 3569/3904/4639 3557/3844/4639
f 3565/3863/4640 3583/3917/4640 3558/3864/4640
f 3553/3847/4641 3497/3781/4641 3537/3820/4641
f 3537/3820/4642 3582/3918/4642 3553/3847/4642
f 3530/3821/4643 3573/3900/4643 3537/3820/4643
f 3590/3899/4644 3539/3839/4644 3584/3911/4644
f 3559/3910/4645 3554/3919/4645 3600/3920/4645
f 3600/3921/4646 3554/3849/4646 1164/932/4646
f 1164/932/4647 1163/931/4647 1533/3922/4647
f 1533/3922/4648 3594/3923/4648 1164/932/4648
f 3555/3915/4649 3585/3924/4649 1951/3877/4649
f 3555/3915/4650 1948/1727/4650 3595/3925/4650
f 3561/3846/4651 3588/3926/4651 171/3889/4651
f 3561/3846/4652 3578/3845/4652 3606/3927/4652
f 3579/3928/4653 3578/3845/4653 3557/3844/4653
f 3589/3929/4654 3569/3904/4654 3575/3905/4654
f 3575/3905/4655 3597/3930/4655 3617/3931/4655
f 1537/3932/4656 3581/3908/4656 1536/3907/4656
f 3598/3933/4657 3564/3909/4657 3618/3934/4657
f 1533/3922/4658 1163/931/4658 3601/3935/4658
f 2558/2424/4659 1378/1118/4659 1362/3936/4659
f 1949/1728/4660 3586/3912/4660 1947/1724/4660
f 3586/3912/4661 1950/3884/4661 3587/3913/4661
f 3592/3937/4662 3577/3938/4662 3593/3902/4662
f 1536/3907/4663 3558/3864/4663 3583/3917/4663
f 3583/3917/4664 3564/3909/4664 3598/3933/4664
f 3573/3900/4665 3582/3918/4665 3537/3820/4665
f 3600/3920/4666 3594/3939/4666 3609/1331/4666
f 3602/3940/4667 3595/3925/4667 3610/3941/4667
f 3555/3915/4668 3595/3925/4668 3602/3940/4668
f 3560/3903/4669 3591/3942/4669 3593/3902/4669
f 3596/3943/4670 3592/3937/4670 3591/3942/4670
f 3569/3904/4671 3589/3929/4671 3579/3928/4671
f 3575/3905/4672 3617/3931/4672 3589/3929/4672
f 3597/3930/4673 3575/3905/4673 1203/3906/4673
f 3583/3917/4674 3565/3863/4674 3564/3909/4674
f 3618/3934/4675 3564/3909/4675 3553/3847/4675
f 3609/1331/4676 3614/3944/4676 3600/3920/4676
f 1533/3922/4677 3601/3935/4677 1519/3945/4677
f 3594/3939/4678 1533/3946/4678 1518/3947/4678
f 3610/3941/4679 3595/3925/4679 3615/3948/4679
f 1948/1727/4680 1946/1723/4680 3595/3925/4680
f 3616/3949/4681 3604/657/4681 3592/3937/4681
f 3588/3926/4682 3605/3950/4682 3591/3942/4682
f 3608/3951/4683 3597/3930/4683 1203/3906/4683
f 1537/3932/4684 3613/3952/4684 1509/3953/4684
f 1537/3932/4685 1536/3907/4685 3613/3952/4685
f 3622/3954/4686 1536/3907/4686 3583/3917/4686
f 3590/3899/4687 3619/3955/4687 3573/3900/4687
f 3590/3899/4688 3584/3911/4688 3599/3956/4688
f 3599/3956/4689 3584/3911/4689 3614/3944/4689
f 3584/3911/4690 3600/3920/4690 3614/3944/4690
f 1533/3922/4691 1519/3945/4691 1518/3957/4691
f 3595/3925/4692 3620/3958/4692 3615/3948/4692
f 3592/3937/4693 3596/3943/4693 3616/3949/4693
f 3573/3900/4694 3619/3955/4694 3623/3959/4694
f 3582/3918/4695 3573/3900/4695 3642/3960/4695
f 3626/3961/4696 3625/3962/4696 1518/3957/4696
f 3625/1216/4697 3626/3963/4697 3627/3964/4697
f 1946/1723/4698 3628/1726/4698 3595/3925/4698
f 1649/1337/4699 3605/3950/4699 3606/3927/4699
f 3605/3950/4700 1649/1337/4700 3596/3943/4700
f 3605/3950/4701 3596/3943/4701 3591/3942/4701
f 3630/3965/4702 3578/3845/4702 3607/3966/4702
f 3608/3951/4703 1193/3967/4703 3597/3930/4703
f 3613/3952/4704 1536/3907/4704 3622/3954/4704
f 3619/3955/4705 3590/3899/4705 3624/3968/4705
f 3599/3956/4706 3624/3968/4706 3590/3899/4706
f 1518/3947/4707 3625/3969/4707 3594/3939/4707
f 3625/3970/4708 3627/3971/4708 3633/3972/4708
f 3628/1726/4709 3634/3973/4709 3620/3958/4709
f 3616/3949/4710 3596/3943/4710 1649/1337/4710
f 3630/3965/4711 3607/3966/4711 3617/3931/4711
f 3608/3974/4712 3637/3975/4712 1193/3976/4712
f 3613/3952/4713 1510/3977/4713 1509/3953/4713
f 3629/3978/4714 1938/941/4714 1179/940/4714
f 1649/1337/4715 3606/3927/4715 3611/3979/4715
f 3611/3979/4716 3578/3845/4716 3630/3965/4716
f 3583/3917/4717 3598/3933/4717 3621/3980/4717
f 3638/3981/4718 3599/3956/4718 3632/3982/4718
f 3638/3981/4719 3619/3955/4719 3624/3968/4719
f 3599/3956/4720 3638/3981/4720 3624/3968/4720
f 3632/3982/4721 3599/3956/4721 3614/3944/4721
f 3639/1330/4722 3614/3944/4722 3609/1331/4722
f 3594/3939/4723 3640/1332/4723 3609/1331/4723
f 3625/3969/4724 3643/3983/4724 3594/3939/4724
f 3645/3984/4725 3644/3985/4725 3628/1726/4725
f 1621/1336/4726 1578/3986/4726 3603/3987/4726
f 3617/3931/4727 3651/3988/4727 3630/3965/4727
f 1193/3967/4728 3617/3931/4728 3597/3930/4728
f 1510/3989/4729 3646/3990/4729 4101/3991/4729
f 1510/3989/4730 3613/3992/4730 3646/3990/4730
f 3622/3954/4731 3583/3917/4731 3621/3980/4731
f 3642/3960/4732 3648/3993/4732 3618/3934/4732
f 3619/3955/4733 3638/3981/4733 3623/3959/4733
f 1940/3843/4734 3305/3487/4734 1943/100/4734
f 3643/3983/4735 3625/3969/4735 1492/3994/4735
f 1944/1725/4736 3645/3984/4736 3628/1726/4736
f 3651/3988/4737 3394/3618/4737 3538/3995/4737
f 3617/3931/4738 1193/3967/4738 3631/3996/4738
f 1194/3997/4739 3631/3996/4739 1193/3967/4739
f 3622/3998/4740 3652/3999/4740 3613/3992/4740
f 3598/3933/4741 3647/3341/4741 3621/3980/4741
f 3648/3993/4742 3598/3933/4742 3618/3934/4742
f 3642/3960/4743 3623/3959/4743 3641/4000/4743
f 3510/4001/4744 3623/3959/4744 3638/3981/4744
f 1492/1212/4745 1505/1211/4745 3653/4002/4745
f 1492/1212/4746 3653/4002/4746 3643/4003/4746
f 3654/4004/4747 3634/3973/4747 3644/3985/4747
f 3644/3985/4748 3645/3984/4748 3654/4004/4748
f 3645/3984/4749 1944/1725/4749 3650/4005/4749
f 3631/3996/4750 3651/3988/4750 3617/3931/4750
f 3646/3990/4751 3613/3992/4751 3652/3999/4751
f 3638/3981/4752 3632/3982/4752 3656/4006/4752
f 3639/1330/4753 3656/4006/4753 3632/3982/4753
f 1605/4007/4754 3640/1332/4754 3657/4008/4754
f 3640/1332/4755 3594/3939/4755 3643/3983/4755
f 3658/4009/4756 3649/4010/4756 3654/4004/4756
f 3658/4009/4757 3654/4004/4757 3645/3984/4757
f 3464/3737/4758 133/101/4758 134/102/4758
f 3656/4006/4759 3510/4001/4759 3638/3981/4759
f 3658/4009/4760 3645/3984/4760 3659/4011/4760
f 3659/4011/4761 3645/3984/4761 3650/4005/4761
f 1942/4012/4762 3629/3978/4762 1939/4013/4762
f 3603/3987/4763 3629/3978/4763 1942/4012/4763
f 1578/3986/4764 1621/1336/4764 3655/4014/4764
f 1415/4015/4765 3394/3618/4765 3631/3996/4765
f 3652/3999/4766 3662/4016/4766 3646/3990/4766
f 3002/3026/4767 3652/3999/4767 3622/3998/4767
f 3621/3980/4768 3002/4017/4768 3622/3954/4768
f 3621/3980/4769 2995/3013/4769 3002/4017/4769
f 1606/4018/4770 3369/3585/4770 3656/4006/4770
f 1606/4018/4771 3639/1330/4771 1605/4007/4771
f 3643/4003/4772 3653/4002/4772 3657/4019/4772
f 3657/4008/4773 3640/1332/4773 3643/3983/4773
f 3660/4020/4774 3424/4021/4774 3661/4022/4774
f 1578/3986/4775 3655/4014/4775 3538/3995/4775
f 3538/3995/4776 3394/3618/4776 3227/3377/4776
f 3538/3995/4777 1938/941/4777 1578/3986/4777
f 3424/4021/4778 3660/4020/4778 3469/4023/4778
f 3538/3995/4779 3655/4014/4779 3651/3988/4779
f 1415/4015/4780 3631/3996/4780 1194/3997/4780
f 1194/3997/4781 3665/4024/4781 1415/4015/4781
f 2771/4025/4782 2768/2712/4782 1423/884/4782
f 3652/3999/4783 3666/4026/4783 3662/4016/4783
f 3002/3026/4784 3666/4026/4784 3652/3999/4784
f 3647/3341/4785 2995/3013/4785 3621/3980/4785
f 3369/3585/4786 3510/4001/4786 3656/4006/4786
f 3641/4000/4787 3623/3959/4787 2988/4027/4787
f 3670/4028/4788 3671/4029/4788 3672/4030/4788
f 3671/4029/4789 3653/4002/4789 3669/4031/4789
f 3663/4032/4790 3649/4010/4790 3658/4009/4790
f 3663/4032/4791 3658/4009/4791 3664/4033/4791
f 3658/4009/4792 3576/3790/4792 3664/4033/4792
f 3576/3790/4793 3658/4009/4793 3659/4011/4793
f 3661/4022/4794 3650/4005/4794 154/4034/4794
f 3603/3987/4795 1578/3986/4795 3629/3978/4795
f 3675/4035/4796 3666/4026/4796 1185/4036/4796
f 3676/4037/4797 3662/4016/4797 3666/4026/4797
f 3647/3341/4798 3598/3933/4798 3648/3993/4798
f 3576/3790/4799 3659/4011/4799 3661/4022/4799
f 3657/4019/4800 3653/4002/4800 3671/4029/4800
f 3677/4038/4801 3678/4039/4801 3670/4028/4801
f 3669/4040/4802 3672/4041/4802 3671/4042/4802
f 1578/3986/4803 1938/941/4803 3629/3978/4803
f 3681/4043/4804 1410/4044/4804 3665/4024/4804
f 3666/4026/4805 3002/3026/4805 3001/3025/4805
f 3369/3585/4806 2912/2886/4806 3510/4001/4806
f 3369/3585/4807 1606/4018/4807 3368/3586/4807
f 1606/4018/4808 1605/4007/4808 3368/3586/4808
f 3364/4045/4809 3657/4019/4809 3686/4046/4809
f 3671/4029/4810 3686/4046/4810 3657/4019/4810
f 3670/4028/4811 3686/4046/4811 3671/4029/4811
f 2976/2975/4812 3683/4047/4812 3680/4048/4812
f 3576/3790/4813 3661/4022/4813 3424/4021/4813
f 3424/4021/4814 3345/3791/4814 3576/3790/4814
f 3424/4049/4815 3469/3746/4815 1945/64/4815
f 3660/4050/4816 133/101/4816 3469/3746/4816
f 3305/3487/4817 134/102/4817 1943/100/4817
f 3015/3041/4818 134/102/4818 3305/3487/4818
f 1941/3036/4819 2762/4051/4819 2788/2602/4819
f 1940/3843/4820 3629/3978/4820 1179/940/4820
f 3538/3995/4821 3227/3377/4821 1938/941/4821
f 3384/3359/4822 3394/3618/4822 1415/4015/4822
f 1415/4015/4823 3385/3604/4823 3384/3359/4823
f 1415/4015/4824 3665/4024/4824 1410/4044/4824
f 750/1166/4825 3667/4052/4825 1423/884/4825
f 3666/4026/4826 3001/3025/4826 1185/4036/4826
f 3670/4028/4827 3672/4030/4827 3677/4038/4827
f 3674/4053/4828 3664/4033/4828 3576/3790/4828
f 3576/3790/4829 3673/4054/4829 3674/4053/4829
f 95/63/4830 3345/4055/4830 1945/64/4830
f 1410/4044/4831 3681/4043/4831 3682/4056/4831
f 3690/4057/4832 1409/4058/4832 3682/4056/4832
f 3691/4059/4833 3692/4060/4833 3693/4061/4833
f 3510/4001/4834 2912/2886/4834 2988/4027/4834
f 1605/4007/4835 3364/4062/4835 3368/3586/4835
f 3657/4019/4836 3364/4045/4836 1605/4063/4836
f 3670/4028/4837 3678/4039/4837 3686/4046/4837
f 3683/4047/4838 2976/2975/4838 782/4064/4838
f 3680/4048/4839 3679/4065/4839 2976/2975/4839
f 3689/4066/4840 3679/4065/4840 3688/4067/4840
f 3689/4066/4841 2976/2975/4841 3679/4065/4841
f 2301/2123/4842 618/465/4842 587/467/4842
f 3674/4053/4843 3673/4054/4843 3685/4068/4843
f 3673/4054/4844 3576/3790/4844 95/3789/4844
f 3345/4055/4845 3424/4049/4845 1945/64/4845
f 3469/3746/4846 3246/65/4846 1945/64/4846
f 3469/3746/4847 3464/3737/4847 3410/3657/4847
f 3011/3037/4848 3230/942/4848 1938/941/4848
f 1415/4015/4849 1410/4044/4849 3385/3604/4849
f 3682/4056/4850 1409/4058/4850 1410/4044/4850
f 3693/4061/4851 3696/4069/4851 1409/4058/4851
f 3371/4070/4852 3648/3993/4852 3642/3960/4852
f 3370/4071/4853 3364/4045/4853 3195/4072/4853
f 3195/4072/4854 3364/4045/4854 3686/4046/4854
f 3678/4039/4855 3700/4073/4855 3699/4074/4855
f 3699/4074/4856 3686/4046/4856 3678/4039/4856
f 670/710/4857 599/687/4857 578/490/4857
f 750/1166/4858 1121/576/4858 1471/2900/4858
f 1935/1719/4859 1936/1718/4859 1937/1720/4859
f 3683/4075/4860 786/600/4860 3687/4076/4860
f 3689/4066/4861 2972/2976/4861 2976/2975/4861
f 3702/4077/4862 3701/4078/4862 3689/4066/4862
f 3702/4077/4863 3703/4079/4863 3701/4078/4863
f 3695/2788/4864 3703/4079/4864 3685/4080/4864
f 3673/4081/4865 3695/2788/4865 3685/4080/4865
f 56/55/4866 3410/3657/4866 134/102/4866
f 1179/940/4867 3230/942/4867 3305/3487/4867
f 3385/3604/4868 1410/4044/4868 1409/4058/4868
f 3696/4069/4869 3385/3604/4869 1409/4058/4869
f 587/467/4870 383/2124/4870 2301/2123/4870
f 1185/4036/4871 3697/4082/4871 1184/4083/4871
f 3001/3025/4872 3697/4082/4872 1185/4036/4872
f 3371/4070/4873 2928/3014/4873 3648/3993/4873
f 3370/4071/4874 3368/4084/4874 3364/4045/4874
f 3706/4085/4875 3699/4086/4875 3700/4087/4875
f 1935/1719/4876 3687/4076/4876 786/600/4876
f 3689/4066/4877 2896/4088/4877 2972/2976/4877
f 3701/4078/4878 2896/4088/4878 3689/4066/4878
f 3701/4078/4879 3703/4079/4879 2896/4088/4879
f 3673/4081/4880 95/63/4880 3041/3433/4880
f 3031/3060/4881 95/63/4881 3136/3250/4881
f 55/57/4882 3031/3060/4882 56/55/4882
f 3012/2574/4883 2667/4089/4883 1941/3036/4883
f 3693/4061/4884 3692/4060/4884 3696/4069/4884
f 3697/4090/4885 3001/4091/4885 3708/4092/4885
f 2652/3024/4886 3002/3026/4886 2995/4093/4886
f 3623/3959/4887 3510/4001/4887 2988/4027/4887
f 2912/2886/4888 3369/3585/4888 3370/3587/4888
f 3195/4094/4889 3686/4095/4889 3699/4086/4889
f 786/4096/4890 3683/4047/4890 782/4064/4890
f 3695/2788/4891 2888/4097/4891 3703/4079/4891
f 3695/2788/4892 3041/3433/4892 2959/2786/4892
f 3041/3433/4893 3695/2788/4893 3673/4081/4893
f 57/56/4894 56/55/4894 3015/3041/4894
f 3011/3037/4895 1941/3036/4895 3015/3041/4895
f 3227/3377/4896 3011/3037/4896 1938/941/4896
f 3696/4069/4897 3216/3360/4897 3385/3604/4897
f 3707/4098/4898 3696/4069/4898 3692/4060/4898
f 3697/4082/4899 3708/4099/4899 3704/4100/4899
f 2651/4101/4900 3371/4102/4900 2988/4103/4900
f 3371/4070/4901 3641/4000/4901 2988/4027/4901
f 3371/4070/4902 3642/3960/4902 3641/4000/4902
f 3370/3587/4903 3195/4094/4903 2904/2887/4903
f 3711/4104/4904 2904/2887/4904 3196/4105/4904
f 3195/4094/4905 3196/4105/4905 2904/2887/4905
f 3195/4094/4906 3711/4104/4906 3196/4105/4906
f 3699/4086/4907 3711/4104/4907 3195/4094/4907
f 3706/4085/4908 3711/4104/4908 3699/4086/4908
f 786/600/4909 785/599/4909 1936/1718/4909
f 783/595/4910 785/597/4910 782/4064/4910
f 2976/2975/4911 783/595/4911 782/4064/4911
f 2888/4097/4912 781/928/4912 2896/4088/4912
f 3041/3433/4913 3031/3060/4913 2959/2786/4913
f 1475/3059/4914 3031/3060/4914 55/57/4914
f 1941/3036/4915 2667/4089/4915 2762/4051/4915
f 3712/4106/4916 3216/3360/4916 3710/4107/4916
f 3696/4069/4917 3709/4108/4917 3216/3360/4917
f 3713/4109/4918 3714/4110/4918 3707/4098/4918
f 3704/4111/4919 3708/4092/4919 1173/4112/4919
f 1413/1147/4920 3708/4092/4920 3001/4091/4920
f 2651/4113/4921 2928/3014/4921 3371/4070/4921
f 2928/3014/4922 3647/3341/4922 3648/3993/4922
f 2912/2886/4923 3370/3587/4923 2904/2887/4923
f 2896/4088/4924 3703/4079/4924 2888/4097/4924
f 2823/2787/4925 2959/2786/4925 2812/2785/4925
f 1475/3059/4926 2825/2784/4926 2959/2786/4926
f 2698/2609/4927 57/56/4927 2788/2602/4927
f 57/56/4928 3015/3041/4928 2788/2602/4928
f 3011/3037/4929 3227/3377/4929 3012/2574/4929
f 2661/2572/4930 3012/2574/4930 3227/3377/4930
f 2661/2572/4931 3216/3360/4931 3712/4106/4931
f 3710/4107/4932 3216/3360/4932 3709/4108/4932
f 3707/4098/4933 3709/4108/4933 3696/4069/4933
f 3714/4110/4934 3709/4108/4934 3707/4098/4934
f 3717/4114/4935 3714/4110/4935 3713/4109/4935
f 3698/4115/4936 2989/4116/4936 2928/4117/4936
f 2912/2886/4937 2857/2823/4937 2988/4027/4937
f 2912/2886/4938 2722/2821/4938 2857/2823/4938
f 3727/4118/4939 1530/4119/4939 123/4120/4939
f 3711/4104/4940 1422/3578/4940 2904/2887/4940
f 3711/4104/4941 3706/4085/4941 3716/4121/4941
f 1171/4122/4942 3711/4104/4942 3716/4121/4942
f 780/929/4943 783/595/4943 2976/2975/4943
f 2899/2974/4944 780/929/4944 2976/2975/4944
f 2896/4088/4945 2899/2974/4945 2972/2976/4945
f 1475/3059/4946 2698/2609/4946 2812/2785/4946
f 2988/4103/4947 1432/4123/4947 2651/4101/4947
f 2857/4124/4948 1432/4123/4948 2988/4103/4948
f 2904/2887/4949 1422/3578/4949 2722/2821/4949
f 1171/4122/4950 1530/3693/4950 3711/4104/4950
f 781/928/4951 780/929/4951 2899/2974/4951
f 2823/2787/4952 2888/4097/4952 3695/2788/4952
f 2812/2785/4953 2825/2784/4953 1475/3059/4953
f 1413/1147/4954 3723/4125/4954 3708/4092/4954
f 3698/4126/4955 2867/2836/4955 2989/2835/4955
f 2928/4117/4956 2651/4101/4956 3698/4115/4956
f 2729/2822/4957 1432/4127/4957 2857/2823/4957
f 1422/3578/4958 3711/4104/4958 1530/3693/4958
f 1171/4128/4959 3716/4129/4959 1170/4130/4959
f 780/929/4960 784/596/4960 783/595/4960
f 781/928/4961 2899/2974/4961 2896/4088/4961
f 781/928/4962 2888/4097/4962 2823/2787/4962
f 2658/4131/4963 3718/2573/4963 2661/2572/4963
f 2661/2572/4964 3712/4106/4964 2658/4131/4964
f 3714/4110/4965 3722/4132/4965 3709/4108/4965
f 3719/4133/4966 3722/4132/4966 3714/4110/4966
f 3723/4125/4967 3724/4134/4967 1173/4112/4967
f 3708/4092/4968 3723/4125/4968 1173/4112/4968
f 1530/4119/4969 1171/4128/4969 123/4120/4969
f 123/4120/4970 1171/4128/4970 3729/4135/4970
f 1171/4128/4971 1170/4130/4971 3729/4135/4971
f 1/2600/4972 2788/2602/4972 2762/4051/4972
f 2667/4089/4973 3012/2574/4973 3718/2573/4973
f 3712/4106/4974 3710/4107/4974 2658/4131/4974
f 3721/4136/4975 3710/4107/4975 3709/4108/4975
f 3719/4133/4976 1399/4137/4976 3722/4132/4976
f 1398/4138/4977 3722/4132/4977 1399/4137/4977
f 1399/4137/4978 1393/4139/4978 1398/4138/4978
f 1412/1146/4979 3735/4140/4979 1413/1147/4979
f 1412/1146/4980 2652/1145/4980 2867/2836/4980
f 2867/2836/4981 3698/4126/4981 3725/4141/4981
f 3746/4142/4982 3715/4143/4982 3738/3576/4982
f 2730/2830/4983 1422/3578/4983 3438/3577/4983
f 123/4120/4984 3729/4135/4984 3727/4118/4984
f 3730/4144/4985 3731/4145/4985 3728/4146/4985
f 3469/3746/4986 133/101/4986 3464/3737/4986
f 3720/4147/4987 784/596/4987 781/928/4987
f 2698/2609/4988 3720/4147/4988 2812/2785/4988
f 1/2600/4989 3732/4148/4989 2675/2601/4989
f 3710/4107/4990 3733/4149/4990 2658/4131/4990
f 3721/4136/4991 3734/4150/4991 3710/4107/4991
f 3722/4132/4992 1398/4138/4992 3721/4136/4992
f 3721/4136/4993 3709/4108/4993 3722/4132/4993
f 1398/4138/4994 1393/4139/4994 3721/4136/4994
f 3723/4125/4995 3735/4140/4995 3724/4134/4995
f 1412/1146/4996 3725/4141/4996 3737/4151/4996
f 3738/3576/4997 2729/2822/4997 2730/2830/4997
f 3438/4152/4998 3726/4153/4998 3753/4154/4998
f 3729/4135/4999 1170/4130/4999 3728/4146/4999
f 1170/4130/5000 3730/4144/5000 3728/4146/5000
f 3728/4146/5001 3740/4155/5001 3729/4135/5001
f 3732/4148/5002 3720/4147/5002 2675/2601/5002
f 2667/4089/5003 2314/4156/5003 2762/4051/5003
f 3721/4136/5004 3744/4157/5004 3734/4150/5004
f 3721/4136/5005 1393/4139/5005 3744/4157/5005
f 3724/4134/5006 2472/4158/5006 1385/4159/5006
f 3726/4153/5007 3438/4152/5007 3727/4118/5007
f 3726/4153/5008 3748/4160/5008 3753/4154/5008
f 3728/4146/5009 3741/4161/5009 3740/4155/5009
f 3728/4146/5010 3731/4145/5010 3742/4162/5010
f 3742/4162/5011 3749/4163/5011 3750/4164/5011
f 1393/4139/5012 1394/4165/5012 3744/4157/5012
f 3735/4140/5013 2472/4158/5013 3724/4134/5013
f 3735/4140/5014 3736/4166/5014 2472/4158/5014
f 1412/1146/5015 3736/4166/5015 3735/4140/5015
f 3416/4167/5016 3698/4115/5016 3745/4168/5016
f 3698/4126/5017 3416/4169/5017 3725/4141/5017
f 3715/4170/5018 3745/4168/5018 3698/4115/5018
f 3753/4154/5019 3746/4171/5019 3738/4172/5019
f 1432/4173/5020 2729/2822/5020 3715/4143/5020
f 3732/4148/5021 2762/4051/5021 2314/4156/5021
f 2516/4174/5022 2667/4089/5022 3743/4175/5022
f 3743/4175/5023 2658/4131/5023 3733/4149/5023
f 3744/4157/5024 1394/4165/5024 3755/4176/5024
f 1957/4177/5025 3766/4178/5025 3416/4167/5025
f 3747/4179/5026 3748/4160/5026 3741/4161/5026
f 3750/4164/5027 3760/4180/5027 3741/4161/5027
f 3741/4161/5028 3728/4146/5028 3750/4164/5028
f 2698/2609/5029 2675/2601/5029 3720/4147/5029
f 3752/4181/5030 3720/4147/5030 3732/4148/5030
f 3732/4148/5031 2315/4182/5031 1154/4183/5031
f 3733/4149/5032 3763/4184/5032 3743/4175/5032
f 3763/4184/5033 3733/4149/5033 3734/4150/5033
f 3744/4157/5034 3755/4176/5034 3754/4185/5034
f 3754/4185/5035 3734/4150/5035 3744/4157/5035
f 1385/4159/5036 3765/4186/5036 1384/4187/5036
f 3745/4188/5037 3746/4142/5037 1878/1731/5037
f 1878/1731/5038 1957/1730/5038 3745/4188/5038
f 3769/4189/5039 3760/4180/5039 3761/4190/5039
f 3761/4191/5040 3770/4192/5040 3769/4193/5040
f 1154/4183/5041 1156/4194/5041 3752/4181/5041
f 2823/2787/5042 2812/2785/5042 781/928/5042
f 1/2600/5043 2762/4051/5043 3732/4148/5043
f 3762/4195/5044 2667/4089/5044 2516/4174/5044
f 2516/4174/5045 3771/4196/5045 3776/4197/5045
f 3763/4184/5046 2516/4174/5046 3743/4175/5046
f 3754/4185/5047 1383/4198/5047 3764/4199/5047
f 3754/4185/5048 3772/4200/5048 1383/4198/5048
f 3754/4185/5049 3755/4176/5049 3772/4200/5049
f 1385/4159/5050 3774/4201/5050 3765/4186/5050
f 2472/4158/5051 3774/4201/5051 1385/4159/5051
f 3777/4202/5052 3774/4201/5052 2472/4158/5052
f 3745/4203/5053 1957/4177/5053 3416/4167/5053
f 3753/4154/5054 3748/4160/5054 3739/4204/5054
f 3767/4205/5055 3758/4206/5055 3757/4207/5055
f 3757/4208/5056 3758/4209/5056 3768/4210/5056
f 3759/4211/5057 3760/4212/5057 3768/4210/5057
f 3761/4190/5058 3760/4180/5058 3750/4164/5058
f 3761/4191/5059 3751/4213/5059 3770/4192/5059
f 1156/4194/5060 3720/4147/5060 3752/4181/5060
f 2315/4182/5061 3732/4148/5061 2314/4156/5061
f 3718/2573/5062 2658/4131/5062 3743/4175/5062
f 2516/4174/5063 3776/4197/5063 3775/4214/5063
f 3763/4184/5064 3771/4196/5064 2516/4174/5064
f 3754/4185/5065 3771/4196/5065 3763/4184/5065
f 3754/4185/5066 3764/4199/5066 3771/4196/5066
f 3736/4166/5067 3777/4202/5067 2472/4158/5067
f 3351/4215/5068 1958/1729/5068 3756/4216/5068
f 3768/4210/5069 3769/4193/5069 3779/4217/5069
f 3770/4192/5070 3788/4218/5070 3779/4217/5070
f 3770/4192/5071 3781/4219/5071 3788/4218/5071
f 3782/4220/5072 1156/4194/5072 1154/4183/5072
f 3764/4199/5073 3784/4221/5073 3771/4196/5073
f 3785/4222/5074 1471/2900/5074 1383/4223/5074
f 3737/4151/5075 3777/4202/5075 3736/4166/5075
f 3739/4204/5076 3767/4205/5076 3753/4154/5076
f 3768/4210/5077 3778/4224/5077 3757/4208/5077
f 3779/4217/5078 3778/4224/5078 3768/4210/5078
f 3769/4193/5079 3770/4192/5079 3779/4217/5079
f 3788/4218/5080 3780/4225/5080 3779/4217/5080
f 1155/4226/5081 3782/4220/5081 1154/4183/5081
f 2315/4182/5082 1155/4226/5082 1154/4183/5082
f 3771/4196/5083 3784/4221/5083 3776/4197/5083
f 3773/4227/5084 3764/4199/5084 1383/4198/5084
f 3774/4201/5085 3789/4228/5085 3765/4186/5085
f 3774/4201/5086 3786/4229/5086 3789/4228/5086
f 1342/4230/5087 3766/4178/5087 971/799/5087
f 3790/4231/5088 3778/4224/5088 3779/4217/5088
f 3779/4217/5089 3780/4225/5089 3790/4231/5089
f 3762/4195/5090 2315/4182/5090 2314/4156/5090
f 3785/4222/5091 3667/4052/5091 1471/2900/5091
f 1383/4223/5092 3772/4232/5092 3785/4222/5092
f 3786/4229/5093 3774/4201/5093 3777/4202/5093
f 3777/4202/5094 3795/4233/5094 3786/4229/5094
f 3629/3978/5095 1940/3843/5095 1939/4013/5095
f 3745/4188/5096 3715/4143/5096 3746/4142/5096
f 3788/4218/5097 3796/1260/5097 3780/4225/5097
f 3788/4218/5098 1152/4234/5098 3791/4235/5098
f 3752/4181/5099 3732/4148/5099 1154/4183/5099
f 3783/4236/5100 3775/4214/5100 3792/4237/5100
f 3775/4214/5101 3793/4238/5101 3792/4237/5101
f 3764/4199/5102 3773/4227/5102 3784/4221/5102
f 3773/4239/5103 1383/4223/5103 1471/2900/5103
f 3794/4240/5104 3667/4052/5104 3785/4222/5104
f 3789/4228/5105 3786/4229/5105 3803/4241/5105
f 3786/4229/5106 3795/4233/5106 3804/4242/5106
f 1957/4177/5107 3415/810/5107 971/799/5107
f 1957/4177/5108 971/799/5108 3766/4178/5108
f 1603/3547/5109 1958/1729/5109 3351/4215/5109
f 3787/4243/5110 3778/4224/5110 3351/4215/5110
f 3778/4224/5111 3790/4231/5111 3351/4215/5111
f 3791/4235/5112 3796/1260/5112 3788/4218/5112
f 3783/4236/5113 3792/4237/5113 1155/4226/5113
f 2315/4182/5114 3783/4236/5114 1155/4226/5114
f 3776/4197/5115 3784/4221/5115 3793/4238/5115
f 1842/4244/5116 3793/4238/5116 3784/4221/5116
f 1471/2900/5117 3798/4245/5117 3773/4239/5117
f 3802/4246/5118 3794/4247/5118 3801/4248/5118
f 3799/4249/5119 1372/4250/5119 3803/4251/5119
f 3786/4229/5120 3804/4242/5120 3799/4252/5120
f 3800/4253/5121 3804/4242/5121 3795/4233/5121
f 1958/1729/5122 1603/3547/5122 3415/4254/5122
f 1603/3547/5123 3351/4215/5123 3348/4255/5123
f 3790/4231/5124 3805/4256/5124 3351/4215/5124
f 3790/4231/5125 3780/4225/5125 3805/4256/5125
f 3780/4225/5126 3796/1260/5126 3805/4256/5126
f 2278/2056/5127 1150/1261/5127 3791/4235/5127
f 1218/4257/5128 3797/4258/5128 1155/4226/5128
f 1218/4257/5129 1155/4226/5129 3792/4237/5129
f 3773/4227/5130 1842/4244/5130 3784/4221/5130
f 3773/4227/5131 3798/4259/5131 1842/4244/5131
f 1471/2900/5132 3667/4052/5132 750/1166/5132
f 3794/4240/5133 3802/4260/5133 3667/4052/5133
f 1372/4250/5134 2558/2424/5134 1365/4261/5134
f 3799/4252/5135 3803/4241/5135 3786/4229/5135
f 1024/1117/5136 3800/3758/5136 2508/4262/5136
f 971/799/5137 1341/1078/5137 1342/4230/5137
f 3348/4255/5138 3351/4215/5138 3805/4256/5138
f 3791/4235/5139 1150/1261/5139 3796/1260/5139
f 1471/2900/5140 790/644/5140 3798/4245/5140
f 1423/884/5141 3667/4052/5141 2771/4025/5141
f 3802/4260/5142 2771/4025/5142 3667/4052/5142
f 3799/4249/5143 2558/2424/5143 1372/4250/5143
f 3805/4256/5144 1322/1279/5144 3348/4255/5144
f 3792/4263/5145 3793/2997/5145 1218/959/5145
f 881/690/5146 1218/959/5146 3793/2997/5146
f 3661/4022/5147 154/4034/5147 3660/4020/5147
f 3804/2412/5148 2558/2424/5148 3799/4249/5148
f 1322/1279/5149 1603/3547/5149 3348/4255/5149
f 3805/4256/5150 1576/1262/5150 1322/1279/5150
f 3796/1260/5151 1576/1262/5151 3805/4256/5151
f 1150/1261/5152 1293/1259/5152 1576/1262/5152
f 3035/4264/5153 1218/959/5153 1545/1867/5153
f 3035/4265/5154 3797/4258/5154 1218/4257/5154
f 3798/4245/5155 790/644/5155 1842/1604/5155
f 811/892/5156 459/350/5156 449/328/5156
f 425/316/5157 303/219/5157 305/221/5157
f 1247/981/5158 1246/979/5158 1234/982/5158
f 1221/1072/5159 1235/1073/5159 1220/983/5159
f 410/1044/5160 1080/874/5160 1085/873/5160
f 1085/873/5161 1317/1053/5161 410/1044/5161
f 1084/875/5162 3807/4266/5162 1085/873/5162
f 1304/1037/5163 1300/1034/5163 1302/4267/5163
f 1302/4267/5164 1300/1034/5164 3808/4268/5164
f 1300/1034/5165 1299/1031/5165 3808/4268/5165
f 1298/1030/5166 872/681/5166 871/680/5166
f 931/1021/5167 878/731/5167 885/732/5167
f 884/696/5168 926/743/5168 1339/1075/5168
f 926/743/5169 706/521/5169 1339/1075/5169
f 701/516/5170 702/519/5170 684/518/5170
f 3650/4005/5171 3661/4022/5171 3659/4011/5171
f 1288/1017/5172 380/278/5172 382/280/5172
f 1291/1026/5173 1261/1018/5173 382/280/5173
f 797/607/5174 796/606/5174 1289/1025/5174
f 1289/1025/5175 1291/1026/5175 797/607/5175
f 796/606/5176 798/605/5176 3809/4269/5176
f 798/605/5177 910/726/5177 3809/4269/5177
f 820/623/5178 822/622/5178 293/718/5178
f 906/719/5179 902/717/5179 911/728/5179
f 1239/986/5180 1238/985/5180 3810/4270/5180
f 1238/985/5181 1348/1079/5181 3810/4270/5181
f 276/197/5182 655/4271/5182 1069/968/5182
f 2168/2084/5183 2352/2139/5183 2370/2185/5183
f 2277/2055/5184 2271/2042/5184 2296/2074/5184
f 2273/2044/5185 800/613/5185 2237/612/5185
f 758/2140/5186 2356/2146/5186 2347/2144/5186
f 2083/2152/5187 2394/2199/5187 2374/2175/5187
f 2447/2274/5188 2740/2681/5188 2537/567/5188
f 1035/789/5189 772/839/5189 964/841/5189
f 3788/4218/5190 3781/4219/5190 1152/4234/5190
f 3751/4213/5191 3761/4191/5191 3749/4272/5191
f 3749/4163/5192 3761/4190/5192 3750/4164/5192
f 3742/4162/5193 3750/4164/5193 3728/4146/5193
f 3700/4073/5194 3678/4039/5194 3694/4273/5194
f 3668/4274/5195 3669/4031/5195 3653/4002/5195
f 3668/4274/5196 3653/4002/5196 1505/1211/5196
f 1492/1212/5197 1493/1217/5197 1504/1210/5197
f 1493/1217/5198 3625/1216/5198 3633/4275/5198
f 1518/4276/5199 1519/4277/5199 3626/4278/5199
f 3601/3935/5200 1163/931/5200 1160/3914/5200
f 3475/4279/5201 1964/1738/5201 3480/1737/5201
f 3473/3759/5202 3479/3761/5202 3472/3751/5202
f 3529/3818/5203 3509/3835/5203 1181/3784/5203
f 3528/3834/5204 3527/3833/5204 3509/3835/5204
f 1543/3875/5205 3812/4280/5205 1168/936/5205
f 1543/4281/5206 3581/4282/5206 3812/4283/5206
f 3666/4026/5207 3675/4035/5207 3676/4037/5207
f 1185/4036/5208 3813/4284/5208 3675/4035/5208
f 1185/4036/5209 1184/4083/5209 3813/4284/5209
f 3704/4111/5210 1173/4112/5210 3705/4285/5210
f 1384/4187/5211 3724/4134/5211 1385/4159/5211
f 2558/2424/5212 1361/4286/5212 1365/4261/5212
f 2558/2424/5213 1362/3936/5213 1361/4286/5213
f 1362/3936/5214 1378/1118/5214 1073/865/5214
f 2405/4287/5215 643/483/5215 1138/918/5215
f 1138/918/5216 1054/859/5216 1262/4288/5216
f 996/807/5217 823/4289/5217 1056/858/5217
f 385/624/5218 823/4289/5218 996/807/5218
f 823/4289/5219 385/624/5219 462/345/5219
f 1141/920/5220 1058/861/5220 1316/1051/5220
f 3814/4290/5221 1683/4291/5221 1318/4292/5221
f 3814/4293/5222 1700/3164/5222 3025/4294/5222
f 2771/4025/5223 3802/4260/5223 2768/4295/5223
f 3815/4296/5224 3801/4297/5224 3794/4240/5224
f 3815/4296/5225 3794/4240/5225 3785/4222/5225
f 3785/4222/5226 3772/4232/5226 3815/4296/5226
f 3719/4133/5227 3714/4110/5227 3816/4298/5227
f 3714/4110/5228 3717/4114/5228 3816/4298/5228
f 3691/4059/5229 1409/4058/5229 3690/4057/5229
f 3693/4061/5230 1409/4058/5230 3691/4059/5230
f 3631/3996/5231 3394/3618/5231 3651/3988/5231
f 3636/4299/5232 1194/4300/5232 1193/4301/5232
f 3637/3975/5233 3636/4299/5233 1193/3976/5233
f 3608/4302/5234 3817/4303/5234 3612/4304/5234
f 3817/4303/5235 3608/4302/5235 1203/4305/5235
f 1203/4305/5236 3580/4306/5236 3817/4303/5236
f 1203/4305/5237 3571/3895/5237 3580/4306/5237
f 3571/3895/5238 3572/3894/5238 3580/4306/5238
f 3478/3756/5239 3460/3735/5239 3818/4307/5239
f 3460/3735/5240 3463/3742/5240 3818/4307/5240
f 1186/4308/5241 3819/4309/5241 3421/4310/5241
f 1200/3628/5242 1224/972/5242 3398/3626/5242
f 1224/972/5243 1266/971/5243 3820/4311/5243
f 3820/4311/5244 3395/3625/5244 1224/972/5244
f 1278/3564/5245 3353/3563/5245 1265/997/5245
f 1325/3545/5246 3336/3546/5246 3353/3563/5246
f 3332/3540/5247 3326/3522/5247 3336/3546/5247
f 3320/3516/5248 3313/3509/5248 3321/3517/5248
f 3299/3483/5249 3292/3477/5249 3303/3492/5249
f 3265/4312/5250 987/4313/5250 986/3473/5250
f 986/3473/5251 988/3465/5251 3265/4312/5251
f 3261/4314/5252 3258/3429/5252 3821/4315/5252
f 3261/4314/5253 1433/3430/5253 3258/3429/5253
f 1449/3431/5254 3252/4316/5254 3822/4317/5254
f 3252/4316/5255 3823/4318/5255 3822/4317/5255
f 3252/3419/5256 3244/3409/5256 3823/4319/5256
f 3242/4320/5257 1478/3381/5257 1477/3383/5257
f 3224/4321/5258 3223/3374/5258 3231/3382/5258
f 3164/3296/5259 3159/3285/5259 3165/4322/5259
f 2966/2960/5260 2946/2962/5260 2947/4323/5260
f 2905/2880/5261 2900/4324/5261 2930/2921/5261
f 2874/2859/5262 2879/4325/5262 1508/2860/5262
f 2874/2859/5263 2858/2824/5263 2879/4325/5263
f 2858/2824/5264 1555/2808/5264 2879/4325/5264
f 3824/4326/5265 1555/2808/5265 2018/2810/5265
f 2829/4327/5266 2018/2810/5266 1570/4328/5266
f 2020/4329/5267 2828/4330/5267 2019/4331/5267
f 2828/4330/5268 2020/4329/5268 2807/4332/5268
f 2763/2711/5269 2766/2710/5269 2765/2713/5269
f 2787/2732/5270 2786/2728/5270 2777/2741/5270
f 2816/2770/5271 2821/2780/5271 1584/1268/5271
f 1506/1214/5272 1448/2909/5272 1447/2883/5272
f 1470/1193/5273 1447/2883/5273 2914/2914/5273
f 1249/3035/5274 1207/3079/5274 1206/4333/5274
f 1206/4333/5275 1207/3079/5275 3080/3159/5275
f 1207/3079/5276 1197/3140/5276 3080/3159/5276
f 2943/2999/5277 1277/2957/5277 3825/4334/5277
f 2848/2814/5278 2846/2812/5278 2847/2811/5278
f 2890/2873/5279 2906/2882/5279 3826/4335/5279
f 3826/4335/5280 2880/2845/5280 2890/2873/5280
f 3827/4336/5281 3077/3173/5281 3067/3138/5281
f 3067/3138/5282 1451/3114/5282 3827/4336/5282
f 1451/3114/5283 3043/3095/5283 3828/4337/5283
f 1462/4338/5284 3065/3135/5284 3054/3108/5284
f 2014/2955/5285 2011/1780/5285 2015/2941/5285
f 2955/2945/5286 2953/2936/5286 2948/2935/5286
f 2967/2963/5287 1276/2951/5287 2979/3008/5287
f 1381/3200/5288 1346/4339/5288 3107/3201/5288
f 3166/3279/5289 3171/3300/5289 3169/3302/5289
f 3172/4340/5290 3171/3300/5290 3170/3301/5290
f 3187/3325/5291 3178/3309/5291 3188/3319/5291
f 1208/1766/5292 1209/3367/5292 3213/3358/5292
f 1994/1768/5293 3234/3392/5293 3228/3379/5293
f 3245/3410/5294 3249/3411/5294 3829/3421/5294
f 3300/3480/5295 3293/3478/5295 3307/3496/5295
f 3337/3549/5296 3323/4341/5296 3333/3548/5296
f 1260/4342/5297 3372/4343/5297 3376/4344/5297
f 3400/4345/5298 3401/4346/5298 3396/4347/5298
f 3401/3638/5299 3403/3637/5299 3408/3644/5299
f 3482/3776/5300 3467/3745/5300 220/3753/5300
f 3555/3915/5301 3602/3940/5301 3585/3924/5301
f 3620/3958/5302 3595/3925/5302 3628/1726/5302
f 3634/3973/5303 3628/1726/5303 3644/3985/5303
f 3684/4348/5304 3664/4349/5304 3674/4350/5304
f 3685/4080/5305 3684/4348/5305 3674/4350/5305
f 3687/4076/5306 1935/1719/5306 4030/1721/5306
f 781/928/5307 2812/2785/5307 3720/4147/5307
f 929/4351/5308 917/742/5308 925/741/5308
f 743/3752/5309 1022/825/5309 742/824/5309
f 3830/4352/5310 3101/3670/5310 2606/2486/5310
f 2606/2486/5311 2533/2386/5311 3830/4352/5311
f 8/333/5312 1017/310/5312 981/2435/5312
f 981/2435/5313 984/2340/5313 525/415/5313
f 589/439/5314 2473/479/5314 624/468/5314
f 2464/705/5315 562/414/5315 894/706/5315
f 630/4353/5316 620/473/5316 644/497/5316
f 978/437/5317 600/486/5317 583/448/5317
f 978/437/5318 583/448/5318 566/435/5318
f 1001/2329/5319 2483/4354/5319 2068/2353/5319
f 3831/4355/5320 2483/2356/5320 2502/2331/5320
f 2526/2366/5321 3831/4355/5321 2502/2331/5321
f 2526/2366/5322 2512/2367/5322 2540/2433/5322
f 2590/2457/5323 2042/2431/5323 1133/2430/5323
f 288/583/5324 2104/1855/5324 828/2114/5324
f 3872/592/5325 738/60/5325 435/587/5325
f 2326/2111/5326 2330/2108/5326 2324/2112/5326
f 2096/2079/5327 445/2050/5327 2326/2111/5327
f 1389/851/5328 1064/1123/5328 1046/852/5328
f 1064/1123/5329 3832/4356/5329 3895/4357/5329
f 1064/1123/5330 1063/1080/5330 3832/4356/5330
f 1063/1080/5331 1237/984/5331 3832/4356/5331
f 1241/989/5332 1240/988/5332 1408/1141/5332
f 1431/1165/5333 1029/1161/5333 1426/1162/5333
f 286/209/5334 296/225/5334 301/230/5334
f 2134/2299/5335 2133/617/5335 2130/2349/5335
f 2597/2489/5336 2248/2423/5336 2519/2439/5336
f 2609/2491/5337 2519/2439/5337 789/602/5337
f 776/2347/5338 13/691/5338 777/2344/5338
f 2607/2485/5339 2628/2524/5339 2620/2502/5339
f 2749/2689/5340 2735/2668/5340 2034/2672/5340
f 145/123/5341 151/126/5341 150/122/5341
f 151/126/5342 145/123/5342 2739/2680/5342
f 2739/2680/5343 837/2634/5343 2742/2683/5343
f 837/2634/5344 836/1045/5344 2742/2683/5344
f 836/1045/5345 837/2634/5345 1142/1046/5345
f 193/142/5346 156/141/5346 223/172/5346
f 314/304/5347 368/274/5347 278/214/5347
f 264/189/5348 302/254/5348 263/4358/5348
f 263/4358/5349 236/178/5349 264/189/5349
f 302/254/5350 264/189/5350 287/217/5350
f 3833/4359/5351 1217/958/5351 713/527/5351
f 711/526/5352 3833/4359/5352 713/527/5352
f 616/2093/5353 2301/2123/5353 2320/524/5353
f 2320/524/5354 960/2132/5354 499/383/5354
f 1028/1815/5355 960/2132/5355 573/422/5355
f 521/385/5356 500/522/5356 499/383/5356
f 1635/1319/5357 1640/1326/5357 1628/1317/5357
f 1110/772/5358 859/661/5358 861/1289/5358
f 1538/1240/5359 1161/4360/5359 1162/1232/5359
f 1550/1236/5360 1541/1235/5360 1542/4361/5360
f 3880/1257/5361 1572/1256/5361 1131/1287/5361
f 1117/1302/5362 859/661/5362 860/663/5362
f 1466/4362/5363 1465/1552/5363 1010/1553/5363
f 336/1173/5364 342/1612/5364 1010/1553/5364
f 1003/1188/5365 1014/1530/5365 867/1189/5365
f 1774/1528/5366 864/670/5366 1014/1530/5366
f 1013/1529/5367 1774/1528/5367 1014/1530/5367
f 1004/816/5368 1788/1524/5368 1013/1529/5368
f 1865/1632/5369 335/252/5369 341/1598/5369
f 1066/1469/5370 1039/834/5370 1038/833/5370
f 1038/833/5371 1052/1450/5371 1066/1469/5371
f 1720/1448/5372 1476/667/5372 1733/1457/5372
f 1467/1487/5373 1472/1537/5373 1473/1485/5373
f 1785/1519/5374 1472/1537/5374 863/1520/5374
f 1047/1476/5375 1048/1499/5375 1731/1453/5375
f 1488/1381/5376 1098/1205/5376 1660/1351/5376
f 1660/1351/5377 1502/1353/5377 1659/4363/5377
f 1697/1401/5378 1105/1390/5378 1671/869/5378
f 1705/1414/5379 3834/4364/5379 1696/1400/5379
f 3834/4364/5380 1697/1401/5380 1696/1400/5380
f 1702/1421/5381 3835/4365/5381 1703/4366/5381
f 3835/4365/5382 1702/1421/5382 1714/1423/5382
f 1837/1592/5383 1836/1624/5383 1824/1582/5383
f 1844/1625/5384 1856/1622/5384 1854/1621/5384
f 1710/1436/5385 1711/1420/5385 1735/1455/5385
f 1674/1447/5386 1710/1436/5386 1735/1455/5386
f 1679/1374/5387 1653/1343/5387 1654/1363/5387
f 1670/4367/5388 1645/1342/5388 1646/1334/5388
f 1664/1355/5389 1677/1372/5389 1665/1369/5389
f 1644/21/5390 1102/894/5390 1643/4368/5390
f 46/23/5391 1100/1206/5391 1491/1341/5391
f 1633/4369/5392 1684/1383/5392 1108/900/5392
f 1616/1307/5393 1418/1153/5393 1107/899/5393
f 1596/1282/5394 1592/1281/5394 1591/1275/5394
f 1839/1643/5395 1804/1545/5395 1892/1661/5395
f 1839/1643/5396 1846/1605/5396 1816/1573/5396
f 1754/1198/5397 1353/1091/5397 1367/1466/5397
f 1367/1466/5398 1480/1199/5398 1754/1198/5398
f 1092/881/5399 1093/891/5399 1091/882/5399
f 213/157/5400 608/455/5400 3806/4370/5400
f 608/455/5401 3836/4371/5401 3806/4370/5401
f 608/455/5402 3837/4372/5402 3836/4371/5402
f 608/455/5403 745/556/5403 3837/4372/5403
f 322/4373/5404 321/236/5404 320/238/5404
f 322/4374/5405 320/1048/5405 323/1047/5405
f 1330/1063/5406 322/4374/5406 323/1047/5406
f 1247/981/5407 3838/4375/5407 1328/1067/5407
f 1337/1074/5408 3838/4375/5408 1247/981/5408
f 407/1065/5409 440/323/5409 406/322/5409
f 888/1040/5410 3839/4376/5410 3807/4266/5410
f 3807/4266/5411 1084/875/5411 888/1040/5411
f 3839/4376/5412 888/1040/5412 1314/1041/5412
f 1219/962/5413 1055/964/5413 3811/1120/5413
f 1069/968/5414 1360/1110/5414 276/197/5414
f 276/197/5415 3840/4377/5415 655/4271/5415
f 251/199/5416 6/2958/5416 3840/4377/5416
f 3840/4377/5417 276/197/5417 251/199/5417
f 187/2259/5418 2457/2284/5418 3841/4378/5418
f 2457/2284/5419 2446/2273/5419 3841/4378/5419
f 2446/2273/5420 2428/2253/5420 2427/2252/5420
f 2404/2227/5421 2427/2252/5421 2285/2251/5421
f 2308/2098/5422 2334/2118/5422 2343/2141/5422
f 3842/4379/5423 1173/4112/5423 3724/4134/5423
f 3261/4314/5424 987/4313/5424 3265/4312/5424
f 3823/4319/5425 3244/3409/5425 3238/3404/5425
f 1585/1269/5426 2841/2803/5426 1507/1215/5426
f 2934/2913/5427 1468/1191/5427 1470/1193/5427
f 1494/3038/5428 2009/2954/5428 2968/2966/5428
f 3228/3379/5429 3234/3392/5429 3221/3366/5429
f 3285/3468/5430 3286/3467/5430 3843/4380/5430
f 3286/4381/5431 3296/4382/5431 3843/4383/5431
f 1324/1059/5432 1323/1058/5432 3354/4384/5432
f 828/2114/5433 2332/1854/5433 288/583/5433
f 1408/1141/5434 1231/1131/5434 1241/989/5434
f 653/2313/5435 629/470/5435 654/2280/5435
f 2454/2281/5436 653/2313/5436 654/2280/5436
f 3844/4385/5437 3831/4355/5437 2526/2366/5437
f 2526/2366/5438 2540/2433/5438 3844/4385/5438
f 1110/772/5439 1523/774/5439 1130/1303/5439
f 1542/1239/5440 1161/4360/5440 1538/1240/5440
f 1636/1322/5441 1637/1327/5441 1645/1342/5441
f 1670/4367/5442 1646/1334/5442 1090/1333/5442
f 1090/1333/5443 1479/1371/5443 1670/4367/5443
f 862/1393/5444 312/1396/5444 1685/1385/5444
f 1633/4369/5445 1687/1386/5445 1684/1383/5445
f 1101/1311/5446 1690/1392/5446 1627/1323/5446
f 166/124/5447 216/4386/5447 126/91/5447
f 3121/3228/5448 14/9/5448 1411/3261/5448
f 3/7/5449 14/9/5449 3121/3228/5449
f 15/11/5450 2733/10/5450 19/2669/5450
f 17/13/5451 15/11/5451 19/2669/5451
f 23/2674/5452 17/13/5452 19/2669/5452
f 621/2470/5453 560/2505/5453 553/2525/5453
f 846/2422/5454 2517/2364/5454 26/18/5454
f 2517/2364/5455 846/2422/5455 2497/2325/5455
f 114/1032/5456 1301/113/5456 148/83/5456
f 33/27/5457 58/28/5457 32/43/5457
f 37/40/5458 38/47/5458 109/54/5458
f 39/36/5459 228/548/5459 744/37/5459
f 1391/1132/5460 356/264/5460 1055/964/5460
f 107/81/5461 129/92/5461 120/80/5461
f 110/82/5462 109/54/5462 593/88/5462
f 129/4387/5463 131/95/5463 204/94/5463
f 120/80/5464 127/4388/5464 119/87/5464
f 130/93/5465 203/4389/5465 127/4388/5465
f 130/93/5466 127/4388/5466 120/80/5466
f 204/94/5467 130/183/5467 129/4387/5467
f 164/152/5468 131/95/5468 128/4390/5468
f 128/98/5469 107/81/5469 110/82/5469
f 110/82/5470 206/3375/5470 164/4391/5470
f 142/4392/5471 141/1377/5471 139/107/5471
f 722/579/5472 136/104/5472 137/673/5472
f 1136/4393/5473 893/4394/5473 138/1093/5473
f 849/2009/5474 378/2008/5474 517/2333/5474
f 161/4395/5475 119/87/5475 127/4388/5475
f 3660/4050/5476 154/656/5476 133/101/5476
f 175/128/5477 172/131/5477 173/130/5477
f 188/120/5478 146/109/5478 192/593/5478
f 119/87/5479 161/4395/5479 122/79/5479
f 203/156/5480 222/1068/5480 161/154/5480
f 161/154/5481 222/1068/5481 231/2779/5481
f 1823/1945/5482 775/1953/5482 674/722/5482
f 231/4396/5483 122/79/5483 161/4395/5483
f 122/79/5484 231/4396/5484 199/153/5484
f 176/129/5485 193/142/5485 279/173/5485
f 231/4396/5486 239/4397/5486 199/153/5486
f 283/188/5487 199/153/5487 239/4397/5487
f 175/128/5488 174/127/5488 262/201/5488
f 3651/3988/5489 3655/4014/5489 3630/3965/5489
f 262/201/5490 198/146/5490 175/128/5490
f 253/179/5491 1625/915/5491 518/4398/5491
f 291/224/5492 283/188/5492 284/222/5492
f 265/218/5493 283/188/5493 291/224/5493
f 274/571/5494 272/211/5494 298/569/5494
f 300/216/5495 361/301/5495 253/179/5495
f 326/463/5496 618/465/5496 2301/2123/5496
f 652/2403/5497 627/472/5497 189/471/5497
f 647/729/5498 646/493/5498 567/495/5498
f 561/545/5499 714/544/5499 416/306/5499
f 371/309/5500 372/283/5500 111/76/5500
f 209/137/5501 234/4399/5501 229/165/5501
f 300/216/5502 319/273/5502 411/302/5502
f 365/288/5503 265/218/5503 306/237/5503
f 372/283/5504 371/309/5504 444/312/5504
f 446/311/5505 444/312/5505 371/309/5505
f 230/166/5506 234/4399/5506 209/137/5506
f 361/301/5507 300/216/5507 411/302/5507
f 315/259/5508 397/338/5508 374/292/5508
f 396/367/5509 423/362/5509 397/338/5509
f 396/367/5510 397/338/5510 350/258/5510
f 398/335/5511 376/275/5511 377/4400/5511
f 411/302/5512 1088/317/5512 318/303/5512
f 377/4400/5513 400/340/5513 430/339/5513
f 376/275/5514 400/340/5514 377/4400/5514
f 351/260/5515 400/340/5515 376/275/5515
f 351/260/5516 352/262/5516 399/276/5516
f 352/262/5517 353/263/5517 364/272/5517
f 384/284/5518 395/313/5518 441/324/5518
f 433/315/5519 918/4401/5519 1088/317/5519
f 444/312/5520 446/311/5520 419/332/5520
f 3639/1330/5521 1606/4018/5521 3656/4006/5521
f 53/2244/5522 918/4401/5522 433/315/5522
f 51/347/5523 433/315/5523 424/287/5523
f 429/365/5524 396/367/5524 428/337/5524
f 350/258/5525 428/337/5525 396/367/5525
f 377/4400/5526 430/339/5526 398/335/5526
f 351/260/5527 399/276/5527 400/340/5527
f 394/369/5528 388/282/5528 441/324/5528
f 418/307/5529 417/753/5529 444/312/5529
f 419/332/5530 418/307/5530 444/312/5530
f 3630/3965/5531 3655/4014/5531 1641/1335/5531
f 515/2221/5532 506/4402/5532 50/387/5532
f 478/344/5533 456/358/5533 479/356/5533
f 1621/1336/5534 1641/1335/5534 3655/4014/5534
f 840/99/5535 133/101/5535 154/656/5535
f 394/369/5536 443/2204/5536 388/282/5536
f 394/369/5537 414/4403/5537 443/2204/5537
f 154/4034/5538 3650/4005/5538 1944/1725/5538
f 1605/4007/5539 3639/1330/5539 3640/1332/5539
f 427/4404/5540 429/365/5540 501/336/5540
f 923/2157/5541 159/372/5541 157/371/5541
f 471/346/5542 496/389/5542 159/4405/5542
f 471/346/5543 472/352/5543 496/389/5543
f 443/2204/5544 515/2221/5544 442/114/5544
f 414/4403/5545 394/369/5545 395/313/5545
f 414/4403/5546 395/313/5546 417/753/5546
f 486/388/5547 414/4403/5547 417/753/5547
f 427/4404/5548 511/366/5548 429/365/5548
f 429/365/5549 428/337/5549 501/336/5549
f 416/306/5550 486/388/5550 418/307/5550
f 966/1052/5551 1322/1279/5551 948/766/5551
f 714/544/5552 50/387/5552 416/306/5552
f 3630/3965/5553 1641/1335/5553 3611/3979/5553
f 520/698/5554 501/336/5554 571/699/5554
f 427/4404/5555 501/336/5555 520/698/5555
f 3611/3979/5556 1641/1335/5556 1649/1337/5556
f 509/374/5557 529/411/5557 496/389/5557
f 1621/1336/5558 3603/3987/5558 1650/1339/5558
f 495/431/5559 532/379/5559 493/364/5559
f 971/799/5560 967/809/5560 970/800/5560
f 574/423/5561 571/699/5561 160/376/5561
f 3642/3960/5562 3573/3900/5562 3623/3959/5562
f 529/428/5563 158/377/5563 496/4406/5563
f 555/625/5564 532/379/5564 531/444/5564
f 556/443/5565 532/379/5565 495/431/5565
f 807/1024/5566 825/627/5566 812/2121/5566
f 808/1857/5567 807/1024/5567 812/2121/5567
f 825/627/5568 2108/629/5568 812/2121/5568
f 180/426/5569 531/444/5569 182/427/5569
f 555/625/5570 531/444/5570 180/426/5570
f 571/699/5571 559/438/5571 520/698/5571
f 3603/3987/5572 1942/4012/5572 3635/1340/5572
f 3635/1340/5573 1942/4012/5573 1943/100/5573
f 1943/100/5574 840/99/5574 3635/1340/5574
f 754/564/5575 148/83/5575 770/112/5575
f 182/427/5576 181/139/5576 580/425/5576
f 665/2458/5577 612/476/5577 640/475/5577
f 686/510/5578 609/508/5578 612/4407/5578
f 1621/1336/5579 1650/1339/5579 3616/3949/5579
f 686/510/5580 612/4407/5580 663/4408/5580
f 664/4409/5581 663/4408/5581 612/4407/5581
f 3635/1340/5582 1650/1339/5582 3603/3987/5582
f 414/4403/5583 515/2221/5583 443/2204/5583
f 506/4402/5584 515/2221/5584 414/4403/5584
f 664/4410/5585 665/2458/5585 687/453/5585
f 665/2458/5586 664/4410/5586 612/476/5586
f 605/454/5587 665/2458/5587 717/512/5587
f 687/453/5588 665/2458/5588 605/454/5588
f 691/562/5589 667/513/5589 639/501/5589
f 694/502/5590 691/562/5590 639/501/5590
f 3614/3944/5591 3639/1330/5591 3632/3982/5591
f 663/531/5592 687/453/5592 688/4411/5592
f 664/4410/5593 687/453/5593 663/531/5593
f 604/452/5594 605/454/5594 717/512/5594
f 666/511/5595 719/779/5595 717/512/5595
f 252/770/5596 251/199/5596 260/771/5596
f 667/513/5597 690/534/5597 666/511/5597
f 723/105/5598 667/513/5598 692/536/5598
f 667/513/5599 691/562/5599 692/536/5599
f 806/535/5600 694/502/5600 724/581/5600
f 1649/1337/5601 1621/1336/5601 3616/3949/5601
f 688/4411/5602 718/532/5602 663/531/5602
f 694/502/5603 806/535/5603 692/536/5603
f 693/514/5604 696/563/5604 724/581/5604
f 3747/4179/5605 3759/4412/5605 3758/4206/5605
f 637/507/5606 610/509/5606 749/604/5606
f 686/533/5607 716/638/5607 611/4413/5607
f 686/533/5608 718/532/5608 716/638/5608
f 766/4414/5609 794/636/5609 718/532/5609
f 768/640/5610 766/639/5610 1722/1928/5610
f 136/104/5611 722/579/5611 723/105/5611
f 735/550/5612 325/239/5612 124/241/5612
f 3604/657/5613 3635/1340/5613 840/99/5613
f 3604/1722/5614 154/4034/5614 1946/1723/5614
f 724/581/5615 696/563/5615 753/616/5615
f 718/532/5616 794/636/5616 716/638/5616
f 3618/3934/5617 3582/3918/5617 3642/3960/5617
f 766/4414/5618 765/653/5618 794/636/5618
f 719/779/5619 722/579/5619 137/673/5619
f 135/103/5620 723/105/5620 752/615/5620
f 40/546/5621 47/2295/5621 49/1515/5621
f 543/838/5622 728/570/5622 1036/836/5622
f 3415/4254/5623 1603/3547/5623 967/3738/5623
f 3767/4205/5624 3739/4204/5624 3758/4206/5624
f 3607/3966/5625 3589/3929/5625 3617/3931/5625
f 3611/3979/5626 3606/3927/5626 3578/3845/5626
f 611/4415/5627 716/638/5627 847/655/5627
f 137/673/5628 1136/1254/5628 804/674/5628
f 463/2173/5629 51/4416/5629 159/372/5629
f 471/4417/5630 159/372/5630 51/4416/5630
f 765/653/5631 848/652/5631 794/636/5631
f 1136/1254/5632 138/4418/5632 804/674/5632
f 893/580/5633 1136/1254/5633 136/104/5633
f 135/103/5634 769/1947/5634 1019/4419/5634
f 752/615/5635 769/1947/5635 135/103/5635
f 138/1093/5636 893/4394/5636 674/722/5636
f 893/4394/5637 1019/1944/5637 674/722/5637
f 854/700/5638 934/702/5638 853/1922/5638
f 2230/2051/5639 1910/2148/5639 1909/1692/5639
f 1532/2223/5640 1910/2148/5640 2230/2051/5640
f 369/4420/5641 847/655/5641 517/2333/5641
f 847/655/5642 831/637/5642 517/2333/5642
f 1019/4419/5643 893/580/5643 135/103/5643
f 832/701/5644 656/1974/5644 848/4421/5644
f 849/2009/5645 831/637/5645 848/2010/5645
f 457/878/5646 918/4422/5646 53/4423/5646
f 662/1954/5647 769/1947/5647 805/1946/5647
f 520/698/5648 511/366/5648 427/4404/5648
f 769/1947/5649 662/1954/5649 1019/4419/5649
f 3763/4184/5650 3734/4150/5650 3754/4185/5650
f 1021/880/5651 1088/4424/5651 918/4425/5651
f 1603/3547/5652 966/1052/5652 967/3738/5652
f 144/186/5653 228/548/5653 192/593/5653
f 232/192/5654 228/548/5654 144/186/5654
f 752/615/5655 753/616/5655 769/1947/5655
f 770/112/5656 805/1946/5656 696/563/5656
f 259/1853/5657 244/160/5657 260/771/5657
f 272/211/5658 244/160/5658 259/1853/5658
f 718/4426/5659 1722/1928/5659 766/639/5659
f 1722/1928/5660 718/4426/5660 688/1929/5660
f 253/179/5661 237/4427/5661 230/166/5661
f 237/4427/5662 253/179/5662 518/4398/5662
f 677/856/5663 604/452/5663 804/674/5663
f 149/110/5664 188/120/5664 142/4392/5664
f 687/453/5665 689/857/5665 688/4411/5665
f 3759/4412/5666 3741/4161/5666 3760/4180/5666
f 141/1377/5667 1707/1781/5667 139/107/5667
f 3741/4161/5668 3759/4412/5668 3747/4179/5668
f 3616/3949/5669 1650/1339/5669 3604/657/5669
f 124/241/5670 547/1834/5670 596/462/5670
f 164/152/5671 162/769/5671 205/151/5671
f 110/82/5672 164/4391/5672 128/98/5672
f 2508/4262/5673 1000/1077/5673 1024/1117/5673
f 3739/4204/5674 3748/4160/5674 3747/4179/5674
f 3607/3966/5675 3579/3928/5675 3589/3929/5675
f 3579/3928/5676 3607/3966/5676 3578/3845/5676
f 2508/4262/5677 1341/1078/5677 1000/1077/5677
f 717/512/5678 719/779/5678 137/673/5678
f 2624/2508/5679 1512/2509/5679 1513/1715/5679
f 2624/2508/5680 1524/2224/5680 1512/2509/5680
f 1957/4177/5681 1958/4428/5681 3415/810/5681
f 2508/4262/5682 1342/4230/5682 1341/1078/5682
f 1925/1702/5683 2372/2069/5683 1920/1703/5683
f 326/463/5684 325/239/5684 681/464/5684
f 689/857/5685 687/453/5685 604/452/5685
f 571/699/5686 2359/4429/5686 383/2124/5686
f 53/4423/5687 51/4416/5687 52/879/5687
f 52/879/5688 51/4416/5688 463/2173/5688
f 140/106/5689 149/110/5689 142/4392/5689
f 142/4392/5690 188/120/5690 141/1377/5690
f 3800/4253/5691 3795/4233/5691 2508/4430/5691
f 3743/4175/5692 2667/4089/5692 3718/2573/5692
f 2501/2467/5693 2634/2316/5693 2372/2069/5693
f 1342/4431/5694 2508/4430/5694 3795/4233/5694
f 1246/979/5695 1336/978/5695 1234/982/5695
f 1241/989/5696 1256/1085/5696 243/182/5696
f 404/297/5697 405/298/5697 1080/874/5697
f 1080/874/5698 405/298/5698 393/291/5698
f 1930/1711/5699 2501/2467/5699 1926/2070/5699
f 3604/657/5700 1947/4432/5700 3592/3937/5700
f 3592/4433/5701 1947/1724/5701 3586/3912/5701
f 1295/1020/5702 379/277/5702 381/279/5702
f 382/280/5703 379/277/5703 1295/1020/5703
f 517/4434/5704 538/2020/5704 369/686/5704
f 378/2008/5705 538/4435/5705 517/2333/5705
f 741/553/5706 1929/1710/5706 2440/2484/5706
f 1307/1038/5707 1310/995/5707 1303/1036/5707
f 391/289/5708 403/296/5708 1236/987/5708
f 543/838/5709 274/571/5709 728/570/5709
f 259/1853/5710 251/199/5710 759/573/5710
f 1379/1124/5711 1360/1110/5711 1359/1097/5711
f 1412/1146/5712 3737/4151/5712 3736/4166/5712
f 1379/1124/5713 1388/1125/5713 1396/1139/5713
f 1930/1711/5714 1929/1710/5714 1932/2666/5714
f 3606/3927/5715 3605/3950/5715 3588/3926/5715
f 1376/1103/5716 973/1137/5716 1375/1135/5716
f 1397/1134/5717 1388/1125/5717 880/1092/5717
f 1388/1125/5718 1397/1134/5718 1396/1139/5718
f 358/266/5719 1397/1134/5719 356/264/5719
f 1391/1132/5720 357/265/5720 356/264/5720
f 1392/1136/5721 1015/1143/5721 1391/1132/5721
f 1015/1143/5722 1392/1136/5722 973/1137/5722
f 1375/1135/5723 973/1137/5723 1392/1136/5723
f 1032/837/5724 273/185/5724 543/838/5724
f 972/1160/5725 357/265/5725 1015/1143/5725
f 973/1137/5726 992/1144/5726 972/1160/5726
f 972/1160/5727 1421/1150/5727 357/265/5727
f 972/1160/5728 1416/1157/5728 1421/1150/5728
f 958/1158/5729 101/67/5729 1417/1151/5729
f 102/68/5730 958/1158/5730 992/1144/5730
f 1417/1151/5731 1421/1150/5731 1416/1157/5731
f 1513/1715/5732 64/32/5732 2624/2508/5732
f 1459/1184/5733 1456/1182/5733 1895/4436/5733
f 2634/2316/5734 2501/2467/5734 2646/2735/5734
f 1498/1209/5735 1499/1208/5735 1497/1344/5735
f 3793/4238/5736 3775/4214/5736 3776/4197/5736
f 2574/2685/5737 1934/39/5737 1512/2509/5737
f 2969/3293/5738 2574/2685/5738 1917/1699/5738
f 2646/2735/5739 1930/1711/5739 550/407/5739
f 547/1834/5740 124/241/5740 568/2025/5740
f 568/2025/5741 124/241/5741 327/240/5741
f 890/331/5742 1616/1307/5742 1609/1298/5742
f 453/704/5743 1616/1307/5743 890/331/5743
f 3351/4215/5744 3756/4216/5744 3787/4243/5744
f 650/503/5745 451/528/5745 477/357/5745
f 408/299/5746 1934/39/5746 2969/3293/5746
f 2969/3293/5747 3458/3782/5747 408/299/5747
f 2969/3293/5748 1917/1699/5748 3458/3782/5748
f 1342/4431/5749 3795/4233/5749 3777/4202/5749
f 3232/2715/5750 44/1701/5750 1918/1700/5750
f 2646/2735/5751 550/407/5751 44/1701/5751
f 59/590/5752 2608/2487/5752 61/31/5752
f 72/802/5753 408/299/5753 214/244/5753
f 3618/3934/5754 3553/3847/5754 3582/3918/5754
f 1675/1366/5755 939/1397/5755 1688/1365/5755
f 940/1367/5756 939/1397/5756 1675/1366/5756
f 44/1701/5757 550/407/5757 43/354/5757
f 43/354/5758 550/407/5758 485/406/5758
f 579/409/5759 485/406/5759 952/408/5759
f 1674/1447/5760 311/231/5760 1688/1365/5760
f 1081/4437/5761 1694/1203/5761 1486/1202/5761
f 939/1397/5762 1674/1447/5762 1688/1365/5762
f 3762/4195/5763 3775/4214/5763 3783/4236/5763
f 3783/4236/5764 2315/4182/5764 3762/4195/5764
f 3740/4155/5765 3741/4161/5765 3748/4160/5765
f 1098/1402/5766 1486/1202/5766 1484/1431/5766
f 3748/4160/5767 3726/4153/5767 3740/4155/5767
f 3592/3937/5768 3593/3902/5768 3591/3942/5768
f 772/589/5769 764/3219/5769 2740/2681/5769
f 3738/3576/5770 3715/4143/5770 2729/2822/5770
f 1716/1442/5771 887/1428/5771 1729/1462/5771
f 1729/1462/5772 1725/1451/5772 1716/1442/5772
f 1728/1461/5773 245/1424/5773 1726/1441/5773
f 1726/1441/5774 1725/1451/5774 1728/1461/5774
f 3587/3913/5775 3592/4433/5775 3586/3912/5775
f 3715/4170/5776 3698/4115/5776 2651/4101/5776
f 408/299/5777 72/802/5777 801/850/5777
f 214/244/5778 408/299/5778 215/242/5778
f 1412/1146/5779 2867/2836/5779 3725/4141/5779
f 1775/1491/5780 1763/1503/5780 1778/1541/5780
f 1164/932/5781 3594/3923/5781 3600/3921/5781
f 1764/1504/5782 1759/1493/5782 1779/1510/5782
f 1779/1510/5783 1353/1091/5783 1792/1531/5783
f 594/684/5784 579/409/5784 578/490/5784
f 551/410/5785 579/409/5785 594/684/5785
f 1764/1504/5786 1778/1541/5786 1763/1503/5786
f 1759/1493/5787 1764/1504/5787 1748/1492/5787
f 3569/3904/5788 3579/3928/5788 3557/3844/5788
f 1792/1531/5789 1781/1542/5789 1764/1504/5789
f 3588/3926/5790 3561/3846/5790 3606/3927/5790
f 1765/1495/5791 1799/1596/5791 1761/1512/5791
f 3778/4224/5792 3787/4243/5792 3757/4208/5792
f 3757/4208/5793 3787/4243/5793 3756/4216/5793
f 1878/1731/5794 3756/4216/5794 1958/1729/5794
f 3766/4438/5795 1342/4431/5795 3737/4151/5795
f 3737/4151/5796 1342/4431/5796 3777/4202/5796
f 3560/3903/5797 3588/3926/5797 3591/3942/5797
f 1014/1530/5798 1003/1188/5798 1002/814/5798
f 62/846/5799 59/590/5799 61/31/5799
f 1826/1593/5800 1813/1583/5800 1828/1575/5800
f 1828/1575/5801 1827/1606/5801 1800/1572/5801
f 3734/4150/5802 3733/4149/5802 3710/4107/5802
f 1003/1188/5803 845/1599/5803 1002/814/5803
f 1827/1606/5804 1828/1575/5804 1813/1583/5804
f 3592/4433/5805 3587/3913/5805 3577/3916/5805
f 574/423/5806 2359/4429/5806 571/699/5806
f 2287/2060/5807 1920/1703/5807 2372/2069/5807
f 1845/1626/5808 1859/1627/5808 1837/1592/5808
f 1459/1184/5809 1870/1637/5809 1850/1185/5809
f 1454/1183/5810 1456/1182/5810 1871/1638/5810
f 1876/1642/5811 1843/1641/5811 1883/1653/5811
f 1882/1654/5812 1859/1627/5812 1846/1605/5812
f 1884/1662/5813 1870/1637/5813 1459/1184/5813
f 340/1590/5814 1334/249/5814 333/248/5814
f 1334/249/5815 1866/1633/5815 1891/1685/5815
f 856/1667/5816 1884/1662/5816 1459/1184/5816
f 1459/1184/5817 1895/4436/5817 856/1667/5817
f 1456/1182/5818 1459/1184/5818 1457/1186/5818
f 334/250/5819 1891/1685/5819 990/1665/5819
f 1334/249/5820 1891/1685/5820 334/250/5820
f 1879/1655/5821 857/1666/5821 1894/1682/5821
f 1458/1181/5822 856/1667/5822 1895/4436/5822
f 1895/4436/5823 1456/1182/5823 1458/1181/5823
f 1899/1671/5824 1888/1639/5824 1857/1649/5824
f 1866/1633/5825 1879/1655/5825 1891/1685/5825
f 857/1666/5826 856/1667/5826 1898/1668/5826
f 191/163/5827 190/1676/5827 1896/1677/5827
f 1896/1677/5828 1453/1688/5828 1335/1657/5828
f 190/1676/5829 169/1689/5829 1896/1677/5829
f 1903/1680/5830 1904/1679/5830 1899/1671/5830
f 1898/1668/5831 1455/1669/5831 168/1687/5831
f 1335/1657/5832 1453/1688/5832 1455/1669/5832
f 190/1676/5833 1901/1678/5833 169/1689/5833
f 1453/1688/5834 169/1689/5834 168/1687/5834
f 167/1690/5835 1901/1678/5835 1902/1681/5835
f 1915/1697/5836 1918/1700/5836 1917/1699/5836
f 2631/2527/5837 1918/1700/5837 1915/1697/5837
f 3458/3782/5838 1917/1699/5838 1918/1700/5838
f 409/300/5839 3458/3782/5839 1918/1700/5839
f 813/804/5840 80/801/5840 214/244/5840
f 1940/3843/5841 1943/100/5841 1939/4013/5841
f 1943/100/5842 1942/4012/5842 1939/4013/5842
f 3577/3916/5843 3587/3913/5843 3566/3898/5843
f 154/4034/5844 1944/1725/5844 1946/1723/5844
f 3600/3920/5845 3584/3911/5845 3559/3910/5845
f 1991/1763/5846 1987/1762/5846 1989/3424/5846
f 801/850/5847 70/849/5847 63/30/5847
f 3557/3844/5848 3561/3846/5848 3547/3881/5848
f 71/916/5849 72/802/5849 80/801/5849
f 328/243/5850 817/803/5850 813/804/5850
f 817/803/5851 328/243/5851 995/808/5851
f 2046/1811/5852 47/2295/5852 725/537/5852
f 47/2295/5853 2046/1811/5853 48/2277/5853
f 91/819/5854 2049/2254/5854 2050/2242/5854
f 2049/2254/5855 2401/2241/5855 2050/2242/5855
f 2057/2190/5856 2059/1822/5856 2058/2154/5856
f 2058/2154/5857 2059/1822/5857 809/1022/5857
f 2077/1841/5858 2074/1840/5858 2076/1839/5858
f 3593/4439/5859 3577/3916/5859 3574/3897/5859
f 2098/2065/5860 2096/2079/5860 2097/2077/5860
f 2096/2079/5861 2098/2065/5861 2099/2048/5861
f 808/1857/5862 810/2122/5862 2105/2129/5862
f 2108/629/5863 826/628/5863 2106/2110/5863
f 88/74/5864 93/73/5864 97/1940/5864
f 721/618/5865 720/2028/5865 2127/1875/5865
f 2133/617/5866 814/619/5866 1861/2350/5866
f 3570/3891/5867 3569/3904/5867 3536/3872/5867
f 2153/1892/5868 2164/1893/5868 2157/1895/5868
f 2169/2054/5869 2172/1907/5869 2173/1906/5869
f 3588/3926/5870 3560/3903/5870 171/3889/5870
f 767/585/5871 2187/584/5871 2188/1919/5871
f 2187/584/5872 2125/1939/5872 2188/1919/5872
f 2187/584/5873 97/1940/5873 2125/1939/5873
f 88/74/5874 97/1940/5874 897/1923/5874
f 897/1923/5875 853/1922/5875 899/1934/5875
f 899/1934/5876 88/74/5876 897/1923/5876
f 2189/1924/5877 1308/1925/5877 2191/723/5877
f 1308/1925/5878 896/930/5878 2193/1926/5878
f 3545/3885/5879 3593/4439/5879 3574/3897/5879
f 2192/1931/5880 853/1922/5880 934/702/5880
f 1308/1925/5881 1309/1927/5881 2191/723/5881
f 854/700/5882 853/1922/5882 898/1921/5882
f 897/1923/5883 97/1940/5883 771/586/5883
f 898/1921/5884 897/1923/5884 771/586/5884
f 775/1953/5885 2197/1942/5885 2191/723/5885
f 2187/584/5886 771/586/5886 97/1940/5886
f 1305/1948/5887 2125/1939/5887 93/73/5887
f 774/1943/5888 2197/1942/5888 775/1953/5888
f 1019/4419/5889 662/1954/5889 1823/1958/5889
f 898/1921/5890 2208/4440/5890 2210/1957/5890
f 2209/1963/5891 2210/1957/5891 2208/4440/5891
f 2208/4440/5892 898/1921/5892 771/586/5892
f 774/2155/5893 1823/1958/5893 513/1956/5893
f 774/2155/5894 513/1956/5894 2201/1968/5894
f 912/1962/5895 854/700/5895 2210/1957/5895
f 2210/1957/5896 2209/1963/5896 912/1962/5896
f 771/586/5897 855/1975/5897 2208/4440/5897
f 513/1956/5898 2116/1955/5898 2201/1968/5898
f 1301/113/5899 2201/1968/5899 2116/1955/5899
f 2208/4440/5900 855/1975/5900 2209/1963/5900
f 767/585/5901 855/1975/5901 771/586/5901
f 657/1964/5902 656/1974/5902 912/1962/5902
f 148/83/5903 634/85/5903 114/1032/5903
f 148/83/5904 754/564/5904 632/84/5904
f 378/1990/5905 656/1974/5905 657/1964/5905
f 2121/1988/5906 2229/1870/5906 2122/1987/5906
f 848/4421/5907 656/1974/5907 378/1990/5907
f 2229/1870/5908 2236/1869/5908 2122/1987/5908
f 2226/1996/5909 2121/1988/5909 2220/1971/5909
f 2122/1987/5910 2236/1869/5910 2231/1998/5910
f 2253/2014/5911 2237/612/5911 2120/1871/5911
f 3560/3903/5912 3568/3890/5912 171/3889/5912
f 2233/1991/5913 2218/1979/5913 2234/1993/5913
f 2231/1998/5914 2236/1869/5914 2235/2013/5914
f 2247/1999/5915 2235/2013/5915 2236/1869/5915
f 378/1990/5916 2239/2034/5916 538/2020/5916
f 2121/1988/5917 2243/2016/5917 2242/2007/5917
f 1273/2000/5918 2194/2017/5918 2232/1997/5918
f 3568/4441/5919 3593/4439/5919 3545/3885/5919
f 2194/2017/5920 2243/2016/5920 2232/1997/5920
f 2175/1909/5921 2235/2013/5921 2170/2012/5921
f 3544/3886/5922 3574/3897/5922 3567/3883/5922
f 760/765/5923 592/450/5923 2093/2019/5923
f 469/578/5924 715/133/5924 793/135/5924
f 2235/2013/5925 2175/1909/5925 2219/2031/5925
f 3567/3883/5926 3566/3898/5926 1950/3884/5926
f 2093/2019/5927 2090/2033/5927 760/765/5927
f 2182/1918/5928 2261/1916/5928 2181/1915/5928
f 2174/1908/5929 2219/2031/5929 2175/1909/5929
f 3561/3846/5930 170/3879/5930 3547/3881/5930
f 2256/2027/5931 2254/2036/5931 2264/2015/5931
f 801/850/5932 71/916/5932 1045/848/5932
f 3546/4442/5933 3568/4441/5933 3556/3887/5933
f 3545/3885/5934 3556/3887/5934 3568/4441/5934
f 2264/2015/5935 2254/2036/5935 2259/2032/5935
f 3544/3852/5936 3567/4443/5936 1953/3868/5936
f 2111/1859/5937 2113/1861/5937 2102/1850/5937
f 2066/1831/5938 2063/1828/5938 2284/2049/5938
f 171/3889/5939 170/3879/5939 3561/3846/5939
f 325/239/5940 326/463/5940 616/2093/5940
f 327/240/5941 616/2093/5941 762/59/5941
f 3546/3888/5942 3556/3869/5942 1663/3853/5942
f 1663/3853/5943 3556/3869/5943 3541/3842/5943
f 2282/2063/5944 2283/2057/5944 2281/2045/5944
f 2281/2045/5945 2283/2057/5945 2088/2064/5945
f 2276/1913/5946 2262/2053/5946 2294/2097/5946
f 3513/3870/5947 170/3879/5947 1652/3880/5947
f 2281/2045/5948 2088/2064/5948 2087/2090/5948
f 2085/2120/5949 2087/2090/5949 2088/2064/5949
f 2107/2092/5950 2309/2078/5950 2095/2080/5950
f 170/3879/5951 3546/3888/5951 1668/1358/5951
f 2085/2120/5952 2088/2064/5952 2086/2104/5952
f 2290/2089/5953 2289/2062/5953 2323/2106/5953
f 1663/3853/5954 3541/3842/5954 3522/3816/5954
f 2295/2117/5955 2172/1907/5955 2313/2087/5955
f 2109/2107/5956 2325/2130/5956 2106/2110/5956
f 3729/4135/5957 3740/4155/5957 3727/4118/5957
f 2268/2041/5958 2311/2094/5958 2302/2115/5958
f 2106/2110/5959 2325/2130/5959 810/2122/5959
f 2324/2112/5960 2325/2130/5960 2109/2107/5960
f 2321/2127/5961 295/498/5961 184/2071/5961
f 2302/2115/5962 2321/2127/5962 184/2071/5962
f 67/34/5963 78/46/5963 68/35/5963
f 2334/2118/5964 2323/2106/5964 2336/1846/5964
f 3526/3830/5965 3513/3870/5965 1652/3880/5965
f 2302/2115/5966 2337/2125/5966 2321/2127/5966
f 812/2121/5967 810/2122/5967 808/1857/5967
f 2325/2130/5968 2105/2129/5968 810/2122/5968
f 3740/4155/5969 3726/4153/5969 3727/4118/5969
f 2321/2127/5970 685/496/5970 295/498/5970
f 1530/4119/5971 3727/4118/5971 3438/4152/5971
f 383/2124/5972 2359/4429/5972 960/2132/5972
f 2179/609/5973 2312/608/5973 2327/2102/5973
f 2335/2119/5974 758/2140/5974 2334/2118/5974
f 2359/4429/5975 573/422/5975 960/2132/5975
f 2335/2119/5976 2348/2145/5976 758/2140/5976
f 808/1857/5977 809/1022/5977 807/1024/5977
f 1668/1358/5978 3546/3888/5978 1663/3853/5978
f 574/423/5979 573/422/5979 2359/4429/5979
f 2328/2103/5980 2351/2138/5980 2342/2136/5980
f 2348/2145/5981 2335/2119/5981 2350/2161/5981
f 803/2128/5982 2327/2102/5982 2362/2170/5982
f 757/2085/5983 2351/2138/5983 2313/2087/5983
f 2166/1903/5984 2165/1902/5984 2167/2160/5984
f 3738/4444/5985 3438/4152/5985 3753/4154/5985
f 2327/2102/5986 2342/2136/5986 2362/2170/5986
f 2155/1894/5987 2167/2160/5987 2165/1902/5987
f 62/843/5988 1188/845/5988 979/840/5988
f 607/950/5989 791/847/5989 70/849/5989
f 2059/1822/5990 2056/2171/5990 2060/1023/5990
f 2300/2177/5991 2058/2154/5991 2298/2191/5991
f 773/582/5992 2298/2191/5992 2058/2154/5992
f 2163/1904/5993 2351/2138/5993 2155/1894/5993
f 993/917/5994 71/916/5994 80/801/5994
f 813/804/5995 993/917/5995 80/801/5995
f 2054/4445/5996 2375/2187/5996 2358/1823/5996
f 2057/2190/5997 2056/2171/5997 2059/1822/5997
f 2052/1816/5998 2057/2190/5998 2053/2189/5998
f 773/582/5999 2371/2192/5999 2298/2191/5999
f 2371/2192/6000 2299/2178/6000 2298/2191/6000
f 2371/2192/6001 773/582/6001 35/169/6001
f 463/2173/6002 923/2157/6002 2360/2164/6002
f 3526/3830/6003 1652/3880/6003 3523/1359/6003
f 2056/2171/6004 2057/2190/6004 2055/1821/6004
f 2371/2192/6005 337/2176/6005 2299/2178/6005
f 337/2176/6006 2371/2192/6006 226/171/6006
f 2162/1901/6007 2163/1904/6007 2164/1893/6007
f 1652/3880/6008 1668/1358/6008 3523/1359/6008
f 2056/2171/6009 2055/1821/6009 2054/1820/6009
f 575/424/6010 2048/1814/6010 1741/2198/6010
f 733/1056/6011 730/1069/6011 105/71/6011
f 2398/2217/6012 2153/1892/6012 2156/2174/6012
f 2077/1841/6013 2079/1844/6013 2375/2187/6013
f 2410/1819/6014 2376/2218/6014 2054/1820/6014
f 2392/2200/6015 2390/2220/6015 2387/2197/6015
f 2387/2197/6016 2053/2189/6016 2392/2200/6016
f 2392/2200/6017 2053/2189/6017 337/2176/6017
f 105/71/6018 751/1500/6018 733/1056/6018
f 2074/2237/6019 2376/2218/6019 2080/2238/6019
f 2376/1842/6020 2077/1841/6020 2375/2187/6020
f 1666/1361/6021 1255/991/6021 3525/3817/6021
f 2395/2203/6022 2393/1054/6022 751/1500/6022
f 2376/2218/6023 2410/1819/6023 2080/2238/6023
f 515/2221/6024 41/2228/6024 2395/2203/6024
f 2161/2225/6025 2162/1901/6025 2152/2215/6025
f 2080/2238/6026 2410/1819/6026 2081/2240/6026
f 2051/1818/6027 2050/2242/6027 2401/2241/6027
f 42/2243/6028 41/2228/6028 515/2221/6028
f 52/879/6029 457/878/6029 53/4423/6029
f 2407/2230/6030 2408/2231/6030 2413/2232/6030
f 2397/2211/6031 2408/2231/6031 2407/2230/6031
f 104/820/6032 91/819/6032 2050/2242/6032
f 42/2243/6033 2046/1811/6033 41/2228/6033
f 210/3778/6034 3504/3810/6034 1666/1361/6034
f 2409/2222/6035 2413/2232/6035 2403/2212/6035
f 2046/1811/6036 42/2243/6036 48/2277/6036
f 2429/2247/6037 2411/2202/6037 2412/1812/6037
f 1021/880/6038 918/4425/6038 457/878/6038
f 2399/2216/6039 2433/2302/6039 2424/2258/6039
f 2433/2302/6040 2399/2216/6040 2425/2226/6040
f 2280/2261/6041 2429/2247/6041 2412/1812/6041
f 1127/832/6042 959/784/6042 1035/789/6042
f 2139/1891/6043 2149/1885/6043 2141/1887/6043
f 96/119/6044 2421/2262/6044 2280/2261/6044
f 47/2295/6045 48/2277/6045 49/1515/6045
f 2433/2302/6046 2434/2269/6046 2424/2258/6046
f 3486/3777/6047 210/3778/6047 1666/1361/6047
f 3483/3809/6048 3503/3796/6048 3495/3797/6048
f 2441/117/6049 96/119/6049 2280/2261/6049
f 2280/2261/6050 2436/1810/6050 2441/117/6050
f 318/267/6051 1088/4424/6051 1021/880/6051
f 3504/3810/6052 210/3778/6052 3488/3748/6052
f 96/119/6053 153/118/6053 91/819/6053
f 725/537/6054 2463/2276/6054 2046/1811/6054
f 2444/2311/6055 2438/2264/6055 2445/2265/6055
f 1669/1360/6056 1667/1357/6056 3485/3766/6056
f 2433/2302/6057 2455/2301/6057 2434/2269/6057
f 92/2260/6058 2460/2358/6058 2459/2292/6058
f 2460/2358/6059 92/2260/6059 2461/2293/6059
f 2469/2306/6060 153/118/6060 2441/117/6060
f 153/118/6061 2469/2306/6061 2461/2293/6061
f 545/404/6062 993/917/6062 813/804/6062
f 726/538/6063 725/537/6063 736/2296/6063
f 47/2295/6064 736/2296/6064 725/537/6064
f 545/404/6065 813/804/6065 994/487/6065
f 2444/2311/6066 2475/2310/6066 2438/2264/6066
f 2257/2029/6067 2269/2267/6067 2434/2269/6067
f 2455/2301/6068 2480/2389/6068 2434/2269/6068
f 2434/2269/6069 2480/2389/6069 2257/2029/6069
f 2073/2291/6070 2071/2355/6070 2072/4446/6070
f 2461/2293/6071 2469/2306/6071 2450/2334/6071
f 2487/539/6072 2488/2335/6072 2462/2294/6072
f 2158/1897/6073 629/470/6073 1319/2312/6073
f 2450/2334/6074 2460/2358/6074 2461/2293/6074
f 2506/2337/6075 2488/2335/6075 2487/539/6075
f 2444/2311/6076 2515/2361/6076 2475/2310/6076
f 2444/2311/6077 2260/2320/6077 628/2377/6077
f 2260/2320/6078 1319/2312/6078 628/2377/6078
f 2132/2288/6079 721/618/6079 2133/617/6079
f 2513/2371/6080 2488/2335/6080 2506/2337/6080
f 2513/2371/6081 2506/2337/6081 2476/2338/6081
f 627/472/6082 1319/2312/6082 629/470/6082
f 721/618/6083 2257/2029/6083 720/2028/6083
f 2480/2389/6084 2511/2030/6084 2257/2029/6084
f 2481/2351/6085 2511/2030/6085 2480/2389/6085
f 2522/2365/6086 2521/2328/6086 2523/4447/6086
f 2482/2327/6087 2523/4447/6087 2521/2328/6087
f 2523/4447/6088 2546/2440/6088 2535/2393/6088
f 2504/2332/6089 2484/2317/6089 2503/2330/6089
f 2471/2336/6090 2470/2318/6090 2462/2294/6090
f 2528/2372/6091 2471/2336/6091 2488/2335/6091
f 2523/4447/6092 2535/2393/6092 2522/2365/6092
f 2523/4447/6093 2482/2327/6093 2545/2441/6093
f 2503/2330/6094 2505/2357/6094 2512/2367/6094
f 2529/2369/6095 2513/2371/6095 2476/2338/6095
f 2515/2361/6096 628/2377/6096 2544/2404/6096
f 627/472/6097 2544/2404/6097 628/2377/6097
f 869/678/6098 776/2347/6098 2498/2379/6098
f 2546/2440/6099 2523/4447/6099 2545/2441/6099
f 3488/3748/6100 210/3778/6100 3487/3747/6100
f 2485/2359/6101 2486/2414/6101 2541/2399/6101
f 2528/2372/6102 2554/2400/6102 2471/2336/6102
f 720/2028/6103 2129/2390/6103 2127/1875/6103
f 2251/2426/6104 2535/2393/6104 2560/2451/6104
f 2482/2327/6105 2524/2352/6105 2545/2441/6105
f 2524/2352/6106 2525/2394/6106 2545/2441/6106
f 2525/2394/6107 2562/2427/6107 2545/2441/6107
f 2566/2462/6108 2565/2416/6108 2564/2479/6108
f 2553/2417/6109 2471/2336/6109 2554/2400/6109
f 2529/2369/6110 2542/2373/6110 695/2376/6110
f 649/2499/6111 2529/2369/6111 695/2376/6111
f 649/2499/6112 695/2376/6112 2569/2375/6112
f 846/2422/6113 2498/2379/6113 2497/2325/6113
f 2496/2324/6114 2517/2364/6114 2497/2325/6114
f 2546/2440/6115 2577/2452/6115 2560/2451/6115
f 2562/2427/6116 2561/2442/6116 2545/2441/6116
f 2541/2399/6117 2565/2416/6117 2539/2413/6117
f 2566/2462/6118 2539/2413/6118 2565/2416/6118
f 2567/2434/6119 2564/2479/6119 2565/2416/6119
f 2568/2465/6120 2567/2434/6120 675/2415/6120
f 2527/2368/6121 2568/2465/6121 675/2415/6121
f 2552/2418/6122 2568/2465/6122 2527/2368/6122
f 2529/2369/6123 649/2499/6123 2555/2370/6123
f 2555/2370/6124 2593/2498/6124 2553/2417/6124
f 2532/2405/6125 36/2468/6125 2517/2364/6125
f 2575/2448/6126 1861/2350/6126 814/619/6126
f 2126/2492/6127 814/619/6127 2127/1875/6127
f 2251/2426/6128 2576/2449/6128 2534/2391/6128
f 2251/2426/6129 2560/2451/6129 2576/2449/6129
f 2577/2452/6130 2238/2001/6130 2560/2451/6130
f 2560/2451/6131 641/2003/6131 2576/2449/6131
f 3494/1356/6132 3495/3797/6132 3485/3766/6132
f 2568/2465/6133 2552/2418/6133 2582/2517/6133
f 2553/2417/6134 2582/2517/6134 2552/2418/6134
f 3485/3766/6135 3495/3797/6135 3484/3775/6135
f 2593/2498/6136 2555/2370/6136 649/2499/6136
f 2569/2375/6137 2583/2497/6137 649/2499/6137
f 2596/2488/6138 2532/2405/6138 2248/2423/6138
f 2126/2492/6139 2575/2448/6139 814/619/6139
f 2126/2492/6140 2598/1873/6140 85/1872/6140
f 2576/2449/6141 641/2003/6141 2129/2390/6141
f 2547/2510/6142 2577/2452/6142 2561/2442/6142
f 2041/1804/6143 635/2537/6143 636/2539/6143
f 635/2537/6144 2550/2410/6144 2600/2455/6144
f 2550/2410/6145 635/2537/6145 2551/2411/6145
f 1124/914/6146 1026/828/6146 1602/762/6146
f 2593/2498/6147 2582/2517/6147 2553/2417/6147
f 2583/2497/6148 2584/2444/6148 2593/2498/6148
f 2583/2497/6149 2569/2375/6149 2584/2444/6149
f 2585/2469/6150 2596/2488/6150 2571/2436/6150
f 560/2505/6151 2575/2448/6151 2214/1960/6151
f 964/841/6152 1189/4448/6152 1129/946/6152
f 2598/1873/6153 2244/2450/6153 2213/2530/6153
f 2238/2001/6154 2577/2452/6154 2547/2510/6154
f 2547/2510/6155 2588/2453/6155 2206/2531/6155
f 2041/1804/6156 636/2539/6156 2589/1805/6156
f 2566/2462/6157 2617/2514/6157 2580/2463/6157
f 2603/2480/6158 2617/2514/6158 2566/2462/6158
f 3486/3777/6159 220/3753/6159 3468/3754/6159
f 964/841/6160 1188/845/6160 1189/4448/6160
f 82/51/6161 85/1872/6161 84/1874/6161
f 607/947/6162 606/1320/6162 1188/845/6162
f 606/4449/6163 607/950/6163 1137/951/6163
f 595/2002/6164 2213/2530/6164 2244/2450/6164
f 595/2002/6165 2238/2001/6165 2547/2510/6165
f 595/2002/6166 2547/2510/6166 2213/2530/6166
f 3757/4207/6167 3756/4450/6167 3767/4205/6167
f 2599/2512/6168 2589/1805/6168 636/2539/6168
f 2647/2540/6169 635/2537/6169 2600/2455/6169
f 635/2537/6170 2647/2540/6170 2665/2563/6170
f 2572/2437/6171 2610/2507/6171 2621/2490/6171
f 581/2504/6172 2630/2567/6172 2623/2506/6172
f 572/2503/6173 2630/2567/6173 581/2504/6173
f 2598/1873/6174 544/2548/6174 2644/2529/6174
f 2212/2495/6175 544/2548/6175 2598/1873/6175
f 2547/2510/6176 2212/2495/6176 2213/2530/6176
f 2636/2551/6177 2581/2478/6177 2580/2463/6177
f 2626/2545/6178 2639/2543/6178 2605/2483/6178
f 2621/2490/6179 2610/2507/6179 2642/2556/6179
f 2621/2490/6180 2642/2556/6180 2629/2547/6180
f 2623/2506/6181 2642/2556/6181 2610/2507/6181
f 572/2503/6182 553/2525/6182 29/2526/6182
f 560/2505/6183 2190/2589/6183 29/2526/6183
f 29/2526/6184 2622/2582/6184 572/2503/6184
f 2645/2569/6185 2644/2529/6185 2614/2494/6185
f 544/2548/6186 2212/2495/6186 2614/2494/6186
f 2212/2495/6187 2206/2531/6187 2613/2493/6187
f 2206/2531/6188 2633/2549/6188 2613/2493/6188
f 2656/2592/6189 2206/2531/6189 997/2550/6189
f 2618/2515/6190 2580/2463/6190 2617/2514/6190
f 2198/2583/6191 2594/2518/6191 2584/2444/6191
f 1018/2500/6192 2198/2583/6192 2584/2444/6192
f 1018/2500/6193 1017/310/6193 2198/2583/6193
f 3766/4178/6194 3725/4451/6194 3416/4167/6194
f 2611/2558/6195 2623/2506/6195 2662/2568/6195
f 2216/1959/6196 2190/2589/6196 560/2505/6196
f 81/50/6197 2190/2589/6197 2216/1959/6197
f 2633/2549/6198 2645/2569/6198 2614/2494/6198
f 2206/2531/6199 2656/2592/6199 2633/2549/6199
f 2198/2583/6200 2199/2541/6200 2594/2518/6200
f 2198/2583/6201 1017/310/6201 373/2584/6201
f 371/309/6202 373/2584/6202 1017/310/6202
f 1450/2577/6203 2199/2541/6203 2198/2583/6203
f 373/2584/6204 371/309/6204 370/898/6204
f 2628/2524/6205 2629/2547/6205 2643/2555/6205
f 2633/2549/6206 516/2590/6206 2645/2569/6206
f 2663/2591/6207 2633/2549/6207 2656/2592/6207
f 2633/2549/6208 2663/2591/6208 527/4452/6208
f 709/398/6209 2378/2179/6209 2625/399/6209
f 3488/3748/6210 3455/3729/6210 3459/3733/6210
f 2647/2540/6211 2648/2461/6211 2665/2563/6211
f 2591/2459/6212 2602/2564/6212 2649/2460/6212
f 3445/3741/6213 3462/3755/6213 3466/3727/6213
f 2637/2576/6214 2592/2464/6214 2638/2481/6214
f 2612/2588/6215 2642/2556/6215 2611/2558/6215
f 2642/2556/6216 2612/2588/6216 2643/2555/6216
f 2611/2558/6217 2654/2557/6217 2612/2588/6217
f 2662/2568/6218 2670/2617/6218 2611/2558/6218
f 2670/2617/6219 2655/2559/6219 2611/2558/6219
f 997/2511/6220 2672/2533/6220 2656/2532/6220
f 2625/399/6221 512/2570/6221 2154/2561/6221
f 2682/4453/6222 2673/2538/6222 2665/2563/6222
f 2649/2460/6223 2666/2476/6223 2665/2563/6223
f 2649/2460/6224 2602/2564/6224 2690/2474/6224
f 2199/2541/6225 1450/2577/6225 530/2575/6225
f 2612/2588/6226 2654/2557/6226 2680/4454/6226
f 2683/2598/6227 2680/4454/6227 2654/2557/6227
f 2190/2589/6228 2622/2582/6228 29/2526/6228
f 527/4452/6229 2190/2589/6229 516/2590/6229
f 527/4452/6230 516/2590/6230 2633/2549/6230
f 2672/2533/6231 2657/2560/6231 2671/2594/6231
f 512/2570/6232 2671/2594/6232 2154/2561/6232
f 2615/2562/6233 512/2570/6233 533/2571/6233
f 2615/2562/6234 2664/2475/6234 512/2570/6234
f 2673/2538/6235 2682/4453/6235 2615/2562/6235
f 2665/2563/6236 2666/2476/6236 2682/4453/6236
f 3725/4451/6237 3766/4178/6237 3737/4455/6237
f 1104/897/6238 2637/2576/6238 530/2575/6238
f 2653/2553/6239 2668/2581/6239 2659/2566/6239
f 2639/2543/6240 2659/2566/6240 2668/2581/6240
f 2655/2559/6241 2684/2627/6241 2683/2598/6241
f 526/4456/6242 2622/2582/6242 2190/2589/6242
f 527/4452/6243 526/4456/6243 2190/2589/6243
f 526/4456/6244 527/4452/6244 510/2621/6244
f 527/4452/6245 2681/4457/6245 510/2621/6245
f 527/4452/6246 2663/2591/6246 2681/4457/6246
f 2688/2593/6247 2681/4457/6247 2663/2591/6247
f 512/2570/6248 2664/2475/6248 2671/2594/6248
f 2682/4453/6249 2664/2475/6249 2615/2562/6249
f 2664/2475/6250 2682/4453/6250 2666/2476/6250
f 2690/2474/6251 2602/2564/6251 2674/2595/6251
f 1821/2604/6252 2668/2581/6252 2653/2553/6252
f 2696/2597/6253 2612/2588/6253 2680/4454/6253
f 2683/2607/6254 2684/2638/6254 2679/2614/6254
f 2622/2582/6255 526/4456/6255 2686/2599/6255
f 2686/2599/6256 526/4456/6256 510/2621/6256
f 2688/2593/6257 510/2621/6257 2681/4457/6257
f 2687/2628/6258 510/2621/6258 2689/2620/6258
f 510/2621/6259 2688/2593/6259 2672/2619/6259
f 2671/2594/6260 2689/4458/6260 2672/2533/6260
f 2689/4458/6261 2671/2594/6261 2699/2633/6261
f 2690/2474/6262 2702/2611/6262 2664/2475/6262
f 2674/2595/6263 2691/2622/6263 2690/2474/6263
f 2697/2635/6264 2680/2606/6264 2061/2608/6264
f 2061/2608/6265 2679/2614/6265 2685/2616/6265
f 460/403/6266 546/405/6266 1000/1077/6266
f 2687/2628/6267 2707/4459/6267 2709/4460/6267
f 2689/2620/6268 2707/4459/6268 2687/2628/6268
f 2707/2631/6269 2708/2630/6269 2709/4461/6269
f 2689/4458/6270 2700/2632/6270 2707/2631/6270
f 2700/2632/6271 2689/4458/6271 2699/2633/6271
f 2699/2633/6272 2710/2655/6272 2700/2632/6272
f 2664/2475/6273 2699/2633/6273 2671/2594/6273
f 2702/2611/6274 2699/2633/6274 2664/2475/6274
f 1024/1117/6275 1000/1077/6275 546/405/6275
f 460/403/6276 1000/1077/6276 983/798/6276
f 983/798/6277 970/800/6277 460/403/6277
f 2713/2637/6278 2685/2616/6278 2030/2615/6278
f 606/4449/6279 970/800/6279 967/809/6279
f 2686/2599/6280 2687/2628/6280 2704/2618/6280
f 2705/2629/6281 2687/2628/6281 2709/4460/6281
f 2714/4462/6282 2705/2629/6282 2709/4460/6282
f 2700/2632/6283 2710/2655/6283 2708/2630/6283
f 2699/2633/6284 2703/2610/6284 2710/2655/6284
f 2703/2610/6285 2691/2622/6285 2701/2654/6285
f 1818/1577/6286 2717/2660/6286 2040/2623/6286
f 1995/1794/6287 2669/2596/6287 2660/1795/6287
f 3446/3732/6288 3456/3719/6288 3459/3733/6288
f 2720/2664/6289 2679/2614/6289 2684/2638/6289
f 2714/2640/6290 2709/4461/6290 2708/2630/6290
f 2708/2630/6291 2710/2655/6291 2706/2641/6291
f 2701/2654/6292 2706/2641/6292 2710/2655/6292
f 2040/2623/6293 2717/2660/6293 505/4463/6293
f 1818/1577/6294 2693/2648/6294 2717/2660/6294
f 2718/2649/6295 2694/2554/6295 2695/2605/6295
f 2679/2614/6296 2720/2664/6296 2030/2615/6296
f 2684/2638/6297 2714/2640/6297 2720/2664/6297
f 2714/2640/6298 2706/2641/6298 2720/2664/6298
f 489/2658/6299 505/4463/6299 2725/2659/6299
f 2717/2660/6300 2725/2659/6300 505/4463/6300
f 2724/2657/6301 2693/2648/6301 2718/2649/6301
f 1995/1794/6302 2718/2649/6302 2695/2605/6302
f 2713/2637/6303 2727/2661/6303 2712/2626/6303
f 2030/2615/6304 2728/2662/6304 2713/2637/6304
f 2724/2657/6305 1995/1794/6305 2026/2652/6305
f 1995/1794/6306 2724/2657/6306 2718/2649/6306
f 2727/2661/6307 2728/2662/6307 2731/2663/6307
f 489/2658/6308 2724/2657/6308 2716/2651/6308
f 18/14/6309 17/13/6309 23/2674/6309
f 22/2687/6310 2733/10/6310 16/12/6310
f 18/14/6311 16/12/6311 15/11/6311
f 2745/791/6312 140/106/6312 2743/108/6312
f 139/107/6313 827/2698/6313 2743/108/6313
f 139/107/6314 140/106/6314 142/4392/6314
f 483/727/6315 484/720/6315 1020/822/6315
f 2743/108/6316 827/2698/6316 1992/2691/6316
f 3443/3728/6317 3446/3732/6317 3455/3729/6317
f 2748/2700/6318 1135/1796/6318 2032/1798/6318
f 1129/946/6319 1189/4448/6319 1188/845/6319
f 3444/3695/6320 3455/3729/6320 3445/3741/6320
f 2279/1970/6321 606/4449/6321 1137/951/6321
f 460/403/6322 993/917/6322 545/404/6322
f 3444/3695/6323 3445/3741/6323 3442/3707/6323
f 3746/4171/6324 3753/4154/6324 1878/4464/6324
f 2798/2731/6325 2804/2769/6325 2787/2732/6325
f 2799/2754/6326 2798/2731/6326 2795/2742/6326
f 2808/2761/6327 2798/2731/6327 2799/2754/6327
f 3767/4205/6328 1878/4464/6328 3753/4154/6328
f 2787/2732/6329 2804/2769/6329 2794/2775/6329
f 2808/2761/6330 2799/2754/6330 1928/2755/6330
f 2793/2765/6331 2787/2732/6331 2794/2775/6331
f 2804/2769/6332 2798/2731/6332 2808/2761/6332
f 2813/2759/6333 1928/2755/6333 2809/2756/6333
f 2809/2756/6334 2814/2766/6334 2813/2759/6334
f 2793/2765/6335 2794/2775/6335 2824/2773/6335
f 2793/2765/6336 2817/2772/6336 2803/2753/6336
f 2827/2798/6337 2824/2773/6337 2815/2760/6337
f 1563/643/6338 484/720/6338 868/677/6338
f 2516/4174/6339 3775/4214/6339 3762/4195/6339
f 2818/2774/6340 2817/2772/6340 2793/2765/6340
f 2815/2760/6341 2826/2789/6341 2827/2798/6341
f 2818/2774/6342 2824/2773/6342 2842/2806/6342
f 2822/909/6343 2835/2804/6343 2831/2795/6343
f 2818/2774/6344 2842/2806/6344 2817/2772/6344
f 2824/2773/6345 2827/2798/6345 2842/2806/6345
f 482/2782/6346 2839/2805/6346 2834/2783/6346
f 2837/2820/6347 2838/2797/6347 2839/2805/6347
f 2838/2797/6348 2837/2820/6348 2833/2796/6348
f 479/356/6349 532/379/6349 555/625/6349
f 2819/2794/6350 2832/4465/6350 2842/2806/6350
f 2842/2806/6351 2827/2798/6351 2819/2794/6351
f 2830/2828/6352 2819/2794/6352 2850/2800/6352
f 2850/2800/6353 2836/2799/6353 2837/2820/6353
f 2833/2796/6354 2837/2820/6354 2836/2799/6354
f 2843/2807/6355 2845/1673/6355 2839/2805/6355
f 2835/2792/6356 2842/2806/6356 2863/4466/6356
f 2819/2794/6357 2830/2828/6357 2832/4465/6357
f 3420/3666/6358 3434/3686/6358 1583/3701/6358
f 2837/2820/6359 2856/2829/6359 2851/2827/6359
f 2832/4465/6360 2863/4466/6360 2842/2806/6360
f 2830/2828/6361 2855/2838/6361 2832/4465/6361
f 2851/2827/6362 2855/2838/6362 2830/2828/6362
f 3439/4467/6363 3433/3673/6363 3440/3689/6363
f 2843/2807/6364 2844/2801/6364 464/2857/6364
f 2873/2840/6365 1581/1266/6365 1580/1265/6365
f 2832/4465/6366 1887/2837/6366 2863/4466/6366
f 1887/2837/6367 2832/4465/6367 2855/2838/6367
f 2855/2838/6368 2851/2827/6368 2856/2829/6368
f 2843/2807/6369 464/2857/6369 2872/2843/6369
f 2863/4466/6370 1887/2837/6370 2868/4468/6370
f 2855/2838/6371 2856/2829/6371 2869/2839/6371
f 3747/4179/6372 3758/4206/6372 3739/4204/6372
f 2860/2819/6373 2865/2832/6373 2846/2812/6373
f 3440/3689/6374 3426/3674/6374 3427/3678/6374
f 3407/3688/6375 3433/3706/6375 3436/3687/6375
f 1887/2868/6376 2885/2855/6376 2868/2847/6376
f 2870/2848/6377 2887/2849/6377 2894/2870/6377
f 2878/2850/6378 2871/1674/6378 2872/2843/6378
f 3434/3686/6379 3420/3666/6379 3425/3671/6379
f 2885/4469/6380 2886/2869/6380 2893/2878/6380
f 2897/2906/6381 2913/2851/6381 464/2857/6381
f 235/1717/6382 237/805/6382 968/796/6382
f 2883/2866/6383 2882/2853/6383 2861/2825/6383
f 1506/1214/6384 432/2856/6384 1448/2909/6384
f 432/4470/6385 2893/2878/6385 2902/2893/6385
f 2885/4469/6386 2893/2878/6386 432/4470/6386
f 2917/2885/6387 2895/2871/6387 2919/2905/6387
f 2903/2904/6388 2878/2850/6388 2913/2851/6388
f 2910/2884/6389 2902/2893/6389 2893/2878/6389
f 2897/2906/6390 2923/2928/6390 2913/2851/6390
f 234/2522/6391 233/2482/6391 1807/2523/6391
f 432/2856/6392 1881/2902/6392 1448/2909/6392
f 2927/2895/6393 432/4470/6393 2902/2893/6393
f 2923/2928/6394 2903/2904/6394 2913/2851/6394
f 3414/3662/6395 3427/3678/6395 3412/3652/6395
f 2931/2899/6396 2921/2863/6396 2882/2853/6396
f 3397/4471/6397 3420/3666/6397 3419/3705/6397
f 3768/4210/6398 3758/4209/6398 3759/4211/6398
f 3769/4193/6399 3768/4210/6399 3760/4212/6399
f 234/2522/6400 218/2521/6400 229/4472/6400
f 2935/4473/6401 1881/2902/6401 2927/2903/6401
f 2916/2918/6402 2918/3023/6402 2915/2894/6402
f 2903/2904/6403 2923/2928/6403 2941/2927/6403
f 969/793/6404 1129/946/6404 1188/845/6404
f 2891/2861/6405 2921/2863/6405 2931/2899/6405
f 2915/2894/6406 2918/3023/6406 2936/2925/6406
f 3422/3636/6407 3402/3635/6407 3392/3619/6407
f 2918/3023/6408 2916/2918/6408 2911/2919/6408
f 1878/4464/6409 3767/4205/6409 3756/4450/6409
f 2279/1970/6410 970/800/6410 606/4449/6410
f 3762/4195/6411 2314/4156/6411 2667/4089/6411
f 420/2965/6412 1822/2987/6412 1276/2951/6412
f 3359/3573/6413 3392/3619/6413 3402/3635/6413
f 2279/1970/6414 993/917/6414 460/403/6414
f 2986/3003/6415 421/2910/6415 1858/2924/6415
f 1858/2924/6416 1881/2902/6416 1847/3022/6416
f 2980/2986/6417 420/2965/6417 415/3009/6417
f 1810/2989/6418 420/2965/6418 2010/2988/6418
f 2010/2988/6419 1815/2946/6419 1810/2989/6419
f 1815/2946/6420 2013/2947/6420 1810/2989/6420
f 2009/2954/6421 415/3009/6421 1810/2989/6421
f 2987/2979/6422 1848/1651/6422 2936/2925/6422
f 486/388/6423 506/4402/6423 414/4403/6423
f 2892/2862/6424 2891/2861/6424 2944/3020/6424
f 3357/3605/6425 3378/3601/6425 3391/3612/6425
f 2936/2925/6426 2973/2977/6426 2987/2979/6426
f 3008/2980/6427 2973/2977/6427 2918/3023/6427
f 2911/2919/6428 3008/2980/6428 2918/3023/6428
f 50/387/6429 714/544/6429 49/1515/6429
f 2982/1773/6430 2971/3019/6430 1806/1564/6430
f 50/387/6431 49/1515/6431 42/2243/6431
f 2982/1773/6432 1806/1564/6432 3013/1560/6432
f 3009/3042/6433 2974/3004/6433 2941/2927/6433
f 2982/1773/6434 3013/1560/6434 816/3010/6434
f 3356/3572/6435 3357/3580/6435 3374/3591/6435
f 3022/3082/6436 2973/2977/6436 3008/2980/6436
f 2974/3004/6437 3022/3082/6437 3008/2980/6437
f 2965/3005/6438 3003/2930/6438 3032/3069/6438
f 3365/3560/6439 3347/3552/6439 3367/3597/6439
f 2651/4101/6440 1432/4123/6440 3715/4170/6440
f 3000/2978/6441 2973/2977/6441 3044/3101/6441
f 3068/3148/6442 3020/3044/6442 3021/3040/6442
f 3334/3551/6443 3346/3550/6443 3339/3541/6443
f 3032/3069/6444 3023/3057/6444 2965/3005/6444
f 3346/3550/6445 3357/3605/6445 3338/3542/6445
f 2983/3033/6446 1797/3098/6446 3029/3053/6446
f 3338/3542/6447 3357/3605/6447 3330/4474/6447
f 387/3130/6448 2973/2977/6448 3022/3082/6448
f 3045/3142/6449 3014/3081/6449 3044/3101/6449
f 2975/3058/6450 3049/3131/6450 386/3118/6450
f 3355/3570/6451 3343/3555/6451 3327/1747/6451
f 3049/3131/6452 3099/3199/6452 386/3118/6452
f 3352/3569/6453 3327/1747/6453 1972/4475/6453
f 1791/3120/6454 3053/3119/6454 3064/3144/6454
f 3081/3179/6455 3045/3142/6455 387/3130/6455
f 3071/3111/6456 3085/1156/6456 1999/1770/6456
f 3061/3133/6457 3082/3160/6457 3093/3180/6457
f 3093/3180/6458 3100/3215/6458 3060/3149/6458
f 3097/3186/6459 1199/3139/6459 3078/3175/6459
f 386/3118/6460 3099/3199/6460 387/3130/6460
f 3092/3198/6461 3049/3131/6461 3060/3149/6461
f 3330/3533/6462 250/1430/6462 3338/3542/6462
f 3081/3179/6463 297/3231/6463 3091/3178/6463
f 3147/3232/6464 387/3130/6464 3099/3199/6464
f 843/3187/6465 3121/3228/6465 3090/3174/6465
f 3060/3149/6466 3100/3215/6466 3092/3198/6466
f 3094/3216/6467 3082/3160/6467 3116/3252/6467
f 3735/4140/6468 3723/4125/6468 1413/1147/6468
f 3122/3229/6469 3090/3174/6469 3121/3228/6469
f 3327/4476/6470 1331/3524/6470 1972/4477/6470
f 3099/3199/6471 3092/3198/6471 3147/3232/6471
f 3116/3252/6472 3124/3234/6472 3142/3270/6472
f 3142/3270/6473 3124/3234/6473 3132/1488/6473
f 3134/3255/6474 3103/3224/6474 3102/4478/6474
f 3134/3255/6475 3102/4478/6475 3145/4479/6475
f 1355/4480/6476 3102/4478/6476 3128/4481/6476
f 3145/4479/6477 3129/3240/6477 3146/3259/6477
f 3115/3212/6478 3146/3259/6478 3130/3242/6478
f 3122/3229/6479 3146/3259/6479 3115/3212/6479
f 2/3267/6480 3146/3259/6480 3122/3229/6480
f 3123/3274/6481 280/3275/6481 14/4482/6481
f 234/4399/6482 230/166/6482 233/168/6482
f 3148/3271/6483 3132/1488/6483 3124/3234/6483
f 3302/4483/6484 3319/4484/6484 3306/3489/6484
f 3102/4478/6485 1355/4480/6485 3145/4479/6485
f 1355/4480/6486 3129/3240/6486 3145/4479/6486
f 3139/4485/6487 3145/4479/6487 3146/3259/6487
f 3139/4485/6488 3146/3259/6488 2/3267/6488
f 3139/4485/6489 2/3267/6489 3135/4486/6489
f 2/3267/6490 14/9/6490 280/202/6490
f 297/3231/6491 3147/3232/6491 275/3268/6491
f 280/3275/6492 297/3231/6492 275/3268/6492
f 3140/3263/6493 3147/3232/6493 3092/3198/6493
f 3138/3264/6494 3142/3270/6494 3154/3276/6494
f 3134/3255/6495 3145/4479/6495 3139/4485/6495
f 3135/4486/6496 2/3267/6496 281/204/6496
f 280/202/6497 281/204/6497 2/3267/6497
f 3139/4485/6498 1767/3253/6498 3134/3255/6498
f 3139/4485/6499 3135/4486/6499 1767/3253/6499
f 3135/4486/6500 281/204/6500 3156/3290/6500
f 3156/3282/6501 275/3268/6501 3140/3263/6501
f 3149/1472/6502 3132/1488/6502 3148/3271/6502
f 3132/1488/6503 1752/1477/6503 3154/3276/6503
f 3138/3264/6504 1749/1479/6504 3151/3284/6504
f 3150/3272/6505 3149/1472/6505 3148/3271/6505
f 951/3663/6506 1602/762/6506 949/1603/6506
f 1717/1429/6507 3310/3521/6507 250/1430/6507
f 3152/3304/6508 3162/3294/6508 3151/3284/6508
f 1749/1479/6509 3152/3304/6509 3151/3284/6509
f 1743/1463/6510 3149/1472/6510 3167/1464/6510
f 3150/3272/6511 3161/3295/6511 3167/1464/6511
f 3158/3305/6512 1749/1479/6512 3157/1478/6512
f 3161/3295/6513 3168/3308/6513 3167/1464/6513
f 3161/3295/6514 3163/3299/6514 3168/3308/6514
f 3158/3305/6515 1739/3303/6515 3152/3304/6515
f 3174/3307/6516 1738/3314/6516 3158/3305/6516
f 3168/3308/6517 3177/3313/6517 3184/3316/6517
f 3184/3316/6518 3177/3313/6518 3181/3318/6518
f 3174/3307/6519 3183/3315/6519 1738/3314/6519
f 3185/3317/6520 3192/3330/6520 3183/3315/6520
f 3183/3315/6521 3192/3330/6521 3189/3320/6521
f 506/4402/6522 486/388/6522 50/387/6522
f 3182/3322/6523 3194/3328/6523 3191/3327/6523
f 3291/3481/6524 3310/3521/6524 1717/1429/6524
f 3193/3343/6525 3192/3330/6525 3185/3317/6525
f 3192/3330/6526 3193/3343/6526 3194/3328/6526
f 3207/3364/6527 3197/3326/6527 3181/3318/6527
f 3207/3364/6528 3181/3318/6528 3202/3346/6528
f 3325/3525/6529 3297/4487/6529 249/3538/6529
f 3208/3355/6530 3191/3327/6530 3198/3344/6530
f 3207/3364/6531 3218/3363/6531 3214/3362/6531
f 3217/1765/6532 3205/3347/6532 3211/3331/6532
f 230/166/6533 237/4427/6533 235/167/6533
f 3206/3349/6534 3235/3394/6534 3210/3369/6534
f 1730/3397/6535 3210/3369/6535 3248/3425/6535
f 3235/3394/6536 3247/3393/6536 3250/3416/6536
f 249/3505/6537 3297/3498/6537 3301/194/6537
f 1986/1443/6538 1987/1762/6538 3254/1761/6538
f 967/3738/6539 969/793/6539 606/1320/6539
f 1987/1762/6540 1986/1443/6540 1983/3446/6540
f 3256/1444/6541 3257/3432/6541 3250/3416/6541
f 3240/3422/6542 3263/3438/6542 3250/3416/6542
f 3306/3489/6543 3282/3463/6543 3302/4483/6543
f 3250/3416/6544 3277/3453/6544 3274/3456/6544
f 3263/3438/6545 3277/3453/6545 3250/3416/6545
f 3278/3452/6546 3263/3438/6546 3255/3437/6546
f 3284/4488/6547 3302/4483/6547 3282/3463/6547
f 3287/3482/6548 3277/3453/6548 3278/3452/6548
f 3289/3488/6549 3274/3456/6549 3277/3453/6549
f 3277/3453/6550 3287/3482/6550 3289/3488/6550
f 3282/3463/6551 3287/3482/6551 3278/3452/6551
f 3282/3463/6552 3269/3448/6552 3284/4488/6552
f 1973/3484/6553 1975/3485/6553 982/4489/6553
f 3274/3456/6554 3289/3488/6554 3281/196/6554
f 3302/3528/6555 3284/3470/6555 3290/3469/6555
f 3287/3482/6556 3282/3463/6556 3291/3481/6556
f 1717/1429/6557 3289/3488/6557 3287/3482/6557
f 38/47/6558 11/29/6558 3846/38/6558
f 5/3/6559 2759/2707/6559 1614/1782/6559
f 69/2/6560 3846/38/6560 5/3/6560
f 5/3/6561 21/25/6561 31/42/6561
f 2031/2697/6562 1614/1782/6562 2759/2707/6562
f 2760/4490/6563 3848/4491/6563 2027/1790/6563
f 3846/38/6564 20/26/6564 5/3/6564
f 3848/4491/6565 2759/2707/6565 5/3/6565
f 118/709/6566 2758/2706/6566 3847/4492/6566
f 3846/38/6567 11/29/6567 20/26/6567
f 5/3/6568 1614/1782/6568 4/1/6568
f 21/25/6569 5/3/6569 20/26/6569
f 3848/4491/6570 2760/4490/6570 2029/1792/6570
f 2029/1792/6571 2759/2707/6571 3848/4491/6571
f 5/3/6572 3847/4492/6572 3848/4491/6572
f 2029/1792/6573 2760/4490/6573 2027/1790/6573
f 2027/1790/6574 3847/4492/6574 2758/2706/6574
f 3847/4492/6575 31/42/6575 118/709/6575
f 5/3/6576 31/42/6576 3847/4492/6576
f 3847/4492/6577 2027/1790/6577 3848/4491/6577
f 2332/1854/6578 697/1630/6578 727/543/6578
f 697/1630/6579 426/541/6579 727/543/6579
f 603/402/6580 345/401/6580 727/543/6580
f 345/401/6581 3849/170/6581 2332/1854/6581
f 727/543/6582 698/542/6582 707/1321/6582
f 3849/170/6583 345/401/6583 226/171/6583
f 727/543/6584 345/401/6584 2332/1854/6584
f 2332/1854/6585 3849/170/6585 35/169/6585
f 727/543/6586 707/1321/6586 603/402/6586
f 74/2286/6587 79/469/6587 591/708/6587
f 2464/705/6588 74/2286/6588 591/708/6588
f 2474/707/6589 894/706/6589 2491/2342/6589
f 1007/440/6590 624/468/6590 1008/817/6590
f 562/414/6591 984/2340/6591 894/706/6591
f 624/468/6592 2489/2339/6592 1008/817/6592
f 525/415/6593 454/370/6593 8/333/6593
f 984/2340/6594 562/414/6594 525/415/6594
f 2473/479/6595 79/469/6595 2453/2287/6595
f 624/468/6596 2473/479/6596 2489/2339/6596
f 3850/547/6597 3851/4493/6597 569/49/6597
f 232/192/6598 271/191/6598 3850/547/6598
f 375/293/6599 569/49/6599 3851/4493/6599
f 271/191/6600 3851/4493/6600 3850/547/6600
f 309/227/6601 315/259/6601 3851/4493/6601
f 3851/4493/6602 271/191/6602 309/227/6602
f 73/48/6603 3850/547/6603 569/49/6603
f 73/48/6604 744/37/6604 3850/547/6604
f 315/259/6605 375/293/6605 3851/4493/6605
f 90/1035/6606 2094/1849/6606 89/4494/6606
f 3852/4495/6607 645/2018/6607 1273/2000/6607
f 2205/1949/6608 93/73/6608 94/75/6608
f 671/1972/6609 1305/1948/6609 2205/1949/6609
f 1306/1951/6610 2094/4496/6610 645/2018/6610
f 645/2018/6611 2195/1932/6611 1306/1951/6611
f 2195/1932/6612 645/2018/6612 3852/4495/6612
f 94/75/6613 2195/1932/6613 2205/1949/6613
f 1306/1951/6614 89/1967/6614 2094/4496/6614
f 2195/1932/6615 2196/1933/6615 1306/1951/6615
f 2195/1932/6616 3852/4495/6616 2205/1949/6616
f 2205/1949/6617 672/1982/6617 671/1972/6617
f 3852/4495/6618 672/1982/6618 2205/1949/6618
f 672/1982/6619 3852/4495/6619 1273/2000/6619
f 390/286/6620 389/285/6620 3853/4497/6620
f 292/212/6621 255/213/6621 390/286/6621
f 3853/4497/6622 292/212/6622 390/286/6622
f 3853/4497/6623 1401/386/6623 3854/4498/6623
f 254/190/6624 292/212/6624 3853/4497/6624
f 117/318/6625 3855/4499/6625 1401/386/6625
f 3854/4498/6626 254/190/6626 3853/4497/6626
f 3855/4499/6627 117/318/6627 362/270/6627
f 307/228/6628 349/226/6628 353/263/6628
f 307/228/6629 353/263/6629 310/229/6629
f 389/285/6630 390/286/6630 267/77/6630
f 389/285/6631 1401/386/6631 3853/4497/6631
f 362/270/6632 359/281/6632 3855/4499/6632
f 254/190/6633 3854/4498/6633 349/226/6633
f 339/261/6634 301/230/6634 310/229/6634
f 1401/386/6635 3855/4499/6635 3854/4498/6635
f 359/281/6636 349/226/6636 3854/4498/6636
f 3854/4498/6637 3855/4499/6637 359/281/6637
f 3856/4500/6638 266/208/6638 156/141/6638
f 165/125/6639 2742/2683/6639 3856/4500/6639
f 112/78/6640 267/77/6640 266/208/6640
f 266/208/6641 223/172/6641 156/141/6641
f 151/126/6642 2742/2683/6642 165/125/6642
f 836/1045/6643 112/78/6643 3856/4500/6643
f 112/78/6644 836/1045/6644 1103/896/6644
f 3856/4500/6645 156/141/6645 165/125/6645
f 3856/4500/6646 2742/2683/6646 836/1045/6646
f 3856/4500/6647 112/78/6647 266/208/6647
f 200/4501/6648 3857/4502/6648 3858/4503/6648
f 236/4504/6649 3858/4503/6649 201/4505/6649
f 200/4501/6650 3858/4503/6650 287/4506/6650
f 287/4506/6651 236/4504/6651 263/4507/6651
f 3857/4502/6652 278/4508/6652 201/4505/6652
f 332/4509/6653 287/4506/6653 263/4507/6653
f 256/4510/6654 368/4511/6654 3859/4512/6654
f 3859/4512/6655 368/4511/6655 412/4513/6655
f 467/4514/6656 3859/4512/6656 412/4513/6656
f 413/4515/6657 314/4516/6657 3859/4512/6657
f 3858/4503/6658 236/4504/6658 287/4506/6658
f 3857/4502/6659 200/4501/6659 202/4517/6659
f 3858/4503/6660 3857/4502/6660 201/4505/6660
f 263/4507/6661 302/4518/6661 332/4509/6661
f 278/4508/6662 3857/4502/6662 314/4516/6662
f 412/4513/6663 465/4519/6663 467/4514/6663
f 3859/4512/6664 467/4514/6664 413/4515/6664
f 465/4519/6665 466/4520/6665 467/4514/6665
f 3857/4502/6666 202/4517/6666 256/4510/6666
f 3859/4512/6667 314/4516/6667 256/4510/6667
f 314/4516/6668 3857/4502/6668 256/4510/6668
f 208/164/6669 247/2578/6669 3860/4521/6669
f 247/2578/6670 248/2644/6670 3860/4521/6670
f 3861/4522/6671 3860/4521/6671 248/2644/6671
f 2035/1799/6672 2749/2689/6672 3862/2684/6672
f 2035/1799/6673 2735/2668/6673 2749/2689/6673
f 2037/1800/6674 3861/4522/6674 2039/2643/6674
f 3845/2693/6675 3861/4522/6675 3862/2684/6675
f 3862/2684/6676 2749/2689/6676 3845/2693/6676
f 2747/2692/6677 3861/4522/6677 3845/2693/6677
f 2747/2692/6678 216/4386/6678 3861/4522/6678
f 2037/1800/6679 3862/2684/6679 3861/4522/6679
f 126/91/6680 216/4386/6680 2747/2692/6680
f 216/4386/6681 166/124/6681 3860/4521/6681
f 3860/4521/6682 166/124/6682 208/164/6682
f 3860/4521/6683 3861/4522/6683 216/4386/6683
f 248/2644/6684 2039/2643/6684 3861/4522/6684
f 3863/4523/6685 308/492/6685 3864/482/6685
f 3865/4524/6686 1712/2397/6686 2204/2396/6686
f 2538/2477/6687 1133/2430/6687 1132/2395/6687
f 2451/2408/6688 2204/2396/6688 30/2429/6688
f 2590/2457/6689 1133/2430/6689 2538/2477/6689
f 584/436/6690 3864/482/6690 3869/481/6690
f 644/497/6691 3870/4525/6691 3871/4526/6691
f 644/497/6692 631/485/6692 980/2473/6692
f 600/486/6693 980/2473/6693 631/485/6693
f 564/417/6694 957/1484/6694 565/418/6694
f 3865/4524/6695 308/492/6695 3863/4523/6695
f 3863/4523/6696 3868/4527/6696 3867/4528/6696
f 3863/4523/6697 630/4353/6697 3871/4526/6697
f 3867/4528/6698 1712/2397/6698 3865/4524/6698
f 630/4353/6699 644/497/6699 3871/4526/6699
f 1712/2397/6700 3867/4528/6700 1132/2395/6700
f 3866/4529/6701 3864/482/6701 584/436/6701
f 584/436/6702 620/473/6702 3866/4529/6702
f 308/492/6703 2204/2396/6703 2451/2408/6703
f 3844/4385/6704 1132/2395/6704 3867/4528/6704
f 3868/4527/6705 3871/4526/6705 3870/4525/6705
f 3870/4525/6706 3831/4355/6706 3868/4527/6706
f 3870/4525/6707 980/2473/6707 2068/4530/6707
f 3870/4525/6708 644/497/6708 980/2473/6708
f 563/416/6709 541/421/6709 564/417/6709
f 957/1484/6710 564/417/6710 3869/481/6710
f 630/4353/6711 3863/4523/6711 3866/4529/6711
f 620/473/6712 630/4353/6712 3866/4529/6712
f 3867/4528/6713 3868/4527/6713 3844/4385/6713
f 2483/2356/6714 3870/4525/6714 2068/4530/6714
f 3869/481/6715 541/421/6715 584/436/6715
f 564/417/6716 541/421/6716 3869/481/6716
f 3871/4526/6717 3868/4527/6717 3863/4523/6717
f 2538/2477/6718 3844/4385/6718 2540/2433/6718
f 3844/4385/6719 2538/2477/6719 1132/2395/6719
f 3866/4529/6720 3863/4523/6720 3864/482/6720
f 3865/4524/6721 2204/2396/6721 308/492/6721
f 2483/2356/6722 3831/4355/6722 3870/4525/6722
f 3868/4527/6723 3831/4355/6723 3844/4385/6723
f 3863/4523/6724 3867/4528/6724 3865/4524/6724
f 468/2083/6725 2326/2111/6725 445/2050/6725
f 2267/2052/6726 98/61/6726 2065/1832/6726
f 2062/1829/6727 98/61/6727 3872/592/6727
f 445/2050/6728 2062/1829/6728 3872/592/6728
f 3872/592/6729 468/2083/6729 445/2050/6729
f 98/61/6730 2062/1829/6730 2065/1832/6730
f 602/523/6731 616/2093/6731 2320/524/6731
f 500/522/6732 2320/524/6732 499/383/6732
f 3833/4531/6733 711/4532/6733 3873/4533/6733
f 1087/4534/6734 1217/4535/6734 3833/4531/6734
f 3873/4533/6735 3874/4536/6735 1087/4534/6735
f 3874/4536/6736 3873/4533/6736 712/4537/6736
f 1087/4534/6737 3833/4531/6737 3873/4533/6737
f 712/4537/6738 3873/4533/6738 711/4532/6738
f 3874/4536/6739 708/4538/6739 1213/4539/6739
f 3874/4536/6740 712/4537/6740 708/4538/6740
f 858/4540/6741 3875/4541/6741 3876/4542/6741
f 3878/4543/6742 3879/4544/6742 3880/4545/6742
f 1131/4546/6743 1604/4547/6743 3880/4545/6743
f 1604/4547/6744 1117/4548/6744 3881/4549/6744
f 3882/4550/6745 3878/4543/6745 3883/4551/6745
f 1629/1318/6746 3885/4552/6746 3886/4553/6746
f 3885/4552/6747 1523/774/6747 1521/1219/6747
f 1521/1219/6748 3888/4554/6748 3885/4552/6748
f 1640/1326/6749 1523/774/6749 3885/4552/6749
f 1640/1326/6750 1130/1303/6750 1523/774/6750
f 1640/1326/6751 1635/1319/6751 1130/1303/6751
f 859/661/6752 1130/1303/6752 1635/1319/6752
f 1117/4548/6753 3875/4541/6753 3877/4555/6753
f 3892/4556/6754 3877/4555/6754 3875/4541/6754
f 3876/4542/6755 1601/1295/6755 858/4540/6755
f 1503/1293/6756 3876/4542/6756 1117/4548/6756
f 3879/4544/6757 1147/1237/6757 3880/4545/6757
f 3886/4557/6758 3889/4558/6758 1630/4559/6758
f 3884/4560/6759 3889/4558/6759 1520/4561/6759
f 3884/4560/6760 1520/4561/6760 1522/4562/6760
f 1522/4562/6761 3887/4563/6761 3884/4560/6761
f 1161/4564/6762 1542/4565/6762 3887/4563/6762
f 3887/4563/6763 1162/4566/6763 1161/4564/6763
f 3889/4567/6764 3888/4554/6764 1521/1219/6764
f 1634/1325/6765 3885/4552/6765 1629/1318/6765
f 1521/1219/6766 1520/1218/6766 3889/4567/6766
f 3885/4552/6767 1634/1325/6767 1640/1326/6767
f 3881/4549/6768 3878/4543/6768 1604/4547/6768
f 3881/4549/6769 3877/4555/6769 3878/4543/6769
f 3890/4568/6770 3887/4563/6770 3891/4569/6770
f 1541/1235/6771 3879/4544/6771 3891/4569/6771
f 3885/4552/6772 3888/4554/6772 3886/4553/6772
f 3878/4543/6773 3877/4555/6773 3892/4556/6773
f 3875/4541/6774 1117/4548/6774 3876/4542/6774
f 1601/1295/6775 3876/4542/6775 1503/1293/6775
f 3881/4549/6776 1117/4548/6776 3877/4555/6776
f 3880/4545/6777 1604/4547/6777 3878/4543/6777
f 3883/4551/6778 3890/4568/6778 3891/4569/6778
f 3887/4563/6779 3890/4568/6779 3884/4560/6779
f 1541/1235/6780 3891/4569/6780 1542/4565/6780
f 3875/4541/6781 1624/4570/6781 3892/4556/6781
f 1629/4571/6782 3886/4557/6782 1630/4559/6782
f 3886/4557/6783 3888/4572/6783 3889/4558/6783
f 1162/4566/6784 3887/4563/6784 1522/4562/6784
f 3879/4544/6785 3878/4543/6785 3882/4550/6785
f 3879/4544/6786 1541/1235/6786 1147/1237/6786
f 3890/4568/6787 3892/4556/6787 3889/4558/6787
f 3892/4556/6788 3890/4568/6788 3883/4551/6788
f 1630/4559/6789 3892/4556/6789 1624/4570/6789
f 3890/4568/6790 3889/4558/6790 3884/4560/6790
f 3883/4551/6791 3891/4569/6791 3882/4550/6791
f 1624/4570/6792 3875/4541/6792 858/4540/6792
f 3891/4569/6793 3879/4544/6793 3882/4550/6793
f 3883/4551/6794 3878/4543/6794 3892/4556/6794
f 3887/4563/6795 1542/4565/6795 3891/4569/6795
f 1630/4559/6796 3889/4558/6796 3892/4556/6796
f 1010/1553/6797 342/1612/6797 1437/1548/6797
f 1437/1548/6798 863/4573/6798 1010/1553/6798
f 1237/984/6799 438/320/6799 3896/4574/6799
f 1046/852/6800 3895/4357/6800 3894/4575/6800
f 1431/1165/6801 3893/4576/6801 1029/1161/6801
f 1349/1102/6802 3896/4574/6802 1332/1076/6802
f 1332/1076/6803 3896/4574/6803 438/320/6803
f 3893/4576/6804 1431/1165/6804 3894/4575/6804
f 3832/4356/6805 3896/4574/6805 3894/4575/6805
f 3894/4575/6806 3895/4357/6806 3832/4356/6806
f 3832/4356/6807 1237/984/6807 3896/4574/6807
f 103/69/6808 3894/4575/6808 1431/1165/6808
f 3894/4575/6809 103/69/6809 1046/852/6809
f 3895/4357/6810 1046/852/6810 1064/1123/6810
f 3893/4576/6811 1408/1141/6811 1029/1161/6811
f 3893/4576/6812 1402/855/6812 1408/1141/6812
f 1402/855/6813 3894/4575/6813 1387/853/6813
f 3896/4574/6814 1358/1096/6814 1387/853/6814
f 1431/1165/6815 1425/1152/6815 103/69/6815
f 1349/1102/6816 1358/1096/6816 3896/4574/6816
f 1402/855/6817 3893/4576/6817 3894/4575/6817
f 3894/4575/6818 3896/4574/6818 1387/853/6818
f 1091/4577/6819 1093/4578/6819 1094/4579/6819
f 1099/4580/6820 1097/4581/6820 3897/4582/6820
f 1092/4583/6821 1094/4579/6821 3897/4582/6821
f 1095/4584/6822 1092/4583/6822 3897/4582/6822
f 1095/4584/6823 3897/4582/6823 1096/4585/6823
f 1094/4579/6824 1099/4580/6824 3897/4582/6824
f 1099/4580/6825 1094/4579/6825 1093/4578/6825
f 1097/4581/6826 1096/4585/6826 3897/4582/6826
f 3898/4586/6827 1515/4587/6827 1525/1223/6827
f 1539/1234/6828 1535/1231/6828 1529/1229/6828
f 3898/4586/6829 1526/1221/6829 1515/4587/6829
f 3898/4586/6830 1525/1223/6830 1534/1225/6830
f 3898/4586/6831 1534/1225/6831 1134/1233/6831
f 1540/1243/6832 1539/1234/6832 3898/4586/6832
f 1526/1221/6833 1517/1227/6833 1516/1224/6833
f 3898/4586/6834 1134/1233/6834 1540/1243/6834
f 1529/1229/6835 1526/1221/6835 3898/4586/6835
f 1539/1234/6836 1529/1229/6836 3898/4586/6836
f 1517/1227/6837 1526/1221/6837 1529/1229/6837
f 1438/1070/6838 1905/1683/6838 1830/1071/6838
f 1897/1672/6839 1830/1071/6839 1905/1683/6839
f 1829/1587/6840 1830/1071/6840 1897/1672/6840
f 1438/1070/6841 990/1665/6841 1900/1686/6841
f 1804/1545/6842 1343/1584/6842 1897/1672/6842
f 1839/1643/6843 1755/1482/6843 1804/1545/6843
f 1755/1482/6844 1839/1643/6844 1816/1573/6844
f 1816/1573/6845 1485/1467/6845 1755/1482/6845
f 1485/1467/6846 1816/1573/6846 1796/1554/6846
f 1796/1554/6847 1795/1543/6847 1485/1467/6847
f 1829/1587/6848 1897/1672/6848 1343/1584/6848
f 1795/1543/6849 1482/1197/6849 1485/1467/6849
f 1438/1070/6850 1900/1686/6850 1905/1683/6850
f 1754/1198/6851 1482/1197/6851 1795/1543/6851
f 3047/3107/6852 3033/3061/6852 2992/3050/6852
f 4132/3739/6853 1963/1739/6853 1964/1738/6853
f 1347/3278/6854 3153/3280/6854 3169/3302/6854
f 818/2967/6855 815/1774/6855 2003/3011/6855
f 3095/3181/6856 3126/3245/6856 3096/3192/6856
f 3126/3245/6857 3118/3235/6857 3096/3192/6857
f 4132/3739/6858 1964/1738/6858 3900/4588/6858
f 1382/3244/6859 3108/3202/6859 3899/4589/6859
f 3720/4590/6860 1156/4591/6860 784/4592/6860
f 3901/4593/6861 785/599/6861 784/4592/6861
f 3782/4594/6862 1155/4595/6862 3902/4596/6862
f 1964/1738/6863 3475/4279/6863 3904/4597/6863
f 3904/4597/6864 3900/4588/6864 1964/1738/6864
f 1346/3277/6865 3906/4598/6865 3908/4599/6865
f 3907/4600/6866 3909/4601/6866 3908/4602/6866
f 4167/4603/6867 3909/4601/6867 3907/4600/6867
f 3477/3765/6868 1959/1732/6868 1960/1734/6868
f 3506/3799/6869 3477/3765/6869 3911/4604/6869
f 3913/4605/6870 4130/4606/6870 4124/4607/6870
f 3912/4608/6871 3911/4609/6871 3910/4610/6871
f 2003/3011/6872 3036/3067/6872 818/2967/6872
f 3914/4611/6873 4189/4612/6873 3915/4613/6873
f 3916/4614/6874 3917/4615/6874 3904/4616/6874
f 3742/4617/6875 3751/4213/6875 3749/4272/6875
f 2991/3028/6876 3010/3049/6876 3919/4618/6876
f 3730/4619/6877 3920/4620/6877 3731/4621/6877
f 3047/3107/6878 3923/4622/6878 3924/4623/6878
f 2953/4624/6879 1275/2983/6879 3926/4625/6879
f 3926/4625/6880 3927/4626/6880 2948/4627/6880
f 3703/4079/6881 3702/4077/6881 3929/4628/6881
f 3772/4200/6882 3755/4176/6882 3930/4629/6882
f 3934/4630/6883 3935/4631/6883 3936/4632/6883
f 1151/1004/6884 3934/4633/6884 3936/4634/6884
f 3936/4635/6885 1560/4636/6885 1272/1005/6885
f 462/345/6886 481/626/6886 823/4289/6886
f 3937/4637/6887 823/4289/6887 481/626/6887
f 3703/4079/6888 3929/4628/6888 3941/4638/6888
f 3665/4024/6889 1194/3997/6889 3942/4639/6889
f 4142/4640/6890 3925/4641/6890 4147/4642/6890
f 3679/4065/6891 3680/4048/6891 3688/4067/6891
f 2999/2995/6892 2962/2973/6892 2997/3015/6892
f 1372/4250/6893 4081/4643/6893 3803/4251/6893
f 2766/2710/6894 2778/2721/6894 3945/4644/6894
f 3950/4645/6895 4059/4646/6895 4228/4647/6895
f 4218/4648/6896 3945/4644/6896 2778/2721/6896
f 975/2874/6897 4230/4649/6897 2866/2834/6897
f 1400/3203/6898 3077/3173/6898 3952/3207/6898
f 1333/3491/6899 3303/3492/6899 3954/4650/6899
f 3822/4317/6900 3823/4318/6900 3925/4651/6900
f 3514/4652/6901 1254/4653/6901 3958/4654/6901
f 2025/1789/6902 3961/4655/6902 2774/2717/6902
f 2005/1776/6903 2007/1778/6903 2961/4656/6903
f 1122/912/6904 1595/1280/6904 3965/4657/6904
f 3702/4077/6905 3689/4066/6905 3929/4628/6905
f 3354/4384/6906 3969/4658/6906 1324/1059/6906
f 1969/4659/6907 1968/4660/6907 4264/4661/6907
f 3063/4662/6908 3960/4663/6908 3062/4664/6908
f 3262/3435/6909 3267/3442/6909 3972/4665/6909
f 3972/4665/6910 3973/4666/6910 3974/4667/6910
f 1022/825/6911 4236/4668/6911 1187/1278/6911
f 1169/4669/6912 1174/4670/6912 3975/4671/6912
f 3220/3372/6913 3977/4672/6913 3951/4673/6913
f 1229/3336/6914 1997/3335/6914 4011/4674/6914
f 3987/4675/6915 4121/4676/6915 3975/4671/6915
f 2964/3001/6916 3994/4677/6916 3993/4678/6916
f 3993/4678/6917 1468/1191/6917 2934/2913/6917
f 1266/971/6918 1265/997/6918 3996/4679/6918
f 3704/4100/6919 3705/4680/6919 4000/4681/6919
f 4000/4681/6920 3697/4082/6920 3704/4100/6920
f 3669/4040/6921 3668/4682/6921 1505/4683/6921
f 4005/4684/6922 4167/4603/6922 4006/4685/6922
f 1186/4308/6923 1190/4686/6923 4258/4687/6923
f 3258/3429/6924 4142/4688/6924 4143/4689/6924
f 3478/4690/6925 4252/4691/6925 4013/4692/6925
f 2954/4693/6926 2948/4627/6926 3927/4626/6926
f 3903/4694/6927 3035/4695/6927 3905/4696/6927
f 4017/4697/6928 2211/4698/6928 4018/4699/6928
f 4018/4699/6929 2211/4698/6929 4021/4700/6929
f 4026/4701/6930 4293/4702/6930 4028/4703/6930
f 4293/4702/6931 4027/4704/6931 4028/4703/6931
f 4032/4705/6932 4232/4706/6932 4031/4707/6932
f 3687/4076/6933 4030/1721/6933 4033/4708/6933
f 3962/4709/6934 3688/4067/6934 3680/4048/6934
f 4039/4710/6935 3688/4067/6935 3962/4709/6935
f 4037/4711/6936 4036/4712/6936 4040/4713/6936
f 4040/4713/6937 4036/4712/6937 4038/4714/6937
f 4040/4713/6938 4038/4714/6938 4041/4715/6938
f 4045/4716/6939 4046/4717/6939 3025/4294/6939
f 4048/4718/6940 4043/4719/6940 3691/4059/6940
f 3684/4348/6941 3663/4720/6941 3664/4349/6941
f 4057/4721/6942 1140/919/6942 1141/920/6942
f 3949/4722/6943 1923/1706/6943 2227/1985/6943
f 4056/4723/6944 4063/4724/6944 4065/4725/6944
f 1262/4288/6945 4288/4726/6945 4068/4727/6945
f 3940/4728/6946 2448/4729/6946 2537/4730/6946
f 3940/4728/6947 755/4731/6947 4073/4732/6947
f 4074/4733/6948 4073/4732/6948 4075/4734/6948
f 4072/4735/6949 4080/4736/6949 4076/4737/6949
f 1251/4738/6950 3519/4739/6950 4076/4737/6950
f 4078/4740/6951 1365/4261/6951 4075/4734/6951
f 4078/4740/6952 4075/4734/6952 4077/4741/6952
f 4079/4742/6953 3549/3860/6953 4084/4743/6953
f 3765/4744/6954 3789/4745/6954 4085/4746/6954
f 4090/4747/6955 3938/4748/6955 3955/4749/6955
f 3842/4750/6956 4090/4747/6956 4091/4751/6956
f 3705/4752/6957 3842/4750/6957 4091/4751/6957
f 4252/4691/6958 3981/4753/6958 3983/4754/6958
f 4092/4755/6959 4223/4756/6959 4094/4757/6959
f 3920/4620/6960 4096/4758/6960 4000/4681/6960
f 3646/3990/6961 4100/4759/6961 4102/4760/6961
f 4103/4761/6962 4003/4762/6962 4107/4763/6962
f 3408/3644/6963 4108/4764/6963 4009/4765/6963
f 3401/3638/6964 3408/3644/6964 4009/4765/6964
f 3398/3626/6965 3395/3625/6965 3820/4311/6965
f 4112/4766/6966 4115/4767/6966 4113/4768/6966
f 4111/4769/6967 4116/4770/6967 4007/4771/6967
f 3969/4658/6968 3354/4384/6968 1260/4342/6968
f 4126/4772/6969 4130/4606/6969 4123/4773/6969
f 4124/4774/6970 4127/4775/6970 3912/4608/6970
f 3501/4776/6971 4127/4777/6971 4128/4778/6971
f 4128/4778/6972 4129/4779/6972 3502/4780/6972
f 4125/4781/6973 4119/4782/6973 4131/4783/6973
f 3963/4784/6974 4127/4775/6974 3501/3792/6974
f 3904/4616/6975 3475/4785/6975 3916/4614/6975
f 196/4786/6976 3447/4787/6976 3452/4788/6976
f 3337/3549/6977 4131/4783/6977 4133/4789/6977
f 4133/4789/6978 4134/4790/6978 3316/4791/6978
f 3437/4792/6979 3429/4793/6979 3430/4794/6979
f 4135/4795/6980 3317/4796/6980 3316/4797/6980
f 4135/4795/6981 3316/4791/6981 4134/4790/6981
f 3428/4798/6982 3431/4799/6982 3430/4794/6982
f 3954/4650/6983 3985/4800/6983 4136/4801/6983
f 3985/4800/6984 4137/4802/6984 4139/4803/6984
f 3296/4382/6985 3300/4804/6985 4136/4801/6985
f 4138/4805/6986 987/4313/6986 4141/4806/6986
f 4141/4807/6987 3974/4667/6987 4140/4808/6987
f 3822/4809/6988 3925/4641/6988 4142/4640/6988
f 3978/4810/6989 4152/4811/6989 4148/4812/6989
f 4155/4813/6990 4012/4814/6990 4268/4815/6990
f 4004/4816/6991 4159/4817/6991 4154/4818/6991
f 4161/4819/6992 4004/4816/6992 4160/4820/6992
f 4167/4603/6993 3171/4821/6993 4168/4822/6993
f 4272/4823/6994 4165/4824/6994 4166/4825/6994
f 4174/4826/6995 3986/4827/6995 4175/4828/6995
f 4169/4829/6996 4172/4830/6996 3089/4831/6996
f 4172/4830/6997 4177/4832/6997 1202/4833/6997
f 4005/4684/6998 4173/4834/6998 3909/4601/6998
f 3073/4835/6999 3089/4831/6999 4172/4830/6999
f 4177/4832/7000 1201/4836/7000 1202/4833/7000
f 4177/4832/7001 4274/4837/7001 4275/4838/7001
f 4180/4839/7002 3112/3208/7002 3952/3207/7002
f 3077/3173/7003 3827/4336/7003 4289/4840/7003
f 4181/4841/7004 4186/4842/7004 4177/4832/7004
f 2961/4656/7005 2968/2966/7005 2005/1776/7005
f 4187/4843/7006 4186/4842/7006 4181/4841/7006
f 4188/4844/7007 2968/2966/7007 2961/4656/7007
f 2011/4845/7008 2014/4846/7008 2942/2939/7008
f 3923/4622/7009 2968/2966/7009 4188/4844/7009
f 3018/4847/7010 3028/4848/7010 4186/4842/7010
f 1598/2940/7011 2942/2939/7011 2017/4849/7011
f 4192/4850/7012 4279/4851/7012 4179/4852/7012
f 1248/3021/7013 1249/3035/7013 1206/4333/7013
f 4190/4853/7014 2963/4854/7014 3005/4855/7014
f 2964/3001/7015 1248/3021/7015 3994/4677/7015
f 2875/4856/7016 4197/4857/7016 4202/4858/7016
f 4201/4859/7017 4198/4860/7017 1508/2860/7017
f 4201/4859/7018 4203/4861/7018 4198/4860/7018
f 4203/4861/7019 1490/2875/7019 1469/1192/7019
f 4203/4861/7020 4201/4859/7020 1490/2875/7020
f 2853/2813/7021 2875/2846/7021 4202/4862/7021
f 4202/4862/7022 4205/4863/7022 2853/2813/7022
f 2853/2813/7023 4205/4863/7023 2847/2811/7023
f 4210/4864/7024 4208/4865/7024 4287/4866/7024
f 4211/4867/7025 2776/2738/7025 4212/4868/7025
f 1114/2752/7026 4213/4869/7026 2802/2750/7026
f 3899/4870/7027 3069/3167/7027 3096/3192/7027
f 3899/4870/7028 1430/3152/7028 3069/3167/7028
f 3782/4594/7029 3901/4593/7029 1156/4591/7029
f 3901/4593/7030 1936/1718/7030 785/599/7030
f 3902/4596/7031 1936/1718/7031 3901/4593/7031
f 3902/4596/7032 3903/4871/7032 4017/4872/7032
f 1347/3278/7033 3169/3302/7033 3906/4598/7033
f 3169/3302/7034 3171/3300/7034 3907/4873/7034
f 3908/4602/7035 3909/4601/7035 3107/3201/7035
f 3477/3765/7036 3476/3764/7036 3910/4874/7036
f 3911/4609/7037 3477/4875/7037 3910/4610/7037
f 3911/4609/7038 3912/4608/7038 3963/4784/7038
f 3054/3108/7039 3918/4876/7039 4222/4877/7039
f 3054/3108/7040 3047/3107/7040 3924/4623/7040
f 2992/3050/7041 3923/4622/7041 3047/3107/7041
f 2967/2981/7042 3919/4878/7042 2978/2982/7042
f 3010/3073/7043 3034/3072/7043 3922/4879/7043
f 4222/4877/7044 3026/3066/7044 1462/4338/7044
f 1275/2983/7045 2978/2982/7045 3926/4625/7045
f 3107/3201/7046 4173/4834/7046 3108/3202/7046
f 3772/4232/7047 3930/4880/7047 3815/4881/7047
f 2792/2736/7048 2781/2745/7048 4216/4882/7048
f 2781/2745/7049 3939/4883/7049 4216/4882/7049
f 3941/4638/7050 3685/4080/7050 3703/4079/7050
f 2962/4884/7051 2961/4656/7051 2007/1778/7051
f 3706/4885/7052 4225/4886/7052 3716/4129/7052
f 3706/4885/7053 3700/4073/7053 3943/4887/7053
f 2770/2722/7054 2767/2714/7054 4220/4888/7054
f 2765/2713/7055 4220/4888/7055 2767/2714/7055
f 2778/2721/7056 2782/2730/7056 4218/4648/7056
f 3313/3509/7057 3954/4650/7057 3321/3517/7057
f 3952/3207/7058 3077/3173/7058 4289/4840/7058
f 3842/4750/7059 3724/4889/7059 3938/4748/7059
f 4006/4685/7060 4171/4890/7060 3964/4891/7060
f 1122/912/7061 3965/4657/7061 3966/4892/7061
f 3690/4057/7062 3682/4056/7062 3681/4043/7062
f 3262/3435/7063 3972/4665/7063 3260/3434/7063
f 1594/1276/7064 1187/1278/7064 4233/4893/7064
f 3684/4348/7065 4048/4718/7065 3663/4720/7065
f 1586/3676/7066 3981/4753/7066 3982/4894/7066
f 3300/4804/7067 4265/4895/7067 4136/4801/7067
f 2997/3015/7068 3828/4337/7068 3043/3095/7068
f 3996/4679/7069 3984/4896/7069 1266/971/7069
f 4003/4762/7070 3669/4040/7070 1505/4683/7070
f 4020/4897/7071 4019/4898/7071 4018/4699/7071
f 1936/4899/7072 4020/4897/7072 4022/4900/7072
f 4020/4897/7073 1936/4899/7073 4019/4898/7073
f 4022/4900/7074 1937/4901/7074 1936/4899/7074
f 4028/4902/7075 4029/4903/7075 4026/4904/7075
f 4025/4905/7076 4024/4906/7076 4021/4700/7076
f 4025/4905/7077 4021/4700/7077 1225/996/7077
f 3801/4248/7078 3815/4907/7078 4028/4703/7078
f 3932/4908/7079 4029/4903/7079 4028/4902/7079
f 4032/4705/7080 4025/4905/7080 929/4351/7080
f 3933/4909/7081 4030/1721/7081 4029/4903/7081
f 925/741/7082 4233/4893/7082 929/4351/7082
f 4033/4910/7083 3933/4911/7083 1394/4165/7083
f 2768/4912/7084 3802/4913/7084 4027/4704/7084
f 1393/4139/7085 4034/4914/7085 1394/4165/7085
f 3687/4915/7086 4034/4914/7086 3683/4047/7086
f 4034/4914/7087 3687/4915/7087 4033/4910/7087
f 4236/4668/7088 3970/4916/7088 4233/4893/7088
f 4037/4711/7089 4238/4917/7089 4232/4706/7089
f 1393/4139/7090 4035/4918/7090 4034/4914/7090
f 4236/4668/7091 4036/4712/7091 4037/4711/7091
f 4035/4918/7092 1393/4139/7092 1399/4137/7092
f 4035/4918/7093 1399/4137/7093 3962/4709/7093
f 3683/4047/7094 4035/4918/7094 3680/4048/7094
f 4035/4918/7095 3683/4047/7095 4034/4914/7095
f 4238/4917/7096 658/3166/7096 1414/4919/7096
f 3962/4709/7097 1399/4137/7097 3719/4133/7097
f 3962/4709/7098 3680/4048/7098 4035/4918/7098
f 3717/4114/7099 4039/4710/7099 3816/4298/7099
f 658/3166/7100 4238/4917/7100 1700/3164/7100
f 3717/4114/7101 3713/4109/7101 4039/4710/7101
f 4238/4917/7102 4040/4713/7102 4044/4920/7102
f 4042/4921/7103 4038/4714/7103 3830/4352/7103
f 3991/4922/7104 4039/4710/7104 3713/4109/7104
f 4039/4710/7105 3689/4066/7105 3688/4067/7105
f 1700/3164/7106 4044/4920/7106 3025/4294/7106
f 3025/4294/7107 4044/4920/7107 4045/4716/7107
f 3691/4059/7108 4043/4719/7108 3692/4060/7108
f 3814/4290/7109 4046/4717/7109 4050/4923/7109
f 1683/1378/7110 4050/4924/7110 1316/1051/7110
f 3634/3973/7111 3654/4004/7111 3971/4925/7111
f 3636/4299/7112 3637/3975/7112 4055/4926/7112
f 3620/3958/7113 4053/4927/7113 4056/4723/7113
f 4057/4721/7114 1141/920/7114 1316/1051/7114
f 3610/3941/7115 3620/3958/7115 4056/4723/7115
f 4058/4928/7116 3612/4304/7116 3817/4303/7116
f 4016/4929/7117 503/659/7117 999/813/7117
f 4061/4930/7118 3956/4931/7118 4244/4932/7118
f 1262/4288/7119 1054/859/7119 4064/4933/7119
f 1951/3877/7120 4065/4725/7120 1954/3878/7120
f 4067/4934/7121 2405/4287/7121 4066/4935/7121
f 4063/4724/7122 4245/4936/7122 4071/4937/7122
f 4246/4938/7123 1073/865/7123 3992/4939/7123
f 1361/4286/7124 1362/3936/7124 4246/4938/7124
f 4071/4937/7125 3563/3896/7125 4072/4735/7125
f 4073/4732/7126 4074/4733/7126 3940/4728/7126
f 3534/3867/7127 3959/4940/7127 3531/4941/7127
f 4074/4733/7128 1361/4286/7128 4246/4938/7128
f 3959/4940/7129 4072/4735/7129 3519/4739/7129
f 4247/4942/7130 1211/3873/7130 4080/4736/7130
f 1365/4261/7131 1361/4286/7131 4075/4734/7131
f 4248/4943/7132 4081/4643/7132 4078/4740/7132
f 1251/4738/7133 4076/4737/7133 4083/4944/7133
f 1025/913/7134 1122/912/7134 4248/4945/7134
f 4080/4736/7135 3550/3858/7135 4079/4742/7135
f 4083/4944/7136 4080/4736/7136 4079/4742/7136
f 3481/3774/7137 1258/3783/7137 4083/4944/7137
f 4079/4742/7138 3550/3858/7138 3549/3860/7138
f 3765/4744/7139 4085/4746/7139 4001/4946/7139
f 3791/4947/7140 4088/4948/7140 4249/4949/7140
f 3482/3772/7141 3461/4950/7141 3467/4951/7141
f 3461/4950/7142 3482/3772/7142 4086/4952/7142
f 1152/4953/7143 3781/4954/7143 4088/4948/7143
f 4002/4955/7144 3955/4749/7144 3938/4748/7144
f 3770/4956/7145 3955/4749/7145 3781/4957/7145
f 4251/4958/7146 1557/4959/7146 3461/4950/7146
f 4091/4751/7147 4223/4960/7147 4092/4961/7147
f 3705/4752/7148 1173/4962/7148 3842/4750/7148
f 4223/4960/7149 4091/4751/7149 4090/4747/7149
f 4095/4963/7150 4255/4964/7150 3981/4753/7150
f 4096/4758/7151 1184/4083/7151 4000/4681/7151
f 3423/3665/7152 3982/4894/7152 4254/4965/7152
f 4254/4965/7153 3418/3659/7153 3423/3665/7153
f 3716/4129/7154 4225/4886/7154 3730/4144/7154
f 4097/4966/7155 1184/4083/7155 4096/4758/7155
f 4099/4967/7156 4098/4968/7156 3677/4969/7156
f 4097/4966/7157 4100/4759/7157 3813/4284/7157
f 3418/3659/7158 4254/4965/7158 1611/3655/7158
f 1575/3722/7159 1593/4970/7159 3999/4971/7159
f 4254/4965/7160 4255/4964/7160 1611/3655/7160
f 3662/4016/7161 4100/4759/7161 3646/3990/7161
f 3662/4016/7162 3676/4037/7162 4100/4759/7162
f 4255/4964/7163 4104/4972/7163 1611/3655/7163
f 3646/3990/7164 4102/4760/7164 4101/3991/7164
f 4258/4687/7165 4095/4963/7165 3819/4309/7165
f 4255/4964/7166 4108/4764/7166 4104/4972/7166
f 4101/3991/7167 4109/4973/7167 1510/3989/7167
f 1610/3645/7168 1611/3655/7168 4104/4972/7168
f 4104/4972/7169 3408/3644/7169 1610/3645/7169
f 3633/4275/7170 4107/4974/7170 1493/1217/7170
f 1510/3989/7171 4109/4973/7171 1509/4975/7171
f 4106/4976/7172 3812/4283/7172 4109/4973/7172
f 1509/4975/7173 4109/4973/7173 1537/4977/7173
f 4109/4973/7174 3812/4283/7174 3581/4282/7174
f 4110/4978/7175 3396/4347/7175 3401/4346/7175
f 1168/4979/7176 3812/4283/7176 4261/4980/7176
f 3387/4981/7177 4112/4766/7177 3380/4982/7177
f 3375/4983/7178 3380/4982/7178 4112/4766/7178
f 4261/4984/7179 4007/4985/7179 1168/936/7179
f 1166/934/7180 1168/936/7180 4007/4985/7180
f 1166/934/7181 4007/4985/7181 3527/3833/7181
f 3969/4658/7182 3375/4983/7182 4113/4768/7182
f 4007/4985/7183 4116/4986/7183 4117/4987/7183
f 4007/4985/7184 4117/4987/7184 3527/3833/7184
f 3527/3833/7185 4117/4987/7185 3509/3835/7185
f 3509/3835/7186 4117/4987/7186 1181/3784/7186
f 1181/3784/7187 4117/4987/7187 1180/3779/7187
f 3518/4988/7188 3987/4675/7188 1175/4989/7188
f 1180/3779/7189 4117/4987/7189 1182/3769/7189
f 1177/4990/7190 3502/4780/7190 4129/4779/7190
f 1324/1059/7191 4125/4781/7191 3340/1057/7191
f 4125/4781/7192 1324/1059/7192 4120/4991/7192
f 3502/4780/7193 3501/4776/7193 4128/4778/7193
f 4130/4606/7194 3472/3751/7194 1183/3750/7194
f 4119/4782/7195 3336/3546/7195 4131/4783/7195
f 3501/3792/7196 3499/3801/7196 3963/4784/7196
f 3499/4992/7197 3508/3804/7197 3911/4604/7197
f 1183/3750/7198 4123/4773/7198 4130/4606/7198
f 3340/1057/7199 4125/4781/7199 3337/3549/7199
f 3326/3522/7200 4131/4783/7200 3336/3546/7200
f 3917/4615/7201 4263/4993/7201 1961/4994/7201
f 3322/3515/7202 4131/4783/7202 3326/3522/7202
f 1968/4660/7203 1967/4995/7203 3447/4787/7203
f 3337/3549/7204 4133/4789/7204 3323/4341/7204
f 3323/4341/7205 4133/4789/7205 3316/4791/7205
f 3321/3517/7206 4134/4790/7206 3322/3515/7206
f 3308/3499/7207 4265/4895/7207 3307/3500/7207
f 4135/4795/7208 4136/4801/7208 4265/4895/7208
f 3307/3500/7209 4265/4895/7209 3300/4804/7209
f 3292/3477/7210 3288/3472/7210 4137/4802/7210
f 3285/3468/7211 3973/4666/7211 3279/3457/7211
f 3279/3457/7212 3973/4666/7212 3272/3450/7212
f 4141/4806/7213 987/4313/7213 4014/4996/7213
f 4014/4997/7214 3974/4667/7214 4141/4807/7214
f 3974/4667/7215 3973/4666/7215 4140/4998/7215
f 3267/3442/7216 3973/4666/7216 3972/4665/7216
f 3253/3420/7217 1988/3415/7217 4231/4999/7217
f 3237/3401/7218 4150/5000/7218 3234/3392/7218
f 3234/3392/7219 4150/5000/7219 4266/5001/7219
f 1209/3367/7220 4266/5001/7220 4151/5002/7220
f 1212/952/7221 3977/4672/7221 1210/953/7221
f 1222/969/7222 4153/5003/7222 1212/952/7222
f 3213/3358/7223 4268/4815/7223 4012/4814/7223
f 1227/3353/7224 4153/5003/7224 1222/969/7224
f 4269/5004/7225 4155/4813/7225 4153/5003/7225
f 3209/3354/7226 4012/4814/7226 1996/1769/7226
f 1250/5005/7227 4157/5006/7227 3190/5007/7227
f 1250/5005/7228 4011/4674/7228 4157/5006/7228
f 3187/5008/7229 4157/5006/7229 4158/5009/7229
f 3105/5010/7230 4273/5011/7230 1406/5012/7230
f 3964/4891/7231 1370/3210/7231 3113/3209/7231
f 4274/4837/7232 3079/5013/7232 4275/4838/7232
f 1192/3213/7233 1198/3158/7233 1197/3140/7233
f 3073/4835/7234 4172/4830/7234 1202/4833/7234
f 4275/4838/7235 3079/5013/7235 4277/5014/7235
f 3107/3201/7236 1346/4339/7236 3908/4602/7236
f 4221/5015/7237 3109/3204/7237 4180/4839/7237
f 4178/5016/7238 4221/5015/7238 3899/4589/7238
f 3112/3208/7239 4180/4839/7239 3109/3204/7239
f 1430/5017/7240 3899/4589/7240 4221/5015/7240
f 4177/4832/7241 3057/5018/7241 1201/4836/7241
f 4289/4840/7242 4180/4839/7242 3952/3207/7242
f 4221/5015/7243 1429/5019/7243 1430/5017/7243
f 3057/5018/7244 4177/4832/7244 1215/5020/7244
f 4181/4841/7245 4277/5014/7245 1204/5021/7245
f 4177/4832/7246 4186/4842/7246 1215/5020/7246
f 4280/5022/7247 4182/5023/7247 4290/5024/7247
f 2954/4693/7248 3927/4626/7248 1600/2938/7248
f 3080/3159/7249 4279/4851/7249 1206/4333/7249
f 1215/5020/7250 4186/4842/7250 1214/5025/7250
f 2961/2996/7251 2956/2972/7251 4188/5026/7251
f 4188/4844/7252 3924/4623/7252 3923/4622/7252
f 1214/5025/7253 4186/4842/7253 3028/4848/7253
f 2942/2939/7254 2014/4846/7254 2017/4849/7254
f 3953/5027/7255 1600/2938/7255 3927/4626/7255
f 4222/4877/7256 3918/4876/7256 3924/4623/7256
f 4187/4843/7257 4181/4841/7257 3030/5028/7257
f 1206/4333/7258 4192/4850/7258 1248/3021/7258
f 4190/5029/7259 3005/3031/7259 3018/3054/7259
f 3998/5030/7260 4194/5031/7260 4193/5032/7260
f 2957/5033/7261 4194/5031/7261 2939/5034/7261
f 2957/5033/7262 2963/5035/7262 4190/4853/7262
f 3998/5030/7263 4196/5036/7263 4194/5031/7263
f 2947/4323/7264 4281/5037/7264 2966/2960/7264
f 2939/5034/7265 4194/5031/7265 2925/5038/7265
f 2964/3001/7266 2926/2915/7266 1274/2950/7266
f 3993/4678/7267 2926/2915/7267 2964/3001/7267
f 4196/5036/7268 2920/5039/7268 2925/5040/7268
f 4196/5036/7269 4195/5041/7269 2920/5039/7269
f 2922/5042/7270 4197/4857/7270 2932/5043/7270
f 2906/2882/7271 2920/2897/7271 3826/4335/7271
f 2909/5044/7272 4197/4857/7272 2922/5042/7272
f 4200/5045/7273 3826/4335/7273 2920/2897/7273
f 4198/4860/7274 4203/4861/7274 1468/1191/7274
f 3826/4335/7275 4200/5045/7275 2880/2845/7275
f 4197/5046/7276 2898/2876/7276 4202/4862/7276
f 2880/2845/7277 4200/5045/7277 2875/2846/7277
f 4203/4861/7278 1469/1192/7278 1468/1191/7278
f 4282/5047/7279 4204/5048/7279 4201/4859/7279
f 4204/5048/7280 1490/2875/7280 4201/4859/7280
f 2853/2813/7281 2859/2841/7281 2875/2846/7281
f 3944/5049/7282 4284/5050/7282 3968/5051/7282
f 974/2816/7283 2849/2818/7283 4202/4862/7283
f 4205/4863/7284 4202/4862/7284 2849/2818/7284
f 2828/4330/7285 4284/5050/7285 3944/5049/7285
f 1585/1269/7286 2877/2842/7286 4207/1270/7286
f 1554/2815/7287 2848/2814/7287 2849/2818/7287
f 4207/1270/7288 4209/5052/7288 1584/1268/7288
f 1584/1268/7289 3980/5053/7289 2816/2770/7289
f 3980/5053/7290 1584/1268/7290 4209/5052/7290
f 2810/5054/7291 4286/5055/7291 2807/4332/7291
f 4286/5055/7292 2810/5054/7292 4287/4866/7292
f 3988/5056/7293 2811/2768/7293 2816/2770/7293
f 4212/4868/7294 4213/4869/7294 4211/4867/7294
f 3988/5056/7295 4213/4869/7295 1114/2752/7295
f 2802/2750/7296 4214/5057/7296 2783/2751/7296
f 4216/4882/7297 4217/5058/7297 3961/4655/7297
f 4217/5058/7298 2784/2729/7298 3995/5059/7298
f 2797/2744/7299 3939/4883/7299 2781/2745/7299
f 2783/5060/7300 3995/5059/7300 2784/2729/7300
f 3118/5061/7301 1382/3244/7301 3899/4589/7301
f 3118/3235/7302 3899/4870/7302 3096/3192/7302
f 784/4592/7303 1156/4591/7303 3901/4593/7303
f 3782/4594/7304 3902/4596/7304 3901/4593/7304
f 3797/5062/7305 3035/4695/7305 3903/4694/7305
f 3905/4696/7306 3035/4695/7306 1545/5063/7306
f 3473/3759/7307 3472/3751/7307 3916/5064/7307
f 3906/4598/7308 1346/3277/7308 1347/3278/7308
f 3477/3765/7309 3506/3799/7309 1959/1732/7309
f 818/2967/7310 3036/3067/7310 3914/4611/7310
f 4222/4877/7311 3924/4623/7311 4189/4612/7311
f 3054/3108/7312 4222/4877/7312 1462/4338/7312
f 3742/4617/7313 3731/4621/7313 3928/5065/7313
f 2978/2982/7314 3921/5066/7314 3926/4625/7314
f 3921/5066/7315 4183/5067/7315 3926/4625/7315
f 4173/4834/7316 4176/5068/7316 4178/5016/7316
f 3936/4634/7317 1272/1005/7317 1151/1004/7317
f 502/651/7318 503/659/7318 481/626/7318
f 3940/4728/7319 2537/4730/7319 755/4731/7319
f 3823/4318/7320 3238/5069/7320 3925/4651/7320
f 3684/4348/7321 3941/4638/7321 3929/4628/7321
f 4249/4949/7322 2278/5070/7322 3791/4947/7322
f 819/2968/7323 3915/4613/7323 1547/2992/7323
f 3915/4613/7324 819/2968/7324 818/2967/7324
f 2227/5071/7325 4242/5072/7325 3949/5073/7325
f 3313/3509/7326 1333/3491/7326 3954/4650/7326
f 1384/5074/7327 3938/4748/7327 3724/4889/7327
f 1912/1696/7328 4243/5075/7328 2221/1978/7328
f 3957/5076/7329 3803/4251/7329 4082/5077/7329
f 3803/4251/7330 3957/5076/7330 4085/4746/7330
f 1955/3866/7331 3959/4940/7331 3534/3867/7331
f 2025/1789/7332 2774/2717/7332 2023/1787/7332
f 3258/3429/7333 1449/3431/7333 4142/4688/7333
f 3943/4887/7334 4225/4886/7334 3706/4885/7334
f 4171/4890/7335 3114/5078/7335 3120/3266/7335
f 3944/5049/7336 2829/4327/7336 2828/4330/7336
f 3824/4326/7337 2018/2810/7337 3944/5049/7337
f 3979/5079/7338 3654/4004/7338 3649/4010/7338
f 3178/5080/7339 3187/5008/7339 4158/5009/7339
f 3951/4673/7340 3231/3382/7340 3223/3374/7340
f 1073/865/7341 643/483/7341 3992/4939/7341
f 1569/5081/7342 4251/4958/7342 3450/3716/7342
f 3398/3626/7343 3820/4311/7343 4115/4767/7343
f 3820/4311/7344 4234/5082/7344 4115/4767/7344
f 4237/5083/7345 3101/3670/7345 3830/4352/7345
f 3707/4098/7346 3991/4922/7346 3713/4109/7346
f 3991/4922/7347 3707/4098/7347 4043/4719/7347
f 2926/2915/7348 3993/4678/7348 2934/2913/7348
f 1152/4953/7349 4088/4948/7349 3791/4947/7349
f 3996/4679/7350 4234/5082/7350 3984/4896/7350
f 4291/5084/7351 4170/5085/7351 3117/5086/7351
f 3998/5030/7352 3825/5087/7352 2950/5088/7352
f 3765/4744/7353 4001/4946/7353 1384/5074/7353
f 4107/4763/7354 4003/4762/7354 1504/5089/7354
f 2442/2398/7355 1552/2385/7355 4049/5090/7355
f 4003/4762/7356 1505/4683/7356 1504/5089/7356
f 3110/3205/7357 4005/4684/7357 3113/3209/7357
f 4260/5091/7358 4010/5092/7358 4292/5093/7358
f 987/4313/7359 4138/4805/7359 986/3473/7359
f 4141/4806/7360 4139/4803/7360 4138/4805/7360
f 3821/4315/7361 4014/4996/7361 3261/4314/7361
f 4017/4697/7362 3905/4696/7362 2211/4698/7362
f 4025/4905/7363 917/742/7363 929/4351/7363
f 4022/5094/7364 4029/4903/7364 1937/1720/7364
f 4030/1721/7365 1937/1720/7365 4029/4903/7365
f 3719/4133/7366 3816/4298/7366 3962/4709/7366
f 3816/4298/7367 4039/4710/7367 3962/4709/7367
f 3830/4352/7368 4038/4714/7368 4237/5083/7368
f 3991/4922/7369 3929/4628/7369 3689/4066/7369
f 4044/4920/7370 4040/4713/7370 4239/5095/7370
f 4048/4718/7371 3929/4628/7371 4043/4719/7371
f 4047/5096/7372 4052/5097/7372 4050/4923/7372
f 4051/5098/7373 4053/4927/7373 3971/4925/7373
f 4050/4924/7374 4052/5099/7374 4057/4721/7374
f 3665/4024/7375 3942/4639/7375 3681/4043/7375
f 4051/5098/7376 3942/5100/7376 4055/4926/7376
f 4053/4927/7377 4055/4926/7377 4058/4928/7377
f 4057/4721/7378 4052/5099/7378 4059/4646/7378
f 3637/3975/7379 3612/4304/7379 4058/4928/7379
f 4059/4646/7380 4060/5101/7380 4016/4929/7380
f 4060/5101/7381 3950/4645/7381 4061/4930/7381
f 4063/4724/7382 4056/4723/7382 4058/4928/7382
f 4064/4933/7383 4241/5102/7383 4061/4930/7383
f 4061/4930/7384 4244/4932/7384 4064/4933/7384
f 4065/4725/7385 3585/3924/7385 4056/4723/7385
f 4071/4937/7386 4065/4725/7386 4063/4724/7386
f 4067/4934/7387 3940/4728/7387 4070/5103/7387
f 4072/4735/7388 3959/4940/7388 4071/4937/7388
f 4078/4740/7389 4081/4643/7389 1365/4261/7389
f 4081/4643/7390 3966/5104/7390 4082/5077/7390
f 4082/5077/7391 3803/4251/7391 4081/4643/7391
f 4087/5105/7392 4083/4944/7392 4079/4742/7392
f 4086/4952/7393 4087/5105/7393 4251/4958/7393
f 4001/4946/7394 4002/4955/7394 1384/5074/7394
f 4250/5106/7395 3478/4690/7395 4013/4692/7395
f 4087/5105/7396 3983/4754/7396 4251/4958/7396
f 4092/4961/7397 3705/4752/7397 4091/4751/7397
f 3697/4082/7398 4000/4681/7398 1184/4083/7398
f 4255/4964/7399 4254/4965/7399 3981/4753/7399
f 4252/4691/7400 3999/4971/7400 4095/4963/7400
f 4097/4966/7401 3813/4284/7401 1184/4083/7401
f 3946/5107/7402 4096/5108/7402 4294/5109/7402
f 4096/5108/7403 3946/5107/7403 4098/5110/7403
f 4097/4966/7404 4098/4968/7404 4099/4967/7404
f 4102/4760/7405 4100/4759/7405 4103/4761/7405
f 4100/4759/7406 4099/4967/7406 4103/4761/7406
f 4095/4963/7407 4108/4764/7407 4255/4964/7407
f 4010/5092/7408 4009/4765/7408 4108/4764/7408
f 4105/5111/7409 4106/4976/7409 4109/4973/7409
f 4106/4976/7410 4103/4761/7410 4107/4763/7410
f 4008/5112/7411 3601/5113/7411 1160/5114/7411
f 4113/4768/7412 3375/4983/7412 4112/4766/7412
f 4118/5115/7413 3969/4658/7413 3996/4679/7413
f 1324/1059/7414 3969/4658/7414 4120/4991/7414
f 4119/4782/7415 4120/4991/7415 4118/5115/7415
f 4117/4987/7416 4121/5116/7416 1183/3750/7416
f 4120/4991/7417 4119/4782/7417 4125/4781/7417
f 4129/4779/7418 4128/4778/7418 4126/4772/7418
f 3916/5064/7419 4262/5117/7419 3917/5118/7419
f 3911/4604/7420 3963/5119/7420 3499/4992/7420
f 3916/5064/7421 3475/3762/7421 3473/3759/7421
f 3337/3549/7422 4125/4781/7422 4131/4783/7422
f 4131/4783/7423 3322/3515/7423 4133/4789/7423
f 3447/4787/7424 4264/4661/7424 1968/4660/7424
f 3322/3515/7425 4134/4790/7425 4133/4789/7425
f 3437/4792/7426 1967/4995/7426 3429/4793/7426
f 3954/4650/7427 4137/4802/7427 3985/4800/7427
f 4137/4802/7428 3288/3472/7428 4138/4805/7428
f 4139/4803/7429 4137/4802/7429 4138/4805/7429
f 3843/4380/7430 3985/5120/7430 3285/3468/7430
f 3285/5121/7431 3985/4800/7431 4139/4803/7431
f 3285/5121/7432 4139/4803/7432 4140/5122/7432
f 3974/4667/7433 4014/4997/7433 4015/5123/7433
f 3972/4665/7434 3974/4667/7434 4015/5123/7434
f 4231/4999/7435 3260/3434/7435 3972/4665/7435
f 4144/5124/7436 3245/3410/7436 3829/3421/7436
f 3242/4320/7437 1477/3383/7437 4148/4812/7437
f 4146/5125/7438 4149/5126/7438 4150/5000/7438
f 1209/3367/7439 4151/5002/7439 4268/4815/7439
f 4155/4813/7440 4268/4815/7440 4153/5003/7440
f 4156/5127/7441 4157/5006/7441 4011/4674/7441
f 4154/4818/7442 4270/5128/7442 4160/4820/7442
f 3165/3291/7443 4162/5129/7443 1344/5130/7443
f 4163/5131/7444 4272/4823/7444 4162/5129/7444
f 4272/4823/7445 4166/4825/7445 4295/5132/7445
f 4165/4824/7446 4272/4823/7446 4163/5131/7446
f 4169/4829/7447 1406/5012/7447 4273/5011/7447
f 1198/3158/7448 1192/3213/7448 4276/5133/7448
f 4172/4830/7449 4274/4837/7449 4177/4832/7449
f 4178/5016/7450 3108/3202/7450 4173/4834/7450
f 4278/5134/7451 4179/4852/7451 4175/4828/7451
f 3960/4663/7452 3063/4662/7452 1429/5019/7452
f 4179/4852/7453 4279/4851/7453 4174/4826/7453
f 3989/5135/7454 3828/4337/7454 2997/3015/7454
f 4183/5067/7455 3921/5066/7455 3056/5136/7455
f 2006/5137/7456 4184/5138/7456 4280/5022/7456
f 3953/5027/7457 3927/4626/7457 4185/5139/7457
f 3926/4625/7458 1292/5140/7458 2953/4624/7458
f 2006/5137/7459 2011/4845/7459 4184/5138/7459
f 4226/5141/7460 4189/4612/7460 4188/4844/7460
f 1494/3038/7461 2968/2966/7461 3923/4622/7461
f 3924/4623/7462 3918/4876/7462 3054/3108/7462
f 3030/5028/7463 4193/5032/7463 4190/4853/7463
f 4193/5032/7464 3030/5028/7464 2943/5142/7464
f 3994/4677/7465 4192/4850/7465 4191/5143/7465
f 4190/4853/7466 4194/5031/7466 2957/5033/7466
f 1248/3021/7467 4192/4850/7467 3994/4677/7467
f 4194/5031/7468 4190/4853/7468 4193/5032/7468
f 2947/4323/7469 4198/4860/7469 3994/4677/7469
f 4195/5041/7470 4196/5036/7470 3998/5030/7470
f 4199/5144/7471 2889/2858/7471 1508/2860/7471
f 1508/2860/7472 4198/4860/7472 4199/5144/7472
f 4205/4863/7473 2849/2818/7473 2848/2814/7473
f 2774/2717/7474 4297/5145/7474 4212/5146/7474
f 4217/5058/7475 4215/5147/7475 4214/5148/7475
f 2784/2729/7476 4218/4648/7476 2782/2730/7476
f 3902/4596/7477 4017/4872/7477 4019/5149/7477
f 3911/4604/7478 3508/3804/7478 3506/3799/7478
f 818/2967/7479 3914/4611/7479 3915/4613/7479
f 2992/3050/7480 1494/3038/7480 3923/4622/7480
f 4094/4757/7481 4223/4756/7481 3928/5065/7481
f 3742/4617/7482 3928/5065/7482 3751/4213/7482
f 3919/4878/7483 2967/2981/7483 2991/5150/7483
f 3919/4878/7484 3010/3073/7484 3922/4879/7484
f 3899/4589/7485 3108/3202/7485 4178/5016/7485
f 3939/4883/7486 4219/5151/7486 4216/4882/7486
f 1911/2088/7487 4066/5152/7487 1907/1693/7487
f 1507/1215/7488 2866/2834/7488 4230/4649/7488
f 1370/3210/7489 3964/4891/7489 3120/3266/7489
f 4233/4893/7490 925/741/7490 1594/1276/7490
f 4236/4668/7491 4233/4893/7491 1187/1278/7491
f 1557/4959/7492 4251/4958/7492 1569/5081/7492
f 3843/4383/7493 3296/4382/7493 3985/4800/7493
f 1169/3850/7494 3975/5153/7494 3540/3841/7494
f 3601/5113/7495 4235/5154/7495 1519/4277/7495
f 4019/5149/7496 1936/1718/7496 3902/4596/7496
f 1225/996/7497 4021/4700/7497 2211/4698/7497
f 4020/4897/7498 4018/4699/7498 4021/4700/7498
f 1225/996/7499 917/742/7499 4025/4905/7499
f 4024/4906/7500 4025/4905/7500 4293/4702/7500
f 4027/4704/7501 3801/4248/7501 4028/4703/7501
f 4030/1721/7502 3933/4909/7502 4033/4708/7502
f 3801/4248/7503 4027/4704/7503 3802/4246/7503
f 4027/4704/7504 4031/4707/7504 2768/4912/7504
f 1394/4165/7505 4034/4914/7505 4033/4910/7505
f 1022/825/7506 743/3752/7506 4236/4668/7506
f 743/3752/7507 4237/5083/7507 4236/4668/7507
f 4031/4707/7508 4232/4706/7508 4238/4917/7508
f 4036/4712/7509 4237/5083/7509 4038/4714/7509
f 4044/4920/7510 1700/3164/7510 4238/4917/7510
f 3689/4066/7511 4039/4710/7511 3991/4922/7511
f 3692/4060/7512 4043/4719/7512 3707/4098/7512
f 2533/2386/7513 4042/4921/7513 3830/4352/7513
f 2442/2398/7514 4041/4715/7514 4042/4921/7514
f 4041/4715/7515 4038/4714/7515 4042/4921/7515
f 4239/5095/7516 4045/4716/7516 4044/4920/7516
f 3941/4638/7517 3684/4348/7517 3685/4080/7517
f 3025/5155/7518 4046/5156/7518 3814/1398/7518
f 3663/4720/7519 4048/4718/7519 3690/4057/7519
f 4046/4717/7520 4047/5096/7520 4050/4923/7520
f 3971/4925/7521 3654/4004/7521 3979/5079/7521
f 3979/5157/7522 3649/5158/7522 3663/4720/7522
f 4050/4923/7523 1683/4291/7523 3814/4290/7523
f 3971/4925/7524 4053/4927/7524 3634/3973/7524
f 4051/5159/7525 3681/4043/7525 3942/4639/7525
f 4049/1708/7526 4227/5160/7526 4054/5161/7526
f 4054/5162/7527 4228/4647/7527 4052/5099/7527
f 3637/3975/7528 3608/3974/7528 3612/4304/7528
f 3610/3941/7529 3615/3948/7529 3620/3958/7529
f 4242/5072/7530 4229/5163/7530 3949/5073/7530
f 2223/1986/7531 2222/2040/7531 4242/5164/7531
f 4016/4929/7532 1140/919/7532 4059/4646/7532
f 4058/4928/7533 3817/4303/7533 4063/4724/7533
f 4243/5075/7534 4242/5164/7534 2222/2040/7534
f 481/626/7535 4224/5165/7535 3937/4637/7535
f 3610/3941/7536 4056/4723/7536 3585/3924/7536
f 3937/4637/7537 4241/5102/7537 1056/858/7537
f 1056/858/7538 4241/5102/7538 4064/4933/7538
f 1056/858/7539 4064/4933/7539 1054/859/7539
f 3585/3924/7540 3602/3940/7540 3610/3941/7540
f 3956/5166/7541 4243/5075/7541 1913/1695/7541
f 3956/4931/7542 4288/4726/7542 4244/4932/7542
f 3580/4306/7543 4245/4936/7543 3817/4303/7543
f 4068/4727/7544 1138/918/7544 1262/4288/7544
f 4067/4934/7545 1911/5167/7545 2448/4729/7545
f 643/483/7546 2405/4287/7546 3992/4939/7546
f 1955/3866/7547 1954/3878/7547 4065/4725/7547
f 4071/4937/7548 1955/3866/7548 4065/4725/7548
f 4246/4938/7549 3940/4728/7549 4074/4733/7549
f 3572/3894/7550 4071/4937/7550 4245/4936/7550
f 1073/865/7551 4246/4938/7551 1362/3936/7551
f 1955/3866/7552 4071/4937/7552 3959/4940/7552
f 3563/3896/7553 4071/4937/7553 3572/3894/7553
f 4247/4942/7554 4072/4735/7554 3563/3896/7554
f 3552/5168/7555 1211/3873/7555 4247/4942/7555
f 4075/4734/7556 1361/4286/7556 4074/4733/7556
f 4077/4741/7557 4075/4734/7557 4073/4732/7557
f 1025/913/7558 4248/4945/7558 756/783/7558
f 3966/5104/7559 4081/4643/7559 4248/4943/7559
f 4081/4643/7560 1372/4250/7560 1365/4261/7560
f 3936/4632/7561 3935/4631/7561 3967/5169/7561
f 4249/4949/7562 4088/4948/7562 3948/5170/7562
f 3505/5171/7563 3958/4654/7563 1254/4653/7563
f 3948/5170/7564 3935/4631/7564 4249/4949/7564
f 4002/4955/7565 3948/5172/7565 4088/5173/7565
f 4251/4958/7566 3461/4950/7566 4086/4952/7566
f 4013/4692/7567 3958/4654/7567 4250/5106/7567
f 3471/5174/7568 4250/5106/7568 3505/5171/7568
f 3471/5174/7569 3470/5175/7569 4250/5106/7569
f 3781/4957/7570 3955/4749/7570 4088/5173/7570
f 4013/4692/7571 4252/4691/7571 4089/5176/7571
f 3955/4749/7572 3770/4956/7572 4090/4747/7572
f 3983/4754/7573 4089/5176/7573 4252/4691/7573
f 3463/5177/7574 4253/5178/7574 4093/5179/7574
f 4094/4757/7575 4000/4681/7575 4092/4755/7575
f 4094/4757/7576 3928/5065/7576 3920/4620/7576
f 3730/4144/7577 1170/4130/7577 3716/4129/7577
f 3423/3665/7578 1586/3676/7578 3982/4894/7578
f 4294/5109/7579 3943/4887/7579 3946/5107/7579
f 4253/5178/7580 1561/3720/7580 3999/4971/7580
f 1575/3722/7581 3999/4971/7581 1561/3720/7581
f 3677/4038/7582 4098/5110/7582 3678/4039/7582
f 4098/4968/7583 4097/4966/7583 4096/4758/7583
f 3675/4035/7584 3813/4284/7584 4100/4759/7584
f 4257/5180/7585 4099/4967/7585 3669/4040/7585
f 3819/4309/7586 1186/4308/7586 4258/4687/7586
f 4108/4764/7587 4095/4963/7587 4258/4687/7587
f 3633/3972/7588 4259/5181/7588 4107/4763/7588
f 3408/3644/7589 4104/4972/7589 4108/4764/7589
f 3627/3971/7590 4259/5181/7590 3633/3972/7590
f 3627/3964/7591 3626/3963/7591 4259/5182/7591
f 4258/4687/7592 1190/4686/7592 4292/5093/7592
f 4259/5181/7593 4106/4976/7593 4107/4763/7593
f 4235/5154/7594 4259/5181/7594 3626/4278/7594
f 1196/5183/7595 4292/5093/7595 1190/4686/7595
f 4260/5091/7596 4292/5093/7596 1196/5183/7596
f 3581/4282/7597 1537/4977/7597 4109/4973/7597
f 4260/5184/7598 4115/4767/7598 4110/5185/7598
f 3401/4346/7599 4009/5186/7599 4110/4978/7599
f 4110/4978/7600 4112/4766/7600 3396/4347/7600
f 4110/5187/7601 4009/4765/7601 4010/5092/7601
f 3812/4283/7602 4106/4976/7602 4111/4769/7602
f 1159/3901/7603 4008/5188/7603 1160/3914/7603
f 4112/4766/7604 3387/4981/7604 3396/4347/7604
f 4261/4980/7605 3812/4283/7605 4111/4769/7605
f 4261/4980/7606 4111/4769/7606 4007/4771/7606
f 3820/4311/7607 3984/4896/7607 4234/5082/7607
f 4234/5082/7608 3996/4679/7608 4113/4768/7608
f 3375/4983/7609 3969/4658/7609 3376/4344/7609
f 3353/3563/7610 4119/4782/7610 4118/5115/7610
f 3353/3563/7611 3336/3546/7611 4119/4782/7611
f 1183/3750/7612 1182/3769/7612 4117/4987/7612
f 4128/4778/7613 4127/4777/7613 4126/4772/7613
f 4127/4775/7614 3963/4784/7614 3912/4608/7614
f 3910/4874/7615 3913/5189/7615 4124/5190/7615
f 4262/5117/7616 3472/3751/7616 4130/4606/7616
f 3913/5189/7617 3476/3764/7617 4263/5191/7617
f 1961/3743/7618 4263/5191/7618 3476/3764/7618
f 4135/4795/7619 3308/3499/7619 3317/4796/7619
f 4265/4895/7620 3308/3499/7620 4135/4795/7620
f 3303/3492/7621 3292/3477/7621 4137/4802/7621
f 986/3473/7622 4138/4805/7622 3288/3472/7622
f 3261/4314/7623 4014/4996/7623 987/4313/7623
f 3267/3442/7624 3272/3450/7624 3973/4666/7624
f 4015/5192/7625 4014/4996/7625 3821/4315/7625
f 3258/3429/7626 4143/4689/7626 3821/4315/7626
f 4231/4999/7627 1988/3415/7627 3260/3434/7627
f 4144/5124/7628 3829/3421/7628 4231/4999/7628
f 4231/4999/7629 3829/3421/7629 3253/3420/7629
f 1210/953/7630 3977/4672/7630 3220/3372/7630
f 4266/5001/7631 1209/3367/7631 3221/3366/7631
f 3951/4673/7632 3223/3374/7632 3220/3372/7632
f 3977/4672/7633 1212/952/7633 4153/5003/7633
f 4153/5003/7634 1227/3353/7634 4269/5004/7634
f 1226/5193/7635 4269/5004/7635 1227/3353/7635
f 1226/5193/7636 1228/5194/7636 4269/5004/7636
f 4012/4814/7637 3209/3354/7637 3213/3358/7637
f 1228/5194/7638 1252/5195/7638 4270/5128/7638
f 4011/4674/7639 1250/5005/7639 1229/3336/7639
f 1259/5196/7640 4161/4819/7640 4160/4820/7640
f 1344/5130/7641 3164/5197/7641 3165/3291/7641
f 3170/5198/7642 3947/5199/7642 3172/5200/7642
f 3170/5198/7643 3179/5201/7643 3947/5199/7643
f 3160/3287/7644 4164/5202/7644 3165/3291/7644
f 4170/5085/7645 3144/3288/7645 3133/5203/7645
f 4296/5204/7646 4299/5205/7646 4273/5011/7646
f 4276/5133/7647 3986/4827/7647 4174/4826/7647
f 4274/4837/7648 4299/5205/7648 4276/5133/7648
f 3113/3209/7649 4006/4685/7649 3964/4891/7649
f 4296/5204/7650 4171/4890/7650 4168/4822/7650
f 3089/4831/7651 1406/5012/7651 4169/4829/7651
f 4167/4603/7652 4005/4684/7652 3909/4601/7652
f 3997/5206/7653 4291/5084/7653 4175/4828/7653
f 3109/3204/7654 4176/5068/7654 3110/3205/7654
f 3107/3201/7655 3909/4601/7655 4173/4834/7655
f 1205/3129/7656 4277/5207/7656 3079/3157/7656
f 1205/3129/7657 1204/3100/7657 4277/5207/7657
f 3109/3204/7658 3111/3206/7658 3112/3208/7658
f 4278/5134/7659 4291/5084/7659 3046/3083/7659
f 3080/3159/7660 4174/4826/7660 4279/4851/7660
f 3055/5208/7661 3062/4664/7661 4182/5023/7661
f 4181/4841/7662 4177/4832/7662 4277/5014/7662
f 3017/3085/7663 4278/5134/7663 3046/3083/7663
f 4278/5134/7664 3017/3085/7664 4191/5143/7664
f 4185/5139/7665 4184/5138/7665 3953/5027/7665
f 3039/5209/7666 4181/4841/7666 1204/5021/7666
f 4278/5134/7667 4191/5143/7667 4179/4852/7667
f 4188/4844/7668 2956/5210/7668 4226/5141/7668
f 4226/5141/7669 3915/4613/7669 4189/4612/7669
f 4179/4852/7670 4191/5143/7670 4192/4850/7670
f 1206/4333/7671 4279/4851/7671 4192/4850/7671
f 3039/5209/7672 3030/5028/7672 4181/4841/7672
f 4190/4853/7673 3018/4847/7673 4187/4843/7673
f 4281/5037/7674 4191/5143/7674 2966/2960/7674
f 4195/5041/7675 3998/5030/7675 2950/5088/7675
f 4281/5037/7676 2947/4323/7676 3994/4677/7676
f 4196/5036/7677 2925/5038/7677 4194/5031/7677
f 4195/5041/7678 2932/5043/7678 4197/4857/7678
f 4199/5144/7679 2947/4323/7679 2930/5211/7679
f 2930/5211/7680 2900/2890/7680 4199/5144/7680
f 2898/2876/7681 4197/5046/7681 2909/2892/7681
f 2889/2858/7682 4199/5144/7682 2900/2890/7682
f 4202/4862/7683 2898/2876/7683 2884/2865/7683
f 1508/2860/7684 4282/5047/7684 4201/4859/7684
f 1468/1191/7685 3993/4678/7685 4198/4860/7685
f 4282/5047/7686 1508/2860/7686 2879/4325/7686
f 4202/4862/7687 2884/2865/7687 2876/2864/7687
f 2879/4325/7688 1555/2808/7688 4282/5047/7688
f 4202/4862/7689 2876/2864/7689 2854/2817/7689
f 975/2874/7690 2866/2834/7690 976/2854/7690
f 3824/4326/7691 3968/5051/7691 1555/2808/7691
f 3968/5051/7692 3824/4326/7692 3944/5049/7692
f 4230/4649/7693 2877/2842/7693 1507/1215/7693
f 4206/5212/7694 4284/5050/7694 4208/4865/7694
f 4205/4863/7695 2848/2814/7695 2847/2811/7695
f 4284/5050/7696 4286/5055/7696 4208/4865/7696
f 2807/4332/7697 4286/5055/7697 2828/4330/7697
f 4207/1270/7698 4206/5212/7698 4209/5052/7698
f 4287/4866/7699 4208/4865/7699 4286/5055/7699
f 3980/5053/7700 3988/5056/7700 2816/2770/7700
f 2772/5213/7701 4287/4866/7701 2810/5054/7701
f 2772/5213/7702 2801/2739/7702 4287/4866/7702
f 3988/5056/7703 3980/5053/7703 4210/4864/7703
f 2776/2738/7704 2775/2740/7704 4212/4868/7704
f 4212/4868/7705 4297/5214/7705 4213/4869/7705
f 3961/4655/7706 4217/5058/7706 4214/5148/7706
f 2783/5060/7707 4214/5148/7707 4215/5147/7707
f 3995/5059/7708 4215/5147/7708 4217/5058/7708
f 1128/1788/7709 3961/4655/7709 2025/1789/7709
f 2797/2744/7710 2791/2743/7710 3939/4883/7710
f 2766/2710/7711 3945/4644/7711 2765/2713/7711
f 2765/2713/7712 3945/4644/7712 4220/4888/7712
f 1155/4595/7713 3903/4871/7713 3902/4596/7713
f 3903/4871/7714 1155/4595/7714 3797/5215/7714
f 3907/4600/7715 3906/5216/7715 3169/5217/7715
f 3907/4600/7716 3171/4821/7716 4167/4603/7716
f 4189/4612/7717 3914/4611/7717 4222/4877/7717
f 3921/5066/7718 3922/4879/7718 3034/3072/7718
f 3927/4626/7719 3926/4625/7719 4183/5067/7719
f 1151/1004/7720 2278/2056/7720 3934/4633/7720
f 3967/5169/7721 3935/4631/7721 3948/5170/7721
f 3939/4883/7722 2791/2743/7722 4220/4888/7722
f 2829/4327/7723 3944/5049/7723 2018/2810/7723
f 3946/5107/7724 3943/4887/7724 3694/4273/7724
f 819/2968/7725 1547/2992/7725 2970/2990/7725
f 1547/2992/7726 3915/4613/7726 1544/2993/7726
f 4218/4648/7727 4219/5151/7727 3945/4644/7727
f 4002/4955/7728 3938/4748/7728 1384/5074/7728
f 4148/4812/7729 3231/3382/7729 3951/4673/7729
f 1138/918/7730 4068/4727/7730 2405/4287/7730
f 3994/4677/7731 4191/5143/7731 4281/5037/7731
f 4193/5032/7732 3825/5087/7732 3998/5030/7732
f 4002/5218/7733 4001/5219/7733 3948/5220/7733
f 4156/5127/7734 1997/3335/7734 4012/4814/7734
f 3634/3973/7735 4053/4927/7735 3620/3958/7735
f 4031/4707/7736 4238/4917/7736 1414/4919/7736
f 4031/4707/7737 1414/4919/7737 1771/5221/7737
f 4045/4716/7738 4239/5095/7738 4046/4717/7738
f 4047/5096/7739 4046/4717/7739 4239/5095/7739
f 3942/5100/7740 1194/4300/7740 4055/4926/7740
f 4056/4723/7741 4053/4927/7741 4058/4928/7741
f 4228/4647/7742 4229/5163/7742 3950/4645/7742
f 3949/5073/7743 4229/5163/7743 1923/5222/7743
f 3956/4931/7744 4061/4930/7744 4243/5223/7744
f 3585/3924/7745 4065/4725/7745 1951/3877/7745
f 3940/4728/7746 4246/4938/7746 4070/5103/7746
f 4078/4740/7747 4077/4741/7747 4248/4943/7747
f 4083/4944/7748 4086/4952/7748 3481/3774/7748
f 4087/5105/7749 4086/4952/7749 4083/4944/7749
f 4093/5179/7750 4252/4691/7750 3478/4690/7750
f 3450/3716/7751 3981/4753/7751 1586/3676/7751
f 3818/5224/7752 3463/5177/7752 4093/5179/7752
f 3694/4273/7753 3943/4887/7753 3700/4073/7753
f 1593/4970/7754 4256/5225/7754 3999/4971/7754
f 1593/4970/7755 3421/5226/7755 4256/5225/7755
f 4105/5111/7756 4109/4973/7756 4101/3991/7756
f 4111/4769/7757 4114/5227/7757 4116/4770/7757
f 4129/4779/7758 4123/4773/7758 4122/5228/7758
f 4132/5229/7759 3917/4615/7759 1961/4994/7759
f 4132/5229/7760 3448/5230/7760 4264/4661/7760
f 3954/4650/7761 4136/4801/7761 4135/4795/7761
f 4145/5231/7762 3245/3410/7762 4146/5125/7762
f 4150/5000/7763 4145/5231/7763 4146/5125/7763
f 4145/5231/7764 4150/5000/7764 3237/3401/7764
f 4151/5002/7765 4149/5126/7765 3978/4810/7765
f 4151/5002/7766 4267/5232/7766 4268/4815/7766
f 4268/4815/7767 4267/5232/7767 4153/5003/7767
f 4158/5009/7768 4157/5006/7768 4156/5127/7768
f 3976/5233/7769 4158/5009/7769 4004/4816/7769
f 4162/5129/7770 3976/5233/7770 1344/5130/7770
f 3155/3289/7771 4164/5202/7771 3160/3287/7771
f 3155/3289/7772 4165/4824/7772 4164/5202/7772
f 4170/5085/7773 3155/3289/7773 3144/3288/7773
f 4295/5132/7774 4296/5204/7774 4300/5234/7774
f 1192/3213/7775 3079/5013/7775 4274/4837/7775
f 4171/4890/7776 4006/4685/7776 4167/4603/7776
f 1198/3158/7777 4276/5133/7777 4174/4826/7777
f 4005/4684/7778 3110/3205/7778 4176/5068/7778
f 4174/4826/7779 4175/4828/7779 4179/4852/7779
f 3056/5136/7780 4182/5023/7780 4183/5067/7780
f 3056/5136/7781 3921/5066/7781 3034/3072/7781
f 3924/4623/7782 4188/4844/7782 4189/4612/7782
f 3018/4847/7783 4186/4842/7783 4187/4843/7783
f 2990/3007/7784 4191/5143/7784 3017/3085/7784
f 4197/4857/7785 4200/5235/7785 2920/5039/7785
f 2875/4856/7786 4200/5235/7786 4197/4857/7786
f 4207/1270/7787 4285/5236/7787 4206/5212/7787
f 4209/5052/7788 4208/4865/7788 4210/4864/7788
f 4210/4864/7789 2776/2738/7789 4211/4867/7789
f 4219/5151/7790 4218/4648/7790 4217/5058/7790
f 2791/2743/7791 2770/2722/7791 4220/4888/7791
f 4226/5141/7792 2956/5210/7792 1544/2993/7792
f 1579/1707/7793 1923/1706/7793 4229/5237/7793
f 3543/5238/7794 3958/4654/7794 4084/4743/7794
f 3690/4057/7795 3681/4043/7795 4051/5159/7795
f 3690/4057/7796 3979/5157/7796 3663/4720/7796
f 4120/4991/7797 3969/4658/7797 4118/5115/7797
f 3969/4658/7798 1260/4342/7798 3376/4344/7798
f 4032/4705/7799 3970/4916/7799 4232/4706/7799
f 3904/4616/7800 4132/5229/7800 3900/5239/7800
f 3976/5233/7801 4271/5240/7801 3178/5080/7801
f 4148/4812/7802 3951/4673/7802 3978/4810/7802
f 4116/4770/7803 4114/5227/7803 3975/4671/7803
f 2997/3015/7804 3043/3095/7804 3037/3016/7804
f 3984/4896/7805 3820/4311/7805 1266/971/7805
f 2211/4698/7806 3905/4696/7806 1545/5063/7806
f 929/4351/7807 4233/4893/7807 4032/4705/7807
f 3930/4629/7808 3755/4176/7808 3931/5241/7808
f 1771/5221/7809 2768/4912/7809 4031/4707/7809
f 3101/3670/7810 4237/5083/7810 743/3752/7810
f 4228/4647/7811 4054/5162/7811 4227/5242/7811
f 1140/919/7812 4057/4721/7812 4059/4646/7812
f 3950/4645/7813 4242/5072/7813 4243/5223/7813
f 503/659/7814 4224/5165/7814 481/626/7814
f 3937/4637/7815 4224/5165/7815 4241/5102/7815
f 1913/1695/7816 4243/5075/7816 1912/1696/7816
f 4244/4932/7817 4288/4726/7817 1262/4288/7817
f 1913/1695/7818 1908/1691/7818 4288/5243/7818
f 4066/4935/7819 2405/4287/7819 4068/4727/7819
f 756/783/7820 4073/5244/7820 755/566/7820
f 3519/4739/7821 3531/4941/7821 3959/4940/7821
f 3519/4739/7822 4072/4735/7822 4076/4737/7822
f 1211/3873/7823 3550/3858/7823 4080/4736/7823
f 4083/4944/7824 1258/3783/7824 1251/4738/7824
f 4249/4949/7825 3935/4631/7825 3934/4630/7825
f 4086/4952/7826 3482/3772/7826 3481/3774/7826
f 4090/4747/7827 3770/4956/7827 4223/4960/7827
f 3928/5065/7828 4223/4756/7828 3751/4213/7828
f 3982/4894/7829 3981/4753/7829 4254/4965/7829
f 4253/5178/7830 1562/3723/7830 1561/3720/7830
f 3999/4971/7831 4252/4691/7831 4253/5178/7831
f 3677/4969/7832 3672/4041/7832 4099/4967/7832
f 4235/5154/7833 4106/4976/7833 4259/5181/7833
f 4235/5154/7834 4111/4769/7834 4106/4976/7834
f 4260/5184/7835 4110/5185/7835 4010/5245/7835
f 4114/5227/7836 4008/5112/7836 1159/5246/7836
f 1159/5246/7837 1165/5247/7837 4114/5227/7837
f 4113/4768/7838 4115/4767/7838 4234/5082/7838
f 4118/5115/7839 1265/997/7839 3353/3563/7839
f 4122/5228/7840 3987/5248/7840 4129/4779/7840
f 4129/5249/7841 1176/5250/7841 1177/5251/7841
f 4124/4774/7842 3912/4608/7842 3910/4610/7842
f 4134/4790/7843 3321/3517/7843 4135/4795/7843
f 3428/4798/7844 3430/4794/7844 3429/4793/7844
f 3954/4650/7845 3303/3492/7845 4137/4802/7845
f 4146/5125/7846 4144/5124/7846 4147/4642/7846
f 4152/4811/7847 4149/5126/7847 4146/5125/7847
f 4266/5001/7848 4150/5000/7848 4149/5126/7848
f 4153/5003/7849 4267/5232/7849 3977/4672/7849
f 4268/4815/7850 3213/3358/7850 1209/3367/7850
f 4270/5128/7851 4269/5004/7851 1228/5194/7851
f 3947/5199/7852 4300/5234/7852 3172/5200/7852
f 4170/5085/7853 4165/4824/7853 3155/3289/7853
f 4165/4824/7854 4170/5085/7854 3986/4827/7854
f 4276/5133/7855 1192/3213/7855 4274/4837/7855
f 4276/5133/7856 4295/5132/7856 4166/4825/7856
f 3172/5200/7857 4300/5234/7857 4168/4822/7857
f 4272/4823/7858 4295/5132/7858 4300/5234/7858
f 4176/5068/7859 4173/4834/7859 4005/4684/7859
f 3075/3150/7860 3046/3083/7860 4291/5084/7860
f 4174/4826/7861 3080/3159/7861 1198/3158/7861
f 4275/4838/7862 4277/5014/7862 4177/4832/7862
f 4278/5134/7863 4175/4828/7863 4291/5084/7863
f 4290/5024/7864 2007/5252/7864 4280/5022/7864
f 4183/5067/7865 4182/5023/7865 4280/5022/7865
f 2942/2939/7866 4184/5138/7866 2011/4845/7866
f 4190/4853/7867 4187/4843/7867 3030/5028/7867
f 2950/5088/7868 3825/5087/7868 1277/5253/7868
f 2950/5088/7869 2932/5043/7869 4195/5041/7869
f 974/2816/7870 4202/4862/7870 2854/2817/7870
f 4206/5212/7871 4208/4865/7871 4209/5052/7871
f 4211/4867/7872 4213/4869/7872 3988/5056/7872
f 4212/5146/7873 2775/2718/7873 2774/2717/7873
f 2978/2982/7874 3922/4879/7874 3921/5066/7874
f 3922/4879/7875 2978/2982/7875 3919/4878/7875
f 4294/5254/7876 3920/4620/7876 3730/4619/7876
f 3920/4620/7877 3928/5065/7877 3731/4621/7877
f 3931/5255/7878 3755/5256/7878 1394/5257/7878
f 3934/4630/7879 2278/5070/7879 4249/4949/7879
f 2770/2722/7880 2791/2743/7880 2789/2733/7880
f 4067/4934/7881 2448/4729/7881 3940/4728/7881
f 3925/4651/7882 3238/5069/7882 3242/5258/7882
f 3684/4348/7883 3929/4628/7883 4048/4718/7883
f 1908/1691/7884 1907/1693/7884 4069/5259/7884
f 4288/5243/7885 3956/5166/7885 1913/1695/7885
f 3967/5169/7886 3948/5220/7886 4085/5260/7886
f 4294/5109/7887 4225/4886/7887 3943/4887/7887
f 3925/4641/7888 4152/4811/7888 4147/4642/7888
f 3178/5080/7889 4158/5009/7889 3976/5233/7889
f 3985/4800/7890 3296/4382/7890 4136/4801/7890
f 3988/5056/7891 1114/2752/7891 2811/2768/7891
f 4170/5085/7892 4291/5084/7892 3997/5206/7892
f 3075/3150/7893 4291/5084/7893 3117/5086/7893
f 4049/5090/7894 4240/5261/7894 2442/2398/7894
f 4107/4763/7895 1504/5089/7895 1493/5262/7895
f 4160/4820/7896 3186/5263/7896 1259/5196/7896
f 4008/5112/7897 4114/5227/7897 4111/4769/7897
f 4111/4769/7898 4235/5154/7898 4008/5112/7898
f 4292/5093/7899 4010/5092/7899 4258/4687/7899
f 3478/4690/7900 4250/5106/7900 3470/5175/7900
f 4031/4707/7901 4293/4702/7901 4032/4705/7901
f 4032/4705/7902 4293/4702/7902 4025/4905/7902
f 4237/5083/7903 4036/4712/7903 4236/4668/7903
f 4042/4921/7904 2533/2386/7904 2442/2398/7904
f 3929/4628/7905 3991/4922/7905 4043/4719/7905
f 4051/5159/7906 3979/5157/7906 3690/4057/7906
f 4055/4926/7907 4053/4927/7907 4051/5098/7907
f 4227/5160/7908 4049/1708/7908 1579/1707/7908
f 4228/4647/7909 4227/5242/7909 1579/5264/7909
f 4242/5072/7910 3950/4645/7910 4229/5163/7910
f 2222/2040/7911 2221/1978/7911 4243/5075/7911
f 4061/4930/7912 4241/5102/7912 4062/5265/7912
f 4064/4933/7913 4244/4932/7913 1262/4288/7913
f 4066/4935/7914 4288/4726/7914 4069/5266/7914
f 4083/4944/7915 4076/4737/7915 4080/4736/7915
f 4082/5267/7916 3965/4657/7916 3967/5268/7916
f 4097/4966/7917 4099/4967/7917 4100/4759/7917
f 4099/4967/7918 4257/5180/7918 4103/4761/7918
f 4105/5111/7919 4101/3991/7919 4103/4761/7919
f 4112/4766/7920 4110/5185/7920 4115/4767/7920
f 4114/5227/7921 1165/5247/7921 3975/4671/7921
f 1967/4995/7922 3437/4792/7922 3447/4787/7922
f 4139/4803/7923 4141/4806/7923 4140/5122/7923
f 3821/5269/7924 4143/5270/7924 4015/5123/7924
f 4144/5124/7925 4231/4999/7925 4015/5123/7925
f 4146/5125/7926 3245/3410/7926 4144/5124/7926
f 4149/5126/7927 4151/5002/7927 4266/5001/7927
f 4156/5127/7928 4155/4813/7928 4159/4817/7928
f 4156/5127/7929 4159/4817/7929 4158/5009/7929
f 4159/4817/7930 4004/4816/7930 4158/5009/7930
f 4271/5240/7931 4162/5129/7931 4272/4823/7931
f 3120/3266/7932 3964/4891/7932 4171/4890/7932
f 4178/5016/7933 4176/5068/7933 3109/3204/7933
f 4180/4839/7934 3960/4663/7934 1429/5019/7934
f 4221/5015/7935 4180/4839/7935 1429/5019/7935
f 1451/3114/7936 3828/4337/7936 4290/5024/7936
f 1451/3114/7937 4290/5024/7937 3827/4336/7937
f 4290/5024/7938 3828/4337/7938 3989/5135/7938
f 4185/5139/7939 3927/4626/7939 4183/5067/7939
f 3953/5027/7940 4184/5138/7940 2942/2939/7940
f 3926/4625/7941 2948/4627/7941 1292/5140/7941
f 4195/5041/7942 4197/4857/7942 2920/5039/7942
f 3968/5051/7943 4282/5047/7943 1555/2808/7943
f 4285/5236/7944 4207/1270/7944 2877/2842/7944
f 2776/2738/7945 4287/4866/7945 2801/2739/7945
f 4210/4864/7946 4287/4866/7946 2776/2738/7946
f 4297/5145/7947 2774/2717/7947 3961/4655/7947
f 3961/4655/7948 1128/1788/7948 4216/4882/7948
f 4220/4888/7949 3945/4644/7949 4219/5151/7949
f 4224/5165/7950 4062/5265/7950 4241/5102/7950
f 4219/5151/7951 3939/4883/7951 4220/4888/7951
f 3966/4892/7952 4248/4945/7952 1122/912/7952
f 4264/4661/7953 3448/5230/7953 1966/5271/7953
f 3947/5199/7954 3179/5201/7954 3178/5080/7954
f 3190/5007/7955 4157/5006/7955 3187/5008/7955
f 4017/4697/7956 3903/4694/7956 3905/4696/7956
f 4017/4697/7957 4018/4699/7957 4019/4898/7957
f 4293/4702/7958 4023/5272/7958 4024/4906/7958
f 3815/4907/7959 3930/5273/7959 4028/5274/7959
f 3933/4909/7960 4029/4903/7960 3932/4908/7960
f 4238/4917/7961 4037/4711/7961 4040/4713/7961
f 4041/4715/7962 2442/2398/7962 4240/5261/7962
f 4240/5261/7963 4239/5095/7963 4041/4715/7963
f 4049/5090/7964 4054/5275/7964 4240/5261/7964
f 3637/3975/7965 4058/4928/7965 4055/4926/7965
f 4242/5072/7966 2227/5071/7966 2223/5276/7966
f 4016/4929/7967 4062/5265/7967 503/659/7967
f 3937/4637/7968 1056/858/7968 823/4289/7968
f 3552/5168/7969 4247/4942/7969 3563/3896/7969
f 4077/4741/7970 4073/4732/7970 756/5277/7970
f 1595/5278/7971 3967/5268/7971 3965/4657/7971
f 3965/4657/7972 4082/5267/7972 3966/4892/7972
f 4085/4746/7973 3789/4745/7973 3803/4251/7973
f 3958/4654/7974 3505/5171/7974 4250/5106/7974
f 4013/4692/7975 4087/5105/7975 4084/4743/7975
f 3842/4750/7976 3938/4748/7976 4090/4747/7976
f 4253/5178/7977 3463/5177/7977 1562/3723/7977
f 4096/4758/7978 3920/4620/7978 4294/5254/7978
f 4100/4759/7979 3676/4037/7979 3675/4035/7979
f 4102/4760/7980 4103/4761/7980 4101/3991/7980
f 4257/5180/7981 4003/4762/7981 4103/4761/7981
f 4260/5091/7982 1196/5183/7982 1195/5279/7982
f 4260/5184/7983 3398/3626/7983 4115/4767/7983
f 3975/4671/7984 4117/5280/7984 4116/4770/7984
f 4121/4676/7985 3987/4675/7985 4122/5281/7985
f 3987/4675/7986 3518/4988/7986 1176/5250/7986
f 1183/3750/7987 4121/5116/7987 4123/4773/7987
f 1961/4994/7988 3448/5230/7988 4132/5229/7988
f 4132/5229/7989 3904/4616/7989 3917/4615/7989
f 4140/5122/7990 3973/5282/7990 3285/5121/7990
f 4015/5123/7991 4231/4999/7991 3972/4665/7991
f 4143/5270/7992 4144/5124/7992 4015/5123/7992
f 4152/4811/7993 4146/5125/7993 4147/4642/7993
f 4151/5002/7994 3978/4810/7994 4267/5232/7994
f 3978/4810/7995 3951/4673/7995 3977/4672/7995
f 4267/5232/7996 3978/4810/7996 3977/4672/7996
f 4159/4817/7997 4155/4813/7997 4154/4818/7997
f 4298/5283/7998 3114/5078/7998 4171/4890/7998
f 4273/5011/7999 4298/5283/7999 4296/5204/7999
f 3986/4827/8000 4276/5133/8000 4166/4825/8000
f 4274/4837/8001 4172/4830/8001 4169/4829/8001
f 3109/3204/8002 4221/5015/8002 4178/5016/8002
f 4289/4840/8003 3960/4663/8003 4180/4839/8003
f 3960/4663/8004 4182/5023/8004 3062/4664/8004
f 3960/4663/8005 4289/4840/8005 4290/5024/8005
f 4184/5138/8006 4185/5139/8006 4280/5022/8006
f 4182/5023/8007 3960/4663/8007 4290/5024/8007
f 3055/5208/8008 4182/5023/8008 3056/5136/8008
f 3914/4611/8009 3026/3066/8009 4222/4877/8009
f 3026/3066/8010 3914/4611/8010 3036/3067/8010
f 2947/4323/8011 4199/5144/8011 4198/4860/8011
f 4282/5047/8012 3990/5284/8012 4204/5048/8012
f 3990/5284/8013 4230/4649/8013 4204/5048/8013
f 3968/5051/8014 4284/5050/8014 4206/5212/8014
f 4286/5055/8015 4284/5050/8015 2828/4330/8015
f 4209/5052/8016 4210/4864/8016 3980/5053/8016
f 4216/4882/8017 1128/1788/8017 2792/2736/8017
f 4215/5147/8018 3995/5059/8018 2783/5060/8018
f 3933/4909/8019 3932/4908/8019 3931/5255/8019
f 1969/4659/8020 4264/4661/8020 1966/5271/8020
f 2997/3015/8021 2962/2973/8021 3989/5135/8021
f 4095/4963/8022 3999/4971/8022 4256/5225/8022
f 4054/5275/8023 4052/5097/8023 4047/5096/8023
f 4063/4724/8024 3817/4303/8024 4245/4936/8024
f 2405/4287/8025 4067/4934/8025 4070/5103/8025
f 2405/4287/8026 4070/5103/8026 3992/4939/8026
f 756/783/8027 4248/4945/8027 4077/5285/8027
f 3936/4635/8028 1595/5286/8028 1560/4636/8028
f 1595/5287/8029 3936/4632/8029 3967/5169/8029
f 4085/5260/8030 3948/5220/8030 4001/5219/8030
f 4089/5176/8031 3983/4754/8031 4087/5105/8031
f 4118/5115/8032 3996/4679/8032 1265/997/8032
f 4142/4688/8033 1449/3431/8033 3822/4317/8033
f 4148/4812/8034 1477/3383/8034 3231/3382/8034
f 4145/5231/8035 3237/3401/8035 3245/3410/8035
f 1344/5130/8036 3976/5233/8036 4004/4816/8036
f 4162/5129/8037 3165/3291/8037 4164/5202/8037
f 3990/5284/8038 4285/5236/8038 4230/4649/8038
f 4211/4867/8039 3988/5056/8039 4210/4864/8039
f 4214/5057/8040 4213/4869/8040 4297/5214/8040
f 4213/4869/8041 4214/5057/8041 2802/2750/8041
f 4069/5259/8042 1907/1693/8042 4066/5152/8042
f 3398/3626/8043 4260/5184/8043 1195/3627/8043
f 999/813/8044 1140/919/8044 4016/4929/8044
f 3932/4908/8045 4028/4902/8045 3931/5255/8045
f 3950/4645/8046 4060/5101/8046 4059/4646/8046
f 4016/4929/8047 4060/5101/8047 4062/5265/8047
f 4066/4935/8048 4068/4727/8048 4288/4726/8048
f 3705/4680/8049 4092/4755/8049 4000/4681/8049
f 4117/5280/8050 3975/4671/8050 4121/5288/8050
f 4266/5001/8051 3221/3366/8051 3234/3392/8051
f 4269/5004/8052 4154/4818/8052 4155/4813/8052
f 4161/4819/8053 1259/5196/8053 1344/5130/8053
f 4300/5234/8054 3947/5199/8054 4271/5240/8054
f 4273/5011/8055 3105/5010/8055 4298/5283/8055
f 2962/2973/8056 2007/5252/8056 4290/5024/8056
f 2962/2973/8057 4290/5024/8057 3989/5135/8057
f 4280/5022/8058 2007/5252/8058 2006/5137/8058
f 3953/5027/8059 2942/2939/8059 1600/2938/8059
f 4191/5143/8060 2990/3007/8060 2966/2960/8060
f 4204/5048/8061 4230/4649/8061 975/2874/8061
f 3968/5051/8062 4206/5212/8062 4283/5289/8062
f 4012/4814/8063 1997/3335/8063 1996/1769/8063
f 1175/3826/8064 3975/5290/8064 1174/3825/8064
f 3975/4671/8065 1175/5291/8065 3987/4675/8065
f 4026/4701/8066 4023/5272/8066 4293/4702/8066
f 4239/5095/8067 4040/4713/8067 4041/4715/8067
f 3971/5292/8068 3979/5157/8068 4051/5159/8068
f 4062/5265/8069 4060/5101/8069 4061/4930/8069
f 4070/5103/8070 4246/4938/8070 3992/4939/8070
f 3957/5293/8071 3967/5169/8071 4085/5260/8071
f 4257/5180/8072 3669/4040/8072 4003/4762/8072
f 4106/4976/8073 4105/5111/8073 4103/4761/8073
f 3916/5064/8074 3472/3751/8074 4262/5117/8074
f 4264/4661/8075 196/4786/8075 4132/5229/8075
f 3321/3517/8076 3954/4650/8076 4135/4795/8076
f 4152/4811/8077 3242/4320/8077 4148/4812/8077
f 4155/4813/8078 4156/5127/8078 4012/4814/8078
f 4066/5152/8079 1911/2088/8079 4067/5294/8079
f 4087/5105/8080 4013/4692/8080 4089/5176/8080
f 4062/5265/8081 4224/5165/8081 503/659/8081
f 4029/4903/8082 4022/5094/8082 4023/5295/8082
f 4027/4704/8083 4293/4702/8083 4031/4707/8083
f 3572/3894/8084 4245/4936/8084 3580/4306/8084
f 4098/5110/8085 3694/4273/8085 3678/4039/8085
f 3694/4273/8086 4098/5110/8086 3946/5107/8086
f 4256/5225/8087 3421/5226/8087 3819/4309/8087
f 4258/4687/8088 4010/5092/8088 4108/4764/8088
f 3540/3841/8089 3975/5153/8089 1165/933/8089
f 3969/4658/8090 4113/4768/8090 3996/4679/8090
f 4263/4993/8091 3917/4615/8091 3913/5296/8091
f 4144/5124/8092 4143/5270/8092 4147/4642/8092
f 3925/4641/8093 3242/4320/8093 4152/4811/8093
f 1344/5130/8094 4004/4816/8094 4161/4819/8094
f 4164/5202/8095 4163/5131/8095 4162/5129/8095
f 4170/5085/8096 3133/5203/8096 3117/5086/8096
f 4296/5204/8097 4295/5132/8097 4299/5205/8097
f 4167/4603/8098 4168/4822/8098 4171/4890/8098
f 4168/4822/8099 3171/4821/8099 3172/5200/8099
f 4290/5024/8100 4289/4840/8100 3827/4336/8100
f 4280/5022/8101 4185/5139/8101 4183/5067/8101
f 3994/4677/8102 4198/4860/8102 3993/4678/8102
f 3990/5284/8103 4282/5047/8103 4283/5289/8103
f 4283/5289/8104 4285/5236/8104 3990/5284/8104
f 3931/5255/8105 4028/4902/8105 3930/4880/8105
f 4088/5173/8106 3955/4749/8106 4002/4955/8106
f 4005/4684/8107 4006/4685/8107 3113/3209/8107
f 4008/5112/8108 4235/5154/8108 3601/5113/8108
f 4023/5295/8109 4026/4904/8109 4029/4903/8109
f 4048/4718/8110 3691/4059/8110 3690/4057/8110
f 4052/5099/8111 4228/4647/8111 4059/4646/8111
f 4055/4926/8112 1194/4300/8112 3636/4299/8112
f 3950/4645/8113 4243/5223/8113 4061/4930/8113
f 4072/4735/8114 4247/4942/8114 4080/4736/8114
f 4251/4958/8115 3981/4753/8115 3450/3716/8115
f 3981/4753/8116 4251/4958/8116 3983/4754/8116
f 3986/4827/8117 4166/4825/8117 4165/4824/8117
f 3997/5206/8118 3986/4827/8118 4170/5085/8118
f 4171/4890/8119 4296/5204/8119 4298/5283/8119
f 4217/5058/8120 4218/4648/8120 2784/2729/8120
f 1544/2993/8121 3915/4613/8121 4226/5141/8121
f 3549/3860/8122 3543/5238/8122 4084/4743/8122
f 4084/4743/8123 4087/5105/8123 4079/4742/8123
f 1316/1051/8124 4050/4924/8124 4057/4721/8124
f 3751/5297/8125 4223/4960/8125 3770/4956/8125
f 4095/4963/8126 4256/5225/8126 3819/4309/8126
f 4235/5154/8127 3626/4278/8127 1519/4277/8127
f 4129/5249/8128 3987/4675/8128 1176/5250/8128
f 4130/4606/8129 4126/4772/8129 4124/4607/8129
f 3476/3764/8130 3913/5189/8130 3910/4874/8130
f 4011/4674/8131 1997/3335/8131 4156/5127/8131
f 4299/5205/8132 4169/4829/8132 4273/5011/8132
f 3825/5087/8133 4193/5032/8133 2943/5142/8133
f 4294/5254/8134 3730/4619/8134 4225/5298/8134
f 4069/5259/8135 4288/5243/8135 1908/1691/8135
f 4229/5163/8136 4228/4647/8136 1579/5264/8136
f 4024/5299/8137 4023/5295/8137 4020/5300/8137
f 4020/4897/8138 4021/4700/8138 4024/4906/8138
f 4233/4893/8139 3970/4916/8139 4032/4705/8139
f 4047/5096/8140 4239/5095/8140 4240/5261/8140
f 3967/5301/8141 3957/5076/8141 4082/5077/8141
f 4093/5179/8142 4253/5178/8142 4252/4691/8142
f 4094/4757/8143 3920/4620/8143 4000/4681/8143
f 3669/4040/8144 4099/4967/8144 3672/4041/8144
f 3913/5296/8145 3917/4615/8145 4262/5302/8145
f 3913/4605/8146 4262/5117/8146 4130/4606/8146
f 4126/4772/8147 4127/4777/8147 4124/4607/8147
f 4264/4661/8148 3447/4787/8148 196/4786/8148
f 4004/4816/8149 4154/4818/8149 4160/4820/8149
f 3986/4827/8150 3997/5206/8150 4175/4828/8150
f 4285/5236/8151 2877/2842/8151 4230/4649/8151
f 4214/5148/8152 4297/5145/8152 3961/4655/8152
f 4216/4882/8153 4219/5151/8153 4217/5058/8153
f 3970/4916/8154 4236/4668/8154 4037/4711/8154
f 4093/5179/8155 3478/4690/8155 3818/5224/8155
f 4095/4963/8156 3981/4753/8156 4252/4691/8156
f 4147/4642/8157 4143/5270/8157 4142/4640/8157
f 4149/5126/8158 4152/4811/8158 3978/4810/8158
f 4160/4820/8159 4270/5128/8159 1252/5195/8159
f 4160/4820/8160 1252/5195/8160 3186/5263/8160
f 4169/4829/8161 4299/5205/8161 4274/4837/8161
f 4168/4822/8162 4300/5234/8162 4296/5204/8162
f 4283/5289/8163 4206/5212/8163 4285/5236/8163
f 3933/4909/8164 3931/5255/8164 1394/5257/8164
f 4123/4773/8165 4129/4779/8165 4126/4772/8165
f 4162/5129/8166 4271/5240/8166 3976/5233/8166
f 3906/5216/8167 3907/4600/8167 3908/4602/8167
f 1911/2088/8168 1548/2149/8168 2448/2275/8168
f 4271/5240/8169 4272/4823/8169 4300/5234/8169
f 4271/5240/8170 3947/5199/8170 3178/5080/8170
f 4276/5133/8171 4299/5205/8171 4295/5132/8171
f 4023/5295/8172 4022/5094/8172 4020/5300/8172
f 4298/5283/8173 3105/5010/8173 3114/5078/8173
f 4013/4692/8174 4084/4743/8174 3958/4654/8174
f 3958/4654/8175 3543/5238/8175 3514/4652/8175
f 4269/5004/8176 4270/5128/8176 4154/4818/8176
f 4204/5048/8177 975/2874/8177 1490/2875/8177
f 4283/5289/8178 4282/5047/8178 3968/5051/8178
f 4163/5131/8179 4164/5202/8179 4165/4824/8179
f 4232/4706/8180 3970/4916/8180 4037/4711/8180
f 4123/4773/8181 4121/5116/8181 4122/5228/8181
f 4240/5261/8182 4054/5275/8182 4047/5096/8182
f 7/2346/8183 4301/5303/8183 4302/5304/8183
f 4304/5305/8184 886/2362/8184 4306/5306/8184
f 4303/5307/8185 4310/5308/8185 2043/1806/8185
f 2143/1881/8186 2144/2235/8186 883/693/8186
f 2559/2425/8187 2586/2447/8187 2609/2491/8187
f 4312/5309/8188 1860/2388/8188 2559/2425/8188
f 789/602/8189 788/601/8189 2609/2491/8189
f 1320/1807/8190 883/693/8190 882/692/8190
f 189/471/8191 653/2313/8191 841/2378/8191
f 882/692/8192 870/679/8192 1320/1807/8192
f 870/679/8193 2454/2281/8193 1320/1807/8193
f 2597/2489/8194 2519/2439/8194 2609/2491/8194
f 2432/2266/8195 2145/1883/8195 883/693/8195
f 870/679/8196 841/2378/8196 2454/2281/8196
f 4305/5310/8197 2043/1806/8197 25/17/8197
f 4305/5310/8198 25/17/8198 24/16/8198
f 2494/2321/8199 24/16/8199 2495/2322/8199
f 4302/5304/8200 2494/2321/8200 2492/2348/8200
f 4302/5304/8201 2492/2348/8201 7/2346/8201
f 886/2362/8202 4309/5311/8202 4306/5306/8202
f 2043/1806/8203 4305/5310/8203 4303/5307/8203
f 1011/1880/8204 2136/1877/8204 2131/2300/8204
f 4311/2383/8205 4310/5308/8205 4313/5312/8205
f 4309/5311/8206 12/697/8206 2144/2235/8206
f 4309/5311/8207 2144/2235/8207 1011/1880/8207
f 4311/2383/8208 2043/1806/8208 4310/5308/8208
f 883/693/8209 2145/1883/8209 2143/1881/8209
f 2556/2420/8210 189/471/8210 841/2378/8210
f 842/650/8211 2556/2420/8211 841/2378/8211
f 2607/2485/8212 2620/2502/8212 842/650/8212
f 2620/2502/8213 2557/2421/8213 2556/2420/8213
f 883/693/8214 1320/1807/8214 2432/2266/8214
f 4301/5303/8215 4304/5305/8215 4305/5310/8215
f 2494/2321/8216 4305/5310/8216 24/16/8216
f 4305/5310/8217 2494/2321/8217 4301/5303/8217
f 2494/2321/8218 4302/5304/8218 4301/5303/8218
f 4310/5308/8219 4308/5313/8219 4313/5312/8219
f 12/697/8220 4309/5311/8220 886/2362/8220
f 4309/5311/8221 2131/2300/8221 4307/5314/8221
f 2131/2300/8222 4309/5311/8222 1011/1880/8222
f 4309/5311/8223 4308/5313/8223 4306/5306/8223
f 886/2362/8224 7/2346/8224 777/2344/8224
f 4313/5312/8225 4307/5314/8225 4312/5309/8225
f 2144/2235/8226 12/697/8226 883/693/8226
f 788/601/8227 4311/2383/8227 4312/5309/8227
f 4312/5309/8228 2559/2425/8228 788/601/8228
f 841/2378/8229 653/2313/8229 2454/2281/8229
f 841/2378/8230 27/19/8230 842/650/8230
f 842/650/8231 2620/2502/8231 2556/2420/8231
f 4303/5307/8232 4304/5305/8232 4306/5306/8232
f 4306/5306/8233 4308/5313/8233 4310/5308/8233
f 4307/5314/8234 4313/5312/8234 4308/5313/8234
f 4312/5309/8235 4307/5314/8235 2130/2349/8235
f 4312/5309/8236 2130/2349/8236 1860/2388/8236
f 2609/2491/8237 788/601/8237 2559/2425/8237
f 4304/5305/8238 4301/5303/8238 7/2346/8238
f 4312/5309/8239 4311/2383/8239 4313/5312/8239
f 4303/5307/8240 4305/5310/8240 4304/5305/8240
f 4310/5308/8241 4303/5307/8241 4306/5306/8241
f 4307/5314/8242 4308/5313/8242 4309/5311/8242
f 2130/2349/8243 4307/5314/8243 2131/2300/8243
f 4304/5305/8244 7/2346/8244 886/2362/8244
