# Blender 5.1.0
# www.blender.org
mtllib SPD-10260X-B.mtl
o SPD-10260X-B
v -558.810120 174.462570 103.075874
v -453.762695 50.516869 -21.105377
v -453.184418 51.042099 -22.703119
v -453.721497 50.939125 -21.229279
v -453.383942 52.844913 -25.082113
v -453.146606 51.788128 -24.386583
v -557.519470 174.375366 100.782845
v -455.701447 50.001179 -27.056326
v -454.694000 50.103046 -25.049849
v -515.963501 155.218903 37.211037
v -516.776306 155.874756 37.871250
v -453.396820 50.351269 -22.780401
v -453.513611 50.550243 -24.011789
v -454.637726 50.793037 -25.702202
v -555.978027 165.847961 102.204994
v -453.785004 55.044502 -25.881411
v -454.557343 59.341423 -26.875349
v -453.236969 53.132526 -23.561472
v -455.270905 52.161728 -27.059027
v -455.016815 53.224144 -26.724312
v -453.721191 56.686317 -25.667881
v -457.498016 47.977375 -21.313084
v -456.204468 48.843327 -20.646786
v -457.984344 47.994961 -20.037590
v -454.338409 49.446205 -21.530233
v -457.682373 48.385654 -22.370441
v -457.475708 49.615364 -23.424486
v -456.461487 48.601013 -23.027399
v -456.637665 49.181984 -19.662413
v -455.177917 50.552048 -18.705288
v -454.500031 50.559055 -19.700918
v -456.374390 52.054829 -16.866156
v -554.657898 165.975601 111.097076
v -454.133148 49.512417 -22.281897
v -555.618103 167.275589 111.000359
v -556.385315 169.571213 110.388145
v -555.044983 168.370758 110.394302
v -554.900391 163.749710 111.639244
v -555.379639 146.235321 112.206154
v -516.868896 155.734192 36.697281
v -552.309570 146.418991 113.133217
v -454.776794 49.447506 -23.861435
v -455.628479 49.711948 -25.749739
v -553.358154 146.528702 113.043213
v -455.856781 48.657787 -22.885883
v -554.664062 146.744186 113.080505
v -554.629761 143.569641 112.818520
v -552.892944 140.207138 97.375488
v -552.683167 140.635132 96.728668
v -554.293762 139.170029 96.406708
v -455.570190 65.685265 -28.049192
v -456.860962 64.565002 -29.859013
v -551.432251 140.992554 97.532768
v -553.775208 139.981979 95.521378
v -455.691223 62.765453 -28.577459
v -554.406921 136.990280 97.649323
v -456.670654 68.719261 -30.067787
v -455.153992 63.009205 -27.995548
v -454.641418 61.181293 -26.961016
v -551.819214 139.176300 99.343384
v -551.085693 139.212570 99.650871
v -552.705383 138.769806 98.935944
v -456.349945 68.454475 -28.149923
v -456.763092 70.968063 -30.532286
v -455.874695 67.077553 -28.897774
v -456.384552 69.502502 -29.280054
v -553.593750 133.478912 93.921349
v -461.222992 48.692112 -16.834288
v -459.137146 48.406731 -18.682936
v -550.247864 134.683945 99.623558
v -550.746460 133.889236 98.786377
v -458.301666 47.873497 -21.196388
v -458.806702 47.845131 -20.654295
v -455.583679 49.302361 -24.305687
v -456.587311 49.625065 -23.988850
v -551.197876 138.267258 100.092064
v -550.742676 138.344391 100.178467
v -551.443420 135.597183 99.704010
v -553.415710 134.577530 97.630898
v -553.374084 133.528915 96.332870
v -457.935059 64.141045 -32.007969
v -457.410614 65.103653 -30.501295
v -552.340393 169.325195 103.557999
v -458.781921 69.070076 -32.248001
v -457.010406 65.234108 -24.624847
v -551.562317 161.609940 107.876007
v -458.550415 69.626091 -31.828630
v -456.400055 69.511368 -29.773100
v -457.610718 73.962959 -31.712526
v -457.535828 49.946106 -24.531046
v -462.037354 48.577591 -19.265278
v -550.284485 143.574295 113.508888
v -460.629913 49.188198 -22.119448
v -552.912292 143.483871 113.424278
v -552.717285 141.492538 113.305229
v -549.634521 139.751404 113.338676
v -457.794250 56.972202 -17.466593
v -551.025940 137.698807 113.275955
v -457.358978 59.977245 -30.710247
v -549.590942 131.244431 112.394875
v -549.364075 132.024139 112.621773
v -458.899200 74.635078 -27.286119
v -457.339844 74.210991 -30.064922
v -551.808838 134.987274 112.046394
v -550.693848 131.557968 111.877998
v -551.093689 133.367538 112.174995
v -550.757385 134.702972 112.753906
v -459.385773 48.889988 -22.100830
v -460.025177 48.277878 -20.795691
v -460.114502 60.234623 -31.878654
v -457.694641 57.740833 -32.094452
v -457.636963 56.065331 -31.747086
v -459.669434 60.498238 -32.363892
v -460.418945 62.109467 -32.149426
v -549.024170 148.645615 112.247795
v -550.110596 151.985382 98.059288
v -459.859772 67.958252 -20.837271
v -457.274170 61.470451 -21.466164
v -546.398254 134.364151 97.330002
v -548.324890 136.450256 99.631866
v -458.659607 56.796459 -32.057751
v -459.122314 57.646610 -31.863577
v -458.680328 61.702286 -32.711090
v -548.219543 137.147003 99.897926
v -547.415039 136.529160 100.155258
v -546.643860 135.444977 99.652908
v -546.756775 134.620865 97.857712
v -547.317688 135.290665 98.681381
v -548.502747 133.348251 97.605988
v -461.391541 74.008659 -35.851219
v -461.669830 76.598442 -36.942749
v -460.229095 74.700897 -36.012070
v -460.722748 74.616562 -36.244350
v -459.644806 73.137360 -34.812088
v -548.820007 138.529861 99.936577
v -542.674988 169.571106 81.466660
v -542.609680 169.479874 81.942772
v -544.183350 131.166809 98.250603
v -547.496277 133.402512 103.455421
v -461.697632 79.534416 -37.635788
v -461.648010 78.410912 -37.093517
v -461.501434 72.312874 -35.227715
v -462.071411 73.144165 -34.942928
v -462.079803 75.766029 -36.129761
v -460.773163 82.497719 -37.281548
v -460.384033 83.494293 -36.438824
v -460.566162 80.683929 -35.502895
v -547.119141 124.657730 110.605003
v -546.218994 122.468811 109.686859
v -547.743286 130.116364 112.337051
v -545.924255 126.417137 111.743401
v -460.708008 76.530769 -36.922112
v -463.526947 85.151146 -38.078751
v -547.132507 127.026299 111.800179
v -546.658875 122.553032 109.097038
v -460.793762 80.690872 -36.840660
v -460.866577 78.530754 -36.868103
v -460.617767 77.264038 -36.748596
v -547.455322 126.274292 111.360710
v -548.297546 126.216667 110.085548
v -541.847473 168.754608 79.416328
v -461.073914 82.473427 -37.943531
v -549.400635 128.594116 109.996994
v -546.711670 122.864471 108.563950
v -547.894958 125.930443 108.674240
v -547.151550 127.473457 106.194038
v -461.351959 67.552040 -33.330246
v -460.966644 68.156059 -34.153255
v -462.280914 70.631935 -33.147282
v -543.284363 145.540833 101.118294
v -458.585815 52.319912 -13.414036
v -459.745270 52.585304 -11.863780
v -459.116638 51.906769 -13.292768
v -462.470459 52.485336 -10.779127
v -461.047424 53.592323 -9.817780
v -461.490417 53.128895 -9.960737
v -463.412933 52.546741 -10.070366
v -462.694946 53.849564 -7.942389
v -469.644409 60.347042 -18.337015
v -469.156525 60.505642 -17.791946
v -463.296448 55.239307 -6.256788
v -463.042419 55.902866 -6.668715
v -459.009796 53.783714 -12.879469
v -544.435364 144.886383 90.966743
v -461.649994 49.391621 -21.705786
v -462.660370 49.113968 -20.148489
v -543.287170 148.149170 87.083069
v -463.195770 79.018456 -35.749393
v -545.321228 167.552734 80.666573
v -543.322754 167.355103 77.003990
v -542.069153 166.500793 75.157921
v -462.105286 78.414307 -36.903614
v -544.425476 165.041702 80.608788
v -462.708893 78.354256 -36.213219
v -465.632874 78.375870 -30.743979
v -461.790741 87.832115 -38.870712
v -461.401733 87.203888 -37.645813
v -463.307953 86.394691 -38.841644
v -543.131897 157.160202 91.933525
v -543.377136 162.461105 88.555756
v -465.831177 85.901680 -34.178886
v -464.187286 87.728485 -38.160511
v -544.187744 142.667358 105.587585
v -465.399689 94.983673 -39.342892
v -541.088745 138.068176 102.110168
v -468.694397 93.220200 -32.173012
v -541.404419 141.852859 99.661629
v -541.849487 168.530563 81.277649
v -544.143311 170.051361 83.339989
v -541.875671 165.242767 83.287514
v -540.144348 165.782852 79.401306
v -539.968079 166.171814 78.569328
v -540.874207 128.070465 105.560928
v -540.414856 125.824951 106.200241
v -540.332520 128.580017 104.409500
v -540.203186 127.303444 105.265160
v -538.618347 127.279778 104.096436
v -535.473999 121.299522 101.230194
v -537.995728 125.133224 104.088867
v -538.506042 128.468369 102.699547
v -466.171875 103.400490 -41.644966
v -465.478210 102.058891 -42.220490
v -465.679688 107.288277 -43.906498
v -465.189484 106.011925 -43.902164
v -538.725952 121.822701 104.941887
v -469.568817 59.445339 -16.994850
v -541.104553 122.202576 108.823143
v -541.972961 125.112358 109.747612
v -537.408203 132.729294 84.248085
v -468.703888 101.037880 -35.714767
v -470.253357 109.577698 -36.575066
v -466.414490 108.841156 -43.599541
v -468.956757 137.178482 -42.606888
v -469.772675 137.577240 -42.897678
v -470.309357 137.392273 -41.122311
v -468.741577 135.922699 -40.735607
v -470.642670 104.115311 -33.514557
v -536.443298 123.207062 87.487289
v -534.659729 131.478958 92.133881
v -537.174988 128.729858 99.988426
v -536.859436 129.944656 98.099075
v -536.475037 130.947983 96.243660
v -535.324036 126.555756 97.162720
v -471.116791 58.144501 -19.057840
v -539.351685 124.361855 105.245689
v -471.925720 61.954281 -21.160320
v -472.314392 62.833340 -21.138845
v -471.469818 62.944836 -20.657969
v -537.017029 122.790497 103.122192
v -470.530792 59.969719 -20.114132
v -534.152588 118.306389 99.757736
v -473.850800 57.243244 -18.361082
v -472.013794 57.523563 -16.507034
v -470.704559 58.583065 -15.806434
v -470.992401 58.755047 -14.732633
v -471.503998 57.649136 -18.190535
v -469.966827 58.973881 -16.198694
v -536.281982 161.146133 67.652565
v -471.700684 112.070740 -34.876236
v -471.205261 58.716599 -19.739374
v -470.519958 61.173264 -20.297417
v -473.069305 60.156635 -21.267012
v -473.734711 58.986984 -20.894850
v -473.485687 58.307667 -20.204020
v -472.101990 57.362286 -17.478033
v -470.577515 58.511860 -19.007772
v -470.790436 58.154171 -18.508724
v -474.416962 59.149227 -13.177462
v -474.851013 59.872482 -12.849431
v -471.345245 58.351761 -15.403111
v -535.667114 151.843506 79.595589
v -473.642242 58.486729 -13.682174
v -472.870087 57.825325 -14.767165
v -471.921692 61.705597 -11.845193
v -473.577423 59.947098 -13.070178
v -474.337708 58.335003 -13.855714
v -475.040680 58.122543 -14.405970
v -472.697784 60.528496 -12.954279
v -472.322418 59.300117 -13.762150
v -471.815063 58.720261 -14.349499
v -471.363281 60.669281 -12.196656
v -475.355713 63.060913 -12.921936
v -475.852173 62.123360 -12.872679
v -474.968536 61.910801 -12.581116
v -473.506195 62.280071 -12.584716
v -473.252014 61.183525 -12.662332
v -472.809845 63.349133 -12.551572
v -472.768646 62.053223 -12.448238
v -471.724762 59.788563 -9.508179
v -474.263214 63.204857 -6.006504
v -534.595215 132.821167 90.717613
v -472.145386 62.445152 -10.120859
v -531.965698 135.125839 83.307983
v -472.051636 57.105427 -7.587861
v -473.501587 56.961796 -4.157587
v -474.792908 56.178192 -0.001713
v -475.752594 57.272640 0.533879
v -474.983002 59.204536 -2.522281
v -473.272980 55.864357 -3.431772
v -472.030731 64.650894 -19.858105
v -471.746918 63.810688 -20.417749
v -475.594940 58.235661 -20.368740
v -473.736053 57.704552 -19.459940
v -471.523346 60.877407 -20.944544
v -474.756653 59.901615 -21.489182
v -535.362000 136.679184 86.297890
v -535.167236 136.294022 86.245255
v -475.850922 59.117683 -21.028276
v -477.109894 59.678398 -20.599977
v -476.178833 57.916061 -19.693951
v -475.396759 57.580357 -19.352564
v -475.818359 57.332737 -18.238035
v -475.900940 57.336617 -17.229437
v -473.914032 57.092293 -17.402029
v -476.420685 58.529064 -14.916642
v -475.967499 61.513966 -21.578300
v -475.072479 61.857044 -21.667885
v -474.680298 60.864601 -21.692488
v -473.404297 61.594315 -21.575384
v -473.869080 62.958210 -21.426577
v -534.217041 136.224670 84.770073
v -473.892090 63.896206 -20.955709
v -472.128357 65.439690 -12.438087
v -533.541626 133.902313 87.522690
v -472.611603 54.875496 -0.317362
v -474.580048 116.182152 -19.230089
v -475.117676 114.107430 -19.711468
v -475.440704 114.120476 -18.779381
v -474.036102 118.271194 -20.583584
v -475.662842 115.868645 -16.646654
v -472.889526 119.012421 -23.297419
v -476.733002 114.817993 -14.666425
v -475.834229 114.819695 -16.498392
v -471.292603 124.847115 -27.831732
v -475.181641 115.589676 -17.622625
v -472.485657 128.985748 -27.324257
v -532.604736 135.564362 83.889618
v -476.116333 124.841469 -19.210457
v -470.942413 61.791740 -20.631802
v -531.369324 115.562515 95.646477
v -472.837341 57.186481 -16.520014
v -472.893372 57.353733 -15.550689
v -474.065521 57.135983 -16.487267
v -475.263153 57.393341 -16.173836
v -477.027771 60.752914 -21.076954
v -476.015411 60.247547 -21.465076
v -476.465393 62.891399 -20.988461
v -473.753296 65.375885 -19.515579
v -475.706177 64.908981 -19.559292
v -477.274963 60.143936 -14.386407
v -477.023224 59.312386 -14.667853
v -473.794006 57.430851 -15.149199
v -478.397278 62.245728 -19.411924
v -477.673492 62.686535 -20.127962
v -478.767181 60.356136 -18.976461
v -532.608154 113.335037 96.924377
v -476.017639 59.664738 -13.558296
v -529.943542 112.770821 94.180275
v -478.698822 60.113277 -16.718689
v -478.172516 59.111187 -16.654518
v -477.975922 62.942875 -15.356762
v -475.895782 60.899113 -12.985133
v -473.770050 63.310863 -12.784368
v -477.990509 61.825016 -14.872112
v -475.170929 65.926743 -17.449652
v -474.221649 66.096222 -17.520790
v -474.937134 65.702583 -18.564077
v -476.368011 63.121689 -13.589681
v -478.706604 62.888340 -17.371946
v -476.767303 58.324856 -19.824089
v -476.824677 57.675152 -17.532097
v -477.469360 58.373741 -16.550009
v -476.198517 57.807083 -15.902547
v -475.385254 63.224945 -21.205708
v -476.971313 61.876667 -21.075310
v -529.870544 150.930161 68.532143
v -529.710388 149.781387 68.790405
v -478.124634 60.488628 -19.950251
v -531.305847 148.216385 72.972458
v -476.986633 64.011398 -19.722097
v -476.088898 63.996277 -20.379036
v -529.610291 149.903885 67.846863
v -476.528015 61.334534 -13.357506
v -468.687286 59.319622 -16.482616
v -529.979492 148.892181 69.338074
v -529.804749 151.393188 64.799103
v -475.263031 58.878643 -13.693379
v -529.914795 152.151260 67.428253
v -530.463989 153.298218 67.454895
v -530.230957 147.866211 68.337967
v -474.998840 61.076305 -12.588100
v -529.622314 151.061417 67.326263
v -529.862122 150.295166 65.901184
v -530.026123 151.273834 65.796486
v -531.547485 154.681259 66.662529
v -530.578369 152.912994 65.793533
v -475.895416 64.403542 -14.045869
v -469.109833 58.939976 -15.787184
v -473.215424 64.294365 -12.999436
v -473.385254 64.645569 -13.322250
v -468.725342 58.849831 -15.709088
v -474.459930 55.789974 2.049757
v -472.585205 55.250015 1.021824
v -475.958710 56.873116 3.028170
v -470.516174 53.833694 -3.851930
v -471.204529 54.050793 -3.540970
v -529.869751 148.792816 67.468811
v -529.856323 148.496033 66.976746
v -477.373352 58.233944 -18.530390
v -477.999390 59.472347 -19.474644
v -531.528259 147.192459 73.541107
v -477.270477 64.022003 -15.322579
v -475.731476 64.821892 -14.362614
v -529.757629 147.861099 66.893883
v -531.454956 145.772537 71.549309
v -531.294373 143.089508 72.891739
v -527.605164 144.756958 64.413376
v -478.858490 62.111012 -18.411285
v -531.704041 146.159546 72.461838
v -476.527649 65.041061 -18.456596
v -477.595337 59.017277 -15.559297
v -531.679077 144.491653 67.013931
v -529.760010 162.580933 61.198395
v -529.266235 161.422562 60.807842
v -530.807129 163.501831 62.339909
v -477.870514 60.948322 -14.766602
v -528.721802 163.146896 58.173737
v -528.579590 162.572006 56.962326
v -532.450867 164.905441 63.918804
v -478.745239 62.072578 -16.285196
v -477.258209 63.214825 -14.520061
v -476.845825 62.178875 -13.694396
v -475.999786 65.249390 -15.428082
v -475.651642 65.704834 -16.333210
v -531.281555 160.524902 65.045929
v -528.864685 159.958023 60.668289
v -528.505005 162.638138 59.722881
v -530.615723 163.864944 61.004356
v -529.963989 163.503769 60.985153
v -478.619415 59.669048 -18.208763
v -478.212189 61.312630 -19.945499
v -477.904755 63.255539 -19.410269
v -528.670349 140.124237 72.255432
v -478.139221 59.132656 -18.721643
v -477.763214 58.455433 -17.608250
v -528.378113 137.836655 73.576782
v -529.521729 138.096680 75.786797
v -527.890686 140.427124 70.769814
v -529.934265 139.193298 74.997978
v -478.327454 60.192345 -15.653936
v -478.954193 61.497211 -16.838991
v -530.506714 137.726074 77.863708
v -478.101593 63.659782 -16.554209
v -478.963562 60.703304 -18.676718
v -478.075867 63.893887 -17.920937
v -478.468231 63.205978 -18.323191
v -529.164734 142.689270 69.043381
v -478.576660 61.189220 -15.732358
v -531.591309 140.555618 75.241547
v -528.228577 147.275833 59.296516
v -480.841125 71.496307 2.619436
v -527.780823 156.589111 53.605778
v -481.288391 79.148987 -0.895064
v -529.322083 160.131165 54.415215
v -527.518738 160.738403 52.332737
v -526.950439 158.801117 50.644104
v -527.958740 160.248734 52.282200
v -525.120361 158.809189 47.595947
v -530.797424 161.371689 56.984467
v -525.288513 158.183273 47.821106
v -478.548615 60.310879 4.323005
v -477.891449 60.053093 3.037409
v -480.675171 60.756912 8.296494
v -478.124146 59.017826 5.353587
v -481.654205 62.427174 8.671227
v -478.450104 61.403736 3.196908
v -528.464111 152.606308 61.538761
v -524.604126 147.562195 56.947968
v -528.027893 150.468979 61.810349
v -469.939087 59.125759 -17.216955
v -525.979431 105.075310 87.457008
v -526.966614 105.785980 88.938820
v -526.943237 111.707947 85.015297
v -479.852142 59.822960 10.060905
v -526.094910 112.128052 82.558876
v -480.017365 59.822315 8.809419
v -483.250427 63.700447 14.333108
v -483.246887 63.208809 13.253819
v -480.975525 60.758060 11.649900
v -480.736908 61.039841 12.484446
v -477.037354 59.601208 9.498427
v -479.705933 62.128410 13.939533
v -479.817810 60.518787 12.053802
v -526.535767 113.498764 85.770653
v -483.791840 63.798370 14.252988
v -481.889893 63.266243 14.366563
v -481.208160 62.477459 13.923788
v -482.519409 64.223358 18.792486
v -482.563721 63.936386 17.900066
v -480.687653 62.739288 15.268709
v -525.518860 105.660828 85.805618
v -483.614929 63.381565 12.684465
v -482.550873 62.215576 10.859372
v -482.754120 62.455708 12.279190
v -482.149048 61.607208 11.289349
v -487.715057 66.692848 18.405966
v -481.069183 60.613720 10.625116
v -481.769043 63.227917 15.875780
v -484.663483 65.596176 18.919497
v -483.917511 64.797203 19.467632
v -526.495117 104.159096 89.330658
v -524.848389 102.563835 88.200829
v -527.237000 103.284615 90.785385
v -525.192505 101.859352 88.417702
v -482.886627 143.545624 -18.808485
v -529.540222 101.366127 91.270233
v -524.846497 100.055321 86.700684
v -483.618958 143.774185 -17.865456
v -484.456116 143.050797 -17.009338
v -482.932129 143.456802 -17.940943
v -483.025665 142.071320 -16.777374
v -481.522247 142.050949 -17.930407
v -481.628510 141.484726 -16.987684
v -527.710999 102.852890 91.126778
v -480.990265 142.562775 -20.138994
v -480.894135 142.017853 -19.369047
v -481.709167 142.317963 -21.052649
v -483.720337 142.574295 -16.854128
v -523.821594 129.175751 59.035961
v -479.169952 132.125320 -16.691326
v -524.944702 124.214386 63.673229
v -522.861084 120.384132 61.418377
v -483.786438 140.892197 -12.644081
v -482.653839 140.600250 -14.450496
v -483.986420 142.227432 -13.891971
v -483.973053 142.364746 -15.358181
v -483.126831 141.365402 -14.487837
v -482.400330 141.198471 -15.397447
v -484.372650 64.242554 13.217052
v -484.581543 64.891891 12.957194
v -523.050232 106.887260 79.658005
v -523.110352 105.880104 81.065765
v -522.175598 100.862099 84.218735
v -524.170959 102.972504 85.457344
v -484.583801 64.236061 14.105397
v -522.253235 102.187019 83.679565
v -483.028168 63.985744 15.325300
v -483.749481 64.481865 16.283978
v -522.588318 104.345276 82.623604
v -522.712097 104.375740 83.042007
v -483.492706 64.642525 17.561604
v -483.851532 64.953514 20.139725
v -521.897705 102.292137 80.930969
v -522.170349 101.887299 81.740074
v -484.667267 73.206345 8.944251
v -469.689331 62.256783 -19.228745
v -522.672058 104.748726 81.119461
v -522.638672 105.186104 80.334244
v -521.847229 100.295410 82.226898
v -483.560852 67.793739 9.545780
v -521.720520 95.755081 80.667480
v -522.787415 103.407753 83.830070
v -524.211609 101.452103 86.606598
v -524.609009 102.719734 87.518646
v -520.427124 99.337349 81.128685
v -520.273193 101.010918 80.105255
v -522.342102 99.248375 84.036247
v -521.946533 98.720825 83.074448
v -484.794128 64.360092 16.233742
v -522.250305 97.899361 82.953644
v -520.730408 96.481026 80.754906
v -520.831299 97.660286 81.648552
v -524.214111 100.407028 86.376404
v -522.379150 100.139839 84.550270
v -522.856812 99.204964 84.615410
v -519.442444 95.859619 79.046829
v -521.058960 132.124008 61.877960
v -521.284912 128.867279 64.278992
v -487.089508 69.890236 15.483748
v -519.829285 132.212601 50.083038
v -486.557220 83.203438 7.265501
v -520.698608 126.207687 54.339050
v -518.552917 123.049637 61.932270
v -519.490845 119.917145 54.725471
v -518.584900 125.033417 50.734806
v -469.086395 61.292416 -18.447857
v -468.814972 62.715424 -18.696985
v -486.664703 65.211472 18.517895
v -485.169037 65.623123 18.898720
v -487.679749 65.983253 20.944777
v -488.338654 66.470230 22.022633
v -484.595764 65.559578 21.995956
v -486.276367 65.077385 18.406164
v -485.669769 64.970573 17.583540
v -487.467682 65.594498 19.222933
v -485.510620 66.459816 22.270815
v -487.562927 67.563919 24.903389
v -487.268799 67.096588 23.481201
v -486.949371 66.463570 21.746750
v -485.127747 66.640533 23.129368
v -484.646637 66.827942 23.117859
v -485.912354 67.472702 25.457178
v -486.703827 67.428391 26.010193
v -487.638519 67.844856 26.906860
v -486.102203 66.775429 24.107704
v -520.785828 148.123154 52.295879
v -518.159668 146.011612 48.576942
v -517.741699 143.039459 47.093506
v -515.522644 143.206085 44.788815
v -489.073822 73.775139 17.391520
v -522.522583 148.711243 54.977348
v -520.252991 146.787628 51.616478
v -515.859985 144.133392 45.221169
v -518.744019 155.299576 43.971546
v -519.660400 157.125793 44.505085
v -520.640320 139.684296 56.904797
v -518.228088 138.062592 52.909782
v -516.356323 136.549957 50.047474
v -519.038086 139.169693 51.509960
v -516.112061 135.963257 50.288754
v -517.273743 137.779587 48.659420
v -519.270935 139.758804 51.139778
v -517.033936 129.567856 55.249645
v -516.326538 125.095703 56.247360
v -490.873840 79.472351 18.028130
v -487.594604 127.591660 -0.233550
v -516.224854 134.905365 34.971436
v -486.031006 132.076889 -4.912646
v -518.823181 137.875229 35.284912
v -518.079651 136.886078 35.660355
v -515.480835 133.421082 30.578995
v -514.070923 134.732040 33.425110
v -515.586243 135.718246 35.023296
v -517.232483 133.452148 32.491684
v -516.917664 133.248505 31.677679
v -518.727844 133.460541 31.084555
v -512.857239 134.904282 32.816921
v -513.484253 134.649948 32.738590
v -516.365784 123.246140 54.674770
v -487.875397 140.991211 -17.299482
v -486.769897 143.191788 -16.567781
v -489.123199 142.623032 -15.487592
v -488.656250 143.744827 -14.827559
v -488.224487 144.208664 -11.904573
v -486.719543 143.769775 -12.711902
v -486.848999 143.768433 -13.540745
v -518.454712 122.356323 61.497860
v -515.907532 124.837059 55.049850
v -517.597412 122.323547 57.518364
v -468.708099 61.570148 -18.332018
v -516.814331 122.248413 55.534321
v -489.605988 67.740837 25.300190
v -490.460388 67.903847 25.627632
v -518.479675 120.393028 59.988838
v -489.395020 66.814056 23.554314
v -490.142731 67.501678 23.164747
v -489.011322 66.519554 21.855263
v -489.125793 68.613983 20.345337
v -490.557892 69.081543 22.743320
v -490.728149 68.191521 26.472363
v -487.159546 67.373749 25.649714
v -515.102295 127.552895 52.583656
v -490.291656 71.816841 20.874056
v -515.358826 125.695854 53.988815
v -489.660950 66.820663 23.167044
v -491.362061 68.572296 25.512182
v -469.380432 63.197975 -18.918404
v -515.362549 123.053261 52.545399
v -488.510254 66.730011 20.501631
v -491.577728 69.312370 24.860981
v -514.963806 122.287582 51.885330
v -515.781189 118.693176 55.508442
v -514.593140 124.401993 43.590656
v -513.323914 134.236694 45.688145
v -515.082703 135.798569 47.479038
v -514.024719 133.886017 47.485035
v -490.451355 134.487000 1.531881
v -487.645508 144.038208 -12.101909
v -489.612213 144.708344 -11.082776
v -490.138489 144.969193 -10.747314
v -490.888367 146.022171 -9.051532
v -491.743195 145.844482 -7.090839
v -487.507599 144.464218 -9.874295
v -488.487030 145.042068 -9.044178
v -489.784363 145.792023 -8.750740
v -490.469025 145.829330 -7.516451
v -513.005798 141.437759 41.188816
v -489.625977 144.694977 -6.931675
v -488.182343 143.926376 -8.063731
v -493.716919 146.188202 -3.853679
v -489.562256 145.582870 -7.584281
v -490.844971 146.060471 -5.858235
v -491.831207 145.095322 -1.770051
v -491.794250 145.480118 -2.407320
v -490.055176 145.558228 -5.974205
v -489.958618 144.105896 -4.407841
v -489.684784 144.571289 -5.843473
v -490.791931 145.344879 -4.638051
v -514.039734 103.347488 63.390579
v -514.209717 104.900490 62.599300
v -515.626831 112.836281 60.076050
v -513.864746 105.503304 61.769772
v -514.862549 108.473892 61.558834
v -513.943542 112.721390 58.086411
v -513.737671 101.446434 65.594284
v -494.950439 71.296425 30.835253
v -494.470795 70.697807 30.664162
v -491.612915 68.635033 27.339872
v -490.697052 68.869461 29.409653
v -514.593140 106.371094 64.156616
v -514.609009 104.983406 65.310410
v -468.986420 63.632557 -18.677961
v -489.254211 67.891228 26.060421
v -513.006958 108.993057 48.103951
v -493.027100 69.951668 29.227188
v -492.588531 70.002144 30.038525
v -489.791260 68.464973 29.001108
v -490.590302 69.014603 30.994133
v -491.682220 70.121078 33.053654
v -490.505615 70.097488 32.377823
v -492.717194 70.944893 34.069870
v -494.883545 71.907997 30.037012
v -493.371674 70.179565 28.672838
v -513.158997 103.575615 51.472008
v -493.097229 70.418289 32.117420
v -492.389374 70.169258 32.715004
v -515.815552 107.594193 64.947189
v -515.848755 104.497101 66.595146
v -495.852173 72.008720 32.861618
v -494.057404 70.625031 31.448610
v -513.138428 96.262878 55.514301
v -495.360077 82.760277 25.518608
v -513.651306 90.772095 59.555054
v -495.377747 79.209259 27.385645
v -478.024536 139.415100 -22.001753
v -479.877289 140.541611 -19.848944
v -480.663269 142.004410 -23.425209
v -479.481415 141.153107 -26.172388
v -479.799652 141.520462 -24.789913
v -492.398254 145.509766 -2.763223
v -493.810760 145.608719 -1.280537
v -529.766479 163.463058 59.049088
v -528.067871 162.018723 57.878101
v -527.628540 162.205872 56.796108
v -529.722046 162.610718 57.361431
v -510.641754 151.359924 30.699266
v -510.866150 152.572952 29.991219
v -513.489746 153.233612 35.139217
v -512.482239 148.820328 35.930676
v -496.518585 73.405922 32.753937
v -499.231537 75.437057 37.537842
v -511.877655 140.367996 39.560425
v -508.000061 137.973099 33.579723
v -511.639771 141.029282 39.100418
v -512.188599 143.707581 38.455551
v -512.280151 86.740829 65.882195
v -516.714172 88.468468 68.870094
v -512.109375 85.006836 60.288612
v -512.909241 86.674355 60.203106
v -495.640076 112.234352 22.805323
v -515.002869 86.792023 66.255920
v -510.658875 84.262924 61.984325
v -512.084961 84.652069 61.415199
v -497.024445 121.131500 20.768562
v -514.004761 86.780220 62.627743
v -510.547638 84.657417 56.567780
v -508.911682 82.052444 57.333702
v -512.149963 94.505508 45.403469
v -513.884705 89.920654 47.023746
v -512.440308 92.813187 47.164112
v -513.315796 93.756851 45.884422
v -510.440674 93.246552 47.260708
v -494.126343 119.247635 15.576273
v -497.259674 122.260338 17.887642
v -497.675079 123.105347 17.664537
v -511.930603 94.913643 44.266891
v -509.157898 98.393745 59.055832
v -496.465363 121.256081 19.194721
v -511.689087 96.169312 52.750450
v -498.684174 81.628883 33.151623
v -510.221893 108.711731 42.641930
v -508.701385 111.882469 37.978630
v -496.128174 88.067261 24.270185
v -528.236084 161.527725 58.998253
v -528.067810 162.035187 58.434967
v -528.212585 162.657578 59.053478
v -509.920105 90.884590 65.537521
v -510.372803 93.594475 64.694626
v -510.276703 90.829300 66.312607
v -510.017242 89.881599 66.210007
v -498.976440 139.507385 14.557025
v -510.501099 92.933556 65.407578
v -511.346588 100.201981 62.014538
v -509.576660 88.071686 64.749069
v -509.545532 88.951439 64.735031
v -512.183105 92.145081 67.770950
v -508.274506 87.219536 63.326229
v -509.912506 87.496666 64.931076
v -511.264771 88.404129 66.748718
v -509.560791 89.893845 63.889381
v -496.260803 129.006836 14.945760
v -496.347382 128.038605 15.012011
v -494.819244 127.319466 12.791711
v -510.203186 104.639008 44.871082
v -497.809723 99.242432 21.604271
v -499.377899 93.027069 28.325392
v -496.872498 91.241653 24.048191
v -508.114380 128.696487 38.959274
v -507.314850 123.918488 39.746128
v -508.610291 120.743896 43.875172
v -507.336090 118.646225 41.948761
v -500.601318 92.800720 31.183741
v -506.730133 120.160263 29.702614
v -508.426758 121.627129 32.622711
v -499.847168 99.430794 25.670910
v -505.627502 96.606499 51.824017
v -505.594360 92.673180 54.044258
v -503.618073 90.491707 53.305450
v -521.601074 159.590256 49.166462
v -504.651642 96.786644 50.928520
v -503.926910 93.823730 51.827549
v -506.011414 94.498871 55.459160
v -506.694061 97.129303 55.026821
v -506.517822 94.945297 56.121834
v -504.634735 87.006538 56.048691
v -505.521698 91.463699 55.002026
v -499.403717 140.949768 4.072414
v -503.073883 88.418320 53.807693
v -504.336060 85.449142 56.513653
v -504.616608 85.851746 57.057049
v -504.882782 86.732040 58.272739
v -522.188721 160.262863 49.191727
v -505.430939 87.665421 58.805855
v -505.418579 85.849815 59.439358
v -504.997833 85.434265 58.744831
v -499.043854 143.684158 12.335074
v -505.802551 84.531090 59.226936
v -504.609467 83.587959 57.213467
v -504.553925 84.726822 57.314117
v -505.498627 85.063477 59.317989
v -507.332306 85.434891 61.059818
v -507.130737 86.280663 61.202591
v -497.390564 126.730774 15.527060
v -499.423523 129.095398 19.029825
v -522.453308 159.688095 49.876816
v -522.632935 158.898254 49.959034
v -503.429840 131.566284 25.139505
v -497.609100 129.400787 17.080677
v -506.742767 86.065208 60.635509
v -502.443542 84.842064 54.655838
v -502.797638 85.212311 55.193424
v -503.518555 82.996269 55.955742
v -502.407379 81.284492 53.491192
v -504.888367 81.938606 55.970341
v -501.119476 99.585884 28.503315
v -501.528839 105.028015 26.391668
v -502.412659 125.505737 29.078207
v -501.021149 124.753433 26.370714
v -503.850464 126.855476 30.903311
v -506.917023 129.833405 32.612862
v -505.394135 128.538605 30.531511
v -503.416077 126.878937 27.203995
v -502.175903 126.732872 24.626369
v -503.649017 100.986656 33.093838
v -502.372498 101.605820 29.910879
v -501.651123 125.636009 24.539631
v -502.850952 125.643272 30.012644
v -505.859344 129.567673 30.550570
v -504.123901 107.877251 30.395926
v -503.624847 123.186310 32.866310
v -502.889923 105.806229 28.775293
v -504.003784 122.761864 22.833801
v -502.609802 126.390350 18.016346
v -503.525635 131.576614 17.486361
v -505.614288 109.420090 32.643894
v -504.894470 78.618736 50.256924
v -503.983826 78.818893 46.030457
v -505.262054 81.655846 47.256321
v -506.089264 79.928383 51.004375
v -502.055023 77.854721 42.309734
v -506.036835 80.858665 49.319050
v -504.949066 78.984184 51.811306
v -504.525360 78.430611 48.376759
v -502.420654 82.214851 40.923115
v -506.639160 80.591820 54.263840
v -503.375275 77.922234 46.869583
v -503.586853 78.235748 50.717312
v -504.014191 79.238945 52.454491
v -505.876434 80.354057 54.378155
v -507.969177 81.827438 57.701397
v -501.771027 77.418015 48.873238
v -506.989807 115.113953 40.870506
v -504.966644 114.677452 37.569218
v -507.175140 116.235481 40.755142
v -501.719299 110.613686 32.781960
v -504.488251 116.388847 37.854908
v -502.269012 114.726288 34.600224
v -501.453033 114.933861 33.051636
v -506.075989 118.905724 40.063782
v -503.276733 80.124298 53.050407
v -501.847534 78.592384 50.288273
v -502.269165 116.077560 22.513390
v -507.601105 81.482079 53.901279
v -502.583527 77.434349 48.983459
v -503.792603 77.845062 49.435333
v -507.047791 80.834854 54.070702
v -501.132935 128.071442 14.138400
v -505.695831 124.151001 25.778782
v -499.909729 122.942406 25.578659
v -498.325714 122.522850 22.150154
v -499.818146 127.932991 19.330463
v -507.529449 87.709816 43.844837
v -506.028076 87.604141 44.898155
v -505.698425 87.986786 43.768532
v -506.713165 89.471252 41.825348
v -506.638977 90.064232 41.532211
v -508.982605 86.531517 42.994972
v -508.531189 87.317558 41.357250
v -508.263275 87.976349 45.682224
v -508.846802 88.412842 46.290459
v -507.405518 87.986053 45.972073
v -508.028351 88.474403 46.795052
v -507.888519 88.388893 49.096352
v -506.301208 86.412788 46.910839
v -506.818451 87.994133 44.090973
v -506.661713 88.397606 43.052677
v -499.050507 123.754204 20.075050
v -505.535553 86.541138 45.261257
v -507.528503 88.397522 47.267422
v -508.130768 89.347099 48.098171
v -508.820587 86.870888 41.822865
v -499.187317 123.560875 20.987734
v -505.677307 89.639702 42.126617
v -507.027130 88.239990 42.786102
v -508.515503 88.045715 40.549812
v -506.900879 90.554909 41.177418
v -507.855377 92.212914 40.816425
v -507.363831 91.250885 40.870522
v -506.553040 128.478378 35.970085
v -506.046143 128.650162 34.444431
v -507.058594 129.616165 33.764000
v -507.525513 129.726456 36.539562
v -510.519806 132.128357 41.108204
v -498.978790 101.657158 35.356926
v -522.662170 160.440643 49.883297
v -499.412689 102.904396 34.908604
v -499.200134 103.075516 32.875183
v -498.972809 102.403900 34.389404
v -498.816101 101.828186 32.952385
v -499.894836 104.260338 33.233639
v -507.979218 137.198151 33.506184
v -506.311554 138.063904 30.033474
v -504.697357 134.539795 28.161667
v -498.187775 96.950325 36.890469
v -509.579926 88.162163 39.846859
v -498.683807 101.083443 35.016499
v -498.190887 95.017563 38.113968
v -508.953308 89.093231 39.617317
v -508.846954 86.672485 43.830532
v -509.521606 89.667557 47.464577
v -509.953918 89.272873 47.430229
v -497.523193 92.361389 38.791035
v -498.942932 94.301399 39.160053
v -499.598480 94.577461 39.810387
v -509.566223 86.532501 44.897438
v -508.250946 87.426804 44.707512
v -508.743103 87.537575 45.394909
v -510.416351 90.391380 47.789005
v -497.119232 90.786827 38.611355
v -507.565125 87.941994 45.396423
v -497.973785 88.966331 41.024872
v -496.352600 85.031639 41.187729
v -509.537781 89.790871 39.207478
v -509.045410 91.082191 39.433681
v -510.044952 91.147629 39.018150
v -508.307373 89.138336 40.090115
v -505.894592 90.723244 41.568909
v -506.253174 91.728546 41.364285
v -505.559357 90.582405 41.596226
v -511.826874 90.962074 38.826508
v -509.775146 93.128487 39.966537
v -511.506805 90.033623 38.794086
v -509.402771 87.240387 40.743317
v -497.685120 94.413605 37.119404
v -497.200714 90.994316 37.144268
v -497.537476 93.238022 36.013454
v -510.106018 86.146332 44.101833
v -509.978973 86.193504 42.746883
v -510.300354 86.452660 41.598541
v -496.384338 86.158569 38.485470
v -510.465240 86.554497 45.792278
v -512.641052 91.818398 47.606201
v -476.829559 64.812538 13.258850
v -476.750793 65.716026 12.794946
v -508.482147 90.136406 39.739151
v -499.594574 89.926445 44.787006
v -509.589081 92.320297 39.543659
v -508.194702 93.285233 41.268673
v -498.498627 86.573212 44.850647
v -498.794525 87.902534 44.937233
v -498.649445 86.099869 45.779667
v -498.899109 80.979790 48.624687
v -498.177246 82.601051 47.110481
v -509.667999 91.761650 48.181686
v -509.553375 90.639633 47.910046
v -509.396118 91.346359 48.264729
v -508.828552 89.122368 46.944263
v -511.427124 89.486183 47.889545
v -497.853271 84.502228 43.159821
v -498.423950 86.553986 42.815689
v -498.949524 89.081734 42.390026
v -511.268250 93.328659 39.837494
v -505.637573 92.208611 41.340576
v -510.293274 93.949913 40.572319
v -506.466278 93.727226 41.862705
v -496.654785 85.689484 41.467266
v -507.680725 95.352730 43.576748
v -507.932281 94.914261 43.152363
v -508.782471 95.718590 46.051094
v -508.775360 96.446808 46.452103
v -511.274475 88.915138 39.072090
v -511.179382 87.066940 40.465988
v -511.887329 86.372124 41.362305
v -512.373169 89.840614 47.871189
v -497.774170 97.575012 33.694973
v -496.768616 92.851974 35.174160
v -510.552155 86.988861 46.499249
v -496.324921 95.578056 33.475239
v -512.226685 86.333221 44.647224
v -498.358978 98.591415 34.204975
v -510.791870 88.344398 47.641140
v -519.032593 96.922989 78.551224
v -517.596130 96.032562 77.245293
v -512.082886 87.655373 39.703850
v -496.962341 90.554955 36.611359
v -517.422058 95.280090 76.858498
v -510.099335 87.898102 46.890179
v -508.634735 90.170815 48.074993
v -509.234680 92.916313 48.848476
v -509.174011 92.266808 49.098946
v -510.563965 92.184807 47.904583
v -511.079926 91.043785 47.919926
v -510.234772 91.769279 48.046738
v -512.569519 93.993431 46.141842
v -511.368164 94.241570 40.809208
v -508.506287 94.164345 42.022507
v -511.743896 94.810013 41.904324
v -508.972198 94.651794 42.866821
v -512.987549 94.458618 44.925873
v -512.889526 88.220207 39.338741
v -511.632599 86.056175 42.562283
v -511.099548 86.063393 44.022163
v -513.405579 86.391815 41.745300
v -512.598206 86.096367 43.075104
v -511.314911 86.561485 45.695038
v -510.671021 87.505424 47.229755
v -511.097717 87.690155 47.408768
v -496.622009 86.842163 39.056278
v -514.066589 87.276520 45.164192
v -511.625641 87.395630 46.977993
v -514.010010 90.854408 46.913422
v -512.693909 90.853531 47.811436
v -513.498352 87.436653 40.055023
v -514.492737 90.928535 39.379974
v -513.350708 91.064720 38.957966
v -514.389587 90.119209 39.227341
v -511.534119 92.269104 39.225677
v -514.306152 87.905197 45.646278
v -509.674469 92.806976 48.043949
v -509.491333 93.804550 47.580742
v -511.990265 88.876450 47.767399
v -513.395081 92.376213 39.604053
v -510.609985 94.652229 41.600388
v -513.352478 94.470840 43.872833
v -514.338928 93.850250 43.497261
v -509.589569 94.911453 43.795547
v -510.324707 94.751808 44.997124
v -510.821625 93.970245 46.418926
v -509.835968 93.919090 46.988770
v -495.879852 126.470169 13.505083
v -493.419220 123.121246 9.454625
v -496.255524 125.689934 13.682169
v -493.351074 119.622253 11.065927
v -466.398438 133.472870 -48.536747
v -467.155396 135.918533 -47.118221
v -465.299042 134.554840 -47.218376
v -493.664734 145.684464 1.074244
v -494.730347 147.546387 1.228438
v -495.306488 126.866043 3.042356
v -514.556580 86.658630 42.723064
v -514.486328 86.751045 41.847015
v -515.025757 90.209450 39.762634
v -514.916260 88.721130 40.027870
v -513.789124 86.836487 40.927303
v -513.390930 89.963448 38.849571
v -496.447357 120.815475 8.236374
v -515.164429 88.822731 45.525967
v -513.430481 92.717056 46.743019
v -512.980347 93.766525 40.725666
v -513.156189 94.530396 42.531593
v -511.265900 95.033379 42.947392
v -512.478088 94.879997 43.326660
v -497.640228 147.744080 2.948455
v -496.620514 147.242722 4.058732
v -495.740997 93.849823 33.726372
v -516.338379 90.249466 44.220085
v -516.527344 90.087257 43.439724
v -495.654205 94.329346 32.868866
v -493.976715 93.457382 29.653259
v -513.571716 88.961052 39.066177
v -494.540283 86.290039 36.347469
v -495.029724 88.705780 35.794167
v -495.011902 90.125023 34.439518
v -495.534698 93.216141 31.794289
v -494.324280 84.960648 34.898979
v -494.914276 89.561050 32.635624
v -515.476379 90.920738 40.342705
v -513.517700 94.007698 41.537712
v -512.040894 88.119522 47.378693
v -494.173340 85.374542 34.093990
v -515.578796 90.007599 45.408314
v -515.429443 91.264595 45.367825
v -495.949768 87.273735 37.333267
v -514.051758 92.010239 46.590046
v -514.568604 91.785423 39.794060
v -514.222778 93.871597 42.413715
v -515.327148 92.901039 43.716366
v -493.139679 88.440155 31.582865
v -494.736969 91.066841 31.625015
v -492.984131 144.743805 0.762426
v -514.618225 87.231018 41.024994
v -514.074707 86.609848 43.811726
v -515.446655 87.400627 43.508972
v -515.669556 88.323280 41.300766
v -516.190735 88.539536 42.274036
v -513.322144 86.749847 44.899635
v -513.691345 89.085907 46.905136
v -513.936707 87.961281 39.799198
v -491.486267 131.045242 5.056016
v -515.895996 91.630775 41.388031
v -494.882751 131.887482 10.862820
v -515.350403 92.228722 44.861259
v -514.426392 92.593300 45.904743
v -514.342041 93.603249 44.599419
v -514.606934 93.104691 41.178108
v -515.590271 87.493881 42.462894
v -491.551788 124.714348 7.801373
v -516.193420 89.183304 44.277126
v -491.204132 122.586205 6.230631
v -516.333252 89.800720 42.508057
v -515.402771 92.877052 42.517345
v -494.247711 123.357040 2.807461
v -516.072632 90.994690 44.583477
v -495.456818 120.744232 15.105001
v -515.965210 92.005127 43.744804
v -492.368195 118.194359 12.912576
v -490.530487 116.230118 10.611546
v -516.379150 91.218422 43.367290
v -492.705414 118.753281 10.933831
v -516.232605 88.593895 43.450962
v -515.558472 88.154015 44.571541
v -516.178650 91.688988 42.290890
v -516.364014 90.978958 42.464104
v -491.276031 92.680000 11.647637
v -491.878632 86.642746 16.246647
v -518.819092 115.304657 55.848480
v -516.598450 108.222092 55.519386
v -517.631897 120.765038 50.699722
v -490.747345 74.024460 34.461048
v -490.888184 75.216461 33.627983
v -491.713135 80.293808 31.884472
v -491.994385 81.313934 33.979664
v -491.735992 80.327599 34.078671
v -490.969391 79.672005 31.221598
v -491.667572 80.405533 33.509003
v -491.420227 76.703178 35.827953
v -515.207642 155.325958 33.604446
v -517.581970 115.493958 61.422222
v -516.866089 114.239273 61.669167
v -515.088135 111.062515 59.889782
v -517.779236 112.750763 64.139687
v -491.955536 85.076767 29.473747
v -490.583984 73.921173 33.880386
v -489.985626 74.053276 33.093422
v -490.769440 76.458359 32.618496
v -492.967102 75.571899 38.215729
v -493.181580 76.928680 39.552467
v -490.189209 72.774773 33.793285
v -490.694458 73.229950 34.498322
v -490.968414 75.362968 35.592583
v -491.516449 73.917717 36.674717
v -491.203369 74.914627 36.318466
v -490.891693 72.301224 34.558033
v -491.567291 73.245674 36.400253
v -490.999481 74.078102 35.880840
v -491.038483 82.009460 30.151445
v -519.447144 107.079865 61.847610
v -491.269379 71.918167 34.743080
v -492.715363 74.150131 37.878838
v -492.755890 75.018806 37.918209
v -489.595856 115.583786 -2.682549
v -490.340698 128.647049 -22.604607
v -485.587158 129.798050 -20.404497
v -485.482178 128.672653 -19.750399
v -488.341217 127.903175 -20.412531
v -487.713898 129.263855 -20.501940
v -488.995850 127.782440 -20.872688
v -488.471191 125.976326 -20.807676
v -486.501038 122.965485 -25.386185
v -489.796448 126.753952 -21.679394
v -487.302429 124.303017 -21.375444
v -487.715118 125.450447 -20.624590
v -489.077362 125.285980 -21.700748
v -488.696503 124.279449 -22.324492
v -490.314758 125.915665 -22.543907
v -487.144592 123.580139 -22.320200
v -490.807251 129.217560 -25.158670
v -490.989410 127.785690 -26.460556
v -489.771332 126.673035 -28.087587
v -490.317474 126.456581 -26.811745
v -490.316895 128.043198 -27.609995
v -491.169891 127.132271 -23.543049
v -490.617615 125.393768 -26.331188
v -490.719727 125.113617 -25.341547
v -491.195770 126.212746 -25.463346
v -485.714844 129.991623 -28.175608
v -485.704071 128.945969 -28.716930
v -488.791351 126.332161 -28.840437
v -488.972046 125.232475 -28.331461
v -489.747528 125.709389 -27.937260
v -489.999756 127.284409 -27.974970
v -489.848755 123.978401 -25.143463
v -489.809662 124.182152 -23.980186
v -489.007294 123.628456 -26.279785
v -489.018188 124.210823 -27.367357
v -491.317810 126.472534 -24.328678
v -489.200806 107.457390 0.291131
v -490.693237 108.320503 2.749645
v -488.415466 102.589973 13.474364
v -488.591431 101.927162 13.878153
v -488.790527 99.605080 13.021788
v -520.365112 92.602821 71.724197
v -521.776489 97.698608 71.845367
v -519.833252 91.076515 71.796463
v -521.552002 92.653809 74.366150
v -520.599365 91.595039 74.666229
v -518.838318 90.017357 72.267586
v -523.970032 94.597473 78.179398
v -523.534790 95.057220 76.752388
v -521.548950 92.423965 75.421310
v -522.125671 92.868103 76.581642
v -522.658630 93.488663 78.019432
v -491.898254 102.311897 17.757919
v -519.378479 149.505203 48.742840
v -489.748383 100.406982 4.700039
v -542.537109 168.091858 76.765999
v -488.553162 119.446205 2.184402
v -487.715637 119.700104 0.885182
v -488.670563 115.420120 6.910484
v -486.262177 113.252693 3.839783
v -487.519592 114.726082 3.741196
v -489.118256 116.519638 4.571125
v -523.793762 96.870850 76.213593
v -521.952698 93.115189 77.665405
v -526.251221 96.743668 83.609207
v -524.650879 95.832695 82.185623
v -486.060181 114.015274 0.307293
v -526.356018 97.101410 81.284019
v -525.306335 95.655693 80.709328
v -489.330017 143.072433 -4.553786
v -488.086273 143.099426 -6.701005
v -486.488953 142.795456 -9.474377
v -486.474274 143.025620 -10.127771
v -524.139404 96.747757 83.005470
v -522.452515 137.284317 61.786274
v -522.584595 149.064926 47.418785
v -488.654694 136.989395 -2.804696
v -520.897156 152.925232 42.104340
v -516.088623 155.213470 38.431595
v -487.657715 144.585464 -10.474937
v -488.825012 77.908180 27.462831
v -487.146393 73.754021 28.057993
v -487.156586 76.095200 26.851870
v -487.803070 80.683998 25.268995
v -488.545044 74.000801 29.247072
v -488.554321 72.609802 30.915567
v -488.772614 74.286026 29.589613
v -488.349030 71.805931 30.484825
v -479.744019 64.997025 17.063036
v -479.794891 63.756321 15.850038
v -523.097961 143.004715 56.648460
v -489.347565 79.165352 27.511660
v -488.141693 71.194214 30.161787
v -488.569794 70.726463 30.712656
v -525.504272 144.775879 60.345280
v -489.940186 82.751511 26.515297
v -521.489746 144.894974 52.451897
v -525.057922 148.765762 57.464508
v -487.325562 78.194031 25.744104
v -523.719238 150.056091 56.631737
v -487.860931 106.311813 -1.914916
v -487.938049 111.239777 -3.892945
v -526.184937 154.232986 59.050114
v -522.825378 149.907623 55.242390
v -528.145813 156.113434 61.557335
v -523.365723 153.385223 53.950733
v -527.462646 111.048897 75.913948
v -487.197021 98.695152 0.573842
v -526.872925 97.155617 83.072495
v -524.344788 94.766495 79.971375
v -481.410858 64.554939 18.373768
v -526.692993 102.575279 79.057861
v -526.547119 119.202080 82.064713
v -527.001343 127.270248 66.331848
v -528.628296 98.918655 85.248917
v -528.856689 98.890770 86.265945
v -485.152374 117.417068 -3.086877
v -527.611145 98.144783 86.259911
v -527.634155 97.728249 85.088730
v -481.769684 111.165962 -6.489248
v -485.028534 113.484169 -1.682299
v -527.511230 98.998627 87.375389
v -483.807434 112.941048 -12.487889
v -483.446320 116.121109 -14.374377
v -527.647278 115.161705 74.137901
v -485.647430 127.420097 -19.911392
v -484.416077 127.178085 -19.198669
v -484.861938 128.054169 -19.265537
v -484.541107 126.289703 -19.867573
v -484.072205 126.206573 -19.440784
v -483.702698 125.831116 -19.138466
v -485.282013 126.004639 -20.284355
v -485.377594 123.846115 -21.728161
v -486.431030 124.322891 -21.125879
v -487.669128 127.284233 -20.113760
v -485.128967 142.708282 -12.296161
v -482.050415 142.730682 -18.282299
v -495.604431 147.500031 3.216413
v -495.813477 147.875580 1.802080
v -485.899353 143.322968 -16.121822
v -484.822937 143.110367 -16.249872
v -488.897095 143.811493 -6.165395
v -530.602356 101.311989 87.965843
v -530.701782 100.886101 88.766174
v -531.660400 101.556854 91.117966
v -484.318817 142.443756 -13.206277
v -530.443115 102.964058 86.616249
v -486.207031 140.838531 -8.645255
v -481.698944 135.912842 -13.958315
v -485.500580 135.853699 -7.525875
v -530.289368 120.664177 76.417435
v -528.260925 123.546394 70.736542
v -483.248322 130.160400 -8.911496
v -532.791748 125.434082 78.856834
v -482.985535 85.539192 -1.141308
v -530.552979 101.719887 92.009369
v -531.611450 101.834557 92.002930
v -533.550110 104.496758 95.462212
v -532.683289 103.573524 94.282349
v -484.096954 84.415703 14.902684
v -484.348419 86.884621 13.901249
v -531.765137 103.510368 94.172279
v -483.486145 78.817528 17.173939
v -535.051331 106.351334 97.492088
v -482.615509 74.294868 18.389877
v -482.709595 75.849640 17.360531
v -484.918549 77.940941 18.826397
v -484.749268 75.747475 19.933876
v -532.771912 103.019257 92.744781
v -530.452271 100.869629 90.911934
v -483.562225 81.901833 15.225664
v -530.820312 106.764549 96.041649
v -530.413635 107.272499 95.479774
v -516.159668 155.157318 33.147728
v -483.677429 131.339188 -24.967806
v -483.488129 80.535416 16.241871
v -483.999115 75.657867 19.216616
v -534.133362 105.082764 92.942986
v -533.066345 103.545868 91.988548
v -530.057739 100.103607 88.602859
v -484.163940 71.708916 21.024513
v -481.967346 69.905098 19.619452
v -529.615417 99.875847 88.907745
v -534.559448 104.867760 95.057968
v -480.664154 87.841858 -6.622909
v -531.563477 153.839310 69.895523
v -534.076538 164.659790 68.228363
v -532.117920 160.401031 65.939476
v -535.460693 161.913315 69.305115
v -531.371887 163.818787 61.196602
v -531.765198 164.324493 62.205162
v -531.317078 164.077988 61.932045
v -531.284302 163.726807 63.152874
v -533.052979 164.986649 64.064240
v -533.207214 165.096619 64.975746
v -531.931091 164.481018 64.092384
v -534.696228 165.986282 67.940605
v -532.610107 115.964615 97.799316
v -534.230347 118.894241 99.830399
v -481.447754 81.580475 8.518047
v -535.762939 106.668976 97.133484
v -538.216858 109.211227 99.975868
v -482.655670 82.838623 10.601508
v -481.588470 80.143898 9.962166
v -481.843750 86.255363 6.342474
v -535.885254 106.823135 95.370850
v -481.547546 99.653168 1.536291
v -480.806793 95.525574 2.312402
v -536.672363 112.952347 93.547935
v -534.059631 160.246414 63.928577
v -479.634430 92.433868 1.231495
v -480.479858 94.301834 2.149375
v -534.684631 165.990463 67.166367
v -535.739075 166.205750 68.071770
v -478.580719 90.468460 0.361349
v -478.434631 91.795303 -0.164602
v -534.745789 163.539917 64.062859
v -533.387939 162.447235 61.100048
v -480.010864 88.774162 1.379479
v -480.029999 90.339165 1.155812
v -534.244202 163.719635 63.118927
v -533.671631 163.671738 62.145977
v -479.222260 88.348381 0.732522
v -476.240997 83.846687 -0.320912
v -476.403748 138.577698 -35.928993
v -478.964294 137.369690 -32.043579
v -481.403442 138.324387 -27.906862
v -477.602600 138.152740 -34.587231
v -535.672668 106.286888 95.713486
v -484.032257 131.814926 -23.545248
v -482.857544 93.461266 4.195528
v -481.593964 92.070763 2.668749
v -481.608612 92.937294 2.699548
v -478.508392 109.020874 -11.652884
v -478.948669 108.004654 -7.709620
v -478.676025 107.385323 -7.693272
v -475.569153 105.607063 -12.611609
v -481.584991 110.228630 -3.858648
v -477.912079 107.977646 -11.604691
v -534.745667 106.756462 98.194748
v -537.246826 108.089615 97.710815
v -474.434326 104.928856 -14.476338
v -473.694214 104.673714 -16.024151
v -475.947357 103.107162 -10.732706
v -477.229584 101.436630 -7.467465
v -476.962158 98.964592 -6.752785
v -535.628418 108.414795 100.152969
v -536.738647 108.473694 100.216042
v -536.899963 108.199768 99.690880
v -537.508911 110.511086 102.397713
v -538.857239 111.642029 103.837585
v -534.050476 106.440765 97.716614
v -476.035461 121.062492 -30.318138
v -538.803040 112.938217 104.684494
v -536.399841 113.711716 103.471275
v -537.066467 111.816803 103.002945
v -538.252258 110.563187 97.874817
v -539.078125 110.746117 99.592323
v -541.188049 113.108963 103.297379
v -541.364563 113.614685 102.871407
v -476.614044 94.986069 -17.872553
v -539.892883 112.316040 104.394386
v -539.351990 110.785423 102.270355
v -539.401855 112.914474 104.827370
v -539.773376 129.220505 103.038193
v -476.610443 79.590767 0.758882
v -475.328735 77.559006 0.139144
v -477.110016 82.043610 0.526153
v -537.227356 116.689384 104.394806
v -539.075317 119.435745 106.785530
v -476.882324 78.956581 1.455430
v -473.943756 73.394989 0.120255
v -484.763641 131.732834 -23.230587
v -484.269806 131.816147 -22.523872
v -483.956177 132.104553 -21.984600
v -474.922668 73.497849 1.427915
v -538.243713 122.104988 104.128036
v -539.655518 126.045059 105.284119
v -538.489258 127.767517 103.578598
v -541.446228 115.292168 101.746887
v -543.476074 117.022972 106.005058
v -542.693542 115.950882 105.910088
v -474.470825 96.482330 -10.072804
v -539.772888 120.039955 95.811455
v -540.135010 117.785355 107.174446
v -542.035278 116.837471 107.331993
v -541.101746 116.991493 107.357246
v -477.413818 112.249466 -14.932556
v -473.953247 112.545044 -21.427441
v -543.971375 124.023544 110.700340
v -539.428162 118.694054 107.033897
v -474.860046 108.188057 -17.928125
v -540.327454 124.749908 94.331116
v -473.506866 106.505325 -19.483021
v -476.085236 107.080299 -15.150447
v -541.418213 128.769562 94.341476
v -474.885498 113.047775 -29.383190
v -540.509277 130.262283 102.958351
v -541.940308 133.634674 103.865013
v -540.106628 135.544266 97.984314
v -539.307922 137.087082 95.173744
v -476.307495 105.528328 -23.400772
v -540.637329 135.600082 99.456230
v -541.371887 134.875107 102.381592
v -540.321289 137.129349 100.610786
v -475.203705 106.332718 -16.108295
v -473.140289 103.897598 -16.319874
v -471.958893 101.159538 -17.209024
v -544.565735 155.761780 96.201935
v -543.824646 153.554169 85.288788
v -541.040161 149.347382 82.270935
v -472.988281 107.444923 -21.104359
v -543.568298 134.448898 95.193977
v -543.387878 135.863907 93.951782
v -542.861206 135.704193 93.217041
v -543.705322 134.944656 94.876846
v -545.690735 136.168228 94.096405
v -546.203735 136.930847 93.279984
v -471.859283 104.953209 -19.751682
v -545.764221 140.264526 94.125206
v -545.710571 141.501343 94.512741
v -545.200989 140.391525 94.021736
v -543.770813 136.025391 94.161491
v -483.651367 132.494614 -21.897968
v -544.436707 133.714600 97.086403
v -544.439697 125.946709 101.816345
v -471.278107 60.234154 -12.689005
v -471.640656 59.354069 -13.724043
v -544.658264 119.393852 108.121170
v -543.573120 120.795174 109.544655
v -546.135132 124.989021 111.359406
v -544.811462 123.165176 110.746521
v -543.137085 122.158630 109.897163
v -546.046387 123.684624 110.828865
v -470.413330 54.087524 -2.571083
v -468.978546 53.712547 -4.858055
v -542.624817 125.448326 110.268791
v -471.865936 54.886692 -6.073810
v -472.241028 55.724148 -6.289641
v -547.488525 133.554428 94.588699
v -545.526001 136.537003 93.984619
v -472.354492 54.657379 -3.362087
v -474.277466 55.610619 1.113114
v -544.618713 135.625793 94.990395
v -545.004211 135.189682 95.406807
v -545.814514 134.760345 95.909203
v -471.364716 54.312702 -5.839075
v -547.516174 136.898178 91.851273
v -544.683838 136.564362 94.263535
v -544.977478 141.567902 93.786865
v -543.840149 138.550140 93.157738
v -469.233154 54.594891 -11.203040
v -546.144165 138.633621 93.338791
v -546.796082 142.235397 95.774590
v -543.859314 138.006561 93.366844
v -473.522552 64.790009 -20.260399
v -543.657593 150.735001 97.875504
v -470.026337 63.158558 -19.351616
v -470.044403 64.350990 -18.680006
v -469.518921 65.047066 -18.044260
v -472.112976 67.948975 0.070691
v -469.248260 59.142014 0.031669
v -471.002594 68.362343 -15.149627
v -474.473969 66.023224 -16.509207
v -547.868042 133.125610 95.695648
v -547.373535 134.063324 93.672401
v -470.613892 66.552025 -16.229979
v -471.548950 66.730652 -14.030542
v -471.913788 66.184319 -13.079945
v -470.104095 67.554489 -16.551174
v -545.875977 137.829239 93.439896
v -546.473633 135.202835 93.696640
v -545.755615 135.027054 95.245041
v -470.853943 66.264900 -16.511562
v -547.482910 135.166107 92.450737
v -546.518005 134.304977 96.826447
v -547.429810 133.679474 96.891884
v -544.621521 134.746796 96.163719
v -470.761902 79.037132 -21.162575
v -470.557037 75.434174 -19.629436
v -548.311096 137.219635 91.342766
v -549.024719 137.494095 91.107956
v -545.072815 137.344681 93.806114
v -544.915466 138.923096 93.705452
v -544.801147 138.021515 93.694962
v -546.385803 139.190491 93.397232
v -546.492798 140.440033 94.142769
v -473.058716 74.898285 -14.650983
v -549.092834 133.215134 93.530289
v -547.022095 134.246979 97.409470
v -545.365173 134.478317 97.520645
v -550.793884 134.220078 91.848625
v -551.701416 133.420288 92.738899
v -548.269226 133.194397 94.162224
v -551.249817 134.878143 91.366684
v -547.619263 136.259949 91.819908
v -547.233154 139.400345 93.026169
v -547.940369 138.182648 91.698433
v -550.273071 138.984070 91.399086
v -550.092163 137.851898 91.016335
v -470.585602 92.660599 -28.349192
v -547.250244 140.388611 93.836708
v -549.196594 140.725418 92.939308
v -550.112000 141.273422 93.586960
v -547.242065 141.549423 95.530617
v -546.489075 141.144516 94.809448
v -547.632568 160.071014 99.827362
v -549.400208 164.607727 100.517174
v -470.925232 85.898743 -24.366808
v -548.052612 168.851349 94.061493
v -549.571594 135.171844 91.456146
v -548.313538 136.188126 91.456299
v -548.216003 135.231720 91.888702
v -549.277344 134.040649 92.391899
v -548.441895 132.947571 96.389198
v -548.722656 139.192169 91.689400
v -549.014954 140.027451 92.199783
v -547.946899 140.859863 94.158081
v -470.815674 82.204094 -22.635542
v -551.118835 136.983658 90.847778
v -549.884216 140.735611 92.761559
v -548.777039 141.183701 97.883232
v -550.984985 141.416183 96.537094
v -546.844055 132.345642 112.422379
v -549.758362 134.535004 112.796356
v -548.109619 134.218048 112.699799
v -465.413605 135.304642 -46.091438
v -466.635773 129.677765 -49.428314
v -468.277191 135.555847 -47.996037
v -467.501740 135.364838 -47.915596
v -471.640625 136.894073 -44.191017
v -471.403168 136.095093 -45.120754
v -469.756378 133.729721 -47.762474
v -468.628815 128.263504 -47.207394
v -549.558228 132.777725 94.599129
v -466.680450 130.826202 -49.502758
v -467.623901 129.637192 -49.027115
v -470.985138 134.947586 -45.947178
v -549.009338 132.741287 95.583092
v -552.470032 133.316040 96.859100
v -551.391174 133.336838 97.581558
v -468.312378 132.108978 -49.068661
v -484.163452 131.746048 -21.107018
v -469.040466 133.049149 -48.568787
v -551.687073 139.265564 91.733620
v -467.568207 128.216248 -36.181427
v -470.854248 122.875320 -28.113680
v -548.001160 141.204269 94.865860
v -550.160217 169.463531 98.374352
v -469.098633 125.141808 -32.524036
v -467.802032 127.316048 -35.855179
v -549.901428 136.064133 91.011055
v -471.353455 120.914940 -28.746952
v -469.491058 123.857742 -33.285805
v -547.963745 134.157471 92.929459
v -551.013123 132.970535 93.641075
v -550.635620 132.672180 95.032417
v -549.405579 132.797882 96.672783
v -551.568237 137.886414 91.047745
v -552.436096 137.169922 91.026657
v -549.845337 139.880661 91.941788
v -551.507568 140.784149 93.316032
v -551.269043 141.366943 94.407066
v -469.698792 122.599731 -32.842831
v -553.170532 135.940887 91.224640
v -552.311584 134.905731 91.390633
v -551.666138 135.890076 90.958435
v -468.364349 125.219261 -36.185455
v -552.549500 133.157501 93.520996
v -552.806213 133.062653 95.450676
v -552.790649 133.024506 94.540260
v -551.315002 132.798721 96.088608
v -553.255859 138.383286 91.741707
v -551.337769 141.502258 95.377846
v -550.414856 141.637360 95.219994
v -484.394196 131.207031 -20.013992
v -551.951233 158.220932 111.474640
v -551.292053 155.714096 112.041855
v -484.632599 130.668671 -20.099045
v -550.948242 152.156113 113.172356
v -551.689697 154.597351 113.034058
v -467.850800 93.706787 -21.206898
v -554.129150 162.806061 111.749603
v -552.622253 157.687988 112.508049
v -551.939209 163.330902 95.628822
v -552.384827 134.377899 91.779892
v -552.714172 136.218811 91.049057
v -552.236267 139.994720 92.612183
v -552.394775 136.860275 112.195786
v -550.633728 133.138260 112.524559
v -554.423645 135.372772 92.193306
v -554.968567 134.661331 94.508194
v -554.248962 136.202698 91.807373
v -553.325928 133.824615 92.953636
v -554.781555 137.421158 92.514732
v -554.582397 135.931213 92.141014
v -470.332672 89.312653 -14.084023
v -553.811646 137.022705 91.527794
v -554.065247 138.229004 92.209465
v -553.953552 166.220901 109.981216
v -552.812378 174.043121 96.669502
v -553.347656 173.754623 95.788742
v -551.663086 173.966019 97.184303
v -552.131348 174.018692 96.951218
v -554.700684 174.403366 97.177307
v -553.373596 134.882477 91.820770
v -554.205444 134.375992 93.056778
v -555.334900 137.304779 93.583656
v -555.435669 136.444946 94.111374
v -554.442322 134.799286 96.753365
v -553.845825 133.510269 95.129768
v -554.985168 138.044846 93.208267
v -554.913269 138.755325 94.352432
v -467.663269 71.275581 -8.084208
v -554.995850 135.556458 96.532455
v -468.088531 81.453850 -27.537003
v -555.267395 135.349701 95.442474
v -555.476929 136.160294 95.311195
v -466.478577 121.591766 -47.792023
v -553.947693 157.338684 102.693085
v -466.424469 117.242744 -37.119392
v -464.667969 118.699440 -40.664085
v -466.211395 115.804169 -36.486069
v -466.066467 112.804512 -33.727325
v -556.579712 153.885468 109.857925
v -465.803864 118.597252 -46.856392
v -465.088837 117.587196 -46.843319
v -467.363373 119.708969 -45.813244
v -465.666718 116.535912 -46.737221
v -465.719360 114.539062 -45.944157
v -466.631470 120.596024 -47.071899
v -466.660767 119.408600 -46.584469
v -465.749084 119.302818 -47.053070
v -466.618408 117.325706 -46.351791
v -541.657959 167.520340 75.611618
v -541.534424 167.600510 76.549263
v -540.815918 167.235519 75.811516
v -555.094666 158.451996 112.233604
v -557.621216 159.743744 111.480789
v -555.695251 160.485886 111.772209
v -466.626740 113.583115 -45.001507
v -467.430573 53.358353 -6.864871
v -466.197266 117.443260 -46.855858
v -467.767578 56.008904 -15.189036
v -465.730957 53.050659 -17.665911
v -557.657837 156.447784 111.873779
v -556.887329 160.512543 111.522804
v -557.600586 157.875183 111.954865
v -558.064697 158.738113 111.155548
v -556.745605 155.625046 112.486649
v -465.278900 51.579971 -17.404503
v -464.768799 50.559120 -17.263056
v -557.907715 161.863144 111.410408
v -556.951599 163.851547 111.232407
v -463.680389 49.779568 -19.344557
v -558.745117 165.918900 110.760384
v -559.614929 167.267075 109.984734
v -464.073883 50.897743 -19.576027
v -466.597076 51.750782 -15.067132
v -466.041870 51.074131 -14.966101
v -558.582397 165.070251 107.818687
v -464.516541 113.891586 -36.544930
v -467.820984 110.252289 -29.342264
v -559.964233 171.813934 106.968849
v -559.250122 165.530533 109.043373
v -463.495758 108.396744 -36.348690
v -559.678040 167.096695 109.326607
v -559.125427 163.631912 110.439064
v -559.042297 163.115891 110.078621
v -557.664307 159.094284 109.088715
v -560.038940 169.362274 109.143120
v -559.561279 166.156738 110.108978
v -559.011169 165.087067 110.480759
v -560.231567 174.217316 106.149651
v -559.059631 175.595734 103.746300
v -559.946533 175.517578 105.139702
v -484.544769 130.303970 -19.283720
v -559.908203 175.693253 106.752197
v -559.573242 175.601959 107.304008
v -560.351318 173.474121 107.309677
v -559.619019 171.831070 108.928963
v -560.308838 174.937149 106.262527
v -453.158447 50.913975 -23.555986
v -452.956787 52.096237 -23.699245
v -453.160492 53.352913 -24.814066
v -456.525208 49.832424 -26.215160
v -455.765320 50.535172 -27.776350
v -455.837646 51.602993 -27.936846
v -456.743469 52.101551 -29.000015
v -456.808594 56.295536 -30.828157
v -456.792694 58.274487 -29.433153
v -457.165131 62.108315 -29.706272
v -455.523041 56.500984 -27.678696
v -456.165466 56.455376 -28.495741
v -456.443298 59.719467 -28.687998
v -465.048401 87.084167 -22.864683
v -463.449371 119.073631 -43.344105
v -463.508270 118.234184 -44.302338
v -463.241272 118.519661 -43.590919
v -464.392822 119.193665 -46.252651
v -463.653107 119.368179 -44.531513
v -463.616241 117.340210 -44.645000
v -462.536377 117.140823 -43.274914
v -463.036041 115.165031 -43.543804
v -464.065002 112.497208 -44.258923
v -462.011383 116.230255 -42.108200
v -462.207336 116.240761 -42.926655
v -462.334320 117.269569 -42.623135
v -462.699646 83.451004 -38.155296
v -461.819000 63.397381 -13.922289
v -461.707855 81.963432 -38.301254
v -484.666687 65.449623 18.034134
v -460.037262 75.532196 -35.852283
v -462.798370 98.370201 -41.051643
v -460.595917 72.445412 -35.752956
v -460.705811 71.624313 -35.758762
v -461.247406 72.806183 -35.646618
v -462.998260 100.720497 -41.177193
v -461.801941 100.322655 -39.845829
v -462.750916 102.231079 -41.280479
v -510.555939 136.020966 29.894096
v -463.386322 104.820908 -42.659912
v -463.003784 105.726257 -42.195450
v -461.219147 103.358467 -39.498970
v -461.756470 105.286209 -40.640427
v -459.789581 70.397331 -34.924011
v -463.043915 95.775452 -40.751904
v -461.611877 70.299370 -34.010559
v -464.506012 98.747818 -30.099035
v -460.987976 100.953148 -37.806694
v -460.980988 86.676567 -36.793819
v -461.395874 85.857635 -38.222900
v -459.612213 87.056511 -35.509850
v -460.907776 89.852463 -37.743824
v -460.827789 88.909355 -37.390198
v -460.973785 85.644775 -36.960491
v -463.304199 101.977264 -33.969944
v -461.939606 85.057632 -38.700321
v -461.859497 85.964363 -38.922234
v -460.308228 88.532448 -36.473362
v -461.032959 84.471291 -37.106506
v -461.571045 83.944336 -37.923157
v -462.550415 87.576469 -39.547386
v -462.586731 86.184822 -39.221928
v -461.127899 81.619484 -37.944096
v -459.488434 83.560081 -35.617153
v -461.734192 83.631378 -38.149830
v -460.633087 82.486221 -35.870819
v -459.659119 77.575111 -34.091515
v -463.664032 93.860832 -41.094250
v -463.724243 96.136215 -41.157745
v -461.880798 96.153656 -39.527176
v -460.556976 78.755554 -36.354851
v -463.168243 95.677299 -40.937122
v -464.579926 99.567726 -41.942265
v -464.704956 101.460732 -42.413696
v -465.453918 99.330963 -41.237854
v -459.726440 57.119358 -13.763956
v -463.713898 100.244759 -41.814411
v -463.769287 101.591362 -42.089298
v -464.112732 59.541153 -23.924541
v -464.382568 50.096798 -14.466615
v -464.446503 50.687469 -12.190758
v -462.264404 48.721535 -17.309769
v -465.129608 50.408611 -15.092724
v -463.103058 49.042095 -17.949804
v -463.432892 50.136356 -13.875067
v -467.005157 52.309593 -12.376085
v -464.328735 51.011665 -11.453712
v -460.001556 53.599880 -11.111508
v -463.820374 51.044300 -11.475681
v -490.853577 145.698685 -9.912719
v -460.339691 51.287487 -14.005085
v -456.661133 50.521133 -16.955835
v -464.426331 52.475792 -9.789467
v -465.618683 52.999226 -8.712539
v -465.102051 52.364723 -10.001264
v -458.101746 49.881134 -17.631702
v -466.936646 61.358635 -2.851373
v -467.596039 55.127567 -3.437092
v -467.805023 54.415157 -4.323640
v -465.545349 56.676968 -2.765824
v -467.192566 58.654194 -1.280807
v -468.137054 57.751183 -0.690089
v -468.135376 56.006794 -1.880717
v -455.478088 49.787971 -19.242451
v -454.797607 49.562752 -20.503325
v -458.704529 49.440052 -23.011793
v -459.090698 72.221085 -32.867023
v -467.684387 68.892982 -21.946600
v -455.399689 54.459602 -20.391012
v -465.702148 69.583931 -25.993431
v -455.073425 62.796387 -26.650194
v -454.303345 58.588432 -25.258440
v -454.538605 60.028503 -26.100574
v -455.772675 64.913635 -28.804132
v -558.669739 164.273499 110.996719
v -491.451660 145.596924 -9.629504
v -558.382202 160.505676 111.120987
v -558.044678 159.037872 110.249695
v -467.652161 121.674622 -46.147839
v -557.353149 176.024155 107.364784
v -558.319092 175.394867 107.730637
v -556.728210 174.654495 108.508186
v -556.252747 174.239792 108.502983
v -556.286255 175.614258 107.449234
v -466.904236 125.465302 -48.387638
v -467.321411 127.442642 -48.449368
v -467.912781 127.308167 -47.942455
v -466.525940 125.504578 -48.589794
v -555.814209 170.853592 109.866562
v -556.688232 172.205917 109.565041
v -554.459167 175.580826 102.623497
v -552.546387 174.623444 99.121895
v -557.360229 173.231857 109.130295
v -556.710571 176.340927 106.811012
v -556.979248 153.935150 110.928711
v -466.980530 127.732887 -39.770992
v -469.542542 67.390465 -1.819614
v -471.018890 69.945290 -0.966462
v -469.854248 66.776222 -1.044527
v -467.237579 59.898643 -1.543189
v -553.951782 141.858368 111.312187
v -471.119019 71.994080 -1.819470
v -555.189819 146.436829 110.987549
v -555.993835 148.704224 112.010239
v -555.546448 147.250397 112.159859
v -555.757263 148.705246 112.788940
v -555.281311 151.677795 108.403915
v -492.319702 144.448853 -9.996981
v -554.914795 143.981186 111.993858
v -552.740417 140.743729 94.666054
v -552.082764 141.173599 96.129410
v -467.927612 79.571121 -12.849291
v -555.523621 137.241074 94.637665
v -555.242981 138.182831 94.434944
v -554.285217 174.394760 104.254250
v -551.508179 173.242752 98.626060
v -554.989624 175.665833 104.722542
v -551.244629 173.451065 97.718765
v -469.340454 60.637630 -0.337678
v -554.413757 175.502335 100.726341
v -473.521973 82.973946 -4.240828
v -549.507996 133.763626 107.070572
v -473.691833 79.535255 -1.816936
v -550.611023 131.079315 111.193039
v -550.496826 131.332031 110.249466
v -492.989807 145.090240 -8.433834
v -491.961304 144.483383 -0.890608
v -549.685486 129.389313 111.180595
v -547.900513 135.271957 98.890358
v -549.527222 134.859970 99.604660
v -550.169189 137.196686 100.185844
v -548.689087 137.302322 99.849922
v -493.507782 145.774887 0.031958
v -547.549988 147.413086 95.569122
v -547.272339 144.159851 96.860626
v -547.434692 142.444031 113.060555
v -495.837860 77.512169 44.014252
v -495.275330 76.514427 42.173286
v -546.966064 142.958069 111.849037
v -546.208679 138.379028 113.176971
v -545.870300 136.186539 113.322144
v -548.032166 142.577957 113.558533
v -494.213562 74.902565 40.186737
v -471.549164 99.789902 -29.832987
v -546.485596 137.246979 113.413445
v -548.091858 140.830185 113.636566
v -544.598389 132.972351 98.055130
v -547.402405 134.725128 98.242851
v -547.013367 135.727737 100.784286
v -545.202637 133.843964 98.436111
v -545.476929 134.269989 98.045204
v -471.363037 104.446892 -19.909357
v -472.468323 118.972885 -26.098049
v -544.250916 128.193466 111.340569
v -544.505432 130.390488 111.540939
v -544.743347 133.681808 112.820641
v -545.824463 170.465744 88.035843
v -543.572571 168.878235 84.381332
v -543.771545 169.600189 84.008347
v -474.486664 124.964439 -34.813148
v -473.034424 134.391190 -41.919846
v -475.283295 135.866882 -38.321594
v -473.166351 136.504654 -42.041130
v -473.029877 135.730148 -42.439247
v -475.908661 127.981743 -33.496773
v -541.886597 119.334175 108.399055
v -542.990479 117.076340 107.144157
v -540.783203 113.759888 105.197487
v -540.592651 112.536415 103.921204
v -545.251282 122.074661 110.131462
v -543.786865 117.965683 105.028351
v -474.770569 137.298386 -39.388969
v -545.599854 121.447006 106.899635
v -543.801270 132.801178 111.620575
v -543.671448 133.533630 111.556999
v -543.184204 133.518692 110.102203
v -543.381775 132.344589 108.661987
v -542.962158 132.335632 107.182213
v -542.109680 126.937523 109.357368
v -543.671448 131.104431 109.824471
v -477.415802 138.484787 -22.376608
v -473.785614 136.322159 -27.880514
v -475.287903 131.078568 -23.053150
v -538.262451 137.905487 91.994774
v -476.740326 139.659271 -26.706039
v -476.333649 139.335663 -27.672935
v -473.480133 138.316681 -32.908211
v -476.141907 139.675934 -28.827391
v -474.710205 139.487732 -31.180849
v -480.535614 142.289261 -22.123779
v -479.700562 141.635269 -23.439835
v -474.628571 137.694290 -27.079973
v -476.990662 139.955933 -25.708303
v -475.439819 138.563904 -26.476418
v -475.900848 138.762543 -25.454599
v -478.616150 141.444504 -25.892687
v -477.529083 140.597992 -25.889799
v -485.260681 131.160065 -21.790041
v -485.678284 130.570648 -21.127539
v -539.698853 130.412659 101.318993
v -538.259155 131.142044 97.978127
v -537.312073 140.611435 90.694603
v -537.544250 140.625153 91.677727
v -539.377258 138.022385 97.247055
v -537.992737 126.454170 103.610641
v -477.611877 107.361771 -10.042209
v -480.360687 109.685310 -8.141561
v -537.038513 119.597115 102.580307
v -536.384338 143.161728 76.696991
v -476.740509 112.992546 -16.187723
v -477.620544 113.176926 -14.426065
v -479.199829 113.562233 -11.993516
v -478.065369 115.880157 -12.330069
v -534.770020 116.159744 99.781548
v -536.031250 116.891068 101.665817
v -535.000244 109.567345 100.583412
v -532.709473 138.443924 79.488831
v -531.409973 128.233582 86.858559
v -477.326233 58.574444 3.802073
v -477.316650 58.164410 5.137125
v -477.558167 58.368340 6.115829
v -478.566345 64.822021 1.804446
v -531.022339 136.227371 80.514473
v -530.605469 140.616928 73.660904
v -476.821808 58.128468 6.549913
v -533.189453 139.796555 72.194649
v -529.821594 137.440643 66.861801
v -544.945190 134.773438 96.293152
v -528.529236 112.156189 91.585747
v -530.867981 110.151566 94.791878
v -529.304260 109.676834 91.882713
v -530.364746 110.539398 93.807365
v -529.598999 107.013474 94.039169
v -482.608032 124.483566 -22.640358
v -482.633575 124.626709 -21.534113
v -483.420532 123.898010 -25.684559
v -481.292816 124.866417 -23.517193
v -482.554962 124.735535 -24.259506
v -531.312195 111.466171 95.218475
v -482.740601 125.555542 -26.890196
v -480.687988 127.340126 -25.841461
v -483.183167 131.498184 -24.836447
v -481.593475 130.725388 -25.504572
v -481.879761 126.845825 -26.303335
v -527.781128 101.872513 90.501656
v -479.219116 115.200264 -21.999439
v -528.876221 104.605331 93.213051
v -482.683502 123.974350 -19.318327
v -481.441925 123.774864 -21.770103
v -481.630402 124.635620 -22.966656
v -480.644318 123.581390 -22.949604
v -483.123352 124.959846 -19.278978
v -483.900879 126.102882 -18.119373
v -529.895996 109.436073 81.859833
v -507.990570 150.656845 18.237349
v -479.778351 113.196915 -11.085735
v -481.845856 111.874947 -6.866872
v -482.572540 115.417206 -6.971445
v -481.622009 115.512558 -8.295831
v -483.927216 116.968987 -4.866933
v -483.493530 99.858604 -7.246499
v -481.414917 100.047264 -11.162465
v -484.187500 78.056877 5.409059
v -526.961304 161.620636 54.869324
v -526.159241 160.467148 55.164177
v -530.577209 162.555725 58.014034
v -526.709900 161.523941 53.143856
v -525.672241 161.114761 52.041180
v -524.764832 160.072556 49.337990
v -529.445496 161.567322 55.079418
v -525.733704 157.050598 56.297775
v -509.295685 151.496170 20.599955
v -524.784790 151.004517 57.861450
v -483.583435 93.615631 -3.998369
v -485.678589 102.088211 -4.110530
v -485.359253 105.469299 -6.172031
v -484.199127 108.674980 -10.007619
v -486.699097 74.068558 25.084736
v -486.075134 70.121452 26.467386
v -485.745789 69.684662 26.054365
v -485.929199 71.632355 25.285381
v -508.697418 151.698746 20.281067
v -525.150452 141.081879 64.965263
v -486.312866 71.051361 26.771751
v -486.479858 72.254005 27.672697
v -487.788544 72.142883 29.391733
v -486.432404 70.450256 28.104347
v -525.182983 134.918930 68.697685
v -524.893860 128.865509 71.860573
v -523.078369 135.384628 54.874176
v -526.789062 143.740799 58.144005
v -523.419739 139.731476 53.631268
v -491.199310 143.663971 -11.851960
v -487.710724 120.895256 -8.428226
v -490.417206 121.378899 -3.540566
v -523.818848 154.230087 47.177700
v -488.440887 128.161179 -10.209955
v -523.075745 157.420654 43.973228
v -520.587402 156.381378 39.895660
v -522.540405 156.099747 43.432877
v -489.897369 124.241974 -26.197655
v -486.304016 122.899544 -24.437828
v -485.654541 127.466408 -29.008457
v -489.909180 125.135078 -22.685801
v -489.060760 123.484253 -24.901499
v -488.094666 123.150581 -24.911392
v -487.556244 123.204514 -23.535049
v -490.001709 124.871323 -27.094398
v -487.091370 123.574745 -27.009745
v -487.305847 126.553741 -29.195301
v -488.303467 127.083504 -29.131199
v -489.431946 129.816223 -27.221609
v -488.750977 128.984070 -28.459637
v -485.381836 123.819344 -27.084597
v -488.948730 123.780945 -23.429359
v -490.654785 125.446617 -23.597553
v -523.943604 146.994217 51.235481
v -488.450043 126.906693 -20.510813
v -521.735718 156.577438 41.818558
v -488.293243 129.292374 -20.792784
v -489.682770 130.499939 -24.825113
v -489.218567 130.758270 -25.603003
v -519.528992 158.266449 41.164291
v -519.622803 158.178375 41.992474
v -520.017883 155.074234 39.066898
v -517.466248 154.577332 34.633778
v -519.033508 155.663895 37.506321
v -490.033417 136.957947 -11.420790
v -490.961670 142.576614 -12.518677
v -508.530029 152.418945 23.890726
v -489.661682 143.646454 -13.996007
v -492.803131 143.761566 -9.556728
v -519.077515 136.009277 55.921680
v -491.879883 130.968124 -5.206154
v -518.778381 134.843231 46.995583
v -492.849243 135.632889 -5.660832
v -520.761780 158.589569 44.330551
v -464.830933 123.464470 -47.880180
v -504.399384 149.637939 19.618910
v -519.893799 157.828644 43.120190
v -520.219299 154.487396 47.331551
v -518.669434 156.700562 43.051338
v -494.126953 143.451981 -7.248725
v -517.619141 157.433716 40.373383
v -521.687683 157.296371 42.109268
v -521.608215 157.642059 43.049988
v -518.543091 156.394836 37.976421
v -519.457642 156.680847 39.204556
v -512.978699 151.915482 26.681841
v -518.099915 154.131668 35.834740
v -508.144409 152.095642 23.422991
v -495.497498 144.530212 -5.143805
v -520.221741 144.028458 50.509964
v -517.178040 141.561707 46.155682
v -517.341919 143.727951 40.103729
v -518.762756 142.753342 43.387531
v -497.663116 102.656532 29.205868
v -496.329407 104.770882 25.087187
v -497.537354 101.836952 29.957006
v -496.723389 100.433891 28.927065
v -495.886139 106.520508 23.980896
v -497.287079 107.501900 26.103584
v -498.079193 107.537369 27.182611
v -494.677826 104.536774 21.982119
v -499.085876 109.042091 28.674709
v -495.713959 108.307953 24.647839
v -498.279785 110.614113 28.546078
v -495.362915 108.523590 24.145176
v -516.294189 103.839348 69.301750
v -516.837402 106.032593 69.252090
v -516.527588 104.095909 69.842567
v -517.496887 109.108925 68.245331
v -517.408264 110.000267 67.532127
v -517.044739 108.718399 65.974022
v -498.869019 111.887840 29.466208
v -516.864563 108.193031 65.702103
v -517.354126 110.409538 67.087631
v -497.153046 139.869705 0.246798
v -496.890106 144.445953 -2.687880
v -518.148254 102.257347 72.827744
v -518.318604 102.633354 74.693130
v -517.818787 99.166039 76.319092
v -518.540344 102.480865 75.220657
v -517.633179 94.417831 76.624817
v -519.232239 96.291100 78.927780
v -517.444641 97.437004 76.596527
v -517.597534 99.063927 75.675186
v -518.188660 102.592987 74.236122
v -516.886230 97.212753 73.904579
v -517.944153 102.241257 72.201721
v -517.439819 98.057480 74.449905
v -517.066956 95.125488 75.669441
v -517.004700 95.666466 75.091370
v -516.720581 102.360535 71.118309
v -518.214966 105.454124 70.766380
v -515.557495 149.602737 41.360325
v -497.235504 110.479614 26.932085
v -497.932953 116.513313 25.017340
v -517.000244 150.596268 35.626945
v -481.660706 142.909515 -19.956404
v -515.118652 143.241714 35.850269
v -498.672211 118.435921 13.905963
v -499.353943 124.906868 12.047887
v -515.282410 136.299896 45.941299
v -514.960938 136.560608 44.730793
v -513.012512 134.540359 42.243942
v -499.561279 114.830399 17.520832
v -501.566071 111.312660 32.451580
v -501.136627 113.013084 32.760727
v -501.337067 76.392181 42.774746
v -501.145691 76.273613 41.930901
v -501.978333 77.099266 43.021301
v -499.360260 74.160202 39.114536
v -480.615692 142.216095 -21.558180
v -495.685425 71.535728 35.759453
v -496.445923 71.753296 36.176327
v -500.796082 75.504288 45.056900
v -516.564087 137.864044 35.955246
v -514.570740 135.605209 34.421638
v -518.733337 134.998901 34.171932
v -512.849121 134.965363 33.472614
v -499.846008 75.427055 45.291344
v -499.906036 76.044273 46.334328
v -500.810547 75.879402 46.439270
v -498.276764 75.979073 44.850155
v -503.671204 78.233978 46.213120
v -515.948792 133.885422 33.638092
v -498.932251 73.462219 39.254017
v -515.404602 111.668350 62.119755
v -514.273987 104.570740 64.902534
v -501.002106 76.058434 43.139793
v -513.286865 98.209099 67.423416
v -501.744720 77.001976 48.095234
v -502.047607 76.286484 45.081394
v -513.877441 99.615677 67.425354
v -515.697388 101.887115 67.814415
v -502.277252 150.346344 11.579965
v -501.457764 149.636673 13.534057
v -502.384155 148.736938 15.664713
v -501.275391 150.044418 11.617109
v -501.123413 149.758652 12.537511
v -502.201599 150.383911 13.428495
v -513.102051 97.635147 65.653778
v -500.090912 147.824966 11.945667
v -502.483521 147.978348 16.599340
v -480.387695 141.657227 -21.083694
v -515.227844 98.764076 69.197853
v -513.667969 94.429947 69.984962
v -513.036072 95.452576 68.857666
v -514.862610 95.935333 70.287323
v -514.496643 93.857056 71.190842
v -505.689697 151.514313 21.123579
v -506.008118 150.727631 21.991577
v -504.698120 151.303802 16.160238
v -505.181854 151.364075 17.722984
v -505.673737 151.209290 20.396378
v -506.097321 151.375931 19.916655
v -541.307251 166.481506 73.990479
v -514.853333 94.873016 72.711807
v -537.551270 165.549896 71.036591
v -537.633606 166.188583 69.054420
v -537.678772 166.464798 70.124756
v -512.437988 92.373909 69.527145
v -514.691650 92.602219 72.293930
v -514.667847 93.827927 71.514435
v -514.901001 93.799316 73.195488
v -503.862091 94.579140 49.115635
v -503.621826 95.184258 48.218384
v -505.104187 102.138206 46.137783
v -509.262848 142.822678 33.175526
v -512.204529 138.546295 39.034687
v -512.990906 138.392746 40.073341
v -510.038452 135.856171 35.668400
v -508.762054 135.666580 33.597900
v -512.486389 133.893997 41.911362
v -509.373383 131.495804 37.309017
v -510.681946 139.214981 28.411182
v -510.854797 139.949036 28.464880
v -512.617981 135.688507 30.035765
v -510.164307 137.857727 28.332226
v -510.859955 134.603790 31.355047
v -512.652893 97.496910 65.014168
v -503.194763 113.080803 25.999403
v -512.148682 93.199577 66.839478
v -512.727478 95.522522 66.633980
v -503.720917 116.648445 25.176079
v -538.995789 164.860718 70.811119
v -504.703125 117.078415 27.096825
v -504.165894 108.087608 39.820049
v -505.306335 110.101364 40.529968
v -503.938568 106.211594 42.727390
v -503.441559 104.747757 42.837555
v -503.606506 103.279854 43.893169
v -505.131653 104.379364 44.657211
v -505.720062 106.072845 44.702679
v -505.695526 109.480240 42.105762
v -505.725311 105.849648 46.762363
v -504.980286 101.556496 48.006271
v -504.483307 98.126648 49.712265
v -503.987762 107.324799 41.953896
v -506.329193 110.121590 42.724442
v -504.953583 109.171860 40.716774
v -511.012634 101.879593 58.668636
v -509.301056 100.778412 57.352882
v -509.803345 104.190628 54.842987
v -508.800873 98.088943 58.539658
v -511.719055 103.258286 58.729107
v -509.625000 100.978149 57.982700
v -508.252747 92.311737 61.431831
v -509.096924 99.954536 56.020985
v -505.328186 101.700233 48.935749
v -508.616913 153.214966 25.146473
v -507.649872 91.467545 59.040516
v -507.821686 94.406937 57.445744
v -509.730530 102.986671 56.951180
v -508.608032 104.157600 52.942574
v -509.824921 104.853630 53.879105
v -510.388550 107.536385 54.755455
v -509.176575 102.342865 54.482414
v -510.795135 108.726936 54.936031
v -507.875763 105.780144 50.946354
v -508.883087 112.197563 46.704437
v -509.505493 113.186920 47.474861
v -508.313263 110.648552 47.003792
v -507.458893 115.744766 33.589748
v -508.185242 116.726601 42.267895
v -466.746521 54.503071 -8.789678
v -466.544830 53.631176 -8.744938
v -470.653595 55.822311 -9.541306
v -467.311432 54.822083 -8.707270
v -467.043915 54.605808 -9.390957
v -465.860931 54.129177 -6.164998
v -466.644714 53.704536 -9.642248
v -506.438171 97.183830 52.857548
v -507.057159 100.662483 51.217136
v -506.677277 100.941727 50.354080
v -467.814087 54.918617 -8.552766
v -507.298706 102.049500 52.586311
v -540.841309 166.799362 73.811440
v -521.770569 159.163910 47.542599
v -521.706726 159.640366 48.472649
v -521.684204 158.900146 48.292305
v -543.706970 168.146255 78.136383
v -542.712341 167.557281 76.230812
v -539.067200 166.571396 73.382156
v -538.968994 165.222397 74.102150
v -508.008240 97.701988 55.817207
v -507.673737 104.414223 50.013519
v -507.603088 101.575653 53.510036
v -540.215149 166.413925 75.764053
v -539.484314 165.671997 71.413506
v -507.216888 103.108215 49.842739
v -538.686035 166.521820 71.951797
v -539.299072 166.787033 73.011101
v -536.677551 166.227234 69.164101
v -536.838867 165.484482 70.138138
v -536.343628 165.313248 69.754898
v -506.374725 106.220222 47.429874
v -507.853394 108.224861 47.651165
v -524.130676 159.568390 52.020611
v -525.075562 159.930405 53.408901
v -523.922180 159.874710 47.758492
v -509.116852 152.573502 23.678633
v -508.076172 107.286156 48.698338
v -512.465881 153.348663 27.526648
v -508.580597 151.872467 26.303673
v -507.683563 103.315460 52.466755
v -507.461578 87.340950 62.405354
v -506.041199 96.954697 52.126026
v -509.038208 88.574196 63.982578
v -507.437927 88.266594 62.382271
v -508.050964 88.013580 63.205982
v -507.497833 89.298500 62.088169
v -507.647156 90.765839 61.322216
v -505.673645 90.829292 57.437752
v -507.807434 88.809280 62.741386
v -508.846771 84.062798 60.896950
v -507.093048 87.363655 60.862156
v -509.713257 132.157822 37.047810
v -508.714050 82.041122 58.180313
v -507.463470 82.257477 58.104015
v -505.470428 80.500198 54.551884
v -509.171814 82.281685 56.645424
v -506.124420 133.304062 29.283709
v -504.572144 144.682663 12.598493
v -507.094788 139.398438 20.898052
v -522.965027 160.466187 48.552803
v -522.691528 160.688187 49.143749
v -522.632202 160.556458 48.656559
v -509.604309 130.063370 31.109337
v -506.665253 109.235443 46.210873
v -507.658691 133.722076 25.227764
v -509.671570 139.130508 26.622046
v -504.557281 98.296700 47.999096
v -503.517517 98.783989 46.146969
v -504.423920 87.642952 42.378277
v -504.330078 89.493805 41.076977
v -504.617523 89.974022 41.175053
v -510.093689 114.304222 47.396988
v -510.513275 113.689545 49.182331
v -513.133911 117.575340 51.131008
v -511.562988 115.225723 49.663750
v -511.333527 120.347397 46.666199
v -511.414917 119.589531 46.761951
v -509.233002 120.695396 44.681355
v -510.945923 124.203476 36.515362
v -502.865570 99.803162 45.068760
v -503.591492 106.357521 40.460575
v -503.064819 102.209152 43.628700
v -503.623627 106.476219 42.008671
v -503.304077 105.952354 39.867149
v -502.999054 102.785286 41.117317
v -502.407562 77.398796 47.540764
v -501.602631 76.075989 45.995239
v -512.010132 123.238228 48.517288
v -511.696869 123.838486 48.045937
v -502.627747 76.938286 44.931644
v -502.708344 77.344330 46.414871
v -501.878418 105.901756 36.480988
v -502.524261 106.814461 37.122555
v -500.969971 102.973091 38.725395
v -501.404633 103.897118 39.111866
v -501.512695 105.782913 35.435547
v -500.696991 104.654594 34.806431
v -500.790527 103.758987 35.815586
v -501.243439 104.475266 36.140598
v -500.714172 101.076286 37.413532
v -500.474060 98.238770 41.041832
v -500.736481 99.551346 40.431606
v -500.537170 99.301979 39.048561
v -501.450897 99.662018 41.163712
v -510.526672 94.476936 45.696785
v -501.780609 97.497482 42.627979
v -512.634888 116.319382 51.227364
v -513.182190 116.306816 52.547729
v -511.506714 114.108055 52.491997
v -513.559875 114.259743 54.975437
v -512.942688 111.030685 55.658920
v -514.006226 115.672485 54.902382
v -512.806763 109.046898 57.010654
v -513.045288 114.904099 53.647247
v -501.526123 104.979347 38.331722
v -513.241882 114.423973 54.164623
v -513.974182 116.583733 53.597832
v -501.175385 104.152588 37.966232
v -513.860657 144.272522 32.666149
v -498.993164 131.217453 19.141491
v -515.867004 139.236588 26.927662
v -514.807190 138.854218 27.125380
v -512.704224 136.349274 29.306671
v -514.945984 137.681915 26.901823
v -514.471924 138.143494 27.201347
v -514.855713 139.784073 27.569258
v -502.105530 133.167206 24.179953
v -502.062256 132.500732 24.022554
v -515.118164 140.587204 28.060884
v -513.572632 140.887268 29.467928
v -516.735840 142.120895 29.748486
v -514.808838 142.004501 31.161623
v -514.304260 141.794113 30.620741
v -519.605286 141.003510 29.445589
v -513.834045 142.081573 31.221569
v -513.440796 142.354248 31.373777
v -513.289124 141.797501 30.602388
v -516.438110 154.141190 32.729401
v -513.717163 154.506866 30.049807
v -515.745178 92.757278 73.937164
v -515.477661 93.256355 73.908646
v -515.733826 91.726631 72.981934
v -516.740417 90.779274 72.671532
v -515.110962 95.623222 73.052643
v -515.266785 94.134415 73.763512
v -515.484497 95.494392 73.605690
v -516.673706 94.805595 75.107521
v -515.757446 99.167122 71.868523
v -515.789368 100.815170 70.681686
v -516.003479 102.499756 68.003548
v -515.665771 99.880035 69.525551
v -517.920837 136.092560 26.676743
v -518.962158 136.344925 26.719765
v -518.565552 137.135132 26.503700
v -518.909546 138.127594 26.642609
v -519.824341 138.379868 27.106632
v -516.560730 138.280396 26.582397
v -516.940002 140.473892 27.461241
v -521.019470 139.789276 29.534697
v -520.117188 139.649460 28.011114
v -518.830017 140.220108 27.747276
v -517.427551 141.512009 28.682499
v -517.665649 142.184601 31.727936
v -518.869385 141.671249 32.115421
v -518.148010 142.059464 30.549166
v -521.675232 139.003647 31.450493
v -520.512634 140.067383 32.594044
v -520.303345 140.731445 31.614956
v -519.254578 141.502197 30.556623
v -518.760437 140.095642 34.567944
v -519.523376 140.259918 33.801903
v -519.318726 112.373520 67.599541
v -518.228882 112.217140 66.086418
v -518.872009 113.846230 65.302414
v -521.048157 118.123245 67.040482
v -519.058167 122.307129 63.453896
v -493.896118 144.587311 -7.658291
v -522.062317 119.549225 71.862541
v -520.821106 141.227417 47.937420
v -521.360535 135.513367 30.223164
v -521.723145 137.362274 32.308205
v -521.992371 137.470139 31.652798
v -520.715454 134.530014 30.065456
v -517.611267 137.580414 35.898003
v -520.934143 135.203003 32.359066
v -521.162170 136.505432 32.997910
v -520.791626 137.815216 33.579189
v -521.497864 138.484360 32.411026
v -523.863831 109.395752 69.403763
v -523.280945 103.431572 71.642052
v -492.749329 126.406227 9.608629
v -493.467041 98.736603 22.784199
v -490.494415 99.828590 15.941814
v -492.930817 97.364975 23.045746
v -492.119965 96.445511 21.647745
v -493.490326 97.368355 24.265781
v -493.597504 96.581566 25.117304
v -491.904358 95.315285 24.219130
v -526.970459 103.818344 90.260010
v -493.196014 105.363274 9.181665
v -493.546783 109.684715 7.769838
v -494.387451 114.103004 7.404995
v -528.576111 109.694664 89.970222
v -528.913513 108.851845 91.253319
v -532.527710 109.051468 98.409096
v -479.179016 63.903656 15.163481
v -493.419189 71.745956 35.953873
v -491.886963 71.126167 34.313385
v -495.627625 71.568497 33.911865
v -528.907593 110.200012 91.327576
v -493.206757 113.312164 17.377411
v -528.928101 111.714874 92.454399
v -491.211670 107.425240 16.445747
v -491.947906 104.722542 18.939325
v -528.706543 121.893143 85.177010
v -492.972107 106.330284 20.565504
v -527.599121 124.073830 81.046959
v -528.076477 127.059776 80.135048
v -493.315430 103.916840 19.985161
v -488.364868 98.399796 12.418977
v -491.913391 95.596321 23.652252
v -491.299255 96.121262 19.925438
v -487.972321 68.731888 28.543306
v -532.152527 149.981110 65.334641
v -534.540649 145.130524 72.164864
v -533.792419 154.518005 66.275108
v -488.643188 95.438728 4.986537
v -532.539734 144.834229 74.608246
v -533.212280 145.398911 78.346352
v -533.011047 146.262878 77.820068
v -534.519714 142.932144 80.452499
v -534.384827 144.064163 81.830971
v -534.413696 145.407974 81.538170
v -535.592407 140.696182 83.909233
v -534.027283 142.828415 78.951057
v -535.223938 143.676666 84.449760
v -535.676392 118.942589 88.214417
v -535.915527 115.824821 90.357613
v -488.351990 110.194313 9.379375
v -539.226013 129.357285 89.661911
v -538.211304 154.830017 82.926849
v -537.442444 149.089355 85.390686
v -486.022980 128.800415 -20.070683
v -490.908691 128.926620 -24.194218
v -490.847656 128.527084 -23.404747
v -487.098602 131.750305 -23.377710
v -487.015625 131.906097 -24.207895
v -486.100769 131.914368 -25.322891
v -485.441010 131.601608 -26.153654
v -487.816895 129.901871 -20.964064
v -490.142731 129.860001 -23.766455
v -487.419281 128.897675 -28.789314
v -487.445374 129.836853 -28.205345
v -487.135345 130.859009 -27.263559
v -488.080536 130.314972 -27.558897
v -485.920380 131.081360 -27.139511
v -536.972351 165.547714 67.557129
v -535.594360 164.551437 65.121872
v -538.749695 165.544464 70.269363
v -489.478241 128.546600 -28.247873
v -484.897705 130.606476 -27.526581
v -537.203857 163.740265 71.559692
v -525.620361 160.264969 49.722740
v -538.274414 166.460190 71.641670
v -525.379150 160.669815 53.213760
v -526.313171 160.951950 54.853168
v -538.235535 163.598114 74.201828
v -537.954224 163.351959 73.530190
v -477.064362 64.018684 13.498816
v -536.336670 161.036514 71.786942
v -535.745178 160.198822 71.740784
v -536.867188 161.781174 75.401192
v -539.636902 165.616791 77.458298
v -538.785889 161.348785 79.566460
v -541.287964 167.339584 76.882591
v -484.474792 143.508377 -13.901845
v -485.618866 143.160660 -17.132917
v -537.706421 159.990463 70.876541
v -523.278442 159.535645 50.761223
v -540.589294 156.182755 77.912285
v -541.463074 158.500137 78.445587
v -539.571167 111.630394 103.716698
v -481.956512 91.485771 3.415628
v -484.566040 88.837173 10.390365
v -485.754578 90.363716 12.092960
v -486.054565 89.918602 13.497808
v -484.427032 87.688248 12.977411
v -484.791321 88.687653 11.405868
v -486.923767 91.329735 13.839355
v -484.235107 86.446373 11.333774
v -542.038208 157.232208 89.357613
v -540.791199 160.556885 84.374138
v -484.148163 86.304909 13.294620
v -484.682373 87.234825 14.204045
v -484.724152 88.288811 13.297729
v -485.786438 88.044746 14.696510
v -486.177216 85.983635 16.196642
v -479.345062 63.116512 14.863260
v -485.552704 92.060097 0.494586
v -485.143524 124.457619 -3.159619
v -545.622681 161.533752 94.110115
v -547.245056 151.441055 105.705849
v -483.479767 120.133804 -4.251205
v -483.982117 111.537636 0.324201
v -481.477173 106.662338 -2.163345
v -547.834167 137.392426 100.181938
v -547.620544 135.515884 102.318230
v -547.840881 137.104675 101.576881
v -547.926392 142.561951 98.599091
v -548.412659 141.387283 97.978806
v -546.664734 142.972595 96.094826
v -547.091614 142.546875 96.738144
v -477.704742 63.294369 13.766728
v -548.385193 142.280502 99.972244
v -481.092804 110.090477 -6.119124
v -547.528381 124.702522 109.218887
v -545.451965 120.693527 108.180672
v -549.322510 133.417252 98.221642
v -550.108521 133.116776 97.621239
v -548.991516 134.029938 98.806511
v -479.415466 108.290375 -18.834824
v -480.324158 76.261185 9.847459
v -479.871918 72.749008 11.761628
v -480.158386 73.157211 12.399470
v -552.303040 148.855865 104.060722
v -480.145630 70.099907 15.984701
v -481.099884 67.415466 17.947565
v -481.013947 77.620483 13.039855
v -479.659363 69.003365 15.751645
v -478.796936 68.340248 13.152439
v -513.870117 141.418213 29.968466
v -479.703033 66.492668 17.135963
v -479.412476 66.933960 16.378229
v -477.658875 68.264381 12.238550
v -479.492401 94.874191 -12.404746
v -549.646179 146.732483 113.695045
v -551.347412 150.439941 113.526802
v -549.905151 145.986877 113.721443
v -552.169739 157.623291 112.193329
v -552.602234 155.227768 113.110008
v -552.439575 149.652863 113.335075
v -553.775330 149.445343 113.288345
v -554.597107 169.983704 97.236641
v -555.311829 172.640106 97.054031
v -554.167908 172.758926 95.258499
v -552.864624 171.574707 92.821495
v -477.909790 84.617828 -10.286692
v -549.331482 172.501038 91.270737
v -551.599243 172.559372 91.942543
v -555.666687 173.500168 97.445908
v -553.551392 173.246887 94.866791
v -550.594482 173.514359 94.249519
v -555.586609 174.296143 97.973839
v -553.470581 139.644882 111.423477
v -552.529175 138.313461 112.942719
v -553.670532 140.417465 112.606094
v -554.071777 142.185974 112.217979
v -553.618164 139.675903 112.028481
v -553.325134 141.011200 110.223198
v -554.821228 143.662750 112.447815
v -553.842834 143.821777 113.243362
v -554.668945 144.589325 112.990982
v -555.346741 161.502121 103.310066
v -555.323547 172.174118 108.509071
v -555.942322 174.629913 107.933372
v -554.853882 175.778717 102.430847
v -559.809753 171.434418 108.872467
v -559.651611 169.598068 109.751366
v -558.578369 170.114090 109.767433
v -478.841766 71.413597 10.788516
v -477.996887 69.630409 10.215089
v -475.629456 63.119205 9.538442
v -478.390564 72.367767 8.617005
v -478.526031 71.445541 9.639692
v -478.690887 70.120987 11.923069
v -476.748505 66.563919 12.106278
v -476.021484 64.056335 10.140350
v -458.854675 73.770844 -32.857841
v -459.319763 70.834648 -33.961452
v -476.148804 64.913612 11.683531
v -459.871368 77.692764 -34.512363
v -459.171906 73.162491 -33.423294
v -476.007721 65.470963 8.555636
v -459.639038 75.411774 -34.012913
v -479.572845 68.675766 14.018387
v -477.291290 65.863487 13.271010
v -478.871185 66.336143 14.148598
v -478.428772 64.471085 14.603233
v -478.888763 64.620094 15.038554
v -458.512787 78.152351 -33.186897
v -460.119385 77.157150 -35.801601
v -458.669220 80.951271 -33.663143
v -459.832886 91.359711 -36.305939
v -460.266510 95.175987 -36.819809
v -460.512482 96.150803 -37.533421
v -460.692139 94.822754 -37.788887
v -459.323242 87.732544 -34.926548
v -459.503571 87.895195 -34.153736
v -462.018829 89.542152 -30.157015
v -514.703613 142.122177 33.155708
v -460.740051 96.779106 -38.028614
v -460.986938 99.964256 -38.809364
v -460.879700 73.419510 -22.477144
v -463.576355 79.895432 -21.375307
v -476.976166 64.816017 -16.480745
v -473.312134 65.371185 -14.249384
v -476.502136 65.250381 -17.549549
v -475.655670 65.979309 -4.673205
v -461.557526 83.270058 -27.451742
v -476.063232 58.101814 0.354746
v -463.569580 54.228359 -6.957059
v -475.096283 65.541061 -15.239679
v -462.315155 54.125507 -7.909011
v -472.876526 117.319633 -25.156256
v -463.232300 88.499695 -39.845104
v -479.126343 120.524529 -24.333128
v -463.685577 91.768410 -40.524197
v -464.316895 91.961304 -39.990456
v -463.666077 90.481995 -40.047581
v -463.224762 90.280457 -40.089516
v -462.826508 93.929024 -40.877853
v -462.747345 91.983109 -40.548031
v -464.666168 97.463577 -41.421043
v -464.685944 96.466393 -41.035259
v -463.760101 98.162025 -41.768307
v -472.516235 137.630188 -33.039745
v -478.399017 140.246323 -29.948977
v -473.693787 138.571320 -33.744717
v -473.080902 137.438354 -33.951180
v -473.426392 138.582382 -34.829147
v -475.303833 138.310440 -37.194893
v -474.004028 139.073578 -36.142723
v -474.141174 138.869080 -36.718327
v -472.384033 138.076889 -39.843952
v -465.511047 73.016266 -28.183401
v -476.720490 139.747543 -34.127838
v -473.600861 138.760696 -37.854568
v -473.081573 138.790100 -37.571808
v -474.059601 137.452347 -40.228596
v -474.598175 138.357788 -38.994850
v -474.472107 138.484970 -37.912285
v -475.134766 138.021774 -38.177837
v -471.502014 137.718384 -40.608803
v -475.750488 137.744354 -37.400738
v -473.517059 138.254272 -31.554258
v -474.385376 138.055008 -28.476955
v -470.464539 135.859039 -33.839806
v -472.896393 137.706451 -31.606190
v -465.775330 103.985657 -30.152008
v -467.892151 109.293053 -28.505625
v -464.827423 121.533989 -47.866379
v -465.698761 120.628410 -47.912998
v -463.944794 121.865952 -46.280899
v -466.796539 123.298119 -47.839642
v -465.699677 123.155861 -48.259209
v -475.840515 61.117153 10.046211
v -474.894623 60.245148 8.327806
v -465.712433 125.858246 -48.645733
v -465.676788 124.580627 -48.408035
v -465.800293 127.766251 -48.735790
v -474.888947 57.500835 5.714585
v -465.701080 111.443031 -45.228760
v -464.739990 110.653328 -45.058441
v -466.614594 52.472519 -15.763535
v -473.128906 63.703320 -20.990711
v -467.435150 58.855461 -17.301514
v -468.545898 57.703930 -14.611926
v -471.267151 59.816864 -20.502567
v -467.581207 131.967911 -49.466148
v -465.494934 128.276978 -48.650185
v -465.683258 112.786705 -45.537605
v -465.169434 112.559929 -45.280064
v -466.994232 114.358421 -44.719566
v -471.995911 66.035385 -16.295572
v -472.706177 65.957840 -15.710332
v -470.889435 65.392647 -17.906622
v -470.673096 64.730774 -18.736811
v -471.683228 65.911476 -16.976789
v -473.735016 65.896507 -18.452393
v -472.645416 65.439049 -19.118727
v -465.715698 121.418060 -48.215736
v -470.533142 59.552433 -12.967687
v -472.165222 65.846001 -12.040776
v -472.234009 64.040863 -10.897040
v -471.118011 60.225605 -11.147263
v -471.589661 61.169579 -10.994084
v -472.410522 62.820339 -12.182535
v -472.234283 64.847336 -12.176221
v -467.566650 113.384041 -32.926693
v -472.278656 63.552078 -11.828133
v -472.124908 63.306519 -11.315315
v -472.390930 66.689346 -11.709709
v -472.613434 65.544792 -13.912168
v -470.442566 58.784782 -14.664112
v -466.462219 56.447525 -2.048099
v -466.813416 56.770294 -1.618601
v -468.990021 56.939701 -0.361172
v -468.094818 56.763618 -1.068793
v -471.357422 109.682709 -25.166651
v -470.734558 105.368935 -21.523735
v -468.528961 58.480953 -0.450188
v -470.005554 57.069897 0.755167
v -470.163910 106.830292 -23.553553
v -470.100677 111.781250 -28.278027
v -468.765778 113.173203 -31.317432
v -472.201172 106.983543 -21.801394
v -468.495728 63.690239 -18.710842
v -468.439667 65.734406 -18.752285
v -469.226898 66.446953 -17.851202
v -469.268646 67.304779 -17.855467
v -469.480896 72.095726 -20.048578
v -471.116943 121.998230 -27.760368
v -473.220520 133.037689 -27.512878
v -472.950195 115.205246 -33.920776
v -471.669678 119.134193 -37.843304
v -471.294006 84.755699 -9.606382
v -473.084259 91.168152 -9.853031
v -466.544006 53.351036 -7.038475
v -467.775177 53.653618 -5.885501
v -465.652954 52.663342 -10.002050
v -468.793884 53.861210 -7.007773
v -466.667511 53.235458 -7.939181
v -466.428589 53.229061 -10.183091
v -475.740723 93.218452 -6.024311
v -467.851044 54.002068 -10.791835
v -468.775574 54.286308 -10.924450
v -468.186707 53.755566 -11.517368
v -466.681671 53.300728 -7.326169
v -467.729553 54.759258 -9.961112
v -463.928009 125.923912 -45.900284
v -464.223480 128.490463 -45.728745
v -464.897278 129.936646 -44.469044
v -463.920227 125.101021 -44.518635
v -464.700378 126.826416 -47.799503
v -464.983093 131.284180 -46.812500
v -463.785797 125.197716 -45.305206
v -464.242035 125.038269 -43.775570
v -463.836853 120.319168 -43.176487
v -464.364716 120.208298 -41.908115
v -463.544617 121.538048 -45.089024
v -463.536285 120.119873 -44.191772
v -476.302094 132.695663 -34.876282
v -464.568878 121.025108 -47.301975
v -476.863007 119.218674 -15.907633
v -463.922058 115.425735 -38.399700
v -462.963440 116.345634 -40.206009
v -463.825226 119.294235 -42.353371
v -463.855103 118.283638 -41.265652
v -464.915131 117.023041 -39.074074
v -476.549805 74.787483 -7.664365
v -477.047272 71.297363 -4.632985
v -478.179260 75.701279 -4.894818
v -461.064484 62.306980 -31.187273
v -457.594330 52.487648 -30.064991
v -457.665314 53.557022 -31.082047
v -458.725555 50.507202 -29.191465
v -458.754028 49.665245 -27.911924
v -458.684296 49.317410 -26.040178
v -459.718445 49.079395 -25.840834
v -459.810089 51.076351 -28.093269
v -458.148254 63.695454 -32.878044
v -458.736145 65.740685 -33.916039
v -458.822357 67.744797 -33.897594
v -476.353424 58.462746 7.182114
v -457.549072 64.049942 -30.779655
v -457.728271 61.649220 -31.237453
v -457.642700 76.657341 -31.909094
v -455.637817 64.881805 -28.378864
v -479.370331 102.759087 -16.337395
v -556.790955 156.948257 112.378860
v -554.842285 155.031189 112.620361
v -555.968262 153.254669 112.787613
v -555.698914 149.950943 112.993622
v -554.928955 149.847031 113.237808
v -554.881531 147.858963 113.173134
v -480.848328 77.478851 10.447673
v -552.677490 172.712524 93.084854
v -550.663330 173.701431 94.999283
v -481.023621 78.561661 12.076015
v -481.550079 79.807419 12.130930
v -469.929321 58.980671 -13.719096
v -482.811066 81.684441 12.347783
v -482.299408 81.491699 11.496521
v -481.253021 77.145302 13.531232
v -480.761566 77.435753 12.472900
v -483.361755 80.531525 14.010544
v -553.723328 163.743240 111.134209
v -479.363129 65.255692 16.556005
v -481.666534 65.509903 19.203047
v -482.375458 66.324203 20.784374
v -481.568298 66.536148 19.226709
v -481.764923 71.156952 16.762545
v -480.661987 65.834015 18.103992
v -481.800507 67.445976 20.472216
v -481.749786 68.326622 18.446293
v -548.871643 172.544449 92.954430
v -550.408081 173.515244 95.601387
v -548.992981 172.228653 93.791176
v -553.831421 174.694000 98.259071
v -553.135376 174.824280 98.473946
v -549.742615 171.487915 89.038956
v -549.440369 171.672409 89.140312
v -551.738342 171.050446 91.182152
v -550.810608 170.272186 89.591766
v -549.655029 170.582733 87.694450
v -550.700867 170.761841 89.429359
v -482.782227 79.294807 13.735973
v -482.132202 67.934593 20.974264
v -481.351135 66.277390 18.815292
v -482.952942 74.063179 18.976002
v -482.368561 67.310005 21.314396
v -482.651001 65.289078 20.107584
v -484.177551 67.211807 22.972662
v -482.501404 73.958672 16.721247
v -481.849823 74.548355 15.236637
v -482.583679 75.225243 15.801977
v -482.341064 70.767181 19.948566
v -484.856873 75.821129 20.412174
v -483.844177 69.068138 22.224714
v -483.939423 68.754448 22.803829
v -518.441772 138.946991 35.294262
v -479.415131 127.009308 -26.475363
v -479.820953 127.885483 -26.599360
v -484.266357 129.303345 -28.200487
v -483.595367 129.145370 -27.828999
v -484.535095 130.969727 -26.796618
v -484.008911 130.187698 -27.403349
v -482.872650 132.607468 -23.283705
v -549.602844 139.649155 99.384987
v -546.926636 135.585388 99.293533
v -482.100586 132.573364 -24.325108
v -481.638153 131.981461 -25.004311
v -483.334229 133.298599 -22.244549
v -547.875671 142.206757 98.150047
v -482.147278 132.153122 -24.797266
v -484.800751 131.750046 -23.962046
v -482.915344 134.217834 -23.165352
v -548.792358 141.491684 95.776665
v -548.233704 138.432266 101.101189
v -548.417358 139.850952 101.020241
v -484.094421 140.223343 -23.561773
v -548.172729 141.404480 99.255325
v -548.579956 140.453705 99.167168
v -548.402161 140.518661 99.291870
v -482.068085 139.835052 -26.808449
v -481.095795 139.359085 -28.716957
v -549.698547 140.546066 98.393600
v -480.355042 140.551788 -28.561827
v -479.871185 140.828873 -27.140617
v -479.597900 140.603439 -28.855484
v -482.564301 104.587288 -11.251416
v -548.575806 141.068344 98.434769
v -548.527100 139.150635 101.848129
v -548.698120 136.520432 99.677818
v -548.460571 139.171875 100.588509
v -549.087524 138.847595 103.276497
v -548.175049 138.034927 100.617004
v -549.027710 162.096741 90.686455
v -547.502136 154.124985 91.967567
v -484.699371 139.803589 -22.504095
v -517.551575 138.741959 35.662941
v -487.377808 141.490707 -18.215151
v -485.872437 141.462631 -20.559404
v -485.788788 142.406433 -19.824678
v -484.299347 140.788376 -22.937286
v -483.503693 141.692062 -22.595686
v -484.399597 141.700943 -21.800098
v -483.844086 142.146866 -21.174002
v -482.607758 143.442490 -18.504911
v -518.011108 139.884842 34.996391
v -484.675507 132.386917 -19.135403
v -486.705963 142.302048 -18.824615
v -487.650940 142.854340 -16.844946
v -487.681763 142.160568 -17.364737
v -486.167480 142.767273 -18.524969
v -546.128296 142.393265 95.176964
v -485.117798 143.224396 -17.272810
v -549.047729 141.431458 96.665573
v -487.797577 132.014923 -13.192334
v -544.657166 119.006592 106.749062
v -545.507263 120.920776 107.595787
v -486.110931 106.918777 6.679947
v -517.920471 140.640701 34.419113
v -542.627319 169.325943 80.310364
v -543.635559 169.282715 80.044098
v -541.453430 168.517090 79.769135
v -542.771606 168.505463 78.234276
v -545.380615 168.336212 80.642097
v -541.771240 167.864304 77.380058
v -487.375427 121.709053 1.586783
v -488.411713 123.227173 3.187247
v -540.516541 144.021225 84.050293
v -485.163788 120.578033 -1.613153
v -539.756348 148.379318 80.301498
v -492.173431 84.464638 30.209635
v -492.549713 86.440018 29.809975
v -490.514862 86.541550 25.254482
v -491.236908 92.039047 23.081022
v -490.878479 87.923752 27.048868
v -490.611847 85.204521 28.224339
v -489.921417 81.995232 28.925306
v -490.759735 88.919464 25.870911
v -518.450562 141.253265 33.504929
v -491.622559 86.769310 28.284513
v -492.900604 89.472374 28.210369
v -492.766266 90.466667 27.476425
v -538.965759 151.310135 77.365913
v -493.716522 95.235207 26.183161
v -494.005096 96.998840 25.936806
v -491.584076 91.798386 25.860552
v -493.928162 96.411728 27.677841
v -493.274750 91.713287 27.977072
v -493.454620 91.901138 29.847343
v -493.033508 89.834534 30.480318
v -493.241882 91.512680 29.372000
v -492.843903 88.969742 30.256935
v -493.778809 86.601280 32.954632
v -492.744659 83.954430 33.432667
v -493.590332 95.815025 25.604464
v -536.326660 163.868118 66.314117
v -493.916779 98.243759 14.087189
v -494.540863 91.397675 19.096855
v -538.011780 113.996918 104.662148
v -535.963196 113.703247 103.016388
v -537.803772 116.585854 105.202080
v -536.350891 142.177368 87.868958
v -536.395996 141.466141 87.418472
v -494.296936 98.354202 24.924343
v -494.363373 97.959030 26.974796
v -495.265594 99.489594 26.729424
v -496.070282 100.787209 26.987427
v -532.968872 120.957085 95.576393
v -494.873566 98.621841 27.320236
v -495.860107 98.296349 28.921799
v -494.195892 96.987549 28.050652
v -494.132660 95.688728 28.763321
v -496.778412 71.989265 35.586353
v -496.179779 71.797081 37.147442
v -493.692749 71.285957 35.014011
v -495.870148 71.932808 37.688072
v -497.077515 72.870323 39.765656
v -518.898987 89.916969 71.354454
v -496.930359 74.053947 41.309845
v -533.771301 130.954407 77.894348
v -495.626526 75.426514 41.933659
v -533.943604 109.746910 100.008652
v -497.620270 77.929825 46.000710
v -497.406189 78.956879 45.994789
v -497.822845 81.170807 47.213596
v -497.786591 79.541336 47.252857
v -497.621674 80.021538 46.634266
v -497.585968 79.814537 45.956680
v -497.636810 81.021118 44.895931
v -497.880585 82.417664 46.483456
v -498.120697 83.614914 44.509644
v -496.806427 79.240067 44.880146
v -499.612549 81.076843 49.334362
v -499.313904 80.243111 49.187210
v -530.817017 122.098251 89.843399
v -498.361206 79.952873 48.177933
v -499.098602 91.229630 40.878696
v -499.812164 81.570770 49.618587
v -500.004944 86.558792 46.736893
v -500.645996 87.073906 47.666229
v -500.902374 89.622437 46.231155
v -499.564667 133.738846 8.170556
v -528.692749 163.562057 59.149677
v -501.459991 141.220490 18.531967
v -532.199219 163.212936 60.500141
v -528.029053 161.861588 54.730919
v -532.352112 162.373962 59.684326
v -530.879456 160.655518 57.230282
v -503.171478 142.973740 20.821144
v -529.833923 157.825912 63.495888
v -532.043030 158.534271 65.387215
v -529.361877 154.743835 62.457626
v -530.745056 158.392197 58.465797
v -502.625122 84.274734 55.226730
v -502.576721 83.289589 54.999760
v -532.408020 158.003418 65.787209
v -501.936951 83.328293 52.927963
v -502.124969 83.479919 53.329636
v -528.542908 151.418427 57.855282
v -502.996826 89.131935 52.857079
v -503.032867 89.294273 51.267570
v -520.737366 157.477676 41.008923
v -504.070190 84.333961 56.694851
v -502.475616 96.779579 46.395576
v -501.510345 90.622200 48.861053
v -503.229401 91.875092 49.758415
v -502.592987 89.107071 50.519241
v -503.932312 95.017937 50.719620
v -505.100189 127.506790 22.747843
v -504.541443 135.488342 27.856749
v -526.932190 161.662735 56.242165
v -507.769318 112.344185 44.105335
v -509.584900 118.712051 44.179241
v -519.874146 157.869400 40.741028
v -507.991669 92.752670 60.327812
v -508.088593 93.590111 58.838459
v -523.760132 159.357285 46.781361
v -523.287048 158.719498 45.469574
v -508.639069 97.377121 45.847244
v -524.970886 142.603745 63.380997
v -507.956085 96.414299 44.567261
v -526.177917 141.844269 66.510277
v -527.271851 141.661499 68.314804
v -508.731323 98.679955 45.338249
v -523.212341 109.791428 77.713493
v -524.304871 105.625664 83.814705
v -522.780701 108.496902 77.900238
v -523.894104 106.572395 81.955559
v -510.673828 109.472633 52.396027
v -510.733246 96.478630 61.798027
v -510.620789 105.681145 56.481529
v -521.235962 118.509125 67.859932
v -523.288879 115.977409 73.807228
v -522.676941 117.856918 73.924011
v -522.968018 115.950005 72.787331
v -519.999573 120.604401 65.950745
v -520.960083 145.522842 51.753666
v -521.775574 158.690109 44.313423
v -522.616638 159.072220 46.194305
v -517.766602 89.721680 68.443626
v -514.860657 86.619400 65.164047
v -517.700195 89.370476 69.136375
v -521.409668 158.460541 47.457439
v -520.557617 158.323196 45.348743
v -519.841553 157.650803 43.832996
v -521.732910 159.488586 46.190269
v -521.971863 159.349152 47.354042
v -521.815063 158.465439 48.455399
v -522.694641 158.344742 44.374683
v -524.049988 158.477173 45.727890
v -514.104980 154.211227 35.044865
v -520.005737 158.144440 41.333401
v -520.691223 158.085327 43.082153
v -517.701050 155.122604 35.264561
v -518.894531 158.042953 41.009037
v -519.511658 100.824699 65.576004
v -485.333649 143.789902 -13.921776
v -483.754517 143.504105 -18.820642
v -514.686829 91.555130 71.952248
v -516.770935 93.517494 75.121277
v -521.035156 104.829849 78.856743
v -522.158203 109.001816 76.214638
v -522.252808 105.872017 79.411034
v -520.807068 105.650650 78.103920
v -517.979065 139.208603 26.854067
v -513.136108 139.025757 28.572628
v -516.313538 141.486298 28.547367
v -514.976990 142.067978 32.357712
v -517.539978 111.375366 65.127335
v -519.403992 157.650986 42.882977
v -517.129456 112.543312 63.477459
v -516.394470 89.931633 65.326523
v -515.425110 87.523476 64.970039
v -517.641296 89.181213 70.161575
v -520.246033 92.297417 76.181602
v -519.688477 91.131348 74.269928
v -518.993286 108.967247 69.723663
v -518.707947 105.942940 71.338692
v -519.082214 110.318916 68.977211
v -518.768860 105.583107 73.839531
v -518.843994 107.213272 72.494301
v -519.103027 108.457550 70.412186
v -519.531738 134.765625 27.922375
v -518.146912 134.325897 27.958214
v -514.412781 136.060104 27.510763
v -515.497803 136.331284 26.972273
v -518.983398 134.065750 28.483204
v -518.534180 133.497360 29.611502
v -516.727295 135.522202 35.715675
v -518.636292 120.899200 60.163143
v -520.183716 119.542503 64.864220
v -520.005798 111.820900 69.246956
v -520.218506 135.970505 33.723133
v -521.555786 136.286804 32.229259
v -520.785706 138.527878 28.025272
v -521.205444 138.838455 28.783735
v -521.663269 137.661804 29.532415
v -521.005981 137.591980 28.160797
v -519.353027 141.190933 32.656357
v -521.310974 139.748611 30.666180
v -521.949158 138.317566 30.652317
v -521.928223 137.205566 30.857655
v -521.640564 138.844162 29.870354
v -520.348022 140.695862 30.381428
v -520.375549 139.354630 33.497440
v -522.110352 113.047302 63.695011
v -521.948242 117.296219 61.050373
v -513.342834 154.339233 32.599590
v -522.529724 157.425339 43.141338
v -515.276367 154.441010 37.446266
v -517.771912 157.708542 41.188484
v -522.604492 159.573288 47.087292
v -515.993774 154.324966 39.317352
v -543.282898 140.342316 91.356354
v -517.688843 155.580215 36.274601
v -512.847473 154.543106 30.082590
v -524.029907 147.654327 56.117455
v -514.382935 155.253311 32.013485
v -523.016296 160.104416 47.819374
v -512.772278 85.753540 65.049286
v -525.578186 117.742989 68.438492
v -512.535767 93.854935 68.939987
v -511.400330 132.133469 43.426086
v -525.284851 113.891449 80.198395
v -524.801514 115.377251 80.432899
v -511.876801 134.831039 32.505043
v -511.531525 135.626221 30.688129
v -514.875488 133.690140 32.338318
v -513.792419 135.929077 36.805225
v -511.476807 133.297745 33.585892
v -513.998657 135.637756 34.342319
v -513.604065 131.287231 38.756584
v -524.761963 159.731339 48.275639
v -527.304749 161.638153 54.416389
v -544.879333 126.336082 111.438354
v -549.632568 166.218399 89.715508
v -510.611145 153.608810 27.097107
v -511.227325 153.890076 28.440117
v -511.742157 154.023209 28.006767
v -510.756439 153.502411 26.188847
v -530.203674 132.090942 70.207832
v -509.754150 153.450134 26.158773
v -509.544159 153.463303 25.097383
v -510.595886 147.488190 23.876305
v -513.775635 151.704254 28.151804
v -509.426666 149.294800 20.264280
v -512.745789 147.398407 28.622694
v -509.605804 92.243980 50.738560
v -510.026978 88.834328 53.388802
v -508.515686 86.400635 63.045551
v -506.734741 94.771767 42.279705
v -509.260498 95.272240 48.358448
v -508.677429 90.240242 49.557308
v -509.256195 92.578995 49.506557
v -530.377319 105.065208 94.797798
v -532.755981 107.847466 97.994781
v -531.946838 105.637161 96.092590
v -508.980286 91.456467 49.159225
v -512.605530 89.329887 68.515060
v -508.534546 110.777267 47.709446
v -506.613281 109.990417 45.422142
v -507.483002 111.419144 44.711201
v -530.875488 162.155716 57.870457
v -507.649506 110.578827 46.158810
v -533.774170 164.228790 63.241261
v -531.744385 164.439072 62.832474
v -460.758606 70.552139 -34.984676
v -506.148529 109.066826 45.313251
v -506.681488 110.448265 43.675289
v -505.612518 143.365280 25.507359
v -535.264465 162.573120 69.041832
v -534.600708 159.106995 69.358841
v -532.947510 156.781769 70.354012
v -531.890198 155.248520 69.130928
v -533.282532 156.917572 68.608521
v -534.411011 158.679840 72.045639
v -534.004517 135.026550 76.302292
v -534.826538 162.706757 64.596420
v -534.618347 165.201065 64.994316
v -535.918457 163.596802 69.684334
v -534.339661 164.009125 68.655533
v -536.745300 164.554916 70.400986
v -534.754150 164.514542 64.232925
v -534.750244 165.054871 68.878517
v -535.571350 159.597733 74.253944
v -537.860352 163.393311 75.790955
v -505.231354 89.140862 57.582253
v -506.928497 89.731651 59.036362
v -503.742004 150.660263 15.095066
v -503.560516 149.690002 17.325697
v -504.371582 150.592987 18.796064
v -503.636871 150.364044 15.893537
v -505.407501 151.157364 16.149714
v -504.825958 150.634949 20.084515
v -506.668091 151.990494 22.071424
v -506.259796 151.895203 21.213795
v -540.136780 140.655716 85.227554
v -537.926147 140.724258 92.673737
v -503.698273 150.861176 14.161528
v -539.771240 138.239563 98.774666
v -503.711792 150.485092 12.883486
v -503.436279 149.653656 10.670840
v -502.518829 149.170883 9.094403
v -501.507172 148.798096 7.758639
v -503.962891 148.445206 9.736180
v -505.094299 148.050827 11.754077
v -505.634888 149.545715 13.226221
v -500.779663 148.351639 5.385755
v -503.341217 147.528259 8.465867
v -502.434570 147.556747 6.825053
v -542.342285 135.157211 107.286942
v -543.814636 134.272324 111.506989
v -502.933258 104.886177 39.902103
v -500.669159 99.998207 39.923340
v -500.496552 102.071503 36.531235
v -501.524048 92.243217 47.745720
v -501.035034 90.174644 47.784344
v -501.111603 90.355148 46.670296
v -500.409698 83.696655 51.297695
v -500.444946 82.452553 51.728142
v -546.856140 146.752930 108.464394
v -500.563385 85.699013 50.408730
v -501.698181 82.138115 53.046112
v -500.052551 83.128532 50.659039
v -500.096191 82.124153 51.134090
v -500.187469 80.218376 50.465309
v -500.537476 81.304161 51.703625
v -500.144836 95.387985 42.353149
v -499.496521 93.039032 42.422203
v -499.785828 96.408936 38.752907
v -460.185150 70.234779 -34.976051
v -543.952026 165.713638 87.376869
v -499.813690 80.429550 49.827415
v -498.644440 79.212021 48.348660
v -497.926178 77.560509 46.078747
v -496.310608 76.695229 43.945938
v -499.418854 75.118744 44.021019
v -498.770935 74.720955 43.095657
v -498.551880 74.917603 43.450939
v -498.965942 74.085106 41.788681
v -496.438232 131.368439 3.183591
v -549.664734 141.152039 97.496819
v -548.788391 172.448547 91.288818
v -554.649963 134.498764 95.981216
v -498.865509 129.591064 8.723763
v -551.613586 134.296448 98.742043
v -553.811584 152.761078 112.997833
v -550.491394 149.041351 113.560196
v -460.726166 69.737991 -34.672329
v -496.241882 83.017029 42.497192
v -495.902283 79.440262 43.924976
v -496.271118 84.755630 40.845158
v -495.296021 77.627663 42.113579
v -496.001251 82.777344 40.083393
v -494.678894 84.839218 37.436638
v -495.549286 79.164322 43.472492
v -495.734039 81.321762 42.438572
v -495.920013 78.123466 44.274181
v -495.498505 78.297287 43.511051
v -553.896790 159.306152 112.354630
v -556.490662 175.328430 100.990639
v -555.612610 175.719604 102.000656
v -555.818359 176.408844 105.161819
v -556.807190 176.585663 104.344009
v -495.715668 83.202400 39.195290
v -494.548553 78.841324 40.182640
v -496.808197 78.365822 45.145443
v -495.708160 96.141663 29.992685
v -557.352295 176.734070 105.285683
v -559.274536 176.284119 105.717659
v -558.680237 176.494583 105.296974
v -556.705627 152.359116 112.155510
v -556.835876 153.871048 112.141243
v -459.715820 69.642815 -34.648155
v -556.966797 153.839874 111.428383
v -459.650696 68.439690 -34.817513
v -460.497986 68.734177 -34.629616
v -459.704041 67.521049 -34.658352
v -457.770691 77.704208 -31.776455
v -458.325195 80.705940 -32.979401
v -457.582642 76.060402 -31.093634
v -457.308136 74.635460 -31.112572
v -458.718262 82.598488 -33.875225
v -458.736603 83.096611 -33.052944
v -458.806610 83.590340 -34.715107
v -462.657410 50.429878 -13.639141
v -461.943176 50.934208 -13.406786
v -460.988525 49.081985 -16.186399
v -464.465149 72.796532 -15.155074
v -492.642151 145.513489 -7.561091
v -464.797302 60.448853 -6.351246
v -489.061951 91.569435 20.245522
v -490.961914 94.184174 21.207750
v -489.550171 93.453148 18.615513
v -489.141052 92.492889 18.163782
v -490.378845 95.016647 18.941074
v -490.297241 94.467667 19.825546
v -489.113434 94.028183 16.645761
v -490.897949 93.060715 21.935797
v -490.168182 88.964195 23.275419
v -466.746613 62.294525 -20.231958
v -490.421692 86.035980 26.903067
v -490.510284 86.179993 27.391823
v -459.707672 66.515495 -34.301941
v -490.636719 88.799545 23.875664
v -460.669891 66.085045 -33.630558
v -489.358398 92.394234 20.814285
v -488.831024 88.311302 22.331102
v -465.603333 51.079327 -12.728147
v -466.641876 51.578407 -13.820660
v -467.828308 52.543617 -12.983529
v -489.179230 92.150841 18.852303
v -489.455780 93.069382 20.156189
v -487.953979 93.297394 14.673549
v -488.617035 92.817101 16.770958
v -488.817596 91.904106 17.965254
v -488.704315 85.466759 23.689346
v -488.659729 88.554176 21.688852
v -489.454620 91.283745 21.589647
v -488.231812 84.033058 23.742365
v -488.150787 84.304771 23.064117
v -488.378601 85.840065 20.981123
v -488.679840 89.967987 18.918489
v -488.972412 73.050926 32.410168
v -486.605286 72.282547 28.144875
v -486.825439 70.583054 28.813662
v -488.737396 72.598869 32.049702
v -488.761871 74.447174 31.400623
v -488.880859 70.294807 30.926754
v -485.970642 68.554901 26.345423
v -488.839935 68.088112 28.122066
v -486.271271 66.385178 21.727697
v -459.632660 64.250679 -33.858227
v -486.827789 65.403778 20.137529
v -470.259888 123.318260 -42.055401
v -487.872101 65.935997 20.317339
v -487.733582 85.577652 20.086308
v -487.610962 81.963760 21.909145
v -487.753693 81.998688 23.858335
v -472.208313 127.278214 -40.048454
v -487.008759 90.044670 17.372974
v -487.216156 91.317635 15.109252
v -487.921722 92.509186 15.562516
v -472.524353 137.541367 -41.460644
v -472.961243 137.731155 -40.799385
v -468.487122 136.721786 -46.220203
v -469.072540 134.570801 -35.873398
v -486.764313 90.050331 16.782108
v -486.836426 90.285812 14.832783
v -470.641113 136.613693 -34.973949
v -473.508026 137.504349 -29.275949
v -472.300262 136.689240 -30.947388
v -470.012115 134.901352 -47.510513
v -469.922699 135.601593 -47.172951
v -468.984589 135.779587 -47.640980
v -470.349762 137.462631 -43.921944
v -471.064972 137.683167 -41.829613
v -471.111145 137.682343 -40.219536
v -472.330322 138.669922 -36.676964
v -470.803986 137.708130 -39.242073
v -469.403198 136.571396 -37.987293
v -470.964325 137.780426 -38.141441
v -471.259186 137.688080 -37.455978
v -471.651978 137.156586 -33.024612
v -471.668091 136.685135 -35.940475
v -470.626251 136.702408 -36.969292
v -470.070831 136.528076 -36.680336
v -472.015137 55.638485 1.321217
v -469.793060 55.324978 -1.015830
v -474.111664 57.087101 4.750735
v -473.550995 59.475376 6.493588
v -486.088165 100.291733 9.993116
v -483.961487 99.154457 6.491844
v -472.404144 60.116573 5.214206
v -472.843750 61.498871 5.351826
v -470.747101 58.452854 2.573087
v -485.696655 99.094208 9.471815
v -469.850250 59.453331 0.839982
v -481.731842 95.698715 3.682571
v -484.185120 95.323372 6.070062
v -472.751862 67.828133 1.123928
v -474.235382 67.296638 4.266243
v -484.504181 70.820602 24.464769
v -485.128845 77.635246 21.064516
v -486.833832 87.686516 18.292320
v -486.348297 82.596306 20.490017
v -486.632538 79.557808 22.038691
v -485.233124 76.381012 22.403112
v -485.453613 73.474571 23.972111
v -484.647705 74.026131 22.610155
v -485.612610 81.555481 19.721533
v -459.859131 62.425766 -32.851955
v -485.571594 81.143478 18.345819
v -484.544678 72.875893 21.306761
v -485.908295 84.728065 16.343988
v -485.154236 81.485840 17.390223
v -484.160767 70.209145 23.983253
v -484.748505 69.134018 25.256311
v -484.003204 68.156281 23.335716
v -473.009644 107.063560 -30.257826
v -558.634033 176.231613 104.116982
v -473.083649 137.123093 -41.534260
v -476.060699 136.785797 -37.166752
v -476.211243 139.904968 -33.962997
v -472.692993 138.893478 -36.890224
v -472.944733 137.437134 -34.787758
v -474.177765 139.233597 -35.230232
v -475.159698 139.969727 -32.391445
v -475.436310 139.933289 -33.678928
v -475.908875 140.170303 -31.629436
v -481.868042 108.230057 -14.075835
v -474.862671 57.014259 5.023320
v -475.828583 57.126774 4.872490
v -474.461487 56.177769 3.211526
v -476.447540 60.222446 9.762622
v -476.067017 64.262245 12.145934
v -475.626099 61.645489 9.964781
v -475.181335 62.258896 9.042186
v -475.364868 59.326195 7.720042
v -475.709412 62.854366 10.160103
v -476.380402 63.267872 12.463128
v -559.674194 176.082047 106.247025
v -557.869568 176.644150 106.186401
v -558.053406 176.102417 107.127556
v -477.167297 62.231190 12.462352
v -478.328705 115.351601 -12.001585
v -480.597839 126.313286 -25.321449
v -481.853058 124.398438 -21.967205
v -480.702332 125.450867 -24.549786
v -557.950317 157.398392 110.965065
v -479.914276 124.671494 -24.725780
v -480.418549 131.835464 -26.738403
v -479.103424 64.979324 15.536203
v -479.200928 138.625549 -31.798893
v -479.250397 139.468597 -31.193014
v -480.645020 140.095779 -29.066973
v -478.734924 140.238770 -29.948986
v -481.624115 140.480621 -26.877300
v -481.587982 118.135376 -6.970564
v -483.348083 118.667381 -4.518174
v -479.353180 127.974419 -27.015615
v -481.234619 123.105171 -9.581339
v -478.661072 125.592758 -15.055780
v -482.021210 127.855827 -26.652479
v -482.168488 128.827347 -26.506016
v -482.738770 124.473198 -23.710857
v -481.656464 125.869217 -25.231279
v -482.870911 126.842049 -27.735931
v -483.539001 124.016792 -26.326445
v -484.421265 124.274521 -27.307087
v -482.062714 124.577164 -22.320404
v -481.866333 124.850899 -23.799276
v -483.482788 126.145714 -28.133648
v -481.463837 126.678352 -25.833122
v -476.024231 111.245163 -26.559441
v -482.595795 124.658585 -20.775461
v -481.217896 125.563499 -24.711313
v -482.826721 94.109024 4.144475
v -474.466431 139.496826 -33.053383
v -473.803467 138.753906 -39.006104
v -486.207550 85.426048 18.461639
v -475.472443 71.729530 -8.319086
v -490.630188 144.133423 -11.975674
v -474.855530 61.301556 8.637513
v -474.199554 58.196743 5.981268
v -487.849640 123.297493 -26.316202
v -484.876190 123.008736 -24.918842
v -487.302704 124.445824 -28.142426
v -488.177643 125.834435 -28.918724
v -488.421661 124.581108 -28.132624
v -487.369110 125.134079 -28.657724
v -488.321259 130.896515 -26.565802
v -488.822815 127.779060 -28.869568
v -474.027557 78.910095 -0.965653
v -474.873199 79.717987 -0.427709
v -472.575012 73.903816 -0.695300
v -486.826447 124.922951 -20.705481
v -488.996643 128.929764 -21.144215
v -490.944061 126.423103 -23.318043
v -489.058441 71.920807 32.430439
v -489.650635 71.400688 32.834026
v -489.366974 144.235046 -12.192231
v -488.776642 145.067047 -9.996293
v -491.402802 145.556168 -4.176442
v -470.292023 117.279213 -29.918486
v -492.326324 125.549294 -2.017096
v -490.775543 128.899231 -26.224241
v -489.791382 130.117310 -26.296810
v -470.766266 136.509857 -33.795979
v -493.070862 76.656525 37.642418
v -492.655426 75.886162 37.362354
v -492.470428 85.380432 32.284554
v -494.151337 118.945900 16.228256
v -470.271851 114.412361 -38.435753
v -468.040710 117.953415 -44.065666
v -468.999786 107.303062 -25.648973
v -466.191589 136.045441 -45.476849
v -468.315948 137.022079 -45.289871
v -465.165100 134.633118 -43.560375
v -468.394714 135.458557 -37.766052
v -472.376831 138.578445 -38.223080
v -467.554016 135.009995 -39.194824
v -468.308624 135.673309 -38.853188
v -467.810944 135.468063 -39.586349
v -468.664673 135.784195 -39.923569
v -467.108398 134.195251 -39.281963
v -468.433716 127.263092 -34.063839
v -494.673645 138.582977 7.000870
v -466.615051 135.056488 -41.129574
v -467.152985 135.597107 -41.039707
v -470.577515 137.401154 -40.233810
v -467.219452 136.670593 -44.569553
v -467.074066 135.940338 -42.761471
v -468.906952 57.700405 -0.146439
v -464.638824 55.632568 -4.340813
v -468.590851 53.614876 -6.328355
v -495.188446 145.537369 -5.220932
v -469.353638 54.473919 -9.005346
v -499.661316 145.989563 1.815815
v -497.439758 145.711594 -1.826653
v -498.392883 146.989334 0.606469
v -498.952515 147.752823 2.623669
v -495.600281 146.636856 3.917237
v -496.551025 147.210754 5.519713
v -497.349152 145.979980 7.898374
v -496.811096 147.447388 6.083099
v -498.702393 147.840927 3.036121
v -497.648590 148.482086 5.492664
v -498.426300 148.412476 4.970860
v -497.707489 148.713867 6.020160
v -495.819305 146.290268 4.845704
v -465.247101 51.175419 -11.815282
v -468.881500 54.901356 -12.448414
v -549.328918 147.913315 113.210480
v -467.360901 62.753696 -19.440571
v -467.832275 62.832233 -18.959597
v -467.559387 60.061848 -17.985119
v -498.146301 100.769173 32.409077
v -498.326477 102.044914 31.475235
v -544.994568 168.669800 80.281670
v -499.100677 103.643829 31.581774
v -498.507751 100.263939 33.302086
v -497.272980 106.035606 17.182076
v -497.699310 110.093513 16.001202
v -501.420227 146.338562 5.066517
v -501.718109 148.173920 6.200797
v -502.542267 148.613419 7.887403
v -501.025177 148.737747 8.011693
v -501.002167 148.650970 8.820088
v -499.558136 148.908417 6.613856
v -499.711273 148.889740 5.904695
v -464.737701 115.224083 -45.744030
v -464.403320 111.277199 -44.766727
v -464.064087 104.904274 -43.604061
v -464.636383 105.437469 -44.038776
v -463.927582 105.647354 -43.808445
v -464.659973 103.632538 -43.219822
v -499.566315 148.449463 9.413311
v -500.347351 148.678818 9.566111
v -501.046387 149.661880 10.097620
v -500.630615 149.559830 10.936744
v -461.966980 111.588493 -41.830620
v -463.314178 109.055946 -43.344730
v -462.588013 109.933723 -42.427418
v -463.769318 107.281921 -43.260685
v -461.935883 108.428856 -41.145679
v -463.012146 107.412827 -42.260731
v -503.934631 92.981148 38.312134
v -461.696808 95.165802 -39.240768
v -462.346863 94.111206 -40.281231
v -462.612335 89.622055 -39.868690
v -502.003082 95.445969 46.538906
v -462.568207 81.769287 -37.903564
v -460.545441 94.702019 -35.763611
v -461.895905 93.329887 -39.056473
v -461.151306 92.371941 -37.889271
v -461.799103 90.453201 -38.907001
v -462.090027 49.906639 -21.956621
v -460.781921 49.434071 -22.885281
v -459.365936 49.543983 -24.048988
v -460.244568 54.838036 -28.897800
v -460.038757 57.678635 -30.643974
v -506.525482 151.390930 17.938473
v -459.703217 49.174458 -24.955400
v -505.929535 148.377045 23.142681
v -460.284058 50.146278 -26.563644
v -460.480408 49.564034 -25.480400
v -507.222778 150.910019 23.999203
v -507.662720 151.654861 24.226990
v -507.321808 151.627121 23.338007
v -460.671539 49.374496 -23.825876
v -457.954407 49.845772 -25.367275
v -459.068298 52.172657 -29.789654
v -507.628174 147.710754 26.845949
v -540.357483 163.609009 73.925186
v -458.722107 63.135765 -33.455673
v -548.482910 171.208252 86.867744
v -458.718109 60.543720 -32.393875
v -458.223419 61.611980 -32.159817
v -508.097900 148.639832 17.819674
v -458.700134 58.584454 -32.622807
v -507.399292 150.501221 16.813982
v -508.207550 149.702209 18.005835
v -507.043762 149.571106 15.374174
v -458.044464 60.547310 -31.837524
v -457.446625 58.607536 -31.626051
v -548.810913 139.175644 99.651611
v -456.606262 54.387505 -30.475485
v -509.061584 142.727844 23.329142
v -455.786163 52.850010 -28.169136
v -456.897766 54.734074 -30.956163
v -458.949005 52.981846 -30.346270
v -509.760345 152.739639 27.487827
v -560.168640 171.428192 108.222145
v -510.070404 117.907692 37.853081
v -511.860229 106.183037 57.206554
v -510.224945 84.930397 62.730389
v -512.388123 90.180908 68.746590
v -511.787079 89.597435 67.878426
v -511.775574 90.620453 67.902184
v -510.325470 88.993195 66.383278
v -510.615692 89.759811 66.926262
v -512.187256 143.239365 29.775469
v -510.523468 150.216782 22.178759
v -511.158539 151.550171 23.606932
v -510.601379 151.500443 22.690302
v -510.832733 152.710434 24.612091
v -512.347961 105.667091 60.170944
v -513.033997 110.696739 57.766949
v -514.056641 122.527092 50.404858
v -514.697998 124.960037 52.761696
v -551.489990 135.846954 109.509468
v -513.294922 124.469360 50.533516
v -515.316284 97.427673 59.201778
v -515.030151 107.872688 64.025612
v -515.639709 112.230186 62.302860
v -515.680603 112.733688 61.789196
v -513.123901 85.456398 64.413895
v -514.394653 87.836212 68.137199
v -516.651306 88.887611 70.115402
v -518.025330 90.091911 72.559814
v -513.569946 90.703934 70.493713
v -514.237061 92.171570 71.587196
v -512.721619 91.674568 70.102989
v -545.823181 134.479446 113.114532
v -545.318848 131.769028 112.265137
v -516.957214 110.602470 64.295433
v -517.015930 135.422028 27.141850
v -519.622620 134.073166 28.979979
v -520.126587 134.882339 28.388649
v -516.531128 137.203339 26.560244
v -517.158630 133.265945 30.615725
v -516.399902 133.595535 29.438875
v -546.154236 161.774475 85.516747
v -519.334900 133.946747 32.144829
v -520.842346 134.555695 31.051630
v -544.483032 169.439026 80.860649
v -520.374939 134.542175 32.119377
v -519.134644 134.494385 33.305759
v -519.366699 139.356583 34.536903
v -515.693359 140.745209 34.649323
v -519.622864 136.855286 34.561703
v -544.339661 132.751816 112.389366
v -544.307617 133.978745 112.507896
v -544.340210 131.163849 111.379402
v -544.803406 130.975616 111.782791
v -543.941528 131.365738 110.517990
v -543.985168 130.349808 110.835129
v -541.073120 124.280373 108.733360
v -520.292297 102.419510 79.117821
v -519.804260 99.453346 80.098694
v -521.222961 108.051445 75.055305
v -520.668640 105.379486 77.759659
v -520.971558 106.576981 77.302483
v -525.754333 97.757530 85.160156
v -523.722656 101.328407 85.855499
v -524.144775 102.004692 86.180511
v -522.394348 101.229568 84.545555
v -539.515808 146.513824 91.822098
v -524.959656 103.278564 87.827415
v -524.471436 103.636093 85.576500
v -540.480469 152.853271 89.286362
v -538.502747 132.669724 96.460892
v -535.944397 156.813461 76.849014
v -529.805969 131.879486 80.630280
v -535.801270 141.304626 84.325653
v -531.238831 154.314423 68.835602
v -531.382812 154.762924 65.907120
v -532.900269 110.257088 87.658546
v -533.139160 113.274544 97.600929
v -533.750122 165.417816 67.092781
v -532.872070 164.592102 65.871796
v -533.694580 165.502930 66.036217
v -534.049927 162.607040 62.306458
v -535.703369 134.863968 88.827980
v -536.602966 132.530014 93.664764
v -537.570129 139.456131 89.962280
v -528.587036 115.178215 89.521614
v -527.948853 111.879128 90.107094
v -528.284851 110.423859 89.255554
v -546.033142 169.110458 81.371956
v -545.902100 169.912445 82.363396
v -546.641846 169.539612 82.092850
v -546.760986 169.905609 82.972816
v -546.909546 170.281570 84.271919
v -543.427795 169.783493 81.690613
v -544.826050 170.188309 83.022667
v -545.780212 170.534637 84.211731
v -545.874451 171.028381 87.304276
v -548.345642 171.463562 87.372177
v -545.752930 171.109695 86.274956
v -548.112915 155.971985 104.182869
v -524.700806 116.531387 79.827667
v -523.841248 116.565956 77.432220
v -549.541687 143.245789 101.794159
v -524.492615 114.654251 77.438255
v -521.540894 98.832809 82.481087
v -519.784485 96.979889 80.028244
v -517.704651 97.066780 77.168381
v -521.828186 99.596504 82.748573
v -520.353516 98.314240 81.320450
v -519.491333 97.605705 79.208076
v -519.296692 108.266685 72.795410
v -520.982910 109.581337 73.462616
v -520.721436 107.974464 74.338600
v -520.704041 106.549484 75.124840
v -557.751038 166.686920 110.709831
v -558.883301 168.497696 110.047134
v -520.187256 102.091820 77.427345
v -520.794373 110.692413 72.116165
v -521.442139 111.671928 72.426529
v -519.815430 110.375137 70.330696
v -520.213013 110.454414 71.389816
v -557.435730 174.679489 108.452522
v -517.225830 142.285599 30.760725
v -559.623657 174.399765 104.639633
v -518.097351 141.706680 29.356798
v -456.736572 71.690842 -29.731400
v -519.358643 139.131775 27.190100
v -518.525269 135.456604 27.024025
v -517.779907 134.000977 28.391289
v -519.528320 135.797043 27.134760
v -519.728027 137.093994 26.863632
v -459.106018 85.665497 -34.328712
v -461.287689 104.545639 -38.943180
v -461.242188 104.079102 -39.060158
v -461.702148 107.838196 -40.566162
v -461.672272 108.046234 -39.755558
v -461.719147 111.057022 -41.076797
v -461.379486 105.829918 -40.007938
v -460.622864 97.192566 -37.021694
v -460.640350 98.763184 -37.865620
v -461.889465 107.540245 -38.958229
v -463.484467 52.123516 -21.469875
v -463.060181 49.063080 -19.122175
v -462.833679 50.637497 -21.509993
v -517.838257 141.795364 32.895123
v -515.752075 141.188812 34.173199
v -516.725037 136.140030 35.949501
v -462.639557 88.542244 -39.894009
v -462.960938 88.422134 -39.915283
v -514.653564 137.917084 35.831726
v -464.562073 95.319717 -40.851673
v -552.049622 140.040070 98.450371
v -551.205872 140.561569 98.248795
v -514.648315 129.486771 41.460545
v -463.582214 54.736141 -6.441783
v -464.775482 55.037029 -4.830204
v -467.069153 84.341705 -17.390469
v -517.092468 133.909454 33.650703
v -516.863708 134.481628 34.538807
v -515.291870 133.409134 31.642227
v -515.960815 133.398010 32.434196
v -515.236755 140.725204 43.331047
v -515.095886 140.382080 37.420700
v -514.858154 142.235077 35.657368
v -515.024475 140.418213 36.194843
v -514.852295 141.613586 35.136742
v -514.292603 142.797195 33.216496
v -514.625488 142.208466 34.067513
v -514.690491 138.394699 36.635361
v -514.697144 138.492538 37.195457
v -515.192627 137.388565 39.080956
v -468.216583 61.641735 -18.389820
v -468.601135 60.498363 -17.643967
v -469.689514 60.998497 -18.976496
v -515.101868 139.981522 36.200470
v -514.901489 138.622772 36.175922
v -470.072235 54.681652 -9.125597
v -468.072144 53.047665 -13.050837
v -515.874207 138.768066 35.752125
v -515.208618 138.356445 35.904163
v -514.860535 136.699982 34.935123
v -512.664001 116.371719 43.521740
v -468.730988 54.215157 -11.926972
v -468.808685 54.632320 -8.546850
v -469.832489 54.167095 -2.642143
v -514.803833 114.883102 48.316441
v -470.173187 65.264778 -17.931208
v -470.047516 65.975174 -17.131477
v -471.085754 67.481644 -14.874039
v -511.239624 113.119614 52.812065
v -511.429108 112.866264 53.398560
v -511.812805 115.204521 50.574074
v -512.586426 110.396133 55.548801
v -510.811951 112.556870 50.579281
v -511.095795 112.890976 51.037449
v -511.236603 113.693840 50.449070
v -511.839355 102.947258 59.525116
v -511.562317 98.862534 63.405125
v -511.792084 101.489853 62.145874
v -511.026489 99.771515 59.922009
v -475.456543 84.308266 -14.816568
v -509.864075 93.632828 62.109436
v -511.650787 84.418602 62.056366
v -508.569275 82.655876 54.094856
v -510.504456 83.251251 58.373268
v -509.196075 94.746429 47.706734
v -477.628326 88.585068 -0.176137
v -509.290863 94.922653 46.436436
v -475.553345 82.690544 -0.595977
v -478.357330 83.596245 1.365040
v -504.805939 132.618042 27.269848
v -504.829498 131.824005 27.251715
v -479.163574 102.363602 -4.364552
v -503.376831 107.919327 37.922302
v -502.457550 98.186638 45.379841
v -505.691010 107.731171 43.703274
v -559.700989 174.904724 107.675247
v -502.931427 150.018280 14.976352
v -484.314941 69.636734 24.645559
v -484.593597 68.404915 24.903147
v -486.120178 69.629425 26.729185
v -502.552094 150.592209 12.869273
v -501.610413 149.049362 8.943708
v -500.946411 89.404526 48.552902
v -498.240845 73.180931 40.340244
v -485.642029 118.481331 -2.220627
v -486.707184 65.230911 19.394760
v -485.452087 65.424355 20.327330
v -485.991486 65.611450 20.834076
v -497.085968 72.605057 34.997665
v -486.561401 68.763947 27.305450
v -498.529419 73.221634 40.019630
v -486.481018 87.410667 4.756129
v -499.871674 148.615540 10.121804
v -499.761902 148.355118 10.561433
v -498.736298 148.106400 7.801012
v -498.102844 147.324921 8.083576
v -498.095734 148.102875 6.948074
v -489.428680 85.033195 12.177897
v -496.498169 147.086044 4.729508
v -496.888611 147.514725 5.177397
v -498.357727 148.852890 6.189352
v -497.790161 147.500107 4.335849
v -499.501068 148.168686 4.142258
v -498.411224 147.767136 3.690909
v -495.826019 146.470840 -2.448560
v -496.352509 99.053642 29.482487
v -490.494568 116.589668 9.990875
v -490.966309 111.941505 13.576015
v -491.084717 117.539154 8.138474
v -496.425964 99.475586 31.152016
v -496.685394 99.352188 31.796730
v -457.547272 50.158222 -28.158869
v -457.541779 49.955620 -27.615009
v -491.533997 94.381943 22.254711
v -491.444611 93.026428 24.834003
v -491.614410 94.732323 23.987659
v -458.213226 50.603497 -29.184050
v -493.418091 75.500160 39.869915
v -495.360474 75.913612 42.047909
v -493.662598 79.373459 39.081257
v -493.589600 76.312057 40.344357
v -493.055511 72.671875 37.038525
v -493.773163 80.849281 36.424156
v -493.680481 80.937447 35.951481
v -495.447296 72.427147 38.382122
v -493.714539 82.300117 35.035336
v -493.763855 71.176964 33.184875
v -493.870148 82.040215 37.484844
v -493.566437 77.203239 40.142441
v -491.695038 99.375244 9.110214
v -499.542084 74.172920 40.777206
v -498.096649 75.163734 43.608994
v -488.883911 129.974380 -21.761765
v -491.379028 127.321335 -25.225977
v -488.563995 131.113266 -23.245855
v -501.348145 121.187363 18.042053
v -489.955688 82.999550 27.782999
v -489.653320 78.750122 30.464634
v -489.330292 77.985863 30.127708
v -489.120392 75.756142 31.435469
v -499.314484 116.473618 27.891275
v -501.238770 119.580368 29.987160
v -488.343781 131.411758 -24.305414
v -488.459259 130.736908 -22.328421
v -487.595581 130.790359 -21.731220
v -487.672974 131.594788 -25.446941
v -486.636322 131.601959 -26.237528
v -499.989929 105.193359 23.040569
v -501.583069 109.208611 24.553501
v -490.229279 127.516464 -22.071194
v -500.554047 110.745255 21.551224
v -505.123474 149.922394 13.001618
v -506.385498 150.776886 15.733229
v -484.833954 129.120651 -17.533928
v -484.414459 131.624939 -19.642759
v -485.162354 130.492996 -20.592876
v -485.053986 131.521683 -22.472250
v -506.826111 86.823158 60.539280
v -484.675476 131.415787 -21.727415
v -482.877411 130.541641 -25.869799
v -484.145874 128.064392 -28.555626
v -458.638062 51.355923 -29.763073
v -458.066406 52.469147 -30.103630
v -506.958679 103.717644 38.629406
v -484.140930 126.892113 -18.740210
v -484.520752 128.648193 -18.711670
v -484.611359 129.912155 -19.564737
v -484.632233 128.632843 -19.040565
v -483.642151 125.534576 -19.884838
v -483.205444 125.064819 -20.439304
v -484.947937 125.923485 -15.814786
v -483.700165 124.695930 -21.296488
v -507.919525 104.862457 51.977264
v -508.676086 108.729500 50.670959
v -457.732941 51.514393 -29.658268
v -509.754272 106.649345 52.584938
v -508.922241 111.810234 48.979332
v -508.879700 111.208557 49.497723
v -483.441406 124.162590 -22.458992
v -510.216278 111.802582 50.343929
v -484.731934 123.247139 -23.186279
v -485.433044 122.979637 -23.483587
v -483.136627 127.472771 -28.014938
v -508.651672 111.182159 49.011551
v -483.930115 126.846794 -28.490925
v -485.676605 126.162148 -28.870451
v -483.346375 125.191666 -27.436764
v -484.296936 125.278564 -28.071136
v -486.031433 125.163162 -28.497791
v -484.087036 123.330673 -25.000854
v -485.878906 123.277946 -26.334717
v -484.305328 123.489166 -26.050261
v -483.540375 67.632080 22.424301
v -484.706207 66.178093 22.530239
v -484.650055 65.207573 21.143129
v -458.685913 53.570858 -30.874041
v -483.719452 82.895203 13.147943
v -512.386902 134.496674 34.559147
v -481.027222 142.492767 -21.268650
v -481.563843 140.958282 -25.989246
v -482.911163 140.642319 -25.085535
v -510.648834 128.153061 44.012596
v -509.110321 130.818939 39.580399
v -512.041626 90.832222 68.366074
v -457.684052 54.556923 -31.511845
v -511.959381 135.484406 30.970491
v -513.107544 134.794769 32.070263
v -512.658936 135.202805 30.839533
v -514.971680 133.896271 29.495897
v -513.581848 113.333908 57.320503
v -513.612488 114.229118 56.480213
v -512.780334 92.570061 70.026871
v -480.736359 62.203911 14.159009
v -516.260254 102.714935 58.064793
v -478.927948 59.708408 10.380484
v -478.104523 139.805222 -22.947107
v -478.869781 140.023834 -23.780029
v -480.442932 140.103699 -18.092678
v -479.330536 140.609802 -24.170633
v -514.341797 135.382172 27.929775
v -515.290955 135.064926 27.726507
v -515.474731 134.241684 28.588634
v -514.386963 134.622452 28.742781
v -481.396332 142.703217 -19.090408
v -514.533264 133.727829 30.882929
v -478.418121 140.410156 -27.639349
v -478.086090 139.689011 -24.607504
v -477.859070 140.847458 -26.509720
v -513.975403 136.900879 27.609159
v -513.749390 135.682693 28.244001
v -477.229065 139.868301 -27.706903
v -517.552063 156.284912 37.801262
v -517.814087 156.968155 39.436947
v -517.277588 156.597244 38.960835
v -516.646179 155.162140 40.222519
v -517.968384 156.824631 42.100143
v -475.188873 139.663864 -30.256067
v -477.055878 139.791321 -28.250095
v -521.547668 135.730316 31.355465
v -522.931213 125.105080 70.094856
v -523.432129 160.307724 49.202248
v -524.839478 107.407173 83.039795
v -527.767578 161.311371 57.957863
v -527.717896 162.321762 56.180000
v -469.521240 58.060192 0.665653
v -533.423950 111.132202 99.398773
v -469.286438 111.547134 -29.247606
v -470.628998 137.067215 -44.843922
v -464.987213 133.875168 -47.205639
v -465.830322 131.366241 -48.839581
v -468.671631 134.433090 -48.969025
v -468.548950 133.692200 -49.102028
v -467.531891 127.279099 -38.002617
v -466.207642 130.670212 -39.548744
v -464.873047 132.397720 -42.992893
v -467.735870 136.023422 -41.553356
v -546.735107 166.692245 84.028160
v -540.447021 166.300659 76.705574
v -464.689026 112.830170 -45.048882
v -464.623871 109.431381 -44.711319
v -464.634094 107.471176 -44.018551
v -465.685364 109.572853 -44.748234
v -545.843994 131.196854 112.150681
v -546.907471 171.564209 87.232552
v -547.885742 171.995148 89.451248
v -457.260468 50.622128 -28.657724
v -458.685516 49.343224 -27.033028
v -553.866150 139.215332 92.920433
v -553.358032 139.915314 93.451981
v -554.054688 139.643570 94.329277
v -551.991150 137.862411 99.740265
v -556.735596 174.899124 100.290054
v -557.689758 175.630493 102.115845
v -558.734131 161.528854 111.102432
v -555.452820 175.513596 106.241592
v -553.735840 142.309662 112.879234
v -552.364685 139.059540 113.188950
v -463.257751 118.469505 -42.303989
v -461.006012 48.289562 -18.467884
v -463.979401 69.290199 -13.798584
v -550.271118 135.545837 100.018341
v -550.890381 136.920624 100.209053
v -546.971069 168.335083 83.346100
v -545.287964 137.759430 112.107880
v -469.938416 136.103592 -35.410843
v -471.418823 137.344025 -43.541698
v -473.963593 79.827553 -15.319058
v -471.818573 66.359070 -14.007495
v -470.904755 66.544136 -15.719280
v -472.458588 65.923470 -14.781039
v -472.796906 65.812157 -15.000161
v -472.682617 64.693169 -12.982497
v -474.905792 88.179588 -17.876171
v -474.665314 96.644234 -22.416670
v -477.869202 68.424004 -1.379524
v -480.578522 128.278732 -26.120363
v -483.459290 111.950996 -3.665284
v -480.143372 84.426331 4.155645
v -466.262299 136.048218 -45.942253
v -483.430573 85.366257 10.098891
v -482.660217 141.370575 -24.229113
v -484.322968 143.530334 -14.861903
v -486.083405 64.912231 17.483740
v -484.671906 65.276520 20.015022
v -483.955505 65.163589 20.880728
v -484.993195 141.848999 -11.212412
v -484.965057 112.696861 1.379319
v -485.918182 142.607880 -10.711052
v -486.431274 143.405563 -12.009549
v -487.223145 143.795944 -11.630745
v -527.438049 134.485672 63.675537
v -526.007446 114.702103 84.110947
v -525.614502 125.408211 75.731293
v -466.709595 127.503166 -48.730942
v -523.102417 156.591934 51.485588
v -523.573914 142.369949 60.639301
v -520.103394 139.650848 55.362835
v -521.200989 140.760040 54.554432
v -524.175354 143.273102 59.135254
v -524.091797 142.103302 62.229458
v -519.397949 109.025772 72.084679
v -521.007019 106.945526 76.254562
v -520.639648 104.833015 76.300781
v -519.472778 95.230530 78.665413
v -519.398010 140.717804 28.683380
v -516.850037 156.633987 40.163666
v -516.449707 155.708405 39.235630
v -514.012085 139.781647 41.527916
v -501.958801 96.086998 43.778683
v -501.498352 92.542480 45.652744
v -515.759644 141.948456 32.465927
v -501.017914 92.105606 44.831905
v -516.316162 139.623047 35.386734
v -515.607239 141.752670 33.107880
v -502.064972 96.456718 45.479229
v -502.911377 101.271667 42.094597
v -514.737793 116.380402 55.730251
v -516.051758 116.442131 57.743534
v -513.915466 114.791954 56.666805
v -515.792358 114.292709 58.977581
v -515.279358 117.317291 55.633633
v -514.101868 114.600815 57.119560
v -502.187927 142.413025 8.848768
v -503.094330 133.876526 15.330893
v -514.092834 143.450424 33.417984
v -515.395081 139.652557 35.813770
v -515.697998 139.731415 35.495579
v -515.547119 137.891678 35.622467
v -513.379089 135.695526 35.172028
v -515.520020 137.386734 35.362782
v -513.042908 152.737518 27.342485
v -512.910767 139.966003 29.094330
v -511.656433 137.448700 29.425085
v -511.745728 136.249695 30.155937
v -467.661835 133.289673 -49.416439
v -466.875916 132.665115 -49.319763
v -507.253052 152.332367 21.484970
v -507.500366 151.773453 19.807884
v -507.154083 151.304657 18.382385
v -507.767365 151.143112 25.128180
v -509.286987 152.072418 22.001577
v -509.737732 152.224869 23.122120
v -508.137421 152.345032 21.491350
v -508.876434 152.382385 23.035225
v -507.959198 152.585297 25.118477
v -510.410950 83.289154 59.880222
v -509.463715 94.988327 45.529289
v -506.994171 87.800003 46.945080
v -508.473480 82.823013 53.498386
v -509.511261 150.554306 20.080269
v -506.097260 94.469193 41.607452
v -505.936676 95.322830 41.249416
v -507.448029 94.402367 42.373779
v -505.151703 92.828819 40.816307
v -506.712738 92.233002 41.324539
v -509.984985 153.271042 24.777824
v -508.998993 152.601837 26.417980
v -513.702026 154.895187 31.885281
v -506.096161 108.886818 43.540882
v -506.294830 109.009224 45.910397
v -504.861237 90.467377 54.409164
v -467.744629 134.409164 -49.081055
v -467.160095 136.572525 -45.847305
v -500.488007 147.147690 3.508383
v -517.217163 155.489471 35.138210
v -519.003662 93.754997 68.420807
v -518.657959 91.671913 74.537300
v -499.862640 135.030823 18.727467
v -517.403442 92.682480 74.858727
v -518.952393 93.918060 77.131645
v -517.128845 94.326805 75.826805
v -519.855469 98.528595 80.633644
v -519.512085 98.258362 78.569649
v -519.167053 98.680794 77.781891
v -519.361206 109.441673 70.196571
v -513.675781 135.507874 34.388191
v -497.564484 147.402298 3.986129
v -497.446838 147.412689 6.900534
v -523.196533 158.424255 50.841331
v -547.570618 169.547165 83.974594
v -547.189575 169.497406 83.031181
v -496.179596 147.630234 3.262063
v -495.634277 147.967056 2.199209
v -495.194336 146.593582 -0.490728
v -495.827606 146.906769 -0.353637
v -494.603424 146.557983 -2.540750
v -496.131531 146.150665 -2.733675
v -494.703949 146.060074 -4.766528
v -546.705200 168.802872 82.174118
v -523.019348 159.774597 49.913345
v -494.909119 147.468399 1.013505
v -496.753479 146.896317 -0.623932
v -495.100647 146.586853 -1.495455
v -493.747101 146.028809 -5.099208
v -513.671509 135.177902 33.829281
v -533.231934 164.967789 65.936150
v -534.572083 165.752228 68.268410
v -537.808289 138.135071 82.101921
v -491.544006 140.346741 0.518797
v -490.298615 145.876755 -9.617589
v -487.075653 90.764259 16.954142
v -543.860229 137.972000 108.494682
v -485.706085 81.145599 20.473921
v -488.333618 123.754501 -27.127928
v -486.047852 123.350800 -22.376749
v -484.439880 108.572601 2.537096
v -484.147064 125.328537 -20.433136
v -484.522552 124.949028 -20.799942
v -553.987854 135.846512 97.895447
v -553.122620 136.833374 98.930504
v -555.130493 138.232605 95.442314
v -554.842896 138.038254 96.557541
v -552.501831 135.458282 98.975891
v -555.411377 137.249405 95.680252
v -555.230774 136.547729 96.411751
v -553.998352 138.204147 97.808617
v -553.072510 137.850876 98.914207
v -458.427979 80.575050 -32.023438
v -459.596130 50.517170 -28.093891
v -459.725311 49.474518 -26.784319
v -457.617523 49.817970 -26.672365
v -511.809906 134.521942 33.241745
v -512.853516 135.002777 34.403275
v -461.293030 78.361870 -37.033710
v -459.325623 69.922585 -34.057190
v -513.060242 135.162598 35.424019
v -459.870789 81.783966 -34.798145
v -466.026947 57.630531 -2.126323
v -469.007172 108.872681 -26.846203
v -472.527435 137.075836 -34.164948
v -472.625977 64.000313 -12.547116
v -475.657410 84.961105 -1.449310
v -468.108307 58.466278 -16.015350
v -469.886414 58.760120 -12.687579
v -470.389984 53.868580 -5.525630
v -470.056183 54.353722 -8.217511
v -468.541595 54.283379 -10.312249
v -512.533936 135.092056 31.915646
v -465.822449 53.002052 -8.990891
v -469.485291 65.411324 -17.906498
v -476.486328 88.936859 -2.202681
v -465.156250 134.074707 -42.758781
v -464.748749 133.700516 -43.428246
v -464.617432 133.736725 -44.546310
v -464.967712 132.989044 -42.542324
v -464.584717 133.116531 -43.852097
v -465.007019 134.625488 -46.807343
v -464.982056 134.457993 -45.881081
v -465.047668 133.027878 -46.459980
v -465.292175 132.655899 -48.041801
v -464.986511 131.508575 -44.384228
v -464.838257 131.526352 -45.547276
v -465.070099 131.021011 -44.310780
v -464.870789 132.158203 -45.105953
v -465.131989 132.384354 -47.816170
v -465.169556 130.274734 -47.826027
v -465.095001 93.688469 -26.449825
v -461.921112 114.312073 -41.999508
v -461.981079 113.148346 -40.878220
v -462.399139 117.141052 -41.701389
v -462.285614 116.181679 -41.205097
v -482.404419 130.019836 -25.972860
v -481.687042 128.652084 -26.303249
v -481.949432 130.248505 -25.797623
v -481.112640 128.678482 -26.122707
v -480.990448 129.817688 -26.021196
v -480.859528 131.062668 -25.893049
v -470.214722 59.267879 -19.103424
v -482.138977 125.593361 -25.463095
v -560.168030 172.730362 108.162224
v -559.982117 170.570251 108.944412
v -483.556976 111.561737 -0.894394
v -560.310669 174.712906 107.060303
v -485.891266 128.033707 -19.920092
v -486.988281 125.923401 -20.270151
v -554.880066 134.525024 94.982536
v -487.732788 81.427811 22.647757
v -551.380798 133.417038 111.043434
v -548.597107 170.489410 86.035774
v -548.985413 169.603973 86.598709
v -546.610718 171.369888 86.129585
v -490.724670 125.113541 -24.528141
v -491.257965 128.178802 -25.365366
v -490.480194 128.660934 -27.028587
v -491.291046 127.937271 -24.295607
v -493.240112 118.776962 2.858901
v -544.891052 120.140968 108.581757
v -544.865845 121.976051 104.928757
v -493.617432 145.331070 -6.952710
v -492.982788 146.074661 -4.880844
v -492.751801 145.476059 -0.804215
v -492.416931 145.690857 -3.978598
v -493.507080 145.528183 -1.654720
v -495.573120 101.411888 15.939446
v -511.616333 140.416534 29.180674
v -499.423615 148.346069 8.190033
v -536.206482 153.446045 71.095558
v -502.327881 97.632271 43.957233
v -502.743530 106.479866 38.307186
v -502.807312 105.577850 39.327538
v -504.929138 87.753929 43.079697
v -511.677795 138.626266 29.110863
v -507.527100 93.633018 41.750748
v -533.509644 113.141243 87.145729
v -511.926086 140.039825 29.174385
v -512.554993 137.968323 28.875397
v -512.629517 137.153519 28.956778
v -510.839203 138.119934 28.992781
v -512.441772 138.876938 28.955454
v -512.611450 104.715775 61.141834
v -526.411072 144.095657 62.979576
v -526.280396 142.685577 65.504250
v -525.048767 143.919205 60.291012
v -515.879883 140.340240 27.480005
v -515.863464 113.645042 59.931023
v -516.580688 114.816650 60.189571
v -524.457153 160.284882 50.016514
v -512.986816 142.274780 30.820951
v -512.163208 142.352859 29.912626
v -513.536255 143.439590 32.191200
v -512.513489 141.553864 30.100409
v -527.513855 143.827072 65.183090
v -513.729858 134.787735 29.335989
v -507.721741 152.392044 21.460796
v -509.447327 95.063606 44.592628
v -508.345215 95.482018 44.671017
v -508.731140 95.535774 45.442379
v -505.725250 88.480614 43.152504
v -506.543823 87.572350 45.954185
v -505.791901 93.020515 41.451920
v -547.732666 141.656982 96.266380
v -547.845581 141.534546 95.878830
v -496.712799 100.276711 31.087303
v -552.455811 137.114288 110.910454
v -494.645050 76.164932 41.332554
v -495.003082 77.425774 41.510860
v -556.801208 176.691696 105.975960
v -494.064514 146.486557 0.550473
v -493.077515 74.631989 38.480343
v -493.587860 74.127182 38.724525
v -494.968536 71.251785 32.470318
v -468.774628 103.008354 -24.112455
v -471.570435 97.143562 -15.956549
v -487.552887 127.951752 -29.114212
v -470.244537 110.045059 -26.899832
v -486.667328 76.173271 23.737350
v -487.091705 69.989075 28.934998
v -487.275299 69.344032 28.650715
v -469.517944 58.806541 -14.224586
v -469.113800 58.486485 -14.268871
v -480.246948 130.091553 -26.531292
v -477.436432 140.075577 -31.888460
v -479.353363 141.172836 -22.588253
v -478.761627 140.406128 -22.215281
v -477.655426 139.557022 -23.195013
v -487.481842 131.313904 -22.480749
v -483.432983 131.771515 -24.311838
v -473.408295 68.083427 -10.334023
v -489.811829 84.626602 25.067532
v -466.336670 123.827278 -48.148800
v -465.327057 119.486107 -47.097141
v -499.945007 95.538330 39.869610
v -548.752380 137.927902 113.189629
v -515.106018 155.297745 32.361942
v -517.205994 157.088974 40.648270
v -517.278381 135.785172 35.698921
v -524.408813 160.071793 50.873363
v -520.227356 135.730270 27.836838
v -519.742676 133.766525 30.307659
v -545.617493 135.402039 94.889893
v -552.036194 136.796677 99.702454
v -553.287598 139.307922 97.928627
v -510.075134 135.165833 29.726179
v -458.665497 83.804138 -34.124367
v -459.242004 85.538498 -34.928810
v -460.035645 85.414650 -35.865131
v -459.381256 87.069389 -34.143444
v -507.017059 87.957718 44.766716
v -499.884308 79.613647 49.583492
v -502.584595 86.021248 52.488789
v -502.191376 82.341248 53.752895
v -468.711731 59.742210 -16.950350
v -499.880920 75.460213 43.042881
v -500.441315 75.676331 42.476963
v -486.414093 87.112762 16.321396
v -486.495300 88.950325 15.039171
v -486.901764 75.534927 25.885160
v -491.240234 144.476746 -10.930814
v -478.526276 139.790695 -31.506527
v -477.498291 139.460297 -33.750370
v -479.522766 141.302002 -24.847792
v -476.926422 139.353775 -24.640549
v -506.682587 151.655777 20.204420
v -468.710388 134.900085 -48.637333
v -513.047424 141.124603 29.853180
v -512.415100 140.571579 29.440397
v -518.802124 156.882339 39.275345
v -459.583313 49.436562 -22.833105
v -548.490173 139.351669 99.827019
v -510.618561 135.216904 30.468481
v -472.585266 61.253567 -12.526200
v -471.888702 61.226051 -12.161228
v -476.556061 57.651894 -18.667381
v -514.968872 92.289856 40.716324
v -466.855255 53.767937 -7.356214
v -540.652039 167.400131 75.055878
v -549.753174 134.269897 99.353081
v -545.833618 134.464142 98.117950
v -560.073181 175.675385 106.041458
v -467.419556 54.434509 -7.861372
v -525.639954 160.804962 50.977127
v -481.624115 127.388672 -26.246231
v -473.871521 138.427719 -39.596954
v -467.642120 54.957188 -9.238619
v -548.570068 138.647430 100.244797
v -548.485291 138.149887 99.996864
v -494.274353 146.307617 0.148487
v -484.223022 143.525940 -17.807806
v -464.860138 119.371422 -46.879913
v -515.442444 141.299637 34.386513
v -496.201508 146.954224 4.219870
v -509.720062 94.560692 46.173260
vn 0.9393 0.0090 0.3429
vn 0.7416 -0.3860 -0.5486
vn -0.8694 -0.2330 -0.4356
vn 0.5894 -0.7240 -0.3583
vn -0.2986 -0.5917 -0.7488
vn -0.2614 0.1662 0.9508
vn 0.5778 -0.7310 -0.3630
vn -0.8930 -0.1542 0.4228
vn 0.9790 0.2030 -0.0186
vn 0.9580 0.0361 -0.2845
vn -0.1599 -0.6666 0.7281
vn -0.4784 -0.6905 0.5425
vn 0.4395 0.8904 0.1185
vn 0.8551 0.2929 0.4278
vn 0.7728 -0.0282 -0.6340
vn 0.8833 0.2899 0.3684
vn 0.6069 -0.1368 -0.7829
vn -0.1639 -0.9476 -0.2743
vn 0.3941 -0.7306 0.5575
vn 0.5057 -0.7227 0.4712
vn 0.0797 -0.9513 -0.2979
vn -0.0356 0.1059 0.9937
vn -0.0471 -0.0642 0.9968
vn -0.0304 -0.0496 0.9983
vn 0.8789 0.2250 -0.4207
vn 0.8526 0.2910 0.4340
vn -0.0715 -0.1775 0.9815
vn -0.3081 -0.7944 -0.5235
vn 0.7411 0.0127 -0.6712
vn 0.8855 0.2946 0.3595
vn 0.8860 0.2876 0.3638
vn -0.2840 -0.7432 0.6058
vn -0.2776 -0.8292 0.4852
vn 0.4476 -0.3015 -0.8419
vn 0.2241 -0.0448 0.9735
vn 0.6874 0.7249 0.0445
vn -0.6344 -0.3571 -0.6855
vn -0.8617 -0.2532 -0.4397
vn 0.8130 0.1568 -0.5608
vn -0.0455 -0.1818 0.9823
vn -0.9042 -0.4220 -0.0654
vn 0.5894 -0.5979 0.5432
vn 0.7511 -0.2608 0.6065
vn 0.2708 -0.8590 0.4345
vn -0.8597 -0.2363 -0.4527
vn -0.8638 -0.2271 -0.4497
vn -0.6731 -0.2970 -0.6773
vn 0.8797 0.2838 0.3815
vn -0.8636 -0.2280 -0.4497
vn -0.8645 -0.2136 -0.4549
vn -0.8653 -0.2181 -0.4513
vn 0.8706 0.2515 0.4228
vn -0.8699 -0.2062 -0.4481
vn 0.5145 0.5128 0.6873
vn -0.8703 -0.1986 -0.4507
vn -0.8372 -0.2176 -0.5018
vn 0.7389 0.1024 0.6660
vn 0.8874 0.2534 0.3851
vn 0.7720 0.0641 0.6324
vn 0.4594 -0.2203 0.8605
vn -0.8693 -0.2049 -0.4498
vn -0.8619 -0.2101 -0.4615
vn -0.8687 -0.2031 -0.4518
vn -0.8580 -0.2032 -0.4718
vn -0.8705 -0.1841 -0.4564
vn -0.8612 -0.2125 -0.4617
vn 0.8093 0.4232 0.4073
vn 0.8900 0.2629 0.3725
vn 0.4597 0.2242 -0.8593
vn 0.7970 0.0625 0.6007
vn 0.0325 -0.9855 0.1666
vn 0.6342 -0.7613 0.1352
vn -0.8687 -0.1936 -0.4560
vn -0.8583 -0.2267 -0.4604
vn 0.4887 -0.6360 -0.5973
vn 0.4689 -0.8439 0.2609
vn -0.0031 -0.5502 0.8350
vn 0.3532 -0.4951 0.7938
vn -0.8813 -0.2342 -0.4104
vn -0.8662 -0.2618 -0.4256
vn -0.8817 -0.1988 -0.4279
vn -0.8782 -0.2143 -0.4275
vn 0.2204 -0.7927 -0.5684
vn 0.3252 -0.2958 -0.8982
vn -0.2490 -0.9119 -0.3262
vn 0.8322 0.3637 0.4185
vn 0.5402 0.7039 0.4613
vn -0.8035 -0.5738 -0.1583
vn -0.7559 -0.5914 -0.2809
vn 0.9244 -0.3561 0.1365
vn 0.7427 0.5155 0.4274
vn -0.1688 -0.9735 0.1543
vn -0.6999 -0.4099 0.5849
vn -0.7493 0.2104 -0.6279
vn 0.0541 -0.2055 0.9772
vn -0.3530 -0.2397 0.9044
vn -0.1878 0.9546 -0.2314
vn -0.9838 0.1789 0.0099
vn -0.3451 -0.6969 -0.6287
vn -0.1202 -0.3731 -0.9200
vn -0.0548 -0.9858 -0.1588
vn -0.0590 -0.9695 -0.2377
vn -0.2307 -0.9278 -0.2934
vn -0.1226 -0.9924 -0.0062
vn -0.0853 0.3014 -0.9497
vn -0.1037 0.8940 -0.4360
vn -0.4430 -0.3412 0.8291
vn -0.6158 -0.2573 0.7447
vn 0.9624 0.1361 -0.2351
vn 0.8964 0.3753 0.2360
vn -0.6199 0.4559 0.6387
vn -0.5100 0.3121 0.8016
vn -0.2973 0.5643 0.7702
vn -0.0934 -0.8489 -0.5202
vn 0.9503 -0.3030 0.0719
vn 0.9450 0.1065 0.3093
vn 0.9613 -0.2236 0.1611
vn -0.4152 0.6981 -0.5834
vn 0.8637 0.2659 0.4281
vn 0.8655 0.2562 0.4305
vn -0.4974 -0.5872 0.6386
vn 0.7794 0.1252 0.6139
vn 0.0046 -0.0085 1.0000
vn 0.8586 0.2631 0.4399
vn -0.6513 0.5300 0.5431
vn 0.7976 0.1634 0.5806
vn 0.4625 0.8162 0.3463
vn -0.7880 -0.6069 -0.1031
vn -0.8841 -0.4586 0.0896
vn -0.6008 -0.2871 0.7461
vn -0.7359 -0.6596 -0.1527
vn -0.8240 0.5608 0.0806
vn -0.5603 -0.6092 0.5612
vn -0.8453 -0.4231 0.3262
vn -0.7592 -0.3503 -0.5486
vn -0.6825 -0.6104 -0.4020
vn -0.7575 0.3703 -0.5377
vn 0.8661 0.2589 0.4275
vn -0.8596 -0.2553 -0.4427
vn -0.8576 -0.2552 -0.4466
vn -0.8550 -0.2710 -0.4421
vn -0.7237 -0.6446 -0.2464
vn -0.8334 -0.3584 -0.4208
vn -0.8596 -0.2176 -0.4624
vn 0.7779 0.0238 0.6279
vn 0.8012 0.0816 0.5929
vn -0.2204 -0.8879 0.4037
vn 0.8751 0.2821 0.3931
vn -0.6172 -0.7428 0.2595
vn -0.8553 -0.3478 -0.3841
vn -0.2880 -0.8718 0.3962
vn -0.8344 -0.4373 -0.3353
vn 0.7618 0.5137 0.3946
vn 0.4580 -0.6110 0.6457
vn 0.3325 0.5347 0.7769
vn 0.3977 0.7661 0.5049
vn -0.8716 -0.2147 -0.4408
vn 0.8424 0.2019 0.4997
vn -0.8824 -0.2107 -0.4208
vn -0.7584 -0.6513 -0.0260
vn 0.9047 0.3273 0.2728
vn -0.5220 -0.8527 0.0201
vn 0.6788 -0.5913 -0.4355
vn -0.5885 -0.8058 -0.0658
vn -0.8602 -0.2316 -0.4543
vn 0.9834 0.1754 0.0464
vn 0.8336 0.3083 0.4584
vn -0.5594 -0.8212 0.1125
vn 0.5518 -0.4732 0.6867
vn 0.9853 0.1708 -0.0090
vn 0.6547 -0.2858 0.6997
vn 0.6393 -0.4289 0.6382
vn -0.8586 -0.4030 -0.3169
vn -0.8711 -0.2135 -0.4423
vn -0.8672 -0.1987 -0.4566
vn -0.9007 -0.3765 -0.2168
vn -0.5990 -0.7936 -0.1071
vn 0.2936 -0.8961 0.3329
vn 0.8520 0.2761 0.4449
vn 0.6951 -0.3145 0.6465
vn 0.8189 -0.0346 0.5729
vn -0.8697 -0.2265 -0.4384
vn 0.8257 0.4956 0.2693
vn 0.8565 0.2568 0.4478
vn 0.8388 0.4321 0.3312
vn 0.7264 0.6768 0.1195
vn 0.5949 -0.2474 -0.7648
vn -0.8699 -0.2258 -0.4386
vn -0.8705 -0.2370 -0.4313
vn 0.8684 0.2348 0.4368
vn 0.8626 0.2265 0.4523
vn 0.8408 0.2219 0.4937
vn 0.5000 -0.4404 0.7457
vn -0.8535 -0.2270 -0.4690
vn 0.1093 0.9791 -0.1715
vn 0.9548 -0.0486 0.2934
vn 0.8919 -0.4077 0.1955
vn -0.7908 -0.5308 -0.3048
vn 0.9406 -0.2395 0.2405
vn -0.8884 -0.3177 -0.3315
vn 0.8629 0.2362 0.4467
vn -0.8652 -0.2425 -0.4389
vn -0.8058 -0.5706 -0.1583
vn -0.8475 -0.3125 -0.4290
vn -0.8361 -0.3355 -0.4340
vn 0.8891 0.0736 0.4517
vn 0.9060 0.1432 0.3984
vn -0.8541 -0.2342 -0.4644
vn -0.3980 -0.8803 0.2582
vn 0.8545 0.2297 0.4660
vn 0.0490 0.9926 0.1113
vn 0.7092 -0.2946 0.6405
vn 0.6700 0.5848 0.4573
vn 0.8833 0.3697 0.2883
vn 0.5314 0.7406 0.4112
vn 0.5465 0.8179 0.1798
vn -0.2727 -0.9405 0.2027
vn -0.2579 -0.9604 -0.1053
vn -0.5903 -0.8054 -0.0534
vn -0.3638 -0.9250 0.1092
vn 0.3140 -0.7569 0.5731
vn -0.7854 -0.5461 -0.2914
vn -0.8600 -0.3442 -0.3767
vn -0.8606 -0.2512 -0.4429
vn -0.4893 -0.8674 0.0906
vn -0.3948 -0.9147 0.0865
vn 0.5930 0.3733 0.7135
vn -0.8235 -0.4149 -0.3869
vn -0.8255 -0.4888 -0.2821
vn -0.8550 -0.2443 -0.4574
vn -0.7919 -0.5934 -0.1439
vn -0.8845 -0.2109 -0.4160
vn 0.8579 0.2738 0.4347
vn -0.8835 -0.2125 -0.4175
vn -0.5139 -0.8551 0.0682
vn -0.5654 -0.8205 0.0841
vn -0.8691 -0.2269 -0.4395
vn -0.8343 -0.4186 -0.3587
vn -0.8694 -0.2260 -0.4394
vn 0.8658 0.2358 0.4414
vn 0.7290 0.6779 0.0949
vn -0.8686 -0.2482 -0.4289
vn -0.8685 -0.2466 -0.4301
vn -0.8699 -0.2270 -0.4380
vn -0.8805 -0.2255 -0.4169
vn 0.9653 -0.0327 0.2589
vn 0.8666 0.2723 0.4181
vn 0.8532 0.2556 0.4546
vn 0.9468 -0.0284 0.3207
vn 0.8529 0.2531 0.4567
vn 0.6012 -0.4118 0.6848
vn 0.9329 0.2488 0.2604
vn -0.8729 -0.2210 -0.4349
vn 0.8486 0.0488 0.5269
vn -0.8783 -0.2351 -0.4164
vn -0.8820 -0.2529 -0.3975
vn -0.8811 -0.2245 -0.4163
vn -0.8785 -0.2307 -0.4183
vn -0.8723 -0.2405 -0.4259
vn 0.9832 0.1761 0.0479
vn 0.8601 0.2517 0.4438
vn 0.8661 0.2456 0.4353
vn 0.6346 -0.0641 0.7702
vn -0.8826 -0.2212 -0.4148
vn -0.8946 -0.2186 -0.3899
vn 0.6740 0.7374 0.0441
vn -0.8841 -0.2120 -0.4164
vn -0.8802 -0.2310 -0.4146
vn -0.8767 -0.2632 -0.4028
vn 0.6814 0.7230 0.1141
vn 0.8688 0.2896 0.4016
vn 0.6853 0.7116 0.1545
vn -0.8904 -0.2178 -0.3996
vn -0.8905 -0.2177 -0.3995
vn -0.8773 -0.2027 -0.4350
vn -0.8851 -0.1978 -0.4212
vn -0.8824 -0.2160 -0.4180
vn -0.8825 -0.2015 -0.4250
vn -0.8730 -0.1873 -0.4503
vn -0.5323 -0.8281 0.1760
vn -0.7491 -0.6613 -0.0386
vn 0.1523 -0.8392 0.5221
vn -0.8808 -0.2064 -0.4262
vn -0.0026 -0.8663 0.4996
vn -0.8750 -0.2046 -0.4387
vn 0.7141 0.6944 0.0890
vn -0.8872 -0.2124 -0.4095
vn 0.8590 0.3842 0.3384
vn 0.8663 0.2374 0.4395
vn -0.7752 -0.4905 -0.3980
vn 0.6590 0.7478 0.0811
vn 0.8796 0.2172 0.4232
vn 0.8441 0.3734 0.3849
vn 0.6423 0.1718 0.7470
vn 0.8515 0.4126 0.3236
vn 0.8729 0.2356 0.4273
vn 0.8456 -0.0278 0.5331
vn 0.9559 0.2935 -0.0133
vn 0.5365 -0.6840 0.4943
vn 0.3940 -0.9187 0.0281
vn 0.1484 -0.2459 0.9579
vn 0.6265 0.3561 0.6933
vn 0.7165 -0.3791 -0.5855
vn -0.0046 -0.2010 -0.9796
vn 0.9656 0.2057 0.1589
vn 0.3219 -0.9468 -0.0028
vn 0.9900 0.1401 -0.0167
vn -0.2024 0.4315 0.8791
vn 0.5896 -0.1741 -0.7887
vn 0.6360 0.1333 -0.7601
vn 0.6859 -0.1316 -0.7157
vn 0.9477 0.1945 0.2530
vn -0.6057 -0.2451 0.7570
vn 0.9901 0.1319 -0.0470
vn 0.5345 0.4664 -0.7049
vn 0.6325 0.3480 0.6920
vn 0.3007 -0.9088 -0.2893
vn 0.6446 -0.7536 -0.1291
vn 0.7665 0.3348 0.5481
vn 0.3847 0.0150 -0.9229
vn -0.3554 -0.3990 0.8453
vn -0.8959 0.0844 0.4361
vn -0.0301 -0.1380 0.9900
vn 0.7683 0.2916 0.5698
vn 0.0705 0.9683 -0.2397
vn 0.0613 -0.4786 -0.8759
vn 0.2390 -0.3811 -0.8931
vn 0.9895 0.1399 -0.0352
vn 0.1673 -0.8064 -0.5672
vn 0.1970 -0.4087 0.8912
vn 0.9357 0.2318 0.2661
vn 0.9841 0.1662 0.0631
vn -0.3572 0.1289 -0.9251
vn 0.1977 -0.0626 -0.9783
vn 0.7252 0.3355 0.6013
vn -0.8301 -0.1587 0.5345
vn -0.8421 0.3465 0.4133
vn 0.8641 0.2243 0.4506
vn 0.0857 -0.9960 -0.0266
vn -0.2670 -0.9623 -0.0517
vn -0.1201 -0.8948 -0.4301
vn -0.0947 -0.8534 0.5126
vn -0.2681 -0.8361 0.4786
vn 0.0743 0.2760 -0.9583
vn -0.8712 -0.2020 -0.4475
vn 0.0481 0.7304 -0.6813
vn -0.5514 0.2062 0.8083
vn -0.0246 -0.0140 0.9996
vn -0.3874 0.4385 0.8109
vn -0.1734 0.7088 -0.6837
vn -0.4359 0.8997 -0.0238
vn -0.5621 -0.5347 -0.6310
vn 0.1100 -0.9552 -0.2748
vn 0.0610 -0.9672 0.2465
vn -0.2426 -0.8823 0.4033
vn 0.9382 0.2327 0.2562
vn -0.7179 0.1074 0.6878
vn 0.7438 0.3353 0.5783
vn -0.2192 0.8332 -0.5077
vn -0.3687 -0.1323 -0.9201
vn -0.6742 0.2721 -0.6866
vn -0.7106 0.4400 -0.5490
vn -0.4961 -0.4991 0.7105
vn -0.6961 0.5889 0.4106
vn 0.8607 0.2312 0.4536
vn -0.5220 0.8521 -0.0392
vn -0.5588 0.7487 0.3568
vn 0.8465 0.2347 0.4778
vn -0.5766 -0.6241 0.5273
vn -0.4345 -0.6465 0.6272
vn -0.3376 0.1044 -0.9355
vn -0.9222 -0.0384 -0.3849
vn -0.4906 -0.1043 0.8651
vn -0.8133 0.5805 0.0396
vn 0.8544 0.3555 0.3789
vn -0.8827 -0.0126 -0.4699
vn -0.6372 0.0636 -0.7681
vn -0.8277 -0.1569 -0.5388
vn -0.6362 0.7284 -0.2543
vn -0.5419 0.7791 -0.3151
vn -0.5717 0.8010 0.1778
vn -0.7832 -0.2160 0.5830
vn -0.7276 0.5979 0.3363
vn -0.8709 -0.2209 -0.4390
vn -0.8746 -0.2356 -0.4239
vn 0.9724 0.1996 0.1212
vn -0.8628 -0.2347 -0.4478
vn 0.8045 0.3173 0.5021
vn 0.9399 0.2631 0.2176
vn 0.7156 0.3523 0.6032
vn 0.9923 0.1166 0.0409
vn 0.8566 0.2611 0.4451
vn 0.8320 -0.2625 0.4887
vn -0.8635 -0.2516 -0.4371
vn -0.8640 -0.2540 -0.4348
vn 0.9063 0.2451 0.3443
vn -0.2560 0.1804 0.9497
vn -0.4446 -0.5969 0.6679
vn -0.8648 -0.2514 -0.4347
vn -0.8741 -0.2498 -0.4166
vn -0.7461 -0.6511 0.1392
vn 0.8575 0.0818 0.5079
vn -0.8627 -0.3413 -0.3731
vn -0.7615 -0.6338 -0.1358
vn -0.3182 -0.8957 0.3106
vn 0.8511 0.2710 0.4497
vn 0.8502 0.2399 0.4686
vn -0.8665 -0.2145 -0.4507
vn -0.8681 -0.2130 -0.4484
vn -0.8674 -0.2012 -0.4550
vn 0.8404 0.0007 0.5419
vn -0.8691 -0.1960 -0.4541
vn -0.8694 -0.2506 -0.4257
vn 0.8660 0.2210 0.4487
vn -0.0640 -0.8717 0.4858
vn 0.8140 0.5048 0.2874
vn 0.2807 -0.7227 0.6315
vn 0.8618 0.2101 0.4617
vn -0.1648 -0.9044 0.3935
vn -0.3128 -0.8943 0.3198
vn 0.6607 0.7473 0.0711
vn 0.5315 0.8462 0.0380
vn 0.7417 0.3097 0.5949
vn 0.6025 0.3465 0.7190
vn 0.7279 0.6795 -0.0914
vn -0.8640 -0.2274 -0.4491
vn 0.8906 0.2812 0.3576
vn 0.7825 0.3042 0.5433
vn 0.6678 -0.2374 0.7055
vn 0.8343 0.1937 0.5162
vn 0.8450 0.0973 0.5259
vn -0.8710 -0.1847 -0.4552
vn -0.8711 -0.1946 -0.4510
vn -0.8716 -0.2382 -0.4285
vn -0.8718 -0.2322 -0.4313
vn -0.8762 -0.2142 -0.4316
vn -0.6648 -0.7463 0.0327
vn -0.8052 -0.5596 -0.1962
vn -0.2919 -0.8993 0.3256
vn -0.8752 -0.2361 -0.4222
vn -0.8802 -0.2209 -0.4201
vn -0.8777 -0.2255 -0.4228
vn 0.1443 0.9315 -0.3338
vn 0.6109 0.7425 0.2749
vn 0.2882 0.8933 0.3449
vn -0.8780 -0.3189 -0.3570
vn 0.6652 0.6234 0.4110
vn -0.8754 -0.3732 -0.3073
vn 0.8003 0.5101 0.3151
vn 0.6470 0.7324 0.2119
vn -0.8752 -0.2362 -0.4221
vn 0.8368 0.2301 0.4967
vn 0.8469 0.2130 0.4872
vn -0.8709 -0.2365 -0.4309
vn -0.8392 -0.5067 -0.1976
vn 0.0629 -0.7489 0.6597
vn 0.9547 0.2091 0.2117
vn -0.8695 -0.2595 -0.4203
vn -0.5772 -0.7571 0.3062
vn 0.0214 -0.7796 0.6259
vn -0.4414 -0.8357 0.3267
vn -0.8595 -0.2262 -0.4584
vn 0.2875 0.8964 -0.3373
vn 0.1089 0.9889 -0.1009
vn 0.5584 0.7888 0.2569
vn 0.8749 0.1942 0.4437
vn -0.8281 -0.5568 -0.0653
vn 0.8568 0.2754 0.4359
vn -0.9293 -0.2066 -0.3062
vn -0.8542 -0.2920 -0.4301
vn -0.8325 0.2355 -0.5015
vn -0.5261 -0.7693 0.3625
vn -0.8670 -0.1207 -0.4834
vn -0.8640 -0.3920 -0.3160
vn -0.8685 -0.1356 -0.4768
vn 0.4855 -0.1229 0.8656
vn 0.7659 -0.0099 0.6429
vn 0.7135 0.6610 0.2322
vn 0.8588 0.2184 0.4635
vn -0.8609 -0.2434 -0.4467
vn 0.8541 0.2431 0.4598
vn -0.8598 -0.2438 -0.4486
vn 0.8604 0.2253 0.4572
vn -0.8659 -0.1956 -0.4604
vn 0.2155 -0.5405 0.8133
vn 0.4064 -0.4940 0.7686
vn -0.8683 -0.2415 -0.4333
vn -0.2773 -0.8143 0.5099
vn -0.8686 -0.4464 -0.2152
vn 0.6690 0.2041 0.7147
vn 0.4938 0.1219 0.8610
vn 0.8698 0.1669 0.4643
vn 0.4501 0.7245 0.5220
vn 0.1750 -0.6880 0.7043
vn 0.8549 0.2257 0.4671
vn 0.9348 0.1256 0.3323
vn 0.9367 -0.3126 0.1577
vn 0.6746 0.6331 0.3796
vn 0.8840 0.2732 0.3793
vn 0.8720 0.2891 0.3951
vn 0.8639 0.2242 0.4510
vn 0.8683 0.1879 0.4590
vn 0.8633 0.2066 0.4604
vn -0.8118 -0.2505 -0.5275
vn -0.2374 0.2998 -0.9240
vn 0.3252 -0.6868 0.6501
vn 0.4940 -0.8122 0.3102
vn -0.3133 -0.9421 0.1194
vn 0.0474 -0.9805 0.1905
vn -0.6258 -0.7730 -0.1042
vn -0.6127 0.5867 -0.5296
vn -0.8420 -0.1227 -0.5253
vn 0.1617 0.7994 -0.5787
vn 0.5876 0.4038 -0.7012
vn 0.6812 -0.1200 -0.7222
vn 0.7236 -0.5629 -0.3995
vn 0.7322 -0.3525 -0.5828
vn 0.5659 -0.8075 0.1666
vn -0.9174 0.1537 -0.3670
vn 0.6716 -0.5191 -0.5287
vn 0.2667 -0.2595 -0.9282
vn 0.5110 -0.7501 0.4199
vn 0.5442 -0.7605 -0.3542
vn 0.6515 0.1261 -0.7481
vn -0.8618 -0.2205 -0.4568
vn -0.4197 0.1124 -0.9007
vn 0.1484 0.9728 -0.1780
vn 0.8776 0.2955 0.3774
vn 0.8705 0.2773 0.4067
vn 0.2974 -0.3680 -0.8810
vn 0.2725 -0.5703 -0.7750
vn 0.2354 -0.9196 0.3146
vn 0.7680 -0.4239 -0.4802
vn 0.7364 -0.0024 -0.6765
vn 0.4588 0.6997 -0.5476
vn -0.2986 0.9191 0.2570
vn -0.0309 -0.1732 0.9844
vn 0.0880 -0.0735 0.9934
vn -0.0554 -0.0779 0.9954
vn 0.0858 -0.0557 0.9948
vn 0.2452 0.7240 -0.6448
vn 0.2022 -0.9341 -0.2943
vn -0.8937 0.1742 -0.4135
vn 0.5676 0.4335 -0.6999
vn 0.1794 0.7371 -0.6516
vn 0.1448 0.8468 -0.5118
vn 0.8809 0.1308 0.4548
vn 0.8785 0.2758 0.3901
vn 0.9505 -0.1478 0.2735
vn 0.3081 -0.7458 -0.5907
vn 0.1181 -0.7947 -0.5954
vn 0.4757 -0.5519 -0.6849
vn -0.3549 0.2850 -0.8904
vn -0.1102 0.1623 -0.9806
vn 0.9246 -0.3606 0.1225
vn -0.2266 0.8788 -0.4199
vn 0.1072 0.0658 -0.9921
vn 0.0103 -0.9771 -0.2123
vn -0.0805 -0.9152 -0.3948
vn -0.0159 0.2087 -0.9779
vn -0.8576 0.5095 0.0702
vn 0.2667 0.1350 0.9543
vn -0.0308 -0.3848 -0.9225
vn -0.1761 -0.2966 -0.9386
vn -0.1898 -0.9811 0.0379
vn 0.0415 -0.1211 -0.9918
vn -0.4040 0.7877 -0.4651
vn 0.8597 0.2527 0.4439
vn -0.5078 -0.2731 -0.8171
vn -0.8880 -0.0033 -0.4599
vn -0.1243 -0.9797 -0.1572
vn 0.8525 0.2567 0.4554
vn -0.1015 -0.0497 -0.9936
vn -0.5185 0.3355 -0.7865
vn -0.4587 -0.3676 -0.8090
vn -0.4778 -0.6520 -0.5888
vn -0.8667 -0.2309 -0.4421
vn -0.8667 -0.2380 -0.4383
vn -0.7384 -0.0755 0.6701
vn -0.8773 -0.2437 -0.4134
vn 0.5464 0.5811 0.6032
vn -0.0090 -0.0193 -0.9998
vn -0.4617 -0.3270 -0.8245
vn 0.3444 0.9305 -0.1250
vn -0.8634 -0.2104 -0.4586
vn -0.9034 -0.2405 -0.3551
vn -0.8640 -0.2226 -0.4515
vn -0.8650 -0.3326 -0.3756
vn -0.8880 -0.2320 -0.3970
vn -0.9842 -0.1755 0.0242
vn -0.8887 -0.2218 -0.4012
vn -0.9816 -0.1783 -0.0678
vn -0.7930 0.6062 0.0603
vn -0.9805 -0.1455 0.1318
vn -0.4496 0.7964 0.4045
vn 0.9652 -0.1868 -0.1828
vn 0.8656 -0.1248 -0.4849
vn 0.8497 0.2843 0.4439
vn 0.8670 0.1957 0.4582
vn 0.6610 -0.5433 -0.5176
vn 0.8464 -0.0226 -0.5320
vn 0.8608 0.2661 0.4338
vn 0.9441 0.1848 -0.2730
vn 0.6472 -0.1201 -0.7528
vn 0.8534 0.2934 0.4309
vn 0.8576 0.2881 0.4260
vn 0.7262 -0.0006 -0.6874
vn 0.7124 -0.1563 -0.6841
vn 0.7591 -0.1213 -0.6396
vn 0.6218 -0.0301 -0.7826
vn 0.9563 0.1849 -0.2266
vn 0.1537 -0.8284 0.5386
vn -0.1467 0.0266 -0.9888
vn -0.3982 -0.2937 -0.8690
vn 0.6780 0.2892 0.6758
vn 0.6870 -0.0200 -0.7264
vn 0.8210 -0.2056 -0.5327
vn 0.3569 -0.2215 -0.9075
vn 0.8615 0.1995 0.4668
vn 0.4016 -0.2404 -0.8837
vn 0.6735 -0.1596 -0.7218
vn 0.8401 -0.0797 -0.5366
vn 0.8512 0.2975 0.4323
vn -0.4029 -0.8886 0.2193
vn -0.4139 -0.8743 0.2535
vn 0.2364 -0.6971 0.6768
vn 0.1608 -0.8650 0.4753
vn 0.0080 -0.8958 0.4443
vn 0.1781 -0.8754 0.4494
vn 0.5553 -0.0372 0.8308
vn 0.8312 0.0265 0.5553
vn 0.1290 -0.9893 0.0684
vn -0.1668 -0.6254 -0.7623
vn 0.9348 0.2716 0.2287
vn 0.7429 -0.0423 -0.6681
vn -0.3139 0.8846 -0.3449
vn -0.9674 -0.2401 -0.0810
vn 0.4797 0.5412 0.6906
vn 0.8881 0.2812 0.3635
vn -0.0253 0.8801 0.4741
vn 0.8840 0.2934 0.3638
vn 0.8844 0.2889 0.3666
vn 0.5582 0.8294 0.0199
vn 0.7870 0.2695 0.5549
vn -0.8613 -0.2217 -0.4572
vn -0.8668 -0.2340 -0.4403
vn 0.8524 0.2725 0.4463
vn 0.8498 0.2826 0.4449
vn 0.5040 0.1643 0.8479
vn 0.5063 0.1625 0.8469
vn -0.5996 0.6167 -0.5101
vn -0.9152 -0.3476 -0.2039
vn 0.7850 0.2704 0.5573
vn 0.7140 0.5207 0.4680
vn -0.8540 -0.2846 -0.4356
vn -0.8364 -0.5297 -0.1409
vn -0.8487 -0.3616 -0.3859
vn -0.6507 -0.6965 -0.3025
vn 0.3278 -0.9361 -0.1277
vn -0.8621 -0.2461 -0.4430
vn 0.9257 -0.3496 0.1442
vn 0.9212 -0.0002 0.3892
vn 0.1459 -0.0864 0.9855
vn 0.2578 -0.2015 0.9450
vn 0.6334 0.0028 0.7738
vn 0.4347 0.8937 0.1116
vn 0.8597 0.1716 0.4811
vn -0.8563 -0.2620 -0.4451
vn -0.8617 -0.2033 -0.4649
vn -0.8301 0.1322 -0.5417
vn -0.8687 -0.2374 -0.4348
vn -0.0929 -0.5131 0.8533
vn -0.8655 -0.2097 -0.4549
vn -0.8723 -0.2030 -0.4448
vn -0.7089 -0.5169 0.4799
vn -0.8648 -0.5006 -0.0382
vn -0.8659 0.0115 -0.5001
vn -0.9068 -0.3345 -0.2564
vn -0.8947 -0.3910 -0.2160
vn 0.9373 -0.3063 0.1662
vn 0.8814 0.2896 0.3732
vn 0.8824 0.2916 0.3693
vn 0.8522 0.2007 0.4832
vn 0.8877 0.2780 0.3671
vn 0.9584 -0.2152 0.1874
vn 0.9352 0.1217 0.3326
vn 0.7633 0.6441 0.0506
vn 0.8365 0.3252 0.4411
vn 0.8790 0.2897 0.3788
vn 0.6574 0.6726 0.3398
vn 0.7007 0.5717 0.4268
vn 0.7826 0.4517 0.4283
vn 0.9001 0.2341 0.3675
vn 0.9559 -0.1847 0.2284
vn 0.8875 0.2726 0.3716
vn 0.8075 0.0972 0.5818
vn 0.7157 0.6600 0.2283
vn 0.8595 0.1905 0.4744
vn 0.6598 -0.0341 0.7507
vn 0.6707 -0.1285 0.7305
vn 0.8864 0.2104 0.4123
vn -0.6752 -0.5282 -0.5148
vn -0.8556 -0.2310 -0.4632
vn 0.8534 0.1751 0.4910
vn -0.6073 -0.6471 -0.4609
vn -0.8612 -0.2478 -0.4437
vn 0.8623 0.2729 0.4265
vn 0.8852 0.2675 0.3807
vn 0.7458 0.4942 0.4467
vn 0.5557 0.6932 0.4591
vn -0.8658 -0.2184 -0.4503
vn -0.8558 -0.2404 -0.4581
vn 0.8829 0.0418 0.4678
vn 0.4620 -0.5551 0.6917
vn 0.7167 -0.2826 0.6376
vn 0.8359 0.0371 0.5477
vn 0.8124 -0.0849 0.5769
vn 0.8127 -0.0743 0.5779
vn -0.8634 -0.2267 -0.4507
vn -0.8599 -0.2076 -0.4664
vn -0.8625 -0.2173 -0.4571
vn -0.8616 -0.2778 -0.4249
vn 0.8625 0.2347 0.4483
vn -0.8575 -0.2450 -0.4525
vn -0.8618 -0.2525 -0.4400
vn -0.8636 -0.2463 -0.4398
vn -0.8600 -0.2247 -0.4582
vn 0.8747 0.1866 0.4472
vn -0.3756 0.8248 -0.4227
vn 0.8588 0.2809 0.4284
vn -0.8641 -0.2378 -0.4436
vn -0.8690 -0.2185 -0.4440
vn -0.8672 -0.2251 -0.4442
vn -0.8648 -0.1993 -0.4608
vn -0.8741 -0.2403 -0.4222
vn 0.8686 0.2506 0.4275
vn -0.4626 0.7148 -0.5244
vn 0.9913 0.1318 0.0079
vn 0.8821 0.0517 0.4682
vn 0.8339 0.2301 0.5017
vn 0.1175 0.9761 -0.1829
vn -0.0514 0.9808 -0.1882
vn -0.8641 -0.2128 -0.4561
vn -0.8666 -0.1911 -0.4610
vn -0.8655 -0.1996 -0.4595
vn -0.8151 0.1214 -0.5665
vn -0.3207 -0.9332 0.1620
vn -0.8817 0.0362 -0.4705
vn -0.5949 -0.6731 0.4395
vn -0.6478 -0.4485 0.6158
vn -0.5727 -0.0183 0.8196
vn -0.8340 0.0724 -0.5471
vn -0.5188 -0.8295 0.2066
vn -0.8608 -0.2633 -0.4355
vn -0.8647 -0.2428 -0.4396
vn -0.8503 -0.2327 -0.4721
vn 0.0774 0.7826 -0.6177
vn -0.8763 -0.2250 -0.4260
vn -0.8746 -0.2222 -0.4309
vn 0.8629 0.2409 0.4442
vn -0.8744 -0.2129 -0.4361
vn 0.8720 0.2499 0.4210
vn -0.8662 -0.1985 -0.4586
vn -0.8654 -0.1956 -0.4612
vn -0.0226 -0.9512 0.3079
vn 0.8465 0.2953 0.4430
vn -0.2335 0.8941 -0.3821
vn -0.8595 -0.0292 -0.5104
vn 0.7879 -0.1142 0.6051
vn 0.9056 0.3535 0.2341
vn 0.8044 -0.0490 0.5921
vn 0.7262 -0.3006 0.6183
vn 0.9279 0.2364 0.2883
vn 0.8394 -0.0043 0.5435
vn -0.8654 -0.2343 -0.4430
vn 0.6978 -0.1465 0.7011
vn 0.8330 0.3288 0.4450
vn -0.8751 -0.2149 -0.4336
vn 0.8539 0.2741 0.4424
vn 0.9865 0.1636 -0.0074
vn 0.9308 0.2116 0.2980
vn 0.8746 0.2356 0.4237
vn 0.8712 0.2330 0.4321
vn 0.8582 0.2635 0.4406
vn 0.8783 0.2184 0.4252
vn -0.8756 -0.2480 -0.4145
vn 0.8304 0.4485 0.3305
vn 0.8093 0.4852 0.3311
vn 0.6879 0.7144 0.1280
vn 0.8660 0.2807 0.4138
vn 0.8221 0.5019 0.2689
vn -0.8720 -0.2361 -0.4288
vn 0.8579 0.3249 0.3980
vn 0.8450 0.3752 0.3811
vn -0.2204 -0.9698 0.1041
vn 0.9153 0.3738 0.1503
vn -0.4747 -0.8578 -0.1969
vn 0.2112 -0.8358 0.5068
vn 0.4576 -0.7112 0.5336
vn -0.8065 -0.5893 -0.0479
vn 0.9850 0.1721 0.0135
vn 0.9863 0.1646 0.0067
vn 0.8646 0.2492 0.4363
vn 0.8296 0.3148 0.4612
vn 0.8590 0.2793 0.4291
vn 0.8411 0.0705 0.5363
vn 0.8513 0.0946 0.5161
vn 0.6441 0.3618 0.6739
vn -0.8871 -0.2240 -0.4035
vn 0.8618 0.2635 0.4334
vn 0.8633 0.2664 0.4287
vn 0.8671 0.3757 0.3272
vn 0.8637 0.2608 0.4314
vn 0.8484 0.0606 0.5258
vn 0.6094 0.3516 0.7106
vn 0.7624 0.5845 0.2775
vn 0.8725 0.3595 0.3309
vn 0.9849 0.1732 -0.0042
vn -0.8815 -0.2351 -0.4094
vn 0.8824 0.3074 0.3562
vn 0.8918 0.2429 0.3816
vn 0.9835 0.1757 0.0421
vn 0.9748 0.1935 0.1113
vn 0.9039 0.2568 0.3421
vn 0.8439 0.1910 0.5014
vn 0.9847 0.1740 -0.0026
vn 0.9940 0.0536 -0.0957
vn 0.6161 0.5739 0.5395
vn 0.5978 0.3620 0.7153
vn 0.8378 0.3218 0.4410
vn 0.8031 -0.0057 0.5959
vn 0.8342 -0.2791 0.4756
vn 0.6713 0.2483 0.6984
vn 0.7396 -0.2796 0.6122
vn 0.1037 -0.8672 0.4871
vn 0.8158 0.5283 0.2353
vn 0.8619 0.0636 0.5030
vn -0.8787 -0.2340 -0.4161
vn -0.8766 -0.2345 -0.4203
vn -0.1704 0.9458 -0.2764
vn -0.8812 -0.2238 -0.4164
vn -0.8888 -0.1945 -0.4150
vn -0.8866 -0.2259 -0.4037
vn 0.9840 0.1765 -0.0250
vn -0.8616 -0.2556 -0.4385
vn 0.8526 0.3283 0.4065
vn -0.8817 -0.2125 -0.4212
vn -0.8828 -0.2191 -0.4154
vn 0.9907 0.1357 0.0102
vn 0.9285 0.2103 0.3062
vn 0.8687 0.2632 0.4196
vn 0.8679 0.2662 0.4194
vn -0.5235 -0.8319 -0.1842
vn -0.8858 -0.2065 -0.4156
vn 0.7918 -0.0531 0.6084
vn -0.7519 -0.6545 -0.0786
vn 0.7031 0.7046 0.0959
vn -0.8721 -0.2283 -0.4329
vn 0.7891 -0.1243 0.6016
vn 0.8647 0.4339 0.2531
vn -0.8615 -0.2475 -0.4433
vn 0.8726 0.2563 0.4157
vn 0.7058 0.3773 0.5995
vn 0.6815 0.4162 0.6020
vn 0.7576 0.5692 0.3195
vn 0.6009 0.3575 0.7149
vn 0.7692 0.4390 0.4643
vn 0.8665 0.3700 0.3352
vn 0.7593 0.4717 0.4483
vn -0.8789 -0.2117 -0.4275
vn -0.8750 -0.2367 -0.4223
vn 0.8532 0.2743 0.4437
vn 0.8542 0.2688 0.4451
vn 0.8553 0.2703 0.4420
vn 0.8356 -0.0446 0.5475
vn 0.1974 0.9617 -0.1899
vn -0.2881 0.7488 -0.5970
vn -0.7337 0.3899 -0.5565
vn -0.8790 -0.0763 -0.4706
vn 0.7243 0.1928 0.6620
vn -0.8640 -0.2419 -0.4416
vn 0.9232 0.2761 0.2674
vn 0.9024 0.2513 0.3500
vn -0.8749 -0.2115 -0.4357
vn -0.8610 -0.2438 -0.4463
vn -0.0932 -0.2188 -0.9713
vn -0.3764 0.9248 0.0559
vn -0.7719 0.5905 0.2355
vn 0.7221 0.5100 0.4674
vn 0.8703 0.2773 0.4071
vn -0.8630 -0.2082 -0.4602
vn -0.8672 -0.2109 -0.4512
vn -0.8603 -0.1323 -0.4924
vn -0.8128 -0.5428 0.2116
vn -0.7990 -0.0402 0.5999
vn -0.8834 -0.2146 -0.4165
vn 0.8493 0.0740 0.5227
vn -0.8671 -0.2471 -0.4326
vn 0.8625 0.1646 0.4786
vn -0.8731 -0.1971 -0.4460
vn -0.8668 -0.2384 -0.4380
vn -0.8752 -0.2374 -0.4214
vn 0.8116 0.4049 0.4211
vn 0.8616 0.2560 0.4382
vn 0.8836 0.3938 0.2534
vn 0.8287 0.3988 0.3926
vn 0.8706 0.1701 0.4617
vn 0.8106 -0.0011 0.5857
vn 0.8551 0.0776 0.5127
vn 0.8822 0.2630 0.3907
vn 0.8833 0.0641 0.4644
vn 0.9549 -0.1120 0.2749
vn 0.8726 0.2273 0.4323
vn 0.8836 0.2669 0.3847
vn 0.8824 0.2750 0.3818
vn 0.8795 0.2757 0.3879
vn 0.8823 0.2607 0.3919
vn 0.8720 0.1528 0.4651
vn 0.8726 0.3384 0.3522
vn 0.8374 0.5290 0.1378
vn 0.9824 0.0734 0.1717
vn 0.4015 -0.6585 0.6365
vn 0.5917 -0.5520 0.5875
vn 0.8694 0.2359 0.4342
vn 0.7119 -0.2972 0.6363
vn 0.7123 -0.2958 0.6365
vn -0.8718 -0.2223 -0.4366
vn -0.8707 -0.2401 -0.4293
vn 0.9512 -0.0347 0.3068
vn 0.8712 0.2869 0.3983
vn -0.8727 -0.2198 -0.4360
vn -0.8625 -0.2401 -0.4455
vn -0.8640 -0.2547 -0.4343
vn 0.8673 0.2304 0.4413
vn 0.8700 0.2882 0.4000
vn -0.1519 0.6674 0.7291
vn -0.0325 0.5271 -0.8492
vn -0.0950 0.8277 -0.5531
vn -0.5969 0.5413 -0.5922
vn 0.8566 0.2882 0.4281
vn 0.8501 0.2169 0.4798
vn 0.8607 0.2795 0.4255
vn 0.7005 0.5694 0.4302
vn 0.7816 0.6136 0.1123
vn 0.2853 0.8947 0.3436
vn 0.8570 0.2898 0.4261
vn 0.8327 0.4275 0.3519
vn 0.8338 0.2308 0.5015
vn -0.8535 -0.2322 -0.4666
vn 0.0171 0.9519 -0.3058
vn -0.8529 -0.2301 -0.4686
vn -0.8577 -0.2320 -0.4589
vn 0.3350 -0.3215 0.8857
vn 0.8695 0.2558 0.4225
vn -0.8666 -0.2396 -0.4378
vn 0.8679 0.2847 0.4071
vn 0.8736 0.3046 0.3794
vn 0.8716 0.2969 0.3901
vn 0.6354 0.5178 0.5729
vn -0.8621 -0.2200 -0.4565
vn -0.8674 -0.2309 -0.4408
vn 0.8552 0.1986 0.4787
vn 0.8786 0.2946 0.3759
vn 0.8723 0.2889 0.3945
vn 0.5024 -0.5572 0.6611
vn -0.8547 -0.2853 -0.4337
vn 0.6260 -0.7751 -0.0856
vn 0.1901 -0.9151 0.3557
vn 0.4692 -0.4630 0.7520
vn 0.4521 -0.4492 0.7706
vn -0.8606 -0.1991 -0.4689
vn 0.8719 0.3054 0.3828
vn 0.9902 0.1378 0.0234
vn 0.9346 0.2224 0.2775
vn 0.8646 0.3158 0.3908
vn 0.7418 0.2781 0.6103
vn -0.8638 -0.2263 -0.4502
vn -0.0922 -0.0657 0.9936
vn -0.8626 -0.2618 -0.4328
vn -0.8655 -0.2397 -0.4397
vn -0.1725 0.8784 -0.4456
vn -0.9507 -0.2178 -0.2207
vn -0.8275 -0.4681 0.3099
vn -0.8916 -0.2536 -0.3752
vn -0.9706 -0.1869 0.1518
vn -0.8442 -0.1149 0.5235
vn -0.1996 0.2705 0.9418
vn -0.7148 0.2508 0.6528
vn 0.9562 0.2071 -0.2068
vn 0.7519 -0.2591 0.6063
vn 0.7434 -0.1093 -0.6599
vn 0.9464 0.0145 -0.3225
vn 0.9349 0.3517 -0.0468
vn 0.8919 -0.0081 -0.4521
vn 0.6522 -0.1228 -0.7480
vn -0.0107 0.9053 -0.4247
vn 0.8398 -0.1268 -0.5280
vn -0.7918 0.3215 -0.5193
vn 0.8587 0.2852 0.4257
vn 0.8576 0.2724 0.4362
vn -0.6629 0.6575 -0.3580
vn -0.8698 -0.2257 -0.4388
vn 0.8776 0.1561 0.4533
vn -0.4243 -0.1664 -0.8901
vn -0.7216 -0.2933 -0.6271
vn -0.2418 -0.3403 -0.9087
vn -0.4897 0.8389 -0.2377
vn 0.2489 0.0158 -0.9684
vn 0.1425 -0.2833 -0.9484
vn 0.8713 0.4850 -0.0748
vn 0.0197 0.9406 -0.3389
vn -0.8624 -0.2340 -0.4488
vn -0.7485 0.3348 -0.5724
vn -0.0037 0.9953 -0.0967
vn -0.4523 0.8317 -0.3221
vn 0.6287 0.7559 0.1825
vn 0.8641 0.2015 0.4613
vn 0.8669 0.1777 0.4657
vn 0.8605 0.1783 0.4772
vn -0.7631 -0.2279 -0.6047
vn -0.4576 -0.1240 -0.8804
vn 0.1834 -0.1651 -0.9691
vn -0.8574 -0.2384 -0.4561
vn -0.0738 -0.2004 -0.9769
vn 0.4852 -0.4798 -0.7310
vn 0.3608 -0.2134 -0.9079
vn -0.8572 -0.1605 -0.4892
vn -0.8788 -0.2573 -0.4019
vn -0.9321 -0.1990 -0.3025
vn -0.8907 -0.2313 -0.3914
vn 0.8187 0.2593 0.5123
vn -0.6208 -0.6562 -0.4290
vn 0.2129 -0.4906 0.8450
vn 0.2461 -0.6674 0.7028
vn 0.6771 0.4938 0.5456
vn 0.5038 0.1403 0.8523
vn 0.5413 0.6129 0.5757
vn -0.6292 0.0015 -0.7773
vn 0.8721 0.1675 0.4597
vn 0.9252 -0.3578 0.1266
vn 0.9375 -0.0585 0.3431
vn 0.8621 0.1909 0.4695
vn 0.8650 0.1905 0.4641
vn -0.9488 -0.2010 0.2435
vn 0.1100 0.5815 -0.8061
vn 0.4750 0.5933 -0.6499
vn -0.2641 0.7788 -0.5690
vn -0.8619 -0.2369 -0.4483
vn 0.8513 0.2915 0.4362
vn 0.8497 0.2828 0.4451
vn 0.8484 0.2842 0.4467
vn 0.1901 -0.8768 0.4418
vn 0.3174 -0.8500 0.4205
vn 0.2465 -0.8655 -0.4360
vn -0.9155 -0.4021 -0.0121
vn 0.8535 0.2564 0.4537
vn 0.8530 0.2557 0.4549
vn -0.3210 -0.8415 0.4344
vn 0.9887 0.1198 -0.0902
vn -0.2686 -0.6854 0.6769
vn -0.3443 -0.6523 0.6752
vn -0.8646 -0.2005 -0.4607
vn 0.9116 0.1279 0.3906
vn 0.9060 0.1290 0.4031
vn -0.2786 -0.1374 0.9505
vn 0.9145 -0.1430 -0.3785
vn 0.6758 0.4469 0.5862
vn 0.8524 0.1875 0.4882
vn 0.9229 0.2474 0.2950
vn 0.5404 0.5895 0.6004
vn 0.8945 -0.1544 -0.4195
vn -0.8684 -0.2487 -0.4289
vn -0.8043 -0.5696 -0.1692
vn -0.8668 -0.2605 -0.4253
vn -0.8750 -0.3189 -0.3644
vn 0.9031 0.0428 -0.4272
vn -0.8697 -0.2113 -0.4460
vn -0.8623 -0.2153 -0.4583
vn 0.9407 0.1848 -0.2845
vn 0.9520 0.2548 0.1698
vn -0.5357 0.0179 0.8442
vn -0.9195 -0.2381 -0.3129
vn -0.8655 -0.2128 -0.4535
vn -0.0656 0.1346 0.9887
vn -0.0136 0.1113 0.9937
vn -0.0192 0.1057 0.9942
vn -0.0555 -0.0338 0.9979
vn -0.9768 -0.2067 0.0561
vn -0.3245 -0.0385 0.9451
vn -0.4852 0.7569 -0.4378
vn 0.1391 0.9887 -0.0561
vn 0.8725 0.3539 0.3368
vn 0.9893 0.1402 -0.0394
vn 0.8948 0.2700 0.3557
vn 0.9645 0.2558 -0.0663
vn 0.7918 0.4898 0.3650
vn 0.7813 0.3222 0.5345
vn -0.0687 0.9597 -0.2726
vn 0.8230 0.4816 0.3011
vn -0.0464 0.9137 -0.4038
vn -0.0159 -0.8642 0.5030
vn -0.3217 0.8028 -0.5020
vn -0.8586 -0.2629 -0.4400
vn 0.8166 -0.2777 0.5060
vn 0.9886 0.1045 0.1080
vn 0.9630 -0.0980 0.2511
vn 0.8955 0.1988 0.3981
vn 0.7380 0.2921 0.6083
vn 0.6452 0.2850 0.7089
vn 0.9549 0.2020 0.2178
vn 0.9930 0.1140 0.0307
vn 0.9711 0.1782 0.1586
vn -0.6064 -0.4367 0.6645
vn 0.9571 0.2083 0.2013
vn -0.4193 0.1414 0.8968
vn -0.8509 -0.2547 -0.4595
vn -0.5772 -0.3703 -0.7278
vn -0.8778 -0.3184 -0.3579
vn 0.1853 0.8290 -0.5276
vn -0.9124 0.0059 -0.4092
vn -0.2005 0.3713 -0.9066
vn -0.8488 0.3639 -0.3837
vn -0.9504 0.0560 -0.3061
vn -0.8584 -0.2193 -0.4637
vn -0.5895 0.6204 0.5173
vn -0.1246 0.9810 -0.1488
vn -0.5252 0.7741 0.3534
vn 0.3259 -0.2034 0.9233
vn -0.8630 -0.2544 -0.4365
vn -0.8841 -0.2437 -0.3987
vn -0.8721 -0.2049 -0.4443
vn -0.8871 0.2459 0.3906
vn 0.4900 -0.6407 0.5912
vn -0.8711 -0.2138 -0.4422
vn -0.8363 0.1042 -0.5383
vn -0.6487 0.5025 -0.5716
vn 0.4336 0.6877 0.5823
vn 0.4290 0.8750 0.2245
vn -0.8601 -0.2500 -0.4448
vn -0.8215 -0.0544 -0.5675
vn -0.8587 -0.0742 -0.5071
vn -0.8136 0.2633 -0.5183
vn -0.8567 -0.0570 -0.5126
vn -0.7804 0.3967 -0.4832
vn -0.8476 0.0519 -0.5281
vn -0.1741 0.9634 -0.2036
vn -0.8652 -0.2085 -0.4560
vn -0.6964 -0.6389 0.3268
vn -0.5229 -0.5902 0.6150
vn -0.8462 -0.2916 -0.4460
vn 0.8699 0.3009 0.3908
vn 0.8655 0.2220 0.4491
vn 0.7023 0.6574 -0.2731
vn -0.8559 -0.2193 -0.4683
vn 0.8269 0.4645 0.3169
vn 0.8194 -0.0432 0.5716
vn 0.8228 -0.0240 0.5678
vn -0.8726 -0.2193 -0.4365
vn 0.8724 0.2901 0.3934
vn 0.8434 0.0295 0.5365
vn 0.8717 0.3031 0.3851
vn -0.8712 -0.2298 -0.4337
vn 0.6355 0.3368 0.6947
vn 0.9468 0.2177 0.2369
vn 0.6542 0.3443 0.6734
vn 0.6853 -0.3567 0.6349
vn -0.8552 -0.2330 -0.4630
vn 0.8550 0.2245 0.4675
vn 0.7557 0.5029 0.4196
vn -0.8736 -0.2925 -0.3889
vn -0.2597 0.6056 0.7522
vn 0.9429 0.2570 0.2120
vn 0.9496 0.2250 0.2184
vn -0.5095 0.6561 -0.5567
vn 0.9769 0.1881 0.1011
vn 0.9880 0.1542 -0.0011
vn -0.1305 0.7870 0.6030
vn 0.6631 -0.1296 0.7372
vn -0.8609 -0.2235 -0.4571
vn 0.8521 0.1263 0.5079
vn 0.7193 -0.0652 0.6917
vn 0.9554 -0.1989 0.2183
vn 0.8694 0.3020 0.3911
vn 0.6381 0.3233 0.6988
vn 0.8871 0.2664 0.3769
vn 0.8609 0.2764 0.4272
vn 0.8728 0.2552 0.4160
vn -0.1323 -0.9910 -0.0217
vn 0.0064 -0.9707 0.2401
vn 0.8824 0.2403 0.4045
vn 0.5034 -0.3701 0.7808
vn 0.9603 0.0281 0.2777
vn 0.9915 0.1217 -0.0468
vn 0.8846 0.2694 0.3806
vn 0.7081 0.1312 0.6938
vn 0.9288 0.2468 0.2764
vn 0.9866 0.1139 0.1166
vn 0.7966 0.3087 0.5197
vn 0.9602 0.2070 0.1873
vn 0.8851 0.2700 0.3791
vn -0.8716 -0.2301 -0.4328
vn 0.9922 0.1241 0.0099
vn 0.8062 0.3184 0.4987
vn -0.8850 -0.2238 -0.4082
vn -0.8788 -0.2088 -0.4292
vn 0.8809 0.2731 0.3864
vn 0.8226 -0.0795 0.5630
vn 0.8691 0.2380 0.4335
vn 0.8716 0.2250 0.4354
vn 0.7206 -0.3187 0.6157
vn 0.8559 0.2772 0.4367
vn 0.7144 -0.3812 0.5868
vn 0.9914 0.1306 0.0065
vn 0.8183 0.3196 0.4778
vn 0.9879 0.1553 0.0008
vn 0.9360 0.2417 0.2559
vn -0.8873 -0.2002 -0.4154
vn -0.8845 -0.2119 -0.4156
vn -0.8897 -0.2013 -0.4099
vn 0.7143 0.6859 0.1392
vn -0.8772 -0.2263 -0.4236
vn -0.8864 -0.1980 -0.4184
vn -0.3394 -0.8842 0.3210
vn -0.8685 -0.2510 -0.4275
vn 0.8438 0.3743 0.3845
vn 0.7373 -0.3033 0.6036
vn 0.8599 0.0226 0.5099
vn -0.8717 -0.2420 -0.4261
vn -0.8723 -0.2331 -0.4297
vn -0.8875 -0.2132 -0.4085
vn 0.7172 0.6960 -0.0365
vn 0.8758 0.1534 0.4577
vn 0.8583 0.2547 0.4454
vn 0.6688 -0.2935 0.6830
vn 0.8287 0.0111 0.5595
vn 0.9840 0.1724 0.0439
vn -0.8579 -0.2455 -0.4513
vn -0.8674 -0.2542 -0.4277
vn -0.8923 0.2244 -0.3917
vn 0.8313 0.3406 0.4393
vn 0.8132 0.4564 0.3612
vn 0.8697 0.2605 0.4192
vn 0.8751 0.2464 0.4166
vn 0.8774 0.2646 0.4002
vn 0.9388 0.0699 0.3373
vn 0.9374 0.0741 0.3403
vn 0.9095 -0.3767 0.1756
vn -0.8679 -0.2046 -0.4526
vn -0.8705 -0.2151 -0.4427
vn 0.8520 0.2934 0.4337
vn 0.0480 0.9923 0.1143
vn 0.8605 0.2562 0.4405
vn -0.5738 0.5582 0.5993
vn 0.8225 0.0015 0.5688
vn -0.8117 -0.5486 -0.2003
vn 0.6431 0.7632 0.0630
vn 0.7501 0.6579 -0.0667
vn -0.8642 -0.2346 -0.4452
vn -0.4098 0.7720 -0.4859
vn -0.2718 0.9595 -0.0741
vn -0.3033 0.8693 -0.3902
vn -0.8669 -0.2541 -0.4288
vn -0.8676 -0.2480 -0.4311
vn 0.6222 -0.2920 0.7264
vn 0.8349 -0.2304 0.4998
vn 0.8509 0.3347 0.4049
vn 0.8630 0.3074 0.4008
vn 0.9876 0.1556 -0.0203
vn 0.6316 0.3914 0.6693
vn -0.0120 0.8629 -0.5053
vn 0.8910 0.4504 0.0559
vn 0.8580 0.4014 0.3205
vn 0.7172 0.6958 0.0382
vn -0.8666 -0.2351 -0.4403
vn 0.8687 0.2298 0.4389
vn 0.0241 0.9938 0.1084
vn 0.6143 0.3665 0.6988
vn 0.8186 0.4771 0.3198
vn 0.9556 0.2125 0.2040
vn -0.8726 -0.1911 -0.4495
vn -0.8741 -0.1952 -0.4447
vn 0.9235 -0.3262 0.2016
vn 0.7128 0.5191 0.4716
vn 0.8628 0.3038 0.4040
vn 0.9200 -0.3466 0.1828
vn 0.8790 0.2428 0.4103
vn -0.8646 -0.2483 -0.4368
vn -0.8647 -0.2397 -0.4414
vn -0.8005 -0.4644 -0.3787
vn -0.7119 0.4172 -0.5649
vn -0.9097 0.4065 -0.0853
vn -0.9749 -0.0580 -0.2149
vn -0.8622 -0.2036 -0.4638
vn -0.0577 0.9437 -0.3258
vn -0.8792 -0.2089 -0.4282
vn -0.3151 -0.3310 -0.8895
vn 0.6668 0.7039 0.2447
vn 0.1569 0.9188 -0.3622
vn 0.8591 0.2547 0.4440
vn 0.6950 -0.3186 0.6445
vn 0.8100 -0.0322 0.5856
vn -0.8680 -0.2280 -0.4412
vn -0.8571 -0.2406 -0.4555
vn -0.8545 -0.2555 -0.4522
vn 0.7836 0.5252 0.3320
vn -0.8643 0.0362 -0.5017
vn -0.8684 -0.1053 -0.4845
vn 0.2411 0.8450 -0.4774
vn -0.8645 -0.3335 -0.3760
vn -0.7783 -0.6035 -0.1732
vn -0.8765 -0.2269 -0.4246
vn 0.6625 0.3313 0.6718
vn 0.8086 0.3078 0.5014
vn 0.8534 0.2300 0.4678
vn 0.8552 0.2333 0.4627
vn 0.8600 0.2314 0.4548
vn -0.8617 -0.2599 -0.4357
vn -0.8674 -0.2342 -0.4391
vn -0.3366 0.8824 -0.3287
vn 0.2551 0.9649 0.0624
vn 0.9161 -0.0386 0.3990
vn -0.8694 -0.2402 -0.4317
vn 0.8624 0.2667 0.4303
vn 0.9733 0.1263 0.1914
vn -0.9241 -0.3687 -0.1011
vn -0.0381 -0.7917 0.6098
vn -0.9995 0.0010 -0.0320
vn 0.2018 -0.7864 0.5839
vn 0.1998 -0.7876 0.5828
vn -0.9168 -0.2339 -0.3237
vn -0.9407 -0.2912 -0.1741
vn -0.8828 -0.2154 -0.4174
vn -0.8644 -0.2340 -0.4451
vn 0.6715 0.5127 0.5350
vn -0.6279 0.6315 -0.4549
vn 0.5336 0.4194 0.7345
vn 0.9058 0.2747 0.3225
vn -0.8595 -0.2840 -0.4250
vn -0.8763 -0.2344 -0.4209
vn -0.3510 0.8230 -0.4466
vn 0.8660 0.2537 0.4309
vn 0.3887 0.9040 -0.1780
vn 0.4699 0.8324 0.2937
vn -0.8707 -0.2250 -0.4374
vn 0.6582 0.5895 0.4683
vn 0.8224 0.5574 0.1140
vn -0.8718 -0.2135 -0.4409
vn -0.6508 -0.3663 -0.6651
vn 0.8868 0.2678 0.3767
vn 0.8651 0.2791 0.4168
vn 0.8735 0.2444 0.4211
vn 0.7692 0.0260 0.6385
vn -0.8829 -0.2318 -0.4082
vn 0.7793 0.6183 -0.1015
vn 0.7566 0.6496 -0.0742
vn -0.8083 -0.2705 -0.5230
vn 0.8552 0.2705 0.4420
vn -0.8524 0.0014 -0.5228
vn -0.8864 0.0722 -0.4573
vn 0.6457 0.2672 0.7153
vn 0.8132 0.5670 0.1308
vn 0.8564 0.4842 0.1793
vn 0.7904 0.3272 0.5180
vn -0.6831 -0.2852 -0.6723
vn -0.8645 -0.2462 -0.4383
vn -0.8675 -0.2458 -0.4324
vn 0.8642 0.2844 0.4151
vn 0.8453 0.3673 0.3880
vn -0.8560 -0.2328 -0.4616
vn -0.8573 -0.2384 -0.4562
vn 0.5659 0.8045 0.1801
vn 0.8592 0.4791 0.1797
vn 0.8730 0.1927 0.4480
vn 0.8657 0.2574 0.4294
vn 0.8626 0.2517 0.4389
vn 0.9299 -0.3226 0.1766
vn 0.9282 0.1484 0.3412
vn 0.9297 -0.3242 0.1749
vn -0.1548 0.9490 -0.2745
vn 0.6818 0.7079 0.1843
vn -0.2093 0.8893 -0.4067
vn 0.9650 -0.0538 0.2566
vn 0.8681 0.3187 0.3806
vn -0.8784 -0.2398 -0.4134
vn -0.8901 -0.2217 -0.3982
vn 0.8759 0.3115 0.3686
vn -0.8751 -0.2982 -0.3812
vn -0.8725 -0.2452 -0.4226
vn 0.6273 0.3941 0.6717
vn 0.9006 0.3348 0.2770
vn -0.8566 -0.2300 -0.4618
vn 0.9228 0.2206 0.3160
vn -0.8565 -0.2361 -0.4589
vn 0.9768 0.1895 0.0999
vn 0.6128 0.3418 0.7125
vn 0.6865 0.2203 0.6930
vn 0.8747 0.3076 0.3745
vn 0.9130 0.2174 0.3452
vn 0.8729 -0.1983 0.4458
vn -0.6498 -0.1460 -0.7459
vn 0.9407 0.2366 0.2433
vn 0.5977 0.3758 0.7082
vn -0.8580 -0.5009 -0.1136
vn -0.9062 -0.4181 0.0629
vn -0.8713 -0.4780 0.1116
vn -0.0809 -0.9613 0.2632
vn 0.8000 0.1859 0.5704
vn 0.6950 -0.4587 0.5537
vn 0.5332 -0.5949 0.6015
vn 0.0838 -0.8928 0.4425
vn -0.8701 -0.2247 -0.4387
vn 0.7028 0.6955 0.1494
vn -0.6192 -0.6610 0.4238
vn -0.3143 -0.5880 0.7453
vn -0.4483 -0.4928 0.7457
vn -0.2490 -0.0703 0.9660
vn -0.1655 -0.0105 0.9861
vn -0.1733 0.0402 0.9840
vn 0.7056 -0.3123 0.6360
vn 0.9012 0.2699 0.3390
vn -0.8656 -0.2378 -0.4406
vn 0.8994 0.2632 0.3490
vn -0.0214 -0.0868 0.9960
vn -0.0483 0.0867 0.9951
vn 0.8659 0.0727 0.4949
vn 0.8197 0.1365 0.5563
vn -0.2735 0.0905 0.9576
vn 0.9919 0.1209 -0.0378
vn 0.7098 0.3531 0.6095
vn 0.9892 0.1447 -0.0253
vn 0.6518 0.3291 0.6833
vn 0.3482 0.3885 0.8531
vn 0.1021 0.1974 0.9750
vn 0.9066 0.2590 0.3333
vn 0.9121 0.2692 0.3092
vn 0.6261 0.6880 0.3671
vn 0.8667 0.3491 0.3562
vn -0.9249 -0.2557 0.2813
vn -0.1846 -0.3585 -0.9151
vn -0.0264 -0.5003 -0.8654
vn -0.8765 -0.2349 -0.4202
vn 0.0370 0.1413 -0.9893
vn 0.6824 0.3114 0.6613
vn 0.9251 0.2391 0.2951
vn 0.9904 0.1379 0.0027
vn -0.2634 -0.1498 -0.9530
vn 0.8978 0.0353 -0.4390
vn 0.9927 0.1195 0.0144
vn 0.7919 0.3298 0.5140
vn -0.8761 -0.2301 -0.4236
vn 0.8614 0.2545 0.4396
vn 0.8446 0.2504 0.4733
vn 0.3656 -0.7676 0.5265
vn 0.8471 0.2399 0.4743
vn 0.8493 0.2909 0.4406
vn 0.8598 0.2543 0.4429
vn -0.8510 -0.2345 -0.4699
vn -0.4618 0.8563 -0.2313
vn -0.8603 -0.0775 -0.5038
vn -0.8638 -0.2291 -0.4487
vn -0.8624 -0.2373 -0.4472
vn 0.8478 0.2929 0.4421
vn -0.8578 -0.2304 -0.4595
vn 0.8078 0.4949 -0.3201
vn 0.8385 0.4942 0.2295
vn 0.5968 0.3435 0.7252
vn -0.8638 -0.2153 -0.4556
vn 0.9145 0.2456 0.3215
vn 0.6928 0.4251 0.5825
vn -0.7004 -0.6945 -0.1646
vn -0.4626 -0.2787 -0.8416
vn 0.8435 0.4681 0.2635
vn -0.8731 -0.1780 -0.4539
vn -0.8682 -0.2016 -0.4533
vn 0.3836 -0.7769 0.4994
vn -0.2126 -0.9678 0.1351
vn -0.8727 -0.2359 -0.4274
vn -0.8594 -0.2267 -0.4582
vn -0.8790 -0.2164 -0.4250
vn -0.5067 -0.1819 -0.8427
vn -0.1084 -0.9833 0.1460
vn -0.8627 -0.1970 -0.4658
vn -0.8488 -0.4251 -0.3145
vn 0.8697 0.2564 0.4218
vn 0.9376 0.3475 -0.0088
vn -0.8722 -0.2109 -0.4414
vn 0.7555 0.6052 0.2508
vn 0.0119 0.9996 -0.0246
vn 0.4562 0.8742 -0.1664
vn 0.6584 0.7404 0.1352
vn 0.3104 -0.8226 0.4764
vn 0.8488 0.0483 0.5266
vn 0.8531 0.2864 0.4361
vn 0.8493 0.2791 0.4482
vn 0.9158 0.2549 0.3103
vn -0.8624 -0.2023 -0.4640
vn -0.8682 -0.1790 -0.4627
vn 0.9679 0.1612 0.1929
vn 0.9619 0.2012 0.1854
vn 0.5933 0.3471 0.7263
vn 0.6073 0.3406 0.7177
vn 0.9882 0.0284 0.1503
vn 0.8628 0.2340 0.4480
vn 0.8326 0.0315 0.5530
vn -0.8579 -0.1997 -0.4734
vn -0.5919 0.5568 -0.5828
vn -0.7411 0.3714 -0.5594
vn -0.3358 0.9091 -0.2464
vn 0.0378 0.9846 -0.1709
vn 0.1538 0.9708 0.1841
vn -0.8600 -0.1951 -0.4714
vn -0.8696 -0.1837 -0.4583
vn -0.1657 -0.9088 0.3829
vn -0.8593 -0.2005 -0.4705
vn 0.9023 0.2816 0.3266
vn 0.9664 0.2500 -0.0592
vn 0.8370 0.2850 0.4671
vn -0.8559 -0.2258 -0.4652
vn 0.8399 0.3001 0.4523
vn -0.2753 0.9571 0.0900
vn 0.7478 0.3292 0.5766
vn 0.4745 -0.6854 0.5523
vn -0.8696 -0.2360 -0.4337
vn -0.8224 -0.4944 -0.2816
vn -0.4577 -0.8870 0.0609
vn -0.8606 -0.2194 -0.4596
vn -0.8275 -0.3956 -0.3984
vn 0.8773 0.3118 0.3649
vn 0.8674 0.3070 0.3917
vn 0.8538 0.2470 0.4584
vn 0.8494 0.2882 0.4420
vn 0.8496 0.2867 0.4427
vn 0.8565 0.3113 0.4117
vn 0.8434 0.3881 0.3715
vn 0.8445 0.2770 0.4584
vn -0.8623 -0.2136 -0.4592
vn 0.8735 0.2984 0.3847
vn -0.8704 -0.0592 -0.4888
vn -0.8567 -0.0617 -0.5121
vn -0.8586 -0.0488 -0.5104
vn 0.0672 0.9612 -0.2675
vn 0.7670 0.2626 0.5855
vn 0.8651 0.1837 0.4668
vn 0.6583 -0.3321 0.6755
vn 0.6852 -0.3737 0.6252
vn -0.8679 -0.1991 -0.4551
vn 0.7475 -0.6610 -0.0656
vn 0.1927 -0.6147 -0.7648
vn 0.8198 -0.0812 -0.5669
vn 0.7422 -0.3140 -0.5921
vn -0.6154 -0.4813 -0.6243
vn 0.6868 0.2637 -0.6773
vn -0.8581 -0.1935 -0.4756
vn -0.0301 -0.8624 -0.5054
vn 0.7934 0.2629 0.5490
vn 0.8208 0.1824 0.5414
vn 0.8297 0.0175 0.5580
vn -0.8676 -0.1787 -0.4640
vn -0.2303 0.8538 -0.4669
vn -0.5080 0.6788 -0.5302
vn -0.3013 0.9489 -0.0939
vn -0.7373 0.4271 -0.5235
vn 0.8664 0.2177 0.4495
vn -0.8614 -0.2388 -0.4482
vn 0.6170 0.3680 0.6956
vn -0.8713 -0.2194 -0.4389
vn -0.4348 -0.9005 -0.0060
vn -0.8726 -0.2133 -0.4394
vn -0.8752 -0.2218 -0.4300
vn -0.8701 -0.2305 -0.4357
vn -0.8721 -0.2302 -0.4318
vn -0.9217 -0.3274 -0.2081
vn -0.8649 -0.2488 -0.4359
vn 0.8365 0.2860 0.4674
vn 0.8347 0.2882 0.4693
vn 0.3809 -0.6377 0.6695
vn 0.7954 -0.2368 0.5579
vn -0.2645 -0.9149 0.3051
vn -0.3821 -0.3357 -0.8610
vn -0.4068 0.7419 -0.5330
vn -0.2214 0.3259 -0.9191
vn -0.5038 -0.8569 -0.1092
vn -0.3292 -0.8649 0.3790
vn -0.4851 0.5904 -0.6450
vn -0.6443 -0.3186 0.6952
vn -0.2844 -0.5945 0.7521
vn -0.8287 -0.0885 0.5527
vn 0.5804 -0.5807 0.5709
vn -0.8656 -0.1785 -0.4678
vn 0.8495 0.2305 0.4745
vn -0.1434 0.8984 -0.4150
vn 0.5557 0.7274 0.4025
vn -0.1640 -0.9783 0.1264
vn 0.8818 0.1313 0.4529
vn 0.9148 0.0515 0.4005
vn -0.8724 -0.2273 -0.4329
vn 0.9306 -0.3362 0.1447
vn 0.9282 -0.0174 0.3717
vn -0.8501 -0.2133 -0.4814
vn -0.7158 0.5529 -0.4266
vn -0.7587 0.5109 0.4041
vn 0.9521 -0.0929 0.2914
vn 0.8465 0.2955 0.4429
vn 0.6746 0.2702 0.6869
vn -0.8666 -0.1933 -0.4599
vn 0.9918 0.1220 -0.0375
vn 0.6267 0.3551 0.6936
vn 0.8591 0.2441 0.4499
vn -0.8786 -0.2074 -0.4303
vn -0.8607 -0.1772 -0.4773
vn 0.8718 0.2535 0.4192
vn 0.8685 0.2350 0.4364
vn 0.6467 0.7570 -0.0936
vn -0.6480 0.4879 -0.5848
vn 0.6955 0.6924 0.1918
vn 0.8287 0.4951 0.2609
vn 0.4965 0.7055 0.5057
vn 0.9231 0.0155 0.3842
vn 0.8563 0.2377 0.4585
vn 0.6467 0.7393 0.1878
vn 0.2762 -0.8618 0.4255
vn -0.3138 -0.9188 -0.2393
vn 0.1576 0.9303 0.3312
vn -0.1786 0.9343 -0.3087
vn -0.8783 -0.2172 -0.4259
vn 0.8063 0.5771 0.1296
vn 0.8250 0.5444 0.1519
vn 0.1736 0.9086 -0.3798
vn -0.6235 -0.7816 0.0174
vn 0.8301 0.4137 0.3737
vn -0.7435 -0.6393 -0.1961
vn -0.4491 0.7085 -0.5444
vn 0.8699 0.2634 0.4169
vn -0.8783 -0.2163 -0.4264
vn -0.8891 -0.2253 -0.3984
vn -0.8930 -0.2266 -0.3887
vn 0.7145 0.4231 0.5572
vn 0.5586 0.5808 0.5922
vn 0.5820 0.5656 0.5844
vn 0.8196 0.2573 0.5119
vn -0.6787 -0.5240 -0.5146
vn -0.7532 -0.0881 -0.6519
vn 0.9220 -0.1583 -0.3532
vn 0.3755 -0.3093 -0.8737
vn 0.8601 0.2690 0.4334
vn 0.8021 -0.1153 -0.5860
vn -0.7792 -0.5947 0.1980
vn 0.7465 -0.0639 -0.6623
vn 0.7628 -0.2980 -0.5739
vn 0.8706 0.2278 0.4362
vn 0.3025 -0.2115 -0.9294
vn 0.8697 0.2320 0.4356
vn 0.8592 0.2288 0.4576
vn -0.7710 -0.3396 -0.5388
vn 0.3696 -0.7658 0.5262
vn -0.1650 -0.9305 0.3271
vn 0.7880 -0.0716 -0.6115
vn 0.6659 -0.0039 -0.7461
vn -0.8875 -0.2264 -0.4014
vn -0.7519 -0.6572 0.0523
vn -0.0028 -0.9148 0.4038
vn 0.7286 -0.1088 -0.6763
vn 0.8633 0.2375 0.4454
vn -0.8797 -0.2240 -0.4194
vn 0.8432 0.0004 -0.5376
vn 0.7801 0.0394 -0.6244
vn -0.3085 -0.6945 -0.6500
vn -0.1136 -0.8106 -0.5744
vn -0.0137 0.9782 -0.2073
vn 0.9168 0.2450 0.3153
vn 0.5009 0.8495 0.1656
vn 0.8584 0.2623 0.4409
vn 0.3683 -0.2720 0.8890
vn 0.8534 0.2987 0.4272
vn 0.8519 0.2949 0.4328
vn 0.2214 -0.3273 -0.9186
vn -0.8584 -0.2558 -0.4447
vn 0.8733 0.2435 0.4220
vn 0.8664 0.2532 0.4304
vn 0.9705 0.0060 -0.2409
vn 0.7379 -0.2005 -0.6445
vn 0.8532 -0.0060 -0.5216
vn 0.7518 -0.1090 -0.6504
vn -0.8710 0.2935 -0.3939
vn -0.8869 -0.1987 -0.4170
vn -0.8858 -0.2145 -0.4116
vn 0.9625 0.1511 -0.2253
vn 0.9374 0.1502 -0.3142
vn 0.0761 0.4016 0.9126
vn -0.8847 -0.2241 -0.4088
vn 0.9426 0.0683 -0.3269
vn 0.9598 0.0765 -0.2699
vn 0.8683 0.0448 -0.4940
vn 0.9501 0.0437 -0.3088
vn -0.9608 -0.1791 -0.2117
vn -0.8785 -0.2130 -0.4276
vn 0.7249 0.3453 0.5961
vn 0.6005 -0.0482 0.7982
vn 0.8148 -0.0226 0.5793
vn -0.8655 -0.2397 -0.4398
vn 0.7942 -0.2959 0.5308
vn -0.8784 -0.2482 -0.4085
vn 0.0152 0.5098 0.8601
vn -0.7886 0.3466 -0.5080
vn -0.0305 0.9656 -0.2581
vn 0.3356 0.9410 -0.0431
vn -0.8600 -0.2365 -0.4522
vn 0.8484 0.1623 0.5039
vn 0.8755 0.3031 0.3763
vn -0.8663 -0.2272 -0.4448
vn 0.8750 0.3007 0.3796
vn -0.8672 -0.2401 -0.4363
vn -0.8608 -0.2354 -0.4513
vn 0.9855 0.1691 -0.0105
vn 0.9573 0.2868 0.0367
vn 0.9635 0.2639 0.0460
vn -0.8486 -0.2885 -0.4434
vn -0.4749 -0.3177 0.8207
vn -0.8550 -0.2576 -0.4501
vn -0.1465 -0.2411 0.9594
vn -0.8611 -0.2494 -0.4430
vn 0.9875 0.1572 0.0077
vn 0.6902 0.5764 0.4376
vn 0.9859 0.1663 0.0214
vn 0.7243 0.3214 0.6100
vn 0.6243 0.3498 0.6985
vn 0.8874 0.2574 0.3825
vn 0.6103 0.3742 0.6982
vn -0.5961 -0.4865 -0.6388
vn 0.6929 -0.3171 0.6475
vn 0.8479 0.5031 0.1675
vn 0.8725 0.2374 0.4271
vn -0.2949 -0.5850 0.7555
vn 0.3110 -0.2552 0.9155
vn -0.2699 0.4018 0.8750
vn -0.6994 0.2251 0.6784
vn -0.6543 -0.0230 0.7559
vn -0.8936 -0.4274 -0.1371
vn -0.8668 -0.2358 -0.4395
vn 0.0579 -0.8447 0.5321
vn -0.7404 -0.6255 -0.2461
vn 0.9110 0.2010 0.3601
vn -0.5718 -0.8105 0.1272
vn 0.9380 0.0660 0.3404
vn 0.8784 0.2476 0.4088
vn 0.8823 0.2890 0.3716
vn 0.8467 0.2656 0.4611
vn 0.6227 0.3573 0.6961
vn 0.9441 0.2950 0.1471
vn 0.6566 0.3536 0.6662
vn 0.4634 -0.1674 0.8702
vn 0.8428 0.3519 0.4073
vn 0.0539 -0.4712 0.8804
vn -0.1230 -0.5598 0.8194
vn 0.8440 0.3411 0.4138
vn -0.8626 -0.2421 -0.4442
vn -0.8852 -0.2880 -0.3653
vn 0.8251 0.2790 0.4913
vn 0.8703 0.2913 0.3972
vn 0.8762 0.4089 0.2550
vn 0.8271 -0.2489 0.5039
vn 0.8496 0.3079 0.4282
vn 0.9553 0.0992 0.2784
vn -0.8701 -0.1983 -0.4512
vn 0.7311 0.5359 0.4222
vn 0.5657 0.7045 0.4285
vn 0.8762 0.2736 0.3967
vn -0.8669 -0.2372 -0.4385
vn 0.8717 0.2590 0.4160
vn 0.8591 0.2826 0.4267
vn -0.8678 -0.2171 -0.4470
vn 0.8672 0.2771 0.4138
vn 0.9532 -0.0301 0.3009
vn 0.8830 0.2929 0.3667
vn 0.9589 0.1825 0.2172
vn 0.8875 0.4206 0.1883
vn -0.8576 -0.3805 -0.3462
vn 0.4810 -0.4783 0.7348
vn 0.3811 -0.4920 0.7828
vn 0.7883 0.6152 -0.0041
vn -0.0039 -0.7639 0.6453
vn 0.8666 0.3080 0.3927
vn 0.8661 0.3002 0.3998
vn -0.8628 -0.2594 -0.4339
vn 0.6194 -0.1943 0.7607
vn -0.8635 -0.2447 -0.4410
vn -0.7840 -0.6092 -0.1190
vn 0.6443 -0.2410 0.7258
vn 0.5742 0.8131 0.0957
vn 0.4772 0.5064 0.7182
vn 0.8848 0.2633 0.3845
vn 0.6704 0.7416 0.0240
vn 0.7949 0.0739 0.6022
vn 0.8884 0.2411 0.3906
vn -0.5196 0.6786 -0.5191
vn 0.8667 0.2840 0.4100
vn -0.5668 0.6251 -0.5366
vn 0.8673 0.2909 0.4039
vn -0.8529 -0.0794 -0.5161
vn 0.5205 0.7391 0.4276
vn 0.7254 0.5272 0.4425
vn 0.9330 -0.3024 0.1952
vn 0.7781 0.4612 0.4265
vn 0.8619 0.2798 0.4229
vn -0.8672 -0.2400 -0.4364
vn -0.8784 -0.2711 -0.3936
vn 0.8843 0.2647 0.3847
vn -0.8631 -0.2343 -0.4474
vn -0.8739 -0.2136 -0.4367
vn 0.8816 0.2649 0.3907
vn -0.8562 -0.2375 -0.4589
vn -0.8625 -0.2588 -0.4348
vn 0.7752 0.3512 0.5251
vn 0.8718 0.2504 0.4211
vn 0.8570 0.2858 0.4289
vn -0.8539 -0.2588 -0.4515
vn -0.8550 -0.2546 -0.4519
vn 0.8664 0.2845 0.4103
vn 0.5498 -0.4767 0.6859
vn -0.3302 0.6979 -0.6355
vn -0.2239 0.9291 -0.2944
vn 0.2124 0.9577 -0.1943
vn 0.0762 0.9258 -0.3702
vn 0.9385 0.0710 0.3378
vn -0.8615 -0.2398 -0.4475
vn 0.9291 -0.3160 0.1921
vn 0.9525 -0.0458 0.3009
vn -0.8540 -0.4693 0.2247
vn 0.8771 0.2799 0.3902
vn 0.6498 0.4488 0.6134
vn -0.9421 -0.2456 0.2283
vn -0.8660 -0.2332 -0.4424
vn 0.9058 0.2513 0.3411
vn 0.8119 0.1041 0.5745
vn -0.8679 -0.2261 -0.4423
vn -0.4554 0.8650 -0.2106
vn 0.9672 0.2479 0.0546
vn -0.9002 -0.3806 0.2117
vn -0.4400 0.2174 0.8713
vn -0.0740 0.1605 0.9843
vn 0.8233 0.4254 0.3758
vn 0.0113 0.3965 0.9180
vn -0.3179 0.3884 0.8649
vn 0.8268 0.4030 0.3924
vn -0.8925 -0.2313 -0.3873
vn -0.9428 -0.0495 -0.3298
vn -0.5933 0.8050 -0.0018
vn 0.9018 -0.0208 -0.4316
vn 0.9878 0.1531 -0.0283
vn -0.3153 -0.8362 0.4488
vn -0.2481 -0.9671 -0.0568
vn -0.1198 -0.9927 0.0109
vn 0.9141 0.2204 0.3403
vn -0.8615 -0.2621 -0.4348
vn -0.8810 -0.0211 -0.4727
vn 0.9912 0.0905 -0.0964
vn 0.9877 0.1387 -0.0720
vn 0.9903 0.1236 0.0637
vn 0.9379 -0.0495 -0.3433
vn 0.8561 0.2694 0.4410
vn 0.8529 0.2731 0.4450
vn 0.9940 0.0603 0.0917
vn 0.8521 0.2761 0.4447
vn -0.8702 -0.1971 -0.4516
vn -0.3391 -0.8403 -0.4230
vn -0.8672 -0.2442 -0.4339
vn -0.3598 -0.2479 -0.8995
vn -0.6657 -0.3013 -0.6827
vn -0.3235 -0.3290 -0.8872
vn -0.0097 0.9558 0.2938
vn 0.8544 -0.0759 -0.5140
vn 0.3125 -0.2240 -0.9231
vn 0.0579 0.0219 -0.9981
vn 0.6985 0.1302 -0.7036
vn 0.8971 -0.1394 -0.4192
vn -0.2604 0.6845 0.6810
vn -0.1097 0.6116 0.7835
vn 0.8676 0.2148 0.4486
vn -0.8643 -0.2073 -0.4583
vn 0.7482 -0.0420 -0.6622
vn -0.8663 -0.2012 -0.4572
vn 0.8184 -0.1206 -0.5618
vn -0.8663 -0.1909 -0.4617
vn 0.8050 0.1251 -0.5800
vn 0.9174 0.0410 -0.3959
vn -0.6050 -0.4035 -0.6864
vn -0.5377 -0.7097 0.4552
vn -0.3475 -0.7712 0.5334
vn 0.4161 -0.8159 0.4015
vn 0.4413 -0.6337 0.6353
vn 0.6248 0.1827 0.7591
vn -0.5356 -0.3631 0.7624
vn 0.8526 0.2676 0.4488
vn 0.0526 -0.7511 0.6581
vn 0.0977 -0.9948 -0.0285
vn -0.0153 -0.9268 0.3753
vn 0.8412 0.1281 0.5253
vn 0.8535 0.2477 0.4585
vn 0.8068 0.4960 0.3211
vn -0.7769 0.4764 0.4117
vn -0.8710 -0.2418 -0.4276
vn 0.5431 0.6129 0.5740
vn -0.9940 0.0648 -0.0885
vn 0.7242 0.4220 0.5454
vn -0.3807 0.9222 0.0678
vn 0.5858 -0.5492 -0.5960
vn -0.9290 -0.1561 -0.3356
vn -0.8243 -0.1739 -0.5388
vn -0.8645 -0.2327 -0.4454
vn -0.0816 -0.5821 0.8090
vn -0.4800 -0.8728 0.0883
vn -0.1720 -0.9743 -0.1456
vn 0.6739 0.2161 0.7065
vn 0.4959 0.1402 0.8570
vn -0.8362 0.2693 -0.4777
vn -0.8569 -0.2454 -0.4532
vn 0.6842 -0.2729 0.6763
vn 0.7019 -0.2602 0.6630
vn 0.8050 -0.0115 0.5931
vn 0.6706 0.4971 0.5506
vn 0.9764 0.2095 0.0521
vn 0.8629 0.1990 0.4646
vn 0.8599 0.2218 0.4597
vn 0.9837 0.1701 0.0578
vn -0.8686 -0.1936 -0.4561
vn 0.7262 0.4358 0.5317
vn 0.8702 0.2831 0.4032
vn 0.8664 0.1747 0.4678
vn 0.8669 0.1700 0.4686
vn 0.9010 0.2776 0.3335
vn 0.8426 0.2986 0.4483
vn 0.7831 0.2581 0.5659
vn -0.6461 0.7313 -0.2187
vn -0.8751 -0.2286 -0.4266
vn 0.9864 0.1603 0.0369
vn 0.8130 0.3027 0.4974
vn 0.9814 0.1825 0.0596
vn -0.8304 -0.4873 -0.2700
vn -0.7940 -0.5769 -0.1917
vn -0.8737 -0.2190 -0.4344
vn -0.9968 -0.0324 -0.0724
vn -0.7649 0.3815 0.5191
vn -0.7823 0.5926 0.1920
vn -0.9525 0.2838 0.1105
vn -0.8639 -0.2165 -0.4547
vn -0.8777 -0.2006 -0.4352
vn -0.1342 0.8901 -0.4355
vn -0.8826 -0.1996 -0.4258
vn -0.8727 -0.1832 -0.4526
vn 0.8577 0.2408 0.4542
vn 0.8445 0.2774 0.4580
vn 0.7233 0.2292 0.6513
vn -0.8809 -0.2360 -0.4103
vn -0.8802 -0.2357 -0.4120
vn -0.8679 -0.2102 -0.4500
vn 0.5736 0.3919 0.7193
vn -0.8594 -0.2266 -0.4583
vn 0.8361 -0.0373 0.5473
vn 0.8649 0.3850 0.3221
vn -0.8841 -0.2247 -0.4097
vn 0.8568 0.1899 0.4794
vn 0.8724 0.3902 0.2945
vn 0.9095 0.3712 0.1871
vn 0.8821 0.2935 0.3684
vn 0.9912 0.1287 -0.0300
vn 0.9423 0.2448 0.2283
vn 0.6496 0.3650 0.6670
vn 0.8501 0.1962 0.4888
vn 0.8341 0.2156 0.5078
vn 0.7867 0.5736 0.2281
vn 0.9206 -0.1314 0.3676
vn 0.9193 0.2212 0.3256
vn 0.9927 0.1176 -0.0253
vn 0.9947 0.1020 -0.0113
vn 0.8930 0.2546 0.3711
vn 0.0976 0.9753 -0.1983
vn 0.7521 0.3279 0.5717
vn 0.9440 0.2288 0.2377
vn -0.5577 -0.7919 0.2489
vn 0.8092 -0.0991 0.5791
vn 0.7155 -0.3352 0.6130
vn -0.8652 -0.2001 -0.4598
vn 0.8171 -0.0375 0.5752
vn -0.8654 -0.1997 -0.4596
vn 0.7074 -0.2954 0.6421
vn 0.8507 0.0604 0.5222
vn 0.8529 0.2072 0.4793
vn -0.8343 -0.5368 -0.1261
vn -0.8859 -0.2134 -0.4118
vn -0.8844 -0.2152 -0.4142
vn -0.3244 -0.7630 0.5591
vn -0.0813 -0.8352 0.5439
vn -0.8749 -0.3390 -0.3459
vn 0.6461 0.3171 0.6942
vn 0.7963 -0.1374 0.5891
vn 0.8535 0.1817 0.4884
vn -0.8755 -0.2233 -0.4286
vn 0.6001 0.6628 0.4479
vn -0.8746 -0.2365 -0.4232
vn -0.6673 0.5416 -0.5113
vn -0.8569 -0.2123 -0.4698
vn -0.8763 -0.2050 -0.4359
vn -0.8550 -0.0859 -0.5115
vn -0.8504 -0.2327 -0.4718
vn -0.1821 0.8628 -0.4716
vn 0.8743 0.2541 0.4136
vn 0.7328 0.3338 0.5930
vn 0.0653 -0.9888 -0.1344
vn -0.8516 -0.2474 -0.4621
vn 0.6407 0.3294 0.6936
vn 0.0126 -0.9619 -0.2732
vn -0.8430 -0.0225 -0.5374
vn -0.8579 -0.2332 -0.4578
vn 0.8697 0.3495 0.3486
vn 0.7964 0.5468 0.2583
vn 0.7987 0.5601 0.2199
vn 0.2334 -0.8273 -0.5110
vn 0.7751 0.5615 0.2896
vn -0.2343 -0.9028 0.3607
vn 0.3739 -0.7636 0.5265
vn 0.6229 0.3244 0.7119
vn 0.8092 0.2588 0.5275
vn 0.9510 0.2113 0.2259
vn 0.6946 0.3883 0.6056
vn 0.8742 0.2213 0.4321
vn 0.8683 0.2246 0.4423
vn 0.9291 0.2279 0.2913
vn 0.5853 0.3442 0.7341
vn 0.7032 0.3372 0.6259
vn 0.7509 0.3099 0.5832
vn 0.8707 0.2282 0.4357
vn 0.8723 0.2271 0.4331
vn 0.6874 -0.3211 0.6515
vn 0.8568 0.1172 0.5021
vn 0.8714 0.1989 0.4485
vn -0.8707 -0.2048 -0.4472
vn -0.8577 -0.2308 -0.4594
vn 0.8692 0.2620 0.4194
vn 0.8664 0.2448 0.4352
vn 0.8611 0.2304 0.4532
vn -0.8708 -0.3501 -0.3452
vn -0.8706 -0.3451 -0.3506
vn -0.7805 -0.5893 -0.2086
vn 0.0080 -0.8728 0.4881
vn -0.1850 -0.8726 0.4521
vn -0.8545 -0.2233 -0.4691
vn -0.0058 -0.8733 0.4871
vn -0.8566 -0.2202 -0.4667
vn 0.8544 0.1493 0.4977
vn 0.8476 0.3861 0.3640
vn -0.7910 0.6038 0.0989
vn -0.9406 -0.0851 -0.3288
vn -0.4882 0.8039 -0.3396
vn -0.8810 -0.1856 -0.4352
vn -0.8802 -0.2260 -0.4174
vn -0.8693 -0.2066 -0.4491
vn -0.8795 -0.2084 -0.4279
vn 0.8684 0.2084 0.4500
vn -0.8788 -0.2120 -0.4275
vn 0.8488 0.2197 0.4808
vn 0.8036 -0.0991 0.5869
vn 0.8675 0.2454 0.4327
vn 0.9931 0.1165 -0.0163
vn 0.8720 0.2326 0.4308
vn 0.8901 0.2633 0.3720
vn 0.8650 0.2376 0.4420
vn -0.8790 -0.2148 -0.4258
vn -0.1772 0.9584 -0.2236
vn -0.6267 0.0916 -0.7738
vn -0.8876 -0.1950 -0.4172
vn 0.8719 0.2214 0.4368
vn -0.8829 -0.2089 -0.4206
vn 0.6949 -0.3077 0.6499
vn 0.8734 0.2394 0.4240
vn -0.8574 -0.2366 -0.4570
vn -0.8612 -0.2028 -0.4660
vn -0.8699 -0.2200 -0.4414
vn 0.6519 0.3062 0.6937
vn 0.8449 0.3104 0.4356
vn -0.8791 -0.2396 -0.4121
vn -0.6459 0.5828 -0.4932
vn -0.6468 0.5899 -0.4834
vn -0.9907 0.0652 -0.1196
vn -0.5745 0.7381 0.3538
vn -0.3721 0.7975 0.4749
vn -0.0966 0.8912 0.4431
vn 0.9123 0.2631 0.3138
vn -0.3196 0.9019 0.2906
vn 0.7652 0.3166 0.5606
vn -0.5746 0.5221 0.6303
vn 0.5991 0.3581 0.7161
vn 0.4185 0.8319 -0.3644
vn -0.3544 0.9248 0.1381
vn 0.0270 0.9820 0.1870
vn 0.1043 0.1956 -0.9751
vn 0.8482 0.2090 0.4867
vn -0.8740 -0.2486 -0.4176
vn -0.9393 0.1430 0.3118
vn -0.8704 -0.2635 -0.4160
vn 0.8266 0.3240 0.4602
vn -0.3490 -0.3589 0.8657
vn 0.8734 0.2861 0.3941
vn 0.4024 -0.5806 -0.7078
vn -0.3859 -0.8950 -0.2238
vn 0.1702 -0.3671 -0.9145
vn 0.2507 -0.1061 -0.9622
vn 0.4118 -0.6216 0.6664
vn 0.4556 -0.4817 -0.7486
vn 0.5725 -0.8111 0.1200
vn 0.9671 0.2192 0.1292
vn 0.9841 0.1731 0.0384
vn 0.6115 0.4824 0.6272
vn 0.7665 0.3085 0.5633
vn 0.5800 0.3680 0.7267
vn 0.1885 -0.5298 -0.8269
vn -0.4294 -0.6330 0.6441
vn 0.7110 -0.4062 0.5740
vn -0.8791 -0.1919 -0.4363
vn 0.9900 0.1410 0.0044
vn 0.5855 0.3467 0.7328
vn 0.8537 0.3584 0.3777
vn 0.8647 0.2405 0.4410
vn -0.1514 0.9327 -0.3274
vn -0.1554 -0.6283 -0.7623
vn 0.6109 0.3493 0.7105
vn 0.9839 0.1732 0.0434
vn 0.7973 0.3341 0.5027
vn -0.1889 -0.3908 -0.9009
vn 0.0899 -0.9381 -0.3346
vn 0.4044 -0.7917 -0.4578
vn -0.8687 -0.1856 -0.4592
vn 0.9838 0.1750 0.0380
vn 0.9901 0.1400 -0.0079
vn 0.8694 0.3536 0.3450
vn -0.1223 -0.9343 0.3348
vn -0.1006 -0.8788 0.4666
vn 0.7133 0.1057 0.6929
vn 0.6898 0.3436 0.6373
vn 0.9805 0.1924 0.0400
vn 0.8730 -0.2063 0.4419
vn -0.7608 -0.6449 -0.0730
vn -0.8646 -0.2449 -0.4387
vn -0.2974 -0.8998 0.3193
vn -0.8266 -0.5624 -0.0232
vn -0.6340 -0.7540 -0.1718
vn -0.8664 -0.2479 -0.4334
vn 0.9863 0.1623 0.0291
vn 0.8239 0.3396 0.4537
vn 0.8688 0.2880 0.4028
vn 0.5299 0.5661 0.6315
vn 0.3929 -0.2072 -0.8959
vn 0.7107 -0.2169 -0.6692
vn -0.8629 -0.2395 -0.4450
vn -0.8617 -0.2112 -0.4613
vn -0.8639 -0.2065 -0.4594
vn -0.4812 0.7493 -0.4549
vn -0.0166 0.9217 -0.3876
vn 0.1826 0.8647 -0.4679
vn -0.8627 -0.2111 -0.4595
vn 0.7333 0.3455 0.5856
vn 0.8448 0.1418 0.5160
vn -0.8675 -0.2406 -0.4354
vn -0.8684 -0.2103 -0.4491
vn -0.8633 -0.2389 -0.4445
vn 0.7156 0.6908 -0.1029
vn -0.8632 -0.2367 -0.4460
vn 0.0718 0.9540 -0.2911
vn 0.9482 -0.1419 0.2841
vn 0.9458 -0.0528 0.3206
vn -0.9210 0.1233 -0.3696
vn 0.8594 0.2177 0.4626
vn 0.8576 0.2356 0.4573
vn 0.8573 0.2370 0.4571
vn -0.8680 -0.2768 -0.4122
vn -0.8653 -0.2511 -0.4338
vn 0.8637 0.2023 0.4617
vn -0.8284 0.1378 -0.5429
vn -0.8624 -0.2025 -0.4640
vn 0.7483 0.3950 0.5329
vn 0.7332 0.5091 0.4508
vn 0.8702 0.4212 0.2557
vn 0.8588 0.2203 0.4626
vn 0.8788 0.2735 0.3909
vn -0.8542 -0.2299 -0.4664
vn -0.8805 -0.2207 -0.4196
vn -0.8596 -0.2183 -0.4620
vn -0.8697 -0.1818 -0.4588
vn -0.8619 -0.1848 -0.4721
vn 0.8819 0.2616 0.3922
vn 0.8815 0.2643 0.3913
vn 0.9208 0.1675 0.3522
vn 0.8800 0.2736 0.3884
vn 0.9215 -0.0883 0.3783
vn 0.9291 -0.3214 0.1827
vn 0.8872 -0.3174 0.3349
vn 0.8854 -0.2696 0.3787
vn 0.8116 0.2617 0.5224
vn -0.8648 -0.2023 -0.4596
vn 0.8381 -0.0302 0.5448
vn 0.8558 0.2258 0.4654
vn 0.6034 -0.5307 0.5953
vn -0.8643 -0.2342 -0.4450
vn -0.1768 -0.4577 -0.8713
vn 0.8689 0.2452 0.4299
vn 0.8180 0.1229 0.5619
vn 0.6807 0.2349 0.6939
vn 0.8740 0.1953 0.4450
vn 0.8516 0.2904 0.4365
vn -0.4439 0.6077 -0.6586
vn -0.8147 -0.2224 -0.5355
vn 0.9247 0.0062 0.3807
vn 0.9246 -0.3608 0.1225
vn -0.8594 -0.2276 -0.4579
vn 0.9534 -0.1591 0.2565
vn 0.9533 -0.1531 0.2604
vn 0.8535 0.2861 0.4356
vn 0.8635 0.4291 0.2650
vn 0.6664 0.6639 0.3394
vn 0.8677 0.4503 0.2105
vn 0.8483 0.2624 0.4599
vn 0.8623 0.1915 0.4689
vn 0.8182 0.5747 -0.0130
vn 0.8567 0.1705 0.4869
vn 0.9471 -0.1417 0.2878
vn 0.6373 0.7674 0.0705
vn -0.8648 -0.1386 -0.4826
vn 0.4622 0.8654 0.1937
vn -0.8621 -0.2059 -0.4630
vn 0.8487 0.2117 0.4846
vn -0.7959 -0.4533 -0.4013
vn 0.2103 0.9739 0.0855
vn -0.8611 -0.2388 -0.4489
vn -0.3102 -0.3894 -0.8673
vn -0.8555 -0.2543 -0.4510
vn 0.7021 -0.1146 -0.7028
vn -0.2347 -0.3467 -0.9082
vn 0.9347 -0.3112 0.1716
vn -0.8707 -0.2174 -0.4412
vn 0.8285 0.5397 0.1493
vn 0.0993 -0.0928 -0.9907
vn 0.8572 0.4891 0.1612
vn -0.4452 -0.3035 -0.8424
vn -0.8258 -0.4206 -0.3757
vn 0.5047 0.8452 0.1758
vn 0.7516 0.5267 0.3971
vn 0.7718 0.5804 0.2598
vn -0.8586 -0.2745 -0.4329
vn -0.8016 -0.3780 -0.4632
vn -0.8458 -0.4601 -0.2700
vn 0.7934 0.1835 0.5803
vn 0.8779 0.2974 0.3754
vn -0.8596 -0.2359 -0.4532
vn -0.8542 -0.2404 -0.4609
vn 0.8563 0.2720 0.4390
vn 0.8611 0.2782 0.4255
vn 0.8356 0.2764 0.4748
vn -0.8472 -0.2710 -0.4570
vn 0.1798 -0.8741 0.4512
vn -0.1646 -0.2311 0.9589
vn -0.4012 -0.6527 -0.6427
vn 0.1070 -0.3325 -0.9370
vn -0.8587 0.0226 -0.5120
vn 0.5996 0.7569 0.2598
vn 0.7489 -0.0486 -0.6609
vn 0.6580 -0.3803 -0.6499
vn 0.9791 0.2016 -0.0272
vn -0.4893 0.5728 -0.6576
vn -0.5898 0.7745 -0.2285
vn -0.6259 0.2798 -0.7280
vn 0.8447 0.3068 0.4386
vn 0.2180 0.2315 0.9481
vn 0.7569 0.0386 -0.6524
vn -0.2104 0.8646 -0.4563
vn 0.8844 0.2927 0.3636
vn 0.8317 0.2959 0.4698
vn -0.9626 -0.2696 -0.0274
vn -0.0947 0.1545 0.9834
vn -0.2070 0.1579 0.9655
vn -0.1943 0.2720 0.9425
vn -0.2095 0.1571 0.9651
vn 0.6642 -0.5866 0.4633
vn -0.1379 0.1012 0.9853
vn 0.8511 0.2933 0.4354
vn 0.8483 0.3023 0.4349
vn -0.0771 0.0862 0.9933
vn 0.0024 0.1317 0.9913
vn 0.9395 0.3416 0.0253
vn 0.3226 -0.7328 0.5991
vn -0.7527 -0.3042 -0.5838
vn -0.8534 -0.2361 -0.4648
vn -0.8314 -0.2093 -0.5148
vn -0.8671 -0.2398 -0.4367
vn -0.8722 -0.2347 -0.4292
vn 0.8499 0.2831 0.4445
vn 0.0003 0.5194 0.8545
vn 0.8775 0.2952 0.3779
vn 0.8375 0.3149 0.4465
vn 0.8477 0.2937 0.4418
vn 0.8491 0.2915 0.4406
vn -0.8569 -0.2394 -0.4565
vn -0.8003 -0.2130 -0.5605
vn -0.6700 -0.3648 -0.6466
vn -0.8594 -0.2373 -0.4529
vn 0.8688 0.1557 0.4701
vn 0.8700 0.1594 0.4665
vn 0.8683 0.1694 0.4662
vn 0.4851 0.1321 0.8644
vn -0.8651 -0.2372 -0.4419
vn 0.6209 -0.0914 0.7785
vn 0.1818 -0.1138 0.9767
vn 0.2377 0.9324 0.2723
vn 0.2227 0.8672 -0.4454
vn 0.8311 0.2671 0.4877
vn -0.8257 -0.2189 -0.5199
vn 0.4011 0.9082 0.1200
vn 0.3267 0.8017 0.5005
vn 0.8627 0.1785 0.4731
vn 0.3656 -0.0749 0.9277
vn 0.6355 0.7603 0.1345
vn -0.4100 0.8092 -0.4207
vn 0.8642 0.2993 0.4043
vn 0.2121 0.9695 -0.1232
vn 0.5467 0.8008 0.2444
vn 0.8670 0.2940 0.4023
vn 0.6378 0.7648 -0.0910
vn 0.5430 0.6254 0.5604
vn 0.0580 0.9270 -0.3705
vn -0.8317 -0.0802 -0.5494
vn -0.3137 0.8997 -0.3035
vn 0.2170 0.8974 -0.3842
vn -0.8425 -0.2979 -0.4489
vn 0.8680 0.1614 0.4697
vn 0.9432 -0.1174 0.3109
vn 0.9203 -0.3649 0.1410
vn 0.9426 -0.1654 0.2902
vn 0.9233 -0.3485 0.1613
vn 0.9496 -0.1814 0.2558
vn -0.8619 -0.2201 -0.4568
vn 0.8665 0.2871 0.4084
vn -0.8680 0.4941 -0.0491
vn -0.9137 -0.2176 -0.3431
vn -0.8613 -0.2413 -0.4471
vn -0.8728 -0.1955 -0.4473
vn -0.8626 -0.2325 -0.4494
vn -0.8623 -0.2459 -0.4427
vn -0.8659 -0.2171 -0.4506
vn 0.8798 -0.3902 0.2714
vn 0.8420 -0.3474 0.4127
vn 0.8558 0.2015 0.4765
vn 0.9029 0.0805 0.4222
vn 0.8582 0.1705 0.4843
vn 0.9308 -0.3200 0.1768
vn -0.8597 -0.2001 -0.4699
vn 0.9342 -0.2986 0.1952
vn -0.7160 0.6902 0.1048
vn -0.7154 0.6087 -0.3431
vn -0.1038 -0.7233 0.6826
vn -0.8719 -0.2186 -0.4382
vn 0.8586 0.2862 0.4253
vn -0.8629 -0.2138 -0.4580
vn -0.8726 -0.1827 -0.4530
vn 0.8574 0.2752 0.4349
vn -0.8535 -0.2074 -0.4781
vn 0.8718 0.2891 0.3954
vn 0.7536 -0.3644 0.5470
vn 0.8228 -0.0585 0.5654
vn 0.8735 0.0265 0.4861
vn 0.8552 0.1949 0.4802
vn -0.8546 -0.2105 -0.4748
vn 0.8585 0.2265 0.4600
vn 0.8587 0.2184 0.4635
vn 0.7239 0.6793 0.1209
vn 0.8516 0.3687 0.3727
vn 0.8456 0.2687 0.4613
vn 0.8488 0.2659 0.4570
vn 0.8561 0.2663 0.4429
vn 0.8720 0.2857 0.3975
vn -0.8654 -0.2338 -0.4432
vn 0.8864 0.2485 0.3906
vn 0.8888 0.3347 0.3131
vn 0.7196 0.5351 0.4425
vn -0.3778 0.8175 -0.4346
vn 0.8804 0.2569 0.3986
vn -0.5669 0.7021 -0.4309
vn 0.2111 0.9557 -0.2053
vn -0.1857 0.9415 -0.2812
vn -0.1647 0.9658 -0.2002
vn -0.0579 0.9468 -0.3167
vn 0.8304 0.4313 0.3527
vn -0.6960 0.5288 -0.4857
vn 0.0115 0.8798 -0.4752
vn 0.5839 0.3690 0.7231
vn 0.8423 0.2127 0.4953
vn 0.0881 -0.9167 0.3897
vn -0.2960 -0.9545 0.0374
vn 0.0443 -0.9595 0.2782
vn 0.7368 -0.4048 0.5416
vn 0.9891 0.1469 0.0045
vn 0.9303 0.2358 0.2809
vn 0.6707 0.3406 0.6589
vn 0.6092 0.3500 0.7116
vn -0.8669 -0.2094 -0.4524
vn 0.8260 0.2537 0.5034
vn 0.5960 0.8021 -0.0372
vn -0.5762 0.5774 -0.5785
vn 0.8711 0.1959 0.4504
vn 0.8308 0.2737 0.4847
vn 0.8189 0.3293 0.4701
vn -0.8643 -0.2139 -0.4552
vn 0.8675 0.2302 0.4409
vn 0.8776 0.2817 0.3880
vn 0.8754 0.2831 0.3918
vn 0.8717 0.2582 0.4164
vn 0.8718 0.2560 0.4176
vn 0.9257 -0.3302 0.1845
vn 0.7807 0.3095 0.5429
vn 0.8812 0.2591 0.3955
vn 0.8771 0.2721 0.3958
vn 0.9110 0.2358 0.3384
vn -0.8668 -0.2080 -0.4532
vn 0.8661 0.2556 0.4296
vn -0.3775 -0.2841 -0.8814
vn 0.8754 0.2680 0.4023
vn 0.6864 0.2772 0.6723
vn 0.9918 0.1228 -0.0363
vn 0.8569 0.2911 0.4253
vn -0.4406 -0.8851 0.1500
vn 0.8022 0.5336 0.2677
vn 0.8151 0.5111 0.2728
vn -0.8735 -0.2173 -0.4356
vn 0.8636 0.2445 0.4409
vn 0.7688 0.4056 0.4944
vn 0.5827 0.4599 0.6700
vn 0.8233 0.5124 0.2441
vn 0.8526 0.2409 0.4638
vn 0.8484 0.3437 0.4027
vn 0.7965 0.2995 0.5252
vn 0.9618 0.2667 0.0613
vn -0.8702 -0.2365 -0.4323
vn 0.8105 -0.0857 0.5795
vn 0.8694 0.2117 0.4465
vn 0.8402 0.0185 0.5420
vn 0.4519 -0.5963 0.6635
vn 0.7247 -0.2673 0.6351
vn -0.8014 -0.5420 -0.2530
vn -0.8726 -0.1920 -0.4491
vn -0.8765 -0.2175 -0.4294
vn 0.7439 0.6054 -0.2829
vn 0.9526 0.1427 0.2685
vn 0.8654 0.1475 0.4789
vn 0.8629 0.0940 0.4966
vn 0.1802 0.8653 -0.4677
vn 0.8297 0.0261 0.5576
vn -0.8766 -0.2176 -0.4291
vn 0.7058 0.6929 0.1473
vn 0.7037 0.6973 0.1360
vn 0.9912 0.1215 0.0528
vn 0.8685 0.3535 0.3474
vn 0.7708 0.3170 0.5525
vn 0.9909 0.1261 -0.0476
vn 0.9657 0.2305 0.1197
vn 0.8874 0.2569 0.3827
vn 0.5238 -0.6006 0.6041
vn -0.1471 -0.5703 0.8081
vn 0.5250 -0.3171 0.7898
vn 0.5961 -0.5126 0.6180
vn 0.9513 0.2109 0.2249
vn 0.6777 0.6008 0.4239
vn 0.8457 0.3072 0.4363
vn -0.8852 -0.2098 -0.4153
vn 0.8418 0.3448 0.4154
vn 0.8508 0.2812 0.4440
vn 0.8332 0.0462 0.5511
vn 0.6909 -0.2837 0.6650
vn 0.7088 -0.3000 0.6384
vn 0.8197 -0.0292 0.5721
vn 0.8695 0.2271 0.4386
vn -0.9006 -0.1552 -0.4061
vn 0.8505 0.3015 0.4311
vn -0.6511 0.3042 0.6954
vn -0.8830 -0.2338 -0.4070
vn -0.5537 0.6713 -0.4927
vn -0.4416 0.7923 -0.4210
vn -0.8788 -0.0052 -0.4771
vn -0.8753 -0.2347 -0.4228
vn -0.8612 -0.1561 -0.4836
vn 0.1644 0.7238 -0.6701
vn -0.1278 -0.0691 -0.9894
vn 0.0076 0.0380 -0.9992
vn 0.7572 0.5291 0.3829
vn -0.5103 0.6819 -0.5241
vn 0.2140 0.1192 -0.9695
vn -0.3174 0.9081 -0.2730
vn -0.4313 -0.8979 0.0887
vn 0.0750 0.9525 -0.2952
vn -0.8461 -0.4301 -0.3147
vn 0.8758 0.3271 0.3549
vn -0.3292 0.9089 -0.2561
vn 0.2476 0.9415 0.2289
vn 0.7644 0.4909 0.4179
vn 0.6565 0.7540 0.0201
vn 0.8606 0.2554 0.4407
vn -0.1128 -0.9067 0.4064
vn 0.4356 -0.6418 0.6312
vn 0.8624 0.2194 0.4562
vn -0.7833 -0.5804 -0.2227
vn 0.8571 0.2406 0.4555
vn 0.8643 0.2295 0.4476
vn 0.8520 0.2782 0.4435
vn 0.8201 0.0278 0.5716
vn -0.7766 -0.6105 -0.1558
vn -0.8859 -0.1883 -0.4239
vn -0.7470 0.4609 -0.4791
vn -0.7566 -0.1267 -0.6415
vn 0.1670 0.6753 -0.7184
vn 0.9843 0.1752 0.0193
vn 0.8646 0.2597 0.4302
vn 0.8795 0.2680 0.3933
vn 0.3062 0.9377 -0.1641
vn 0.6992 0.6558 0.2848
vn 0.8626 0.3109 0.3992
vn -0.8669 -0.2347 -0.4397
vn 0.8145 0.3924 0.4274
vn 0.7102 0.4846 0.5107
vn 0.7615 0.2931 0.5781
vn 0.9858 0.1672 -0.0134
vn 0.9900 0.1396 0.0177
vn 0.5616 0.3803 -0.7348
vn 0.6249 0.3353 0.7051
vn 0.6910 0.2735 0.6691
vn 0.7700 0.3135 0.5557
vn 0.4440 -0.6361 0.6311
vn 0.1788 -0.7696 0.6130
vn 0.4108 -0.6530 0.6363
vn 0.5500 -0.4345 0.7133
vn 0.8486 0.2414 0.4707
vn -0.8774 -0.2026 -0.4349
vn 0.8630 0.2476 0.4403
vn 0.8379 -0.3417 0.4257
vn 0.8101 -0.1947 0.5530
vn -0.8852 -0.2142 -0.4130
vn -0.8661 -0.2271 -0.4452
vn -0.8755 -0.2306 -0.4246
vn -0.8849 -0.2235 -0.4086
vn -0.8880 -0.2053 -0.4115
vn -0.8448 0.1483 -0.5141
vn 0.8665 0.2375 0.4390
vn 0.6942 -0.1955 0.6927
vn 0.7790 -0.3345 0.5303
vn 0.7743 -0.2156 0.5949
vn 0.9671 0.2055 0.1498
vn 0.8628 0.3074 0.4013
vn 0.7870 0.3298 0.5214
vn 0.4264 0.8049 -0.4126
vn 0.7131 0.3453 0.6101
vn 0.6271 0.3521 0.6948
vn 0.8510 0.3885 0.3534
vn 0.9899 0.1388 -0.0299
vn 0.9562 0.2080 0.2058
vn 0.8044 0.5097 0.3051
vn 0.8159 0.2952 0.4972
vn 0.8577 0.2567 0.4455
vn 0.9909 0.1341 -0.0151
vn 0.9893 0.1445 -0.0216
vn -0.8704 -0.2151 -0.4428
vn -0.8813 -0.1956 -0.4301
vn 0.8718 0.2601 0.4151
vn 0.8558 0.2479 0.4541
vn 0.8590 0.2807 0.4282
vn 0.8555 0.2696 0.4421
vn -0.0935 0.9296 -0.3565
vn -0.2265 0.9390 -0.2589
vn -0.8486 -0.3022 -0.4343
vn -0.9156 -0.2561 -0.3099
vn 0.8440 0.2160 0.4910
vn 0.6920 -0.0893 0.7163
vn 0.8813 0.2951 0.3690
vn 0.4249 -0.3227 0.8458
vn 0.0712 0.9172 -0.3920
vn 0.7939 0.4840 0.3680
vn 0.8289 0.3333 0.4493
vn -0.0757 0.9951 -0.0635
vn 0.4832 0.8502 0.2091
vn -0.3201 0.9459 -0.0538
vn -0.8262 0.2136 -0.5213
vn -0.8699 -0.2249 -0.4389
vn 0.8816 0.2572 0.3957
vn 0.8530 0.3326 0.4023
vn 0.9463 -0.0266 0.3221
vn 0.8250 0.4773 0.3026
vn 0.9132 0.2245 0.3400
vn 0.1376 -0.6924 0.7083
vn -0.8650 -0.2135 -0.4541
vn 0.8836 0.2289 0.4084
vn 0.9484 -0.0996 0.3010
vn 0.9247 -0.3335 0.1834
vn 0.9161 -0.3535 0.1891
vn 0.9462 -0.0238 0.3228
vn -0.8718 -0.2209 -0.4373
vn -0.8639 -0.2214 -0.4525
vn 0.7379 0.0491 0.6731
vn 0.1096 -0.7197 0.6856
vn 0.8783 0.2334 0.4172
vn 0.8472 0.1424 0.5118
vn 0.8487 0.2186 0.4816
vn -0.4494 0.7321 -0.5119
vn 0.6871 -0.3554 0.6337
vn 0.7670 0.6339 -0.0994
vn 0.9288 0.1424 0.3421
vn 0.8365 0.2257 0.4993
vn -0.8417 -0.1151 -0.5276
vn -0.8299 -0.2873 -0.4783
vn 0.7187 0.6770 -0.1584
vn 0.7307 0.6724 -0.1182
vn 0.4759 0.8710 -0.1219
vn -0.0472 0.9892 -0.1390
vn 0.8637 0.2947 0.4088
vn 0.4609 -0.1719 0.8706
vn 0.8671 0.2923 0.4035
vn 0.8921 0.2615 0.3684
vn 0.8784 0.3011 0.3712
vn 0.8717 0.3057 0.3830
vn 0.6179 0.3822 0.6871
vn 0.8738 0.2986 0.3838
vn 0.9424 0.2275 0.2450
vn -0.0047 -0.3539 -0.9353
vn 0.2099 0.1958 -0.9579
vn 0.3938 0.9186 -0.0332
vn 0.2603 -0.8078 -0.5288
vn 0.8009 0.2571 0.5408
vn 0.8720 0.2175 0.4385
vn 0.3314 -0.8274 0.4534
vn 0.1018 -0.6856 0.7208
vn -0.8605 -0.2361 -0.4514
vn 0.2433 -0.4137 -0.8773
vn 0.0960 -0.8362 -0.5400
vn 0.8800 0.2940 0.3731
vn 0.8820 0.2963 0.3664
vn 0.8735 0.2853 0.3946
vn 0.8549 0.1249 0.5036
vn 0.8583 0.2012 0.4721
vn -0.8592 -0.2431 -0.4501
vn 0.8463 0.0856 0.5258
vn -0.1317 -0.0663 0.9891
vn -0.7930 -0.4647 0.3940
vn 0.8619 0.1907 0.4699
vn -0.8233 0.2078 0.5282
vn 0.8037 0.3105 0.5077
vn 0.8617 0.2286 0.4531
vn -0.8803 -0.1596 -0.4468
vn 0.8281 0.1493 0.5403
vn 0.6870 -0.1342 -0.7141
vn 0.8482 0.2997 0.4367
vn 0.8449 0.3079 0.4374
vn 0.8417 0.2231 0.4917
vn 0.8477 0.2943 0.4413
vn 0.8314 -0.0794 -0.5500
vn 0.3708 -0.9228 -0.1050
vn -0.1433 -0.9328 -0.3306
vn 0.8491 0.1896 0.4930
vn -0.8448 -0.2034 -0.4949
vn 0.6353 0.7493 0.1869
vn -0.7420 -0.2322 -0.6289
vn 0.8303 0.4159 0.3711
vn 0.0920 -0.4296 -0.8983
vn 0.8106 0.4789 0.3370
vn -0.7284 -0.6840 -0.0404
vn 0.8861 0.0591 -0.4597
vn 0.8702 -0.0948 -0.4835
vn 0.9514 0.1283 -0.2801
vn 0.9766 0.0558 -0.2078
vn 0.4918 -0.2574 -0.8318
vn 0.7801 -0.0972 -0.6180
vn 0.8437 0.2994 0.4456
vn 0.8452 0.2951 0.4456
vn -0.8649 -0.1918 -0.4639
vn -0.8325 -0.2068 -0.5139
vn 0.8672 0.0033 -0.4980
vn 0.9047 -0.1190 -0.4090
vn 0.8653 0.2100 0.4551
vn 0.7395 -0.1459 -0.6572
vn 0.8424 0.2994 0.4480
vn -0.8598 -0.2271 -0.4573
vn 0.6169 -0.5529 0.5600
vn -0.8635 -0.2231 -0.4524
vn 0.8461 0.2957 0.4435
vn 0.8561 0.2017 0.4759
vn -0.8582 -0.2375 -0.4551
vn 0.7845 -0.1629 0.5984
vn 0.7748 -0.3411 0.5323
vn 0.8132 -0.3746 0.4454
vn -0.4839 -0.8626 0.1477
vn -0.5831 -0.7522 0.3068
vn -0.4747 -0.7595 0.4448
vn -0.8662 -0.2103 -0.4532
vn -0.8741 -0.1718 -0.4544
vn -0.8212 -0.2109 -0.5302
vn 0.6621 0.4993 0.5588
vn 0.7643 -0.3234 0.5579
vn -0.8719 -0.1789 -0.4558
vn -0.8689 -0.1722 -0.4642
vn 0.5515 0.6082 0.5710
vn 0.9282 -0.0174 0.3718
vn 0.8419 0.2570 0.4746
vn 0.8666 0.1707 0.4689
vn -0.8641 -0.1815 -0.4695
vn 0.4805 0.8770 0.0049
vn 0.1920 0.9790 -0.0689
vn 0.1021 0.9733 -0.2058
vn -0.8665 -0.2203 -0.4479
vn 0.7602 0.5148 0.3963
vn -0.3042 0.9514 0.0479
vn 0.2699 0.9195 -0.2857
vn -0.1367 0.9767 -0.1652
vn -0.8701 -0.1437 -0.4714
vn -0.7362 0.0005 -0.6768
vn 0.3658 -0.9271 0.0818
vn -0.0473 -0.9023 0.4286
vn -0.8649 -0.2387 -0.4416
vn -0.8632 -0.2350 -0.4468
vn -0.1433 -0.9600 0.2406
vn -0.8582 -0.1945 -0.4750
vn 0.2510 -0.3836 0.8887
vn -0.8580 -0.1974 -0.4743
vn -0.8647 -0.1833 -0.4677
vn -0.8570 0.0567 -0.5122
vn -0.8458 0.0725 -0.5285
vn -0.2346 -0.9714 0.0379
vn -0.8319 -0.4161 -0.3671
vn -0.8811 -0.3505 -0.3175
vn -0.8477 -0.0720 -0.5255
vn -0.8702 -0.2241 -0.4387
vn -0.8609 -0.2167 -0.4603
vn 0.9423 -0.0987 0.3198
vn 0.1720 -0.9021 0.3958
vn -0.6556 -0.7547 0.0244
vn -0.8114 -0.4717 -0.3452
vn -0.5116 -0.8456 0.1524
vn -0.8611 -0.4507 -0.2351
vn -0.7853 -0.5426 -0.2983
vn -0.6550 -0.7514 -0.0797
vn -0.5016 -0.8515 0.1525
vn 0.8718 0.2157 0.4398
vn 0.8532 0.2708 0.4457
vn 0.8528 0.2572 0.4545
vn 0.8574 0.2502 0.4498
vn 0.8130 0.1420 0.5647
vn 0.8592 0.4241 0.2860
vn 0.8572 0.2441 0.4534
vn 0.8577 0.2400 0.4548
vn 0.8579 0.2394 0.4547
vn 0.6163 0.7461 0.2518
vn 0.9597 -0.0560 0.2752
vn 0.9991 0.0371 -0.0203
vn 0.5764 0.3268 -0.7489
vn 0.9783 -0.0910 -0.1862
vn 0.9750 0.1864 0.1206
vn 0.9432 -0.0922 0.3192
vn 0.8562 0.1954 0.4782
vn 0.8232 0.4485 0.3482
vn 0.9914 -0.0368 0.1258
vn 0.9930 0.0978 -0.0669
vn 0.9405 0.1293 -0.3142
vn 0.5183 0.1461 0.8426
vn 0.9672 0.2048 -0.1499
vn 0.8664 0.2218 0.4474
vn 0.8618 0.2397 0.4471
vn 0.9213 0.2102 -0.3272
vn 0.8198 0.2498 0.5152
vn 0.8634 0.2385 0.4446
vn 0.9414 -0.0366 -0.3353
vn 0.8543 0.2085 0.4761
vn 0.9472 0.1268 0.2945
vn 0.9295 -0.0384 -0.3669
vn 0.1808 0.3458 -0.9207
vn 0.9956 0.0911 0.0239
vn 0.8740 -0.0430 -0.4840
vn 0.9976 0.0564 -0.0403
vn 0.7887 -0.5259 -0.3185
vn 0.2875 -0.0000 -0.9578
vn -0.8701 -0.2069 -0.4473
vn 0.8847 -0.0451 -0.4639
vn -0.8670 -0.1999 -0.4565
vn 0.7432 -0.1752 -0.6457
vn -0.8436 -0.3606 -0.3979
vn 0.6180 -0.7855 0.0332
vn 0.8659 0.2289 0.4448
vn 0.8274 0.0393 -0.5603
vn 0.8481 0.2943 0.4407
vn 0.8639 0.2103 0.4577
vn -0.9266 0.1031 0.3616
vn 0.8450 0.4403 0.3035
vn 0.8126 -0.0746 0.5781
vn -0.9939 -0.0363 0.1046
vn 0.8073 -0.1017 0.5813
vn -0.6582 0.2137 0.7218
vn 0.7840 -0.1649 0.5985
vn -0.9104 -0.2268 -0.3461
vn -0.8694 -0.2331 -0.4356
vn 0.8463 0.0844 0.5260
vn 0.0420 -0.4140 0.9093
vn -0.2306 -0.5620 0.7944
vn -0.0879 -0.1570 0.9837
vn -0.8670 -0.1904 -0.4605
vn 0.8039 0.3107 0.5072
vn -0.8624 -0.1822 -0.4722
vn 0.3612 0.2996 0.8830
vn -0.2469 0.0994 0.9639
vn -0.8662 -0.2034 -0.4565
vn -0.7191 0.6943 -0.0285
vn -0.9844 0.0075 -0.1758
vn -0.0732 0.1133 0.9909
vn -0.8733 -0.2228 -0.4333
vn -0.8619 -0.2359 -0.4489
vn 0.9935 0.1101 -0.0275
vn -0.8612 -0.2328 -0.4519
vn 0.7549 0.3157 0.5749
vn 0.9046 0.2600 0.3378
vn 0.9839 0.1774 0.0231
vn 0.9927 0.1155 -0.0354
vn 0.7965 0.2983 0.5260
vn 0.9667 0.1760 0.1858
vn -0.6113 -0.2512 0.7505
vn -0.6068 0.0426 0.7937
vn -0.6035 -0.4142 0.6813
vn 0.6191 0.3428 0.7065
vn 0.5966 0.3508 0.7218
vn -0.4073 -0.8185 -0.4051
vn 0.9496 0.2350 0.2076
vn 0.8954 0.2432 0.3729
vn 0.8401 0.2399 0.4865
vn 0.2278 0.9697 -0.0880
vn 0.8244 0.4745 0.3085
vn -0.1483 0.9565 -0.2512
vn -0.8421 0.0269 -0.5386
vn -0.4411 0.7876 -0.4303
vn -0.1143 0.9707 -0.2114
vn 0.6383 0.7578 0.1353
vn 0.7517 -0.0536 0.6573
vn 0.9449 -0.1299 0.3004
vn 0.8753 0.2755 0.3975
vn 0.7617 0.2976 0.5755
vn 0.8378 -0.0896 -0.5385
vn 0.3119 0.9354 -0.1662
vn -0.7606 -0.0296 -0.6486
vn -0.8839 -0.3505 0.3097
vn -0.9240 -0.1888 0.3324
vn -0.8891 -0.4080 -0.2074
vn -0.7658 -0.0780 -0.6383
vn -0.8642 0.2043 -0.4598
vn -0.9964 0.0163 0.0834
vn 0.2681 -0.3206 0.9085
vn -0.3772 -0.3412 0.8610
vn -0.9168 -0.3993 -0.0057
vn -0.9141 0.3290 0.2371
vn -0.8671 -0.1910 -0.4601
vn -0.8225 -0.5475 0.1540
vn -0.7721 -0.4900 0.4045
vn -0.8701 -0.2867 -0.4010
vn -0.8669 -0.2630 -0.4235
vn -0.9220 -0.3823 -0.0614
vn -0.8902 -0.3324 -0.3116
vn -0.8632 -0.2312 -0.4488
vn 0.6096 0.7683 0.1953
vn -0.5508 -0.4447 0.7063
vn -0.8593 -0.2552 -0.4433
vn 0.1964 0.9661 -0.1677
vn -0.8754 -0.2143 -0.4332
vn -0.8763 -0.2025 -0.4372
vn -0.8705 -0.2337 -0.4332
vn -0.8685 -0.2234 -0.4425
vn 0.8769 0.3067 0.3702
vn 0.8759 0.3159 0.3647
vn 0.8652 0.2304 0.4453
vn 0.8845 0.2886 0.3665
vn 0.7286 -0.3491 0.5893
vn 0.8672 0.2389 0.4368
vn 0.8292 -0.0770 0.5536
vn 0.8700 0.2350 0.4334
vn -0.8563 -0.2569 -0.4481
vn -0.2548 0.8840 -0.3920
vn 0.3063 0.9509 -0.0446
vn -0.1904 0.9722 -0.1364
vn 0.2262 0.9692 0.0976
vn -0.8579 -0.2357 -0.4565
vn 0.7147 0.6615 0.2272
vn 0.8227 0.5549 0.1233
vn -0.8613 -0.2606 -0.4362
vn 0.8695 0.3555 0.3428
vn -0.8802 -0.2126 -0.4243
vn 0.8732 0.2966 0.3867
vn 0.6586 0.5429 0.5211
vn -0.8584 -0.2167 -0.4649
vn 0.9546 0.2277 0.1920
vn -0.8578 -0.2345 -0.4574
vn 0.8475 0.4487 0.2836
vn 0.9155 0.4014 0.0258
vn 0.7929 0.4311 0.4307
vn 0.8393 0.5084 0.1925
vn 0.8630 0.3630 0.3514
vn -0.8744 -0.2311 -0.4266
vn -0.8655 -0.2473 -0.4357
vn -0.8764 -0.1998 -0.4381
vn 0.5995 0.7919 0.1164
vn 0.5127 0.8436 -0.1597
vn 0.8633 0.2959 0.4088
vn 0.8507 0.2538 0.4602
vn 0.8618 0.2793 0.4235
vn -0.6470 0.1029 -0.7555
vn 0.8651 0.2787 0.4170
vn -0.8580 -0.2123 -0.4677
vn 0.8509 0.5004 0.1601
vn -0.8829 -0.2181 -0.4159
vn -0.8452 -0.4564 -0.2782
vn -0.8680 -0.2446 -0.4321
vn -0.8811 -0.2228 -0.4171
vn -0.3262 -0.8779 0.3506
vn 0.8477 0.4165 0.3285
vn 0.8715 0.2182 0.4393
vn 0.8122 0.4848 0.3245
vn -0.8873 -0.1854 -0.4224
vn -0.8847 -0.2239 -0.4088
vn 0.6421 0.3453 0.6845
vn 0.8462 0.3056 0.4365
vn 0.9804 0.1921 0.0442
vn 0.8644 0.2856 0.4137
vn -0.0283 0.0399 -0.9988
vn 0.8634 0.2933 0.4106
vn 0.5998 0.3669 0.7110
vn 0.9172 0.2445 0.3145
vn 0.5910 0.3474 0.7281
vn 0.8332 -0.0300 0.5522
vn 0.8657 0.2737 0.4192
vn 0.8676 0.2569 0.4258
vn -0.8676 -0.2177 -0.4471
vn 0.8558 0.2268 0.4650
vn 0.8212 0.4519 0.3486
vn 0.6715 0.5104 0.5372
vn -0.2799 -0.6771 -0.6806
vn 0.4616 -0.1299 -0.8775
vn -0.7251 -0.2390 -0.6459
vn -0.8819 -0.2281 -0.4125
vn 0.6826 -0.1920 0.7051
vn -0.8842 -0.1081 -0.4545
vn 0.7091 -0.1332 0.6924
vn -0.8424 0.1523 -0.5168
vn -0.8847 -0.2310 -0.4048
vn -0.4069 -0.8746 0.2637
vn 0.9832 0.1823 0.0065
vn 0.7746 0.3426 0.5317
vn 0.4137 -0.6141 0.6721
vn 0.8108 0.2804 0.5139
vn 0.8833 0.2692 0.3838
vn 0.9857 0.1449 0.0854
vn 0.8643 0.2918 0.4097
vn 0.6859 -0.0715 0.7242
vn -0.8705 -0.1820 -0.4573
vn -0.8730 -0.2289 -0.4307
vn -0.8130 -0.5396 -0.2186
vn 0.2720 -0.8929 0.3588
vn -0.8369 -0.5408 -0.0847
vn -0.8067 -0.5815 -0.1050
vn 0.8596 0.2248 0.4588
vn -0.8789 -0.2233 -0.4215
vn 0.8098 0.5341 0.2430
vn 0.6543 0.7051 0.2732
vn 0.6223 0.6967 0.3569
vn 0.8218 0.4819 0.3040
vn 0.8487 0.3473 0.3988
vn -0.5465 -0.0676 -0.8347
vn 0.6175 -0.7858 -0.0354
vn 0.3821 -0.6941 0.6101
vn -0.8703 -0.1974 -0.4513
vn -0.8748 -0.2044 -0.4393
vn -0.8437 -0.4985 -0.1993
vn 0.8470 0.4268 0.3169
vn -0.8604 -0.2293 -0.4552
vn -0.8588 -0.2023 -0.4706
vn -0.3587 -0.3971 -0.8447
vn -0.8685 -0.2901 -0.4018
vn 0.8728 0.2822 0.3983
vn 0.8734 0.2778 0.3999
vn 0.3242 -0.7081 0.6273
vn 0.4023 -0.6199 0.6736
vn -0.8702 -0.2325 -0.4344
vn -0.8700 -0.2362 -0.4329
vn -0.5547 -0.5663 0.6096
vn 0.9021 0.2986 0.3117
vn 0.8732 0.2784 0.4001
vn -0.8648 -0.2509 -0.4349
vn 0.7830 0.5690 0.2513
vn 0.8702 0.2784 0.4066
vn -0.8115 -0.5494 -0.1993
vn -0.2556 -0.9123 0.3200
vn 0.8126 0.2848 0.5085
vn 0.9859 0.1646 0.0294
vn 0.9525 0.2280 0.2020
vn 0.8619 0.2483 0.4421
vn 0.8384 0.3300 0.4338
vn 0.8275 0.3423 0.4450
vn 0.8295 0.3500 0.4353
vn 0.5860 0.8097 0.0311
vn 0.8505 0.3721 0.3717
vn 0.8580 0.2571 0.4446
vn 0.9564 0.2883 0.0473
vn -0.8633 -0.2339 -0.4471
vn 0.8789 0.2728 0.3913
vn 0.3974 -0.6216 0.6751
vn 0.4193 -0.6598 0.6235
vn 0.9292 0.2540 0.2684
vn 0.7430 0.3553 0.5672
vn 0.8449 0.3067 0.4382
vn 0.6263 0.4330 0.6483
vn 0.6687 0.3422 0.6601
vn 0.6763 0.5852 0.4474
vn 0.8171 0.5398 0.2024
vn -0.8609 -0.2466 -0.4451
vn 0.9528 -0.0412 0.3008
vn 0.9313 -0.3168 0.1798
vn 0.8766 0.2754 0.3947
vn 0.8337 0.1678 0.5261
vn 0.8411 0.3380 0.4223
vn 0.8525 0.2583 0.4545
vn 0.8543 0.2597 0.4503
vn 0.0765 0.9494 -0.3047
vn 0.7501 0.3208 0.5783
vn -0.8739 -0.1959 -0.4450
vn 0.8592 0.2509 0.4459
vn 0.8556 0.2559 0.4500
vn -0.8659 -0.2079 -0.4550
vn -0.8105 0.5181 -0.2733
vn 0.3323 -0.4704 -0.8175
vn 0.8846 0.2704 0.3800
vn 0.7786 0.0602 0.6247
vn -0.2133 0.9388 -0.2706
vn 0.8639 0.2544 0.4347
vn 0.8116 0.3986 0.4271
vn -0.8408 0.1015 -0.5318
vn 0.8716 0.2883 0.3965
vn -0.5126 0.7988 -0.3149
vn -0.8854 -0.1216 -0.4487
vn 0.5383 0.7110 0.4525
vn 0.5570 0.7009 0.4454
vn -0.8792 -0.2143 -0.4256
vn 0.5642 0.6837 0.4628
vn 0.7281 0.5263 0.4392
vn 0.4961 0.7623 0.4158
vn -0.8768 -0.2499 -0.4109
vn 0.8723 0.2736 0.4052
vn 0.8008 0.4249 0.4221
vn -0.8758 -0.2265 -0.4263
vn -0.8094 -0.5650 -0.1604
vn 0.8826 0.2696 0.3851
vn -0.5504 0.7218 -0.4195
vn 0.2883 0.8297 -0.4780
vn 0.2114 -0.6866 0.6956
vn -0.8648 -0.2592 -0.4300
vn -0.8705 -0.2400 -0.4296
vn -0.8849 -0.2215 -0.4098
vn -0.8705 -0.2358 -0.4319
vn -0.8736 -0.2298 -0.4289
vn 0.6914 -0.1430 -0.7082
vn 0.8873 0.2654 0.3771
vn -0.8776 -0.2226 -0.4246
vn -0.8657 -0.2387 -0.4399
vn 0.7930 0.4519 0.4086
vn -0.1884 0.9347 -0.3013
vn -0.0010 0.9915 -0.1301
vn -0.7283 0.4475 -0.5190
vn -0.8958 -0.2030 -0.3953
vn -0.8700 -0.2308 -0.4358
vn 0.8719 0.2284 0.4331
vn 0.8778 0.2862 0.3842
vn 0.8768 0.2895 0.3841
vn 0.8674 0.2381 0.4370
vn 0.8676 0.1906 0.4593
vn -0.8686 -0.2346 -0.4364
vn 0.8582 0.2593 0.4430
vn -0.8839 -0.1993 -0.4230
vn -0.7437 -0.5733 0.3439
vn 0.8681 0.2824 0.4083
vn 0.8623 0.1699 0.4771
vn 0.8599 0.2588 0.4399
vn -0.8519 -0.2939 -0.4335
vn -0.8809 -0.2054 -0.4265
vn 0.8504 0.2582 0.4584
vn -0.1165 0.9932 -0.0010
vn 0.8743 0.3053 0.3773
vn 0.8796 0.3022 0.3675
vn 0.3961 0.9182 -0.0013
vn -0.1230 0.9359 -0.3301
vn 0.1530 -0.0993 0.9832
vn 0.0199 -0.2137 0.9767
vn -0.0158 -0.3017 0.9533
vn -0.8702 -0.2064 -0.4474
vn 0.7206 -0.3037 0.6233
vn 0.8699 0.2369 0.4326
vn -0.1391 -0.0652 0.9881
vn 0.9913 0.1294 -0.0239
vn 0.9887 0.1501 0.0056
vn 0.6488 0.3901 0.6534
vn -0.6472 0.6122 -0.4543
vn -0.8603 -0.2675 -0.4340
vn -0.0800 0.9328 -0.3513
vn -0.1516 0.9349 -0.3210
vn -0.8793 -0.2098 -0.4275
vn -0.8763 -0.2299 -0.4233
vn -0.8774 -0.2312 -0.4204
vn -0.0120 0.9359 -0.3520
vn 0.9475 0.2283 0.2237
vn 0.9704 0.1922 0.1464
vn -0.9840 -0.1782 -0.0095
vn 0.9502 0.2112 0.2293
vn 0.8023 0.3047 0.5133
vn 0.6487 0.3273 0.6871
vn -0.8663 -0.2544 -0.4299
vn -0.8668 -0.2624 -0.4241
vn 0.9039 0.0397 0.4259
vn -0.9740 -0.1112 0.1972
vn 0.0217 0.3356 -0.9418
vn -0.4825 -0.0696 0.8731
vn 0.1568 0.9855 -0.0646
vn -0.8429 -0.2946 -0.4503
vn 0.6516 -0.2210 0.7257
vn -0.8654 0.0999 -0.4909
vn 0.8243 0.5397 0.1709
vn -0.4099 0.7845 -0.4653
vn 0.8443 0.2478 0.4751
vn -0.7154 -0.2123 -0.6657
vn 0.7065 -0.3099 -0.6363
vn -0.5929 -0.1683 -0.7875
vn 0.7944 0.1403 -0.5910
vn 0.9922 0.1177 -0.0413
vn 0.6672 0.3844 0.6380
vn 0.8627 0.0173 0.5055
vn -0.8020 -0.2631 -0.5363
vn 0.9474 0.2249 0.2276
vn 0.7246 -0.1450 0.6737
vn -0.4782 -0.2919 -0.8284
vn 0.3693 -0.1794 -0.9118
vn 0.8530 0.0461 0.5198
vn 0.8467 0.3012 0.4386
vn 0.0784 -0.9090 0.4094
vn -0.4174 -0.8432 0.3386
vn 0.8491 0.2888 0.4423
vn 0.8555 0.2264 0.4658
vn -0.8606 -0.2242 -0.4573
vn -0.8654 -0.1956 -0.4613
vn 0.8647 0.2355 0.4436
vn -0.8626 -0.2312 -0.4501
vn 0.8620 0.2258 0.4539
vn 0.8734 0.2138 0.4377
vn 0.8630 0.2457 0.4414
vn 0.9075 0.3819 0.1749
vn 0.9399 0.2222 0.2594
vn 0.8364 0.2925 0.4635
vn 0.4748 0.8585 0.1935
vn 0.8892 0.2616 0.3753
vn 0.8290 0.2942 0.4756
vn 0.8347 0.3976 0.3810
vn 0.9114 0.2492 0.3274
vn 0.6465 0.3983 0.6507
vn 0.9926 0.1134 -0.0430
vn 0.8282 0.2734 0.4892
vn 0.7775 0.5701 0.2657
vn 0.8502 0.2882 0.4406
vn 0.7562 0.5687 0.3235
vn 0.8307 0.2506 0.4972
vn 0.6974 0.6892 -0.1966
vn 0.7379 0.5778 0.3489
vn -0.8660 -0.2263 -0.4459
vn -0.8697 -0.2190 -0.4423
vn -0.8733 -0.2404 -0.4238
vn -0.8777 -0.2204 -0.4255
vn -0.7682 -0.0406 -0.6390
vn -0.8722 -0.2350 -0.4290
vn -0.8618 -0.2159 -0.4590
vn -0.8679 -0.2241 -0.4433
vn -0.8643 -0.2355 -0.4445
vn -0.8629 -0.2251 -0.4524
vn -0.8649 -0.2301 -0.4460
vn 0.8693 0.1643 0.4661
vn 0.8507 0.3856 0.3572
vn -0.8607 -0.2027 -0.4670
vn 0.8587 0.2286 0.4587
vn 0.8602 0.2258 0.4572
vn -0.6940 -0.0242 0.7196
vn -0.2244 -0.5533 0.8022
vn -0.1079 -0.9591 0.2617
vn 0.8630 0.2097 0.4597
vn 0.8625 0.2185 0.4564
vn 0.2591 0.2893 -0.9215
vn 0.1697 -0.1065 -0.9797
vn 0.1085 -0.5891 -0.8008
vn 0.8081 0.2879 0.5139
vn -0.2762 -0.9497 -0.1475
vn 0.7406 0.3790 0.5548
vn -0.0128 -0.9236 -0.3832
vn -0.0580 -0.7965 -0.6018
vn 0.5641 -0.1293 -0.8155
vn 0.8409 0.2827 0.4615
vn 0.6143 0.3383 0.7129
vn 0.6241 0.2688 -0.7336
vn 0.9697 0.2006 0.1394
vn 0.9693 0.2021 0.1397
vn -0.0675 -0.9605 0.2699
vn 0.9642 0.0854 0.2512
vn 0.0425 -0.9976 0.0547
vn 0.8421 -0.0736 0.5343
vn 0.3224 -0.7084 0.6279
vn -0.1138 -0.9074 0.4045
vn -0.8577 -0.2545 -0.4467
vn -0.8630 -0.2202 -0.4546
vn 0.7709 0.5045 0.3887
vn 0.8469 0.2169 0.4854
vn 0.8531 0.2417 0.4625
vn -0.8648 -0.2140 -0.4542
vn -0.8652 -0.2043 -0.4578
vn -0.8662 -0.2443 -0.4359
vn 0.7942 0.5352 0.2877
vn 0.6783 0.7240 0.1256
vn 0.7365 0.6658 0.1197
vn -0.8611 -0.2398 -0.4483
vn -0.8611 -0.2364 -0.4502
vn 0.8667 0.2314 0.4420
vn -0.5643 -0.8241 0.0479
vn -0.0171 -0.8179 0.5751
vn -0.8533 -0.2266 -0.4697
vn 0.9009 0.3149 0.2986
vn 0.9761 0.2141 -0.0373
vn 0.9900 0.1391 0.0250
vn 0.8616 0.1966 0.4680
vn 0.8530 0.2280 0.4695
vn 0.9894 0.1407 0.0366
vn 0.8518 0.1887 0.4887
vn -0.5404 -0.0908 -0.8365
vn 0.1727 -0.8628 0.4751
vn 0.3150 -0.7310 0.6053
vn 0.3792 -0.7020 0.6028
vn 0.8590 0.1970 0.4726
vn 0.8552 0.1920 0.4813
vn 0.8572 0.1772 0.4835
vn -0.8580 -0.2368 -0.4557
vn -0.6054 -0.6534 0.4544
vn 0.8396 0.2230 0.4953
vn 0.8756 0.4726 -0.1003
vn 0.4522 0.8913 -0.0323
vn -0.8713 -0.0695 -0.4859
vn -0.7463 0.3800 -0.5464
vn -0.5374 -0.0228 -0.8430
vn 0.6427 0.7660 0.0141
vn 0.7661 0.6427 0.0011
vn 0.3127 0.8958 0.3159
vn -0.5366 0.7139 -0.4499
vn 0.0054 0.9935 -0.1137
vn 0.8227 0.3442 0.4525
vn 0.7818 0.2779 0.5582
vn -0.8656 -0.1791 -0.4677
vn 0.8541 0.2400 0.4614
vn -0.8602 -0.2237 -0.4583
vn -0.8604 -0.2278 -0.4560
vn 0.8481 0.2766 0.4519
vn 0.6162 0.1843 0.7658
vn 0.5146 0.1487 0.8444
vn 0.9914 0.1262 -0.0349
vn 0.9420 0.2316 0.2428
vn 0.9727 0.1653 0.1631
vn 0.6569 0.3360 0.6750
vn 0.9434 0.2263 0.2426
vn 0.7688 0.4190 0.4830
vn 0.9811 0.1910 -0.0297
vn 0.9065 0.4186 0.0560
vn 0.8534 0.2632 0.4499
vn 0.8472 0.3926 0.3580
vn 0.0245 0.4598 -0.8877
vn -0.0506 0.6831 -0.7286
vn -0.3860 0.7827 0.4882
vn -0.1343 0.3667 0.9206
vn -0.4278 0.8197 -0.3809
vn -0.8672 -0.2115 -0.4509
vn -0.8649 -0.1865 -0.4660
vn -0.8634 -0.2377 -0.4451
vn -0.8592 -0.2139 -0.4648
vn -0.8841 -0.2137 -0.4156
vn -0.8716 -0.1903 -0.4518
vn -0.3001 0.9537 -0.0212
vn -0.8679 -0.2188 -0.4459
vn -0.0272 0.9947 0.0988
vn 0.1049 0.9822 -0.1558
vn 0.8156 -0.0624 0.5753
vn 0.8536 0.0863 0.5136
vn 0.8623 0.2004 0.4650
vn 0.7020 0.3204 0.6360
vn 0.7872 0.3064 0.5352
vn 0.9724 0.1889 0.1369
vn 0.9755 0.1824 0.1231
vn 0.6932 0.3549 0.6274
vn 0.9269 0.2345 0.2929
vn 0.6192 0.3428 0.7065
vn 0.9939 0.1083 -0.0230
vn -0.8742 -0.2139 -0.4359
vn -0.8738 -0.2122 -0.4376
vn -0.8645 -0.2481 -0.4371
vn -0.8731 -0.2140 -0.4381
vn 0.3738 -0.8696 0.3224
vn -0.0003 -0.9961 0.0878
vn -0.2236 -0.9540 -0.1997
vn -0.8740 -0.2028 -0.4417
vn -0.8606 -0.2425 -0.4478
vn -0.3494 -0.9136 -0.2080
vn 0.1317 0.8390 -0.5280
vn 0.5858 0.3600 0.7261
vn -0.8611 -0.2241 -0.4563
vn 0.7632 0.2906 0.5772
vn 0.8479 0.2876 0.4454
vn 0.8375 0.4486 0.3120
vn 0.7024 0.6852 0.1927
vn 0.8258 0.2723 0.4939
vn -0.8635 -0.2305 -0.4486
vn 0.5520 0.1405 -0.8220
vn 0.7595 -0.2273 0.6095
vn 0.8403 0.0160 0.5419
vn 0.6973 -0.3413 0.6304
vn -0.1480 -0.9780 0.1472
vn 0.2719 -0.7761 0.5690
vn 0.4079 -0.6873 0.6010
vn 0.8622 0.1635 0.4795
vn 0.6062 -0.4799 0.6342
vn 0.7663 0.0439 -0.6410
vn 0.6024 0.6662 -0.4397
vn 0.0118 -0.1826 -0.9831
vn -0.2672 -0.0959 -0.9588
vn 0.0166 -0.2697 -0.9628
vn -0.7838 -0.1607 -0.5999
vn 0.4801 0.8496 -0.2184
vn -0.8240 -0.1985 -0.5306
vn 0.8645 -0.1141 -0.4895
vn 0.7144 0.6081 0.3463
vn -0.8803 -0.2095 -0.4255
vn 0.8526 0.2799 0.4413
vn 0.5136 -0.7123 0.4784
vn -0.6949 0.4877 -0.5284
vn -0.8807 -0.0537 -0.4707
vn -0.2526 0.8797 -0.4030
vn 0.7799 0.3110 0.5432
vn 0.9884 0.1496 -0.0272
vn -0.8620 -0.2327 -0.4504
vn 0.0617 -0.8649 0.4981
vn 0.9818 0.1720 0.0803
vn 0.8852 0.2972 0.3579
vn 0.0166 -0.9764 0.2152
vn 0.6311 0.3507 0.6919
vn -0.8683 -0.2454 -0.4310
vn -0.8699 -0.2289 -0.4369
vn 0.3156 -0.7959 0.5167
vn 0.7138 -0.3425 0.6109
vn 0.8520 0.1691 0.4955
vn -0.8871 -0.2159 -0.4079
vn 0.8505 0.2911 0.4380
vn -0.8249 -0.3674 0.4297
vn 0.5845 0.3919 0.7105
vn 0.6824 -0.1286 -0.7196
vn 0.7829 0.3309 0.5268
vn 0.9873 0.1591 0.0015
vn 0.9866 0.1552 -0.0505
vn 0.8083 0.2812 0.5173
vn 0.9458 0.2160 0.2426
vn 0.7028 -0.0380 -0.7104
vn 0.4233 -0.9053 0.0358
vn 0.7763 0.4575 0.4337
vn -0.8683 -0.2369 -0.4357
vn -0.1145 0.9558 -0.2707
vn 0.7165 0.1959 0.6695
vn -0.8816 -0.2176 -0.4189
vn -0.8598 -0.2414 -0.4499
vn 0.8582 0.1266 0.4975
vn 0.7249 0.3432 0.5973
vn 0.7307 0.3712 0.5729
vn 0.7300 0.3406 0.5925
vn -0.8623 -0.2454 -0.4430
vn -0.0203 -0.0168 0.9997
vn -0.2126 -0.1581 0.9643
vn -0.8641 -0.2443 -0.4400
vn 0.6795 0.3556 0.6417
vn -0.8722 -0.2290 -0.4323
vn 0.6531 0.2178 0.7253
vn -0.1429 -0.0683 0.9874
vn 0.9678 0.2128 0.1344
vn 0.8453 0.2957 0.4449
vn 0.9463 0.2207 0.2364
vn -0.3547 -0.2216 0.9083
vn 0.9872 0.1586 0.0135
vn 0.8442 0.3829 0.3751
vn 0.0343 -0.1238 0.9917
vn 0.7195 0.3444 0.6031
vn 0.9250 0.2634 0.2738
vn 0.8596 0.2779 0.4288
vn 0.8635 0.2830 0.4175
vn 0.8196 0.5177 0.2455
vn 0.6808 0.7298 0.0625
vn 0.7726 0.6043 0.1948
vn 0.8786 0.2956 0.3751
vn 0.8730 0.2359 0.4268
vn 0.8508 -0.0095 0.5253
vn -0.8611 -0.2565 -0.4390
vn -0.7209 -0.3533 -0.5963
vn -0.8830 -0.2381 -0.4045
vn 0.5878 0.7882 0.1824
vn 0.8677 0.2951 0.4001
vn -0.8674 -0.2065 -0.4528
vn 0.8548 0.2532 0.4530
vn -0.8681 -0.2391 -0.4351
vn -0.8462 -0.3188 -0.4271
vn -0.8523 -0.2308 -0.4693
vn 0.8748 0.2937 0.3854
vn 0.8902 0.4242 0.1659
vn 0.9486 0.2333 0.2140
vn 0.8530 -0.0056 0.5218
vn 0.8587 0.2247 0.4605
vn -0.8575 -0.2814 -0.4307
vn -0.8686 -0.2252 -0.4415
vn -0.6133 0.6588 -0.4357
vn -0.7054 0.1628 0.6899
vn -0.0882 0.9869 -0.1352
vn 0.7363 0.5359 0.4131
vn 0.8320 0.4337 0.3459
vn -0.1189 0.9846 -0.1280
vn 0.8852 0.2951 0.3596
vn 0.8643 0.1568 0.4779
vn 0.8523 0.2720 0.4467
vn -0.0646 -0.9091 0.4116
vn 0.8878 0.2182 0.4053
vn 0.3895 -0.6331 0.6690
vn 0.4931 -0.5780 0.6502
vn 0.5996 -0.2093 0.7725
vn 0.8785 0.2804 0.3869
vn 0.6787 -0.0434 0.7331
vn 0.8649 0.3144 0.3912
vn 0.6250 0.3924 0.6748
vn 0.4748 -0.6079 0.6364
vn 0.9181 0.2678 0.2923
vn 0.8757 0.3107 0.3695
vn 0.5488 0.7083 0.4439
vn 0.9886 0.1331 0.0709
vn 0.8374 0.3682 0.4041
vn 0.9440 0.2162 0.2491
vn 0.5957 0.3689 0.7135
vn 0.9890 0.1475 -0.0068
vn 0.9512 -0.0122 0.3082
vn 0.8705 0.2968 0.3926
vn 0.7066 0.6936 0.1397
vn 0.8588 0.2448 0.4501
vn 0.6882 0.7232 0.0579
vn 0.9615 -0.1520 0.2291
vn 0.8512 0.1240 0.5100
vn 0.4903 -0.3886 0.7801
vn 0.4469 -0.5164 0.7305
vn -0.6942 -0.1187 0.7099
vn -0.8688 -0.2302 -0.4384
vn 0.3964 -0.6220 0.6752
vn 0.1211 -0.7382 0.6636
vn -0.8720 -0.2322 -0.4309
vn 0.8494 0.2760 0.4497
vn 0.8645 0.2057 0.4587
vn -0.7698 -0.6121 0.1807
vn 0.6873 0.7193 0.1011
vn -0.8762 -0.2351 -0.4207
vn -0.8594 -0.2964 -0.4166
vn -0.8593 -0.2834 -0.4258
vn -0.8670 -0.2114 -0.4512
vn 0.8760 0.2652 0.4028
vn 0.8777 0.2713 0.3951
vn -0.8102 -0.5643 0.1585
vn 0.9295 -0.3288 0.1673
vn 0.9365 0.0952 0.3374
vn -0.8318 -0.5174 -0.2010
vn -0.8807 -0.2458 -0.4048
vn 0.7949 0.4433 0.4142
vn 0.6424 0.6188 0.4521
vn -0.8762 -0.2163 -0.4307
vn -0.8737 -0.2303 -0.4286
vn 0.8773 0.2641 0.4007
vn 0.1779 -0.7948 0.5803
vn -0.8288 -0.5127 -0.2240
vn -0.8795 -0.2269 -0.4184
vn 0.8425 0.2336 0.4854
vn 0.6601 0.6934 0.2890
vn -0.5718 0.6190 -0.5383
vn -0.8621 -0.2813 -0.4215
vn -0.8662 -0.2349 -0.4411
vn 0.8497 0.4166 0.3232
vn 0.8572 0.3187 0.4045
vn 0.8480 0.2838 0.4476
vn 0.8685 0.2483 0.4290
vn 0.8658 0.2179 0.4504
vn -0.8618 -0.2262 -0.4540
vn -0.8641 -0.2050 -0.4597
vn -0.3775 0.8225 -0.4254
vn -0.7589 0.3123 -0.5714
vn -0.2452 0.8547 -0.4576
vn -0.8682 -0.2390 -0.4349
vn 0.8710 0.2428 0.4272
vn -0.8603 -0.2354 -0.4522
vn -0.8591 -0.2308 -0.4567
vn -0.9269 0.2307 0.2959
vn -0.8239 -0.3747 -0.4252
vn -0.8542 -0.2117 -0.4749
vn -0.8562 -0.2829 -0.4322
vn 0.8003 -0.2380 0.5504
vn 0.9909 0.1335 0.0179
vn 0.3848 -0.6757 0.6287
vn -0.8553 -0.2329 -0.4629
vn -0.8579 -0.2408 -0.4539
vn 0.8647 0.3011 0.4021
vn 0.7805 -0.1442 0.6083
vn 0.8285 0.0360 0.5588
vn -0.8674 -0.2272 -0.4427
vn 0.8553 0.2653 0.4451
vn 0.8544 0.2488 0.4563
vn 0.0370 0.9548 -0.2950
vn 0.8089 0.4301 0.4009
vn 0.4184 -0.1229 0.8999
vn -0.8677 -0.2194 -0.4461
vn -0.8589 -0.2595 -0.4416
vn 0.8621 0.2271 0.4530
vn 0.3182 -0.4203 0.8498
vn -0.8420 -0.4618 -0.2787
vn 0.8706 0.2877 0.3990
vn 0.8666 0.2982 0.4001
vn 0.8703 0.2916 0.3970
vn -0.6456 0.6195 -0.4466
vn 0.3314 0.9423 -0.0477
vn -0.8716 -0.3013 -0.3866
vn -0.8615 -0.2556 -0.4386
vn -0.8524 -0.2565 -0.4556
vn -0.8749 -0.0511 -0.4817
vn -0.3618 0.7662 -0.5311
vn -0.8559 -0.2342 -0.4611
vn -0.8791 -0.2543 -0.4030
vn -0.8618 -0.2370 -0.4485
vn -0.8746 -0.2359 -0.4235
vn -0.2274 -0.8240 0.5190
vn 0.8291 0.3231 0.4563
vn 0.8799 0.2937 0.3735
vn -0.2453 -0.0467 0.9683
vn 0.1563 0.0387 0.9869
vn 0.7952 0.3249 0.5119
vn 0.8814 0.2863 0.3756
vn -0.9506 -0.3028 0.0685
vn -0.2528 -0.1880 0.9491
vn 0.2275 -0.1122 0.9673
vn 0.7990 -0.1461 0.5833
vn -0.7660 0.4425 0.4663
vn -0.2315 -0.8380 0.4942
vn -0.8698 -0.2400 -0.4311
vn 0.5841 0.3597 0.7276
vn -0.8662 -0.2370 -0.4400
vn 0.9571 0.2811 0.0695
vn 0.8514 0.3010 0.4295
vn 0.8189 0.4554 0.3492
vn -0.8724 -0.2283 -0.4323
vn 0.8870 0.3639 0.2842
vn 0.7958 0.4018 0.4530
vn -0.8674 -0.2273 -0.4426
vn 0.8408 0.3098 0.4439
vn 0.8415 0.3035 0.4470
vn -0.8879 -0.1949 -0.4168
vn 0.6558 -0.0772 -0.7510
vn 0.9756 -0.0845 -0.2024
vn 0.9563 0.2108 0.2027
vn 0.9828 0.1667 -0.0791
vn 0.6688 0.0988 -0.7369
vn 0.9646 0.1616 0.2084
vn -0.8776 -0.2148 -0.4286
vn -0.8776 -0.2084 -0.4318
vn 0.8497 0.2963 0.4362
vn 0.8453 0.2930 0.4467
vn 0.8625 0.2677 0.4295
vn -0.8893 -0.2420 -0.3880
vn -0.8634 -0.2338 -0.4471
vn 0.7269 -0.2652 0.6335
vn -0.8567 -0.2686 -0.4404
vn -0.8465 -0.3601 -0.3921
vn 0.8690 0.2213 0.4426
vn 0.8656 0.2417 0.4385
vn -0.3257 -0.9418 -0.0828
vn -0.8658 -0.2375 -0.4405
vn -0.8663 -0.2373 -0.4395
vn -0.2185 0.8902 -0.3998
vn -0.8751 0.1398 -0.4633
vn -0.4854 0.7563 -0.4386
vn -0.8758 0.0681 -0.4778
vn 0.8678 0.2467 0.4314
vn 0.0660 -0.8342 0.5475
vn 0.8583 0.2229 0.4623
vn 0.8600 0.1970 0.4707
vn 0.5667 0.6001 0.5645
vn 0.9657 -0.0256 0.2583
vn 0.9809 0.1906 0.0398
vn 0.9357 0.2285 0.2688
vn 0.0254 -0.9235 0.3828
vn 0.4125 -0.9025 -0.1234
vn 0.7075 -0.0951 0.7003
vn 0.4609 0.1378 -0.8767
vn 0.2782 -0.7054 -0.6519
vn -0.5296 -0.8460 0.0619
vn 0.9632 0.0425 0.2653
vn 0.8594 0.2415 0.4508
vn 0.9605 0.2272 0.1606
vn 0.9881 0.1403 -0.0623
vn 0.9883 0.1405 -0.0588
vn 0.8522 0.2749 0.4452
vn 0.9637 0.2114 0.1630
vn 0.8585 0.2640 0.4397
vn 0.8496 0.2674 0.4545
vn -0.8699 -0.2010 -0.4503
vn 0.8644 0.2448 0.4392
vn -0.8633 -0.2248 -0.4519
vn 0.5245 -0.5749 0.6280
vn 0.2107 -0.7866 0.5804
vn 0.3805 -0.9160 0.1273
vn -0.6420 -0.7595 -0.1054
vn -0.0906 -0.9744 0.2060
vn 0.4228 -0.6577 0.6234
vn 0.6470 -0.5428 0.5356
vn 0.3830 -0.6361 0.6698
vn 0.8440 0.2197 0.4893
vn -0.2683 0.6461 0.7145
vn -0.8744 -0.2168 -0.4341
vn 0.6208 0.3636 0.6946
vn 0.7760 -0.1846 0.6031
vn 0.8281 -0.1857 0.5289
vn 0.9027 -0.0073 0.4303
vn 0.7363 0.3381 0.5862
vn 0.9920 0.1207 -0.0380
vn 0.8001 -0.1736 0.5742
vn 0.8235 -0.0193 0.5670
vn 0.8057 -0.1003 0.5838
vn -0.8776 -0.2221 -0.4249
vn -0.8644 -0.2029 -0.4600
vn -0.8853 -0.2286 -0.4050
vn -0.8779 -0.2265 -0.4219
vn -0.8861 -0.2255 -0.4050
vn 0.8688 0.2346 0.4361
vn 0.3793 -0.7020 0.6027
vn 0.9097 0.4102 0.0647
vn 0.8997 0.2446 0.3616
vn -0.8762 -0.2268 -0.4252
vn 0.8401 0.2993 0.4523
vn -0.8766 -0.2281 -0.4238
vn -0.8684 -0.2194 -0.4447
vn 0.8677 0.4894 0.0871
vn 0.8583 0.2144 0.4661
vn 0.6876 -0.5218 0.5049
vn -0.1974 -0.9304 0.3090
vn -0.8733 -0.2003 -0.4442
vn -0.8583 -0.2370 -0.4552
vn -0.8560 -0.2275 -0.4643
vn 0.8182 0.3578 0.4499
vn 0.8034 0.4306 0.4112
vn 0.8332 0.2454 0.4955
vn -0.8519 -0.2441 -0.4633
vn 0.8937 0.3336 0.3000
vn 0.8422 0.3771 0.3854
vn 0.8312 0.2833 0.4783
vn 0.9920 0.1254 -0.0151
vn 0.9422 0.2315 0.2420
vn 0.8238 0.3002 0.4809
vn 0.8616 0.2724 0.4284
vn 0.8697 0.2487 0.4263
vn -0.8571 -0.2181 -0.4667
vn 0.8698 0.2551 0.4223
vn -0.6549 0.7417 -0.1445
vn -0.4075 0.8522 0.3283
vn -0.8981 0.3572 0.2565
vn -0.9709 -0.0907 -0.2218
vn -0.8798 -0.1889 -0.4363
vn -0.9210 0.0307 -0.3883
vn -0.8545 -0.2171 -0.4718
vn -0.8803 -0.2150 -0.4230
vn -0.1999 -0.9645 0.1723
vn 0.2181 -0.9716 -0.0920
vn -0.6324 -0.7423 -0.2215
vn -0.0642 -0.9564 0.2848
vn 0.7150 -0.3401 0.6108
vn 0.9636 0.1803 0.1975
vn 0.9929 0.1187 -0.0023
vn 0.8371 0.5374 0.1026
vn 0.8769 0.4756 0.0692
vn 0.9906 0.1360 -0.0112
vn 0.9923 0.1218 -0.0220
vn 0.9862 0.1622 0.0326
vn 0.8395 0.4400 0.3187
vn 0.8625 0.2701 0.4280
vn 0.6103 0.3503 0.7105
vn 0.9448 0.1991 0.2601
vn 0.9170 0.2355 0.3221
vn 0.1932 0.3250 -0.9258
vn 0.9387 0.2311 0.2558
vn 0.9912 0.1320 0.0091
vn 0.7440 0.3086 0.5927
vn 0.9548 0.1948 0.2247
vn 0.9904 0.1383 -0.0026
vn 0.8700 0.2562 0.4213
vn 0.9866 0.1592 0.0365
vn 0.5001 -0.6665 0.5528
vn 0.8634 0.2083 0.4595
vn 0.7545 -0.0457 0.6547
vn 0.9929 0.1187 -0.0111
vn 0.8633 0.2281 0.4503
vn 0.8664 0.2213 0.4476
vn 0.8659 0.2339 0.4421
vn 0.8397 0.2407 0.4868
vn 0.8117 0.4780 0.3357
vn -0.8670 -0.2421 -0.4356
vn 0.7214 0.6846 0.1050
vn 0.8618 0.2063 0.4635
vn -0.7071 0.4941 -0.5059
vn -0.2712 0.8944 -0.3557
vn 0.1577 0.9771 0.1432
vn 0.0210 0.9986 0.0476
vn 0.6902 0.5513 0.4686
vn -0.8688 -0.2059 -0.4503
vn -0.8725 -0.2133 -0.4395
vn -0.8619 -0.2136 -0.4598
vn -0.8157 -0.1467 -0.5596
vn 0.8267 0.2606 0.4987
vn -0.8770 -0.2169 -0.4287
vn 0.8550 -0.0936 0.5102
vn -0.8767 -0.2122 -0.4317
vn 0.8550 0.2884 0.4311
vn -0.8783 -0.2029 -0.4330
vn 0.9257 0.2658 0.2691
vn 0.5845 0.3472 0.7333
vn 0.9319 0.2621 0.2508
vn -0.7196 0.3769 -0.5832
vn -0.3350 -0.9240 0.1842
vn 0.8446 0.2080 0.4933
vn 0.8507 0.2000 0.4862
vn -0.8671 -0.2067 -0.4533
vn 0.8604 0.2457 0.4466
vn -0.8655 -0.2327 -0.4435
vn 0.5756 0.7719 0.2698
vn 0.2754 0.9592 -0.0641
vn 0.8408 0.2745 0.4666
vn 0.8972 0.2771 0.3440
vn -0.0224 0.9949 -0.0987
vn 0.9897 0.1371 -0.0416
vn 0.6546 0.3680 0.6603
vn 0.9898 0.1371 -0.0396
vn 0.9049 0.2597 0.3373
vn 0.7374 0.0954 0.6687
vn 0.8362 0.2082 0.5074
vn 0.6660 0.1135 0.7372
vn 0.8723 0.2560 0.4166
vn -0.8788 -0.2152 -0.4259
vn -0.8791 -0.2122 -0.4268
vn 0.8306 0.4883 0.2675
vn 0.8486 0.4222 0.3188
vn -0.6414 -0.7043 0.3042
vn -0.8761 -0.2345 -0.4213
vn -0.5396 0.6993 -0.4688
vn -0.6061 -0.7271 0.3225
vn 0.6541 0.5518 0.5174
vn -0.8770 -0.2068 -0.4338
vn -0.8746 -0.2278 -0.4280
vn 0.5477 0.8271 0.1260
vn -0.8784 -0.2347 -0.4164
vn -0.8858 -0.1993 -0.4192
vn 0.8606 0.1794 0.4767
vn 0.8570 0.1882 0.4796
vn -0.8828 -0.2223 -0.4138
vn 0.8719 0.2322 0.4310
vn 0.8302 -0.0373 0.5562
vn 0.5629 0.3756 0.7363
vn -0.8642 -0.2185 -0.4532
vn -0.8852 -0.1950 -0.4222
vn -0.8771 -0.2510 -0.4095
vn 0.2813 0.9079 -0.3107
vn -0.9022 0.0311 -0.4302
vn -0.2300 0.8987 -0.3735
vn -0.4577 0.8233 -0.3356
vn 0.8561 0.4092 0.3156
vn 0.8585 0.2427 0.4519
vn 0.8578 0.2566 0.4453
vn 0.8620 0.2544 0.4385
vn 0.8538 0.4039 0.3284
vn 0.1557 -0.9037 -0.3987
vn 0.7401 -0.4215 -0.5240
vn 0.7661 0.6178 0.1774
vn 0.6845 0.4497 0.5738
vn 0.8599 0.2295 0.4560
vn 0.6248 0.5459 0.5581
vn 0.8616 0.2104 0.4619
vn 0.8624 0.2270 0.4525
vn 0.4588 -0.5997 0.6557
vn 0.8527 0.2976 0.4293
vn -0.8704 -0.2421 -0.4288
vn 0.8559 0.2674 0.4427
vn -0.7048 0.3791 -0.5996
vn 0.4224 0.4955 -0.7589
vn -0.3520 -0.2750 -0.8947
vn 0.5772 -0.3847 -0.7203
vn 0.1323 -0.8532 -0.5045
vn 0.5306 -0.8395 0.1172
vn 0.2032 0.0257 -0.9788
vn 0.0262 0.4149 -0.9095
vn 0.6585 0.0162 -0.7524
vn 0.3439 0.7575 -0.5550
vn -0.2027 0.9366 -0.2857
vn -0.0747 0.5402 -0.8382
vn 0.9414 -0.0686 0.3303
vn 0.8498 0.2410 0.4688
vn -0.8737 -0.2543 -0.4146
vn 0.6355 0.7436 0.2076
vn 0.8538 0.2679 0.4464
vn 0.3425 0.2928 -0.8928
vn 0.9946 0.0546 -0.0878
vn 0.9541 0.2245 0.1984
vn 0.6081 0.0174 -0.7937
vn 0.8365 0.2709 0.4764
vn 0.8644 0.1820 0.4687
vn 0.8976 0.1772 0.4036
vn 0.2462 0.1534 -0.9570
vn 0.5390 -0.7988 -0.2673
vn 0.0996 -0.9926 0.0702
vn 0.6619 0.5608 0.4973
vn 0.8685 0.2493 0.4285
vn 0.8656 0.2801 0.4151
vn -0.8642 -0.1891 -0.4662
vn -0.8668 -0.1920 -0.4601
vn -0.8668 -0.1933 -0.4597
vn -0.4322 -0.9012 -0.0319
vn 0.9507 0.0445 -0.3069
vn 0.9920 0.0715 0.1039
vn -0.5131 0.7018 0.4942
vn 0.9801 0.0872 0.1782
vn -0.1785 0.9538 -0.2416
vn -0.1046 0.7212 0.6848
vn 0.9198 0.2606 0.2933
vn 0.8650 0.1388 0.4823
vn -0.8591 -0.3197 -0.3997
vn 0.8624 0.1771 0.4742
vn 0.9803 -0.0686 -0.1852
vn 0.7964 0.6039 0.0337
vn 0.9314 0.3457 0.1137
vn -0.6857 -0.7218 -0.0939
vn 0.8630 0.1762 0.4734
vn 0.3718 -0.6721 0.6403
vn 0.8624 0.1983 0.4658
vn 0.9325 0.1306 0.3369
vn 0.8784 0.2503 0.4073
vn 0.8267 -0.1114 -0.5514
vn -0.8665 -0.3201 -0.3831
vn 0.7954 -0.2250 -0.5627
vn -0.4007 -0.8859 0.2338
vn 0.8892 -0.0886 -0.4488
vn -0.8624 -0.3332 -0.3810
vn 0.8278 -0.1099 -0.5502
vn -0.8664 -0.2294 -0.4436
vn -0.7984 -0.5741 -0.1816
vn 0.8624 0.2526 0.4386
vn 0.7473 0.1334 -0.6510
vn -0.8673 -0.2430 -0.4345
vn 0.7654 -0.0587 -0.6409
vn 0.9197 -0.1379 -0.3677
vn 0.9652 0.0440 -0.2577
vn 0.8336 0.4322 0.3440
vn -0.2783 -0.2275 -0.9332
vn 0.2762 -0.3910 -0.8780
vn -0.5791 -0.7058 -0.4081
vn 0.8593 0.2712 0.4337
vn -0.6753 -0.2434 -0.6962
vn 0.9595 0.2078 -0.1904
vn 0.8683 -0.1894 -0.4585
vn 0.2184 -0.1687 -0.9612
vn -0.8737 -0.2434 -0.4212
vn 0.0154 -0.9511 -0.3084
vn 0.2168 -0.9762 0.0086
vn -0.2507 -0.1631 -0.9542
vn 0.8286 -0.1364 -0.5430
vn -0.8751 -0.2095 -0.4361
vn 0.7961 0.1275 0.5915
vn 0.3066 -0.8910 -0.3349
vn -0.4108 -0.6504 -0.6390
vn 0.4606 -0.3497 -0.8158
vn 0.8680 0.2894 0.4035
vn -0.8634 -0.2144 -0.4566
vn -0.8649 -0.2365 -0.4428
vn -0.2205 0.2107 0.9524
vn -0.2188 0.2063 0.9537
vn -0.1784 0.3423 0.9225
vn 0.8558 0.2651 0.4442
vn -0.8853 -0.0488 -0.4625
vn 0.8561 0.2654 0.4434
vn -0.1861 0.1384 0.9727
vn -0.1897 0.0860 0.9781
vn -0.2024 0.0810 0.9760
vn 0.8810 0.2613 0.3945
vn -0.8655 -0.2395 -0.4399
vn 0.9320 0.1107 0.3451
vn 0.8742 0.2852 0.3930
vn -0.8653 -0.2350 -0.4427
vn 0.8826 0.2664 0.3875
vn 0.0917 0.9408 -0.3264
vn 0.8810 0.2783 0.3827
vn 0.8806 0.2859 0.3780
vn 0.8806 0.2891 0.3753
vn -0.1252 0.9859 0.1113
vn -0.8601 -0.2156 -0.4623
vn -0.2610 0.8044 0.5337
vn -0.3672 0.4288 0.8254
vn -0.3987 -0.0157 0.9169
vn -0.8171 -0.4817 0.3166
vn 0.8836 0.2670 0.3848
vn -0.5868 0.3339 0.7377
vn 0.3277 -0.2067 0.9219
vn -0.8622 -0.2168 -0.4578
vn -0.3247 0.6365 0.6996
vn 0.3093 -0.6300 0.7124
vn -0.8463 -0.2622 -0.4638
vn 0.6163 -0.3582 0.7013
vn 0.0780 0.9917 -0.1026
vn -0.5529 -0.5401 -0.6346
vn -0.8735 -0.2302 -0.4290
vn -0.0701 0.9453 -0.3185
vn -0.8519 0.0173 -0.5234
vn -0.8490 -0.2608 -0.4595
vn -0.8667 -0.2321 -0.4415
vn -0.6685 0.6503 -0.3610
vn -0.8658 -0.2317 -0.4436
vn -0.8658 -0.2218 -0.4486
vn -0.8515 -0.2546 -0.4584
vn -0.8711 -0.2285 -0.4348
vn -0.1124 -0.1119 0.9873
vn 0.2140 0.0363 0.9762
vn -0.1412 -0.1483 0.9788
vn 0.8434 0.3786 0.3812
vn 0.7836 0.5252 0.3319
vn 0.4860 0.8476 0.2132
vn 0.5691 0.7626 0.3074
vn 0.5189 0.8443 0.1338
vn 0.4642 0.8215 -0.3311
vn -0.8709 -0.0595 -0.4879
vn 0.8528 -0.3657 -0.3728
vn 0.9686 -0.0574 -0.2417
vn 0.8551 0.0340 -0.5173
vn 0.8233 -0.0182 -0.5672
vn 0.7864 -0.0577 -0.6151
vn 0.6679 -0.1112 -0.7359
vn 0.4832 -0.8604 -0.1616
vn 0.3416 -0.8788 -0.3333
vn 0.4136 -0.8653 0.2832
vn 0.4277 -0.9022 0.0560
vn 0.0499 0.1312 0.9901
vn -0.1904 0.0012 0.9817
vn 0.3945 -0.8439 0.3636
vn -0.6966 0.3826 0.6069
vn -0.7092 0.5681 0.4175
vn -0.7313 0.1591 0.6632
vn -0.5688 -0.2307 0.7895
vn 0.4190 -0.8569 0.3003
vn 0.4752 -0.8584 0.1930
vn 0.1740 -0.9088 -0.3791
vn 0.2940 -0.8566 0.4241
vn 0.7031 -0.0482 -0.7095
vn 0.8822 0.0212 -0.4705
vn 0.7055 -0.0678 -0.7054
vn 0.9361 0.2717 0.2234
vn 0.1497 -0.9548 -0.2568
vn -0.0733 -0.8994 -0.4310
vn 0.7829 0.0607 -0.6192
vn 0.7602 0.0009 -0.6497
vn 0.6644 -0.0678 -0.7443
vn -0.3173 -0.7964 -0.5148
vn 0.1373 -0.9883 0.0660
vn 0.5393 -0.7452 0.3922
vn 0.4796 -0.6648 0.5727
vn -0.3472 -0.3575 0.8670
vn -0.3616 -0.3723 0.8548
vn -0.9217 -0.3497 -0.1678
vn -0.1958 -0.8475 -0.4934
vn -0.2853 -0.9058 -0.3133
vn -0.3040 -0.9274 -0.2181
vn 0.0318 -0.9695 0.2431
vn 0.2600 -0.8660 0.4271
vn -0.7029 -0.2288 -0.6735
vn -0.0368 0.1156 -0.9926
vn -0.7188 -0.3833 -0.5799
vn -0.7159 -0.1997 -0.6691
vn -0.1682 -0.3981 -0.9018
vn 0.1651 -0.0074 -0.9862
vn 0.5535 0.1267 -0.8231
vn 0.4379 -0.2625 -0.8598
vn 0.9678 0.0569 -0.2452
vn 0.9829 0.0784 -0.1668
vn 0.5104 -0.0317 -0.8594
vn -0.2946 -0.9549 0.0361
vn -0.8170 -0.2102 -0.5369
vn -0.8103 -0.2119 -0.5463
vn -0.7483 -0.3126 -0.5851
vn 0.8711 0.4367 0.2248
vn 0.2093 -0.8747 0.4372
vn 0.8856 0.3195 0.3371
vn 0.5233 -0.6647 0.5332
vn 0.7246 -0.3665 0.5836
vn 0.4670 -0.7070 0.5311
vn 0.7278 0.4311 0.5333
vn 0.6683 0.3270 0.6682
vn -0.8112 -0.2147 -0.5439
vn 0.2928 -0.0480 -0.9550
vn -0.7283 -0.2090 -0.6527
vn 0.5735 0.6901 0.4415
vn 0.5698 0.7029 0.4258
vn 0.5938 -0.5878 0.5494
vn 0.8289 0.3867 0.4041
vn 0.7907 0.4418 0.4238
vn 0.5438 0.7924 0.2763
vn 0.9351 -0.0063 0.3544
vn 0.9459 -0.0953 0.3100
vn 0.9659 -0.2491 0.0701
vn 0.9290 0.2727 -0.2500
vn 0.9470 0.2335 0.2204
vn 0.9283 0.3124 -0.2017
vn 0.9195 0.3102 0.2413
vn 0.9545 0.1850 0.2341
vn 0.9890 -0.0520 -0.1384
vn 0.9659 -0.2494 0.0700
vn 0.9719 -0.1724 -0.1606
vn 0.9997 0.0144 0.0186
vn 0.9084 -0.3840 0.1656
vn 0.9141 -0.3568 0.1925
vn 0.6346 0.5942 0.4942
vn 0.4910 -0.2314 -0.8399
vn 0.5808 -0.5038 -0.6395
vn 0.5540 -0.7703 -0.3157
vn 0.2601 -0.7227 -0.6404
vn 0.6186 -0.7672 0.1695
vn 0.4906 -0.8132 0.3129
vn 0.5570 0.6788 0.4785
vn 0.2817 -0.4327 -0.8564
vn 0.1844 -0.9130 -0.3640
vn 0.2121 -0.8864 -0.4116
vn 0.1821 -0.9555 -0.2319
vn 0.3745 -0.9196 0.1187
vn 0.3703 -0.9116 0.1787
vn 0.4565 -0.7566 0.4682
vn 0.1530 -0.8487 0.5063
vn 0.4533 -0.7696 0.4497
vn 0.2880 -0.3810 0.8786
vn -0.1247 -0.4900 0.8628
vn 0.0979 -0.3349 0.9372
vn 0.1798 -0.3505 0.9191
vn -0.1843 -0.1372 0.9733
vn -0.3774 0.4704 0.7977
vn -0.2347 0.3322 0.9136
vn -0.4030 0.5060 0.7626
vn -0.8434 0.1662 0.5110
vn 0.8287 0.1110 -0.5486
vn 0.1063 0.8923 -0.4387
vn 0.0747 -0.7868 -0.6126
vn 0.0274 -0.8377 -0.5455
vn 0.0795 -0.6963 -0.7133
vn 0.1778 -0.3888 -0.9040
vn 0.1595 -0.2160 -0.9633
vn 0.0443 -0.9228 -0.3828
vn -0.1196 -0.9924 0.0276
vn 0.0113 -0.9770 0.2130
vn 0.0631 0.0496 -0.9968
vn 0.0758 0.1337 -0.9881
vn -0.0514 0.4470 -0.8930
vn -0.1665 0.6474 -0.7437
vn -0.1649 0.7498 -0.6408
vn 0.8415 0.3907 0.3732
vn 0.9435 -0.1193 0.3091
vn 0.7491 0.3984 0.5292
vn 0.7454 0.2400 0.6220
vn -0.1364 -0.8444 -0.5180
vn 0.0209 -0.5282 -0.8488
vn -0.3371 -0.9412 -0.0240
vn -0.2598 -0.8845 0.3874
vn -0.1297 -0.0834 -0.9880
vn -0.0948 -0.0128 -0.9954
vn -0.1987 0.2726 -0.9414
vn -0.2656 -0.8712 0.4128
vn -0.4217 -0.6845 0.5947
vn 0.8382 0.0141 0.5452
vn 0.9287 0.2690 0.2551
vn -0.3826 -0.5007 0.7764
vn -0.2442 -0.6346 0.7333
vn -0.3126 0.0034 0.9499
vn -0.3921 -0.0703 0.9172
vn -0.2660 0.1905 0.9450
vn 0.9670 0.2030 0.1541
vn 0.7717 0.3119 0.5542
vn -0.2801 0.5475 0.7885
vn -0.1266 0.2795 0.9517
vn 0.9042 0.2053 0.3744
vn 0.9817 0.1844 -0.0486
vn -0.4743 -0.5251 -0.7066
vn -0.3631 -0.9293 -0.0669
vn -0.4703 -0.7974 -0.3781
vn -0.5841 -0.7434 -0.3259
vn -0.5893 -0.7985 -0.1231
vn -0.3306 -0.9104 0.2487
vn -0.3995 -0.8886 0.2254
vn -0.5004 -0.8261 0.2592
vn -0.3864 -0.0676 -0.9198
vn -0.4411 0.0235 -0.8972
vn -0.3578 0.2553 -0.8982
vn -0.2747 0.2929 -0.9158
vn 0.8455 0.3055 0.4379
vn -0.3229 0.5391 -0.7779
vn -0.4899 0.5431 -0.6819
vn 0.9852 0.1110 0.1308
vn 0.9843 0.1220 0.1275
vn -0.5341 -0.7349 0.4179
vn -0.4064 -0.7784 0.4785
vn -0.4988 -0.5864 0.6383
vn 0.9545 -0.0183 0.2975
vn 0.9394 -0.1167 0.3225
vn 0.6931 -0.4218 0.5845
vn 0.8438 -0.2414 0.4794
vn -0.6055 -0.4135 0.6800
vn 0.6947 0.2619 0.6699
vn 0.7749 -0.3627 0.5177
vn -0.5361 -0.0583 0.8421
vn -0.6223 0.6127 0.4872
vn -0.4743 0.4451 0.7596
vn -0.6820 0.2702 0.6796
vn -0.6329 -0.4994 -0.5917
vn -0.6709 -0.6483 -0.3599
vn -0.5375 -0.7368 0.4102
vn -0.5818 0.3528 -0.7328
vn -0.5585 0.4937 -0.6666
vn -0.6330 0.6968 -0.3374
vn -0.6974 0.6613 0.2762
vn -0.6880 -0.1767 0.7039
vn -0.7730 0.2608 0.5784
vn -0.7401 0.4685 0.4825
vn -0.8246 -0.5647 0.0344
vn -0.7948 -0.4842 -0.3659
vn -0.7081 -0.6299 0.3191
vn -0.7983 -0.4667 0.3807
vn -0.6815 0.0353 -0.7309
vn -0.8530 -0.0328 -0.5209
vn -0.9060 0.1427 -0.3984
vn -0.9439 0.0259 0.3292
vn -0.8756 0.4008 0.2697
vn -0.8430 0.2232 0.4894
vn -0.8207 0.4009 -0.4071
vn -0.8709 0.3390 -0.3558
vn -0.6199 0.5053 -0.6003
vn -0.8568 0.5139 -0.0432
vn -0.7132 -0.3979 0.5770
vn -0.7469 -0.2646 0.6101
vn -0.8154 -0.1601 0.5563
vn -0.8632 0.1390 0.4854
vn -0.8316 -0.4837 -0.2729
vn -0.9815 -0.1741 0.0802
vn -0.9532 -0.2997 0.0386
vn -0.9321 0.3418 -0.1194
vn -0.9964 0.0799 -0.0294
vn -0.9197 -0.2035 0.3359
vn -0.9477 -0.1504 0.2815
vn -0.9658 0.2228 0.1329
vn 0.7258 0.6780 0.1163
vn -0.3454 -0.6828 0.6438
vn 0.9376 -0.0794 0.3386
vn 0.9367 -0.0704 0.3429
vn 0.9302 0.0030 0.3670
vn -0.8326 -0.4028 -0.3802
vn -0.7076 -0.6987 -0.1055
vn -0.7508 -0.6327 -0.1900
vn -0.7517 -0.6313 -0.1908
vn 0.9226 -0.1505 0.3553
vn 0.9013 -0.3267 0.2844
vn -0.6109 -0.7743 0.1649
vn -0.5527 -0.7289 0.4041
vn 0.9027 -0.0366 0.4286
vn -0.5293 -0.6806 0.5065
vn -0.5525 -0.8188 0.1561
vn -0.7439 -0.6669 0.0426
vn -0.1638 -0.9367 0.3094
vn 0.0327 -0.9007 0.4331
vn -0.7299 -0.6835 0.0111
vn -0.5073 -0.7114 0.4863
vn -0.3425 -0.8193 0.4599
vn -0.2948 -0.8988 0.3245
vn 0.5799 0.6816 0.4462
vn 0.8008 0.3858 0.4580
vn 0.4610 0.6634 0.5894
vn 0.4069 0.8440 0.3494
vn -0.0347 0.8690 -0.4936
vn 0.6142 0.6297 0.4757
vn 0.5898 0.3722 0.7167
vn 0.9840 0.1780 0.0086
vn 0.5452 0.7940 0.2689
vn 0.7283 0.4743 0.4946
vn 0.7535 0.3416 0.5617
vn -0.6668 -0.7138 0.2144
vn -0.5029 -0.8361 0.2191
vn -0.2176 -0.9240 0.3144
vn -0.5284 -0.8480 0.0413
vn -0.4930 -0.8454 0.2054
vn -0.6130 -0.7893 0.0356
vn -0.3032 -0.9212 0.2439
vn -0.3162 0.9124 -0.2600
vn 0.0412 0.9988 0.0246
vn 0.8376 0.5250 -0.1508
vn 0.9724 0.2331 -0.0071
vn -0.1272 0.8840 -0.4498
vn 0.9142 0.1250 0.3856
vn 0.9209 0.3896 -0.0115
vn 0.4950 0.7265 -0.4766
vn -0.7926 -0.5784 -0.1927
vn -0.4781 -0.8775 -0.0366
vn -0.2859 -0.9501 0.1247
vn -0.8489 -0.4234 -0.3165
vn -0.2187 0.9310 0.2922
vn 0.7278 0.3470 0.5916
vn -0.4355 -0.7475 -0.5016
vn 0.0910 -0.9768 0.1939
vn 0.0249 -0.9047 0.4254
vn -0.6509 -0.5614 -0.5111
vn -0.3250 -0.9457 0.0052
vn -0.2966 -0.9489 0.1079
vn 0.8853 0.1968 0.4213
vn 0.8705 0.2728 0.4096
vn -0.2876 -0.7668 0.5739
vn 0.0466 -0.9712 0.2336
vn 0.5075 0.7251 -0.4655
vn 0.7712 -0.1467 0.6194
vn 0.9629 0.0796 0.2578
vn -0.1193 -0.9396 0.3209
vn -0.1028 -0.9559 0.2753
vn -0.2983 -0.9521 0.0675
vn -0.3674 -0.9035 0.2209
vn -0.4642 -0.8854 0.0253
vn 0.0494 -0.9816 0.1846
vn 0.6031 0.3695 0.7070
vn 0.5927 0.3631 0.7189
vn 0.7114 0.3383 0.6160
vn 0.9414 0.2425 0.2347
vn 0.9813 0.1686 0.0927
vn 0.9311 0.2481 0.2675
vn 0.9576 0.0197 0.2874
vn 0.7940 -0.1709 0.5834
vn 0.8048 -0.2694 0.5289
vn -0.5175 0.6572 -0.5480
vn 0.9413 -0.0750 0.3291
vn 0.6444 -0.4709 0.6025
vn 0.5789 -0.5510 0.6011
vn 0.0644 0.9841 -0.1657
vn -0.8153 -0.4447 -0.3709
vn -0.7875 -0.5580 -0.2619
vn 0.7241 0.6839 0.0894
vn -0.2027 -0.9715 0.1226
vn 0.0117 -0.8826 0.4699
vn -0.8644 -0.3286 -0.3805
vn -0.8571 -0.4578 -0.2364
vn -0.0140 0.7785 -0.6275
vn 0.2119 0.9768 -0.0302
vn 0.1845 0.9801 0.0727
vn 0.2687 0.9557 0.1202
vn 0.9452 0.1465 0.2916
vn 0.9283 0.3605 0.0912
vn 0.2562 0.9636 -0.0762
vn -0.6011 -0.7849 0.1502
vn -0.2286 -0.9414 0.2481
vn -0.6875 -0.7228 -0.0696
vn -0.3040 -0.9222 0.2390
vn -0.4213 -0.8613 0.2840
vn -0.4589 -0.8814 0.1117
vn -0.4239 -0.8605 0.2827
vn -0.6273 -0.7756 0.0711
vn 0.8023 0.5481 0.2364
vn -0.8193 -0.5103 -0.2614
vn 0.8269 0.5292 0.1904
vn 0.8705 0.4849 0.0844
vn 0.8657 0.4303 0.2556
vn 0.9133 0.3198 0.2524
vn -0.4960 -0.8670 -0.0481
vn -0.2293 -0.9559 0.1834
vn -0.3689 -0.9231 0.1088
vn -0.2880 -0.9501 0.1197
vn 0.9750 0.2217 0.0175
vn 0.9321 0.2996 0.2034
vn 0.6031 0.3659 0.7088
vn 0.6259 0.3562 0.6938
vn 0.9412 0.2364 0.2415
vn 0.7401 0.3063 0.5987
vn 0.6428 0.3507 0.6810
vn -0.6333 -0.7714 0.0622
vn -0.8702 -0.4331 -0.2349
vn -0.8761 -0.3445 -0.3373
vn 0.9571 0.2246 0.1831
vn 0.8329 0.2956 0.4679
vn 0.5956 0.3528 0.7217
vn -0.5636 -0.7923 -0.2339
vn 0.9789 0.1877 0.0810
vn 0.8912 0.2719 0.3630
vn 0.7647 -0.2317 0.6013
vn 0.7198 0.6882 0.0914
vn 0.9905 0.1343 -0.0290
vn 0.9897 0.1257 -0.0683
vn 0.9678 0.1996 0.1535
vn 0.6723 0.7344 0.0929
vn 0.9706 0.1937 0.1429
vn 0.9898 0.1372 -0.0372
vn 0.8375 0.2942 0.4605
vn 0.8424 -0.0739 0.5337
vn 0.8790 0.2223 0.4218
vn 0.9400 0.0529 0.3369
vn 0.9891 0.1457 0.0209
vn 0.9846 0.0153 0.1742
vn 0.8414 -0.2890 0.4567
vn 0.9324 -0.1778 0.3147
vn 0.7675 -0.1225 0.6292
vn 0.9633 0.0762 0.2575
vn -0.7381 0.2270 0.6353
vn -0.8087 -0.1265 0.5745
vn -0.7539 -0.4744 0.4545
vn -0.7117 -0.5907 0.3801
vn -0.8401 -0.3065 -0.4476
vn -0.8480 -0.1045 -0.5195
vn -0.7614 -0.5901 0.2684
vn -0.8369 -0.0110 -0.5472
vn -0.7896 -0.2513 -0.5598
vn -0.9106 -0.0856 -0.4043
vn -0.8116 -0.5348 -0.2351
vn -0.8300 -0.2499 -0.4987
vn -0.7777 -0.6174 -0.1185
vn -0.7930 -0.6092 -0.0049
vn -0.7989 -0.5321 -0.2805
vn 0.8212 0.4839 0.3025
vn -0.8613 -0.4330 -0.2658
vn 0.6998 0.6315 0.3339
vn -0.7597 -0.6448 -0.0846
vn -0.1521 -0.8938 0.4220
vn 0.3194 -0.6977 0.6413
vn 0.6957 -0.3032 0.6512
vn 0.1435 0.9174 -0.3711
vn 0.8637 0.1632 0.4769
vn 0.6409 0.3564 0.6799
vn 0.7815 0.3580 0.5110
vn -0.5587 -0.8142 0.1576
vn -0.7540 -0.6556 -0.0419
vn 0.7330 -0.5247 -0.4329
vn 0.4363 -0.8590 -0.2680
vn -0.0160 -0.9966 0.0807
vn -0.4162 -0.8773 0.2391
vn 0.0880 -0.9948 0.0517
vn -0.1512 -0.8661 0.4765
vn -0.4248 -0.8746 -0.2338
vn -0.8582 -0.4214 -0.2932
vn 0.6539 0.1045 -0.7493
vn 0.5623 0.0094 -0.8269
vn 0.3993 0.1532 -0.9040
vn 0.6098 0.2697 -0.7453
vn 0.7083 0.7000 0.0913
vn 0.8360 0.4506 0.3132
vn 0.6694 -0.6982 -0.2538
vn 0.7278 -0.5163 -0.4514
vn 0.6522 -0.7549 -0.0686
vn 0.5974 -0.7622 0.2496
vn 0.3655 -0.8825 0.2960
vn -0.3725 -0.8941 0.2486
vn 0.5572 -0.4100 -0.7221
vn 0.4444 -0.4848 -0.7533
vn 0.5736 0.3189 -0.7545
vn 0.0403 -0.5554 0.8306
vn -0.1645 0.9748 -0.1503
vn 0.1766 -0.6686 -0.7224
vn 0.9335 0.3562 0.0418
vn 0.9623 0.2219 0.1572
vn 0.4003 -0.9121 0.0889
vn 0.4710 -0.6596 -0.5857
vn 0.3054 -0.8383 -0.4516
vn 0.4104 -0.7720 -0.4855
vn 0.3937 -0.6009 -0.6956
vn 0.3610 -0.9079 -0.2129
vn 0.7529 0.6374 0.1638
vn 0.7977 0.4481 0.4035
vn 0.5671 -0.7744 0.2806
vn 0.2537 -0.9266 0.2776
vn 0.4096 -0.8985 0.1583
vn 0.8184 0.3487 0.4568
vn 0.5207 -0.6812 0.5146
vn 0.5336 -0.5441 0.6475
vn 0.5478 -0.5657 0.6163
vn 0.4763 -0.1133 -0.8720
vn 0.4542 -0.0172 -0.8907
vn 0.3857 0.2483 -0.8886
vn 0.5369 0.4849 -0.6904
vn -0.0583 -0.7270 0.6841
vn -0.5297 -0.7234 0.4428
vn -0.2274 -0.2510 0.9409
vn 0.4016 0.6940 -0.5975
vn -0.1376 0.9264 -0.3505
vn -0.0696 0.9821 -0.1750
vn -0.3311 0.9153 -0.2294
vn 0.0852 -0.9960 -0.0262
vn -0.0326 -0.9993 0.0169
vn 0.1781 -0.6654 -0.7249
vn 0.4812 -0.7193 0.5011
vn 0.5750 -0.3511 0.7390
vn 0.1772 -0.2026 -0.9631
vn 0.2397 -0.3345 -0.9114
vn 0.7824 0.2977 0.5470
vn 0.9478 0.2139 0.2363
vn 0.6932 0.3086 0.6514
vn 0.1414 0.3585 -0.9227
vn 0.1396 0.4841 -0.8638
vn 0.1513 0.6467 -0.7476
vn 0.1302 0.4711 -0.8724
vn 0.7237 0.3887 0.5702
vn -0.5270 0.4091 -0.7449
vn -0.0076 -0.4168 0.9090
vn -0.2282 0.1258 0.9655
vn -0.2446 0.1347 0.9602
vn 0.2787 0.8903 -0.3602
vn 0.1540 0.9678 -0.1989
vn 0.1560 0.9733 -0.1684
vn -0.5158 -0.8498 0.1090
vn 0.1533 -0.5198 -0.8404
vn 0.0851 -0.9666 -0.2419
vn -0.0400 -0.9591 0.2804
vn -0.0766 -0.9583 0.2755
vn -0.0678 -0.8439 0.5322
vn -0.0562 -0.8195 0.5704
vn 0.0996 0.0690 -0.9926
vn -0.0615 0.3041 -0.9506
vn -0.1411 0.5214 -0.8416
vn 0.0114 -0.2065 0.9784
vn 0.1444 -0.0515 0.9882
vn -0.0724 0.0461 0.9963
vn 0.1917 -0.1057 0.9758
vn -0.0713 0.0362 0.9968
vn -0.2532 0.1274 0.9590
vn -0.1543 0.5254 0.8368
vn 0.1083 0.8361 -0.5378
vn -0.0000 0.8876 -0.4607
vn -0.1157 0.9928 0.0318
vn 0.2324 0.8865 0.4001
vn 0.8337 0.2209 0.5061
vn -0.3947 0.8855 -0.2452
vn -0.0730 -0.9682 -0.2394
vn -0.1343 -0.9747 0.1786
vn -0.2322 -0.9522 0.1983
vn -0.0655 -0.8118 -0.5803
vn -0.3562 -0.7696 0.5299
vn -0.2907 -0.5856 0.7567
vn -0.0023 -0.2417 -0.9704
vn -0.0046 -0.3490 -0.9371
vn -0.0303 0.0244 -0.9992
vn -0.0788 0.1005 -0.9918
vn -0.2116 0.6511 -0.7289
vn -0.4262 0.6416 -0.6377
vn -0.0694 -0.1340 0.9886
vn -0.4548 -0.3826 0.8042
vn -0.4850 -0.2321 0.8431
vn -0.1758 0.2140 0.9609
vn -0.3270 0.8802 -0.3439
vn -0.2913 0.8471 -0.4444
vn -0.2695 0.9449 -0.1856
vn -0.2966 0.8325 -0.4679
vn -0.8257 -0.0828 -0.5580
vn -0.2337 -0.5180 -0.8228
vn -0.0935 -0.6312 -0.7700
vn -0.1185 -0.9821 -0.1462
vn 0.5671 -0.1420 0.8113
vn -0.2755 -0.9107 0.3077
vn 0.5684 -0.1367 0.8113
vn -0.2891 -0.9535 0.0852
vn 0.6871 -0.0142 0.7265
vn -0.7973 0.3207 -0.5114
vn -0.4415 -0.6149 0.6534
vn -0.5697 -0.4421 0.6928
vn -0.0211 -0.2075 -0.9780
vn -0.4213 -0.5462 0.7240
vn 0.8109 0.1363 0.5691
vn -0.1557 0.4322 -0.8882
vn 0.4801 0.0083 0.8772
vn -0.5635 0.0220 0.8259
vn -0.4615 -0.2741 0.8438
vn 0.8380 0.3793 0.3922
vn -0.5542 0.2021 0.8075
vn 0.6950 0.7044 0.1441
vn -0.4421 0.7369 -0.5114
vn -0.5216 0.8523 -0.0385
vn -0.4211 -0.6569 -0.6255
vn -0.3988 -0.6880 -0.6063
vn -0.3235 -0.9379 -0.1249
vn -0.4297 -0.8089 0.4014
vn -0.5235 -0.7630 0.3792
vn -0.3417 0.4060 -0.8476
vn -0.3602 0.3799 -0.8520
vn -0.5809 0.5810 -0.5700
vn -0.6373 -0.2511 0.7286
vn -0.6903 -0.0071 0.7235
vn -0.7178 0.2853 0.6351
vn -0.6192 0.3978 0.6770
vn -0.7035 0.1678 0.6906
vn -0.4369 0.6451 -0.6269
vn -0.4861 0.8338 -0.2617
vn -0.6463 0.7611 -0.0543
vn -0.6648 0.7294 0.1615
vn -0.6432 -0.7017 -0.3066
vn -0.6663 -0.5021 -0.5513
vn -0.7136 -0.5924 -0.3740
vn -0.7981 -0.5148 -0.3130
vn -0.6028 -0.7870 -0.1313
vn -0.5785 -0.6929 0.4304
vn -0.5217 -0.8309 0.1937
vn -0.6192 -0.4997 0.6057
vn -0.6482 -0.1796 -0.7400
vn -0.6934 0.1376 -0.7073
vn -0.7226 0.4015 -0.5628
vn -0.8990 -0.0481 -0.4353
vn -0.8749 -0.1912 -0.4450
vn -0.7742 -0.3217 0.5450
vn -0.6847 -0.1691 0.7089
vn -0.7871 0.1131 0.6064
vn -0.8335 0.4027 0.3783
vn -0.7586 0.3507 0.5491
vn -0.8666 -0.4990 -0.0078
vn -0.8348 -0.5466 0.0659
vn -0.9805 -0.0773 -0.1805
vn -0.9807 -0.1938 -0.0261
vn -0.8407 -0.4212 0.3404
vn -0.9804 -0.0328 -0.1941
vn -0.7785 0.5618 -0.2799
vn -0.7325 0.5930 -0.3345
vn -0.9691 0.2339 -0.0782
vn -0.9907 0.1266 -0.0502
vn -0.8908 0.4532 0.0322
vn -0.9403 0.2017 0.2741
vn -0.8376 0.5462 0.0043
vn -0.7692 0.5577 0.3119
vn -0.7812 0.3393 0.5240
vn 0.8081 0.4057 0.4271
vn 0.6761 0.4934 0.5472
vn 0.6998 0.4674 0.5402
vn 0.5863 0.5465 0.5979
vn 0.7146 0.5773 0.3950
vn 0.7232 0.4715 0.5046
vn 0.0161 -0.7046 0.7095
vn -0.2391 -0.9606 0.1414
vn -0.7017 -0.6882 -0.1846
vn 0.4237 0.3656 -0.8288
vn 0.3150 0.4382 -0.8419
vn 0.2881 -0.0835 -0.9539
vn -0.8590 -0.0773 -0.5061
vn -0.3484 0.9366 -0.0372
vn -0.4380 0.8883 -0.1378
vn -0.7800 -0.6119 -0.1311
vn -0.6432 -0.7650 0.0307
vn -0.6837 -0.7272 -0.0615
vn -0.3214 -0.8952 0.3087
vn 0.7319 0.6814 -0.0076
vn -0.9716 -0.1175 -0.2056
vn 0.0234 -0.9866 0.1613
vn -0.1833 0.8476 -0.4979
vn -0.7242 -0.6828 -0.0969
vn 0.9366 -0.0318 0.3490
vn -0.2931 -0.8961 0.3333
vn 0.0755 -0.8341 0.5464
vn -0.7038 -0.7075 -0.0645
vn 0.8177 0.0627 0.5723
vn 0.6537 -0.2087 0.7274
vn -0.5146 -0.3165 -0.7968
vn -0.2328 0.0789 -0.9693
vn -0.7542 -0.0880 -0.6507
vn -0.3768 -0.3333 -0.8643
vn -0.7183 -0.2347 -0.6549
vn -0.4871 -0.3335 -0.8071
vn -0.3137 -0.3655 -0.8763
vn 0.9293 0.0446 -0.3666
vn -0.3508 -0.4195 -0.8372
vn -0.3830 -0.0720 -0.9209
vn -0.7293 -0.1984 -0.6549
vn -0.8360 -0.2285 -0.4989
vn -0.5648 -0.8250 0.0211
vn -0.6112 -0.7843 0.1061
vn -0.7274 -0.2849 -0.6243
vn -0.8067 -0.2976 -0.5105
vn 0.8173 -0.1937 -0.5427
vn 0.8842 -0.2372 -0.4025
vn 0.8676 -0.1084 -0.4853
vn 0.4197 -0.6619 0.6210
vn 0.9622 0.1108 -0.2487
vn 0.9113 0.0719 -0.4055
vn 0.9479 -0.0082 -0.3184
vn 0.9467 0.1304 -0.2946
vn 0.8323 -0.0154 -0.5541
vn 0.8088 -0.2256 -0.5431
vn 0.7754 0.1563 -0.6118
vn 0.8650 0.2979 -0.4038
vn 0.6215 0.2205 -0.7518
vn 0.9522 -0.2898 -0.0969
vn 0.9945 -0.0355 -0.0990
vn 0.9858 0.0024 -0.1677
vn 0.9098 -0.0572 -0.4112
vn 0.9261 -0.0994 -0.3641
vn -0.5448 -0.8194 0.1782
vn 0.2642 -0.8373 0.4787
vn 0.6617 0.5735 0.4829
vn 0.9633 0.2315 0.1360
vn 0.9644 0.1456 -0.2206
vn 0.6404 0.5559 0.5300
vn 0.9761 0.2036 0.0754
vn 0.6715 -0.1394 -0.7278
vn 0.1503 0.7006 0.6976
vn -0.5301 -0.8355 0.1449
vn 0.5533 0.5152 0.6545
vn 0.7370 0.4877 0.4680
vn -0.1684 -0.8203 0.5466
vn -0.4350 -0.8520 0.2914
vn 0.2825 -0.6552 0.7006
vn 0.0249 -0.7631 0.6458
vn 0.3708 -0.5956 0.7126
vn -0.9503 -0.3007 -0.0805
vn -0.9442 -0.2272 -0.2386
vn -0.9696 -0.1675 -0.1786
vn -0.8612 -0.4215 -0.2838
vn -0.5979 -0.7547 0.2701
vn -0.1075 0.8945 -0.4339
vn -0.9665 -0.1823 -0.1807
vn -0.4394 -0.8352 0.3306
vn -0.7212 0.6079 -0.3322
vn 0.4038 -0.5599 0.7235
vn -0.6754 0.5161 -0.5268
vn 0.6179 0.7835 0.0654
vn 0.8039 0.0329 0.5938
vn 0.8384 0.0912 0.5373
vn 0.1285 -0.4302 0.8935
vn -0.8104 -0.5663 -0.1503
vn -0.3262 0.9031 -0.2794
vn -0.8447 0.2114 -0.4917
vn 0.1777 0.0184 0.9839
vn -0.9427 -0.1103 -0.3149
vn -0.1386 -0.1391 0.9805
vn -0.1590 -0.1562 0.9748
vn -0.4783 0.5965 -0.6445
vn -0.6235 0.6717 -0.4000
vn -0.2441 0.8254 -0.5091
vn -0.7753 -0.6240 -0.0974
vn -0.7162 -0.6948 0.0661
vn -0.8433 -0.4838 -0.2340
vn -0.7513 -0.6478 0.1266
vn 0.8186 0.4809 0.3139
vn 0.8452 0.4100 0.3427
vn 0.6797 0.7250 0.1113
vn -0.4523 -0.7993 0.3958
vn -0.8451 -0.4824 -0.2306
vn -0.6499 -0.7433 0.1586
vn 0.8434 0.0522 0.5347
vn -0.6742 -0.7347 0.0751
vn -0.5621 -0.7956 0.2263
vn -0.7851 -0.5898 0.1890
vn 0.9248 -0.3471 0.1561
vn -0.0000 -0.7308 0.6826
vn 0.3776 -0.4975 0.7810
vn 0.6431 -0.3430 0.6847
vn 0.4034 -0.5123 0.7582
vn -0.0931 -0.7757 0.6242
vn -0.8378 -0.5382 -0.0923
vn -0.5487 -0.7908 0.2711
vn -0.7721 -0.6333 0.0525
vn 0.3128 -0.6907 0.6520
vn -0.5351 -0.7075 0.4618
vn 0.5726 0.6281 0.5269
vn 0.6479 0.5354 0.5418
vn 0.4072 0.6120 0.6779
vn 0.2135 -0.7288 0.6506
vn 0.8298 0.1399 0.5402
vn 0.6150 0.0931 0.7830
vn 0.7499 0.1205 0.6505
vn 0.6934 0.3116 0.6497
vn 0.5754 0.2621 0.7748
vn -0.8553 -0.4742 -0.2086
vn 0.8450 0.1804 0.5035
vn -0.5845 -0.7361 0.3414
vn 0.0346 -0.6043 0.7960
vn -0.0981 -0.5293 0.8428
vn 0.2245 -0.4445 0.8672
vn 0.6618 -0.0647 0.7469
vn -0.7516 -0.6481 0.1226
vn 0.6561 -0.1806 0.7327
vn 0.7631 -0.2440 0.5984
vn 0.8608 0.1313 0.4917
vn 0.8175 -0.0179 0.5756
vn -0.5567 -0.3305 -0.7621
vn -0.3796 -0.3204 -0.8679
vn -0.8068 -0.2883 -0.5157
vn -0.6287 -0.5348 -0.5646
vn -0.6511 -0.5284 -0.5448
vn -0.8429 0.0212 -0.5376
vn -0.0540 -0.4739 0.8789
vn 0.2680 -0.9020 -0.3384
vn -0.2332 -0.8860 -0.4007
vn 0.2020 -0.8813 -0.4273
vn 0.4044 -0.3040 -0.8626
vn 0.3034 -0.3648 -0.8803
vn 0.2379 -0.0426 -0.9703
vn 0.2756 0.0461 -0.9602
vn 0.1764 0.3939 -0.9021
vn -0.4668 -0.0489 -0.8830
vn -0.2142 0.1657 -0.9626
vn -0.7032 -0.0083 -0.7109
vn 0.6811 -0.6730 -0.2883
vn 0.7071 0.7064 0.0303
vn 0.3816 0.8885 -0.2550
vn 0.6140 -0.5578 -0.5585
vn 0.1041 0.9937 -0.0405
vn 0.7289 -0.2716 -0.6285
vn 0.5052 -0.4491 -0.7369
vn 0.3196 0.9453 0.0646
vn 0.6836 -0.6186 -0.3873
vn 0.3988 0.0177 -0.9169
vn 0.4709 0.2917 -0.8325
vn 0.2591 0.6152 -0.7446
vn 0.5452 -0.3668 -0.7538
vn 0.4699 -0.7484 -0.4681
vn 0.6788 -0.7002 -0.2211
vn 0.6154 -0.7839 0.0828
vn 0.7465 -0.1828 -0.6398
vn 0.7347 -0.0856 -0.6730
vn 0.5890 0.3329 -0.7364
vn 0.4470 0.5278 -0.7222
vn 0.4488 0.4859 -0.7500
vn 0.1702 0.8125 -0.5576
vn -0.1688 0.9529 -0.2518
vn -0.1842 0.9425 -0.2790
vn 0.4649 -0.3249 -0.8236
vn 0.2783 -0.3444 -0.8966
vn 0.3733 -0.7737 -0.5119
vn 0.3460 -0.6096 -0.7132
vn 0.4862 -0.8580 -0.1657
vn 0.3174 -0.9481 0.0192
vn 0.4697 -0.0977 -0.8774
vn 0.2761 -0.1058 -0.9553
vn 0.3726 0.1919 -0.9079
vn 0.5617 0.0876 -0.8227
vn 0.1561 0.5541 -0.8177
vn 0.5144 0.5491 -0.6587
vn 0.4914 0.5728 -0.6561
vn 0.3083 0.8033 -0.5096
vn 0.2733 0.8730 -0.4039
vn 0.2094 -0.5904 -0.7795
vn 0.0818 -0.8656 -0.4939
vn 0.2489 -0.9527 -0.1741
vn 0.0675 -0.9949 -0.0745
vn 0.2747 -0.1036 -0.9559
vn 0.3349 0.2514 -0.9081
vn 0.1296 0.3361 -0.9329
vn 0.1780 0.2903 -0.9402
vn 0.0987 0.4804 -0.8715
vn 0.1003 0.6910 -0.7159
vn 0.2680 0.8883 -0.3728
vn 0.1196 -0.4074 -0.9054
vn 0.1363 -0.5222 -0.8419
vn 0.1186 -0.7957 -0.5940
vn 0.0996 -0.9354 -0.3394
vn -0.1048 -0.9778 -0.1812
vn 0.0221 -0.9980 0.0599
vn -0.0308 -0.9946 0.0993
vn 0.1256 -0.0098 -0.9920
vn -0.0127 0.3184 -0.9479
vn -0.0883 0.5463 -0.8329
vn -0.1464 0.6812 -0.7173
vn -0.1709 0.8033 -0.5706
vn -0.0417 -0.7218 -0.6909
vn -0.0252 -0.6020 -0.7981
vn -0.8650 -0.1554 -0.4771
vn 0.0625 -0.3512 -0.9342
vn -0.1760 -0.3028 -0.9367
vn -0.1250 0.4331 -0.8926
vn 0.2089 0.1510 0.9662
vn 0.5110 0.2026 0.8354
vn -0.0335 -0.5902 -0.8066
vn -0.2692 -0.7863 -0.5561
vn -0.1641 -0.9864 0.0126
vn -0.2648 -0.9361 0.2316
vn -0.4362 -0.8807 0.1847
vn -0.4087 0.0981 -0.9074
vn -0.1324 0.0154 -0.9911
vn -0.2384 0.4159 -0.8776
vn -0.2666 0.3493 -0.8983
vn -0.3442 0.6054 -0.7177
vn -0.8714 -0.1302 -0.4729
vn -0.5833 -0.1949 0.7885
vn -0.3341 -0.4131 -0.8472
vn -0.3585 -0.9110 -0.2037
vn -0.4494 -0.8905 -0.0706
vn -0.3560 -0.9012 0.2471
vn -0.3471 0.0566 -0.9361
vn -0.4224 0.6229 -0.6584
vn 0.0822 0.9312 -0.3550
vn 0.1829 0.9137 -0.3628
vn -0.5035 -0.6260 -0.5955
vn -0.5830 -0.2385 -0.7767
vn -0.4827 -0.0409 -0.8748
vn -0.5183 -0.7498 -0.4113
vn -0.6889 -0.6884 -0.2268
vn -0.8159 -0.4701 -0.3365
vn -0.8470 -0.4994 0.1820
vn -0.9041 -0.2867 -0.3169
vn -0.9221 -0.1181 -0.3686
vn -0.9021 -0.3043 -0.3059
vn -0.9577 -0.2655 -0.1107
vn -0.9419 -0.1894 0.2774
vn -0.9744 -0.0173 0.2240
vn 0.0942 0.9772 -0.1902
vn 0.8538 0.2921 0.4308
vn 0.6679 0.6838 0.2938
vn 0.7137 0.6322 0.3015
vn -0.8318 -0.1254 -0.5408
vn 0.1575 0.8245 -0.5435
vn -0.1325 0.7745 -0.6185
vn -0.1503 0.2616 0.9534
vn -0.1999 0.1378 0.9701
vn -0.5030 0.6803 -0.5330
vn -0.6543 0.4929 -0.5735
vn -0.1014 0.1370 0.9854
vn 0.7313 -0.5521 0.4005
vn 0.7441 -0.5395 0.3940
vn -0.1021 0.1369 0.9853
vn -0.9913 -0.1136 -0.0658
vn -0.9512 -0.2209 -0.2155
vn -0.6329 -0.0571 0.7721
vn -0.9195 -0.0949 -0.3816
vn -0.9757 0.0105 0.2191
vn -0.9553 0.0882 0.2821
vn -0.9994 0.0343 0.0073
vn -0.7229 0.2952 0.6248
vn 0.6842 -0.7070 -0.1791
vn 0.9222 -0.3095 0.2321
vn 0.9071 0.1957 0.3726
vn 0.9290 0.1277 0.3475
vn 0.8152 -0.4283 -0.3899
vn 0.8145 -0.4323 -0.3870
vn 0.5087 -0.8342 -0.2131
vn 0.3116 -0.9116 -0.2682
vn 0.8801 -0.0598 -0.4710
vn 0.8695 0.1267 0.4774
vn 0.8679 -0.1254 -0.4806
vn 0.8793 -0.0615 -0.4724
vn 0.9869 0.1612 -0.0102
vn 0.7849 0.0304 -0.6189
vn 0.6016 0.3501 0.7180
vn 0.7477 0.0282 -0.6634
vn 0.7092 -0.1630 -0.6859
vn 0.7800 -0.0788 -0.6208
vn -0.7622 0.4376 -0.4770
vn 0.7855 -0.1029 -0.6103
vn 0.7771 -0.0205 -0.6291
vn 0.8116 -0.0550 -0.5816
vn 0.7660 -0.0964 -0.6356
vn 0.8280 0.0096 -0.5607
vn 0.6015 -0.0310 -0.7982
vn 0.6590 0.0159 -0.7520
vn 0.4682 -0.2706 0.8411
vn 0.6932 -0.2478 -0.6768
vn 0.2715 -0.9378 0.2162
vn 0.8646 0.3153 0.3911
vn 0.5980 0.3630 0.7145
vn 0.6319 0.3633 0.6846
vn 0.6607 0.3426 0.6679
vn -0.4498 -0.8881 0.0944
vn -0.1135 -0.9624 0.2466
vn 0.8630 0.2961 0.4094
vn 0.7693 0.3222 0.5517
vn -0.0331 -0.2490 -0.9679
vn 0.0758 -0.9171 0.3913
vn 0.1075 -0.9240 0.3670
vn 0.2256 -0.8985 0.3765
vn -0.3181 -0.8481 0.4238
vn 0.6318 0.3640 0.6843
vn -0.4066 -0.7488 0.5235
vn 0.0765 -0.7464 0.6611
vn 0.6591 0.3944 0.6403
vn -0.0821 -0.7506 0.6556
vn 0.8765 0.2461 0.4138
vn 0.2234 -0.7563 0.6149
vn 0.1146 -0.8716 0.4766
vn 0.6552 -0.1637 0.7375
vn 0.6344 -0.2723 0.7234
vn 0.8038 0.2965 0.5157
vn 0.7214 -0.3084 0.6201
vn -0.4444 -0.6756 -0.5882
vn 0.7087 -0.3247 0.6263
vn 0.7266 0.3438 0.5949
vn 0.9803 0.1953 0.0294
vn -0.8216 -0.2072 -0.5311
vn 0.8586 0.2923 0.4212
vn 0.8559 0.3335 0.3952
vn 0.6001 0.3670 0.7108
vn 0.4661 -0.0744 -0.8816
vn 0.9877 0.1564 -0.0003
vn 0.6873 0.3326 0.6458
vn 0.9693 0.2455 0.0109
vn 0.9136 0.3979 0.0835
vn 0.8024 0.2666 0.5339
vn -0.1707 -0.6685 -0.7239
vn 0.0119 -0.0045 -0.9999
vn 0.0261 -0.1146 -0.9931
vn -0.7098 0.0633 -0.7016
vn -0.6067 0.3434 -0.7169
vn 0.4284 0.8270 0.3640
vn 0.3683 0.9297 0.0016
vn 0.6142 0.7764 0.1411
vn -0.6491 0.3779 0.6601
vn -0.4164 0.8571 0.3034
vn 0.6298 0.6750 -0.3843
vn 0.7779 0.1218 0.6164
vn 0.9725 -0.0191 0.2320
vn 0.9815 0.1030 0.1615
vn 0.9718 0.0393 0.2327
vn 0.8419 0.1581 0.5160
vn 0.7942 0.2786 0.5401
vn 0.8608 0.2878 0.4197
vn 0.9914 0.1287 -0.0257
vn 0.7925 0.3713 0.4839
vn 0.8213 0.3147 0.4758
vn 0.0464 -0.8802 0.4723
vn -0.4896 -0.8711 -0.0382
vn -0.6983 -0.6814 0.2195
vn -0.7559 -0.5789 -0.3057
vn -0.6955 -0.6754 -0.2452
vn 0.9252 0.3782 0.0324
vn 0.4417 -0.0179 -0.8970
vn 0.7045 0.3032 0.6417
vn 0.6070 0.3797 0.6981
vn -0.7347 -0.5418 0.4083
vn 0.6388 0.3812 0.6683
vn 0.9077 0.3076 0.2854
vn 0.9297 0.2997 0.2142
vn 0.7794 0.2776 0.5616
vn 0.3830 0.9137 0.1361
vn 0.6117 0.7042 0.3605
vn 0.4905 0.8104 0.3204
vn 0.1922 0.9753 0.1093
vn 0.8503 0.2532 0.4613
vn 0.5120 0.8561 -0.0712
vn 0.7057 0.6839 0.1854
vn 0.6494 0.7579 -0.0625
vn 0.7315 0.6705 0.1237
vn 0.8218 0.4837 0.3010
vn 0.8384 0.0008 0.5450
vn 0.7812 -0.1829 0.5968
vn 0.7043 -0.3714 0.6050
vn 0.8241 -0.1188 0.5538
vn -0.7694 -0.5331 -0.3519
vn -0.7307 -0.6816 -0.0383
vn -0.8693 -0.3145 -0.3813
vn 0.7476 0.5698 0.3412
vn -0.2104 -0.9391 0.2717
vn -0.0117 -0.7826 0.6225
vn 0.6801 -0.2477 -0.6900
vn 0.3930 -0.0680 -0.9170
vn 0.6859 -0.3088 0.6589
vn -0.4329 -0.8894 -0.1469
vn -0.5909 -0.5563 -0.5843
vn 0.1688 -0.9416 -0.2913
vn -0.6462 -0.7594 -0.0749
vn 0.4983 -0.6307 0.5949
vn 0.7238 -0.4692 0.5059
vn 0.4602 -0.6730 0.5791
vn 0.3416 -0.7068 0.6195
vn -0.1860 0.9717 -0.1454
vn -0.0140 0.9999 0.0006
vn 0.6622 0.4687 0.5847
vn 0.7485 0.5692 0.3402
vn 0.9465 0.2177 0.2382
vn 0.8799 0.4014 0.2542
vn 0.8504 0.0834 0.5195
vn 0.5664 0.3071 0.7648
vn 0.6220 0.3299 0.7101
vn 0.2732 0.9615 -0.0291
vn 0.4589 0.8873 0.0449
vn 0.4285 0.8619 0.2711
vn 0.2531 0.9666 -0.0411
vn -0.5465 -0.7405 -0.3911
vn -0.5486 -0.5606 -0.6203
vn -0.3254 -0.9390 -0.1109
vn -0.5697 -0.8031 -0.1746
vn -0.5594 -0.8131 0.1612
vn -0.4684 -0.5951 -0.6531
vn -0.6012 -0.6649 0.4433
vn -0.5786 -0.5765 0.5770
vn -0.4570 -0.5870 0.6682
vn -0.6241 -0.2246 0.7484
vn 0.9917 0.1261 0.0256
vn -0.8434 0.1346 -0.5202
vn -0.6012 0.5857 -0.5436
vn -0.5172 0.6302 -0.5790
vn -0.1654 0.9043 -0.3937
vn 0.9026 0.3448 0.2576
vn 0.7408 0.4899 0.4596
vn 0.8605 0.4408 0.2553
vn 0.6030 0.3370 0.7230
vn 0.5336 0.4017 0.7442
vn 0.5802 0.4391 0.6860
vn -0.8048 0.2106 -0.5550
vn 0.0169 -0.9930 -0.1171
vn -0.6463 0.6960 0.3129
vn -0.5617 0.8229 0.0853
vn -0.4332 0.8808 -0.1911
vn -0.4754 0.7589 -0.4451
vn -0.3500 0.8839 0.3101
vn -0.2119 0.8254 0.5233
vn -0.3571 0.8324 0.4239
vn -0.2482 0.9650 0.0850
vn -0.4519 0.8919 -0.0173
vn -0.3858 0.8855 -0.2591
vn -0.3768 0.8439 -0.3818
vn -0.8353 -0.3954 -0.3819
vn 0.9412 -0.0828 0.3274
vn 0.8217 0.5306 0.2080
vn 0.6562 0.7546 -0.0042
vn 0.0568 -0.9959 -0.0702
vn -0.1671 0.9409 -0.2945
vn -0.2934 0.9498 -0.1090
vn -0.4440 0.8928 0.0756
vn -0.4128 0.8167 -0.4033
vn -0.6087 0.3937 -0.6888
vn 0.8176 0.4327 0.3798
vn 0.6601 0.7143 0.2325
vn 0.6543 0.7191 0.2341
vn -0.4681 -0.8836 -0.0129
vn -0.7759 -0.6014 -0.1906
vn -0.8589 -0.4485 -0.2475
vn -0.8649 -0.3895 -0.3165
vn 0.0726 0.4489 -0.8906
vn 0.2388 0.1291 -0.9625
vn 0.1926 0.1710 -0.9663
vn 0.2654 -0.1427 -0.9535
vn 0.0451 -0.9840 0.1724
vn 0.1441 -0.9870 -0.0705
vn 0.1399 -0.9795 -0.1450
vn 0.1003 0.9860 -0.1333
vn 0.2082 0.9313 -0.2989
vn 0.2384 0.9204 -0.3101
vn 0.7776 0.5812 0.2397
vn 0.6896 0.7127 0.1286
vn -0.9918 -0.1085 -0.0681
vn -0.9329 0.1229 0.3386
vn -0.9620 -0.1878 0.1983
vn -0.6491 0.0399 0.7596
vn -0.5556 0.1513 0.8176
vn -0.9088 -0.0375 0.4156
vn -0.3319 -0.1666 0.9285
vn -0.4122 -0.5210 0.7474
vn 0.6994 0.4616 0.5456
vn -0.8680 -0.4479 -0.2142
vn -0.6308 -0.7752 -0.0341
vn -0.5652 -0.7976 -0.2106
vn -0.5281 -0.8469 0.0621
vn -0.6504 -0.7103 0.2692
vn -0.4041 -0.8467 0.3460
vn -0.8481 -0.4063 -0.3400
vn -0.2323 -0.8609 0.4526
vn 0.3073 -0.7240 0.6175
vn 0.4407 0.8958 0.0574
vn 0.5860 0.7962 0.1504
vn 0.6505 0.5559 0.5176
vn -0.5831 -0.7991 -0.1466
vn 0.5963 0.6716 0.4398
vn 0.0255 0.9830 -0.1820
vn 0.3554 0.9267 0.1224
vn 0.6916 -0.3028 0.6557
vn -0.7511 -0.6513 -0.1080
vn 0.2768 -0.8148 0.5094
vn -0.1679 -0.9793 0.1130
vn -0.0981 -0.9853 0.1399
vn -0.6546 -0.7559 0.0111
vn -0.6057 -0.5420 0.5825
vn -0.4299 -0.8562 0.2866
vn -0.4372 0.7247 0.5327
vn 0.9708 0.1528 0.1847
vn 0.9215 -0.0265 -0.3874
vn 0.3093 0.9483 0.0706
vn 0.6458 0.0674 0.7605
vn 0.8900 0.0389 -0.4542
vn 0.9596 0.0914 0.2662
vn -0.0989 -0.7727 -0.6270
vn 0.6614 0.5403 0.5202
vn 0.8300 0.2460 0.5007
vn 0.8641 0.3211 0.3877
vn 0.7016 0.5124 0.4953
vn 0.6682 0.4578 0.5865
vn 0.6945 0.4310 0.5761
vn 0.6764 0.4977 0.5430
vn 0.8937 0.3523 0.2778
vn 0.8315 0.2760 0.4821
vn 0.7356 0.3402 0.5858
vn 0.9866 0.1617 0.0201
vn 0.8344 0.3941 0.3853
vn 0.8105 0.4876 0.3247
vn 0.8486 0.2931 0.4404
vn 0.5848 0.3839 0.7146
vn -0.7872 -0.3006 -0.5385
vn 0.9536 -0.0138 -0.3007
vn 0.8219 0.2996 0.4845
vn 0.8607 0.0298 -0.5082
vn 0.7487 -0.0792 -0.6581
vn 0.9111 0.0225 -0.4117
vn 0.9972 0.0427 -0.0618
vn -0.7967 0.0419 0.6030
vn -0.2978 0.0352 0.9540
vn -0.3068 -0.0383 0.9510
vn 0.5294 0.8000 0.2822
vn -0.7600 -0.1996 0.6185
vn 0.8159 0.3385 0.4687
vn -0.7290 -0.0268 0.6840
vn 0.8499 0.2993 0.4336
vn 0.5915 0.3660 0.7184
vn 0.6445 0.7614 0.0691
vn 0.6983 0.3032 0.6484
vn 0.8265 0.3158 0.4661
vn 0.8921 0.2642 0.3665
vn 0.7949 0.3196 0.5157
vn 0.9875 0.1571 -0.0162
vn 0.5807 0.2560 0.7728
vn 0.6804 0.3998 0.6142
vn -0.7863 -0.4822 -0.3863
vn -0.0309 -0.8039 0.5940
vn 0.1239 -0.4104 0.9034
vn -0.9767 0.1003 -0.1897
vn -0.9314 -0.1337 -0.3386
vn -0.9617 0.2577 0.0936
vn -0.9983 0.0338 0.0467
vn -0.9058 0.2488 0.3430
vn -0.8411 0.5357 0.0740
vn -0.4768 0.8775 -0.0511
vn -0.0998 0.9705 0.2196
vn -0.9334 -0.0390 0.3567
vn -0.9599 -0.1382 -0.2441
vn -0.9576 -0.1087 0.2669
vn -0.8889 -0.2891 -0.3554
vn -0.9483 -0.3080 -0.0762
vn -0.8986 -0.4344 -0.0624
vn -0.9884 0.1519 -0.0033
vn -0.5941 0.3719 0.7133
vn -0.4882 -0.2129 0.8464
vn 0.8136 -0.0139 0.5812
vn -0.5367 0.7407 -0.4041
vn -0.1238 0.8050 -0.5803
vn -0.3718 0.3594 -0.8559
vn -0.9264 -0.3492 -0.1406
vn -0.8843 -0.2477 -0.3958
vn -0.7751 0.3634 -0.5169
vn 0.7467 0.3216 0.5823
vn 0.8823 0.2527 0.3972
vn 0.8291 0.3870 0.4035
vn 0.6773 0.3929 0.6220
vn 0.9233 0.3039 0.2350
vn 0.8576 0.3683 0.3590
vn 0.5343 0.6659 0.5207
vn 0.7224 0.5418 0.4296
vn -0.4233 -0.8088 0.4083
vn 0.2399 0.1710 -0.9556
vn 0.3113 0.4226 -0.8512
vn 0.3069 0.4288 -0.8497
vn -0.8715 -0.3918 -0.2950
vn 0.3733 0.5700 -0.7319
vn -0.8229 0.1794 -0.5390
vn 0.2483 0.9016 -0.3543
vn 0.2476 0.8899 -0.3831
vn -0.0477 0.9151 -0.4004
vn -0.1607 0.9842 -0.0748
vn 0.7773 0.0252 0.6286
vn 0.6463 -0.1777 0.7421
vn -0.7090 0.4257 -0.5622
vn -0.5294 0.6437 -0.5526
vn -0.4879 0.6934 -0.5302
vn 0.4250 -0.5484 0.7202
vn 0.6795 -0.0421 0.7324
vn 0.8069 0.3195 0.4969
vn 0.6093 0.3756 0.6983
vn 0.7479 0.3429 0.5684
vn 0.9668 0.2096 0.1464
vn 0.9194 0.2794 0.2769
vn 0.8526 0.3057 0.4239
vn 0.8735 0.2955 0.3868
vn 0.7204 0.3570 0.5946
vn 0.6198 0.3656 0.6945
vn 0.8322 0.4685 0.2966
vn -0.0396 0.2245 -0.9737
vn -0.2285 0.5293 -0.8171
vn -0.1967 0.5508 -0.8111
vn -0.3036 0.7526 -0.5843
vn -0.4197 0.8654 -0.2739
vn -0.2368 0.9715 -0.0063
vn -0.4497 0.8931 0.0143
vn -0.6694 0.6735 0.3136
vn -0.6419 0.6390 0.4238
vn -0.5382 -0.6500 0.5365
vn -0.7734 -0.3831 0.5050
vn -0.1223 0.9604 -0.2505
vn -0.9712 0.2315 -0.0562
vn -0.8202 0.1133 0.5607
vn -0.8569 -0.1691 0.4870
vn -0.8782 -0.0622 -0.4742
vn -0.8018 0.2488 -0.5434
vn -0.7429 0.4675 -0.4791
vn -0.7775 0.4310 0.4580
vn -0.7646 0.2385 0.5988
vn -0.8005 0.4528 0.3927
vn -0.8712 0.2082 0.4447
vn 0.6096 -0.1676 0.7748
vn -0.7265 -0.6825 -0.0804
vn -0.6655 -0.7451 0.0446
vn 0.8938 0.4060 0.1906
vn 0.6927 0.6646 0.2802
vn -0.3514 0.8229 -0.4465
vn 0.0841 0.9574 -0.2762
vn -0.3055 0.8728 -0.3805
vn 0.5946 -0.4204 0.6853
vn 0.7041 0.5784 0.4120
vn 0.7725 -0.2997 0.5599
vn 0.8834 0.1019 0.4574
vn 0.8148 0.4533 0.3614
vn 0.9306 -0.3146 0.1873
vn 0.8222 -0.0645 0.5656
vn 0.0668 0.9176 -0.3919
vn 0.9257 -0.3238 0.1954
vn 0.8526 0.4152 0.3174
vn 0.7386 0.6648 0.1117
vn -0.3201 0.7079 -0.6296
vn -0.7109 0.4508 -0.5398
vn -0.8164 0.2625 -0.5143
vn 0.7145 0.5485 0.4344
vn 0.6296 0.3520 0.6925
vn 0.7314 0.3393 0.5915
vn 0.8426 0.5104 0.1717
vn -0.8649 -0.0812 -0.4954
vn -0.7723 0.3845 -0.5056
vn 0.7927 0.3048 0.5279
vn 0.6212 0.5745 0.5329
vn 0.8669 0.4588 0.1951
vn 0.8529 0.3422 0.3942
vn -0.6932 0.6978 0.1806
vn 0.5079 0.8426 0.1792
vn 0.9596 0.2067 0.1911
vn -0.3111 0.8539 0.4173
vn 0.0195 0.8567 0.5155
vn 0.3845 -0.2645 0.8844
vn -0.4924 0.8282 -0.2677
vn 0.7841 0.5237 0.3331
vn 0.6808 0.6821 0.2668
vn 0.2333 0.9724 -0.0030
vn -0.8895 -0.2718 -0.3673
vn 0.3694 0.9061 0.2061
vn -0.9601 -0.2795 -0.0096
vn 0.0525 0.9985 -0.0184
vn -0.7870 -0.5392 -0.2998
vn -0.7797 -0.5507 -0.2980
vn -0.6454 0.6237 0.4409
vn 0.9778 0.1883 0.0920
vn 0.9850 0.1650 0.0493
vn 0.6697 0.2662 0.6932
vn -0.0446 -0.9946 0.0932
vn -0.4309 -0.8454 -0.3156
vn 0.7083 0.6797 0.1904
vn -0.7440 0.6392 -0.1948
vn -0.7710 0.5661 -0.2917
vn -0.8733 -0.1475 -0.4642
vn -0.8749 0.2808 -0.3947
vn -0.7956 -0.4770 0.3734
vn -0.5125 0.3074 0.8018
vn -0.5845 0.5955 0.5511
vn 0.5056 -0.8386 0.2031
vn 0.4574 -0.8376 0.2987
vn 0.3672 0.9301 -0.0076
vn -0.5427 0.5294 0.6521
vn 0.1927 -0.9788 0.0692
vn 0.2006 -0.8074 0.5549
vn 0.2318 0.9612 -0.1497
vn -0.4265 0.7816 -0.4552
vn -0.4638 -0.2540 0.8487
vn -0.9438 -0.1309 -0.3034
vn -0.9865 -0.1304 -0.0990
vn 0.1347 -0.7703 -0.6233
vn -0.9707 -0.2401 0.0049
vn 0.9024 0.3735 0.2148
vn 0.8410 0.3832 0.3820
vn 0.7877 0.4891 0.3746
vn 0.9450 0.1978 0.2603
vn 0.7625 0.2981 0.5743
vn -0.8377 0.1552 -0.5235
vn -0.7943 0.2580 -0.5501
vn -0.7103 0.4979 -0.4976
vn 0.6578 0.6160 0.4333
vn -0.0615 0.8800 -0.4711
vn -0.9827 -0.1725 -0.0678
vn -0.3162 -0.9378 -0.1435
vn -0.9067 -0.3250 -0.2688
vn -0.8877 -0.4580 0.0479
vn 0.8621 0.4360 0.2583
vn 0.8712 0.4627 0.1639
vn -0.9173 -0.3892 -0.0838
vn -0.8798 -0.0975 0.4652
vn -0.7324 -0.4972 0.4651
vn -0.4000 -0.2412 0.8842
vn 0.3004 -0.7116 -0.6351
vn 0.5859 0.3516 0.7301
vn -0.4265 -0.1667 0.8890
vn 0.1683 0.3062 0.9370
vn 0.1578 0.3109 0.9372
vn 0.2904 0.3832 0.8768
vn 0.4635 0.8851 -0.0405
vn 0.2730 0.9540 -0.1238
vn -0.9347 -0.2026 -0.2920
vn -0.2389 0.0930 0.9666
vn -0.6123 0.0586 0.7885
vn 0.1372 -0.6597 -0.7389
vn 0.8810 0.0272 -0.4723
vn 0.9482 0.2473 0.1993
vn 0.7874 -0.5945 0.1627
vn 0.8025 -0.5723 -0.1686
vn 0.6256 -0.7472 -0.2242
vn 0.8234 -0.0920 0.5600
vn 0.9545 0.0250 -0.2971
vn 0.9402 0.1108 -0.3222
vn 0.9759 0.0701 -0.2067
vn 0.9836 -0.0210 -0.1793
vn 0.8523 0.0403 -0.5214
vn 0.8183 -0.0133 -0.5746
vn -0.3944 -0.6391 0.6602
vn 0.6456 -0.0947 -0.7577
vn 0.6493 -0.0922 -0.7549
vn 0.8486 -0.1121 -0.5170
vn 0.7412 -0.0852 -0.6659
vn 0.8506 -0.0140 -0.5256
vn 0.9710 0.0800 -0.2255
vn 0.9029 0.2655 0.3381
vn 0.9875 0.1550 0.0285
vn 0.9669 0.1708 0.1897
vn 0.9227 0.1963 0.3318
vn 0.8913 -0.0336 -0.4522
vn 0.9799 0.1614 -0.1173
vn -0.5110 0.3108 0.8014
vn -0.5765 0.5340 0.6184
vn 0.7525 0.6436 0.1397
vn 0.9039 0.2637 0.3366
vn 0.2525 0.8521 -0.4584
vn 0.6263 0.7542 0.1973
vn -0.2474 0.8965 -0.3677
vn -0.2290 0.8854 -0.4044
vn -0.7580 0.4224 -0.4970
vn -0.8734 0.0746 -0.4813
vn -0.8823 -0.1476 -0.4469
vn 0.6017 0.6690 0.4363
vn 0.4181 -0.6520 0.6325
vn 0.5144 -0.5377 0.6681
vn 0.6227 -0.5561 0.5505
vn 0.9859 0.1671 -0.0072
vn 0.8251 0.3063 0.4748
vn 0.8857 0.2541 0.3886
vn 0.9928 0.1136 -0.0390
vn 0.8351 0.3842 0.3937
vn 0.8847 0.1298 0.4476
vn 0.9386 0.2326 0.2548
vn -0.8413 -0.2311 -0.4887
vn 0.8891 -0.1889 0.4169
vn 0.9844 0.0304 0.1734
vn 0.9846 0.0379 0.1707
vn 0.6796 -0.5724 0.4587
vn -0.6684 -0.2302 -0.7073
vn -0.5609 -0.2122 -0.8002
vn -0.1410 -0.2880 -0.9472
vn 0.6166 0.3369 0.7116
vn 0.5714 0.3580 0.7385
vn 0.7069 -0.1092 0.6988
vn 0.6721 -0.1529 0.7245
vn 0.3830 -0.7851 0.4867
vn 0.2913 -0.8367 0.4637
vn -0.5531 -0.8326 -0.0294
vn 0.9090 0.2611 0.3248
vn 0.9785 0.1900 0.0798
vn 0.9893 0.1439 -0.0233
vn 0.8321 0.2719 0.4833
vn 0.8928 0.2546 0.3716
vn -0.8066 -0.1661 -0.5673
vn -0.3288 -0.2468 -0.9116
vn -0.4309 -0.2746 -0.8596
vn 0.4925 -0.3853 -0.7804
vn 0.0837 -0.3069 -0.9481
vn -0.6024 -0.1922 -0.7747
vn 0.5091 0.3211 -0.7986
vn 0.6878 0.2095 0.6950
vn 0.7133 0.1707 0.6797
vn 0.8801 -0.0806 0.4678
vn -0.6892 -0.2096 -0.6936
vn -0.6223 -0.1552 -0.7672
vn -0.0593 0.5526 -0.8313
vn -0.4076 -0.1015 -0.9075
vn 0.6605 0.3415 0.6687
vn 0.8722 0.2929 0.3917
vn -0.8200 -0.1926 -0.5390
vn -0.8573 -0.1572 -0.4902
vn -0.7624 -0.2296 -0.6051
vn -0.6779 0.4033 -0.6146
vn 0.6847 0.4545 0.5697
vn 0.6796 0.4611 0.5705
vn 0.3593 -0.6915 0.6266
vn 0.6248 0.3689 0.6881
vn -0.6460 -0.5680 -0.5099
vn -0.8028 -0.3819 -0.4578
vn -0.8274 -0.4580 -0.3250
vn 0.2812 -0.7089 0.6468
vn 0.5275 0.0040 0.8496
vn 0.7642 -0.1238 0.6330
vn 0.5746 0.0399 0.8174
vn 0.5083 0.1470 0.8485
vn 0.6727 0.2162 0.7077
vn 0.6378 0.0448 0.7689
vn 0.5318 -0.0156 0.8468
vn -0.1235 0.3611 -0.9243
vn -0.7432 0.1707 -0.6469
vn -0.8451 -0.0438 -0.5329
vn -0.8114 0.1663 -0.5604
vn -0.4860 -0.5041 0.7140
vn -0.8822 -0.4583 0.1080
vn 0.3743 0.7728 -0.5126
vn 0.3795 0.7691 -0.5143
vn -0.1368 0.7512 -0.6457
vn -0.2397 0.9299 -0.2791
vn 0.6453 0.4410 0.6238
vn 0.7172 0.5367 0.4444
vn 0.7979 0.5424 0.2631
vn 0.9783 0.1612 0.1299
vn 0.8871 0.4577 0.0596
vn 0.9612 0.2756 0.0098
vn 0.8803 0.3254 0.3451
vn 0.8197 0.3802 0.4284
vn 0.9585 0.2166 0.1854
vn 0.6447 0.3096 0.6989
vn 0.9108 0.2419 0.3345
vn 0.9579 0.2589 0.1240
vn 0.9665 0.2553 0.0251
vn 0.9317 0.3021 0.2016
vn 0.8616 0.3490 0.3686
vn 0.9737 0.1636 0.1587
vn 0.9755 0.1998 0.0919
vn 0.8050 -0.0397 0.5919
vn 0.7172 -0.1833 0.6724
vn 0.6258 -0.4568 0.6323
vn 0.7169 -0.1840 0.6724
vn 0.4725 -0.6436 0.6021
vn 0.2504 -0.8714 0.4219
vn 0.1319 -0.8689 0.4772
vn 0.1350 -0.9225 0.3615
vn 0.0858 -0.8872 0.4533
vn 0.0446 -0.9677 0.2480
vn -0.1503 -0.9322 0.3293
vn -0.7651 -0.5300 -0.3656
vn -0.2755 -0.9486 0.1559
vn -0.7868 -0.6090 -0.1008
vn 0.6427 0.2993 0.7053
vn 0.8642 0.3916 0.3158
vn 0.8934 0.3466 0.2857
vn 0.9390 0.3438 0.0068
vn 0.8898 -0.0516 0.4535
vn 0.9901 0.1350 0.0374
vn 0.8539 0.2432 0.4601
vn 0.9898 0.1409 0.0209
vn 0.9152 0.2357 0.3269
vn 0.6819 0.2275 0.6952
vn 0.7012 -0.1846 0.6887
vn -0.8677 -0.3913 -0.3067
vn 0.6358 -0.5877 0.5003
vn -0.8170 -0.4786 -0.3217
vn -0.7128 -0.7008 -0.0298
vn -0.4337 -0.8631 0.2587
vn 0.6598 0.3589 0.6602
vn 0.6861 -0.3161 0.6553
vn 0.8190 0.0063 0.5738
vn 0.8499 0.4754 -0.2275
vn 0.9313 0.2970 0.2108
vn 0.9209 0.3873 0.0438
vn 0.9055 0.4215 0.0494
vn 0.6290 0.3830 0.6765
vn 0.6489 0.4222 0.6330
vn 0.6289 -0.4069 0.6625
vn 0.7310 0.0437 0.6810
vn 0.7702 0.2704 0.5777
vn 0.7050 0.3250 0.6303
vn 0.9127 0.2374 0.3325
vn -0.5873 -0.1668 -0.7920
vn 0.0846 -0.6701 -0.7374
vn 0.5776 0.3380 0.7431
vn 0.8458 0.4735 0.2456
vn 0.6721 0.3780 0.6367
vn 0.6714 -0.3752 0.6391
vn 0.6337 -0.5344 0.5593
vn 0.3671 -0.7899 0.4912
vn 0.8156 -0.2767 0.5081
vn 0.8823 0.2441 0.4024
vn 0.8430 0.2783 0.4603
vn 0.9920 0.1214 -0.0360
vn 0.9917 0.1282 0.0115
vn 0.7602 0.3567 0.5430
vn 0.8298 -0.0101 0.5580
vn 0.7247 0.3617 0.5865
vn 0.8913 0.2394 0.3849
vn 0.8478 0.4022 0.3455
vn 0.6676 0.4100 -0.6215
vn 0.4410 0.1988 -0.8752
vn 0.6066 0.4948 -0.6223
vn 0.5590 0.6163 -0.5547
vn 0.4794 0.4355 -0.7620
vn 0.0110 0.6164 -0.7874
vn -0.0735 0.5614 -0.8243
vn 0.8000 0.2698 0.5359
vn 0.9433 0.2213 0.2472
vn -0.1511 0.9732 -0.1732
vn -0.0994 0.9946 0.0284
vn -0.6361 0.7308 -0.2476
vn -0.7015 0.6245 -0.3434
vn -0.7915 0.3008 -0.5320
vn 0.7111 0.2085 0.6714
vn -0.7161 0.3843 -0.5827
vn -0.0434 0.9933 -0.1073
vn -0.3125 0.8879 -0.3376
vn -0.1788 0.9630 -0.2017
vn -0.4497 0.7109 -0.5408
vn -0.5205 0.6230 -0.5838
vn -0.8196 0.1290 -0.5583
vn -0.6658 0.4942 -0.5590
vn -0.8025 0.2946 -0.5189
vn -0.4856 0.7955 -0.3624
vn -0.0589 0.9830 -0.1741
vn -0.6342 0.4809 -0.6054
vn -0.6337 0.4817 -0.6053
vn -0.6203 0.5241 -0.5835
vn 0.8184 0.0361 0.5736
vn 0.7433 -0.2134 0.6341
vn 0.5574 -0.5366 0.6335
vn 0.2789 -0.7803 0.5598
vn 0.0539 -0.9020 0.4284
vn 0.8171 0.2612 0.5140
vn 0.5135 -0.6884 -0.5122
vn 0.6704 0.2326 0.7046
vn 0.8112 -0.0595 0.5817
vn 0.6866 0.6335 0.3568
vn 0.7338 0.5769 0.3588
vn 0.6206 0.3415 0.7058
vn 0.7653 0.3202 0.5584
vn 0.5939 0.3559 0.7215
vn 0.8419 0.2460 0.4804
vn 0.8610 0.1781 0.4765
vn 0.8375 0.3680 0.4040
vn 0.3545 0.9348 -0.0211
vn 0.8343 0.4178 0.3597
vn 0.0353 0.9857 0.1648
vn 0.7463 0.3271 0.5797
vn 0.2631 -0.7868 0.5584
vn 0.2404 -0.8071 0.5393
vn 0.8860 0.1919 0.4221
vn 0.9917 0.1224 -0.0401
vn 0.9774 0.1755 0.1183
vn 0.3826 -0.7622 0.5223
vn -0.6777 0.6674 -0.3089
vn 0.8223 0.3131 0.4751
vn 0.9905 0.1375 -0.0035
vn 0.9405 0.1785 -0.2892
vn 0.1343 -0.9850 0.1080
vn 0.0519 -0.9510 0.3049
vn -0.2958 -0.8536 -0.4289
vn 0.9220 0.2613 0.2859
vn 0.9985 -0.0347 0.0433
vn -0.6749 -0.6165 -0.4055
vn -0.4415 0.8408 0.3131
vn -0.4699 0.7986 0.3760
vn -0.4559 0.7529 0.4747
vn -0.3339 0.7572 0.5614
vn 0.8951 0.2020 0.3975
vn 0.9795 0.1744 0.1012
vn 0.9448 0.2172 0.2454
vn -0.8343 -0.4467 -0.3230
vn -0.8457 -0.3810 -0.3736
vn -0.7059 -0.2959 -0.6435
vn 0.6790 0.5153 0.5229
vn 0.8454 0.5187 0.1274
vn 0.8250 0.5213 0.2183
vn 0.8536 0.5009 0.1430
vn 0.8527 0.4963 0.1633
vn 0.6345 0.3794 0.6734
vn -0.7436 -0.6172 -0.2572
vn -0.5844 -0.7854 -0.2042
vn -0.2881 -0.9572 -0.0260
vn -0.4598 -0.8830 -0.0941
vn 0.1864 -0.8504 0.4921
vn 0.4300 -0.6789 0.5951
vn 0.7383 0.3841 0.5544
vn 0.5714 0.5942 0.5661
vn 0.4641 -0.6921 0.5528
vn 0.5005 -0.6454 0.5770
vn 0.4665 -0.4085 -0.7845
vn 0.1491 -0.5422 -0.8269
vn 0.7898 -0.3234 0.5211
vn 0.7813 -0.1127 -0.6139
vn 0.4129 -0.3455 -0.8427
vn -0.3503 -0.5269 0.7744
vn 0.9939 0.1086 0.0192
vn 0.7779 0.1410 0.6124
vn 0.6477 0.3456 0.6790
vn 0.9597 0.2073 0.1898
vn 0.9905 0.1313 -0.0408
vn 0.9016 0.2489 0.3538
vn 0.9007 0.2553 0.3515
vn -0.1896 -0.2288 -0.9548
vn 0.7878 -0.0080 -0.6159
vn 0.7978 0.0294 -0.6022
vn 0.6218 -0.1955 -0.7584
vn 0.7901 -0.2296 -0.5683
vn 0.7983 -0.0193 -0.6019
vn -0.8570 0.4601 -0.2318
vn 0.8553 -0.0746 -0.5128
vn 0.0735 -0.3651 -0.9281
vn 0.3025 -0.2517 -0.9193
vn -0.9940 0.0236 0.1068
vn -0.7340 0.4734 -0.4870
vn -0.6666 0.5705 -0.4797
vn 0.8156 -0.0506 -0.5764
vn 0.7972 -0.1453 -0.5860
vn 0.7879 -0.1229 -0.6035
vn 0.8037 0.0434 -0.5934
vn 0.7923 -0.0059 -0.6102
vn -0.1860 -0.8108 -0.5550
vn -0.8524 -0.2276 -0.4707
vn -0.8334 -0.3184 -0.4518
vn -0.0790 -0.9910 0.1078
vn 0.1750 -0.9328 0.3152
vn 0.1416 -0.9868 0.0791
vn -0.6093 -0.7330 -0.3025
vn 0.9560 0.0887 -0.2796
vn 0.5174 -0.6141 0.5960
vn 0.7563 -0.1099 -0.6449
vn 0.4795 -0.6019 0.6386
vn 0.7914 -0.2246 -0.5686
vn 0.8810 0.0049 -0.4732
vn 0.6322 -0.1252 -0.7646
vn 0.7291 0.1520 -0.6673
vn 0.7254 -0.1205 0.6777
vn 0.8649 0.0484 -0.4996
vn 0.6571 0.1472 0.7393
vn 0.9912 0.1324 -0.0089
vn 0.9432 0.2243 0.2449
vn 0.6404 0.3506 0.6834
vn 0.9880 0.1546 -0.0066
vn 0.8691 0.2973 0.3952
vn 0.8788 0.2511 0.4059
vn 0.9001 0.3103 0.3059
vn 0.8728 0.2632 0.4111
vn 0.9194 0.0615 -0.3885
vn 0.9535 0.0320 -0.2998
vn 0.8669 0.1251 -0.4826
vn 0.6726 -0.1952 -0.7138
vn 0.7296 -0.2540 -0.6349
vn 0.7824 0.5874 0.2071
vn -0.8891 -0.2643 -0.3738
vn 0.7404 -0.3169 0.5927
vn 0.8494 0.3617 0.3844
vn 0.8404 0.0760 0.5366
vn 0.6693 -0.2917 0.6834
vn 0.7913 -0.0764 0.6066
vn 0.8468 0.3628 0.3891
vn 0.7440 0.3354 0.5779
vn 0.6281 0.3583 0.6907
vn 0.6733 0.2962 -0.6774
vn 0.5760 0.7309 -0.3662
vn -0.4405 -0.5989 0.6688
vn 0.6008 0.3967 0.6940
vn 0.6119 0.4013 0.6816
vn 0.9564 0.0613 0.2856
vn 0.8550 0.1982 0.4793
vn 0.9386 -0.1390 0.3158
vn 0.9580 -0.1396 0.2503
vn 0.9603 -0.0591 0.2726
vn 0.9434 -0.3083 0.1219
vn 0.9391 0.0912 0.3313
vn 0.9617 0.0308 0.2725
vn 0.7957 0.1880 0.5757
vn 0.2160 0.3154 -0.9240
vn 0.8047 0.1812 0.5653
vn 0.5990 -0.0745 0.7973
vn 0.0682 -0.5497 0.8326
vn -0.5403 -0.6463 0.5388
vn -0.5588 -0.6387 0.5289
vn -0.5573 0.8052 0.2025
vn -0.4065 0.7980 0.4450
vn -0.2917 0.8556 0.4277
vn -0.3118 0.9386 0.1479
vn -0.3511 0.9269 0.1324
vn -0.5611 -0.8273 0.0275
vn 0.8326 0.2810 0.4773
vn 0.4344 0.1738 0.8838
vn -0.2792 -0.9602 0.0098
vn 0.4727 0.2228 0.8526
vn 0.1382 0.1081 0.9845
vn -0.0124 0.0397 0.9991
vn 0.8092 -0.0986 0.5792
vn 0.9831 0.0370 0.1793
vn 0.8677 0.1373 0.4777
vn 0.7914 0.1940 0.5797
vn 0.9107 0.1354 0.3902
vn 0.9875 0.1560 -0.0206
vn 0.9331 0.2415 0.2666
vn 0.9488 0.2252 0.2217
vn 0.8828 0.2856 0.3728
vn 0.6066 0.3651 0.7062
vn -0.6058 -0.7173 -0.3443
vn 0.5427 0.7184 0.4352
vn 0.7450 0.3297 0.5799
vn 0.1006 0.6982 -0.7088
vn 0.2677 0.7090 -0.6524
vn 0.1309 0.9866 -0.0972
vn 0.0963 0.9889 0.1127
vn 0.0701 0.9883 0.1351
vn -0.2591 -0.9199 0.2942
vn -0.5808 -0.8058 -0.1154
vn -0.0609 -0.9085 0.4134
vn 0.8355 0.3181 0.4480
vn 0.8073 0.3250 0.4927
vn 0.6040 0.3619 0.7101
vn 0.6229 0.4839 0.6147
vn 0.8876 0.3604 0.2869
vn 0.8773 0.3712 0.3044
vn 0.6568 0.5131 0.5526
vn 0.6323 0.4447 0.6344
vn 0.9911 0.1305 -0.0268
vn 0.9310 -0.3215 0.1729
vn -0.0867 -0.8307 -0.5499
vn -0.0808 -0.9027 -0.4225
vn 0.0123 -0.9270 -0.3750
vn -0.1355 -0.9899 -0.0425
vn 0.9375 0.0922 0.3356
vn -0.2628 -0.9252 0.2738
vn -0.1713 -0.9693 0.1763
vn 0.9501 -0.0057 0.3120
vn 0.4339 -0.5417 0.7199
vn 0.7259 0.6853 0.0586
vn 0.7620 0.6390 0.1053
vn 0.9488 -0.1776 0.2611
vn 0.7271 0.6778 0.1095
vn 0.9123 -0.3593 0.1965
vn 0.9515 -0.0993 0.2911
vn 0.8107 0.4258 0.4019
vn 0.7329 -0.0590 0.6778
vn 0.3338 0.9253 -0.1801
vn 0.7998 0.5823 0.1460
vn -0.7431 0.3624 -0.5625
vn -0.9687 -0.2484 0.0044
vn -0.8459 0.1239 -0.5188
vn -0.9472 0.1048 -0.3032
vn -0.8372 0.4303 -0.3376
vn -0.8499 0.4869 -0.2014
vn -0.7159 0.6797 -0.1600
vn -0.7005 0.7136 0.0048
vn -0.7758 0.5964 0.2062
vn -0.7202 0.3009 -0.6251
vn -0.2468 0.9162 -0.3158
vn -0.2390 0.7629 -0.6007
vn -0.3094 0.7114 -0.6311
vn -0.3386 0.8189 -0.4635
vn -0.4004 0.8464 -0.3510
vn -0.1944 0.9407 -0.2780
vn -0.4129 0.7517 -0.5143
vn -0.3827 0.8079 -0.4481
vn 0.7631 0.6042 0.2292
vn 0.4633 0.7546 -0.4647
vn 0.9176 -0.1361 0.3734
vn 0.5702 0.8164 0.0916
vn 0.8770 0.2248 0.4248
vn 0.7007 -0.3023 0.6462
vn -0.8691 -0.1608 -0.4678
vn -0.4951 0.6635 -0.5609
vn -0.0003 0.8993 -0.4373
vn -0.0733 0.8336 -0.5475
vn 0.1523 0.8387 -0.5228
vn -0.1844 0.8556 -0.4837
vn 0.8493 0.3428 0.4014
vn 0.9370 -0.2932 0.1897
vn 0.9323 -0.2984 0.2046
vn 0.5978 -0.4895 0.6349
vn 0.6020 -0.2100 0.7704
vn -0.8494 0.0388 -0.5264
vn -0.8646 -0.0349 -0.5013
vn -0.5989 0.5882 -0.5434
vn -0.5497 0.6235 -0.5560
vn -0.5968 0.5921 -0.5415
vn 0.9293 -0.3146 0.1935
vn -0.9540 -0.2811 -0.1037
vn -0.8616 -0.5056 -0.0456
vn -0.8771 -0.2545 -0.4074
vn -0.6075 -0.7923 -0.0575
vn 0.6532 0.4238 0.6275
vn 0.7054 0.3214 0.6317
vn 0.7264 0.1768 0.6641
vn 0.8266 0.2467 0.5059
vn 0.7717 0.1704 0.6128
vn 0.8110 0.2492 0.5294
vn 0.7598 -0.2551 0.5980
vn 0.8222 -0.1741 0.5419
vn 0.7370 -0.3039 0.6037
vn -0.0483 0.9196 -0.3898
vn 0.6398 0.5464 0.5405
vn -0.0681 0.9710 -0.2291
vn 0.7416 0.1603 0.6514
vn 0.6708 0.5527 0.4946
vn 0.7556 0.1040 0.6467
vn 0.5071 0.8525 0.1265
vn 0.7133 0.5905 0.3775
vn -0.5593 0.8276 0.0484
vn -0.5827 0.7920 0.1823
vn 0.9873 0.0839 0.1347
vn -0.4368 0.8641 -0.2500
vn -0.4044 0.8148 -0.4154
vn -0.4220 0.6691 -0.6118
vn -0.3983 0.5639 -0.7235
vn -0.2388 0.3803 -0.8935
vn 0.9917 0.0612 0.1131
vn -0.2764 -0.8980 -0.3423
vn -0.1294 -0.3777 -0.9168
vn -0.7776 -0.6242 -0.0757
vn -0.7786 -0.6110 -0.1431
vn -0.4489 -0.8609 0.2395
vn 0.5407 -0.5885 0.6010
vn 0.1784 -0.7699 0.6128
vn -0.0957 0.5832 0.8067
vn -0.1313 0.4595 0.8784
vn -0.3028 -0.1876 0.9344
vn -0.6016 0.5712 -0.5585
vn -0.5723 0.6195 -0.5372
vn -0.3162 0.8691 -0.3803
vn -0.1385 0.9372 -0.3200
vn 0.8498 0.3368 0.4054
vn 0.8142 0.5716 0.1016
vn 0.5319 -0.3014 0.7913
vn -0.1934 -0.3467 0.9178
vn 0.5180 -0.4532 0.7254
vn 0.0994 -0.7802 0.6175
vn -0.0116 -0.8392 0.5437
vn -0.0228 -0.9290 0.3693
vn -0.9351 -0.0559 -0.3499
vn -0.9316 -0.1806 -0.3154
vn -0.6094 0.7777 0.1539
vn -0.9956 0.0746 -0.0559
vn 0.0949 -0.0040 0.9955
vn -0.9154 -0.2950 0.2739
vn -0.9959 -0.0676 -0.0599
vn 0.8554 0.2706 0.4416
vn 0.5999 0.3634 0.7128
vn -0.8883 -0.4115 0.2038
vn 0.7514 0.6531 -0.0934
vn -0.7294 0.5333 0.4285
vn -0.7387 -0.1209 0.6631
vn -0.2891 -0.4999 0.8164
vn -0.1905 -0.4571 0.8688
vn 0.8701 0.3624 0.3341
vn 0.8173 0.5753 0.0323
vn 0.6623 0.0114 0.7491
vn 0.7448 0.1578 0.6483
vn -0.1996 0.9077 -0.3690
vn 0.4244 0.5958 0.6818
vn -0.0104 0.9681 -0.2503
vn -0.0347 0.9982 -0.0494
vn 0.7576 0.6431 -0.1115
vn 0.7002 -0.3170 0.6397
vn 0.8399 -0.0122 0.5426
vn 0.6728 0.4632 0.5769
vn 0.8433 0.4796 0.2425
vn 0.8374 0.5212 0.1643
vn 0.9934 0.1111 -0.0289
vn 0.8942 0.2563 0.3671
vn 0.5897 0.3562 0.7248
vn 0.5756 0.3624 0.7331
vn 0.8563 0.3111 0.4122
vn 0.9583 -0.1120 0.2630
vn 0.9864 0.1634 -0.0151
vn -0.8374 0.2744 -0.4727
vn 0.9401 0.2442 0.2377
vn 0.8956 0.2741 0.3504
vn 0.8206 0.3038 0.4840
vn 0.9563 0.0097 0.2923
vn 0.9560 0.0122 0.2930
vn 0.9469 0.0573 0.3165
vn 0.8612 0.3073 0.4048
vn 0.1100 -0.8328 0.5426
vn -0.2728 -0.8850 0.3774
vn -0.7688 -0.5811 -0.2669
vn 0.4278 0.6082 -0.6686
vn -0.7646 -0.5867 -0.2667
vn -0.9640 -0.0305 -0.2640
vn -0.9776 0.1088 -0.1803
vn -0.9773 0.1069 -0.1829
vn -0.8022 0.5803 0.1404
vn -0.5961 0.7537 -0.2767
vn -0.3769 0.9199 -0.1084
vn -0.9063 0.2373 0.3497
vn -0.6292 0.6082 0.4840
vn 0.7876 0.5806 0.2064
vn -0.1291 -0.4472 0.8851
vn -0.8639 0.0188 -0.5034
vn -0.7656 -0.0051 -0.6433
vn -0.8907 -0.3780 -0.2527
vn 0.0743 -0.9273 0.3669
vn 0.1863 -0.9753 0.1184
vn 0.3641 -0.7385 0.5675
vn 0.4037 -0.4853 0.7755
vn 0.2280 -0.7339 0.6399
vn 0.7787 0.3302 0.5334
vn 0.8513 0.2619 0.4547
vn -0.1949 0.7468 -0.6359
vn -0.4083 0.8997 -0.1543
vn -0.0860 0.9689 -0.2319
vn -0.1679 0.9747 -0.1478
vn -0.2656 0.0733 -0.9613
vn 0.8328 0.4354 0.3419
vn -0.3450 -0.7695 0.5374
vn -0.3763 -0.7406 0.5567
vn 0.8429 0.0341 0.5369
vn -0.4558 -0.6875 0.5653
vn -0.5048 -0.5240 0.6860
vn -0.1890 0.0231 0.9817
vn 0.2392 0.2326 0.9427
vn 0.7323 0.2877 0.6172
vn 0.5729 0.3025 0.7618
vn 0.1835 0.2350 0.9545
vn 0.1059 0.1762 0.9786
vn 0.6145 0.3671 0.6983
vn -0.2708 -0.3431 -0.8994
vn -0.0199 0.9694 -0.2445
vn -0.0843 0.9494 -0.3025
vn -0.1222 0.9291 -0.3491
vn 0.6046 0.3632 0.7089
vn 0.4581 0.8885 -0.0258
vn 0.4058 0.9135 -0.0281
vn 0.6167 0.7773 0.1243
vn 0.8446 0.0660 0.5314
vn -0.5185 -0.4613 -0.7199
vn 0.8568 0.4022 0.3226
vn -0.5679 -0.6569 -0.4960
vn -0.4606 -0.5625 -0.6866
vn 0.3893 0.8966 0.2112
vn -0.1619 0.9466 -0.2788
vn 0.8566 0.3122 0.4109
vn 0.7190 0.6348 0.2829
vn -0.9385 -0.1941 0.2854
vn -0.6172 -0.1034 0.7800
vn -0.1528 0.0750 0.9854
vn 0.6062 0.3693 0.7044
vn 0.5763 0.3800 0.7235
vn 0.6388 -0.1302 -0.7583
vn 0.1089 0.9064 -0.4081
vn 0.6380 -0.1262 -0.7596
vn -0.7205 -0.6625 0.2047
vn 0.8277 -0.0311 -0.5604
vn 0.7499 -0.0700 -0.6578
vn 0.9840 0.1351 -0.1165
vn 0.9632 0.2322 0.1354
vn 0.9767 0.1720 0.1286
vn 0.8881 -0.0326 -0.4585
vn 0.6985 -0.3052 0.6472
vn 0.3791 -0.7047 0.5998
vn 0.8488 0.0455 0.5268
vn 0.6696 0.7335 0.1167
vn 0.6526 0.5800 0.4876
vn 0.3143 0.7271 0.6103
vn 0.1023 0.9247 -0.3667
vn 0.6454 0.6851 -0.3378
vn 0.0962 0.9930 0.0691
vn -0.8360 0.1671 -0.5226
vn 0.5774 0.7109 0.4016
vn -0.8542 -0.0174 -0.5196
vn 0.7365 0.6064 0.2998
vn 0.8743 0.4845 0.0310
vn 0.6826 0.4575 0.5698
vn 0.7182 0.6492 0.2503
vn 0.9523 0.2151 0.2167
vn 0.8671 0.2907 0.4045
vn 0.6269 0.3469 0.6976
vn 0.6189 -0.4420 0.6493
vn 0.6385 0.3688 0.6755
vn 0.5898 0.3558 0.7249
vn 0.9527 0.2205 0.2092
vn 0.8970 0.2601 0.3575
vn 0.9805 0.1727 0.0941
vn 0.6793 -0.2580 0.6870
vn 0.6098 -0.4755 0.6341
vn 0.2588 -0.1512 -0.9540
vn 0.6554 -0.4570 0.6014
vn 0.7211 -0.4942 0.4855
vn -0.5365 -0.8340 0.1290
vn -0.5840 -0.8102 0.0507
vn -0.7945 -0.4316 -0.4273
vn -0.6083 -0.7593 0.2314
vn -0.4620 -0.8327 0.3053
vn 0.8094 -0.0907 0.5802
vn 0.0357 -0.2630 -0.9641
vn -0.1541 -0.1337 -0.9790
vn -0.7584 0.6488 0.0626
vn -0.7673 0.6078 -0.2044
vn -0.7306 0.6720 -0.1208
vn 0.0671 -0.2605 -0.9631
vn 0.8317 0.3569 0.4254
vn -0.4804 0.6692 -0.5669
vn -0.2186 0.9191 -0.3279
vn -0.0885 0.9249 -0.3699
vn -0.1645 0.9735 -0.1588
vn -0.0071 0.9942 -0.1072
vn 0.2485 0.9551 -0.1611
vn 0.4649 0.8756 0.1315
vn 0.4024 0.9031 -0.1503
vn 0.2042 0.9349 -0.2902
vn 0.5667 0.8234 0.0285
vn 0.6829 0.6252 0.3780
vn 0.7284 0.4643 0.5038
vn 0.0885 0.9959 -0.0204
vn 0.1916 0.9587 0.2101
vn 0.1853 0.9747 -0.1248
vn 0.0301 0.8965 -0.4420
vn 0.7537 0.5625 0.3400
vn 0.9200 0.2591 0.2942
vn 0.9891 0.1455 0.0249
vn 0.9882 0.1518 -0.0194
vn 0.9256 0.2353 0.2966
vn 0.5258 -0.6193 0.5830
vn 0.5655 -0.5687 0.5973
vn 0.6472 0.3370 0.6838
vn 0.9298 0.2474 0.2727
vn -0.3617 0.8898 0.2783
vn -0.4240 0.8199 0.3847
vn -0.3789 0.9083 0.1771
vn -0.3669 0.5061 0.7805
vn -0.5302 0.2408 0.8129
vn -0.3450 0.9371 -0.0525
vn -0.2941 0.8780 -0.3776
vn -0.2569 0.8378 -0.4817
vn -0.2897 0.7937 -0.5350
vn -0.2688 0.6290 -0.7294
vn -0.4003 0.6433 -0.6526
vn -0.1833 0.6956 -0.6946
vn -0.1740 0.5165 -0.8384
vn -0.4432 -0.8701 -0.2158
vn 0.6974 -0.2999 0.6509
vn -0.8493 0.2998 -0.4344
vn -0.8689 0.1675 -0.4658
vn -0.7819 0.4028 -0.4757
vn -0.5354 0.8358 -0.1218
vn -0.6879 0.6558 -0.3109
vn -0.2053 0.8464 -0.4914
vn 0.4044 0.9108 -0.0827
vn 0.3787 0.9193 -0.1074
vn 0.5441 0.8385 -0.0293
vn 0.6149 0.7841 0.0839
vn -0.5062 0.8612 0.0459
vn -0.6138 0.4439 0.6529
vn -0.3791 0.4383 0.8149
vn 0.2706 0.9519 -0.1435
vn 0.2111 0.8292 -0.5175
vn 0.0497 0.6931 -0.7191
vn 0.2404 0.5353 -0.8098
vn 0.4017 -0.7694 0.4967
vn -0.2315 0.8620 0.4510
vn 0.5617 -0.5709 0.5989
vn -0.8875 -0.1933 -0.4182
vn -0.9208 0.2487 0.3005
vn -0.6543 -0.2794 0.7027
vn -0.9631 -0.2055 -0.1736
vn -0.9556 -0.2945 -0.0050
vn 0.5758 -0.5749 0.5813
vn -0.8901 -0.1992 0.4100
vn 0.8541 -0.2789 0.4390
vn 0.6474 -0.4918 0.5823
vn 0.9418 0.2482 0.2269
vn 0.9099 0.3263 0.2560
vn 0.8749 0.2997 0.3805
vn 0.9882 0.0444 0.1465
vn 0.9095 -0.1649 0.3816
vn 0.9843 0.1659 0.0596
vn -0.8337 -0.5520 -0.0150
vn 0.8087 -0.0624 0.5849
vn 0.8089 -0.0687 0.5840
vn 0.1488 -0.7594 0.6334
vn 0.4771 -0.6437 -0.5984
vn 0.3046 -0.2710 -0.9131
vn 0.2968 -0.3429 -0.8913
vn 0.5169 -0.8437 0.1448
vn 0.4133 -0.5833 -0.6993
vn 0.3496 -0.7797 -0.5194
vn 0.4713 -0.8476 -0.2438
vn 0.5999 0.3268 0.7303
vn -0.0679 0.8704 0.4877
vn 0.6828 0.2927 0.6694
vn 0.8345 0.2764 0.4766
vn 0.9366 0.3334 -0.1080
vn 0.9322 0.2800 0.2295
vn 0.6998 0.1188 0.7044
vn 0.6711 0.2395 0.7016
vn 0.9178 0.1363 0.3728
vn 0.6762 -0.0680 0.7336
vn 0.5374 -0.5571 0.6332
vn 0.6392 -0.3676 0.6755
vn -0.3872 -0.8889 0.2448
vn -0.2840 -0.9322 0.2245
vn 0.0815 -0.9048 0.4180
vn 0.4286 -0.6664 0.6101
vn 0.8332 0.2852 0.4738
vn 0.6153 -0.4675 0.6346
vn 0.6373 0.0440 0.7693
vn 0.6759 0.2891 0.6779
vn 0.9926 0.1186 -0.0275
vn -0.3649 0.8301 -0.4217
vn -0.7909 0.3055 -0.5302
vn -0.7136 0.4319 -0.5516
vn -0.8476 0.0128 -0.5305
vn -0.8960 -0.0761 -0.4375
vn -0.7367 -0.6479 -0.1937
vn -0.3721 -0.9200 0.1228
vn 0.5947 -0.5744 0.5625
vn 0.3800 -0.6874 0.6190
vn -0.1942 -0.8054 0.5600
vn 0.0815 -0.7605 0.6443
vn 0.0263 -0.9008 0.4334
vn -0.3132 -0.8690 0.3830
vn -0.4823 -0.8603 0.1653
vn -0.2261 -0.9184 0.3246
vn -0.5208 -0.8509 0.0692
vn 0.8197 0.5408 -0.1888
vn 0.7201 0.6600 0.2141
vn 0.7136 0.5992 0.3629
vn 0.7299 0.6095 0.3093
vn 0.8355 0.4852 -0.2578
vn 0.5763 0.5770 0.5787
vn 0.1401 0.9205 -0.3647
vn -0.3873 0.7839 -0.4853
vn -0.5236 0.6877 -0.5029
vn -0.5380 0.7557 -0.3734
vn -0.2021 0.9105 -0.3608
vn 0.8456 -0.4069 -0.3456
vn 0.7985 -0.5852 -0.1411
vn 0.5204 -0.5473 -0.6554
vn 0.3476 -0.8792 -0.3258
vn 0.3521 -0.8848 -0.3051
vn 0.5827 -0.7433 -0.3284
vn 0.7271 0.2088 -0.6540
vn 0.7901 -0.2788 -0.5459
vn 0.3527 -0.9351 -0.0340
vn -0.2999 -0.9110 -0.2830
vn -0.7367 -0.5901 -0.3303
vn 0.1508 -0.9885 -0.0088
vn 0.7699 0.0136 0.6380
vn 0.2964 0.9360 0.1898
vn 0.5740 0.8132 0.0957
vn 0.8249 0.4678 0.3173
vn -0.4800 0.6631 -0.5744
vn -0.3073 0.8826 -0.3559
vn -0.1373 0.8603 -0.4909
vn -0.3887 0.8996 -0.1992
vn -0.0423 0.9630 -0.2663
vn -0.4251 0.8791 -0.2156
vn 0.2663 0.6446 0.7166
vn 0.8100 0.3421 0.4763
vn 0.9915 0.1296 -0.0092
vn 0.8319 0.3215 0.4524
vn -0.7207 0.5910 0.3625
vn 0.6685 0.6457 0.3691
vn -0.4243 0.9032 0.0652
vn -0.1872 0.9315 0.3119
vn 0.7975 0.3957 0.4554
vn -0.1948 0.8741 -0.4449
vn -0.2679 -0.8990 -0.3464
vn -0.2934 -0.7507 -0.5919
vn -0.1523 -0.9799 -0.1290
vn -0.3602 -0.9088 0.2106
vn -0.1647 -0.9810 0.1029
vn -0.1604 -0.5019 -0.8499
vn -0.1585 -0.1811 -0.9706
vn -0.4795 -0.0281 -0.8771
vn -0.0368 0.0514 -0.9980
vn -0.2116 0.2017 -0.9563
vn 0.0309 0.3208 -0.9467
vn -0.2046 0.3437 -0.9165
vn -0.3677 -0.8133 0.4509
vn -0.3491 -0.7715 0.5320
vn -0.5073 -0.4802 0.7156
vn -0.1965 -0.6461 0.7375
vn -0.3432 -0.2441 0.9070
vn -0.4001 -0.2703 0.8757
vn -0.4371 -0.0409 0.8985
vn -0.1737 0.1610 0.9716
vn -0.5878 0.1859 0.7874
vn 0.8960 -0.2022 0.3955
vn 0.8062 -0.0508 0.5894
vn 0.7088 0.2731 0.6504
vn 0.8194 0.2667 0.5075
vn 0.1038 0.9179 -0.3829
vn 0.3055 0.8091 -0.5021
vn 0.4300 0.8870 -0.1684
vn 0.8176 0.3018 0.4904
vn 0.5093 0.8587 0.0570
vn -0.1262 -0.9604 0.2484
vn -0.0652 -0.9507 0.3031
vn -0.2119 -0.9601 0.1823
vn 0.6829 -0.4198 0.5979
vn -0.2155 -0.9601 0.1784
vn 0.8639 0.1436 0.4827
vn -0.8812 0.2539 -0.3988
vn -0.8954 0.4187 -0.1517
vn -0.9902 0.1400 0.0010
vn -0.9188 0.3942 0.0223
vn -0.9230 0.1795 0.3404
vn -0.7991 0.5093 0.3195
vn 0.1975 0.9217 -0.3339
vn -0.0118 0.8352 -0.5498
vn 0.2474 0.7422 -0.6229
vn 0.1456 0.8348 -0.5309
vn -0.1074 0.7305 -0.6744
vn -0.1082 0.2779 -0.9545
vn -0.4945 -0.1521 -0.8557
vn 0.4977 -0.5124 0.6998
vn 0.7111 0.0278 0.7026
vn 0.6872 0.3339 0.6452
vn 0.6354 -0.3327 0.6969
vn 0.2247 0.0831 -0.9709
vn 0.7177 0.0019 0.6964
vn 0.6284 0.3556 0.6918
vn 0.8757 0.2696 0.4005
vn 0.4905 0.8703 -0.0440
vn 0.3382 0.9394 -0.0564
vn 0.7027 0.6470 0.2959
vn -0.2603 0.2297 -0.9378
vn 0.8755 0.2696 0.4009
vn 0.7379 0.3315 0.5879
vn 0.6766 0.3784 0.6316
vn 0.9710 0.1919 0.1430
vn 0.6891 0.6246 0.3674
vn 0.4082 0.8744 0.2624
vn 0.7717 0.5050 0.3867
vn 0.7126 0.6811 0.1684
vn -0.8117 -0.3346 -0.4787
vn -0.7270 -0.6354 -0.2604
vn 0.6596 0.5042 0.5574
vn -0.5137 -0.3038 -0.8024
vn 0.0120 -0.2410 -0.9705
vn 0.8242 0.4227 0.3768
vn -0.7180 -0.2387 -0.6539
vn -0.3964 -0.2249 -0.8901
vn -0.7212 -0.2405 -0.6497
vn -0.7928 -0.2518 -0.5550
vn 0.7913 0.0347 -0.6105
vn 0.7034 -0.1051 -0.7030
vn 0.7595 -0.1100 -0.6412
vn 0.6630 -0.2525 -0.7047
vn 0.8630 0.0834 -0.4983
vn 0.3066 0.0091 -0.9518
vn -0.6814 -0.7310 -0.0380
vn -0.6747 -0.6760 -0.2963
vn -0.8112 -0.3424 -0.4741
vn -0.7125 -0.5109 -0.4810
vn -0.5808 0.6046 -0.5450
vn -0.0806 0.9836 -0.1612
vn 0.1103 0.9521 0.2851
vn 0.1364 0.9439 0.3009
vn 0.2962 0.9134 0.2792
vn 0.3922 0.8109 -0.4343
vn 0.7032 0.7081 -0.0647
vn 0.4803 0.7014 -0.5266
vn 0.6394 0.5652 0.5213
vn 0.7961 0.3815 0.4698
vn 0.6998 0.4398 0.5629
vn 0.8139 0.4554 0.3607
vn 0.6746 0.4957 0.5470
vn -0.4342 -0.8978 -0.0739
vn -0.3261 -0.9451 0.0216
vn -0.5650 -0.6974 -0.4409
vn -0.7536 -0.5916 -0.2867
vn -0.5900 -0.7839 -0.1933
vn -0.9344 0.3284 -0.1380
vn 0.4521 -0.6911 0.5639
vn 0.0397 -0.9568 -0.2881
vn -0.5242 0.7259 -0.4453
vn 0.7580 -0.3852 -0.5263
vn 0.0652 0.9915 0.1122
vn 0.0861 -0.6836 -0.7248
vn 0.6071 -0.4563 -0.6505
vn 0.0711 -0.9878 -0.1385
vn 0.1284 -0.9289 -0.3473
vn 0.2169 0.9586 -0.1844
vn 0.1294 0.9802 -0.1501
vn 0.4382 0.7976 -0.4144
vn 0.9722 0.1858 0.1426
vn -0.0553 0.2588 0.9643
vn 0.2897 0.9376 -0.1924
vn 0.4953 0.8572 -0.1412
vn 0.9588 0.1004 -0.2658
vn 0.6721 0.7313 0.1161
vn -0.9416 -0.2811 0.1853
vn -0.9644 -0.2618 0.0365
vn -0.9105 -0.2518 -0.3280
vn -0.2403 0.6227 0.7447
vn -0.7341 -0.1294 0.6666
vn -0.0274 0.8850 0.4647
vn -0.1664 0.0943 0.9815
vn 0.0117 -0.0806 0.9967
vn 0.0150 -0.0816 0.9966
vn -0.5288 -0.2339 0.8159
vn -0.2180 -0.0795 0.9727
vn -0.4766 -0.1417 0.8677
vn -0.5011 -0.1136 0.8579
vn -0.8589 -0.3510 0.3728
vn -0.9094 -0.2156 -0.3557
vn -0.8105 -0.5184 -0.2728
vn -0.6725 -0.7386 -0.0476
vn -0.5504 -0.8226 -0.1425
vn -0.8609 -0.4311 -0.2701
vn -0.5919 -0.8052 -0.0356
vn -0.5188 -0.8478 -0.1099
vn -0.4214 -0.9018 -0.0957
vn -0.4675 -0.8641 0.1867
vn -0.2470 -0.9152 0.3186
vn -0.1977 -0.9284 0.3146
vn -0.5452 0.7776 -0.3131
vn -0.2449 0.9299 -0.2745
vn 0.2636 0.9589 0.1048
vn 0.8357 0.2638 0.4817
vn 0.2784 0.9112 -0.3037
vn 0.4882 0.8085 -0.3285
vn -0.1328 0.9651 0.2259
vn -0.9799 -0.0678 -0.1876
vn -0.8982 -0.1953 -0.3938
vn 0.0602 0.9946 0.0847
vn -0.8943 -0.1200 -0.4312
vn 0.8012 0.2645 0.5368
vn -0.5986 0.5478 0.5845
vn 0.6113 0.1458 0.7778
vn 0.2165 -0.3318 0.9182
vn 0.2606 -0.3723 0.8908
vn 0.2318 -0.3910 0.8907
vn 0.8243 -0.0201 0.5658
vn 0.7818 -0.3348 0.5260
vn 0.6523 0.0189 0.7577
vn 0.8817 -0.3386 0.3287
vn 0.9284 -0.2792 0.2454
vn 0.8027 -0.0473 0.5945
vn 0.7662 0.5231 0.3733
vn 0.8942 0.0979 0.4368
vn 0.2558 0.8929 -0.3706
vn -0.5479 0.6747 -0.4945
vn -0.7945 0.1739 -0.5818
vn -0.5908 0.5175 -0.6190
vn 0.5771 0.3832 0.7212
vn 0.6011 0.3887 0.6983
vn 0.4552 -0.6109 0.6477
vn 0.4551 -0.6139 0.6450
vn 0.4420 -0.6116 0.6561
vn 0.5651 -0.4889 0.6645
vn 0.6290 -0.2765 0.7266
vn 0.7490 0.1348 0.6487
vn 0.7055 0.1710 0.6877
vn 0.6326 -0.0251 0.7740
vn 0.6520 0.3676 0.6631
vn 0.6446 0.3590 0.6750
vn -0.6346 0.6001 -0.4870
vn 0.8415 0.0977 0.5314
vn 0.8999 0.2633 0.3475
vn 0.6558 0.3551 0.6662
vn 0.9564 -0.1484 0.2515
vn 0.9220 0.3105 0.2311
vn 0.9363 0.0888 0.3399
vn 0.9460 0.0405 0.3215
vn -0.6774 -0.7351 0.0279
vn -0.2732 -0.8895 0.3663
vn -0.5023 -0.8219 0.2686
vn 0.1123 -0.6655 -0.7379
vn 0.4187 -0.6520 0.6321
vn 0.6190 -0.3726 0.6913
vn 0.8626 -0.1533 0.4821
vn 0.9927 0.0505 0.1096
vn 0.8163 0.3450 0.4632
vn 0.9870 0.1600 0.0132
vn 0.5231 -0.5762 0.6280
vn 0.7206 -0.3521 0.5973
vn 0.9366 0.2378 0.2573
vn 0.4133 0.8916 -0.1851
vn 0.8818 0.2886 0.3730
vn 0.7841 0.3384 0.5203
vn 0.9554 0.2351 0.1788
vn 0.9833 0.1822 -0.0034
vn 0.1433 -0.2789 -0.9496
vn 0.0238 -0.9666 -0.2553
vn 0.1336 -0.7350 -0.6647
vn -0.4536 -0.7733 0.4430
vn -0.5355 -0.3625 0.7628
vn -0.5165 -0.4541 0.7260
vn -0.5738 -0.1241 0.8095
vn -0.5681 0.1952 0.7995
vn -0.4870 0.3662 0.7929
vn -0.5828 0.4497 0.6769
vn 0.2676 -0.7859 0.5574
vn 0.6623 0.4992 0.5587
vn 0.6975 0.4040 0.5918
vn 0.7125 0.5272 0.4631
vn 0.7202 0.5450 0.4292
vn 0.1457 0.9335 -0.3277
vn -0.2872 0.8426 -0.4557
vn -0.3397 0.8219 -0.4573
vn 0.6701 0.7258 0.1555
vn 0.6320 -0.1587 0.7585
vn 0.3422 -0.7259 0.5967
vn 0.4341 -0.6246 0.6492
vn 0.4310 -0.6138 0.6615
vn 0.8220 -0.1244 0.5557
vn 0.7069 0.0227 0.7070
vn 0.8485 0.3313 0.4127
vn 0.8633 -0.1105 0.4924
vn 0.9469 0.2598 0.1896
vn 0.8612 0.3189 0.3957
vn 0.8636 0.3324 0.3791
vn 0.9416 0.0467 0.3335
vn 0.9350 -0.3026 0.1848
vn 0.9359 0.0942 0.3393
vn 0.8417 0.0953 0.5314
vn 0.6861 -0.2361 0.6882
vn 0.7204 0.6828 0.1219
vn 0.8604 0.3117 0.4033
vn 0.8887 0.4293 -0.1607
vn 0.8856 0.3287 0.3281
vn 0.0451 -0.2911 0.9556
vn 0.8072 0.3948 0.4388
vn 0.6105 0.4534 0.6495
vn 0.6451 0.4113 0.6439
vn -0.8712 0.2854 -0.3995
vn 0.9844 0.1702 -0.0442
vn 0.8565 0.4589 0.2364
vn 0.9345 0.3291 0.1352
vn 0.9649 0.1721 0.1984
vn 0.7765 0.6264 -0.0682
vn 0.7382 0.0008 0.6746
vn 0.6455 -0.4185 0.6389
vn 0.1183 0.0655 0.9908
vn -0.4088 0.8326 0.3737
vn 0.8649 0.1451 0.4805
vn 0.8557 0.1384 0.4987
vn 0.7791 0.4658 0.4196
vn 0.6916 0.7056 -0.1546
vn 0.6621 0.7041 -0.2568
vn 0.3320 0.8881 -0.3179
vn -0.6204 0.3736 0.6896
vn 0.5445 0.6854 0.4835
vn -0.1011 0.9446 0.3121
vn -0.5175 0.7833 0.3443
vn -0.1259 0.8008 0.5855
vn 0.3115 -0.0243 0.9499
vn 0.5136 -0.3675 0.7754
vn 0.5085 -0.3709 0.7771
vn -0.0551 0.3682 0.9281
vn -0.1081 0.2025 0.9733
vn 0.8452 0.0800 0.5285
vn 0.2919 -0.4250 0.8568
vn -0.2148 0.2878 0.9333
vn -0.3698 -0.2695 0.8892
vn 0.4924 -0.0675 0.8678
vn 0.4765 -0.0474 0.8779
vn 0.5561 -0.2123 0.8036
vn 0.3987 0.7746 0.4910
vn 0.6503 0.4358 0.6223
vn 0.6476 0.3910 0.6540
vn -0.8549 0.5183 0.0242
vn -0.8424 0.3765 -0.3855
vn -0.9046 -0.1189 -0.4093
vn -0.0590 0.9971 -0.0475
vn -0.8879 -0.2551 -0.3828
vn -0.8815 -0.4668 0.0712
vn -0.9341 -0.3002 -0.1934
vn -0.7344 -0.5425 0.4078
vn -0.7929 -0.5392 0.2840
vn -0.3388 -0.5809 0.7401
vn 0.4725 0.8798 0.0521
vn -0.5148 0.6533 -0.5551
vn 0.2174 0.0587 -0.9743
vn 0.2495 -0.7893 0.5610
vn -0.6138 -0.7889 -0.0308
vn -0.5767 -0.8150 0.0563
vn -0.8411 -0.4363 -0.3197
vn -0.6970 0.6934 0.1830
vn 0.0042 0.9909 0.1342
vn -0.3929 0.7490 0.5335
vn -0.3655 0.6122 0.7011
vn -0.4633 0.4982 0.7329
vn -0.3376 0.8405 0.4238
vn 0.9869 0.1562 0.0403
vn 0.9915 0.1298 -0.0015
vn -0.0378 0.9423 -0.3326
vn -0.2191 0.9290 -0.2983
vn -0.0495 0.9476 -0.3157
vn -0.3170 -0.9318 0.1769
vn -0.5238 -0.8510 0.0374
vn 0.2367 0.9672 -0.0917
vn 0.6951 0.7055 0.1378
vn -0.8150 -0.5667 -0.1214
vn -0.6162 0.4458 -0.6492
vn -0.4263 0.6678 -0.6101
vn -0.8197 0.1575 -0.5507
vn -0.2294 0.7417 -0.6303
vn 0.8850 0.2896 0.3646
vn 0.7342 0.3468 0.5837
vn 0.8694 0.3286 0.3689
vn 0.8942 0.4404 0.0806
vn 0.8757 0.4107 0.2541
vn 0.9361 0.3516 -0.0081
vn 0.9179 0.3244 0.2286
vn 0.7072 0.3225 0.6291
vn 0.9904 0.1372 0.0153
vn 0.7608 0.3568 0.5421
vn -0.1631 0.9864 0.0200
vn 0.9380 0.2372 0.2526
vn 0.9229 0.2614 0.2828
vn 0.9845 0.0893 0.1508
vn 0.7380 -0.0667 0.6715
vn 0.7547 -0.0942 0.6493
vn 0.4757 -0.6073 0.6363
vn 0.4575 -0.5832 0.6712
vn 0.6364 0.3540 0.6853
vn 0.6220 0.3347 0.7079
vn 0.7076 0.3410 0.6190
vn -0.1557 0.9579 -0.2411
vn -0.0279 0.9961 0.0834
vn -0.1493 0.2561 0.9550
vn -0.1367 0.6718 0.7280
vn -0.1678 0.6752 0.7183
vn -0.1187 0.6288 0.7684
vn -0.2243 0.5410 0.8106
vn 0.9849 0.1536 -0.0801
vn 0.9152 0.2598 0.3080
vn 0.9893 0.0978 -0.1083
vn -0.3869 0.6649 0.6389
vn 0.8696 -0.0296 -0.4929
vn 0.9465 0.0641 -0.3164
vn 0.9121 0.1851 0.3659
vn 0.8225 -0.0796 0.5632
vn -0.5337 -0.1566 0.8310
vn 0.7355 0.3345 0.5892
vn 0.6838 0.3518 0.6393
vn 0.6164 0.3593 0.7007
vn -0.9796 -0.0827 0.1833
vn 0.9751 0.2088 0.0741
vn 0.7479 0.4006 0.5294
vn 0.9030 0.2625 0.3402
vn 0.8374 0.2914 0.4625
vn -0.5413 -0.6938 -0.4749
vn 0.7842 0.3309 0.5249
vn -0.3535 -0.8891 -0.2906
vn -0.7487 -0.4870 -0.4497
vn -0.7808 -0.2510 -0.5721
vn -0.8212 -0.2408 -0.5173
vn 0.9160 0.2506 0.3132
vn -0.5113 -0.2940 -0.8075
vn -0.5147 -0.3538 -0.7809
vn -0.8053 -0.2238 -0.5490
vn -0.7892 -0.2308 -0.5691
vn -0.2828 -0.1293 -0.9504
vn 0.0384 -0.2743 -0.9609
vn 0.4796 0.6561 -0.5827
vn 0.9245 0.2416 0.2950
vn 0.3569 -0.0166 -0.9340
vn 0.7886 0.1338 -0.6001
vn 0.5568 0.8275 0.0730
vn 0.6565 -0.3685 -0.6582
vn 0.7353 -0.1752 -0.6547
vn 0.6076 -0.2588 -0.7509
vn 0.8142 -0.1462 -0.5619
vn 0.7273 -0.2872 -0.6233
vn 0.9167 0.0367 -0.3978
vn -0.5817 -0.6842 0.4398
vn -0.4635 -0.8544 0.2348
vn -0.5960 -0.6810 0.4254
vn 0.1814 -0.8924 0.4131
vn 0.1905 -0.8768 0.4414
vn 0.0085 0.9520 0.3061
vn -0.0214 0.9037 0.4277
vn 0.2274 0.8203 0.5248
vn 0.5388 0.8368 0.0972
vn -0.3948 0.7918 -0.4661
vn -0.5226 0.7604 -0.3856
vn -0.8685 -0.0411 -0.4939
vn -0.8104 0.2067 -0.5482
vn 0.5863 0.5123 0.6275
vn 0.8649 0.3189 0.3877
vn 0.1394 0.9494 -0.2816
vn 0.0528 0.9107 -0.4097
vn 0.0039 -0.9997 0.0223
vn 0.4043 0.8966 -0.1808
vn 0.0577 0.9703 -0.2351
vn 0.0860 0.9790 -0.1846
vn 0.4493 0.8927 0.0359
vn 0.6874 -0.4760 -0.5485
vn -0.5772 -0.6207 -0.5307
vn -0.0855 0.9731 -0.2138
vn -0.0200 -0.5415 -0.8404
vn -0.0666 -0.3086 -0.9488
vn -0.1985 -0.3702 -0.9075
vn -0.6956 -0.3571 -0.6233
vn 0.4356 0.1000 -0.8946
vn -0.0678 0.0080 -0.9977
vn -0.8995 -0.4183 0.1259
vn -0.7260 -0.6434 0.2428
vn -0.9213 -0.3423 -0.1845
vn -0.5480 -0.7102 0.4419
vn -0.5687 -0.6621 0.4880
vn -0.3067 -0.9451 0.1127
vn 0.1519 -0.7414 0.6536
vn -0.5664 -0.5863 0.5791
vn 0.4132 -0.8794 0.2363
vn 0.3726 -0.9055 0.2030
vn -0.0108 -0.8220 -0.5694
vn 0.2767 -0.9608 0.0154
vn -0.0938 -0.9619 0.2570
vn 0.1417 -0.9724 -0.1853
vn 0.8051 -0.0815 0.5875
vn 0.9304 0.3322 0.1551
vn 0.9540 0.2943 0.0571
vn 0.9597 0.2685 0.0829
vn 0.8910 0.3788 0.2503
vn 0.8156 0.3702 0.4447
vn -0.8672 -0.0033 -0.4979
vn -0.7966 0.1935 -0.5727
vn -0.2156 0.7466 -0.6293
vn -0.0425 0.3568 -0.9332
vn -0.1963 0.7652 -0.6131
vn -0.7194 0.2843 -0.6338
vn -0.8421 -0.0012 -0.5393
vn 0.5868 0.6221 0.5183
vn 0.6406 0.5963 0.4838
vn 0.7201 0.6832 0.1208
vn 0.5924 -0.1421 -0.7930
vn 0.7858 0.4130 0.4604
vn 0.7138 0.6904 0.1171
vn 0.7215 0.6064 0.3342
vn 0.1141 0.9226 -0.3684
vn 0.3626 0.9280 -0.0859
vn 0.2630 0.9150 -0.3058
vn 0.6933 -0.3394 0.6357
vn 0.9197 0.3898 0.0469
vn 0.8816 0.2959 0.3676
vn 0.6465 0.4278 0.6317
vn 0.6351 0.3210 0.7026
vn -0.2831 -0.9281 -0.2418
vn 0.5605 0.1392 0.8164
vn 0.5818 0.3685 0.7250
vn 0.6030 0.3755 0.7039
vn -0.1378 -0.8021 0.5811
vn 0.0932 -0.3769 -0.9216
vn -0.1079 -0.9776 0.1806
vn 0.0983 -0.9626 -0.2526
vn 0.1879 -0.7136 0.6749
vn -0.0079 -0.7907 0.6121
vn 0.2984 -0.8292 0.4727
vn -0.4648 0.8201 -0.3337
vn -0.2255 0.9510 -0.2114
vn 0.2078 -0.8691 0.4490
vn 0.1744 -0.9003 0.3988
vn -0.3227 0.9163 -0.2374
vn -0.0431 0.9931 -0.1088
vn 0.1714 -0.6643 -0.7276
vn 0.2276 -0.6074 -0.7611
vn 0.0799 -0.9967 0.0108
vn 0.3844 -0.9183 0.0944
vn 0.3159 -0.9431 0.1035
vn 0.1807 -0.9348 -0.3058
vn 0.0494 -0.9956 -0.0795
vn 0.1635 -0.6898 -0.7053
vn 0.2016 -0.8527 -0.4820
vn 0.6741 -0.3621 0.6438
vn 0.1484 0.9687 0.1992
vn 0.3206 0.9455 -0.0576
vn 0.4792 0.1137 0.8703
vn 0.4950 0.0023 0.8689
vn 0.8264 -0.3454 0.4446
vn 0.9710 0.0532 0.2329
vn 0.7273 -0.0533 0.6842
vn 0.8107 -0.0507 0.5832
vn 0.8500 0.2429 0.4674
vn 0.6939 -0.3642 0.6212
vn 0.6909 -0.2825 0.6655
vn 0.6407 -0.2353 0.7309
vn 0.8290 0.1675 0.5336
vn 0.5542 0.8258 0.1040
vn 0.5255 0.8062 0.2718
vn 0.7302 0.6796 0.0703
vn 0.8182 0.4586 0.3467
vn 0.8266 0.5029 0.2527
vn 0.9735 0.0025 0.2288
vn 0.8425 -0.0791 0.5329
vn 0.9004 0.2027 0.3849
vn 0.7035 0.2159 0.6771
vn 0.6631 0.3775 0.6464
vn 0.6703 0.1766 -0.7207
vn 0.6198 0.3297 0.7121
vn 0.6785 -0.3430 0.6496
vn 0.8456 -0.0948 0.5254
vn 0.8916 -0.0472 0.4504
vn -0.4312 -0.9023 -0.0009
vn -0.4517 -0.8824 0.1320
vn -0.4347 -0.8928 0.1180
vn -0.0506 -0.8359 0.5466
vn -0.4185 -0.8870 0.1950
vn -0.1152 -0.9502 0.2896
vn 0.0804 -0.8694 0.4876
vn 0.4405 -0.6892 0.5753
vn -0.1280 -0.9437 0.3049
vn 0.6967 -0.4460 0.5620
vn 0.8214 -0.2943 0.4886
vn 0.7360 0.1126 0.6675
vn -0.7461 0.3919 -0.5382
vn -0.6239 0.6371 -0.4526
vn 0.6928 0.7071 0.1417
vn 0.7136 0.6965 0.0751
vn 0.8467 0.4377 0.3025
vn 0.8375 0.0295 0.5456
vn 0.8362 0.0214 0.5480
vn 0.4779 0.8747 0.0802
vn 0.5866 0.8020 0.1129
vn 0.6633 0.7465 0.0525
vn 0.4753 0.7541 -0.4532
vn 0.3829 0.8272 -0.4113
vn 0.8953 0.3847 0.2247
vn 0.9473 0.3198 -0.0207
vn 0.9603 0.2783 0.0189
vn 0.8812 0.4507 0.1427
vn 0.4261 0.8822 0.2003
vn 0.5068 0.7930 0.3381
vn 0.0413 0.9854 -0.1650
vn 0.1845 0.9758 -0.1175
vn -0.0590 0.9982 0.0045
vn 0.1221 0.8629 -0.4904
vn 0.6003 0.3435 0.7223
vn 0.1437 0.8996 -0.4123
vn -0.4544 0.7220 -0.5217
vn -0.4686 0.7174 -0.5155
vn 0.4248 0.8984 -0.1116
vn 0.5989 0.3452 0.7226
vn 0.5269 0.8499 -0.0051
vn 0.7781 0.3462 0.5241
vn 0.7573 0.4527 0.4706
vn 0.6530 0.3683 0.6618
vn 0.0564 0.9274 -0.3697
vn -0.1845 0.9056 -0.3818
vn -0.5287 0.7715 -0.3540
vn -0.7572 0.4717 -0.4519
vn -0.5297 0.7707 -0.3542
vn -0.8564 0.1086 -0.5048
vn -0.7935 0.3464 -0.5003
vn -0.8669 -0.1777 -0.4657
vn 0.7934 0.5499 0.2609
vn 0.6743 0.0878 0.7332
vn 0.6942 0.1418 0.7057
vn 0.8203 0.1551 0.5505
vn 0.9251 0.2276 0.3041
vn -0.7266 -0.2140 -0.6529
vn -0.7247 -0.2129 -0.6553
vn 0.9325 0.2361 0.2732
vn 0.8080 0.3024 0.5056
vn -0.4892 -0.0914 -0.8674
vn -0.7353 -0.0001 -0.6777
vn 0.7134 0.3397 0.6129
vn -0.6582 -0.1140 -0.7442
vn 0.9912 0.1295 -0.0278
vn -0.6182 -0.7466 -0.2460
vn 0.5463 -0.6339 0.5474
vn 0.4844 -0.7342 0.4758
vn 0.4856 -0.7176 0.4992
vn -0.0565 -0.9439 -0.3253
vn 0.0809 -0.8908 -0.4471
vn -0.8287 -0.4423 -0.3429
vn 0.2324 -0.9708 0.0592
vn 0.1073 -0.9721 0.2084
vn -0.4835 -0.8607 -0.1593
vn -0.1482 -0.9876 0.0519
vn -0.5724 -0.8193 0.0326
vn -0.1056 0.3731 -0.9217
vn -0.7581 -0.0253 -0.6517
vn 0.8831 0.2344 0.4065
vn 0.7289 0.6761 0.1078
vn -0.0571 -0.9220 0.3829
vn -0.6413 -0.7610 0.0983
vn 0.8832 0.4652 0.0602
vn 0.9002 0.4188 0.1193
vn 0.8868 0.4608 0.0352
vn 0.9701 0.0515 -0.2372
vn 0.9984 -0.0538 0.0198
vn 0.7421 0.3295 -0.5837
vn 0.8692 0.1127 -0.4815
vn 0.9959 -0.0886 -0.0198
vn -0.4509 -0.8409 0.2992
vn 0.2451 -0.8026 0.5439
vn -0.3278 0.0155 -0.9446
vn 0.9579 -0.2708 0.0949
vn 0.9426 -0.1143 0.3138
vn 0.8969 0.0795 0.4350
vn 0.5306 -0.5903 0.6084
vn 0.5044 -0.5967 0.6241
vn 0.9727 -0.2270 -0.0484
vn 0.9840 -0.1075 -0.1424
vn 0.9603 0.0277 0.2775
vn 0.9125 -0.1881 0.3633
vn 0.9811 -0.1497 0.1228
vn 0.9657 0.1203 0.2302
vn 0.9902 0.0620 -0.1252
vn 0.9862 -0.0168 -0.1647
vn -0.2809 0.1243 -0.9516
vn 0.8677 0.4960 0.0310
vn 0.9392 0.1868 0.2880
vn 0.9370 0.1716 0.3042
vn 0.9413 0.1362 -0.3088
vn -0.0838 0.5724 -0.8157
vn 0.0203 0.6921 -0.7215
vn 0.8017 0.3468 0.4869
vn 0.9721 0.0326 -0.2323
vn 0.9928 0.0528 0.1078
vn 0.9807 0.1073 0.1638
vn 0.7282 -0.1213 -0.6746
vn 0.9191 0.1864 0.3471
vn 0.9956 0.0909 0.0245
vn 0.9730 0.1497 0.1758
vn 0.7709 -0.0757 -0.6324
vn 0.9198 -0.0167 -0.3920
vn 0.9475 0.0057 -0.3198
vn -0.4241 0.2527 0.8696
vn -0.2728 -0.1880 -0.9435
vn 0.8004 -0.0246 -0.5990
vn 0.8074 -0.0687 -0.5860
vn 0.9666 0.1388 0.2153
vn 0.9572 0.1452 0.2505
vn 0.8418 0.0545 -0.5370
vn -0.2601 -0.4762 -0.8400
vn 0.9465 0.1487 -0.2864
vn -0.3910 -0.8130 -0.4314
vn -0.8754 0.0226 0.4829
vn -0.7933 0.2059 0.5729
vn -0.8568 0.2101 0.4708
vn -0.9670 -0.1519 -0.2044
vn -0.8580 0.1224 0.4989
vn -0.8498 0.0393 0.5257
vn -0.9590 -0.1711 -0.2258
vn -0.9594 -0.1818 -0.2158
vn -0.1054 0.1888 0.9763
vn -0.7986 0.0455 0.6002
vn 0.9155 0.3971 0.0655
vn 0.9495 0.3136 -0.0043
vn -0.9814 -0.1901 -0.0252
vn 0.8465 0.5198 0.1151
vn -0.2925 -0.8308 0.4736
vn 0.8844 0.3195 0.3401
vn -0.9170 -0.2214 -0.3319
vn 0.1593 -0.9871 0.0173
vn -0.8118 0.2335 -0.5352
vn -0.7788 0.6175 0.1102
vn -0.7997 0.5878 0.1225
vn -0.8434 0.4486 0.2956
vn -0.8599 0.5055 0.0710
vn -0.9475 0.3038 0.0996
vn -0.8997 0.3270 0.2890
vn -0.9514 0.2940 0.0916
vn -0.9958 -0.0755 -0.0522
vn -0.9198 0.3185 -0.2292
vn -0.9553 0.2511 -0.1558
vn -0.8795 0.1955 -0.4340
vn 0.8763 0.3734 0.3045
vn 0.5908 0.3531 0.7255
vn 0.0933 -0.9871 0.1299
vn 0.7176 0.0043 -0.6965
vn 0.9567 0.2163 0.1949
vn 0.9847 0.1480 0.0915
vn 0.9871 0.1599 0.0064
vn 0.7446 0.3148 0.5887
vn 0.8184 0.2010 0.5383
vn 0.5745 0.2829 0.7681
vn 0.5630 0.4063 0.7197
vn 0.5929 0.3835 0.7081
vn -0.8806 -0.2252 -0.4170
vn -0.8231 0.1460 -0.5489
vn -0.9273 -0.3180 -0.1973
vn -0.2610 -0.2470 0.9332
vn -0.2530 -0.4085 0.8770
vn -0.9109 -0.1226 -0.3939
vn -0.1626 -0.8611 0.4818
vn -0.1987 -0.9252 0.3233
vn -0.1696 -0.9299 0.3265
vn -0.4785 -0.3712 0.7958
vn 0.6917 0.4041 0.5985
vn 0.5776 0.3701 0.7276
vn 0.6094 0.3795 0.6961
vn 0.8745 0.4754 0.0960
vn 0.7500 0.6064 0.2642
vn 0.6754 -0.1671 0.7182
vn -0.0851 0.9820 -0.1687
vn -0.8764 0.0828 -0.4743
vn 0.9847 0.1728 0.0228
vn 0.9632 0.2164 0.1597
vn 0.9194 0.2707 0.2854
vn 0.8254 0.3083 0.4728
vn 0.7261 0.3437 0.5955
vn -0.8661 -0.1884 -0.4629
vn 0.8476 0.2970 0.4397
vn 0.7458 0.4304 0.5084
vn 0.6859 0.3411 0.6429
vn -0.2303 0.8921 -0.3888
vn -0.0874 0.9768 -0.1956
vn -0.2185 0.8696 -0.4428
vn 0.8449 -0.1961 0.4977
vn -0.5020 0.6722 -0.5442
vn -0.8992 -0.2637 -0.3493
vn -0.0796 -0.2479 0.9655
vn -0.8312 -0.3481 -0.4336
vn -0.5114 -0.8080 -0.2926
vn 0.8074 0.5226 0.2738
vn 0.8100 0.5166 0.2774
vn -0.5905 -0.5064 0.6284
vn -0.5230 -0.5429 0.6571
vn -0.7280 -0.4973 0.4720
vn 0.5968 -0.5655 -0.5692
vn -0.8737 -0.4527 -0.1779
vn -0.8745 -0.4357 -0.2131
vn 0.8488 0.3680 0.3797
vn 0.2603 -0.1993 0.9447
vn 0.0738 -0.2691 0.9603
vn -0.0988 -0.3807 0.9194
vn -0.7683 -0.5734 0.2845
vn -0.6631 -0.6297 0.4047
vn 0.9012 0.2701 0.3390
vn 0.9112 0.2556 0.3231
vn 0.9503 0.2529 0.1818
vn 0.9782 0.1290 0.1625
vn 0.8050 0.3280 0.4944
vn 0.3921 -0.9093 -0.1391
vn -0.2361 -0.6765 -0.6975
vn -0.1520 -0.9553 -0.2535
vn -0.0036 -0.9158 -0.4015
vn 0.9888 0.1471 -0.0238
vn 0.9473 0.2339 0.2189
vn 0.9412 0.2319 0.2458
vn -0.0136 -0.9029 0.4297
vn 0.3199 -0.6990 0.6395
vn 0.7253 -0.3470 0.5945
vn 0.8335 -0.1296 0.5371
vn 0.6627 -0.3036 0.6846
vn 0.9806 0.1882 0.0545
vn 0.7499 0.4179 0.5129
vn 0.6945 0.2606 0.6707
vn 0.1912 -0.4790 -0.8567
vn 0.3041 -0.4503 -0.8395
vn 0.3372 -0.7157 -0.6115
vn 0.3646 -0.6904 -0.6249
vn 0.3487 -0.7952 -0.4961
vn 0.1348 -0.7308 -0.6691
vn 0.6008 -0.7698 -0.2154
vn 0.2078 -0.9279 -0.3095
vn 0.4566 -0.8857 0.0844
vn 0.3647 -0.9035 -0.2250
vn 0.3272 -0.9425 -0.0687
vn 0.5438 -0.8325 0.1063
vn 0.2521 -0.1528 -0.9556
vn 0.4472 0.1162 -0.8869
vn -0.4727 0.6787 -0.5621
vn 0.0434 0.9382 -0.3435
vn 0.0187 0.8313 -0.5555
vn 0.8300 0.2747 0.4854
vn 0.3129 0.9162 -0.2502
vn 0.6808 0.7232 -0.1163
vn 0.9531 -0.1233 0.2765
vn -0.9402 -0.2169 -0.2627
vn -0.9212 -0.1691 0.3505
vn -0.9652 0.2185 0.1434
vn -0.9971 -0.0317 -0.0698
vn -0.9064 0.1457 0.3965
vn 0.9532 -0.0526 0.2976
vn -0.8615 0.0497 -0.5053
vn -0.4254 0.7688 -0.4776
vn -0.5499 0.7092 -0.4412
vn 0.5306 -0.5288 0.6625
vn 0.8194 0.4170 0.3933
vn 0.8181 0.3738 0.4370
vn 0.6780 0.4547 0.5775
vn 0.6292 -0.3456 0.6962
vn 0.7394 0.5456 0.3945
vn 0.3747 0.9195 0.1186
vn 0.7941 0.3897 0.4665
vn 0.8298 0.0040 0.5581
vn 0.9079 0.1985 0.3691
vn 0.9400 0.0631 0.3353
vn 0.9564 -0.1215 0.2658
vn 0.6962 0.5730 0.4324
vn 0.9077 -0.3473 0.2354
vn 0.5275 0.7003 0.4808
vn 0.8989 -0.2536 0.3572
vn 0.8400 0.3304 0.4305
vn 0.7231 -0.2445 0.6460
vn 0.7873 -0.0167 0.6164
vn 0.6906 -0.1640 0.7044
vn 0.5240 -0.4099 0.7466
vn 0.4443 -0.4853 0.7530
vn 0.3882 0.8686 0.3078
vn 0.8343 0.4029 0.3762
vn 0.8178 -0.3657 0.4443
vn 0.2266 0.9719 -0.0640
vn 0.0017 0.9530 -0.3030
vn 0.6733 -0.2330 0.7017
vn 0.8788 0.2290 0.4186
vn 0.1833 -0.7885 0.5871
vn 0.9006 0.2725 0.3385
vn 0.7449 -0.0095 0.6671
vn 0.6088 -0.2025 0.7671
vn 0.8610 0.4454 0.2454
vn 0.8576 0.2751 0.4346
vn 0.8227 0.4127 0.3909
vn -0.8075 -0.2606 -0.5291
vn -0.8211 -0.1005 -0.5619
vn -0.7198 0.1134 -0.6849
vn 0.3504 -0.9126 -0.2107
vn 0.5667 -0.1469 0.8107
vn 0.4908 0.0859 0.8670
vn 0.5397 0.0325 0.8413
vn -0.3786 0.7199 -0.5817
vn -0.1035 0.9338 -0.3425
vn 0.2070 0.9783 0.0084
vn 0.9340 -0.3152 0.1681
vn 0.7063 0.6963 -0.1277
vn 0.7439 0.6621 -0.0903
vn 0.8653 0.3581 0.3507
vn 0.6904 0.7215 0.0525
vn -0.4383 0.7036 -0.5594
vn -0.0685 0.9423 -0.3278
vn 0.6660 0.6923 -0.2777
vn 0.6408 0.3846 0.6644
vn 0.3169 -0.3311 0.8888
vn 0.6171 0.3575 0.7010
vn -0.5582 -0.6755 0.4817
vn 0.4278 -0.0974 0.8986
vn 0.7893 0.4020 0.4641
vn 0.8998 0.4220 0.1105
vn 0.7877 0.4003 0.4682
vn 0.8631 0.3707 0.3429
vn -0.3551 -0.9264 0.1254
vn 0.7424 0.4776 0.4699
vn 0.7156 0.5929 0.3694
vn 0.8574 0.4904 0.1561
vn 0.8304 0.4302 0.3542
vn 0.9271 0.2743 0.2554
vn 0.8509 0.2766 0.4466
vn 0.8507 0.1795 0.4941
vn 0.9846 0.1710 0.0363
vn 0.9162 0.2569 0.3075
vn 0.9360 0.2447 0.2529
vn -0.8568 -0.0090 -0.5156
vn -0.6482 0.6114 -0.4538
vn -0.1148 0.9182 -0.3791
vn 0.2034 0.9542 -0.2194
vn 0.1015 0.9542 -0.2816
vn 0.8007 0.4973 0.3341
vn 0.8235 0.4554 0.3383
vn -0.7936 -0.4719 0.3841
vn 0.8330 0.4346 0.3423
vn 0.9522 0.3029 0.0394
vn -0.4457 0.7237 -0.5269
vn -0.4169 0.8365 -0.3557
vn -0.6293 0.7738 -0.0721
vn -0.5988 0.7930 0.1125
vn -0.5808 0.8137 0.0220
vn -0.4517 0.8902 -0.0585
vn 0.8192 0.2933 0.4929
vn -0.9319 -0.3521 -0.0874
vn -0.7421 -0.3333 0.5815
vn -0.6561 -0.3928 0.6444
vn -0.8723 -0.0978 -0.4790
vn -0.8778 -0.3826 0.2882
vn -0.7015 0.3790 -0.6035
vn -0.5660 0.6116 -0.5528
vn -0.2315 0.6855 -0.6903
vn -0.7373 0.1695 -0.6539
vn -0.3219 0.5551 -0.7669
vn 0.1839 0.7601 -0.6233
vn 0.3216 0.5451 -0.7742
vn 0.0361 0.4734 -0.8801
vn 0.6581 0.1504 -0.7378
vn 0.4855 0.0165 -0.8741
vn 0.7137 -0.1340 -0.6876
vn 0.0731 0.1746 0.9819
vn 0.4253 -0.8940 -0.1414
vn 0.5533 0.2765 0.7858
vn 0.7158 -0.5338 -0.4502
vn 0.7637 -0.4309 -0.4808
vn 0.0345 0.9227 0.3839
vn 0.2513 0.6853 0.6836
vn -0.0564 0.4209 0.9054
vn -0.0388 0.6299 0.7757
vn 0.9581 0.2213 0.1819
vn 0.6150 -0.6007 0.5108
vn 0.8608 0.1683 0.4803
vn 0.0129 0.8489 -0.5285
vn 0.3808 0.7927 -0.4760
vn 0.5596 0.7731 0.2987
vn -0.2025 0.9155 -0.3476
vn 0.5266 -0.6397 0.5598
vn -0.7140 -0.6665 -0.2144
vn -0.7619 -0.5814 -0.2853
vn -0.8305 0.5103 -0.2233
vn -0.8060 0.2783 -0.5223
vn -0.2993 0.8642 -0.4045
vn -0.8437 0.3028 -0.4432
vn -0.0503 0.8199 -0.5703
vn 0.3551 0.4552 -0.8165
vn 0.3524 0.4562 -0.8171
vn -0.8251 -0.4973 0.2682
vn 0.0134 -0.0664 -0.9977
vn 0.0799 -0.1511 -0.9853
vn 0.3897 -0.3939 -0.8325
vn 0.3161 -0.4519 -0.8342
vn -0.8699 -0.4285 -0.2443
vn -0.1059 -0.9320 -0.3466
vn -0.7754 -0.4937 -0.3936
vn -0.7232 -0.4984 -0.4781
vn -0.1139 -0.9201 -0.3747
vn -0.2280 0.9235 -0.3084
vn -0.6615 0.5442 0.5160
vn 0.7827 -0.1334 0.6079
vn -0.7440 0.5997 0.2947
vn 0.6523 0.7449 -0.1398
vn 0.1006 0.9809 -0.1664
vn -0.0004 0.9517 -0.3071
vn 0.3200 0.9471 -0.0249
vn 0.5664 0.7130 0.4133
vn -0.4189 0.7059 -0.5712
vn 0.7222 -0.3309 0.6074
vn 0.4262 0.8704 0.2466
vn 0.6486 0.7396 0.1797
vn 0.7964 -0.1464 0.5868
vn 0.8598 0.3753 0.3463
vn -0.3949 0.7884 0.4717
vn 0.6324 0.7747 -0.0041
vn 0.6096 0.7918 0.0368
vn 0.2256 0.9630 0.1472
vn 0.6533 0.6933 0.3041
vn 0.9292 -0.0235 0.3689
vn 0.9306 -0.3357 0.1455
vn 0.0653 0.9758 0.2085
vn -0.3472 0.7042 0.6193
vn -0.8575 0.4096 0.3113
vn -0.8498 0.3327 0.4088
vn -0.9596 0.2380 0.1503
vn -0.6729 0.6885 0.2705
vn -0.9486 -0.1429 -0.2825
vn -0.9374 0.0816 -0.3387
vn -0.9330 -0.1160 -0.3406
vn 0.8192 0.4429 0.3643
vn 0.7225 0.6588 0.2099
vn -0.9967 -0.0125 -0.0798
vn 0.0343 0.9988 -0.0337
vn 0.1016 0.9355 -0.3383
vn 0.2504 0.9569 -0.1471
vn 0.1360 0.9561 0.2594
vn 0.2754 0.8460 0.4566
vn 0.0751 0.9260 -0.3699
vn 0.1419 0.8846 -0.4443
vn 0.3305 0.9429 -0.0407
vn -0.7110 0.5694 -0.4126
vn 0.0602 0.9681 -0.2433
vn 0.6372 0.3632 0.6798
vn 0.6012 0.3577 0.7146
vn 0.8764 0.3261 0.3544
vn 0.8494 0.3369 0.4063
vn 0.9676 0.2516 -0.0210
vn 0.9408 0.3385 0.0200
vn 0.8670 0.3493 0.3555
vn 0.8860 0.3571 0.2957
vn 0.8722 0.1330 0.4708
vn 0.9164 -0.3345 0.2197
vn 0.8732 0.2649 0.4091
vn 0.8914 -0.3668 0.2662
vn 0.9071 -0.2498 0.3388
vn 0.8971 -0.3095 0.3152
vn 0.8916 -0.1172 0.4373
vn 0.9298 0.2380 0.2809
vn 0.6766 0.2919 0.6760
vn 0.6228 0.3547 0.6973
vn 0.9280 0.2511 0.2753
vn -0.6227 0.7661 -0.1593
vn -0.6550 0.7554 0.0165
vn -0.5616 0.8055 0.1893
vn -0.6113 0.6692 0.4224
vn 0.9920 0.1126 0.0577
vn 0.9915 0.0631 0.1134
vn 0.4838 0.6775 -0.5541
vn 0.4496 0.6786 -0.5808
vn 0.4391 0.6635 -0.6058
vn 0.8014 0.4489 0.3953
vn 0.8072 0.4284 0.4061
vn 0.4952 0.7912 -0.3589
vn 0.5597 0.7918 0.2443
vn 0.5981 0.7998 0.0505
vn 0.2128 0.9685 -0.1291
vn -0.0433 0.9754 -0.2162
vn -0.4924 0.7844 -0.3773
vn -0.6422 0.2996 0.7056
vn -0.4944 0.6885 -0.5306
vn -0.6786 0.6232 -0.3888
vn 0.6328 0.3626 0.6842
vn 0.8599 0.2545 0.4425
vn 0.9884 0.1478 0.0362
vn 0.8483 -0.0296 0.5287
vn 0.6966 -0.3363 0.6337
vn 0.8725 0.2874 0.3951
vn 0.9046 -0.0559 0.4227
vn 0.9757 -0.0549 0.2123
vn 0.9120 0.1411 0.3851
vn 0.6124 -0.4925 0.6184
vn 0.2900 -0.7737 0.5632
vn 0.0824 -0.9044 0.4187
vn -0.2702 -0.9604 0.0677
vn -0.1806 -0.9814 0.0655
vn -0.4739 -0.8088 0.3483
vn -0.2647 -0.8631 0.4300
vn 0.8042 0.5672 0.1775
vn -0.5103 -0.8187 0.2633
vn 0.7845 -0.1608 0.5989
vn 0.8766 0.2810 0.3906
vn 0.9898 0.1422 -0.0103
vn 0.8343 0.2949 0.4659
vn 0.8569 0.3138 0.4089
vn 0.7711 0.4394 0.4609
vn 0.7114 0.5378 0.4524
vn 0.9910 0.1324 0.0192
vn -0.5344 0.1200 0.8367
vn 0.8248 0.2782 0.4923
vn 0.6973 0.3320 0.6353
vn 0.8888 0.2787 0.3638
vn 0.9317 0.3368 0.1359
vn 0.8021 0.4629 0.3773
vn 0.8347 0.4370 0.3352
vn 0.6822 0.7257 0.0888
vn -0.0411 0.8662 -0.4980
vn 0.3248 0.9455 0.0230
vn -0.1612 0.6405 -0.7509
vn -0.4968 -0.8431 0.2058
vn -0.6936 -0.7139 -0.0966
vn -0.5216 -0.8414 0.1412
vn 0.4194 -0.6843 0.5965
vn 0.0835 -0.9230 0.3757
vn -0.2073 -0.9767 -0.0557
vn -0.3593 -0.9319 -0.0500
vn 0.5383 -0.5461 0.6419
vn -0.1111 -0.6610 0.7421
vn 0.2734 -0.6588 0.7009
vn 0.5841 -0.4611 0.6680
vn 0.7334 -0.3576 0.5782
vn 0.8738 -0.3065 0.3777
vn 0.6089 0.3881 0.6918
vn 0.9282 0.2411 0.2833
vn 0.9314 0.2371 0.2762
vn 0.9081 0.2395 0.3435
vn 0.5008 0.8117 0.3008
vn 0.7318 0.6375 0.2410
vn 0.8221 0.4405 0.3608
vn 0.8707 0.4854 0.0793
vn 0.8032 0.5873 -0.0992
vn 0.6664 0.7082 -0.2332
vn 0.8027 0.5909 -0.0814
vn 0.8112 0.5456 0.2105
vn 0.7211 0.5432 0.4301
vn 0.7350 0.6014 0.3132
vn -0.1951 0.1845 0.9633
vn -0.0979 -0.0248 0.9949
vn -0.2879 -0.2503 0.9244
vn -0.1655 -0.4159 0.8942
vn -0.1494 -0.7972 0.5850
vn 0.6967 0.7014 0.1509
vn 0.7303 0.6393 0.2406
vn -0.1751 -0.9223 0.3445
vn 0.0735 0.0707 -0.9948
vn 0.7759 0.5961 0.2063
vn 0.7498 0.6487 0.1303
vn -0.0798 -0.6024 -0.7942
vn 0.1186 -0.3562 -0.9268
vn -0.1277 -0.9909 -0.0424
vn 0.0849 -0.7821 -0.6173
vn -0.0124 -0.9473 -0.3202
vn -0.0859 -0.8892 -0.4494
vn 0.7103 0.2777 0.6468
vn -0.4264 0.6497 0.6294
vn 0.7314 0.3171 0.6038
vn 0.7108 0.3716 0.5972
vn 0.3368 0.9206 0.1977
vn 0.8215 -0.2651 0.5048
vn 0.8781 0.0724 0.4730
vn 0.9910 0.1341 0.0046
vn 0.0823 0.9966 0.0007
vn -0.6968 0.5568 -0.4522
vn 0.9810 0.0692 0.1814
vn 0.9090 -0.2333 0.3455
vn 0.9212 0.1137 0.3721
vn 0.8751 -0.0502 0.4813
vn 0.2666 -0.8826 0.3872
vn 0.3377 -0.8444 0.4157
vn 0.6858 0.6966 0.2109
vn 0.7011 0.5989 0.3870
vn 0.9124 0.2377 0.3333
vn 0.8048 0.2845 0.5208
vn -0.0621 0.9794 -0.1919
vn 0.6292 -0.5423 0.5568
vn 0.6485 0.3513 0.6753
vn 0.4289 -0.7092 0.5596
vn 0.6365 0.3404 0.6921
vn 0.8283 0.2851 0.4824
vn 0.9754 0.1815 0.1250
vn 0.9557 0.2060 0.2103
vn 0.6479 0.3485 0.6774
vn 0.4245 0.5643 -0.7081
vn 0.6788 0.3343 0.6538
vn 0.5802 0.3462 0.7372
vn -0.6504 -0.1024 -0.7527
vn -0.2532 -0.9088 0.3317
vn 0.7291 -0.3727 0.5740
vn 0.9441 -0.1652 0.2852
vn -0.6500 -0.1296 0.7488
vn -0.5024 0.7920 -0.3468
vn -0.7719 0.3510 -0.5300
vn 0.6885 -0.2990 0.6608
vn 0.8230 0.3621 0.4377
vn -0.3776 -0.9146 0.1447
vn -0.5459 -0.8375 0.0241
vn -0.5715 -0.8206 -0.0061
vn -0.8305 -0.4239 -0.3613
vn 0.2584 0.8480 0.4627
vn 0.6010 0.7753 0.1941
vn 0.5097 0.8594 0.0407
vn 0.8255 0.3651 0.4304
vn 0.9524 0.2317 0.1982
vn 0.7737 0.6175 0.1415
vn 0.8434 0.4300 0.3223
vn 0.9706 0.1846 0.1544
vn -0.6532 -0.3783 0.6559
vn 0.9709 0.2178 0.0992
vn 0.9462 0.2280 0.2295
vn 0.7716 0.2544 0.5830
vn 0.6586 0.3340 0.6743
vn 0.6548 0.4264 0.6241
vn 0.9870 0.1546 -0.0428
vn 0.8839 0.3031 0.3561
vn 0.9664 0.2119 0.1456
vn 0.5284 -0.6044 0.5962
vn 0.6404 0.3563 0.6804
vn 0.6839 0.2067 0.6997
vn 0.7314 -0.0734 0.6780
vn 0.6788 -0.1949 0.7080
vn 0.6325 0.3543 0.6888
vn 0.8623 0.2952 0.4115
vn -0.4301 0.8758 0.2191
vn 0.2352 0.7562 -0.6106
vn 0.6126 0.3705 0.6982
vn -0.7723 -0.6351 -0.0132
vn -0.8326 -0.4374 -0.3398
vn -0.0973 -0.9627 0.2524
vn -0.3533 -0.8593 0.3700
vn 0.6363 -0.4443 0.6307
vn 0.5525 -0.5597 0.6177
vn 0.4371 -0.7376 0.5146
vn 0.1620 -0.9525 0.2578
vn -0.1536 -0.9876 -0.0322
vn -0.8005 -0.5179 -0.3017
vn -0.2111 -0.9205 -0.3287
vn -0.5472 0.7765 -0.3123
vn -0.3782 0.8482 -0.3708
vn 0.1360 0.8997 -0.4147
vn -0.1311 0.9226 -0.3629
vn 0.2921 0.9239 0.2472
vn 0.7763 0.3736 0.5078
vn 0.4748 0.7502 0.4603
vn 0.4550 0.8626 -0.2211
vn 0.6744 0.1756 0.7172
vn -0.5964 -0.8016 -0.0416
vn 0.2089 -0.7879 0.5793
vn 0.5675 -0.0333 0.8227
vn 0.3753 -0.3178 0.8707
vn 0.2891 -0.7323 0.6165
vn 0.5344 -0.0340 -0.8446
vn 0.4575 -0.5845 0.6701
vn 0.5001 -0.6233 0.6012
vn 0.7030 -0.3777 0.6026
vn 0.7522 -0.1135 0.6491
vn -0.9201 -0.3466 -0.1827
vn -0.8344 -0.5506 0.0244
vn 0.3319 -0.2067 -0.9204
vn 0.8768 0.4690 0.1061
vn 0.7210 -0.0114 -0.6928
vn 0.3163 -0.0302 -0.9482
vn 0.5693 -0.0527 -0.8204
vn 0.4277 -0.1007 -0.8983
vn 0.3610 -0.1608 -0.9186
vn 0.4076 -0.0266 -0.9128
vn 0.3667 -0.0060 -0.9303
vn 0.6821 -0.2909 0.6709
vn 0.1710 0.1298 0.9767
vn 0.6061 0.0442 -0.7941
vn -0.0134 -0.3457 -0.9382
vn -0.6561 -0.2544 -0.7105
vn -0.2667 0.9517 0.1518
vn -0.5149 0.7940 -0.3233
vn -0.0993 -0.0415 -0.9942
vn -0.2300 0.0099 -0.9731
vn -0.3770 0.7627 -0.5256
vn 0.8112 0.3994 0.4271
vn 0.0036 0.8456 -0.5338
vn -0.3920 0.7502 -0.5325
vn 0.0479 0.9911 -0.1238
vn 0.4122 -0.6795 0.6070
vn 0.1568 -0.8364 0.5253
vn -0.1741 -0.9300 0.3238
vn 0.7995 -0.0399 0.5993
vn 0.6888 -0.3124 0.6542
vn -0.8735 -0.0651 -0.4825
vn -0.3735 -0.9273 0.0249
vn 0.4294 -0.6302 0.6469
vn 0.7659 -0.1963 0.6123
vn 0.8387 -0.3405 0.4250
vn 0.4683 -0.6871 0.5555
vn 0.4634 -0.7067 0.5347
vn 0.4211 -0.7037 0.5723
vn 0.6821 -0.0911 -0.7256
vn 0.8837 0.0134 0.4678
vn -0.5936 0.8029 0.0542
vn 0.8788 0.2047 0.4310
vn 0.8537 0.1018 0.5107
vn 0.8190 -0.1078 0.5635
vn 0.7006 -0.4058 0.5869
vn 0.5733 -0.5615 0.5967
vn 0.6895 -0.0298 -0.7236
vn -0.5791 0.2947 0.7601
vn -0.7237 0.4590 0.5153
vn -0.8844 0.4243 0.1945
vn -0.9407 0.3272 0.0899
vn -0.6139 0.7418 -0.2700
vn -0.9517 0.2506 -0.1775
vn 0.0969 0.9486 -0.3012
vn -0.3805 0.8418 -0.3828
vn -0.6756 0.5590 -0.4807
vn -0.7417 0.4210 -0.5222
vn -0.8815 -0.0180 -0.4718
vn -0.7369 0.4200 -0.5297
vn -0.8363 0.2207 -0.5019
vn -0.6242 0.7144 -0.3161
vn 0.0426 0.9093 -0.4139
vn 0.0230 0.9002 -0.4348
vn -0.0832 -0.8854 0.4573
vn 0.3836 -0.6762 0.6290
vn 0.3518 -0.6507 0.6729
vn 0.5691 -0.4462 0.6907
vn 0.0439 -0.0603 0.9972
vn 0.4743 -0.5829 0.6597
vn -0.2503 -0.2027 0.9467
vn 0.9000 0.3191 0.2969
vn 0.9123 0.0948 0.3985
vn 0.9762 0.0656 0.2068
vn 0.9550 -0.0691 0.2886
vn 0.2236 0.9591 0.1733
vn 0.6292 0.3604 0.6887
vn 0.0507 -0.1298 0.9902
vn 0.0340 -0.1250 0.9916
vn -0.1984 -0.3983 0.8956
vn 0.9009 0.2674 0.3419
vn 0.9892 0.1412 -0.0387
vn 0.9471 0.3090 0.0865
vn 0.9647 0.2609 0.0359
vn 0.9172 0.3306 0.2223
vn -0.9149 -0.3597 -0.1835
vn -0.7895 -0.4621 0.4040
vn -0.9224 -0.3662 -0.1228
vn 0.3158 -0.0858 0.9449
vn 0.2235 0.9728 -0.0611
vn -0.0002 0.9567 -0.2910
vn -0.1630 0.9239 -0.3461
vn 0.7360 -0.0977 0.6699
vn -0.4611 0.8796 -0.1171
vn -0.8368 -0.0496 -0.5453
vn 0.8129 0.1013 0.5736
vn 0.8252 0.1009 0.5558
vn 0.8351 0.1313 0.5342
vn 0.8916 0.2667 0.3659
vn 0.8062 0.3170 0.4996
vn 0.8534 0.3324 0.4015
vn 0.7621 0.2189 0.6093
vn 0.6513 -0.0550 0.7568
vn 0.9136 0.3902 0.1143
vn 0.8219 0.5398 -0.1817
vn 0.7541 0.0348 0.6558
vn 0.8623 0.1628 0.4794
vn 0.8109 0.0374 0.5839
vn 0.8268 0.5602 0.0515
vn 0.8074 0.0715 0.5857
vn 0.5977 -0.2053 0.7750
vn 0.7301 -0.0008 0.6833
vn 0.5030 0.7476 0.4337
vn 0.5656 0.6966 0.4414
vn -0.7615 0.4174 0.4959
vn 0.9302 0.1286 0.3439
vn 0.9470 -0.1058 0.3034
vn 0.9493 -0.1644 0.2681
vn 0.9467 -0.2131 0.2417
vn 0.7108 -0.1581 0.6854
vn 0.1349 -0.7254 0.6750
vn -0.2312 -0.8317 0.5048
vn -0.1583 -0.8240 0.5440
vn 0.8590 0.2760 0.4312
vn 0.9494 -0.0260 0.3131
vn 0.7297 0.1439 0.6684
vn -0.0753 0.9364 -0.3427
vn 0.2908 0.9445 -0.1526
vn 0.7483 0.3181 0.5821
vn 0.6566 0.7089 0.2575
vn 0.7617 0.6414 0.0917
vn 0.4524 0.8917 0.0116
vn 0.8114 0.3509 0.4675
vn 0.7873 -0.0206 0.6162
vn 0.8414 0.0707 0.5358
vn 0.8731 0.3805 0.3049
vn -0.9775 -0.2093 0.0251
vn 0.8579 0.4407 0.2642
vn 0.2540 0.9321 0.2581
vn 0.7804 0.5539 0.2902
vn 0.8398 0.5425 -0.0207
vn 0.6934 -0.0219 0.7203
vn 0.5492 -0.4769 0.6863
vn 0.6649 0.5865 0.4625
vn 0.5747 0.7268 0.3762
vn 0.7786 0.4437 0.4438
vn 0.8357 0.3235 0.4437
vn -0.3112 -0.3671 -0.8766
vn -0.8488 -0.2196 -0.4810
vn -0.5835 -0.0509 -0.8105
vn 0.8183 0.4885 0.3030
vn 0.8427 0.2945 0.4508
vn -0.8288 -0.5131 -0.2232
vn -0.8575 -0.3522 -0.3750
vn -0.3702 0.8596 0.3523
vn 0.7606 0.5528 0.3404
vn 0.7014 0.6990 0.1393
vn -0.8505 -0.3005 0.4317
vn -0.5712 -0.6474 0.5046
vn -0.6399 -0.4224 0.6419
vn -0.7169 -0.3478 0.6042
vn -0.7087 -0.1097 0.6970
vn -0.6968 0.2626 0.6675
vn -0.7027 0.0460 0.7100
vn -0.7716 0.4361 0.4631
vn -0.5643 0.8050 -0.1831
vn -0.6372 0.7225 -0.2682
vn -0.8060 -0.1204 0.5795
vn -0.7784 -0.1543 0.6085
vn -0.8935 0.1929 0.4054
vn -0.8472 0.1713 0.5029
vn -0.4174 0.1385 -0.8981
vn 0.3368 0.3148 0.8874
vn -0.4901 -0.8475 0.2038
vn -0.4066 -0.8961 0.1781
vn -0.4837 -0.8541 0.1911
vn -0.5252 -0.6905 -0.4974
vn -0.6450 -0.6701 -0.3673
vn -0.7350 -0.1944 -0.6496
vn -0.6744 -0.2492 -0.6951
vn -0.5957 -0.4863 -0.6393
vn -0.0803 0.0222 0.9965
vn 0.0051 0.0867 0.9962
vn -0.9087 0.4157 0.0385
vn 0.6646 0.7227 0.1900
vn 0.8677 0.0507 -0.4944
vn 0.9819 0.1892 -0.0030
vn 0.9367 0.2558 0.2389
vn 0.6065 0.7409 0.2884
vn 0.9909 0.0640 -0.1186
vn 0.9800 0.1879 0.0655
vn 0.9401 0.2364 0.2458
vn 0.8250 0.3666 0.4300
vn -0.8289 -0.2289 -0.5104
vn 0.2923 -0.8904 -0.3490
vn -0.2564 -0.8922 -0.3718
vn 0.2195 -0.9753 -0.0256
vn 0.4625 -0.8863 -0.0236
vn 0.3703 -0.9002 0.2292
vn 0.2414 -0.9653 0.0995
vn 0.4131 -0.8781 0.2414
vn -0.0949 -0.5546 -0.8267
vn 0.6976 -0.3015 0.6499
vn -0.7122 -0.2367 -0.6609
vn -0.7829 -0.2186 -0.5825
vn -0.2817 -0.5817 -0.7630
vn 0.0058 -0.9962 -0.0870
vn -0.0145 -0.9958 -0.0906
vn 0.8545 0.0177 -0.5192
vn 0.8114 -0.0759 -0.5795
vn 0.7578 -0.1948 -0.6228
vn 0.8425 -0.0924 -0.5308
vn 0.4434 -0.1731 -0.8795
vn -0.2385 -0.4176 -0.8768
vn -0.4152 -0.7444 -0.5230
vn 0.8857 0.0844 -0.4565
vn 0.9762 0.0535 -0.2100
vn 0.9515 0.1724 -0.2547
vn 0.8981 0.0646 -0.4350
vn -0.3411 -0.9087 -0.2407
vn 0.1809 -0.8747 0.4497
vn 0.1945 -0.8707 0.4518
vn 0.4689 -0.6370 0.6119
vn 0.7792 -0.1964 0.5952
vn -0.4064 -0.2465 -0.8798
vn 0.8466 0.0033 -0.5323
vn 0.7663 -0.0065 -0.6424
vn 0.7682 -0.0044 -0.6402
vn -0.2902 -0.1142 -0.9501
vn 0.8208 0.4733 0.3199
vn 0.7524 0.6312 0.1884
vn 0.8069 -0.1203 -0.5784
vn 0.8320 0.0449 0.5529
vn 0.8386 0.0170 0.5445
vn 0.8533 0.0861 0.5143
vn 0.7792 -0.2128 0.5896
vn -0.0251 0.9316 -0.3626
vn -0.1325 0.9107 -0.3912
vn -0.5962 -0.7880 -0.1538
vn 0.5918 0.3715 0.7154
vn 0.7057 0.3521 0.6148
vn 0.7844 0.3231 0.5295
vn -0.2966 0.0308 -0.9545
vn 0.7200 0.3034 0.6241
vn -0.7467 -0.2300 -0.6241
vn -0.7481 -0.2310 -0.6220
vn 0.6671 -0.1184 0.7355
vn -0.8393 -0.5355 -0.0941
vn -0.9134 -0.3795 -0.1472
vn -0.5929 -0.1729 -0.7865
vn 0.6014 0.3766 0.7047
vn -0.5870 -0.2808 -0.7593
vn 0.6848 0.7236 0.0862
vn 0.6938 -0.2793 0.6638
vn 0.8301 0.3618 0.4243
vn 0.9345 0.3521 0.0522
vn 0.9098 0.3257 0.2573
vn 0.7537 0.3692 0.5437
vn 0.8120 0.3562 0.4624
vn -0.7619 -0.3175 -0.5645
vn -0.7729 -0.3279 -0.5433
vn -0.7367 -0.4455 -0.5087
vn -0.4992 -0.7635 -0.4097
vn 0.7910 0.1108 -0.6017
vn 0.4728 0.1261 0.8721
vn 0.9466 0.1959 -0.2560
vn 0.9641 0.2104 -0.1617
vn 0.7788 0.2569 0.5723
vn 0.8079 0.2755 0.5210
vn 0.7867 0.5258 -0.3234
vn 0.8063 -0.0513 0.5892
vn 0.8496 0.0958 0.5187
vn 0.8060 0.2807 0.5211
vn -0.1546 -0.8391 0.5215
vn -0.0508 -0.6422 0.7649
vn 0.1800 -0.3147 0.9320
vn 0.0461 -0.0599 0.9971
vn -0.1219 0.2440 0.9621
vn -0.0429 0.1794 0.9828
vn -0.2045 0.7786 0.5932
vn -0.7099 -0.0385 -0.7033
vn 0.3702 -0.0567 -0.9272
vn -0.5826 -0.2077 -0.7858
vn -0.4866 -0.1585 -0.8591
vn -0.6162 -0.6274 -0.4761
vn -0.5618 -0.3511 -0.7491
vn 0.3667 -0.3666 -0.8551
vn -0.1282 -0.4741 -0.8711
vn -0.6067 0.6759 -0.4183
vn -0.7912 -0.3244 -0.5185
vn -0.5512 -0.5401 -0.6360
vn -0.7515 -0.4654 -0.4676
vn -0.3654 0.8269 -0.4275
vn -0.3708 0.8532 -0.3668
vn -0.6956 0.5287 -0.4864
vn -0.7798 -0.6049 -0.1613
vn -0.0628 -0.8623 0.5025
vn -0.1703 -0.8871 0.4289
vn 0.3781 -0.7127 0.5909
vn 0.3918 -0.6975 0.6001
vn 0.0415 -0.8976 0.4389
vn -0.7172 0.5129 -0.4718
vn -0.3272 -0.9448 -0.0166
vn -0.5658 -0.8024 0.1900
vn -0.8979 0.0732 -0.4340
vn -0.8443 -0.5062 -0.1758
vn -0.6868 -0.6954 0.2113
vn -0.8470 -0.4218 -0.3235
vn -0.8509 -0.4034 -0.3366
vn 0.8735 0.1768 0.4535
vn 0.8835 0.2744 0.3796
vn 0.9070 0.2707 0.3225
vn 0.7293 0.3321 0.5982
vn 0.9580 -0.0188 0.2860
vn 0.8305 0.1509 0.5363
vn 0.8312 -0.2877 0.4758
vn 0.7396 -0.3003 0.6024
vn 0.7299 0.1810 0.6592
vn -0.9488 -0.2704 0.1634
vn 0.8502 0.3838 0.3603
vn 0.7409 0.6576 0.1365
vn -0.8468 -0.4522 0.2801
vn 0.6849 0.2066 0.6988
vn 0.8724 -0.2078 0.4424
vn 0.7251 -0.2541 0.6401
vn -0.1414 -0.9558 0.2579
vn -0.3676 -0.9183 -0.1469
vn -0.1268 -0.9729 0.1935
vn 0.7481 0.1028 0.6556
vn -0.4594 -0.8803 0.1188
vn 0.6414 -0.2289 0.7323
vn -0.5489 0.2924 -0.7831
vn -0.2489 0.3508 -0.9028
vn -0.8028 0.0225 -0.5959
vn -0.8209 -0.0041 -0.5710
vn -0.2064 -0.7053 -0.6782
vn 0.6484 0.3345 0.6839
vn 0.6152 0.3529 0.7050
vn 0.7879 -0.5630 -0.2497
vn 0.6473 -0.7622 -0.0014
vn 0.5532 -0.0700 -0.8301
vn 0.6124 -0.0895 -0.7854
vn 0.4903 0.0406 -0.8706
vn 0.5648 0.2426 -0.7888
vn 0.9914 0.1186 -0.0560
vn 0.7339 -0.3291 -0.5942
vn 0.7200 -0.5353 -0.4416
vn 0.8553 0.0315 0.5172
vn -0.6860 -0.7212 -0.0967
vn 0.8255 -0.0302 0.5636
vn 0.6926 -0.3098 0.6515
vn 0.0265 -0.3953 0.9182
vn 0.0200 -0.2499 0.9681
vn -0.4927 0.0855 0.8660
vn 0.8062 0.4231 0.4136
vn 0.9907 0.1286 -0.0435
vn 0.8397 0.2905 0.4587
vn 0.6370 0.3234 0.6997
vn 0.9929 0.1129 -0.0387
vn 0.9388 0.2350 0.2519
vn 0.8600 0.2987 0.4137
vn 0.0721 0.4470 -0.8916
vn 0.9755 0.1706 0.1389
vn 0.7546 0.5919 0.2834
vn -0.4448 0.6805 0.5823
vn 0.6580 0.5408 0.5239
vn -0.4714 0.5599 0.6814
vn 0.8280 0.2939 0.4776
vn -0.5753 0.4614 0.6754
vn -0.6606 0.6487 0.3778
vn -0.7313 0.5303 0.4289
vn -0.6505 0.6737 0.3507
vn -0.7082 0.4143 0.5716
vn -0.5871 0.8028 0.1042
vn -0.4617 0.8774 -0.1306
vn -0.5487 0.8345 -0.0503
vn -0.4345 0.8554 -0.2821
vn -0.6464 0.7441 0.1689
vn -0.4825 0.7602 -0.4351
vn -0.8480 -0.0643 -0.5261
vn -0.4061 0.8248 -0.3935
vn 0.5429 -0.5716 0.6153
vn 0.6992 -0.2886 0.6541
vn 0.6693 -0.3411 0.6600
vn 0.7270 0.3213 0.6068
vn 0.8449 0.2865 0.4517
vn 0.6333 0.3433 0.6936
vn -0.3578 0.6177 0.7003
vn -0.8830 -0.4170 0.2156
vn -0.9173 -0.3981 -0.0074
vn -0.9184 0.2427 -0.3124
vn -0.9590 0.0918 -0.2681
vn -0.9864 -0.1476 -0.0722
vn -0.9847 0.0141 0.1737
vn -0.9333 0.3554 0.0514
vn -0.8503 0.1537 0.5033
vn 0.9489 0.2183 0.2280
vn 0.4657 0.3511 0.8123
vn -0.4371 0.8730 -0.2164
vn -0.3491 0.8902 -0.2927
vn 0.9710 0.1873 0.1485
vn -0.0234 0.9917 -0.1263
vn 0.4412 0.8703 0.2191
vn 0.5605 0.3338 0.7579
vn 0.7447 0.3232 0.5840
vn -0.4234 0.5662 0.7072
vn 0.9451 0.2230 0.2389
vn 0.1593 0.9768 0.1431
vn 0.3017 0.9307 0.2067
vn -0.2980 -0.6229 0.7233
vn 0.0352 0.9991 0.0235
vn 0.1600 0.9837 -0.0818
vn 0.8326 0.5267 0.1711
vn 0.3673 0.5614 -0.7415
vn 0.5146 0.2821 -0.8097
vn 0.1999 0.4521 -0.8693
vn 0.7144 0.6939 0.0901
vn 0.6788 0.7270 0.1033
vn -0.2341 0.8979 -0.3729
vn -0.3041 0.9013 -0.3086
vn 0.8476 0.3304 0.4152
vn 0.8491 0.3165 0.4230
vn 0.7602 0.5795 0.2937
vn 0.8670 0.3681 0.3360
vn 0.2725 0.9609 -0.0494
vn 0.8235 0.5356 0.1870
vn 0.6494 0.7236 -0.2338
vn 0.6188 0.4322 0.6560
vn 0.9685 0.2173 0.1212
vn 0.7009 0.3405 0.6267
vn 0.7757 0.2683 0.5712
vn 0.8942 0.2782 0.3507
vn 0.8078 0.3381 0.4828
vn -0.8313 -0.1195 -0.5429
vn 0.6224 0.7486 -0.2287
vn -0.5130 0.1411 -0.8467
vn -0.5953 0.1440 -0.7905
vn 0.0276 0.5083 -0.8608
vn 0.8433 0.0480 -0.5353
vn 0.0654 0.0816 -0.9945
vn 0.6214 0.3064 0.7211
vn 0.6020 0.2420 0.7610
vn 0.7411 -0.0217 0.6710
vn 0.8443 0.5261 0.1015
vn 0.7367 0.6027 0.3066
vn 0.6667 0.4836 0.5671
vn 0.7962 0.2943 0.5286
vn 0.9127 0.2461 0.3262
vn 0.6951 -0.2948 0.6557
vn 0.7407 0.6657 0.0912
vn 0.8329 0.4482 0.3248
vn 0.2481 0.9648 -0.0873
vn -0.8034 0.2308 -0.5489
vn -0.6116 -0.2103 -0.7627
vn 0.7684 0.6119 0.1875
vn 0.4975 0.8341 -0.2382
vn 0.5430 0.8248 0.1578
vn 0.6791 0.6742 0.2903
vn 0.5166 0.6653 0.5390
vn -0.1190 0.8484 -0.5159
vn 0.6144 0.7889 -0.0095
vn 0.2974 -0.7287 0.6169
vn 0.3407 0.8076 -0.4813
vn 0.2829 0.8390 -0.4648
vn 0.3360 0.9398 -0.0620
vn 0.6265 0.6270 0.4630
vn 0.6335 0.7073 0.3138
vn 0.4148 0.9099 0.0033
vn 0.3382 0.9234 -0.1813
vn -0.0212 0.9433 -0.3313
vn -0.1998 0.9748 -0.0994
vn 0.3004 0.9536 0.0179
vn 0.5532 0.8158 0.1685
vn -0.8712 -0.4868 -0.0639
vn -0.3387 0.8912 -0.3018
vn 0.8464 0.1198 0.5188
vn -0.5023 0.0231 -0.8644
vn 0.0631 0.3840 -0.9212
vn -0.7483 -0.1319 -0.6501
vn 0.3861 -0.7222 0.5739
vn 0.2674 -0.8072 0.5263
vn 0.6293 0.1483 -0.7629
vn 0.8190 0.2670 0.5079
vn 0.8004 0.2427 0.5481
vn 0.7388 0.6378 0.2177
vn 0.8401 0.4008 0.3656
vn 0.7361 0.6444 0.2073
vn 0.8002 0.5321 0.2767
vn 0.7327 0.6338 0.2478
vn 0.6149 0.7784 0.1264
vn 0.6848 0.6679 0.2916
vn 0.8523 0.2582 0.4549
vn 0.8554 0.3054 0.4183
vn 0.8842 0.3224 0.3379
vn -0.7526 -0.4769 -0.4540
vn -0.7634 -0.5010 -0.4077
vn 0.7867 0.3293 0.5221
vn 0.9871 0.1579 0.0246
vn 0.8141 0.0305 0.5799
vn -0.2759 -0.4852 -0.8297
vn -0.2825 -0.2521 -0.9256
vn -0.6669 0.0519 -0.7434
vn -0.8208 -0.1090 -0.5607
vn -0.6828 0.5784 -0.4464
vn -0.0112 0.0902 -0.9959
vn 0.5752 0.3670 0.7311
vn 0.8087 0.3018 0.5048
vn 0.9834 0.1674 0.0696
vn 0.8730 0.3141 0.3731
vn 0.1657 -0.3343 -0.9278
vn 0.7459 0.3632 0.5584
vn 0.7062 0.1703 -0.6872
vn 0.8351 -0.1082 -0.5393
vn 0.6811 -0.7267 -0.0899
vn 0.4854 -0.8732 0.0429
vn 0.3439 -0.6997 0.6262
vn 0.3870 -0.6331 0.6704
vn 0.9016 -0.3898 -0.1878
vn 0.9122 -0.2532 -0.3222
vn 0.8014 -0.5924 -0.0827
vn 0.6434 -0.3587 0.6763
vn 0.6438 -0.3496 0.6807
vn 0.9205 -0.0547 0.3869
vn 0.8388 0.1005 0.5351
vn 0.3748 -0.9271 0.0104
vn 0.4554 -0.8900 -0.0221
vn -0.3856 -0.9220 0.0353
vn -0.6537 -0.6949 -0.2997
vn -0.8503 -0.2882 -0.4403
vn -0.8229 -0.5534 -0.1291
vn 0.5368 0.5940 0.5991
vn 0.5563 0.5866 0.5886
vn 0.7513 0.4171 0.5115
vn 0.4198 -0.7866 0.4528
vn 0.4158 -0.7904 0.4499
vn 0.4083 -0.7908 0.4559
vn -0.3864 -0.7956 0.4667
vn 0.1482 -0.3875 0.9099
vn 0.7277 0.6786 0.0998
vn 0.7272 0.6749 0.1256
vn 0.6111 0.5449 -0.5742
vn 0.7642 0.5332 0.3630
vn 0.6142 0.7533 0.2352
vn 0.8070 0.3944 0.4395
vn 0.5981 0.3799 0.7057
vn 0.4975 0.8646 -0.0704
vn -0.6693 -0.7421 0.0355
vn -0.3768 -0.8720 0.3125
vn 0.4357 0.6396 -0.6333
vn 0.9285 -0.3426 0.1432
vn 0.9483 -0.2033 0.2435
vn 0.0323 -0.1442 -0.9890
vn 0.0271 0.0213 -0.9994
vn -0.0337 0.1271 -0.9913
vn 0.0287 0.3210 -0.9467
vn -0.1977 0.7065 -0.6795
vn -0.0629 0.7479 -0.6608
vn 0.5880 0.3563 -0.7261
vn -0.1544 0.8977 -0.4126
vn -0.0376 0.8780 -0.4771
vn -0.0047 0.9488 0.3157
vn 0.6142 0.2136 -0.7597
vn 0.8211 0.0103 -0.5707
vn 0.8316 -0.0122 -0.5553
vn 0.6878 -0.1881 -0.7011
vn 0.8849 0.1169 -0.4509
vn 0.1655 -0.0255 -0.9859
vn 0.9384 0.1252 -0.3222
vn -0.2709 -0.8838 0.3815
vn -0.3211 -0.7563 0.5700
vn -0.3132 -0.7503 0.5822
vn -0.8556 -0.3750 -0.3569
vn 0.9767 0.0160 -0.2139
vn 0.7581 0.2318 0.6096
vn 0.9122 0.1511 0.3809
vn 0.9355 0.2415 0.2579
vn 0.9864 0.1642 0.0059
vn 0.9894 0.1414 0.0340
vn 0.8924 0.2671 0.3637
vn 0.9883 0.1483 -0.0359
vn 0.9528 0.2181 0.2114
vn 0.6274 0.6195 0.4719
vn 0.8023 0.5809 0.1374
vn 0.9242 0.3763 -0.0653
vn 0.8665 0.3649 -0.3407
vn 0.8350 0.3252 -0.4438
vn 0.9854 -0.0869 -0.1465
vn 0.9383 0.2614 0.2264
vn 0.9743 0.1030 0.2002
vn 0.9993 -0.0005 -0.0367
vn 0.6974 -0.1311 -0.7046
vn 0.5823 -0.3886 0.7141
vn 0.7661 0.1077 -0.6336
vn 0.7632 0.0418 -0.6448
vn 0.7190 -0.3245 0.6146
vn 0.7566 0.0573 -0.6514
vn 0.6559 -0.4529 -0.6039
vn 0.7061 -0.2472 -0.6636
vn 0.8279 0.3042 0.4712
vn 0.7623 -0.0697 -0.6434
vn 0.6055 -0.4990 -0.6200
vn 0.7026 0.0129 0.7115
vn 0.6736 0.3375 0.6576
vn 0.8795 -0.0073 -0.4759
vn 0.9015 0.3606 0.2392
vn 0.9308 0.3627 0.0455
vn 0.7920 0.5462 0.2727
vn 0.4374 -0.3251 -0.8384
vn 0.8753 -0.0265 -0.4829
vn 0.9604 0.0230 -0.2778
vn 0.8520 -0.1043 -0.5131
vn 0.9427 0.0654 0.3272
vn 0.9752 0.1601 -0.1526
vn 0.7832 0.1281 -0.6084
vn 0.2363 -0.1793 -0.9550
vn 0.3048 -0.3979 -0.8653
vn -0.1762 -0.4584 -0.8711
vn 0.1826 -0.1571 -0.9706
vn -0.2524 -0.3315 -0.9090
vn 0.1600 -0.9669 -0.1989
vn 0.0474 -0.9943 0.0956
vn 0.4893 -0.8601 0.1446
vn 0.1177 -0.5631 -0.8180
vn 0.0903 -0.3949 -0.9143
vn 0.1630 -0.8259 -0.5398
vn 0.0290 0.9183 -0.3948
vn 0.1260 0.9291 -0.3478
vn 0.3151 -0.7785 -0.5428
vn 0.7923 0.4375 0.4253
vn 0.8123 0.4358 0.3877
vn 0.8045 0.4799 0.3500
vn 0.9390 -0.0045 -0.3440
vn 0.9259 0.0887 -0.3672
vn -0.2690 -0.9583 -0.0968
vn -0.3322 -0.9382 -0.0967
vn -0.0196 -0.9764 -0.2150
vn 0.3011 -0.7530 -0.5851
vn 0.7144 -0.1565 -0.6821
vn 0.9558 0.2349 0.1766
vn 0.8185 -0.0584 -0.5716
vn 0.9857 0.1682 0.0094
vn -0.2711 0.3573 0.8938
vn -0.2570 0.8704 0.4199
vn -0.7047 0.4297 0.5646
vn -0.2074 0.4891 0.8472
vn -0.6446 0.7363 -0.2056
vn -0.2622 0.2905 0.9203
vn 0.7285 0.6005 0.3297
vn 0.7481 -0.2848 -0.5994
vn 0.3043 -0.3991 -0.8649
vn -0.0511 0.9496 -0.3093
vn -0.1344 0.9236 -0.3590
vn -0.6701 0.4958 -0.5524
vn -0.6747 0.4924 -0.5498
vn 0.8613 0.2754 0.4269
vn 0.8375 0.1901 0.5124
vn 0.7774 0.0572 0.6264
vn 0.3816 0.9223 -0.0610
vn 0.8144 0.5195 0.2586
vn 0.8056 0.4820 0.3446
vn 0.7213 0.6859 0.0961
vn 0.2586 0.9139 -0.3130
vn 0.4270 0.8976 -0.1099
vn -0.2834 0.8587 -0.4269
vn -0.0799 0.9440 -0.3203
vn 0.8667 -0.1080 0.4871
vn 0.8539 0.1590 0.4956
vn -0.0943 0.8951 -0.4358
vn 0.6991 0.5497 0.4573
vn -0.4184 0.8352 -0.3570
vn 0.1276 -0.4789 -0.8685
vn -0.4032 -0.0126 0.9150
vn -0.3803 -0.1867 0.9058
vn -0.1931 0.0411 0.9803
vn 0.7063 0.5369 0.4614
vn -0.9056 -0.2548 -0.3392
vn -0.9470 -0.3055 0.0990
vn -0.0417 0.8502 0.5249
vn -0.0274 0.9535 0.3002
vn -0.0183 0.9873 0.1579
vn -0.0765 0.9294 0.3611
vn 0.0721 -0.1051 0.9918
vn 0.0249 0.0189 0.9995
vn -0.2384 0.4338 0.8689
vn 0.4368 0.8949 0.0915
vn 0.5238 0.8515 -0.0229
vn 0.1008 0.9763 -0.1914
vn -0.4029 0.8485 -0.3430
vn -0.3761 0.8639 -0.3350
vn -0.4515 0.7049 -0.5471
vn 0.8196 0.3967 0.4133
vn -0.8413 -0.5205 0.1463
vn -0.8110 -0.4563 -0.3661
vn -0.6998 0.1859 -0.6897
vn -0.8194 -0.3808 -0.4285
vn 0.1804 0.9778 -0.1069
vn -0.7979 -0.2855 -0.5310
vn -0.5877 -0.6632 0.4634
vn 0.4506 0.8769 -0.1674
vn 0.2590 0.9649 -0.0443
vn 0.5306 0.8095 0.2513
vn -0.8394 0.2687 -0.4725
vn -0.2944 0.8726 -0.3897
vn -0.3378 0.7956 -0.5029
vn 0.5030 -0.2639 0.8230
vn 0.4372 -0.3090 0.8446
vn 0.7037 0.3214 0.6337
vn -0.0637 -0.1222 0.9905
vn 0.1465 0.9710 -0.1892
vn 0.0924 0.0032 0.9957
vn 0.5493 0.1866 0.8145
vn -0.4795 0.7904 -0.3813
vn -0.6815 0.4168 -0.6015
vn -0.7849 0.2594 -0.5627
vn -0.6231 0.4982 -0.6029
vn -0.5045 0.6538 -0.5639
vn 0.7001 -0.1699 0.6935
vn -0.3131 0.8564 -0.4104
vn 0.8352 0.1027 0.5403
vn -0.0364 0.9688 -0.2451
vn -0.9158 -0.4000 -0.0356
vn -0.4280 0.7018 -0.5694
vn 0.3933 -0.5128 0.7631
vn -0.8725 -0.2668 -0.4094
vn -0.6933 0.3888 -0.6068
vn -0.6646 0.4583 -0.5901
vn -0.8362 -0.0993 -0.5393
vn -0.5871 0.5683 -0.5764
vn 0.0120 0.9875 -0.1570
vn -0.4195 0.6982 -0.5801
vn -0.5721 -0.0236 0.8199
vn -0.4082 0.0602 0.9109
vn -0.9301 -0.1905 -0.3140
vn -0.8621 0.0058 0.5067
vn -0.9958 -0.0782 -0.0479
vn -0.7787 0.1462 0.6101
vn -0.9808 -0.1777 -0.0805
vn -0.9322 -0.3175 0.1738
vn 0.2989 0.8308 -0.4695
vn -0.5607 -0.1782 0.8086
vn -0.1749 0.9595 -0.2207
vn -0.2900 0.9464 0.1423
vn -0.8400 0.1271 -0.5275
vn 0.2113 -0.8937 0.3959
vn -0.6788 -0.2936 -0.6731
vn -0.6690 -0.2935 -0.6829
vn -0.2476 -0.0973 -0.9640
vn -0.2927 -0.5502 -0.7820
vn 0.6135 -0.0766 -0.7860
vn -0.2382 -0.9703 -0.0424
vn -0.1283 -0.9668 0.2212
vn -0.8281 -0.2409 -0.5061
vn -0.4787 -0.2937 -0.8274
vn -0.7910 -0.2538 -0.5566
vn 0.5541 0.6793 0.4812
vn 0.5535 0.7044 0.4443
vn 0.5407 0.7109 0.4497
vn 0.7619 0.4557 0.4602
vn 0.6983 0.5350 0.4756
vn -0.4331 -0.8933 0.1201
vn 0.1965 0.9430 -0.2686
vn -0.5421 -0.0022 -0.8403
vn -0.7343 -0.6671 -0.1256
vn 0.4153 0.8893 0.1914
vn 0.2728 0.8984 0.3441
vn 0.3027 0.8895 -0.3422
vn -0.3693 0.8089 -0.4575
vn -0.4092 0.8671 -0.2841
vn -0.5445 0.7649 -0.3441
vn -0.4761 0.6284 -0.6152
vn -0.1649 0.7580 -0.6311
vn -0.2717 0.7942 -0.5435
vn 0.7412 0.4245 0.5200
vn -0.2893 -0.8834 0.3687
vn 0.4735 0.0004 -0.8808
vn 0.4895 0.2046 -0.8477
vn 0.5550 -0.0691 -0.8290
vn 0.7198 0.1222 -0.6833
vn 0.5871 0.3854 -0.7119
vn 0.4538 0.6620 -0.5966
vn -0.8591 -0.3183 -0.4009
vn -0.7791 -0.4590 -0.4271
vn -0.7575 -0.5267 -0.3857
vn -0.8582 -0.2842 -0.4276
vn -0.4962 -0.8194 -0.2871
vn -0.3928 -0.9164 -0.0771
vn -0.4736 -0.8782 -0.0671
vn -0.3184 -0.9469 -0.0437
vn -0.6402 -0.6939 -0.3297
vn -0.7972 -0.5379 -0.2740
vn -0.1390 -0.9692 0.2033
vn -0.3068 0.9156 0.2600
vn -0.3817 0.8471 0.3699
vn -0.3293 0.6850 0.6499
vn -0.4523 0.6659 0.5933
vn -0.3552 0.4272 0.8314
vn 0.2286 -0.8827 0.4106
vn -0.3343 0.2034 0.9202
vn -0.4516 -0.0008 0.8922
vn -0.5672 -0.4125 -0.7129
vn -0.8640 -0.3046 -0.4010
vn 0.9244 -0.0981 0.3685
vn 0.7816 0.5152 0.3518
vn -0.0309 -0.9724 0.2313
vn 0.0912 -0.9951 -0.0370
vn 0.2015 -0.8730 -0.4441
vn 0.0851 -0.9724 -0.2174
vn 0.1505 -0.4183 -0.8958
vn -0.3478 -0.6014 -0.7193
vn 0.6741 0.3915 0.6263
vn 0.8108 0.2855 0.5110
vn 0.6698 0.3432 0.6585
vn -0.4886 -0.3400 -0.8035
vn 0.4642 0.1504 0.8729
vn 0.4493 0.1370 0.8828
vn 0.6913 0.2268 0.6861
vn -0.4896 -0.4278 -0.7598
vn 0.6500 0.1904 0.7357
vn 0.2316 -0.6914 0.6843
vn 0.3698 0.7386 -0.5637
vn 0.5741 0.2877 -0.7665
vn 0.4924 0.5658 -0.6614
vn 0.4597 0.5969 -0.6575
vn 0.5849 0.3741 -0.7197
vn 0.6266 0.2155 -0.7490
vn 0.5644 -0.0449 -0.8242
vn 0.6113 -0.6067 -0.5082
vn 0.5152 -0.7810 -0.3531
vn 0.6489 -0.2536 -0.7174
vn 0.4955 -0.1578 -0.8542
vn 0.5903 -0.6059 -0.5334
vn 0.1892 -0.8405 0.5077
vn 0.5922 0.3728 0.7144
vn 0.3889 -0.6806 0.6210
vn 0.6571 -0.1370 0.7412
vn 0.5394 -0.3970 0.7425
vn 0.6063 -0.2577 0.7523
vn 0.9391 0.2473 0.2384
vn 0.5689 0.3954 0.7211
vn 0.2536 -0.7895 0.5589
vn -0.5250 -0.8499 0.0461
vn -0.6148 -0.7865 0.0579
vn -0.0542 0.9431 0.3282
vn -0.0474 0.9343 0.3534
vn -0.3706 0.6147 0.6962
vn -0.7233 -0.1512 -0.6738
vn -0.0971 0.7326 0.6737
vn -0.1738 0.6338 0.7537
vn -0.0821 0.8402 0.5360
vn -0.0764 0.8306 0.5516
vn -0.2398 0.8381 0.4900
vn -0.0286 0.9513 -0.3071
vn -0.2171 0.9298 -0.2971
vn 0.9498 0.3094 0.0468
vn 0.1778 0.9575 -0.2270
vn 0.4999 0.8591 -0.1097
vn 0.7948 0.3097 0.5219
vn 0.7902 0.4845 0.3753
vn 0.6011 0.7914 -0.1114
vn 0.7030 0.6474 0.2944
vn 0.8201 0.4499 0.3536
vn -0.8855 -0.1255 -0.4473
vn -0.8455 0.0063 -0.5340
vn -0.7657 0.4811 -0.4269
vn -0.8277 0.2737 -0.4899
vn -0.0449 0.9833 -0.1764
vn -0.5357 0.7583 -0.3715
vn -0.1663 0.9321 -0.3219
vn 0.7386 0.3318 0.5868
vn 0.8491 0.1164 0.5152
vn 0.6881 0.6042 -0.4018
vn 0.9736 0.1308 0.1873
vn -0.3500 0.8307 -0.4328
vn 0.8626 0.4821 0.1534
vn 0.4432 0.8937 -0.0699
vn -0.1899 0.9751 -0.1145
vn 0.1209 0.9881 0.0948
vn -0.1178 0.9898 -0.0804
vn -0.3479 0.8843 -0.3113
vn -0.6964 0.4623 -0.5489
vn -0.9147 -0.0237 -0.4033
vn -0.8932 -0.4493 0.0188
vn 0.8978 0.2966 0.3255
vn 0.9730 0.0363 -0.2282
vn -0.8745 -0.4836 0.0366
vn -0.2639 -0.5747 0.7747
vn 0.3025 0.9493 -0.0858
vn -0.2610 0.8386 -0.4782
vn 0.8973 0.2638 0.3539
vn -0.6366 -0.6291 0.4461
vn 0.9676 0.2424 -0.0702
vn 0.9693 0.2205 0.1093
vn 0.9160 0.3380 0.2161
vn 0.8095 0.4010 0.4289
vn 0.5626 0.3761 0.7362
vn -0.0488 0.6848 -0.7271
vn 0.0339 0.8770 -0.4793
vn 0.0238 0.9417 -0.3356
vn 0.0636 0.9962 0.0596
vn -0.1537 0.6655 0.7304
vn -0.1774 0.5584 0.8104
vn -0.0658 0.9080 0.4137
vn -0.1162 0.8225 0.5568
vn 0.0517 0.9858 0.1599
vn -0.1071 0.7754 0.6223
vn 0.8408 0.0265 0.5407
vn 0.2905 0.9494 -0.1191
vn 0.0370 0.8751 -0.4826
vn -0.0109 0.9044 -0.4266
vn -0.8513 0.2243 -0.4743
vn -0.8747 -0.0299 -0.4838
vn 0.5668 -0.2737 0.7771
vn 0.5605 -0.2811 0.7790
vn -0.6130 -0.7109 -0.3447
vn 0.9892 0.1463 -0.0111
vn 0.9890 0.1470 -0.0166
vn 0.9742 0.1832 0.1319
vn 0.7085 0.2927 0.6421
vn 0.8580 0.2788 0.4313
vn 0.8787 0.0848 0.4698
vn 0.7382 0.3353 0.5854
vn 0.9234 0.2631 0.2796
vn 0.8533 0.0940 0.5128
vn 0.9363 0.2433 0.2534
vn 0.6425 0.3020 0.7042
vn 0.6092 0.3783 0.6970
vn 0.7250 0.3985 0.5617
vn 0.7324 0.3038 0.6093
vn 0.9587 0.2095 0.1924
vn 0.9788 0.2047 -0.0110
vn 0.7806 0.3594 0.5113
vn 0.7545 -0.1536 0.6381
vn 0.7376 -0.0535 0.6731
vn 0.6301 -0.4193 0.6536
vn 0.6464 -0.3979 0.6510
vn 0.3627 -0.7539 0.5478
vn 0.3568 -0.7575 0.5467
vn -0.6813 -0.7156 -0.1543
vn -0.1405 -0.9383 0.3160
vn -0.0624 -0.9846 0.1632
vn 0.2019 -0.9016 0.3825
vn 0.2553 -0.8542 0.4529
vn 0.7273 -0.2375 0.6439
vn 0.6766 -0.4970 0.5434
vn 0.7273 0.3308 0.6014
vn 0.9162 -0.1607 0.3671
vn 0.9910 0.0255 0.1314
vn 0.7074 -0.4546 0.5413
vn 0.8982 -0.2081 0.3873
vn 0.8316 0.4818 0.2763
vn 0.9124 0.1420 0.3839
vn 0.9213 0.2147 0.3242
vn -0.0365 -0.0737 -0.9966
vn 0.0082 -0.0468 -0.9989
vn 0.9907 0.1348 -0.0187
vn 0.9886 0.1507 0.0027
vn 0.7739 0.5824 0.2487
vn 0.6685 0.4464 0.5949
vn 0.6706 0.5228 0.5262
vn 0.8469 0.3564 0.3947
vn 0.5817 0.7746 0.2482
vn 0.6798 0.6097 0.4076
vn -0.3728 -0.2048 -0.9050
vn -0.2912 0.8687 -0.4008
vn 0.9853 0.1706 0.0128
vn 0.1809 0.9408 0.2867
vn -0.0342 0.9954 -0.0893
vn -0.2715 0.9507 -0.1501
vn -0.5025 -0.1175 -0.8566
vn -0.3595 -0.0200 -0.9329
vn 0.4102 0.9028 0.1296
vn -0.0371 0.9886 -0.1462
vn 0.6756 0.4258 0.6019
vn -0.5342 0.5958 -0.5997
vn 0.6644 0.2995 0.6848
vn 0.8462 0.3235 0.4234
vn 0.9542 0.1992 0.2231
vn 0.7857 0.2912 0.5458
vn 0.9906 0.1358 0.0161
vn 0.7794 0.3058 0.5469
vn 0.7111 -0.3286 0.6216
vn -0.1832 -0.1747 -0.9674
vn 0.9043 0.1521 0.3988
vn 0.9848 0.0691 0.1596
vn -0.8349 -0.1883 -0.5171
vn 0.9692 0.2069 0.1337
vn 0.8458 0.2964 0.4436
vn 0.8691 0.2922 0.3990
vn 0.7328 -0.4171 0.5376
vn 0.8093 -0.3487 0.4727
vn 0.4441 -0.6361 0.6310
vn 0.4279 -0.7243 0.5407
vn 0.2754 -0.8531 0.4431
vn -0.0431 -0.9761 0.2131
vn 0.6430 -0.1804 0.7443
vn 0.7278 0.1646 0.6657
vn 0.9948 0.0976 -0.0289
vn 0.6684 -0.1325 0.7319
vn 0.5686 -0.4431 0.6931
vn 0.9230 0.2351 0.3047
vn 0.6761 0.2960 0.6748
vn 0.9448 0.2364 0.2269
vn 0.9873 0.1590 0.0021
vn 0.9732 0.1637 0.1618
vn 0.8735 0.2909 0.3903
vn 0.7150 -0.3285 0.6171
vn 0.8400 -0.0791 0.5369
vn 0.6943 0.3171 0.6461
vn 0.6108 0.3570 0.7067
vn 0.6141 0.3898 0.6862
vn 0.9408 0.2716 0.2028
vn 0.7990 0.3792 0.4667
vn 0.6466 0.3180 0.6934
vn 0.7902 0.2912 0.5392
vn 0.9899 0.1418 0.0068
vn 0.6169 0.3575 0.7011
vn 0.7124 0.6911 0.1218
vn 0.8942 0.2821 0.3476
vn 0.7115 0.3203 0.6254
vn 0.8104 0.2365 0.5360
vn 0.6297 -0.5914 0.5037
vn 0.3387 -0.8440 0.4159
vn -0.4095 -0.8387 0.3591
vn -0.4902 -0.6688 0.5590
vn -0.3455 -0.8595 0.3767
vn -0.0467 -0.9881 -0.1467
vn -0.2827 -0.9202 -0.2707
vn 0.1017 0.0964 -0.9901
vn -0.0592 -0.9848 0.1632
vn 0.3211 -0.9046 0.2804
vn 0.2761 -0.8987 0.3408
vn -0.9128 -0.0423 -0.4062
vn -0.9414 -0.1105 -0.3186
vn -0.9901 0.0635 -0.1255
vn -0.9881 0.0693 0.1375
vn -0.9843 0.0447 0.1708
vn -0.9439 0.1924 -0.2682
vn -0.9147 0.4041 0.0062
vn -0.3412 0.9312 0.1286
vn -0.1243 0.9918 -0.0301
vn -0.5437 0.8295 -0.1274
vn 0.2330 0.9633 -0.1333
vn 0.3605 0.8670 -0.3442
vn 0.4722 0.7163 -0.5137
vn 0.4150 0.7154 -0.5622
vn 0.5076 0.4906 -0.7082
vn 0.9889 0.1482 -0.0040
vn 0.7778 0.3966 0.4875
vn 0.6821 0.3791 0.6253
vn 0.7999 0.5524 0.2346
vn 0.7677 -0.3299 0.5494
vn 0.7621 -0.3355 0.5538
vn 0.8701 0.2153 0.4433
vn -0.3691 0.8648 -0.3404
vn 0.8839 0.3119 0.3486
vn 0.4682 -0.7109 0.5248
vn 0.6555 -0.5864 -0.4759
vn 0.7353 0.6732 0.0784
vn 0.4203 -0.7372 0.5290
vn 0.9227 0.3171 0.2193
vn -0.2417 0.8365 -0.4918
vn 0.7431 0.6621 -0.0972
vn 0.8358 -0.1009 0.5396
vn 0.8609 -0.0596 0.5052
vn 0.8304 0.0451 0.5554
vn 0.9065 0.2552 0.3364
vn 0.9574 -0.0174 0.2882
vn 0.9588 0.0441 0.2806
vn 0.9434 0.0497 0.3279
vn 0.8351 0.3103 0.4542
vn 0.9451 0.2400 0.2218
vn 0.9017 0.2742 0.3343
vn 0.6696 0.3096 0.6752
vn 0.7090 0.1260 0.6939
vn 0.7192 0.1736 0.6728
vn 0.8046 0.2598 0.5340
vn 0.6211 0.3650 0.6936
vn 0.9355 0.2560 0.2435
vn 0.8617 0.2579 0.4369
vn 0.7896 0.3856 0.4774
vn 0.5910 0.2508 0.7667
vn 0.5313 0.3175 0.7854
vn -0.5456 -0.5892 0.5960
vn -0.6905 -0.4124 0.5943
vn -0.6699 -0.2208 0.7088
vn -0.6510 0.1380 0.7464
vn 0.9285 0.3267 0.1768
vn 0.9396 0.3256 0.1051
vn -0.7081 0.4982 0.5005
vn -0.6568 0.4041 0.6366
vn -0.4703 -0.8602 0.1969
vn 0.3377 -0.6886 0.6417
vn 0.4177 -0.6466 0.6384
vn 0.8714 0.0929 0.4818
vn 0.9624 -0.2500 0.1058
vn 0.1271 -0.9903 0.0565
vn 0.8619 -0.0991 0.4973
vn 0.7139 -0.4661 0.5225
vn 0.0659 0.0097 0.9978
vn -0.2174 0.9431 0.2516
vn -0.1494 0.8940 0.4225
vn -0.1418 0.9465 0.2900
vn -0.8479 -0.1199 0.5163
vn -0.0516 0.9796 0.1944
vn 0.0039 0.9973 0.0729
vn -0.1737 0.9844 0.0277
vn -0.1876 0.8335 -0.5197
vn 0.7741 -0.1647 0.6113
vn 0.2638 -0.8201 0.5077
vn 0.2803 -0.8092 0.5163
vn -0.0992 -0.9439 0.3149
vn -0.3326 -0.9383 0.0949
vn -0.1272 -0.9546 0.2695
vn 0.9416 0.0882 0.3249
vn 0.9492 0.0167 0.3143
vn 0.4384 -0.2355 -0.8674
vn 0.6994 -0.4754 -0.5336
vn 0.6907 -0.1422 -0.7090
vn 0.2148 -0.5123 -0.8315
vn 0.7177 -0.4825 -0.5021
vn 0.9481 -0.0669 0.3110
vn 0.8242 0.0974 0.5579
vn 0.5534 -0.3629 0.7497
vn -0.4581 0.6612 -0.5941
vn -0.2425 0.8560 -0.4566
vn -0.3703 0.7252 -0.5805
vn 0.0559 0.9522 -0.3004
vn -0.1152 0.9079 -0.4031
vn -0.7294 -0.6717 -0.1298
vn 0.5736 0.8139 -0.0926
vn 0.8301 0.5152 0.2134
vn 0.8251 0.3498 0.4437
vn 0.6899 -0.3887 0.6107
vn 0.8182 -0.0958 0.5668
vn 0.8116 -0.0771 0.5791
vn 0.5456 0.0784 0.8344
vn 0.2740 -0.0757 0.9587
vn 0.9092 -0.0302 -0.4153
vn 0.9698 0.1461 0.1956
vn 0.8798 0.0331 -0.4742
vn 0.9879 0.1457 -0.0533
vn -0.7946 -0.4356 0.4230
vn 0.9591 0.1994 0.2008
vn 0.7270 0.6356 0.2599
vn -0.8793 0.0569 0.4728
vn 0.6388 0.7290 0.2462
vn -0.9722 -0.2337 -0.0170
vn -0.6792 0.6940 0.2389
vn 0.0753 -0.2989 -0.9513
vn -0.6509 -0.2318 -0.7229
vn 0.4426 -0.2588 0.8586
vn 0.0044 -0.5313 0.8472
vn -0.6436 -0.2468 -0.7245
vn -0.3566 -0.1981 -0.9130
vn 0.1803 -0.3175 -0.9310
vn 0.8823 0.2169 0.4178
vn 0.4745 -0.8387 -0.2672
vn 0.2619 -0.6392 -0.7230
vn 0.5193 -0.8494 0.0939
vn 0.1097 -0.8121 0.5731
vn 0.0322 -0.8128 0.5817
vn -0.2971 -0.6997 0.6497
vn 0.9240 0.2446 0.2940
vn -0.6132 0.2267 0.7567
vn -0.7218 -0.0155 0.6919
vn -0.7064 -0.0710 -0.7043
vn -0.7798 0.4977 0.3798
vn -0.8538 0.4023 0.3304
vn -0.8114 -0.0409 0.5830
vn -0.9122 -0.3766 -0.1614
vn -0.1102 0.9290 -0.3534
vn 0.3546 -0.9335 0.0539
vn 0.6302 -0.5712 -0.5260
vn -0.1783 -0.8995 0.3989
vn -0.5234 -0.1962 0.8292
vn 0.7159 -0.3822 -0.5844
vn -0.4249 -0.3316 0.8423
vn 0.3985 -0.5032 0.7668
vn 0.0187 -0.6778 0.7350
vn -0.3399 -0.3604 0.8687
vn 0.3005 0.8921 -0.3375
vn -0.0288 -0.7922 -0.6096
vn -0.1654 0.9772 -0.1335
vn -0.3256 -0.8864 -0.3291
vn -0.9686 0.1400 0.2054
vn -0.9220 0.0240 -0.3865
vn -0.9372 0.1704 -0.3045
vn -0.7678 0.5353 -0.3520
vn -0.6035 0.4075 -0.6854
vn -0.9542 -0.2305 -0.1906
vn -0.5075 -0.7505 -0.4233
vn 0.2839 -0.6138 0.7367
vn -0.6496 0.6989 -0.2994
vn 0.5525 0.7975 0.2424
vn -0.4953 -0.7386 -0.4572
vn 0.2213 -0.8094 0.5440
vn 0.4562 -0.2216 0.8618
vn -0.1470 -0.6120 -0.7771
vn 0.1038 0.5162 -0.8502
vn 0.2760 0.9567 -0.0926
vn -0.6297 0.5894 -0.5061
vn -0.3065 -0.5371 -0.7859
vn -0.9572 -0.2724 -0.0975
vn 0.9854 -0.1615 0.0542
vn 0.3532 -0.6086 0.7105
vn -0.6549 -0.5592 -0.5084
vn 0.2849 0.9275 -0.2421
vn 0.6477 0.7517 -0.1244
vn 0.4343 0.8589 0.2716
vn 0.3404 0.9168 0.2088
vn 0.3285 0.8373 0.4371
vn -0.7086 -0.6800 0.1884
vn 0.2506 -0.7273 -0.6390
vn 0.3340 -0.4023 -0.8524
vn -0.6265 -0.0915 -0.7741
vn -0.5938 0.2189 0.7743
vn 0.2654 0.6022 -0.7530
vn 0.1975 0.3414 -0.9189
vn -0.9656 -0.2213 0.1367
vn -0.4367 -0.4062 0.8027
vn 0.5479 0.5982 0.5847
vn -0.5793 -0.0044 0.8151
vn -0.3589 -0.9018 0.2409
vn 0.6039 0.6636 0.4415
vn 0.8779 -0.0779 -0.4724
vn -0.0743 -0.8494 0.5225
vn -0.8665 -0.3329 0.3720
vn -0.6118 -0.4339 0.6614
vn -0.7616 -0.5882 0.2719
vn -0.4660 -0.2524 0.8480
vn 0.2743 0.9590 0.0711
vn 0.4998 0.7034 0.5054
vn 0.7691 0.1304 0.6257
vn 0.8159 -0.5302 0.2306
vn 0.6814 0.7085 0.1836
vn 0.8608 0.2934 0.4159
vn -0.9286 -0.1544 -0.3373
vn -0.3129 -0.0348 -0.9492
vn -0.6685 -0.2673 -0.6941
vn -0.0790 -0.2618 -0.9619
vn 0.4523 -0.1224 -0.8834
vn -0.6529 0.2019 -0.7300
vn -0.4428 -0.7085 0.5496
vn 0.1207 0.7913 -0.5994
vn -0.0648 0.8469 -0.5278
vn 0.4281 -0.6807 0.5944
vn 0.8785 0.2186 0.4249
vn -0.0178 0.7478 -0.6637
vn -0.1382 0.8499 -0.5086
vn -0.8683 0.1370 -0.4768
vn -0.4927 -0.7656 -0.4137
vn 0.6482 0.4128 0.6399
vn 0.6675 0.5031 0.5489
vn -0.8299 -0.2561 -0.4956
vn 0.2896 -0.3986 -0.8702
vn 0.1429 -0.3470 -0.9269
vn 0.3501 -0.3636 -0.8633
vn -0.9330 -0.3286 -0.1465
vn 0.3442 -0.1742 -0.9226
vn 0.4347 0.0882 -0.8962
vn 0.5292 0.1033 -0.8422
vn 0.3348 -0.1802 -0.9249
vn -0.1916 -0.6624 -0.7242
vn -0.2287 -0.7970 0.5590
vn 0.2654 0.9493 0.1682
vn 0.6294 0.7025 -0.3321
vn -0.6771 -0.6773 0.2878
vn 0.6080 -0.3310 0.7216
vn 0.8148 0.0861 0.5733
vn -0.3574 0.3188 -0.8779
vn -0.0551 0.0018 0.9985
vn -0.8923 0.1636 0.4208
vn -0.6429 -0.0391 0.7650
vn -0.1992 0.0396 0.9792
vn 0.3721 0.8163 0.4419
vn -0.5243 -0.2581 0.8115
vn 0.6893 0.3486 0.6351
vn -0.7130 -0.0548 0.6990
vn -0.5969 0.0014 0.8023
vn -0.5131 -0.7392 0.4362
vn 0.6450 0.4859 0.5898
vn 0.6352 0.6599 0.4012
vn -0.5865 0.3654 0.7228
vn -0.4768 -0.5827 0.6581
vn 0.4945 -0.8383 -0.2295
vn 0.4446 -0.7595 -0.4749
vn 0.7675 0.0404 -0.6398
vn 0.5828 -0.1914 -0.7897
vn -0.2530 -0.9660 0.0532
vn 0.7103 -0.2620 0.6533
vn 0.8449 0.4184 0.3332
vn -0.4789 0.7928 -0.3771
vn 0.7511 0.6364 -0.1755
vn 0.7374 0.6448 -0.2011
vn -0.3639 -0.8472 -0.3871
vn -0.7670 -0.2974 -0.5685
vn 0.6599 -0.3598 -0.6596
vn 0.5944 -0.3081 -0.7428
vn 0.2723 -0.7777 -0.5667
vn -0.7819 -0.3407 0.5220
vn -0.2830 0.8144 0.5065
vn -0.7947 0.4673 0.3874
vn 0.4239 0.9000 0.1018
vn -0.1286 -0.0835 0.9882
vn 0.4037 0.8989 -0.1704
vn 0.4132 0.9011 -0.1315
vn 0.7207 0.4653 0.5139
vn 0.0548 -0.5181 -0.8535
vn 0.0463 -0.6270 -0.7776
vn 0.9389 0.0492 0.3408
vn 0.8136 0.3199 0.4854
vn 0.4726 0.8698 -0.1414
vn -0.9829 0.1128 -0.1458
vn -0.9345 0.3264 -0.1422
vn -0.6443 0.1044 -0.7576
vn -0.1642 0.5388 -0.8263
vn 0.0685 0.1552 -0.9855
vn 0.5613 -0.4609 -0.6875
vn -0.4023 0.6008 -0.6908
vn 0.0703 0.3277 -0.9422
vn -0.6633 -0.2616 0.7011
vn -0.1775 0.9841 -0.0037
vn 0.0467 0.9746 -0.2189
vn 0.4945 -0.6168 0.6125
vn 0.7634 0.6439 -0.0506
vn 0.2945 0.7550 0.5859
vn -0.4295 -0.3876 -0.8157
vn 0.0802 0.6385 -0.7654
vn -0.7106 0.2131 -0.6706
vn 0.9175 0.0685 0.3917
vn 0.4094 0.9099 -0.0671
vn 0.5672 0.8181 0.0945
vn 0.0289 0.8665 0.4983
vn -0.2001 -0.9704 -0.1351
vn 0.3322 0.4870 -0.8078
vn 0.8849 0.0495 0.4631
vn -0.7074 0.4096 -0.5760
vn -0.6552 0.7024 -0.2782
vn -0.8586 -0.3412 -0.3826
vn 0.4837 -0.6193 -0.6185
vn 0.7090 -0.3807 0.5936
vn 0.0973 0.9948 -0.0310
vn -0.9125 0.4073 -0.0369
vn 0.2412 0.9014 -0.3596
vn 0.6534 0.2063 0.7284
vn -0.6791 0.6941 0.2388
vn 0.7680 -0.3142 -0.5581
vn 0.7115 -0.6169 -0.3366
vn 0.6156 0.6214 0.4847
vn 0.5718 0.6585 0.4893
vn 0.1192 0.6174 -0.7776
vn 0.6875 0.6758 0.2656
vn -0.3693 0.8742 0.3152
vn -0.8082 0.5882 0.0279
vn -0.9737 0.1077 -0.2005
vn 0.7051 0.4711 0.5300
vn 0.4219 0.7258 -0.5433
vn 0.9869 0.1444 -0.0719
vn 0.6587 -0.3417 0.6704
vn 0.0816 -0.8872 0.4542
vn 0.9152 0.2089 0.3446
vn 0.6071 -0.4844 0.6300
vn 0.8142 0.3142 0.4883
vn 0.4865 0.6866 0.5403
vn -0.5631 -0.0834 -0.8222
vn 0.3720 0.8575 0.3553
vn 0.8167 -0.2393 0.5250
vn 0.7686 0.5903 0.2465
vn 0.4830 0.4352 -0.7598
vn 0.6748 0.2071 0.7083
vn -0.8123 -0.4879 0.3196
vn 0.4365 -0.2427 -0.8664
vn -0.0030 -0.2735 -0.9619
vn -0.0428 -0.3327 -0.9421
vn 0.0527 0.9983 0.0228
vn 0.5962 0.7319 0.3300
vn 0.3591 0.9229 0.1388
vn -0.7434 0.6504 0.1561
vn 0.8224 -0.0092 0.5688
vn -0.7930 0.2828 -0.5396
vn -0.1960 0.8848 -0.4227
vn -0.3727 0.9270 -0.0418
vn 0.7683 0.2446 0.5915
vn 0.8337 0.4438 0.3287
vn -0.6070 0.6738 -0.4214
vn -0.6157 0.3581 -0.7019
vn -0.6991 0.0614 -0.7124
vn -0.6813 0.0863 -0.7269
vn 0.7063 -0.0084 -0.7078
vn 0.7691 0.0595 -0.6364
vn 0.6179 0.4938 0.6119
vn -0.6148 -0.2129 -0.7594
vn 0.0355 -0.9053 0.4233
vn -0.8950 -0.3909 -0.2147
vn 0.8674 0.2716 0.4169
vn -0.6493 0.4923 -0.5797
vn -0.5204 0.5482 -0.6547
vn -0.8455 0.1444 0.5141
vn 0.2596 0.9591 -0.1130
vn -0.1801 0.1065 -0.9779
vn 0.4938 0.5937 0.6353
vn 0.7230 0.6899 0.0355
vn -0.6980 0.1034 -0.7086
vn -0.7139 -0.0757 -0.6962
vn 0.7244 0.6413 0.2528
vn -0.1432 -0.4067 -0.9022
vn 0.4085 -0.2284 -0.8837
vn 0.8706 -0.2324 -0.4337
vn 0.8978 -0.4374 -0.0522
vn -0.5049 0.8464 -0.1693
vn -0.4904 -0.7872 0.3740
vn -0.3651 -0.1659 -0.9161
vn 0.8053 0.5649 0.1798
vn 0.6140 0.5770 0.5386
vn -0.1653 -0.6162 -0.7701
vn -0.6521 0.6570 -0.3783
vn -0.0634 0.8280 0.5571
vn -0.0571 0.7376 0.6728
vn -0.0858 0.7143 0.6946
vn -0.3152 0.7814 -0.5386
vn -0.7785 0.3135 -0.5438
vn -0.5797 0.6636 -0.4729
vn 0.2485 -0.3110 -0.9174
vn -0.8181 -0.5729 -0.0510
vn 0.6194 -0.0452 0.7837
vn 0.7124 0.6760 0.1883
vn 0.8360 0.5319 0.1350
vn 0.0277 0.9759 -0.2163
vn 0.5223 0.8499 -0.0698
vn -0.7411 0.3125 -0.5942
vn -0.1938 -0.9368 -0.2914
vn -0.6868 -0.6133 -0.3900
vn 0.7932 0.2965 0.5319
vn 0.8580 0.2782 0.4318
vn -0.6560 0.7402 0.1474
vn -0.6891 0.7246 0.0132
vn 0.0812 0.9512 -0.2978
vn 0.6679 0.3780 0.6412
vn 0.9872 0.0655 -0.1455
vn 0.7163 0.6133 0.3327
vn -0.1286 0.9538 -0.2717
vn 0.5507 0.0928 -0.8296
vn 0.1807 -0.6791 -0.7115
vn 0.2601 -0.6428 -0.7205
vn 0.7243 -0.5528 -0.4121
vn 0.1375 -0.8809 -0.4529
vn -0.0748 0.9952 -0.0633
vn 0.5492 0.8235 -0.1420
vn 0.9509 -0.3006 0.0741
vn -0.5869 -0.3268 0.7408
vn -0.3684 -0.7236 0.5837
vn 0.3317 -0.6086 0.7208
vn -0.6701 -0.2610 -0.6949
vn -0.0187 -0.2472 -0.9688
vn -0.0459 -0.2624 -0.9639
vn -0.6225 0.2584 -0.7387
vn -0.0032 -0.3338 -0.9427
vn -0.5272 0.3765 -0.7618
vn 0.0155 -0.0831 -0.9964
vn 0.3673 -0.0156 -0.9300
vn 0.0794 -0.2151 0.9734
vn -0.2013 -0.3228 0.9248
vn 0.8108 0.2959 0.5050
vn -0.3786 -0.1897 0.9059
vn 0.3044 -0.5313 -0.7906
vn -0.2158 -0.1186 0.9692
vn -0.1596 0.0734 0.9845
vn -0.2385 0.1255 0.9630
vn -0.5534 0.1506 0.8192
vn -0.1656 0.6468 -0.7445
vn -0.1840 0.6984 -0.6917
vn 0.0138 -0.5962 -0.8027
vn -0.3059 -0.5394 0.7845
vn -0.3681 -0.6230 -0.6902
vn -0.4344 -0.3375 -0.8351
vn -0.4893 -0.3755 -0.7871
vn -0.6335 0.0691 0.7707
vn -0.6404 -0.7587 0.1192
vn -0.6331 -0.7696 -0.0829
vn -0.7182 0.0073 0.6958
vn -0.7317 0.2223 0.6444
vn -0.6600 -0.2621 -0.7040
vn -0.6931 -0.3738 -0.6163
vn -0.8263 -0.0846 -0.5568
vn -0.7261 -0.6711 0.1499
vn -0.7064 0.1863 -0.6829
vn -0.8760 0.0964 -0.4725
vn -0.3181 -0.6847 0.6557
vn 0.6718 0.6417 0.3701
vn 0.8283 0.5287 -0.1854
vn 0.8306 0.1885 0.5240
vn -0.8048 -0.5028 0.3155
vn 0.8756 0.0947 0.4737
vn -0.1747 0.6623 -0.7286
vn -0.4111 0.6568 -0.6321
vn -0.7859 -0.1362 0.6032
vn -0.6941 0.3875 -0.6067
vn 0.5004 -0.8456 -0.1860
vn 0.1602 0.0684 -0.9847
vn 0.6181 -0.7855 0.0321
vn 0.3026 -0.8829 0.3590
vn 0.2401 -0.7018 0.6707
vn -0.6416 -0.0431 0.7659
vn -0.3762 -0.6226 0.6862
vn 0.3808 -0.1359 0.9146
vn 0.4310 0.6705 -0.6038
vn -0.0242 0.8599 -0.5098
vn 0.6722 -0.5486 0.4973
vn 0.6222 -0.2706 0.7346
vn 0.5190 -0.3595 0.7755
vn -0.0616 -0.2562 0.9647
vn -0.8757 -0.4198 0.2385
vn 0.1233 -0.8291 -0.5454
vn 0.0012 -0.7908 -0.6120
vn -0.0750 -0.7779 0.6239
vn -0.2250 -0.4332 0.8728
vn -0.0411 -0.3173 0.9474
vn 0.6490 0.6984 0.3016
vn 0.3826 -0.3236 -0.8654
vn 0.4118 0.9100 -0.0475
vn 0.4339 0.8188 -0.3760
vn 0.4388 0.8320 -0.3393
vn -0.7152 0.6157 -0.3307
vn -0.5169 0.7486 -0.4153
vn -0.3930 0.7263 -0.5639
vn -0.2109 -0.5652 -0.7975
vn -0.5316 0.2955 0.7938
vn -0.4873 -0.3936 -0.7795
vn -0.4316 -0.8074 -0.4022
vn -0.5300 -0.2621 -0.8065
vn -0.6311 -0.7755 0.0175
vn -0.7090 0.5588 -0.4303
vn -0.6891 0.7241 0.0290
vn -0.8074 -0.5181 0.2823
vn -0.9652 -0.1891 0.1808
vn -0.9594 -0.1167 0.2567
vn -0.8975 0.3342 0.2877
vn -0.8473 -0.0872 0.5238
vn -0.8389 0.0343 0.5433
vn 0.2606 0.5946 -0.7606
vn -0.7841 0.3801 0.4907
vn -0.8372 -0.0898 -0.5395
vn -0.9376 -0.3474 0.0153
vn -0.5219 -0.2464 -0.8166
vn -0.5761 0.4410 -0.6882
vn -0.5999 -0.4193 -0.6814
vn -0.9848 0.1563 0.0753
vn -0.4662 -0.2038 -0.8609
vn -0.3827 -0.1660 -0.9089
vn -0.7079 -0.2897 -0.6442
vn -0.5502 -0.3074 -0.7764
vn -0.0110 0.9544 -0.2983
vn -0.7935 -0.1777 -0.5820
vn 0.8002 -0.2083 -0.5623
vn -0.3437 -0.0153 0.9389
vn -0.3646 0.0444 0.9301
vn 0.4815 0.8255 0.2945
vn 0.6171 0.6956 0.3678
vn -0.6912 0.6605 -0.2933
vn -0.8836 0.1656 -0.4379
vn -0.7043 -0.6416 0.3038
vn -0.2423 -0.8046 0.5422
vn -0.6071 -0.7751 0.1748
vn -0.2388 -0.9271 0.2888
vn 0.0997 -0.9935 0.0546
vn 0.5213 -0.8530 -0.0237
vn 0.1132 -0.9681 -0.2234
vn 0.6386 0.1826 0.7476
vn -0.4177 -0.5743 -0.7041
vn -0.4682 -0.5073 -0.7235
vn -0.5571 -0.6640 -0.4988
vn -0.5685 -0.4779 -0.6697
vn 0.2916 -0.7122 -0.6385
vn 0.7075 -0.4748 -0.5235
vn 0.2660 -0.6140 -0.7431
vn 0.2503 -0.7751 -0.5801
vn 0.3486 -0.6460 -0.6791
vn 0.3928 0.8384 -0.3777
vn 0.1196 0.8187 -0.5616
vn -0.3089 0.6547 -0.6899
vn 0.1463 0.6795 -0.7189
vn -0.6251 0.6661 -0.4069
vn 0.5259 -0.0432 -0.8495
vn -0.0098 0.9511 -0.3086
vn -0.1767 0.7003 -0.6916
vn -0.2682 -0.7705 -0.5783
vn -0.6467 -0.1604 0.7457
vn -0.3755 -0.6852 -0.6241
vn -0.4035 -0.9145 0.0314
vn -0.6766 -0.7261 -0.1224
vn -0.6927 -0.7171 -0.0766
vn -0.6287 -0.7336 0.2579
vn -0.7339 0.0713 -0.6755
vn -0.6837 0.1191 -0.7200
vn -0.7034 -0.6961 0.1437
vn -0.8957 -0.4429 0.0399
vn -0.8524 -0.4322 0.2944
vn -0.9413 -0.1992 0.2723
vn 0.7175 0.6131 0.3305
vn -0.8178 0.5474 0.1775
vn -0.2233 0.2374 0.9454
vn -0.7943 0.0506 0.6055
vn -0.9847 -0.0816 -0.1539
vn 0.6113 -0.1477 -0.7775
vn -0.4102 -0.5088 -0.7569
vn -0.6154 -0.6724 -0.4113
vn -0.0919 0.3674 0.9255
vn -0.1427 -0.6717 -0.7269
vn 0.6766 0.7171 -0.1672
vn 0.6161 0.7540 0.2279
vn 0.5605 0.8186 0.1254
vn -0.0662 0.9582 -0.2782
vn 0.7018 0.6996 0.1344
vn 0.7207 0.6820 0.1245
vn 0.1632 0.9355 0.3135
vn 0.2565 -0.8416 -0.4752
vn 0.1017 -0.8177 -0.5666
vn 0.3433 -0.4131 -0.8435
vn 0.3009 -0.0280 -0.9532
vn 0.2691 0.3307 -0.9045
vn -0.1899 -0.2592 -0.9470
vn -0.6800 -0.6418 -0.3546
vn -0.5842 -0.5560 -0.5913
vn -0.7473 -0.5896 -0.3064
vn -0.5834 -0.6952 -0.4200
vn -0.6109 -0.4616 -0.6432
vn -0.6327 -0.1346 -0.7626
vn -0.5628 -0.2692 -0.7815
vn -0.5971 -0.0291 -0.8017
vn -0.6395 0.0994 -0.7624
vn -0.4343 0.3132 -0.8445
vn -0.6408 -0.3326 0.6920
vn -0.6469 -0.0903 0.7572
vn 0.7300 0.6764 0.0984
vn 0.7674 0.6412 -0.0008
vn -0.6860 -0.0821 0.7229
vn -0.7765 -0.1558 0.6106
vn -0.4928 -0.1186 0.8620
vn -0.8256 -0.4577 0.3300
vn -0.9713 -0.2201 0.0902
vn -0.6979 -0.7061 0.1195
vn -0.3472 -0.9052 0.2450
vn -0.6015 -0.7037 0.3782
vn -0.4888 -0.8684 0.0834
vn -0.2199 -0.9694 -0.1096
vn 0.8739 -0.0019 -0.4861
vn -0.6626 -0.3702 -0.6510
vn -0.7330 -0.3585 -0.5781
vt 0.066342 0.465997
vt 0.059036 0.461638
vt 0.066442 0.463385
vt 0.052840 0.454121
vt 0.051346 0.459646
vt 0.043121 0.452934
vt 0.989612 0.919060
vt 0.936761 0.923366
vt 0.952388 0.898925
vt 0.012600 0.501356
vt 0.005779 0.504681
vt 0.008186 0.495472
vt 0.029305 0.508247
vt 0.023342 0.512530
vt 0.023085 0.505751
vt 0.008751 0.209268
vt 0.010855 0.196808
vt 0.020241 0.224636
vt 0.008304 0.511905
vt 0.975989 0.200771
vt 0.970466 0.209771
vt 0.968732 0.209666
vt 0.059584 0.384642
vt 0.059207 0.376324
vt 0.062144 0.364323
vt 0.057254 0.387448
vt 0.883528 0.756208
vt 0.884265 0.757174
vt 0.882466 0.757733
vt 0.880519 0.760991
vt 0.880696 0.759884
vt 0.881952 0.760947
vt 0.552782 0.042378
vt 0.566753 0.044557
vt 0.569981 0.047640
vt 0.064345 0.370350
vt 0.082295 0.343625
vt 0.079164 0.389994
vt 0.059460 0.363119
vt 0.054702 0.386094
vt 0.056725 0.365851
vt 0.953805 0.129637
vt 0.944147 0.108721
vt 0.961524 0.089236
vt 0.059508 0.338457
vt 0.059520 0.355105
vt 0.019322 0.516390
vt 0.019009 0.511026
vt 0.047991 0.501589
vt 0.060866 0.505690
vt 0.039139 0.502269
vt 0.037084 0.493572
vt 0.031169 0.495482
vt 0.032963 0.503860
vt 0.035649 0.506073
vt 0.958716 0.194151
vt 0.959883 0.209499
vt 0.949408 0.206787
vt 0.958563 0.218783
vt 0.942847 0.224409
vt 0.032912 0.403596
vt 0.026367 0.408368
vt 0.026957 0.398226
vt 0.067637 0.341183
vt 0.947865 0.235344
vt 0.944669 0.250460
vt 0.939853 0.250494
vt 0.042292 0.514288
vt 0.035032 0.514718
vt 0.025484 0.427115
vt 0.022995 0.419569
vt 0.029326 0.419711
vt 0.954061 0.143841
vt 0.940287 0.179274
vt 0.917735 0.183340
vt 0.915248 0.156148
vt 0.883908 0.748723
vt 0.892645 0.748634
vt 0.890267 0.752287
vt 0.878898 0.748008
vt 0.877647 0.744097
vt 0.038626 0.325023
vt 0.036461 0.323928
vt 0.038763 0.315327
vt 0.894923 0.760641
vt 0.888680 0.759498
vt 0.891902 0.755805
vt 0.816558 0.039387
vt 0.826966 0.035342
vt 0.828791 0.037717
vt 0.031793 0.317318
vt 0.035711 0.313568
vt 0.032284 0.326153
vt 0.865515 0.720398
vt 0.902845 0.689486
vt 0.903756 0.725179
vt 0.047444 0.289138
vt 0.050702 0.279288
vt 0.053639 0.286224
vt 0.934606 0.260908
vt 0.918194 0.282483
vt 0.912365 0.283924
vt 0.919005 0.669652
vt 0.928656 0.684927
vt 0.911098 0.665765
vt 0.069984 0.478071
vt 0.083018 0.478539
vt 0.074408 0.480720
vt 0.130070 0.468453
vt 0.118115 0.469614
vt 0.105996 0.469639
vt 0.101623 0.494093
vt 0.095980 0.489511
vt 0.112700 0.482715
vt 0.878126 0.852782
vt 0.841577 0.828637
vt 0.855932 0.808121
vt 0.036137 0.700528
vt 0.029681 0.670395
vt 0.059317 0.691484
vt 0.033224 0.739768
vt 0.032136 0.731017
vt 0.035726 0.732296
vt 0.860004 0.109223
vt 0.843244 0.108210
vt 0.847584 0.083844
vt 0.057599 0.729422
vt 0.083245 0.761369
vt 0.043122 0.744255
vt 0.051899 0.777838
vt 0.823015 0.041784
vt 0.826053 0.059438
vt 0.807992 0.051958
vt 0.071946 0.799362
vt 0.048042 0.801969
vt 0.868505 0.263003
vt 0.869669 0.270766
vt 0.861816 0.270359
vt 0.054778 0.824366
vt 0.051100 0.848950
vt 0.047920 0.815814
vt 0.873077 0.278368
vt 0.860735 0.295791
vt 0.865209 0.284434
vt 0.883385 0.288385
vt 0.867806 0.309171
vt 0.890470 0.285984
vt 0.882605 0.299130
vt 0.892915 0.300990
vt 0.870608 0.318474
vt 0.109759 0.784714
vt 0.088418 0.846215
vt 0.094675 0.812379
vt 0.053411 0.876333
vt 0.809621 0.235878
vt 0.836907 0.249752
vt 0.842975 0.258527
vt 0.855689 0.274212
vt 0.837673 0.294003
vt 0.824504 0.267264
vt 0.108070 0.583472
vt 0.108820 0.584824
vt 0.107424 0.585441
vt 0.850821 0.290640
vt 0.827209 0.304341
vt 0.113246 0.566943
vt 0.109925 0.568804
vt 0.112211 0.564514
vt 0.111209 0.573015
vt 0.109066 0.575438
vt 0.104997 0.572500
vt 0.103677 0.855222
vt 0.777021 0.913698
vt 0.759629 0.923340
vt 0.742902 0.894840
vt 0.106886 0.576652
vt 0.108038 0.576974
vt 0.107672 0.578445
vt 0.112107 0.569700
vt 0.118261 0.567420
vt 0.123050 0.571321
vt 0.118829 0.569654
vt 0.117632 0.573279
vt 0.115694 0.569303
vt 0.168406 0.568282
vt 0.140888 0.571084
vt 0.139803 0.556430
vt 0.165218 0.531838
vt 0.193786 0.532860
vt 0.179509 0.543152
vt 0.145282 0.538624
vt 0.111011 0.578071
vt 0.110467 0.578974
vt 0.107292 0.580063
vt 0.109437 0.581278
vt 0.107377 0.581829
vt 0.112830 0.579372
vt 0.112514 0.578750
vt 0.113534 0.578955
vt 0.792895 0.203486
vt 0.761530 0.185179
vt 0.795127 0.199182
vt 0.776643 0.205763
vt 0.783245 0.202757
vt 0.791265 0.217794
vt 0.237714 0.500336
vt 0.230408 0.505316
vt 0.227935 0.498531
vt 0.166152 0.525211
vt 0.163592 0.517235
vt 0.187240 0.520335
vt 0.187486 0.137484
vt 0.204075 0.158333
vt 0.205556 0.167424
vt 0.772781 0.207326
vt 0.114044 0.577690
vt 0.113439 0.575688
vt 0.114591 0.576654
vt 0.117873 0.578990
vt 0.116299 0.578816
vt 0.117201 0.578268
vt 0.114640 0.582363
vt 0.114035 0.582871
vt 0.114148 0.581883
vt 0.121711 0.577216
vt 0.120051 0.575829
vt 0.124500 0.574150
vt 0.120291 0.578140
vt 0.116490 0.587312
vt 0.115978 0.588901
vt 0.114835 0.587205
vt 0.115275 0.582078
vt 0.116189 0.581238
vt 0.116237 0.582376
vt 0.113151 0.579862
vt 0.112168 0.579758
vt 0.112220 0.581476
vt 0.111180 0.581151
vt 0.112148 0.580619
vt 0.113366 0.578204
vt 0.111853 0.577129
vt 0.112541 0.576276
vt 0.110794 0.584190
vt 0.111623 0.582894
vt 0.112284 0.584018
vt 0.114249 0.589026
vt 0.112756 0.587846
vt 0.118635 0.577322
vt 0.119851 0.579343
vt 0.722110 0.108999
vt 0.715261 0.109922
vt 0.715935 0.105010
vt 0.722940 0.088252
vt 0.726235 0.089339
vt 0.719123 0.097322
vt 0.121176 0.583582
vt 0.119253 0.582043
vt 0.120815 0.581638
vt 0.121284 0.579639
vt 0.122638 0.580985
vt 0.128554 0.584434
vt 0.127040 0.586338
vt 0.103806 0.564429
vt 0.099630 0.567323
vt 0.102511 0.562536
vt 0.719774 0.119456
vt 0.728397 0.122099
vt 0.723299 0.125331
vt 0.715910 0.124057
vt 0.717430 0.120046
vt 0.114105 0.585723
vt 0.113401 0.584540
vt 0.114389 0.584036
vt 0.735962 0.139728
vt 0.738770 0.152731
vt 0.697960 0.134872
vt 0.116612 0.577502
vt 0.117986 0.576000
vt 0.706926 0.043215
vt 0.715421 0.040518
vt 0.702983 0.048290
vt 0.126286 0.577362
vt 0.122654 0.578630
vt 0.722441 0.056798
vt 0.698941 0.056007
vt 0.118601 0.583363
vt 0.709323 0.036995
vt 0.706587 0.039512
vt 0.697402 0.037291
vt 0.114378 0.580214
vt 0.114731 0.579354
vt 0.114878 0.580462
vt 0.115620 0.579494
vt 0.115902 0.580349
vt 0.114020 0.579456
vt 0.115941 0.583471
vt 0.117049 0.583004
vt 0.116686 0.579912
vt 0.113955 0.581328
vt 0.113904 0.580603
vt 0.114648 0.581056
vt 0.114689 0.583197
vt 0.694181 0.103833
vt 0.229963 0.600640
vt 0.190436 0.610847
vt 0.201106 0.588500
vt 0.195652 0.632131
vt 0.227057 0.642978
vt 0.690911 0.939815
vt 0.669309 0.939842
vt 0.680992 0.924055
vt 0.262347 0.490997
vt 0.264352 0.496788
vt 0.245254 0.496488
vt 0.272286 0.504235
vt 0.246772 0.508298
vt 0.246999 0.502523
vt 0.216941 0.549748
vt 0.246411 0.553049
vt 0.215508 0.565851
vt 0.666696 0.105699
vt 0.695680 0.093019
vt 0.662269 0.111919
vt 0.703632 0.083396
vt 0.298456 0.485180
vt 0.299999 0.488414
vt 0.293703 0.488248
vt 0.727952 0.340168
vt 0.755773 0.355476
vt 0.738722 0.353332
vt 0.275206 0.485517
vt 0.287168 0.489987
vt 0.279023 0.490626
vt 0.280369 0.495495
vt 0.300334 0.499767
vt 0.293869 0.479927
vt 0.331350 0.490956
vt 0.331236 0.485663
vt 0.745532 0.357677
vt 0.743498 0.366370
vt 0.767443 0.381898
vt 0.736576 0.381437
vt 0.760036 0.377089
vt 0.261970 0.026719
vt 0.268011 0.026798
vt 0.260225 0.028984
vt 0.255717 0.036280
vt 0.264758 0.036588
vt 0.259343 0.040721
vt 0.649813 0.783965
vt 0.645266 0.737333
vt 0.664151 0.750716
vt 0.298395 0.079236
vt 0.243274 0.086877
vt 0.264806 0.070661
vt 0.678607 0.713112
vt 0.638302 0.722759
vt 0.292923 0.493023
vt 0.298950 0.494336
vt 0.710453 0.348929
vt 0.711068 0.339065
vt 0.714802 0.347056
vt 0.301715 0.481473
vt 0.298873 0.474600
vt 0.101590 0.577419
vt 0.098880 0.575618
vt 0.102660 0.571060
vt 0.311523 0.475312
vt 0.309175 0.470729
vt 0.319877 0.471000
vt 0.300089 0.513353
vt 0.718477 0.356198
vt 0.719405 0.367339
vt 0.710706 0.373713
vt 0.720800 0.356742
vt 0.723061 0.361982
vt 0.302390 0.490471
vt 0.712484 0.387557
vt 0.699677 0.392262
vt 0.703786 0.386553
vt 0.711056 0.365890
vt 0.713251 0.352105
vt 0.721662 0.377415
vt 0.733718 0.378800
vt 0.722033 0.382119
vt 0.687975 0.392609
vt 0.325294 0.509516
vt 0.641915 0.821396
vt 0.641208 0.843578
vt 0.605849 0.810771
vt 0.320142 0.486055
vt 0.325792 0.484771
vt 0.323817 0.483387
vt 0.319296 0.483701
vt 0.322542 0.477692
vt 0.633838 0.102378
vt 0.610535 0.105483
vt 0.618697 0.088504
vt 0.629697 0.109304
vt 0.601847 0.120997
vt 0.587201 0.118314
vt 0.650414 0.103620
vt 0.308546 0.586091
vt 0.265722 0.598119
vt 0.260599 0.573838
vt 0.601131 0.150263
vt 0.618219 0.142406
vt 0.619214 0.146960
vt 0.622181 0.120864
vt 0.579112 0.149575
vt 0.619950 0.154637
vt 0.645332 0.155286
vt 0.602974 0.164021
vt 0.603805 0.159307
vt 0.097226 0.587122
vt 0.098596 0.580040
vt 0.101413 0.584677
vt 0.322688 0.617820
vt 0.277010 0.647642
vt 0.616825 0.223356
vt 0.621033 0.198909
vt 0.658363 0.197164
vt 0.636391 0.168699
vt 0.305421 0.097938
vt 0.344435 0.094865
vt 0.323735 0.127552
vt 0.527600 0.864801
vt 0.533826 0.867920
vt 0.532208 0.869618
vt 0.272023 0.974102
vt 0.225846 0.983162
vt 0.284402 0.942638
vt 0.288781 0.027106
vt 0.289561 0.015927
vt 0.299863 0.026049
vt 0.640756 0.243029
vt 0.642005 0.233514
vt 0.650209 0.245831
vt 0.621722 0.238647
vt 0.610271 0.223899
vt 0.633218 0.249243
vt 0.654725 0.260913
vt 0.345583 0.496279
vt 0.340947 0.488232
vt 0.602082 0.206747
vt 0.321740 0.573382
vt 0.314762 0.559821
vt 0.353093 0.481082
vt 0.368223 0.481290
vt 0.355262 0.483482
vt 0.353639 0.487732
vt 0.611438 0.236332
vt 0.592639 0.232801
vt 0.597741 0.229320
vt 0.630123 0.252482
vt 0.326543 0.558249
vt 0.353322 0.478349
vt 0.365049 0.476722
vt 0.584035 0.169549
vt 0.323544 0.029532
vt 0.319320 0.024248
vt 0.328278 0.025719
vt 0.577766 0.127636
vt 0.565094 0.120313
vt 0.313173 0.033587
vt 0.322024 0.037704
vt 0.314612 0.041102
vt 0.327683 0.035716
vt 0.332175 0.044730
vt 0.326277 0.040430
vt 0.334578 0.037764
vt 0.330557 0.032532
vt 0.320796 0.033211
vt 0.369279 0.475370
vt 0.376802 0.464639
vt 0.376506 0.476230
vt 0.355956 0.464082
vt 0.363485 0.470940
vt 0.354552 0.467739
vt 0.387696 0.462498
vt 0.382000 0.467799
vt 0.399952 0.459946
vt 0.393819 0.456958
vt 0.360571 0.552422
vt 0.367848 0.551412
vt 0.369744 0.552936
vt 0.367597 0.557233
vt 0.336511 0.555046
vt 0.556426 0.673185
vt 0.589496 0.682716
vt 0.550128 0.701947
vt 0.400575 0.463658
vt 0.391944 0.474467
vt 0.401030 0.469240
vt 0.633138 0.320812
vt 0.635963 0.336452
vt 0.628888 0.333379
vt 0.389468 0.486120
vt 0.365264 0.484492
vt 0.563500 0.730499
vt 0.542684 0.748498
vt 0.412762 0.476240
vt 0.405522 0.478693
vt 0.400624 0.480098
vt 0.384789 0.556633
vt 0.370673 0.594218
vt 0.554495 0.056770
vt 0.550363 0.078917
vt 0.528659 0.058674
vt 0.397861 0.596103
vt 0.599789 0.560772
vt 0.600978 0.563549
vt 0.576271 0.555939
vt 0.571727 0.446729
vt 0.588611 0.439750
vt 0.588385 0.443450
vt 0.576577 0.592493
vt 0.535391 0.589537
vt 0.574720 0.569766
vt 0.570582 0.559257
vt 0.587880 0.566869
vt 0.549983 0.562659
vt 0.437703 0.221343
vt 0.415020 0.240418
vt 0.422876 0.196787
vt 0.394117 0.186794
vt 0.414720 0.190511
vt 0.393375 0.195065
vt 0.519914 0.682920
vt 0.509077 0.661131
vt 0.547832 0.628900
vt 0.517329 0.713729
vt 0.498901 0.735161
vt 0.366164 0.618507
vt 0.374546 0.641508
vt 0.693522 0.045722
vt 0.691689 0.043090
vt 0.695290 0.041282
vt 0.603742 0.401022
vt 0.608137 0.391060
vt 0.607510 0.402501
vt 0.421932 0.073331
vt 0.420366 0.093414
vt 0.383779 0.088263
vt 0.605142 0.406376
vt 0.596150 0.413672
vt 0.597016 0.408718
vt 0.401105 0.052817
vt 0.586076 0.415109
vt 0.597796 0.416927
vt 0.584773 0.419960
vt 0.594376 0.403147
vt 0.595425 0.369458
vt 0.488364 0.693170
vt 0.405009 0.142512
vt 0.432675 0.137953
vt 0.420071 0.144882
vt 0.378751 0.658417
vt 0.406193 0.658665
vt 0.421089 0.653792
vt 0.385667 0.700872
vt 0.408074 0.694706
vt 0.549579 0.413815
vt 0.550365 0.384264
vt 0.557724 0.400165
vt 0.556654 0.411329
vt 0.561436 0.407113
vt 0.444854 0.092743
vt 0.640946 0.043054
vt 0.640789 0.046794
vt 0.636364 0.042941
vt 0.405712 0.930665
vt 0.421224 0.883790
vt 0.459348 0.898059
vt 0.422469 0.720658
vt 0.423348 0.690870
vt 0.507638 0.169737
vt 0.507345 0.177056
vt 0.486223 0.179611
vt 0.404300 0.727861
vt 0.450175 0.688591
vt 0.433690 0.697139
vt 0.458936 0.183920
vt 0.454152 0.177205
vt 0.469988 0.173414
vt 0.456019 0.169570
vt 0.492238 0.163754
vt 0.473643 0.184325
vt 0.435676 0.721337
vt 0.451161 0.728340
vt 0.421100 0.742841
vt 0.438074 0.761325
vt 0.422059 0.841121
vt 0.416373 0.811500
vt 0.438860 0.818027
vt 0.483075 0.759698
vt 0.468432 0.730180
vt 0.516021 0.459374
vt 0.522442 0.453728
vt 0.539302 0.450208
vt 0.491798 0.538153
vt 0.513285 0.535707
vt 0.500040 0.542596
vt 0.513158 0.452193
vt 0.499599 0.451193
vt 0.522976 0.447401
vt 0.400802 0.785169
vt 0.408893 0.757790
vt 0.425400 0.780833
vt 0.536851 0.447124
vt 0.463301 0.812304
vt 0.452637 0.780240
vt 0.471196 0.788362
vt 0.433695 0.188421
vt 0.450357 0.837486
vt 0.427155 0.178552
vt 0.431882 0.159846
vt 0.492086 0.596638
vt 0.484693 0.591995
vt 0.493265 0.588239
vt 0.520598 0.173971
vt 0.503516 0.166093
vt 0.479055 0.151749
vt 0.641256 0.039879
vt 0.463743 0.310997
vt 0.460737 0.306685
vt 0.464549 0.304646
vt 0.529852 0.141794
vt 0.518107 0.132612
vt 0.486584 0.136929
vt 0.518204 0.128606
vt 0.456403 0.300757
vt 0.453770 0.306834
vt 0.495259 0.610931
vt 0.492998 0.607544
vt 0.495666 0.607163
vt 0.488972 0.608100
vt 0.489016 0.603136
vt 0.503803 0.609778
vt 0.505823 0.608655
vt 0.506783 0.612953
vt 0.471115 0.350487
vt 0.474519 0.366835
vt 0.470289 0.378284
vt 0.482052 0.616218
vt 0.487889 0.619159
vt 0.481121 0.618958
vt 0.477704 0.621430
vt 0.479931 0.626782
vt 0.475074 0.621341
vt 0.462237 0.336033
vt 0.463467 0.359453
vt 0.459865 0.347558
vt 0.493068 0.613995
vt 0.491830 0.612634
vt 0.494623 0.612653
vt 0.454736 0.362770
vt 0.453124 0.350894
vt 0.509891 0.619226
vt 0.504925 0.621101
vt 0.504617 0.619272
vt 0.489246 0.619525
vt 0.488187 0.621283
vt 0.489315 0.622874
vt 0.484191 0.624285
vt 0.482207 0.621742
vt 0.484400 0.394518
vt 0.487479 0.388558
vt 0.488331 0.398281
vt 0.513133 0.614748
vt 0.509692 0.610666
vt 0.513147 0.611671
vt 0.478843 0.378964
vt 0.478865 0.407665
vt 0.486509 0.626907
vt 0.491615 0.626090
vt 0.488835 0.630054
vt 0.473435 0.401776
vt 0.465780 0.394289
vt 0.490618 0.614142
vt 0.492544 0.615502
vt 0.485097 0.611388
vt 0.447719 0.352053
vt 0.449431 0.327728
vt 0.490097 0.620779
vt 0.490956 0.622597
vt 0.510279 0.605625
vt 0.518683 0.619589
vt 0.519308 0.615051
vt 0.510791 0.616349
vt 0.506998 0.615532
vt 0.450625 0.364241
vt 0.496857 0.626709
vt 0.498405 0.628224
vt 0.495392 0.628355
vt 0.492283 0.619742
vt 0.493252 0.618594
vt 0.493760 0.619352
vt 0.490499 0.618252
vt 0.461124 0.366391
vt 0.492685 0.617482
vt 0.490746 0.616379
vt 0.500227 0.611670
vt 0.501878 0.611934
vt 0.500675 0.612619
vt 0.455553 0.405368
vt 0.452230 0.387207
vt 0.456217 0.385151
vt 0.495232 0.621242
vt 0.494439 0.621653
vt 0.494903 0.620673
vt 0.492446 0.621040
vt 0.465693 0.345850
vt 0.517823 0.610648
vt 0.514431 0.620135
vt 0.514820 0.626362
vt 0.373276 0.185135
vt 0.370736 0.166391
vt 0.494521 0.615458
vt 0.496349 0.617483
vt 0.495168 0.617251
vt 0.495570 0.615833
vt 0.493978 0.616691
vt 0.495070 0.617944
vt 0.497351 0.611965
vt 0.498844 0.611411
vt 0.499518 0.613322
vt 0.497560 0.615666
vt 0.497638 0.613111
vt 0.492985 0.622010
vt 0.493194 0.623429
vt 0.385050 0.842032
vt 0.333590 0.851331
vt 0.357412 0.830972
vt 0.493612 0.624940
vt 0.494994 0.626178
vt 0.493429 0.627145
vt 0.503854 0.617504
vt 0.502063 0.620083
vt 0.501806 0.618587
vt 0.503073 0.615714
vt 0.503591 0.613846
vt 0.503092 0.621019
vt 0.495787 0.624380
vt 0.499781 0.624686
vt 0.499168 0.626104
vt 0.498089 0.625008
vt 0.494719 0.619185
vt 0.495537 0.618539
vt 0.495370 0.619632
vt 0.495413 0.613902
vt 0.496778 0.614726
vt 0.443103 0.373442
vt 0.435812 0.363767
vt 0.438988 0.345407
vt 0.499416 0.618889
vt 0.499989 0.619875
vt 0.443514 0.337212
vt 0.494160 0.620754
vt 0.494279 0.619948
vt 0.495646 0.621806
vt 0.496159 0.621065
vt 0.496472 0.621994
vt 0.496905 0.621315
vt 0.500734 0.613883
vt 0.500762 0.616636
vt 0.498897 0.616698
vt 0.499832 0.621006
vt 0.501398 0.621173
vt 0.500329 0.622777
vt 0.373678 0.149254
vt 0.390068 0.123875
vt 0.498003 0.623584
vt 0.499085 0.623274
vt 0.501373 0.624701
vt 0.502321 0.622946
vt 0.358094 0.117017
vt 0.498183 0.617982
vt 0.498130 0.616357
vt 0.497266 0.619750
vt 0.497616 0.620533
vt 0.501385 0.617486
vt 0.498742 0.621015
vt 0.499084 0.621880
vt 0.497956 0.622139
vt 0.376432 0.196330
vt 0.396623 0.198756
vt 0.360835 0.204491
vt 0.496979 0.619020
vt 0.496240 0.619221
vt 0.495591 0.620676
vt 0.496841 0.622773
vt 0.496958 0.624209
vt 0.498269 0.618864
vt 0.499085 0.617876
vt 0.321754 0.721278
vt 0.318741 0.687172
vt 0.342601 0.706956
vt 0.352512 0.669834
vt 0.332644 0.651458
vt 0.409073 0.438100
vt 0.406361 0.431479
vt 0.407094 0.405951
vt 0.588441 0.758060
vt 0.605095 0.720138
vt 0.609396 0.744799
vt 0.406060 0.383898
vt 0.403558 0.380182
vt 0.405380 0.357832
vt 0.404209 0.437953
vt 0.400554 0.436321
vt 0.403253 0.424535
vt 0.431085 0.436033
vt 0.430263 0.429056
vt 0.438258 0.432010
vt 0.402166 0.443733
vt 0.407303 0.442755
vt 0.417297 0.445507
vt 0.414632 0.440318
vt 0.419003 0.441739
vt 0.589716 0.653403
vt 0.631190 0.634221
vt 0.622012 0.674751
vt 0.415785 0.408982
vt 0.418680 0.428422
vt 0.414906 0.433864
vt 0.210491 0.919924
vt 0.211217 0.918207
vt 0.212147 0.922150
vt 0.205570 0.917020
vt 0.206618 0.914954
vt 0.208548 0.916144
vt 0.642009 0.697243
vt 0.202223 0.921990
vt 0.201908 0.921468
vt 0.202886 0.921197
vt 0.203263 0.918861
vt 0.204198 0.918477
vt 0.204185 0.919631
vt 0.394347 0.263501
vt 0.351439 0.277895
vt 0.350287 0.273043
vt 0.681329 0.587489
vt 0.675531 0.590427
vt 0.660377 0.583723
vt 0.662754 0.580535
vt 0.668694 0.581358
vt 0.670859 0.420744
vt 0.688320 0.413471
vt 0.692940 0.414709
vt 0.653598 0.078366
vt 0.618893 0.065008
vt 0.647359 0.059994
vt 0.627275 0.045349
vt 0.302186 0.778798
vt 0.286162 0.777534
vt 0.298459 0.736683
vt 0.270051 0.735185
vt 0.294844 0.176643
vt 0.319219 0.169217
vt 0.325463 0.176747
vt 0.617711 0.777617
vt 0.677463 0.604205
vt 0.645998 0.587949
vt 0.342390 0.232637
vt 0.321310 0.208054
vt 0.726732 0.404532
vt 0.715235 0.403216
vt 0.295127 0.196355
vt 0.332916 0.189880
vt 0.306483 0.198458
vt 0.676085 0.413246
vt 0.716677 0.396003
vt 0.741764 0.398345
vt 0.575274 0.046747
vt 0.575249 0.050394
vt 0.304721 0.032602
vt 0.306559 0.035064
vt 0.372526 0.431103
vt 0.369421 0.419441
vt 0.370661 0.393030
vt 0.379025 0.410560
vt 0.579403 0.049307
vt 0.642088 0.921675
vt 0.629648 0.902566
vt 0.384372 0.430247
vt 0.383553 0.443389
vt 0.380680 0.431580
vt 0.381094 0.404806
vt 0.656617 0.110055
vt 0.661340 0.098475
vt 0.653411 0.096483
vt 0.680970 0.081248
vt 0.272634 0.803375
vt 0.231354 0.824498
vt 0.233628 0.801063
vt 0.271328 0.775229
vt 0.700737 0.663444
vt 0.666701 0.637752
vt 0.703606 0.620478
vt 0.698776 0.741589
vt 0.687242 0.761911
vt 0.710697 0.590361
vt 0.695813 0.588023
vt 0.689542 0.584065
vt 0.730381 0.593376
vt 0.726067 0.595083
vt 0.737631 0.402250
vt 0.730039 0.648691
vt 0.702285 0.691032
vt 0.762196 0.642391
vt 0.277303 0.032832
vt 0.272461 0.027635
vt 0.275706 0.023951
vt 0.322301 0.043684
vt 0.282894 0.031486
vt 0.291681 0.030778
vt 0.293327 0.034511
vt 0.744055 0.602538
vt 0.702366 0.593288
vt 0.290761 0.045082
vt 0.281544 0.040140
vt 0.288129 0.039583
vt 0.747010 0.597756
vt 0.272941 0.043509
vt 0.270488 0.047070
vt 0.266764 0.031419
vt 0.273257 0.036417
vt 0.740418 0.612596
vt 0.301782 0.055310
vt 0.279646 0.108080
vt 0.726929 0.714106
vt 0.747279 0.728836
vt 0.759632 0.596259
vt 0.769577 0.604730
vt 0.786588 0.375616
vt 0.808426 0.363946
vt 0.798756 0.375515
vt 0.322792 0.383610
vt 0.319810 0.406704
vt 0.320148 0.376323
vt 0.773734 0.610364
vt 0.776157 0.599017
vt 0.770685 0.601140
vt 0.764670 0.596985
vt 0.789917 0.377667
vt 0.785207 0.604011
vt 0.236804 0.716365
vt 0.229092 0.754746
vt 0.212994 0.693915
vt 0.728129 0.950985
vt 0.733397 0.952371
vt 0.731060 0.953711
vt 0.748320 0.953507
vt 0.742926 0.953437
vt 0.744613 0.951771
vt 0.732910 0.035487
vt 0.726026 0.037987
vt 0.727305 0.035420
vt 0.800238 0.313688
vt 0.286055 0.339060
vt 0.287510 0.365778
vt 0.269480 0.346664
vt 0.737808 0.926148
vt 0.747681 0.934629
vt 0.736797 0.937199
vt 0.730184 0.939054
vt 0.741443 0.942856
vt 0.736548 0.943115
vt 0.813749 0.371801
vt 0.808284 0.376512
vt 0.812443 0.368602
vt 0.152171 0.978686
vt 0.184445 0.986337
vt 0.178937 0.993316
vt 0.123442 0.984543
vt 0.115974 0.978301
vt 0.267922 0.303676
vt 0.266475 0.312808
vt 0.258243 0.311066
vt 0.289389 0.303575
vt 0.278643 0.307804
vt 0.279230 0.303544
vt 0.208323 0.219463
vt 0.199760 0.217944
vt 0.204815 0.209175
vt 0.248751 0.218047
vt 0.224816 0.233221
vt 0.220203 0.218581
vt 0.795427 0.612348
vt 0.797975 0.646184
vt 0.257154 0.245971
vt 0.238874 0.249748
vt 0.815972 0.630079
vt 0.237860 0.259635
vt 0.281256 0.270405
vt 0.142294 0.898259
vt 0.173022 0.925205
vt 0.134663 0.934693
vt 0.850036 0.345604
vt 0.853208 0.338986
vt 0.856057 0.340291
vt 0.839369 0.349808
vt 0.841216 0.342831
vt 0.826003 0.673450
vt 0.784104 0.684790
vt 0.828690 0.359812
vt 0.852310 0.347490
vt 0.828009 0.363495
vt 0.808334 0.615447
vt 0.847108 0.629124
vt 0.824109 0.623696
vt 0.242956 0.363129
vt 0.233989 0.371129
vt 0.245696 0.350751
vt 0.233550 0.361862
vt 0.837104 0.316590
vt 0.846181 0.304163
vt 0.862197 0.258727
vt 0.856624 0.250320
vt 0.212551 0.205827
vt 0.200567 0.193270
vt 0.234403 0.202909
vt 0.876115 0.238588
vt 0.849500 0.223527
vt 0.857123 0.223450
vt 0.145974 0.838089
vt 0.119323 0.822208
vt 0.151522 0.806648
vt 0.863616 0.218630
vt 0.869303 0.229122
vt 0.181775 0.210373
vt 0.889228 0.248527
vt 0.865148 0.252889
vt 0.874441 0.149881
vt 0.835232 0.158459
vt 0.871952 0.121122
vt 0.211399 0.262414
vt 0.185884 0.252680
vt 0.186575 0.234562
vt 0.164929 0.179900
vt 0.187677 0.174652
vt 0.182096 0.196245
vt 0.854034 0.756754
vt 0.847261 0.757903
vt 0.857733 0.750811
vt 0.868063 0.778243
vt 0.870098 0.784389
vt 0.865383 0.779618
vt 0.114924 0.572493
vt 0.113603 0.573416
vt 0.190171 0.514507
vt 0.178111 0.510116
vt 0.195322 0.511625
vt 0.160753 0.504985
vt 0.155036 0.508936
vt 0.146130 0.504634
vt 0.879212 0.785075
vt 0.875851 0.787690
vt 0.878704 0.781133
vt 0.888206 0.793499
vt 0.850847 0.781530
vt 0.866109 0.785762
vt 0.111654 0.587125
vt 0.111698 0.589631
vt 0.103943 0.592511
vt 0.102939 0.587717
vt 0.108381 0.586976
vt 0.867581 0.764174
vt 0.865847 0.767263
vt 0.864813 0.761588
vt 0.872906 0.758978
vt 0.869873 0.759605
vt 0.868234 0.754158
vt 0.872318 0.761901
vt 0.866466 0.759741
vt 0.874522 0.750435
vt 0.876976 0.753278
vt 0.875828 0.756023
vt 0.127857 0.599171
vt 0.124113 0.604697
vt 0.119760 0.601944
vt 0.862605 0.764935
vt 0.860906 0.768645
vt 0.877589 0.750384
vt 0.879666 0.754611
vt 0.875108 0.758526
vt 0.873913 0.757359
vt 0.872950 0.767469
vt 0.866874 0.770137
vt 0.871852 0.765033
vt 0.114651 0.654292
vt 0.106819 0.634375
vt 0.139801 0.638259
vt 0.855921 0.771947
vt 0.862027 0.773163
vt 0.882120 0.775711
vt 0.878071 0.776568
vt 0.881688 0.771328
vt 0.911928 0.083480
vt 0.887559 0.057506
vt 0.903477 0.108149
vt 0.875189 0.763130
vt 0.873537 0.764114
vt 0.873566 0.762616
vt 0.875161 0.761543
vt 0.878959 0.756943
vt 0.877620 0.755892
vt 0.866624 0.756095
vt 0.875533 0.769706
vt 0.876699 0.770983
vt 0.876118 0.774516
vt 0.885377 0.768814
vt 0.884017 0.770281
vt 0.883030 0.768518
vt 0.925788 0.266149
vt 0.924993 0.256696
vt 0.086903 0.029550
vt 0.092295 0.024868
vt 0.091884 0.029095
vt 0.875831 0.759909
vt 0.876958 0.758925
vt 0.214592 0.942122
vt 0.218374 0.935853
vt 0.213295 0.947436
vt 0.874552 0.768448
vt 0.871754 0.771438
vt 0.877439 0.769982
vt 0.878691 0.770689
vt 0.147648 0.083234
vt 0.179268 0.105691
vt 0.168859 0.113218
vt 0.892627 0.041274
vt 0.911746 0.060770
vt 0.135386 0.079130
vt 0.149590 0.098666
vt 0.135850 0.083538
vt 0.873663 0.760478
vt 0.877595 0.761744
vt 0.878557 0.765749
vt 0.877670 0.764989
vt 0.878604 0.764666
vt 0.877144 0.765766
vt 0.876596 0.764995
vt 0.125985 0.081277
vt 0.145563 0.103103
vt 0.879382 0.768830
vt 0.880659 0.769701
vt 0.874662 0.765946
vt 0.875787 0.766077
vt 0.878204 0.759439
vt 0.877564 0.760688
vt 0.878451 0.761591
vt 0.223385 0.932308
vt 0.960408 0.147958
vt 0.957493 0.173332
vt 0.956660 0.164967
vt 0.877548 0.763318
vt 0.876967 0.764067
vt 0.876695 0.763125
vt 0.878139 0.764054
vt 0.879060 0.761181
vt 0.879425 0.759290
vt 0.879585 0.760786
vt 0.875389 0.764221
vt 0.879003 0.767346
vt 0.880065 0.766775
vt 0.133000 0.291941
vt 0.151545 0.262278
vt 0.151077 0.309530
vt 0.878835 0.763479
vt 0.878793 0.764090
vt 0.880139 0.764359
vt 0.879434 0.764696
vt 0.879046 0.763900
vt 0.179677 0.293506
vt 0.877749 0.764280
vt 0.879188 0.765376
vt 0.878310 0.763321
vt 0.878619 0.762396
vt 0.879058 0.762822
vt 0.064275 0.655651
vt 0.089533 0.700021
vt 0.981567 0.856463
vt 0.945371 0.855621
vt 0.965550 0.819661
vt 0.985079 0.171454
vt 0.976903 0.186592
vt 0.977353 0.180803
vt 0.981042 0.833226
vt 0.116177 0.136780
vt 0.129114 0.152565
vt 0.122202 0.155076
vt 0.062678 0.105456
vt 0.067922 0.103288
vt 0.064403 0.111328
vt 0.048113 0.908475
vt 0.043972 0.903668
vt 0.048654 0.902831
vt 0.796225 0.033495
vt 0.800327 0.035267
vt 0.795022 0.036363
vt 0.052721 0.537517
vt 0.076225 0.535738
vt 0.098026 0.545873
vt 0.991116 0.846753
vt 0.062221 0.579572
vt 0.061532 0.530176
vt 0.073874 0.528152
vt 0.993562 0.889523
vt 0.982756 0.887949
vt 0.031232 0.232344
vt 0.031277 0.221436
vt 0.034148 0.223689
vt 0.029735 0.208545
vt 0.032594 0.203896
vt 0.213736 0.939281
vt 0.028834 0.191458
vt 0.027505 0.202577
vt 0.022258 0.157902
vt 0.019950 0.160027
vt 0.021040 0.154636
vt 0.054907 0.460468
vt 0.057102 0.454078
vt 0.054284 0.446574
vt 0.051818 0.447608
vt 0.059568 0.449736
vt 0.091027 0.464048
vt 0.126911 0.200180
vt 0.100287 0.204608
vt 0.102003 0.174211
vt 0.043797 0.456939
vt 0.033140 0.451015
vt 0.033840 0.446789
vt 0.040104 0.445508
vt 0.122945 0.330681
vt 0.097168 0.304923
vt 0.038588 0.424809
vt 0.036665 0.413778
vt 0.048187 0.357115
vt 0.104030 0.384395
vt 0.104700 0.356628
vt 0.081545 0.122427
vt 0.081882 0.126928
vt 0.078542 0.114844
vt 0.076226 0.129453
vt 0.074893 0.117796
vt 0.067307 0.139041
vt 0.085017 0.128536
vt 0.084601 0.123113
vt 0.318138 0.478562
vt 0.308085 0.480775
vt 0.034133 0.334292
vt 0.032411 0.337740
vt 0.032066 0.332178
vt 0.029097 0.333803
vt 0.378058 0.439840
vt 0.370426 0.438113
vt 0.060591 0.278545
vt 0.056790 0.270775
vt 0.065080 0.272208
vt 0.053797 0.266628
vt 0.062891 0.264592
vt 0.045943 0.259931
vt 0.042277 0.266550
vt 0.044554 0.255687
vt 0.080155 0.204295
vt 0.084334 0.171928
vt 0.038661 0.299578
vt 0.040675 0.288897
vt 0.042503 0.291703
vt 0.061874 0.190452
vt 0.058832 0.197752
vt 0.055030 0.191832
vt 0.059836 0.176897
vt 0.063692 0.173658
vt 0.117376 0.444864
vt 0.114071 0.460858
vt 0.097046 0.442333
vt 0.092993 0.512340
vt 0.080882 0.510816
vt 0.090849 0.505688
vt 0.096096 0.508446
vt 0.105207 0.498316
vt 0.093046 0.500354
vt 0.120769 0.485238
vt 0.115443 0.501291
vt 0.106086 0.502697
vt 0.073598 0.488556
vt 0.049416 0.491334
vt 0.048580 0.482036
vt 0.183198 0.458539
vt 0.187725 0.463967
vt 0.180110 0.467717
vt 0.150959 0.466305
vt 0.122777 0.466023
vt 0.147886 0.462565
vt 0.039563 0.507789
vt 0.028378 0.515757
vt 0.061519 0.400238
vt 0.055641 0.396966
vt 0.051671 0.396360
vt 0.316117 0.022051
vt 0.318563 0.019749
vt 0.036089 0.245231
vt 0.006751 0.168119
vt 0.004890 0.170375
vt 0.004361 0.162563
vt 0.964331 0.060856
vt 0.945530 0.046483
vt 0.960745 0.040637
vt 0.006498 0.155342
vt 0.012290 0.151956
vt 0.009219 0.158446
vt 0.937321 0.067239
vt 0.889443 0.037567
vt 0.903231 0.034258
vt 0.904334 0.036331
vt 0.209119 0.406261
vt 0.197591 0.413149
vt 0.208809 0.392584
vt 0.954680 0.877766
vt 0.911053 0.835952
vt 0.916559 0.893680
vt 0.170447 0.343344
vt 0.218503 0.338836
vt 0.221001 0.361342
vt 0.174282 0.388281
vt 0.213438 0.416619
vt 0.203278 0.421268
vt 0.225826 0.391343
vt 0.319443 0.014957
vt 0.326039 0.016495
vt 0.938372 0.699931
vt 0.942105 0.695917
vt 0.219849 0.387973
vt 0.360903 0.041210
vt 0.351332 0.046928
vt 0.348110 0.043734
vt 0.900314 0.740219
vt 0.871083 0.734543
vt 0.887695 0.744116
vt 0.893421 0.742926
vt 0.867192 0.739946
vt 0.875439 0.738499
vt 0.875304 0.741845
vt 0.877281 0.757467
vt 0.175569 0.133149
vt 0.200138 0.144159
vt 0.917740 0.260366
vt 0.902819 0.298315
vt 0.900010 0.292923
vt 0.905970 0.275029
vt 0.909866 0.263374
vt 0.912100 0.260181
vt 0.838645 0.035960
vt 0.217374 0.119295
vt 0.840276 0.721093
vt 0.869485 0.691416
vt 0.095985 0.937148
vt 0.122979 0.916981
vt 0.111432 0.986079
vt 0.095234 0.983768
vt 0.093164 0.980769
vt 0.880815 0.662562
vt 0.846909 0.642505
vt 0.903130 0.304879
vt 0.877543 0.325641
vt 0.892813 0.308543
vt 0.093552 0.972664
vt 0.133316 0.957997
vt 0.898074 0.315846
vt 0.895553 0.320315
vt 0.871135 0.636948
vt 0.881330 0.644779
vt 0.889203 0.655891
vt 0.870123 0.644500
vt 0.902915 0.246016
vt 0.893142 0.276417
vt 0.873730 0.266931
vt 0.227745 0.050942
vt 0.208609 0.082283
vt 0.191880 0.052310
vt 0.838702 0.208478
vt 0.172483 0.030958
vt 0.176313 0.024950
vt 0.178958 0.033422
vt 0.209595 0.041275
vt 0.198449 0.044598
vt 0.837514 0.232313
vt 0.212662 0.035254
vt 0.216279 0.039038
vt 0.839922 0.243935
vt 0.873363 0.214555
vt 0.855379 0.209306
vt 0.835561 0.191010
vt 0.821023 0.188389
vt 0.825766 0.188871
vt 0.849161 0.208719
vt 0.858780 0.280140
vt 0.236670 0.214246
vt 0.253513 0.205266
vt 0.250352 0.214671
vt 0.223021 0.182508
vt 0.856605 0.293968
vt 0.872962 0.744350
vt 0.858633 0.747295
vt 0.730044 0.877827
vt 0.754493 0.838810
vt 0.765564 0.879322
vt 0.243721 0.120386
vt 0.226387 0.146657
vt 0.865602 0.747543
vt 0.780032 0.092439
vt 0.744022 0.124243
vt 0.738161 0.100322
vt 0.780532 0.245113
vt 0.759461 0.198998
vt 0.738859 0.177084
vt 0.736884 0.167416
vt 0.724599 0.845717
vt 0.712312 0.809962
vt 0.743129 0.817476
vt 0.791493 0.339662
vt 0.775745 0.339004
vt 0.786373 0.336956
vt 0.785819 0.365269
vt 0.762881 0.372424
vt 0.760272 0.368902
vt 0.775343 0.365285
vt 0.245220 0.184056
vt 0.240244 0.180146
vt 0.268864 0.180648
vt 0.264277 0.176428
vt 0.284074 0.174457
vt 0.193991 0.737004
vt 0.210198 0.765081
vt 0.674983 0.855626
vt 0.706327 0.936602
vt 0.305316 0.228549
vt 0.275839 0.228695
vt 0.255742 0.626874
vt 0.236963 0.673818
vt 0.690415 0.894215
vt 0.688944 0.871423
vt 0.688880 0.045852
vt 0.672782 0.046036
vt 0.706973 0.949821
vt 0.695929 0.945140
vt 0.710955 0.946747
vt 0.671510 0.065811
vt 0.252512 0.760737
vt 0.248407 0.779969
vt 0.666453 0.670866
vt 0.359693 0.445853
vt 0.356206 0.447373
vt 0.356137 0.437049
vt 0.483319 0.032135
vt 0.472377 0.032873
vt 0.472805 0.028560
vt 0.361861 0.441534
vt 0.365653 0.419050
vt 0.367430 0.437251
vt 0.380673 0.445928
vt 0.328279 0.079277
vt 0.277048 0.018587
vt 0.645372 0.883150
vt 0.260860 0.859244
vt 0.285540 0.820244
vt 0.292853 0.851593
vt 0.274528 0.899431
vt 0.592619 0.953960
vt 0.579689 0.950197
vt 0.607439 0.951051
vt 0.203431 0.915984
vt 0.203005 0.918088
vt 0.202485 0.917253
vt 0.201913 0.920900
vt 0.203073 0.920392
vt 0.204297 0.917404
vt 0.205623 0.918591
vt 0.206794 0.917689
vt 0.206087 0.919419
vt 0.209173 0.920147
vt 0.209575 0.918483
vt 0.618194 0.947536
vt 0.632057 0.946622
vt 0.627007 0.948749
vt 0.625656 0.941544
vt 0.599889 0.946129
vt 0.610950 0.930583
vt 0.597459 0.874075
vt 0.301404 0.968218
vt 0.322167 0.964042
vt 0.315736 0.024781
vt 0.310925 0.021242
vt 0.668004 0.175229
vt 0.664700 0.215783
vt 0.313273 0.870638
vt 0.341271 0.866438
vt 0.305847 0.898012
vt 0.596422 0.833576
vt 0.361682 0.474120
vt 0.348258 0.470848
vt 0.609834 0.050072
vt 0.601401 0.057294
vt 0.594876 0.958569
vt 0.602843 0.955510
vt 0.602184 0.959430
vt 0.630510 0.115142
vt 0.438092 0.302623
vt 0.431074 0.307073
vt 0.436473 0.297627
vt 0.445157 0.263202
vt 0.435200 0.270970
vt 0.428418 0.268489
vt 0.420574 0.262862
vt 0.415588 0.270240
vt 0.648190 0.343962
vt 0.650730 0.332451
vt 0.650578 0.343691
vt 0.435086 0.253343
vt 0.451254 0.251614
vt 0.444899 0.256415
vt 0.375048 0.933473
vt 0.348486 0.960921
vt 0.352522 0.933388
vt 0.687197 0.389852
vt 0.676871 0.388992
vt 0.673852 0.355254
vt 0.676718 0.356543
vt 0.676286 0.373354
vt 0.339401 0.797470
vt 0.383186 0.807974
vt 0.665169 0.388283
vt 0.661749 0.378933
vt 0.666755 0.375668
vt 0.666307 0.354364
vt 0.672862 0.373665
vt 0.661263 0.353884
vt 0.660718 0.336674
vt 0.451263 0.226951
vt 0.590471 0.112355
vt 0.580557 0.081892
vt 0.530106 0.953444
vt 0.571069 0.926670
vt 0.414112 0.183144
vt 0.413929 0.177599
vt 0.431398 0.180380
vt 0.451140 0.193445
vt 0.551064 0.895458
vt 0.576557 0.889686
vt 0.576732 0.165030
vt 0.423688 0.467236
vt 0.431004 0.465402
vt 0.428087 0.468965
vt 0.247330 0.030609
vt 0.249101 0.034418
vt 0.240771 0.029633
vt 0.469028 0.462175
vt 0.479698 0.459800
vt 0.473806 0.467207
vt 0.477485 0.455244
vt 0.482249 0.451827
vt 0.484764 0.455873
vt 0.471873 0.447786
vt 0.465383 0.452922
vt 0.436037 0.545474
vt 0.414518 0.543841
vt 0.420897 0.543028
vt 0.623986 0.350536
vt 0.619191 0.337891
vt 0.624839 0.336320
vt 0.619246 0.367972
vt 0.464426 0.083755
vt 0.425977 0.049639
vt 0.449875 0.055704
vt 0.520129 0.357209
vt 0.518887 0.310292
vt 0.523897 0.322847
vt 0.554430 0.099163
vt 0.551407 0.118730
vt 0.525205 0.101895
vt 0.554932 0.125273
vt 0.557251 0.134737
vt 0.518195 0.138674
vt 0.614989 0.389943
vt 0.614277 0.367635
vt 0.440525 0.780003
vt 0.502202 0.071749
vt 0.502755 0.285848
vt 0.491887 0.284793
vt 0.509683 0.276758
vt 0.532445 0.271801
vt 0.520988 0.255109
vt 0.512239 0.314927
vt 0.511381 0.300234
vt 0.516234 0.282794
vt 0.509349 0.291715
vt 0.508922 0.282299
vt 0.497922 0.296352
vt 0.531084 0.345825
vt 0.530983 0.362285
vt 0.524941 0.361173
vt 0.482683 0.644397
vt 0.584041 0.357210
vt 0.578535 0.343744
vt 0.582454 0.343440
vt 0.579898 0.332539
vt 0.572306 0.344997
vt 0.573552 0.323138
vt 0.568067 0.318307
vt 0.578044 0.280049
vt 0.582089 0.303442
vt 0.576886 0.308549
vt 0.532172 0.246399
vt 0.521585 0.246052
vt 0.555498 0.331601
vt 0.548803 0.354290
vt 0.547712 0.335571
vt 0.628423 0.041402
vt 0.633095 0.040966
vt 0.631773 0.043827
vt 0.759256 0.037248
vt 0.762111 0.041699
vt 0.758771 0.041978
vt 0.543359 0.333464
vt 0.536063 0.304732
vt 0.542932 0.295972
vt 0.560001 0.334802
vt 0.560766 0.359478
vt 0.580692 0.414130
vt 0.581486 0.409617
vt 0.585801 0.411507
vt 0.573424 0.417529
vt 0.572772 0.421832
vt 0.569028 0.417938
vt 0.561346 0.416548
vt 0.558030 0.438346
vt 0.537760 0.444871
vt 0.538146 0.173873
vt 0.514736 0.179845
vt 0.492870 0.143567
vt 0.461973 0.952271
vt 0.426933 0.940091
vt 0.655733 0.959908
vt 0.656548 0.961529
vt 0.654820 0.961532
vt 0.502245 0.864583
vt 0.474626 0.866094
vt 0.497261 0.835512
vt 0.493325 0.892329
vt 0.525797 0.343099
vt 0.500506 0.880503
vt 0.579961 0.254887
vt 0.553667 0.266286
vt 0.470154 0.603301
vt 0.449889 0.582300
vt 0.479155 0.566661
vt 0.500981 0.321556
vt 0.501188 0.295680
vt 0.507596 0.297567
vt 0.498617 0.312875
vt 0.469529 0.267004
vt 0.484281 0.465510
vt 0.442723 0.552829
vt 0.572704 0.222621
vt 0.548155 0.230453
vt 0.543122 0.228030
vt 0.440692 0.544520
vt 0.444626 0.548715
vt 0.230337 0.028641
vt 0.238405 0.027623
vt 0.232478 0.032965
vt 0.483511 0.245243
vt 0.503685 0.242851
vt 0.471909 0.251239
vt 0.479967 0.292721
vt 0.475569 0.290973
vt 0.486071 0.288579
vt 0.566853 0.625175
vt 0.451203 0.296921
vt 0.471933 0.310751
vt 0.472155 0.301361
vt 0.475362 0.316242
vt 0.487211 0.328093
vt 0.490543 0.328029
vt 0.487756 0.335620
vt 0.578098 0.261211
vt 0.584297 0.263072
vt 0.578456 0.273692
vt 0.495934 0.339824
vt 0.488368 0.306314
vt 0.495604 0.301946
vt 0.587478 0.271892
vt 0.591689 0.264280
vt 0.568161 0.264423
vt 0.380919 0.872272
vt 0.404715 0.856112
vt 0.537671 0.906286
vt 0.576596 0.055956
vt 0.467088 0.146221
vt 0.408660 0.157197
vt 0.529446 0.891473
vt 0.526702 0.892428
vt 0.528140 0.885697
vt 0.528179 0.895506
vt 0.528435 0.898139
vt 0.524465 0.895710
vt 0.526643 0.963720
vt 0.521052 0.958559
vt 0.564484 0.962548
vt 0.561510 0.958550
vt 0.654481 0.393911
vt 0.655313 0.387666
vt 0.663457 0.392843
vt 0.391147 0.956641
vt 0.373882 0.959155
vt 0.649430 0.359287
vt 0.643050 0.361761
vt 0.641370 0.380327
vt 0.639413 0.366468
vt 0.375757 0.765345
vt 0.524755 0.877864
vt 0.525608 0.878062
vt 0.525335 0.878785
vt 0.531895 0.884575
vt 0.529890 0.883667
vt 0.531972 0.882510
vt 0.530126 0.878805
vt 0.531511 0.879704
vt 0.530841 0.880634
vt 0.647166 0.290129
vt 0.657117 0.299985
vt 0.648364 0.298837
vt 0.630042 0.277556
vt 0.662849 0.271504
vt 0.614775 0.862997
vt 0.352581 0.011892
vt 0.345655 0.012217
vt 0.332471 0.008077
vt 0.529635 0.875743
vt 0.529146 0.876579
vt 0.528553 0.875808
vt 0.530268 0.877393
vt 0.530597 0.876403
vt 0.531694 0.877189
vt 0.397492 0.160034
vt 0.324114 0.826611
vt 0.673342 0.128080
vt 0.674497 0.134846
vt 0.652095 0.132320
vt 0.393809 0.314104
vt 0.386031 0.316602
vt 0.395753 0.306999
vt 0.405503 0.310743
vt 0.758372 0.366042
vt 0.782465 0.354095
vt 0.791344 0.355754
vt 0.809369 0.350271
vt 0.793181 0.357794
vt 0.771815 0.342605
vt 0.766601 0.337448
vt 0.764020 0.331302
vt 0.773517 0.335858
vt 0.371238 0.227384
vt 0.391620 0.227158
vt 0.373800 0.253371
vt 0.787744 0.282516
vt 0.770806 0.308127
vt 0.758889 0.273476
vt 0.742490 0.257569
vt 0.751919 0.220924
vt 0.742247 0.242648
vt 0.362848 0.291325
vt 0.341198 0.292222
vt 0.375824 0.281226
vt 0.375461 0.315603
vt 0.391819 0.323113
vt 0.407737 0.450403
vt 0.407893 0.456292
vt 0.384656 0.451666
vt 0.370957 0.458006
vt 0.383618 0.272464
vt 0.345078 0.286313
vt 0.292662 0.711514
vt 0.267890 0.675874
vt 0.304795 0.649290
vt 0.764587 0.144905
vt 0.782825 0.160090
vt 0.767707 0.149758
vt 0.765230 0.165994
vt 0.788954 0.180513
vt 0.763711 0.659696
vt 0.788151 0.665459
vt 0.834156 0.126816
vt 0.809456 0.139850
vt 0.807505 0.110132
vt 0.210457 0.925891
vt 0.211357 0.923965
vt 0.217791 0.924880
vt 0.200386 0.923928
vt 0.200892 0.924969
vt 0.199205 0.926135
vt 0.202597 0.928155
vt 0.200639 0.927860
vt 0.201572 0.926563
vt 0.803562 0.940245
vt 0.789129 0.938989
vt 0.806170 0.938650
vt 0.780613 0.038393
vt 0.766703 0.051280
vt 0.767020 0.041301
vt 0.334499 0.154251
vt 0.299358 0.136387
vt 0.780611 0.066650
vt 0.801164 0.074378
vt 0.797417 0.042658
vt 0.800865 0.037338
vt 0.804675 0.035783
vt 0.280759 0.034706
vt 0.781036 0.044430
vt 0.771279 0.038932
vt 0.800205 0.925042
vt 0.785146 0.935159
vt 0.656634 0.951119
vt 0.661867 0.953161
vt 0.664880 0.955745
vt 0.812942 0.898777
vt 0.843677 0.862088
vt 0.808260 0.882879
vt 0.802654 0.843290
vt 0.882394 0.313059
vt 0.312838 0.335361
vt 0.282213 0.312668
vt 0.829810 0.700152
vt 0.825417 0.085894
vt 0.325445 0.349454
vt 0.323617 0.342955
vt 0.330618 0.346148
vt 0.257187 0.705374
vt 0.266223 0.137096
vt 0.916055 0.132299
vt 0.286412 0.465213
vt 0.269832 0.464443
vt 0.277307 0.461098
vt 0.912713 0.673676
vt 0.869840 0.751331
vt 0.881102 0.755793
vt 0.881309 0.749770
vt 0.884637 0.751159
vt 0.882532 0.754650
vt 0.885018 0.755573
vt 0.210916 0.803949
vt 0.184866 0.784150
vt 0.218188 0.781001
vt 0.297718 0.436751
vt 0.288554 0.435895
vt 0.288686 0.411004
vt 0.284823 0.412913
vt 0.945948 0.184561
vt 0.188289 0.683291
vt 0.963653 0.194447
vt 0.961846 0.178310
vt 0.940283 0.937108
vt 0.916144 0.937594
vt 0.927976 0.944192
vt 0.931762 0.948549
vt 0.918407 0.955707
vt 0.970344 0.220297
vt 0.966068 0.230479
vt 0.964117 0.228930
vt 0.967453 0.217145
vt 0.972888 0.209599
vt 0.981877 0.198476
vt 0.973806 0.225624
vt 0.962829 0.224799
vt 0.977672 0.193523
vt 0.969372 0.205052
vt 0.010960 0.175572
vt 0.019463 0.190555
vt 0.022506 0.180999
vt 0.025508 0.181979
vt 0.025474 0.191976
vt 0.055807 0.430566
vt 0.054147 0.416065
vt 0.059150 0.414604
vt 0.047682 0.342719
vt 0.051317 0.336272
vt 0.041802 0.346636
vt 0.040435 0.333882
vt 0.047112 0.336853
vt 0.272295 0.443547
vt 0.267820 0.450250
vt 0.271140 0.426208
vt 0.053079 0.316096
vt 0.048724 0.325949
vt 0.051484 0.314783
vt 0.059597 0.317894
vt 0.058774 0.259617
vt 0.059092 0.255641
vt 0.537483 0.892995
vt 0.534226 0.902357
vt 0.178016 0.580647
vt 0.176806 0.144883
vt 0.199704 0.167573
vt 0.038208 0.278441
vt 0.038906 0.281637
vt 0.037202 0.289324
vt 0.037480 0.759101
vt 0.042123 0.766060
vt 0.044687 0.240507
vt 0.045779 0.247291
vt 0.044161 0.245510
vt 0.049710 0.230563
vt 0.045928 0.229526
vt 0.049061 0.221782
vt 0.046598 0.219196
vt 0.049001 0.207954
vt 0.170401 0.027460
vt 0.166268 0.031856
vt 0.177283 0.015093
vt 0.162433 0.017798
vt 0.160438 0.014768
vt 0.029707 0.656476
vt 0.106104 0.987920
vt 0.112602 0.989420
vt 0.154280 0.016283
vt 0.154232 0.013704
vt 0.155942 0.009932
vt 0.156790 0.006143
vt 0.161127 0.008662
vt 0.159576 0.045948
vt 0.176027 0.044476
vt 0.138749 0.180180
vt 0.107432 0.146365
vt 0.181962 0.087300
vt 0.186650 0.067685
vt 0.052117 0.942265
vt 0.047092 0.923623
vt 0.057818 0.915647
vt 0.048394 0.943488
vt 0.046322 0.934399
vt 0.047733 0.933566
vt 0.111125 0.582038
vt 0.109852 0.582928
vt 0.104459 0.554671
vt 0.091847 0.565618
vt 0.105867 0.579901
vt 0.056130 0.141502
vt 0.056880 0.135207
vt 0.058943 0.137839
vt 0.062454 0.891782
vt 0.047192 0.892282
vt 0.150565 0.529355
vt 0.139821 0.580548
vt 0.134041 0.566368
vt 0.130550 0.561066
vt 0.117946 0.126077
vt 0.138934 0.155303
vt 0.099221 0.118462
vt 0.098847 0.560814
vt 0.120625 0.573177
vt 0.157211 0.487984
vt 0.152377 0.482302
vt 0.156230 0.483481
vt 0.178590 0.213754
vt 0.172352 0.204912
vt 0.196607 0.451038
vt 0.164366 0.196895
vt 0.155264 0.178187
vt 0.177297 0.198688
vt 0.098360 0.602315
vt 0.096049 0.592294
vt 0.104751 0.599223
vt 0.152460 0.138999
vt 0.152002 0.167045
vt 0.144937 0.052714
vt 0.130796 0.570784
vt 0.136528 0.577650
vt 0.111287 0.585401
vt 0.110241 0.585603
vt 0.109505 0.588678
vt 0.115794 0.602167
vt 0.114626 0.600051
vt 0.117670 0.595414
vt 0.126671 0.609202
vt 0.145766 0.367423
vt 0.237830 0.334230
vt 0.199892 0.321448
vt 0.134386 0.485467
vt 0.148725 0.492787
vt 0.130109 0.494241
vt 0.137061 0.503166
vt 0.144818 0.497224
vt 0.134418 0.512391
vt 0.127825 0.518876
vt 0.124481 0.514695
vt 0.119798 0.513405
vt 0.110484 0.510545
vt 0.116255 0.510465
vt 0.242720 0.313551
vt 0.228497 0.289039
vt 0.204067 0.290009
vt 0.114327 0.520340
vt 0.116653 0.525510
vt 0.110732 0.524011
vt 0.085076 0.075863
vt 0.090062 0.063519
vt 0.086860 0.080221
vt 0.123769 0.565447
vt 0.120340 0.561447
vt 0.088695 0.106100
vt 0.096714 0.086405
vt 0.094571 0.108901
vt 0.089887 0.081794
vt 0.534275 0.873806
vt 0.534852 0.871059
vt 0.535801 0.874084
vt 0.080385 0.108335
vt 0.072217 0.106002
vt 0.080927 0.096413
vt 0.102504 0.136319
vt 0.093175 0.129978
vt 0.090953 0.112981
vt 0.085191 0.111853
vt 0.094147 0.118982
vt 0.104331 0.128493
vt 0.076411 0.092961
vt 0.071099 0.095768
vt 0.175240 0.629862
vt 0.239415 0.494710
vt 0.234317 0.508072
vt 0.242429 0.505266
vt 0.031198 0.380892
vt 0.030506 0.369441
vt 0.034459 0.361001
vt 0.160901 0.743775
vt 0.062046 0.421916
vt 0.028842 0.214748
vt 0.989627 0.855700
vt 0.994158 0.875454
vt 0.981794 0.165745
vt 0.970027 0.164229
vt 0.978498 0.155845
vt 0.987297 0.152728
vt 0.984771 0.150336
vt 0.973423 0.188615
vt 0.968507 0.180947
vt 0.973510 0.179876
vt 0.964766 0.207826
vt 0.970955 0.194871
vt 0.946634 0.945326
vt 0.959462 0.946032
vt 0.941279 0.947619
vt 0.932582 0.959117
vt 0.921524 0.958292
vt 0.933365 0.956979
vt 0.297382 0.386624
vt 0.300655 0.381801
vt 0.300183 0.392719
vt 0.288893 0.388560
vt 0.296252 0.393264
vt 0.293104 0.375369
vt 0.299969 0.363870
vt 0.301693 0.371213
vt 0.306211 0.372078
vt 0.966330 0.047806
vt 0.968507 0.079478
vt 0.934030 0.953529
vt 0.943138 0.953706
vt 0.943080 0.957937
vt 0.893258 0.944059
vt 0.910420 0.945423
vt 0.892967 0.946608
vt 0.889884 0.916421
vt 0.896256 0.934717
vt 0.325240 0.452366
vt 0.322108 0.457130
vt 0.321239 0.450292
vt 0.314468 0.453017
vt 0.320207 0.438073
vt 0.312728 0.457947
vt 0.324575 0.448295
vt 0.312045 0.407087
vt 0.309415 0.427740
vt 0.308223 0.409310
vt 0.327067 0.418784
vt 0.334389 0.411064
vt 0.333455 0.430286
vt 0.322382 0.415272
vt 0.313554 0.443540
vt 0.314774 0.414537
vt 0.919307 0.287529
vt 0.941002 0.265942
vt 0.915722 0.295652
vt 0.312109 0.379984
vt 0.535522 0.877089
vt 0.534288 0.875717
vt 0.920088 0.718617
vt 0.175873 0.918611
vt 0.176386 0.924677
vt 0.201296 0.929978
vt 0.198698 0.928092
vt 0.207287 0.954333
vt 0.206316 0.946248
vt 0.189737 0.938565
vt 0.198711 0.938405
vt 0.196745 0.944110
vt 0.892282 0.781595
vt 0.894716 0.782422
vt 0.885046 0.785927
vt 0.901966 0.779151
vt 0.894782 0.771021
vt 0.896640 0.771203
vt 0.892451 0.774566
vt 0.210263 0.011983
vt 0.214905 0.017503
vt 0.207665 0.014736
vt 0.890674 0.776677
vt 0.889035 0.774721
vt 0.889564 0.754482
vt 0.886094 0.757695
vt 0.913401 0.754967
vt 0.901175 0.748977
vt 0.907250 0.759569
vt 0.897133 0.764828
vt 0.897389 0.775907
vt 0.271103 0.006576
vt 0.257361 0.007557
vt 0.245748 0.005287
vt 0.260438 0.013046
vt 0.243237 0.008273
vt 0.257249 0.031514
vt 0.257669 0.028434
vt 0.887204 0.812991
vt 0.881588 0.789429
vt 0.262961 0.002626
vt 0.276765 0.004006
vt 0.275951 0.009987
vt 0.267126 0.010855
vt 0.221070 0.992571
vt 0.246637 0.987957
vt 0.278155 0.013642
vt 0.271136 0.021653
vt 0.267054 0.015406
vt 0.261342 0.926461
vt 0.237693 0.895826
vt 0.887929 0.327446
vt 0.881892 0.327324
vt 0.908211 0.305519
vt 0.843491 0.934476
vt 0.823391 0.939197
vt 0.835549 0.920278
vt 0.873935 0.091965
vt 0.322507 0.244822
vt 0.798684 0.049161
vt 0.358687 0.200086
vt 0.361717 0.155128
vt 0.323631 0.161387
vt 0.881202 0.177130
vt 0.401818 0.407543
vt 0.395040 0.410704
vt 0.400719 0.395404
vt 0.391616 0.337802
vt 0.393507 0.373343
vt 0.389793 0.357768
vt 0.399103 0.370399
vt 0.391844 0.148806
vt 0.352417 0.162917
vt 0.793089 0.859059
vt 0.534925 0.879355
vt 0.536418 0.878756
vt 0.536139 0.880813
vt 0.416810 0.349465
vt 0.415475 0.360045
vt 0.414491 0.350350
vt 0.407923 0.374339
vt 0.768100 0.943719
vt 0.752635 0.947244
vt 0.754056 0.942152
vt 0.412433 0.363826
vt 0.408198 0.347277
vt 0.534284 0.881806
vt 0.540091 0.885662
vt 0.826842 0.307034
vt 0.352550 0.890518
vt 0.316510 0.922957
vt 0.850522 0.320131
vt 0.839047 0.331780
vt 0.842554 0.333646
vt 0.855288 0.321136
vt 0.809215 0.176235
vt 0.806364 0.179509
vt 0.421268 0.304382
vt 0.427505 0.329148
vt 0.418712 0.342219
vt 0.419173 0.330828
vt 0.810443 0.289447
vt 0.416878 0.323527
vt 0.419783 0.279704
vt 0.417092 0.471965
vt 0.415095 0.461644
vt 0.432223 0.462298
vt 0.816901 0.339988
vt 0.819484 0.348146
vt 0.486587 0.423611
vt 0.484908 0.430737
vt 0.482725 0.426700
vt 0.485282 0.416259
vt 0.478924 0.427291
vt 0.493966 0.424442
vt 0.499928 0.426264
vt 0.497391 0.430586
vt 0.476417 0.392259
vt 0.475692 0.419930
vt 0.753100 0.759232
vt 0.502453 0.395483
vt 0.507533 0.381656
vt 0.509522 0.386366
vt 0.496399 0.396669
vt 0.495799 0.367065
vt 0.499840 0.381558
vt 0.459373 0.641216
vt 0.383145 0.892403
vt 0.459572 0.141179
vt 0.462900 0.136636
vt 0.485342 0.130844
vt 0.437455 0.120994
vt 0.533266 0.423885
vt 0.537353 0.425853
vt 0.524577 0.431757
vt 0.533047 0.415506
vt 0.526844 0.408053
vt 0.532223 0.393157
vt 0.522543 0.375604
vt 0.520741 0.387830
vt 0.526254 0.390561
vt 0.535049 0.369704
vt 0.489145 0.171068
vt 0.426513 0.864705
vt 0.759634 0.393053
vt 0.491005 0.789928
vt 0.672209 0.043292
vt 0.674092 0.039149
vt 0.679706 0.041802
vt 0.529743 0.236620
vt 0.544109 0.239726
vt 0.653957 0.942317
vt 0.521816 0.632717
vt 0.511306 0.646306
vt 0.512894 0.641406
vt 0.502885 0.644447
vt 0.510137 0.638498
vt 0.702792 0.330085
vt 0.707448 0.320522
vt 0.721487 0.344136
vt 0.698887 0.191032
vt 0.706038 0.224935
vt 0.688979 0.268639
vt 0.689277 0.240740
vt 0.696639 0.279982
vt 0.711406 0.290183
vt 0.660563 0.257372
vt 0.668669 0.269649
vt 0.510119 0.763751
vt 0.555572 0.787493
vt 0.515557 0.796173
vt 0.500872 0.626875
vt 0.503102 0.630471
vt 0.633914 0.119318
vt 0.623190 0.576321
vt 0.625953 0.573441
vt 0.627396 0.040150
vt 0.616294 0.044808
vt 0.637780 0.040670
vt 0.640223 0.951965
vt 0.634144 0.951905
vt 0.642827 0.948659
vt 0.615003 0.959431
vt 0.624145 0.958646
vt 0.613560 0.960904
vt 0.583925 0.959742
vt 0.578001 0.957614
vt 0.654428 0.398695
vt 0.662884 0.399610
vt 0.654666 0.401205
vt 0.645451 0.399859
vt 0.650559 0.395226
vt 0.667923 0.391180
vt 0.640641 0.347475
vt 0.638698 0.350223
vt 0.630379 0.360244
vt 0.523441 0.891748
vt 0.622717 0.040067
vt 0.613401 0.041670
vt 0.631743 0.598538
vt 0.585217 0.625221
vt 0.608198 0.582710
vt 0.617644 0.963006
vt 0.659647 0.311340
vt 0.639204 0.293845
vt 0.672036 0.355001
vt 0.670553 0.331366
vt 0.674378 0.340328
vt 0.595755 0.779930
vt 0.665942 0.304085
vt 0.681042 0.309233
vt 0.526822 0.876711
vt 0.527847 0.876131
vt 0.528383 0.876815
vt 0.527533 0.879287
vt 0.528187 0.879320
vt 0.527528 0.880257
vt 0.529781 0.879604
vt 0.528957 0.879085
vt 0.529373 0.878472
vt 0.528592 0.878319
vt 0.529266 0.877692
vt 0.555537 0.813183
vt 0.277591 0.039837
vt 0.857219 0.767699
vt 0.555159 0.050788
vt 0.544974 0.045314
vt 0.641039 0.961237
vt 0.630671 0.960961
vt 0.817883 0.815282
vt 0.569507 0.052899
vt 0.653064 0.946368
vt 0.646698 0.960299
vt 0.641904 0.956214
vt 0.651994 0.958804
vt 0.631150 0.384094
vt 0.635213 0.388854
vt 0.631559 0.397656
vt 0.571414 0.219175
vt 0.555553 0.197224
vt 0.560551 0.173239
vt 0.530613 0.160980
vt 0.521421 0.031655
vt 0.512978 0.037715
vt 0.505946 0.037649
vt 0.510537 0.041993
vt 0.504209 0.043720
vt 0.506433 0.040594
vt 0.698407 0.042185
vt 0.527908 0.612349
vt 0.711806 0.103226
vt 0.517870 0.602763
vt 0.510739 0.593595
vt 0.768998 0.387471
vt 0.773801 0.382789
vt 0.522173 0.616039
vt 0.516471 0.630366
vt 0.745246 0.391698
vt 0.508300 0.601338
vt 0.707682 0.924555
vt 0.535541 0.290610
vt 0.533113 0.284818
vt 0.538445 0.282916
vt 0.711150 0.943379
vt 0.547209 0.301418
vt 0.548688 0.316694
vt 0.544841 0.322660
vt 0.725889 0.944922
vt 0.715389 0.953235
vt 0.746584 0.043299
vt 0.735832 0.953575
vt 0.715798 0.777785
vt 0.544050 0.283540
vt 0.526262 0.280657
vt 0.533536 0.276759
vt 0.756617 0.783774
vt 0.029887 0.342753
vt 0.024320 0.344278
vt 0.782298 0.120395
vt 0.487223 0.090301
vt 0.501561 0.122141
vt 0.727822 0.072315
vt 0.750688 0.053556
vt 0.752153 0.056525
vt 0.495207 0.933864
vt 0.746665 0.084915
vt 0.738012 0.090396
vt 0.740158 0.080577
vt 0.758900 0.077485
vt 0.761389 0.068756
vt 0.759421 0.937391
vt 0.748480 0.070825
vt 0.782273 0.940888
vt 0.746552 0.939393
vt 0.748396 0.944036
vt 0.762290 0.046317
vt 0.763315 0.063756
vt 0.785761 0.059406
vt 0.567609 0.397692
vt 0.568452 0.373528
vt 0.570822 0.388799
vt 0.029002 0.347492
vt 0.456167 0.048546
vt 0.446575 0.049635
vt 0.485528 0.044778
vt 0.479260 0.046293
vt 0.481036 0.043737
vt 0.452483 0.043354
vt 0.465133 0.047213
vt 0.483691 0.061621
vt 0.468025 0.053596
vt 0.432907 0.035524
vt 0.458341 0.034417
vt 0.446102 0.037087
vt 0.456889 0.037896
vt 0.449310 0.040005
vt 0.422283 0.029143
vt 0.414046 0.029278
vt 0.417439 0.024927
vt 0.867399 0.194566
vt 0.429124 0.955975
vt 0.896238 0.197823
vt 0.475405 0.299091
vt 0.857126 0.901605
vt 0.484704 0.324990
vt 0.484755 0.310007
vt 0.480055 0.327136
vt 0.512211 0.407013
vt 0.514494 0.381564
vt 0.512614 0.417836
vt 0.522824 0.420154
vt 0.513194 0.422947
vt 0.526106 0.420357
vt 0.521189 0.426621
vt 0.505624 0.430940
vt 0.501428 0.430595
vt 0.509810 0.423793
vt 0.023101 0.354698
vt 0.490824 0.378745
vt 0.490689 0.350069
vt 0.891688 0.649765
vt 0.902952 0.656670
vt 0.890179 0.652178
vt 0.930655 0.682324
vt 0.880453 0.757250
vt 0.477160 0.436668
vt 0.490622 0.434096
vt 0.478179 0.439868
vt 0.471405 0.457731
vt 0.464362 0.458176
vt 0.465705 0.455535
vt 0.944072 0.033738
vt 0.958173 0.034518
vt 0.953818 0.037256
vt 0.881349 0.761975
vt 0.880730 0.762102
vt 0.882856 0.758912
vt 0.884918 0.759358
vt 0.883621 0.760503
vt 0.947709 0.194765
vt 0.966403 0.150869
vt 0.405946 0.151086
vt 0.465535 0.407976
vt 0.462445 0.396869
vt 0.451323 0.432933
vt 0.455991 0.432091
vt 0.465746 0.432886
vt 0.462449 0.431504
vt 0.463205 0.427221
vt 0.466655 0.426478
vt 0.010908 0.250963
vt 0.014712 0.266020
vt 0.009720 0.273345
vt 0.461786 0.415908
vt 0.447179 0.380448
vt 0.460158 0.397649
vt 0.445951 0.424003
vt 0.440683 0.419456
vt 0.449920 0.402336
vt 0.005596 0.190040
vt 0.008632 0.233706
vt 0.010260 0.228096
vt 0.430465 0.345149
vt 0.430157 0.315486
vt 0.428934 0.363453
vt 0.430801 0.387958
vt 0.428078 0.385051
vt 0.966038 0.037231
vt 0.967849 0.042100
vt 0.919627 0.042968
vt 0.980593 0.187590
vt 0.031724 0.345508
vt 0.033422 0.350013
vt 0.030878 0.355714
vt 0.413875 0.325819
vt 0.407739 0.319800
vt 0.029224 0.359569
vt 0.027850 0.353707
vt 0.063205 0.303601
vt 0.066213 0.306197
vt 0.063954 0.326487
vt 0.065353 0.331103
vt 0.065982 0.321998
vt 0.419257 0.368314
vt 0.070521 0.308884
vt 0.072828 0.270803
vt 0.350838 0.068990
vt 0.361604 0.048062
vt 0.079362 0.496062
vt 0.097169 0.270328
vt 0.328433 0.021344
vt 0.303455 0.007046
vt 0.320739 0.010421
vt 0.025992 0.641388
vt 0.066303 0.636843
vt 0.160255 0.443199
vt 0.179884 0.443982
vt 0.176450 0.462134
vt 0.086088 0.625461
vt 0.362873 0.325943
vt 0.359222 0.329911
vt 0.368327 0.319194
vt 0.371004 0.323180
vt 0.372696 0.341389
vt 0.379399 0.332317
vt 0.376933 0.353634
vt 0.082472 0.588135
vt 0.383809 0.387183
vt 0.381219 0.355139
vt 0.385240 0.367439
vt 0.395184 0.378332
vt 0.080898 0.516382
vt 0.071778 0.523015
vt 0.062497 0.515609
vt 0.027891 0.363839
vt 0.022095 0.365976
vt 0.355642 0.321467
vt 0.085788 0.868865
vt 0.364073 0.461934
vt 0.371141 0.463308
vt 0.293919 0.574957
vt 0.108647 0.713788
vt 0.102671 0.751470
vt 0.024594 0.374672
vt 0.345152 0.479742
vt 0.346577 0.483103
vt 0.096891 0.892043
vt 0.341834 0.321676
vt 0.337372 0.335540
vt 0.340778 0.331226
vt 0.186608 0.042013
vt 0.174942 0.038872
vt 0.135164 0.016372
vt 0.128038 0.015964
vt 0.138750 0.009787
vt 0.134320 0.022871
vt 0.136589 0.019685
vt 0.141176 0.025394
vt 0.167488 0.039943
vt 0.161128 0.042256
vt 0.156236 0.039140
vt 0.184121 0.506388
vt 0.158784 0.501838
vt 0.184209 0.502374
vt 0.329404 0.277149
vt 0.323726 0.284148
vt 0.236310 0.427015
vt 0.228940 0.456022
vt 0.202227 0.458333
vt 0.220538 0.419063
vt 0.343394 0.403714
vt 0.348148 0.411358
vt 0.345630 0.423620
vt 0.133280 0.852349
vt 0.115759 0.867559
vt 0.337923 0.411128
vt 0.338091 0.425973
vt 0.336625 0.382952
vt 0.351518 0.426930
vt 0.348839 0.439956
vt 0.339453 0.451398
vt 0.337462 0.446961
vt 0.344858 0.442106
vt 0.278387 0.289572
vt 0.307169 0.277813
vt 0.096827 0.986627
vt 0.155681 0.020636
vt 0.185860 0.022624
vt 0.198961 0.019234
vt 0.197232 0.028836
vt 0.178135 0.885578
vt 0.225854 0.487637
vt 0.229374 0.490117
vt 0.221848 0.491917
vt 0.254186 0.442758
vt 0.254458 0.454909
vt 0.250927 0.459342
vt 0.257785 0.457417
vt 0.260335 0.452368
vt 0.267860 0.408860
vt 0.235289 0.392469
vt 0.019472 0.150980
vt 0.016590 0.147367
vt 0.308609 0.385512
vt 0.254766 0.476239
vt 0.242480 0.474733
vt 0.254959 0.471863
vt 0.265619 0.486234
vt 0.243064 0.490412
vt 0.210847 0.893853
vt 0.189202 0.896529
vt 0.272911 0.416258
vt 0.283453 0.394399
vt 0.247403 0.366247
vt 0.263731 0.195177
vt 0.265199 0.200545
vt 0.301104 0.432391
vt 0.182689 0.945354
vt 0.156289 0.992085
vt 0.139123 0.989796
vt 0.193307 0.011729
vt 0.200271 0.015192
vt 0.285147 0.447102
vt 0.284243 0.436380
vt 0.286247 0.156265
vt 0.271266 0.164036
vt 0.275371 0.456755
vt 0.269171 0.459107
vt 0.285977 0.166912
vt 0.240222 0.171215
vt 0.193957 0.910449
vt 0.195888 0.908580
vt 0.196244 0.914594
vt 0.183029 0.914858
vt 0.188395 0.913894
vt 0.186648 0.918087
vt 0.188915 0.919900
vt 0.193228 0.921744
vt 0.189488 0.924207
vt 0.193460 0.918295
vt 0.194936 0.920713
vt 0.190331 0.904338
vt 0.184951 0.908749
vt 0.180921 0.904765
vt 0.193873 0.923162
vt 0.194898 0.926513
vt 0.189696 0.927774
vt 0.180047 0.857177
vt 0.186861 0.910433
vt 0.254731 0.344404
vt 0.265682 0.321039
vt 0.287066 0.291205
vt 0.259158 0.023404
vt 0.248647 0.011852
vt 0.169335 0.007880
vt 0.181248 0.009168
vt 0.178376 0.011963
vt 0.268769 0.023094
vt 0.134325 0.992633
vt 0.147896 0.995352
vt 0.147816 0.666085
vt 0.332839 0.379846
vt 0.323566 0.364744
vt 0.333104 0.363627
vt 0.168822 0.616530
vt 0.153241 0.600641
vt 0.964234 0.242812
vt 0.244368 0.468426
vt 0.229198 0.476863
vt 0.255036 0.463131
vt 0.255120 0.466034
vt 0.223233 0.495547
vt 0.201227 0.920600
vt 0.201048 0.921474
vt 0.200516 0.921126
vt 0.203119 0.925747
vt 0.201941 0.925227
vt 0.202854 0.924072
vt 0.200134 0.922986
vt 0.201166 0.922614
vt 0.201536 0.923692
vt 0.202105 0.918821
vt 0.204823 0.915021
vt 0.143139 0.005712
vt 0.151293 0.005616
vt 0.207408 0.919581
vt 0.208410 0.917562
vt 0.208440 0.914192
vt 0.205529 0.920238
vt 0.207214 0.920656
vt 0.205536 0.920907
vt 0.395106 0.448595
vt 0.307830 0.022911
vt 0.302157 0.020847
vt 0.305920 0.015807
vt 0.337932 0.036520
vt 0.211373 0.161887
vt 0.169291 0.118629
vt 0.145406 0.109163
vt 0.203859 0.922862
vt 0.203763 0.924133
vt 0.203179 0.922846
vt 0.206082 0.921998
vt 0.207045 0.921926
vt 0.206180 0.923600
vt 0.438923 0.438902
vt 0.431178 0.441492
vt 0.428926 0.408067
vt 0.426999 0.433844
vt 0.417877 0.437599
vt 0.059156 0.947691
vt 0.078986 0.920435
vt 0.413828 0.407728
vt 0.427277 0.400559
vt 0.332215 0.753121
vt 0.361345 0.722086
vt 0.377491 0.746953
vt 0.101747 0.032292
vt 0.104008 0.033213
vt 0.100371 0.036732
vt 0.081303 0.986461
vt 0.068984 0.984841
vt 0.078767 0.983047
vt 0.129156 0.042734
vt 0.133739 0.038696
vt 0.138850 0.041289
vt 0.148723 0.033137
vt 0.141752 0.035649
vt 0.145890 0.026415
vt 0.122273 0.063092
vt 0.127361 0.032613
vt 0.130315 0.022195
vt 0.130823 0.505457
vt 0.138821 0.508813
vt 0.340115 0.028673
vt 0.368510 0.025050
vt 0.358718 0.023365
vt 0.377302 0.021410
vt 0.085648 0.530266
vt 0.101531 0.526638
vt 0.394857 0.043917
vt 0.391682 0.043729
vt 0.397435 0.038220
vt 0.385521 0.046538
vt 0.395296 0.033909
vt 0.395536 0.037318
vt 0.100101 0.523997
vt 0.084974 0.520665
vt 0.092218 0.519824
vt 0.405292 0.046595
vt 0.086973 0.525124
vt 0.842816 0.941380
vt 0.845318 0.945285
vt 0.827772 0.948177
vt 0.053187 0.903218
vt 0.055031 0.174798
vt 0.053210 0.171498
vt 0.056471 0.171230
vt 0.437083 0.044955
vt 0.847539 0.626018
vt 0.847802 0.620822
vt 0.868341 0.633726
vt 0.072407 0.179170
vt 0.069155 0.166577
vt 0.075289 0.164361
vt 0.490796 0.203302
vt 0.467938 0.215312
vt 0.050552 0.191038
vt 0.053382 0.198504
vt 0.048622 0.199503
vt 0.480896 0.185694
vt 0.117416 0.226947
vt 0.467769 0.616073
vt 0.080419 0.501078
vt 0.062081 0.510685
vt 0.080700 0.505370
vt 0.053309 0.230617
vt 0.049631 0.239796
vt 0.050216 0.259927
vt 0.045509 0.269017
vt 0.467298 0.549240
vt 0.451783 0.541647
vt 0.466225 0.544930
vt 0.453068 0.544728
vt 0.561899 0.442906
vt 0.557262 0.441846
vt 0.062484 0.243027
vt 0.065095 0.233803
vt 0.067062 0.252675
vt 0.080003 0.234588
vt 0.054325 0.248983
vt 0.057495 0.236465
vt 0.033075 0.518617
vt 0.466291 0.042062
vt 0.468543 0.034814
vt 0.478812 0.036127
vt 0.472671 0.048480
vt 0.496664 0.048199
vt 0.491498 0.047253
vt 0.494297 0.043474
vt 0.873878 0.323151
vt 0.085732 0.410389
vt 0.126379 0.417189
vt 0.036219 0.381129
vt 0.033762 0.393619
vt 0.021973 0.396623
vt 0.024443 0.389888
vt 0.027663 0.392266
vt 0.027746 0.429674
vt 0.023157 0.411636
vt 0.459867 0.962286
vt 0.464618 0.957129
vt 0.465482 0.961953
vt 0.894937 0.764812
vt 0.889164 0.762045
vt 0.482919 0.911932
vt 0.041295 0.395923
vt 0.034269 0.441168
vt 0.044898 0.410103
vt 0.996633 0.918445
vt 0.991161 0.934747
vt 0.590618 0.317519
vt 0.592483 0.332779
vt 0.588824 0.339013
vt 0.592189 0.410038
vt 0.622224 0.408289
vt 0.616654 0.410815
vt 0.617685 0.405083
vt 0.605992 0.411086
vt 0.477606 0.951268
vt 0.892046 0.766608
vt 0.500671 0.960054
vt 0.542267 0.973941
vt 0.543481 0.970208
vt 0.546623 0.973427
vt 0.523706 0.041278
vt 0.516374 0.040785
vt 0.535327 0.037865
vt 0.586209 0.219676
vt 0.618780 0.288998
vt 0.624150 0.298088
vt 0.619097 0.310224
vt 0.613012 0.297644
vt 0.619058 0.285241
vt 0.624511 0.291861
vt 0.934914 0.265092
vt 0.941685 0.257562
vt 0.922686 0.245792
vt 0.932127 0.248094
vt 0.642656 0.315900
vt 0.648510 0.309593
vt 0.636932 0.304678
vt 0.634555 0.294485
vt 0.626722 0.295369
vt 0.641964 0.302567
vt 0.638904 0.317681
vt 0.655172 0.352330
vt 0.526733 0.877511
vt 0.526279 0.876705
vt 0.537244 0.876169
vt 0.533977 0.878171
vt 0.532282 0.878648
vt 0.532377 0.875412
vt 0.666879 0.418432
vt 0.638373 0.574817
vt 0.893300 0.231698
vt 0.910415 0.243327
vt 0.909985 0.246813
vt 0.652058 0.426177
vt 0.655776 0.422935
vt 0.670216 0.423061
vt 0.900383 0.257422
vt 0.904658 0.256722
vt 0.904952 0.262141
vt 0.699809 0.349288
vt 0.704799 0.344803
vt 0.707404 0.363329
vt 0.694410 0.346312
vt 0.694965 0.339844
vt 0.697504 0.345336
vt 0.695158 0.326150
vt 0.865476 0.339821
vt 0.654971 0.610631
vt 0.735321 0.373876
vt 0.731166 0.373612
vt 0.733881 0.370534
vt 0.734189 0.361580
vt 0.740967 0.369103
vt 0.744187 0.370385
vt 0.744551 0.373515
vt 0.731809 0.365176
vt 0.727494 0.350718
vt 0.682375 0.800488
vt 0.802880 0.213380
vt 0.857101 0.262185
vt 0.816168 0.734069
vt 0.791418 0.708201
vt 0.726407 0.184056
vt 0.770677 0.076844
vt 0.795015 0.164244
vt 0.728117 0.110129
vt 0.727458 0.116102
vt 0.734398 0.095556
vt 0.724391 0.104260
vt 0.726989 0.098515
vt 0.824629 0.350718
vt 0.807384 0.355656
vt 0.813633 0.364990
vt 0.824419 0.357434
vt 0.725611 0.069218
vt 0.748114 0.046593
vt 0.813229 0.316621
vt 0.826120 0.317430
vt 0.807228 0.326963
vt 0.742732 0.037895
vt 0.738564 0.035546
vt 0.748865 0.035990
vt 0.749108 0.038151
vt 0.750813 0.041886
vt 0.754046 0.953820
vt 0.784324 0.152798
vt 0.722151 0.941323
vt 0.706337 0.940271
vt 0.805427 0.226908
vt 0.822523 0.231493
vt 0.830458 0.242499
vt 0.791400 0.177373
vt 0.741393 0.282575
vt 0.819834 0.843016
vt 0.753386 0.363575
vt 0.688651 0.158185
vt 0.699067 0.153457
vt 0.814845 0.794461
vt 0.861689 0.042283
vt 0.849552 0.062800
vt 0.839792 0.045137
vt 0.854957 0.941129
vt 0.862391 0.950702
vt 0.859442 0.943438
vt 0.864678 0.945318
vt 0.845956 0.952396
vt 0.841603 0.952345
vt 0.838244 0.951665
vt 0.872935 0.952373
vt 0.858396 0.954866
vt 0.725503 0.292905
vt 0.916184 0.785306
vt 0.947409 0.725985
vt 0.711365 0.299500
vt 0.695590 0.287839
vt 0.689925 0.288891
vt 0.942103 0.269547
vt 0.933981 0.276643
vt 0.733610 0.318303
vt 0.944931 0.257204
vt 0.949404 0.259748
vt 0.970836 0.791333
vt 0.938605 0.808709
vt 0.696300 0.362030
vt 0.700838 0.369478
vt 0.712863 0.377755
vt 0.713071 0.383101
vt 0.709071 0.381570
vt 0.021022 0.145198
vt 0.689178 0.330024
vt 0.691338 0.336705
vt 0.949846 0.251518
vt 0.025793 0.210852
vt 0.023091 0.198543
vt 0.019619 0.209169
vt 0.677416 0.313572
vt 0.667827 0.312975
vt 0.008303 0.182017
vt 0.010246 0.167095
vt 0.984095 0.937623
vt 0.988281 0.942711
vt 0.992399 0.938012
vt 0.529954 0.882117
vt 0.529618 0.880803
vt 0.062669 0.336984
vt 0.063803 0.353136
vt 0.530004 0.873792
vt 0.528830 0.874213
vt 0.529320 0.871327
vt 0.526419 0.874804
vt 0.527579 0.874057
vt 0.527564 0.875248
vt 0.526189 0.873043
vt 0.526909 0.872109
vt 0.073002 0.233155
vt 0.573123 0.955117
vt 0.073398 0.190555
vt 0.077276 0.187867
vt 0.073928 0.214211
vt 0.077852 0.167663
vt 0.081191 0.168018
vt 0.076768 0.177698
vt 0.080585 0.185084
vt 0.080999 0.152447
vt 0.077586 0.148646
vt 0.075482 0.223701
vt 0.071644 0.227106
vt 0.017316 0.565340
vt 0.014582 0.543354
vt 0.044557 0.523666
vt 0.038872 0.520374
vt 0.035523 0.749491
vt 0.042927 0.254950
vt 0.533697 0.883686
vt 0.537003 0.888871
vt 0.534092 0.888738
vt 0.045608 0.280631
vt 0.043769 0.273232
vt 0.047520 0.250812
vt 0.045806 0.255464
vt 0.052698 0.221941
vt 0.059306 0.223248
vt 0.060388 0.228519
vt 0.885952 0.766402
vt 0.888395 0.764461
vt 0.887009 0.767953
vt 0.541267 0.882978
vt 0.560355 0.859633
vt 0.071793 0.154586
vt 0.543657 0.829220
vt 0.042910 0.909659
vt 0.045664 0.914317
vt 0.098487 0.518197
vt 0.095164 0.503493
vt 0.126936 0.501264
vt 0.123559 0.482735
vt 0.184417 0.452467
vt 0.533552 0.871926
vt 0.530898 0.870783
vt 0.533638 0.870802
vt 0.524449 0.871763
vt 0.525457 0.870307
vt 0.527077 0.870347
vt 0.529167 0.869398
vt 0.594999 0.128683
vt 0.584232 0.153187
vt 0.541810 0.886852
vt 0.549392 0.880287
vt 0.546217 0.888151
vt 0.554543 0.875752
vt 0.140808 0.171756
vt 0.549605 0.890839
vt 0.534144 0.892309
vt 0.096468 0.580951
vt 0.549984 0.867490
vt 0.089393 0.588358
vt 0.110890 0.534012
vt 0.538540 0.869232
vt 0.535905 0.865936
vt 0.542667 0.867106
vt 0.120972 0.510978
vt 0.122870 0.513129
vt 0.196304 0.458878
vt 0.114700 0.608113
vt 0.106573 0.609223
vt 0.560143 0.233253
vt 0.584188 0.228390
vt 0.560646 0.238726
vt 0.570988 0.279318
vt 0.569358 0.273461
vt 0.196445 0.221528
vt 0.580663 0.281597
vt 0.605993 0.345965
vt 0.602674 0.352699
vt 0.603575 0.323789
vt 0.024051 0.154631
vt 0.024647 0.151609
vt 0.603496 0.387234
vt 0.591737 0.382291
vt 0.525933 0.553117
vt 0.529578 0.549973
vt 0.493632 0.552156
vt 0.149334 0.712780
vt 0.158232 0.689041
vt 0.511261 0.626511
vt 0.506893 0.633625
vt 0.510848 0.633007
vt 0.517207 0.228330
vt 0.528842 0.207993
vt 0.184725 0.816907
vt 0.560377 0.390981
vt 0.570206 0.413293
vt 0.480138 0.145373
vt 0.507663 0.320330
vt 0.511548 0.333519
vt 0.510593 0.339414
vt 0.529680 0.327589
vt 0.514909 0.338646
vt 0.281496 0.049911
vt 0.346980 0.445736
vt 0.347426 0.451920
vt 0.419111 0.032038
vt 0.510146 0.355275
vt 0.512520 0.348796
vt 0.510917 0.372585
vt 0.449713 0.466198
vt 0.458821 0.462772
vt 0.456821 0.468097
vt 0.301123 0.169864
vt 0.305310 0.159981
vt 0.222006 0.846168
vt 0.469257 0.258060
vt 0.415752 0.546434
vt 0.410960 0.557850
vt 0.337625 0.472037
vt 0.332276 0.474359
vt 0.338052 0.467108
vt 0.340452 0.475104
vt 0.332373 0.480081
vt 0.360569 0.449258
vt 0.406806 0.041433
vt 0.401506 0.041132
vt 0.399812 0.036351
vt 0.393763 0.018961
vt 0.407673 0.023245
vt 0.287367 0.009567
vt 0.440779 0.317728
vt 0.010510 0.516506
vt 0.008500 0.526410
vt 0.004770 0.518105
vt 0.394586 0.364346
vt 0.396487 0.344435
vt 0.014511 0.507368
vt 0.331309 0.013813
vt 0.383788 0.327077
vt 0.393816 0.326180
vt 0.369769 0.190616
vt 0.352875 0.190905
vt 0.005866 0.528946
vt 0.011123 0.532842
vt 0.003323 0.535679
vt 0.434409 0.458516
vt 0.418474 0.457307
vt 0.422960 0.450994
vt 0.420622 0.391140
vt 0.419127 0.403626
vt 0.425739 0.354574
vt 0.431547 0.409194
vt 0.442760 0.392526
vt 0.440188 0.384869
vt 0.417339 0.260969
vt 0.423528 0.378151
vt 0.390082 0.276668
vt 0.402538 0.277581
vt 0.393034 0.548659
vt 0.392006 0.546099
vt 0.444352 0.461306
vt 0.449828 0.463785
vt 0.477653 0.431713
vt 0.471417 0.433142
vt 0.472404 0.428881
vt 0.448375 0.311505
vt 0.446234 0.303059
vt 0.205485 0.922490
vt 0.204752 0.922960
vt 0.203630 0.922033
vt 0.203937 0.920703
vt 0.204313 0.921440
vt 0.204361 0.925081
vt 0.394559 0.440191
vt 0.391188 0.432486
vt 0.393981 0.426787
vt 0.479997 0.234022
vt 0.386248 0.439432
vt 0.203784 0.929895
vt 0.204259 0.927268
vt 0.201995 0.922999
vt 0.301888 0.296172
vt 0.520209 0.293315
vt 0.445842 0.024708
vt 0.444324 0.027762
vt 0.426619 0.022578
vt 0.459033 0.029889
vt 0.225600 0.925937
vt 0.232206 0.917348
vt 0.225931 0.933664
vt 0.221877 0.929299
vt 0.214844 0.934539
vt 0.218341 0.928426
vt 0.213762 0.931365
vt 0.215301 0.927833
vt 0.211097 0.933861
vt 0.207871 0.928460
vt 0.573681 0.411417
vt 0.211139 0.937510
vt 0.198711 0.929954
vt 0.199964 0.936053
vt 0.194519 0.933890
vt 0.205870 0.926444
vt 0.206059 0.928699
vt 0.198584 0.924587
vt 0.198085 0.922769
vt 0.226599 0.916701
vt 0.223107 0.924258
vt 0.223788 0.917249
vt 0.222893 0.902408
vt 0.567730 0.332055
vt 0.221246 0.914930
vt 0.212414 0.911445
vt 0.215229 0.908836
vt 0.557326 0.317639
vt 0.553525 0.284523
vt 0.557244 0.285288
vt 0.022481 0.444234
vt 0.026105 0.450104
vt 0.021049 0.448780
vt 0.202522 0.902089
vt 0.197707 0.902324
vt 0.198079 0.899942
vt 0.020601 0.438864
vt 0.018566 0.444200
vt 0.195648 0.922006
vt 0.197975 0.921302
vt 0.588018 0.430633
vt 0.195000 0.918475
vt 0.196477 0.919532
vt 0.200637 0.906935
vt 0.198155 0.913738
vt 0.570662 0.295980
vt 0.563236 0.282911
vt 0.561085 0.272946
vt 0.323994 0.434250
vt 0.558510 0.297824
vt 0.566345 0.309068
vt 0.331797 0.465392
vt 0.335072 0.463236
vt 0.517755 0.848205
vt 0.303468 0.396152
vt 0.561810 0.156225
vt 0.223909 0.012978
vt 0.233290 0.023530
vt 0.022099 0.432041
vt 0.017936 0.436156
vt 0.607800 0.359935
vt 0.627370 0.390641
vt 0.619750 0.396893
vt 0.620304 0.379718
vt 0.625200 0.369296
vt 0.017698 0.425314
vt 0.021472 0.425782
vt 0.518639 0.864116
vt 0.514542 0.866304
vt 0.511307 0.866301
vt 0.517365 0.867700
vt 0.515696 0.871053
vt 0.593429 0.276182
vt 0.599868 0.278716
vt 0.600175 0.296856
vt 0.594923 0.303208
vt 0.602164 0.284165
vt 0.601719 0.276307
vt 0.585010 0.436560
vt 0.603418 0.437185
vt 0.604875 0.433729
vt 0.639857 0.425085
vt 0.640685 0.401713
vt 0.630248 0.402478
vt 0.640587 0.392427
vt 0.621099 0.403523
vt 0.286419 0.475648
vt 0.273098 0.480020
vt 0.625590 0.325051
vt 0.250209 0.045282
vt 0.628037 0.318234
vt 0.214128 0.030557
vt 0.223843 0.026430
vt 0.219595 0.035313
vt 0.520698 0.877027
vt 0.522177 0.877790
vt 0.521501 0.879667
vt 0.519587 0.878148
vt 0.514545 0.877550
vt 0.518951 0.875374
vt 0.614232 0.954434
vt 0.612092 0.958509
vt 0.592291 0.962841
vt 0.601297 0.963950
vt 0.605268 0.966175
vt 0.597411 0.965704
vt 0.601561 0.050313
vt 0.595615 0.049374
vt 0.141129 0.761899
vt 0.207725 0.033094
vt 0.213151 0.027770
vt 0.176627 0.018401
vt 0.076057 0.978156
vt 0.775919 0.326257
vt 0.779679 0.329505
vt 0.768181 0.326543
vt 0.748866 0.315130
vt 0.209056 0.464963
vt 0.198237 0.463799
vt 0.224988 0.462663
vt 0.194374 0.475420
vt 0.198641 0.469727
vt 0.230958 0.467930
vt 0.112849 0.691058
vt 0.026921 0.381661
vt 0.018933 0.385585
vt 0.810478 0.328686
vt 0.191565 0.460743
vt 0.720147 0.039644
vt 0.092911 0.013921
vt 0.093413 0.020406
vt 0.087947 0.024533
vt 0.057630 0.967560
vt 0.063135 0.972972
vt 0.108087 0.051955
vt 0.132977 0.092684
vt 0.116615 0.076856
vt 0.120466 0.040758
vt 0.129562 0.039795
vt 0.111078 0.049469
vt 0.128305 0.046617
vt 0.130314 0.035263
vt 0.121973 0.033986
vt 0.122124 0.038347
vt 0.114884 0.034288
vt 0.790744 0.945072
vt 0.785853 0.946319
vt 0.781177 0.946808
vt 0.776883 0.822529
vt 0.792401 0.787239
vt 0.042480 0.832650
vt 0.042875 0.823883
vt 0.040568 0.794287
vt 0.039391 0.785014
vt 0.042585 0.787430
vt 0.780440 0.054565
vt 0.775843 0.053944
vt 0.059439 0.146243
vt 0.805244 0.048923
vt 0.043545 0.812903
vt 0.025494 0.532007
vt 0.049232 0.530747
vt 0.021021 0.536454
vt 0.779750 0.036061
vt 0.792814 0.040830
vt 0.059727 0.523582
vt 0.888160 0.892185
vt 0.859450 0.924473
vt 0.933794 0.209832
vt 0.906249 0.937752
vt 0.895604 0.938678
vt 0.913504 0.034245
vt 0.914981 0.038341
vt 0.028885 0.442879
vt 0.879699 0.765971
vt 0.881199 0.767767
vt 0.880843 0.766229
vt 0.006062 0.216954
vt 0.970081 0.947775
vt 0.962838 0.950758
vt 0.964504 0.102742
vt 0.985015 0.831574
vt 0.988688 0.834916
vt 0.019225 0.242257
vt 0.029062 0.243326
vt 0.019216 0.252557
vt 0.035793 0.481025
vt 0.034938 0.487206
vt 0.026233 0.488848
vt 0.019175 0.267001
vt 0.078474 0.448919
vt 0.082726 0.114912
vt 0.088323 0.117573
vt 0.063132 0.501294
vt 0.010695 0.596558
vt 0.012089 0.583046
vt 0.021673 0.606451
vt 0.011196 0.604723
vt 0.138980 0.389310
vt 0.923667 0.237783
vt 0.926035 0.228023
vt 0.937352 0.209931
vt 0.113970 0.673704
vt 0.916942 0.247525
vt 0.913521 0.251212
vt 0.914960 0.245888
vt 0.103249 0.028310
vt 0.097326 0.028872
vt 0.101992 0.022063
vt 0.918361 0.230227
vt 0.120353 0.020185
vt 0.121637 0.024685
vt 0.109403 0.029986
vt 0.907011 0.283397
vt 0.153392 0.042298
vt 0.111463 0.012647
vt 0.117687 0.008551
vt 0.121401 0.010736
vt 0.150088 0.027427
vt 0.155579 0.032878
vt 0.840225 0.947616
vt 0.829579 0.941689
vt 0.844537 0.938088
vt 0.820785 0.944261
vt 0.832350 0.951453
vt 0.828328 0.950741
vt 0.164683 0.122367
vt 0.136934 0.591792
vt 0.132217 0.595288
vt 0.794600 0.758466
vt 0.140305 0.596801
vt 0.217270 0.176209
vt 0.216566 0.167227
vt 0.225031 0.169513
vt 0.216914 0.161231
vt 0.816770 0.191902
vt 0.117519 0.584537
vt 0.115551 0.582783
vt 0.857122 0.344008
vt 0.226762 0.178442
vt 0.239383 0.167697
vt 0.281452 0.200914
vt 0.292547 0.208276
vt 0.274606 0.210208
vt 0.298517 0.210727
vt 0.745666 0.168836
vt 0.749610 0.147687
vt 0.303715 0.350399
vt 0.750729 0.188190
vt 0.243202 0.013430
vt 0.230922 0.007946
vt 0.233988 0.013194
vt 0.224819 0.024613
vt 0.217483 0.022285
vt 0.244972 0.024674
vt 0.250198 0.015918
vt 0.250014 0.028274
vt 0.257810 0.026377
vt 0.311047 0.485307
vt 0.328402 0.468258
vt 0.328022 0.473690
vt 0.322056 0.468652
vt 0.325504 0.465911
vt 0.352241 0.458824
vt 0.356499 0.453403
vt 0.363071 0.453347
vt 0.334082 0.445050
vt 0.333486 0.452634
vt 0.330340 0.409922
vt 0.317535 0.046869
vt 0.684077 0.039995
vt 0.679840 0.943757
vt 0.680117 0.947192
vt 0.330034 0.050636
vt 0.742246 0.305800
vt 0.725375 0.299276
vt 0.722947 0.305313
vt 0.379359 0.375983
vt 0.718683 0.245895
vt 0.393049 0.394288
vt 0.390291 0.414442
vt 0.069805 0.045584
vt 0.068886 0.059523
vt 0.066311 0.057948
vt 0.402295 0.475238
vt 0.409636 0.473912
vt 0.637521 0.150838
vt 0.670156 0.144197
vt 0.683615 0.328638
vt 0.681914 0.320222
vt 0.685807 0.336569
vt 0.686204 0.395987
vt 0.700894 0.397711
vt 0.677173 0.402526
vt 0.600497 0.969502
vt 0.594001 0.968739
vt 0.585755 0.047461
vt 0.584276 0.053548
vt 0.611199 0.962420
vt 0.565317 0.129112
vt 0.588969 0.159625
vt 0.503649 0.378394
vt 0.500545 0.366874
vt 0.523637 0.440191
vt 0.506523 0.444570
vt 0.532438 0.862400
vt 0.512095 0.428284
vt 0.508564 0.418438
vt 0.601671 0.266354
vt 0.611786 0.268250
vt 0.605173 0.255178
vt 0.603348 0.261922
vt 0.545258 0.876767
vt 0.543322 0.878064
vt 0.541423 0.873752
vt 0.520983 0.029536
vt 0.509042 0.029420
vt 0.506520 0.033887
vt 0.490232 0.955820
vt 0.522269 0.930145
vt 0.519514 0.905626
vt 0.505791 0.891154
vt 0.520858 0.890172
vt 0.520263 0.892882
vt 0.074132 0.048523
vt 0.078250 0.036477
vt 0.077744 0.043703
vt 0.083429 0.032455
vt 0.446550 0.043841
vt 0.486253 0.029864
vt 0.083717 0.036785
vt 0.560196 0.446432
vt 0.541603 0.451996
vt 0.487412 0.037376
vt 0.557317 0.551357
vt 0.493532 0.051623
vt 0.499424 0.052266
vt 0.491854 0.034026
vt 0.497783 0.034877
vt 0.484956 0.041132
vt 0.495598 0.038542
vt 0.482318 0.050760
vt 0.497852 0.042263
vt 0.574852 0.443180
vt 0.573267 0.431143
vt 0.529331 0.184770
vt 0.501580 0.599075
vt 0.498260 0.595287
vt 0.491172 0.962054
vt 0.477814 0.958776
vt 0.474506 0.633325
vt 0.483020 0.640676
vt 0.491785 0.632969
vt 0.487395 0.633341
vt 0.555372 0.371180
vt 0.546307 0.376863
vt 0.545256 0.354618
vt 0.499076 0.038999
vt 0.515131 0.046825
vt 0.522274 0.280205
vt 0.532564 0.290784
vt 0.531611 0.305528
vt 0.523182 0.302211
vt 0.523867 0.288007
vt 0.089246 0.035223
vt 0.606399 0.288243
vt 0.614460 0.280137
vt 0.545876 0.414551
vt 0.545064 0.420839
vt 0.535261 0.419062
vt 0.544498 0.388267
vt 0.546456 0.406321
vt 0.559519 0.423971
vt 0.623361 0.424498
vt 0.622121 0.413767
vt 0.650559 0.413655
vt 0.609400 0.415553
vt 0.642829 0.392818
vt 0.608476 0.230511
vt 0.605862 0.217517
vt 0.598660 0.220107
vt 0.402496 0.959464
vt 0.384492 0.962759
vt 0.674299 0.391961
vt 0.672133 0.397091
vt 0.667373 0.395549
vt 0.430478 0.150800
vt 0.484366 0.360239
vt 0.688300 0.346192
vt 0.689180 0.360588
vt 0.683567 0.376730
vt 0.687294 0.379581
vt 0.685684 0.386131
vt 0.461300 0.313660
vt 0.454224 0.324064
vt 0.638776 0.143292
vt 0.451792 0.314521
vt 0.345596 0.021366
vt 0.341308 0.023229
vt 0.333852 0.018864
vt 0.659854 0.958249
vt 0.859342 0.935111
vt 0.854499 0.938089
vt 0.859453 0.940120
vt 0.662457 0.047462
vt 0.645105 0.050218
vt 0.868583 0.313228
vt 0.852740 0.334180
vt 0.375420 0.033546
vt 0.371405 0.036736
vt 0.370934 0.035474
vt 0.381607 0.043279
vt 0.354471 0.027674
vt 0.359848 0.028872
vt 0.353584 0.036538
vt 0.346438 0.027795
vt 0.356330 0.036028
vt 0.345038 0.017159
vt 0.739918 0.184346
vt 0.744760 0.136763
vt 0.413952 0.317243
vt 0.418496 0.315642
vt 0.402670 0.320417
vt 0.403318 0.325176
vt 0.529082 0.861657
vt 0.532693 0.864720
vt 0.741214 0.137950
vt 0.776592 0.164397
vt 0.756104 0.049603
vt 0.776129 0.944686
vt 0.824667 0.202874
vt 0.811675 0.937208
vt 0.317357 0.028899
vt 0.309815 0.029348
vt 0.894748 0.285704
vt 0.903203 0.223050
vt 0.355900 0.332255
vt 0.356024 0.342641
vt 0.347061 0.341265
vt 0.369452 0.407540
vt 0.365869 0.387564
vt 0.199899 0.920419
vt 0.199784 0.921810
vt 0.196239 0.924074
vt 0.871264 0.034272
vt 0.882334 0.034524
vt 0.197863 0.915718
vt 0.198611 0.917691
vt 0.197114 0.917773
vt 0.205443 0.905551
vt 0.201422 0.911908
vt 0.207020 0.913268
vt 0.205053 0.911606
vt 0.208270 0.908202
vt 0.198573 0.920156
vt 0.200319 0.918341
vt 0.199512 0.916877
vt 0.957133 0.759981
vt 0.955486 0.229944
vt 0.881429 0.762650
vt 0.882194 0.764352
vt 0.882862 0.763087
vt 0.883521 0.764109
vt 0.944008 0.941769
vt 0.963132 0.942048
vt 0.275922 0.296315
vt 0.043329 0.441536
vt 0.051423 0.436949
vt 0.011868 0.524028
vt 0.018133 0.526377
vt 0.014525 0.529634
vt 0.021646 0.529329
vt 0.002870 0.556075
vt 0.243237 0.027424
vt 0.004990 0.583468
vt 0.002860 0.559979
vt 0.242387 0.039800
vt 0.037850 0.305627
vt 0.039793 0.306492
vt 0.232135 0.208326
vt 0.534484 0.855029
vt 0.529561 0.856862
vt 0.528003 0.853363
vt 0.044706 0.315009
vt 0.041607 0.322271
vt 0.041299 0.313409
vt 0.041835 0.306750
vt 0.045307 0.306577
vt 0.050241 0.300592
vt 0.053338 0.291873
vt 0.056501 0.297530
vt 0.055617 0.208856
vt 0.531811 0.861144
vt 0.146291 0.166789
vt 0.151675 0.182365
vt 0.153624 0.191958
vt 0.169118 0.035543
vt 0.180999 0.022804
vt 0.149136 0.018557
vt 0.155368 0.022786
vt 0.149392 0.010359
vt 0.141809 0.014771
vt 0.133535 0.009556
vt 0.085807 0.026022
vt 0.078619 0.026424
vt 0.086850 0.015363
vt 0.525310 0.859297
vt 0.524912 0.864099
vt 0.523010 0.861604
vt 0.115018 0.574513
vt 0.118787 0.574685
vt 0.067114 0.980066
vt 0.111124 0.528911
vt 0.130581 0.534114
vt 0.117293 0.529965
vt 0.193771 0.525858
vt 0.199789 0.517378
vt 0.122964 0.256901
vt 0.258810 0.304081
vt 0.111200 0.045017
vt 0.107728 0.046059
vt 0.108547 0.041685
vt 0.105559 0.047946
vt 0.097218 0.038519
vt 0.100005 0.040310
vt 0.094883 0.040151
vt 0.095564 0.037581
vt 0.089570 0.042318
vt 0.099756 0.050005
vt 0.096174 0.044421
vt 0.104117 0.045017
vt 0.101747 0.053729
vt 0.096552 0.051976
vt 0.085313 0.052221
vt 0.259724 0.322369
vt 0.242300 0.341350
vt 0.090580 0.051018
vt 0.088231 0.131111
vt 0.082890 0.136201
vt 0.085879 0.143785
vt 0.190436 0.934625
vt 0.191512 0.933052
vt 0.196158 0.916023
vt 0.190668 0.914481
vt 0.068566 0.224140
vt 0.071496 0.206811
vt 0.213809 0.898266
vt 0.196922 0.896181
vt 0.044901 0.380321
vt 0.041432 0.384268
vt 0.043134 0.358050
vt 0.028857 0.181199
vt 0.026699 0.185648
vt 0.306453 0.205413
vt 0.025766 0.174315
vt 0.210359 0.906349
vt 0.210197 0.915245
vt 0.215718 0.915422
vt 0.004886 0.203102
vt 0.880776 0.765334
vt 0.881967 0.766447
vt 0.880230 0.763780
vt 0.880722 0.764153
vt 0.366580 0.354395
vt 0.366355 0.375493
vt 0.360437 0.366208
vt 0.355219 0.365040
vt 0.357716 0.384178
vt 0.360606 0.387515
vt 0.361619 0.332709
vt 0.366786 0.337452
vt 0.370560 0.335062
vt 0.370144 0.355778
vt 0.369669 0.377606
vt 0.884277 0.762126
vt 0.882626 0.762068
vt 0.886423 0.762472
vt 0.884803 0.763215
vt 0.372223 0.370646
vt 0.879138 0.761942
vt 0.344628 0.363700
vt 0.344429 0.340175
vt 0.859308 0.033953
vt 0.858853 0.038257
vt 0.891173 0.953984
vt 0.879304 0.953221
vt 0.876844 0.941619
vt 0.878210 0.937211
vt 0.886306 0.940040
vt 0.854890 0.035768
vt 0.406779 0.447344
vt 0.392804 0.445666
vt 0.391576 0.441605
vt 0.383176 0.448868
vt 0.105147 0.582337
vt 0.101804 0.580069
vt 0.853674 0.034074
vt 0.850263 0.940600
vt 0.204725 0.920629
vt 0.204981 0.919524
vt 0.203604 0.919907
vt 0.202623 0.922414
vt 0.205170 0.921676
vt 0.887054 0.643867
vt 0.901191 0.316492
vt 0.901319 0.659508
vt 0.908985 0.297819
vt 0.354193 0.041532
vt 0.396907 0.155366
vt 0.394941 0.027450
vt 0.402519 0.025906
vt 0.401952 0.031031
vt 0.410443 0.039937
vt 0.415440 0.042609
vt 0.413223 0.031913
vt 0.416988 0.034510
vt 0.420669 0.045678
vt 0.419366 0.042734
vt 0.425599 0.040650
vt 0.485954 0.299636
vt 0.490077 0.292050
vt 0.493487 0.297570
vt 0.505839 0.348572
vt 0.476152 0.045437
vt 0.474892 0.042329
vt 0.519013 0.900609
vt 0.512198 0.892410
vt 0.717308 0.151354
vt 0.579461 0.395693
vt 0.573535 0.378683
vt 0.579961 0.385551
vt 0.717771 0.164579
vt 0.510060 0.883502
vt 0.512716 0.890138
vt 0.590904 0.351877
vt 0.583673 0.388914
vt 0.578883 0.357961
vt 0.584558 0.406641
vt 0.555492 0.281092
vt 0.506078 0.869756
vt 0.511684 0.870923
vt 0.513949 0.880660
vt 0.510280 0.877023
vt 0.504025 0.886862
vt 0.505171 0.881236
vt 0.597179 0.335743
vt 0.591606 0.292243
vt 0.588036 0.294902
vt 0.730419 0.395194
vt 0.642323 0.405430
vt 0.526052 0.868571
vt 0.535144 0.858233
vt 0.543737 0.856967
vt 0.558780 0.160937
vt 0.688070 0.138384
vt 0.684275 0.146910
vt 0.695485 0.147578
vt 0.666325 0.135782
vt 0.523421 0.870093
vt 0.521703 0.864749
vt 0.602894 0.568321
vt 0.654097 0.419741
vt 0.663039 0.404623
vt 0.650605 0.406391
vt 0.531183 0.873400
vt 0.531058 0.875296
vt 0.674801 0.327110
vt 0.665187 0.317102
vt 0.661766 0.318904
vt 0.672820 0.313978
vt 0.672268 0.322264
vt 0.643758 0.428165
vt 0.636330 0.429787
vt 0.690688 0.384035
vt 0.622655 0.279500
vt 0.612388 0.325667
vt 0.616391 0.329594
vt 0.670358 0.096347
vt 0.698210 0.075519
vt 0.665516 0.950854
vt 0.590052 0.274433
vt 0.538526 0.897083
vt 0.520763 0.875598
vt 0.522346 0.875819
vt 0.711699 0.069240
vt 0.506819 0.050741
vt 0.509592 0.047391
vt 0.497100 0.030598
vt 0.726072 0.169361
vt 0.494628 0.638193
vt 0.502174 0.639818
vt 0.496015 0.641330
vt 0.496131 0.604842
vt 0.499388 0.605979
vt 0.418473 0.021303
vt 0.877704 0.334207
vt 0.404227 0.034012
vt 0.928801 0.205408
vt 0.389185 0.030243
vt 0.390225 0.034975
vt 0.388370 0.035332
vt 0.386497 0.025047
vt 0.915686 0.256717
vt 0.936985 0.218168
vt 0.435932 0.341961
vt 0.437935 0.316211
vt 0.425707 0.318296
vt 0.880651 0.945423
vt 0.902408 0.951965
vt 0.976163 0.957949
vt 0.964239 0.955789
vt 0.436941 0.405482
vt 0.989967 0.166454
vt 0.991883 0.170405
vt 0.975779 0.940061
vt 0.453639 0.437859
vt 0.033157 0.247600
vt 0.035669 0.253626
vt 0.033408 0.258883
vt 0.477052 0.629892
vt 0.482769 0.628901
vt 0.483586 0.635808
vt 0.031830 0.238134
vt 0.010887 0.147213
vt 0.007071 0.149827
vt 0.008199 0.144047
vt 0.464033 0.436017
vt 0.980514 0.944972
vt 0.364888 0.044625
vt 0.008186 0.601859
vt 0.036617 0.350276
vt 0.442121 0.431819
vt 0.428243 0.439130
vt 0.426275 0.443451
vt 0.013199 0.377050
vt 0.017828 0.355299
vt 0.448115 0.438575
vt 0.452661 0.440911
vt 0.407652 0.461003
vt 0.408077 0.467858
vt 0.391235 0.328708
vt 0.405754 0.328401
vt 0.404863 0.352367
vt 0.377797 0.326670
vt 0.384254 0.339405
vt 0.325097 0.198833
vt 0.205298 0.028172
vt 0.105375 0.604806
vt 0.351568 0.326575
vt 0.153368 0.214674
vt 0.201712 0.913473
vt 0.203910 0.913359
vt 0.196653 0.926136
vt 0.200032 0.919482
vt 0.201367 0.918047
vt 0.201224 0.919008
vt 0.358200 0.425540
vt 0.356869 0.413811
vt 0.106195 0.583615
vt 0.367733 0.446315
vt 0.112336 0.574392
vt 0.302891 0.043073
vt 0.266376 0.207068
vt 0.240545 0.487023
vt 0.229218 0.482332
vt 0.297463 0.447442
vt 0.290394 0.455528
vt 0.184643 0.934295
vt 0.179978 0.936383
vt 0.181391 0.926075
vt 0.263683 0.482508
vt 0.242051 0.482056
vt 0.282369 0.472377
vt 0.278561 0.482305
vt 0.288396 0.478763
vt 0.224522 0.034651
vt 0.122297 0.989488
vt 0.478446 0.634633
vt 0.201525 0.033451
vt 0.203898 0.040442
vt 0.201823 0.027209
vt 0.220200 0.009827
vt 0.237229 0.346306
vt 0.318893 0.352226
vt 0.311613 0.368897
vt 0.312381 0.348644
vt 0.322930 0.350643
vt 0.316405 0.338546
vt 0.328903 0.335398
vt 0.334804 0.342006
vt 0.320928 0.345280
vt 0.209153 0.927119
vt 0.208591 0.925248
vt 0.216624 0.920495
vt 0.206229 0.938162
vt 0.202316 0.938934
vt 0.230302 0.935989
vt 0.121933 0.592608
vt 0.123975 0.594168
vt 0.120165 0.593098
vt 0.114494 0.595502
vt 0.388603 0.387939
vt 0.389335 0.372594
vt 0.332436 0.775927
vt 0.133748 0.521764
vt 0.146969 0.514375
vt 0.148913 0.519228
vt 0.109779 0.595309
vt 0.107178 0.596761
vt 0.417886 0.382358
vt 0.082513 0.044561
vt 0.451198 0.454130
vt 0.452367 0.444854
vt 0.440425 0.443072
vt 0.078509 0.068641
vt 0.076583 0.058386
vt 0.418479 0.039201
vt 0.424353 0.037377
vt 0.069610 0.076389
vt 0.066502 0.070213
vt 0.070437 0.070106
vt 0.067639 0.083231
vt 0.066065 0.079200
vt 0.065359 0.101588
vt 0.063662 0.101706
vt 0.045953 0.863189
vt 0.045412 0.853947
vt 0.364013 0.031580
vt 0.364079 0.016408
vt 0.473225 0.339684
vt 0.477786 0.345390
vt 0.475185 0.349829
vt 0.054356 0.508613
vt 0.097332 0.482013
vt 0.498606 0.347359
vt 0.501986 0.341045
vt 0.508693 0.306744
vt 0.043960 0.426119
vt 0.017427 0.493420
vt 0.020847 0.491444
vt 0.955248 0.956797
vt 0.541099 0.356135
vt 0.565777 0.355890
vt 0.553299 0.311737
vt 0.956263 0.233805
vt 0.530057 0.165675
vt 0.548753 0.168602
vt 0.595647 0.269585
vt 0.576837 0.960909
vt 0.209408 0.921821
vt 0.584353 0.965107
vt 0.559424 0.967571
vt 0.859397 0.266925
vt 0.664224 0.322486
vt 0.674562 0.381982
vt 0.664236 0.335184
vt 0.216581 0.906241
vt 0.212874 0.903350
vt 0.217081 0.903081
vt 0.651938 0.041776
vt 0.659908 0.038955
vt 0.662812 0.042933
vt 0.676304 0.147846
vt 0.709690 0.158572
vt 0.647564 0.951579
vt 0.741947 0.945578
vt 0.529802 0.877689
vt 0.530716 0.878187
vt 0.527493 0.878546
vt 0.693986 0.387684
vt 0.664368 0.413118
vt 0.839506 0.038837
vt 0.530570 0.032836
vt 0.523542 0.036242
vt 0.208590 0.901841
vt 0.958185 0.134698
vt 0.956471 0.242964
vt 0.551298 0.132668
vt 0.884292 0.765196
vt 0.882505 0.765377
vt 0.551744 0.271859
vt 0.992921 0.174327
vt 0.992983 0.183323
vt 0.565628 0.279404
vt 0.065267 0.296052
vt 0.063322 0.289215
vt 0.066872 0.289996
vt 0.071106 0.274928
vt 0.070099 0.295154
vt 0.058851 0.287229
vt 0.068973 0.269975
vt 0.068560 0.280855
vt 0.501959 0.249802
vt 0.495070 0.600942
vt 0.485975 0.598998
vt 0.431215 0.028860
vt 0.435795 0.960999
vt 0.418727 0.960330
vt 0.410998 0.958118
vt 0.106069 0.568256
vt 0.100324 0.588472
vt 0.098528 0.569652
vt 0.205726 0.899656
vt 0.525585 0.426779
vt 0.499713 0.434771
vt 0.198048 0.904995
vt 0.471935 0.468532
vt 0.468415 0.466476
vt 0.221889 0.480535
vt 0.120843 0.584878
vt 0.246934 0.463211
vt 0.490319 0.429924
vt 0.291338 0.471412
vt 0.277596 0.418389
vt 0.366027 0.039372
vt 0.292460 0.463876
vt 0.287790 0.461281
vt 0.298559 0.457552
vt 0.312275 0.467110
vt 0.205204 0.924519
vt 0.328208 0.481554
vt 0.320995 0.475739
vt 0.324556 0.471904
vt 0.338672 0.351864
vt 0.335114 0.357658
vt 0.323764 0.331263
vt 0.343186 0.383692
vt 0.334011 0.329238
vt 0.354621 0.395970
vt 0.346689 0.386420
vt 0.187425 0.927476
vt 0.370618 0.453296
vt 0.345914 0.040347
vt 0.342253 0.033569
vt 0.346634 0.037128
vt 0.185859 0.941017
vt 0.300026 0.450548
vt 0.310326 0.453764
vt 0.195036 0.007037
vt 0.208806 0.008762
vt 0.195970 0.008762
vt 0.223373 0.041215
vt 0.226113 0.039132
vt 0.229162 0.043884
vt 0.189006 0.015617
vt 0.252306 0.319674
vt 0.189064 0.028970
vt 0.183815 0.028532
vt 0.534935 0.321993
vt 0.478060 0.040368
vt 0.105332 0.577467
vt 0.524557 0.873660
vt 0.525305 0.875441
vt 0.522910 0.874377
vt 0.523663 0.880186
vt 0.523351 0.878967
vt 0.525252 0.882672
vt 0.523240 0.881642
vt 0.525398 0.880664
vt 0.520496 0.880711
vt 0.523171 0.884994
vt 0.525830 0.885021
vt 0.528344 0.883394
vt 0.515859 0.892138
vt 0.516865 0.888236
vt 0.090107 0.044139
vt 0.098843 0.060760
vt 0.521392 0.881786
vt 0.522872 0.872658
vt 0.519947 0.872410
vt 0.628965 0.284118
vt 0.054295 0.515181
vt 0.057955 0.519241
vt 0.083025 0.105188
vt 0.532257 0.881346
vt 0.533457 0.879841
vt 0.530071 0.885341
vt 0.087904 0.125152
vt 0.629565 0.571832
vt 0.619438 0.567916
vt 0.643261 0.579446
vt 0.065437 0.157318
vt 0.676138 0.582032
vt 0.065714 0.280450
vt 0.034759 0.344489
vt 0.481005 0.603560
vt 0.475029 0.603234
vt 0.036169 0.524091
vt 0.026772 0.521882
vt 0.017939 0.521156
vt 0.017475 0.440777
vt 0.048090 0.385161
vt 0.024735 0.240547
vt 0.882026 0.769878
vt 0.887230 0.772412
vt 0.889867 0.770067
vt 0.886895 0.764658
vt 0.887945 0.762479
vt 0.885593 0.761072
vt 0.796352 0.365490
vt 0.476688 0.616013
vt 0.927636 0.234043
vt 0.937826 0.232118
vt 0.527751 0.051304
vt 0.546415 0.041117
vt 0.543532 0.041680
vt 0.590602 0.967098
vt 0.021390 0.502870
vt 0.885511 0.764080
vt 0.884188 0.766577
vt 0.911201 0.291320
vt 0.002157 0.580210
vt 0.001813 0.589810
vt 0.016387 0.395530
vt 0.017255 0.405735
vt 0.046012 0.296535
vt 0.044439 0.287953
vt 0.021616 0.342328
vt 0.025433 0.330574
vt 0.112559 0.479815
vt 0.098440 0.479096
vt 0.141109 0.468240
vt 0.028529 0.314561
vt 0.032400 0.306439
vt 0.136494 0.481794
vt 0.722880 0.114961
vt 0.107444 0.575561
vt 0.110409 0.580073
vt 0.110731 0.574859
vt 0.126288 0.572267
vt 0.128039 0.575253
vt 0.131622 0.583109
vt 0.130410 0.586673
vt 0.130078 0.580206
vt 0.126621 0.580938
vt 0.134736 0.586692
vt 0.134536 0.579748
vt 0.114373 0.578550
vt 0.116464 0.575777
vt 0.115356 0.577362
vt 0.112290 0.582417
vt 0.720384 0.373808
vt 0.723720 0.371770
vt 0.117315 0.574585
vt 0.113178 0.580944
vt 0.115345 0.578804
vt 0.113000 0.581711
vt 0.113108 0.582470
vt 0.113102 0.583365
vt 0.718368 0.381123
vt 0.702299 0.377853
vt 0.119773 0.580533
vt 0.115420 0.585255
vt 0.117786 0.580031
vt 0.117967 0.581992
vt 0.118022 0.580889
vt 0.114920 0.581325
vt 0.116974 0.580724
vt 0.116856 0.581541
vt 0.272288 0.489041
vt 0.252433 0.032132
vt 0.267206 0.043370
vt 0.692625 0.036960
vt 0.688753 0.041548
vt 0.687879 0.037702
vt 0.704419 0.954683
vt 0.502863 0.625563
vt 0.018826 0.532954
vt 0.002893 0.540379
vt 0.013085 0.539739
vt 0.609777 0.408364
vt 0.345783 0.464062
vt 0.339792 0.462806
vt 0.537263 0.386986
vt 0.536518 0.354620
vt 0.556536 0.417595
vt 0.549411 0.419439
vt 0.560025 0.420318
vt 0.547270 0.425441
vt 0.295295 0.013735
vt 0.541965 0.435031
vt 0.326244 0.552981
vt 0.388878 0.482597
vt 0.389233 0.479032
vt 0.459870 0.295895
vt 0.381565 0.550600
vt 0.526793 0.875912
vt 0.202681 0.919450
vt 0.202287 0.920156
vt 0.340315 0.200677
vt 0.480119 0.541586
vt 0.297431 0.029025
vt 0.523944 0.542259
vt 0.489546 0.615059
vt 0.486716 0.605347
vt 0.483562 0.609623
vt 0.493620 0.602940
vt 0.488757 0.617071
vt 0.492555 0.610912
vt 0.500751 0.601629
vt 0.490756 0.624546
vt 0.376647 0.035875
vt 0.383929 0.031806
vt 0.500476 0.610307
vt 0.503370 0.605645
vt 0.495134 0.633590
vt 0.499420 0.633034
vt 0.502157 0.634419
vt 0.506354 0.638354
vt 0.326012 0.393309
vt 0.526533 0.880175
vt 0.526607 0.879421
vt 0.494919 0.622712
vt 0.502039 0.614215
vt 0.510229 0.623207
vt 0.379475 0.039318
vt 0.381101 0.037695
vt 0.496818 0.616667
vt 0.494506 0.618641
vt 0.809934 0.942796
vt 0.495811 0.617846
vt 0.497209 0.617885
vt 0.496639 0.618332
vt 0.499039 0.619995
vt 0.497545 0.618794
vt 0.497986 0.619715
vt 0.497601 0.621075
vt 0.498217 0.620512
vt 0.498540 0.619584
vt 0.188284 0.204039
vt 0.158210 0.512630
vt 0.149751 0.523890
vt 0.126867 0.596782
vt 0.658037 0.577687
vt 0.119191 0.507569
vt 0.122627 0.504235
vt 0.126506 0.505778
vt 0.125831 0.502990
vt 0.705653 0.411799
vt 0.042824 0.912900
vt 0.043813 0.893048
vt 0.044329 0.899703
vt 0.044362 0.878224
vt 0.043755 0.888217
vt 0.049586 0.873035
vt 0.856462 0.757544
vt 0.861171 0.760402
vt 0.035845 0.305117
vt 0.713941 0.587597
vt 0.721414 0.589723
vt 0.048744 0.271241
vt 0.053927 0.274589
vt 0.043204 0.281802
vt 0.750338 0.399137
vt 0.765288 0.037142
vt 0.057390 0.407487
vt 0.743853 0.594902
vt 0.746126 0.594048
vt 0.969848 0.050757
vt 0.777718 0.385706
vt 0.774570 0.388739
vt 0.782900 0.599737
vt 0.879986 0.764956
vt 0.720321 0.034922
vt 0.789363 0.326699
vt 0.793701 0.609580
vt 0.653554 0.954427
vt 0.801369 0.608218
vt 0.821930 0.615578
vt 0.817999 0.612285
vt 0.897166 0.250613
vt 0.839055 0.360609
vt 0.847798 0.353610
vt 0.833713 0.616559
vt 0.858432 0.347072
vt 0.867481 0.276802
vt 0.795235 0.334725
vt 0.865004 0.752360
vt 0.867527 0.747869
vt 0.681958 0.038166
vt 0.697351 0.955318
vt 0.689789 0.955170
vt 0.688591 0.953749
vt 0.682082 0.952177
vt 0.872446 0.763952
vt 0.692158 0.951428
vt 0.868740 0.772001
vt 0.873448 0.774957
vt 0.871266 0.777271
vt 0.881044 0.779093
vt 0.883346 0.780516
vt 0.873460 0.765592
vt 0.876499 0.768619
vt 0.876528 0.762453
vt 0.876354 0.767219
vt 0.877833 0.767002
vt 0.877709 0.762800
vt 0.951499 0.179981
vt 0.879895 0.761629
vt 0.879915 0.762841
vt 0.880715 0.762879
vt 0.880227 0.762481
vt 0.880889 0.763431
vt 0.881631 0.763300
vt 0.881338 0.763948
vt 0.796485 0.944804
vt 0.790990 0.033338
vt 0.608466 0.045035
vt 0.027617 0.259013
vt 0.026969 0.232423
vt 0.025338 0.483111
vt 0.019091 0.485514
vt 0.027544 0.219634
vt 0.035086 0.210711
vt 0.026837 0.167879
vt 0.025512 0.162575
vt 0.994907 0.935627
vt 0.995239 0.930105
vt 0.021135 0.163826
vt 0.012385 0.490598
vt 0.058638 0.464279
vt 0.035273 0.453665
vt 0.677033 0.384299
vt 0.652921 0.368393
vt 0.065344 0.202853
vt 0.481862 0.962809
vt 0.055230 0.150779
vt 0.108561 0.505616
vt 0.171685 0.464872
vt 0.176000 0.468044
vt 0.507195 0.864039
vt 0.510794 0.859371
vt 0.583214 0.319783
vt 0.062070 0.144012
vt 0.061929 0.136009
vt 0.562403 0.321697
vt 0.547756 0.284247
vt 0.546218 0.275105
vt 0.125992 0.510871
vt 0.060612 0.111082
vt 0.059892 0.115540
vt 0.643373 0.041414
vt 0.647274 0.045335
vt 0.675351 0.953918
vt 0.660186 0.959694
vt 0.658536 0.960861
vt 0.502223 0.046594
vt 0.580989 0.403974
vt 0.503172 0.454492
vt 0.495567 0.454034
vt 0.496543 0.458560
vt 0.493493 0.463206
vt 0.485797 0.459889
vt 0.482769 0.303103
vt 0.193480 0.039757
vt 0.399809 0.315790
vt 0.186915 0.922009
vt 0.184739 0.927455
vt 0.182505 0.920780
vt 0.193596 0.903122
vt 0.192017 0.907455
vt 0.297637 0.032487
vt 0.201634 0.919633
vt 0.200881 0.920015
vt 0.307258 0.012162
vt 0.311810 0.016814
vt 0.277085 0.436089
vt 0.280017 0.426260
vt 0.277248 0.448773
vt 0.119177 0.585516
vt 0.118006 0.586572
vt 0.116412 0.585468
vt 0.120140 0.586800
vt 0.124743 0.589569
vt 0.117949 0.588531
vt 0.165505 0.024563
vt 0.166480 0.019609
vt 0.110833 0.559514
vt 0.147064 0.008083
vt 0.131771 0.576885
vt 0.127207 0.568890
vt 0.469401 0.469342
vt 0.441246 0.543032
vt 0.430857 0.039251
vt 0.438222 0.038033
vt 0.439142 0.040789
vt 0.433018 0.043030
vt 0.109359 0.557544
vt 0.118582 0.555976
vt 0.114674 0.560009
vt 0.115237 0.504542
vt 0.119414 0.517642
vt 0.122026 0.515922
vt 0.127163 0.591426
vt 0.071279 0.082907
vt 0.349988 0.448562
vt 0.003718 0.550448
vt 0.296176 0.042221
vt 0.558072 0.325782
vt 0.300564 0.040655
vt 0.968149 0.092163
vt 0.967796 0.100434
vt 0.903549 0.764894
vt 0.899760 0.762637
vt 0.885092 0.775028
vt 0.897490 0.760278
vt 0.901576 0.757190
vt 0.895048 0.753093
vt 0.898336 0.755735
vt 0.895487 0.758223
vt 0.893035 0.753915
vt 0.873423 0.780845
vt 0.818761 0.941122
vt 0.521824 0.883474
vt 0.523864 0.883317
vt 0.525786 0.879526
vt 0.526832 0.881373
vt 0.527968 0.881479
vt 0.527220 0.883753
vt 0.528821 0.881615
vt 0.529174 0.875165
vt 0.529858 0.876693
vt 0.725228 0.953676
vt 0.134492 0.590214
vt 0.670693 0.952356
vt 0.632608 0.956715
vt 0.606486 0.042384
vt 0.625345 0.953511
vt 0.620641 0.951669
vt 0.603793 0.044694
vt 0.263905 0.025082
vt 0.565714 0.969316
vt 0.949998 0.708547
vt 0.960532 0.729195
vt 0.556006 0.970920
vt 0.518293 0.859847
vt 0.520986 0.855929
vt 0.924591 0.291300
vt 0.875880 0.748426
vt 0.479230 0.607920
vt 0.930209 0.940753
vt 0.917986 0.943372
vt 0.964565 0.215377
vt 0.963743 0.959125
vt 0.975137 0.962943
vt 0.969887 0.961876
vt 0.994894 0.895435
vt 0.009994 0.491370
vt 0.079245 0.469797
vt 0.074125 0.467026
vt 0.441156 0.033315
vt 0.123097 0.479964
vt 0.468378 0.296072
vt 0.502909 0.423483
vt 0.042475 0.781780
vt 0.038034 0.766057
vt 0.038713 0.776273
vt 0.038674 0.790170
vt 0.044479 0.922417
vt 0.065265 0.075229
vt 0.515151 0.874666
vt 0.072872 0.060946
vt 0.044647 0.869254
vt 0.514065 0.884241
vt 0.516966 0.883975
vt 0.520064 0.897096
vt 0.524706 0.898889
vt 0.185408 0.469041
vt 0.191441 0.468751
vt 0.187830 0.472474
vt 0.159377 0.485928
vt 0.192566 0.465262
vt 0.104058 0.596917
vt 0.127377 0.565170
vt 0.106980 0.592568
vt 0.110107 0.601037
vt 0.368053 0.330374
vt 0.371804 0.449478
vt 0.371079 0.446192
vt 0.338593 0.481036
vt 0.336765 0.484184
vt 0.351703 0.379404
vt 0.345465 0.326308
vt 0.333036 0.399489
vt 0.336876 0.456082
vt 0.338523 0.460325
vt 0.290580 0.299247
vt 0.307278 0.463458
vt 0.305491 0.454783
vt 0.307733 0.446659
vt 0.318717 0.462157
vt 0.196731 0.928559
vt 0.287669 0.456932
vt 0.205292 0.934136
vt 0.208190 0.934953
vt 0.220256 0.995151
vt 0.210860 0.998143
vt 0.161350 0.005551
vt 0.199425 0.504572
vt 0.199457 0.501439
vt 0.202815 0.500490
vt 0.197051 0.508788
vt 0.227981 0.363879
vt 0.628100 0.398869
vt 0.864723 0.939796
vt 0.883555 0.767366
vt 0.091106 0.573457
vt 0.091890 0.588093
vt 0.416972 0.308815
vt 0.427173 0.472820
vt 0.464953 0.439928
vt 0.064637 0.095856
vt 0.068737 0.091958
vt 0.063696 0.124153
vt 0.058964 0.125853
vt 0.488674 0.416369
vt 0.046271 0.208226
vt 0.054792 0.161907
vt 0.060764 0.164746
vt 0.880760 0.764792
vt 0.453799 0.024552
vt 0.465745 0.027420
vt 0.024905 0.527049
vt 0.031943 0.526810
vt 0.536591 0.414474
vt 0.534717 0.397773
vt 0.909436 0.250087
vt 0.098755 0.591377
vt 0.503584 0.623746
vt 0.618364 0.437159
vt 0.127732 0.522581
vt 0.129637 0.526912
vt 0.946997 0.191130
vt 0.649600 0.389491
vt 0.652421 0.386708
vt 0.652106 0.317348
vt 0.650813 0.312900
vt 0.526183 0.875929
vt 0.525246 0.876179
vt 0.528028 0.871970
vt 0.735392 0.040143
vt 0.736690 0.038045
vt 0.729478 0.059106
vt 0.715388 0.035732
vt 0.528827 0.879931
vt 0.646631 0.963217
vt 0.632301 0.046850
vt 0.164094 0.033943
vt 0.162913 0.030178
vt 0.744595 0.321720
vt 0.701657 0.382845
vt 0.696749 0.376186
vt 0.698096 0.381045
vt 0.709123 0.955947
vt 0.714250 0.957272
vt 0.525334 0.877257
vt 0.540883 0.878081
vt 0.540359 0.900404
vt 0.547776 0.877497
vt 0.545293 0.870885
vt 0.547147 0.868596
vt 0.542875 0.871222
vt 0.540106 0.870481
vt 0.768276 0.950347
vt 0.775193 0.948776
vt 0.572791 0.265821
vt 0.544177 0.544717
vt 0.561428 0.370433
vt 0.881095 0.758748
vt 0.005232 0.274620
vt 0.007318 0.260058
vt 0.960166 0.134663
vt 0.094332 0.581251
vt 0.930779 0.032261
vt 0.943547 0.032339
vt 0.925277 0.034448
vt 0.096500 0.574752
vt 0.987310 0.157250
vt 0.991675 0.158147
vt 0.366196 0.029556
vt 0.399003 0.044473
vt 0.387823 0.027862
vt 0.354950 0.963840
vt 0.384799 0.041812
vt 0.439244 0.311401
vt 0.387862 0.041855
vt 0.162894 0.467203
vt 0.441868 0.436236
vt 0.432483 0.445033
vt 0.116806 0.015277
vt 0.148440 0.036658
vt 0.202796 0.478186
vt 0.207307 0.925818
vt 0.210750 0.922354
vt 0.053254 0.520602
vt 0.116927 0.989280
vt 0.218804 0.919623
vt 0.013511 0.156911
vt 0.220261 0.910333
vt 0.221680 0.907899
vt 0.268705 0.453820
vt 0.274458 0.453284
vt 0.284388 0.456903
vt 0.273895 0.448193
vt 0.193028 0.995895
vt 0.220338 0.007026
vt 0.231087 0.037673
vt 0.241024 0.032783
vt 0.224747 0.030376
vt 0.217475 0.025810
vt 0.209400 0.022183
vt 0.508856 0.630671
vt 0.505692 0.628863
vt 0.200969 0.916398
vt 0.201546 0.915302
vt 0.200662 0.922126
vt 0.216291 0.917773
vt 0.204429 0.922113
vt 0.106454 0.023878
vt 0.076478 0.032790
vt 0.044592 0.835506
vt 0.042598 0.803899
vt 0.058800 0.152045
vt 0.358106 0.021264
vt 0.385517 0.039028
vt 0.390962 0.040666
vt 0.044599 0.526697
vt 0.542152 0.892274
vt 0.023276 0.438439
vt 0.537541 0.872739
vt 0.987258 0.165129
vt 0.992168 0.842152
vt 0.497537 0.465455
vt 0.498182 0.463270
vt 0.506443 0.462726
vt 0.482263 0.538970
vt 0.509438 0.457973
vt 0.486237 0.039098
vt 0.449985 0.959529
vt 0.908951 0.258334
vt 0.606780 0.427189
vt 0.612777 0.564744
vt 0.524009 0.876947
vt 0.632295 0.407953
vt 0.803660 0.031722
vt 0.808978 0.032362
vt 0.590454 0.046386
vt 0.606177 0.968069
vt 0.604066 0.277511
vt 0.549749 0.974252
vt 0.532344 0.967473
vt 0.558627 0.449155
vt 0.854709 0.945155
vt 0.854351 0.951174
vt 0.487496 0.640844
vt 0.490083 0.637147
vt 0.530140 0.289649
vt 0.970871 0.066009
vt 0.981624 0.949608
vt 0.979515 0.957077
vt 0.014044 0.162447
vt 0.032426 0.720204
vt 0.031847 0.699412
vt 0.031632 0.734677
vt 0.041126 0.264694
vt 0.364169 0.037524
vt 0.119019 0.522538
vt 0.347777 0.335253
vt 0.350402 0.353842
vt 0.199614 0.914631
vt 0.295830 0.455617
vt 0.356145 0.460782
vt 0.134245 0.005951
vt 0.088500 0.986743
vt 0.049607 0.951893
vt 0.082980 0.028031
vt 0.165110 0.495022
vt 0.081861 0.018534
vt 0.447216 0.469996
vt 0.101134 0.056351
vt 0.998143 0.907722
vt 0.881433 0.764675
vt 0.887310 0.759980
vt 0.882267 0.947636
vt 0.911358 0.308461
vt 0.521257 0.873847
vt 0.608968 0.966685
vt 0.006202 0.145643
vt 0.761264 0.951775
vt 0.764183 0.952696
vt 0.808059 0.945481
vt 0.815927 0.036494
vt 0.900881 0.954937
vt 0.526728 0.539544
vt 0.209040 0.923600
vt 0.140884 0.994123
vt 0.064537 0.091909
vt 0.053698 0.159097
vt 0.045648 0.842388
vt 0.041682 0.841193
vt 0.090515 0.472124
vt 0.026657 0.156337
vt 0.754779 0.036278
vt 0.654315 0.046829
vt 0.742591 0.035416
vt 0.699141 0.140941
vt 0.526252 0.878541
vt 0.526075 0.877623
vt 0.606434 0.329345
vt 0.652062 0.963913
vt 0.649061 0.964512
vt 0.470417 0.618775
vt 0.193220 0.944745
vt 0.198565 0.946705
vt 0.175839 0.995708
vt 0.017721 0.415295
vt 0.018967 0.447266
vt 0.002927 0.529341
vt 0.921650 0.032639
vt 0.822315 0.033909
vt 0.830650 0.034405
vt 0.029301 0.263874
vt 0.030914 0.253194
vt 0.015219 0.144897
vt 0.015262 0.384420
vt 0.623225 0.962122
vt 0.507118 0.626205
vt 0.064272 0.085751
vt 0.681223 0.418401
vt 0.006517 0.598502
vt 0.862134 0.754441
vt 0.638726 0.039769
vt 0.637405 0.039780
vt 0.650267 0.039062
vt 0.645573 0.039413
vt 0.593161 0.044827
vt 0.052198 0.180632
vt 0.601066 0.042334
vt 0.017889 0.432214
vt 0.586410 0.968370
vt 0.886378 0.746273
vt 0.031075 0.703885
vt 0.964381 0.034028
vt 0.773796 0.036727
vt 0.002998 0.545544
s 0
usemtl _texture
f 2/1/1 3/2/1 4/3/1
f 6/4/2 13/5/2 14/6/2
f 1764/7/3 2692/8/3 15/9/3
f 42/10/4 9/11/4 13/12/4
f 26/13/5 27/14/5 28/15/5
f 35/16/6 36/17/6 1754/18/6
f 9/11/7 42/10/7 43/19/7
f 39/20/8 2709/21/8 47/22/8
f 51/23/9 65/24/9 66/25/9
f 65/24/10 51/23/10 2917/26/10
f 4513/27/11 70/28/11 71/29/11
f 80/30/12 1640/31/12 79/32/12
f 1177/33/13 40/34/13 10/35/13
f 63/36/14 102/37/14 85/38/14
f 88/39/15 1896/40/15 57/41/15
f 1677/42/16 86/43/16 1700/44/16
f 57/41/17 89/45/17 64/46/17
f 27/14/18 90/47/18 75/48/18
f 69/49/19 68/50/19 24/51/19
f 29/52/20 24/51/20 23/53/20
f 22/54/21 72/55/21 28/15/21
f 41/56/22 94/57/22 92/58/22
f 94/57/23 95/59/23 96/60/23
f 96/60/24 92/58/24 94/57/24
f 99/61/25 3739/62/25 3738/63/25
f 102/37/26 63/36/26 103/64/26
f 98/65/27 107/66/27 1625/67/27
f 72/55/28 109/68/28 108/69/28
f 3744/70/29 112/71/29 1790/72/29
f 1678/73/30 115/74/30 86/43/30
f 3354/75/31 2651/76/31 115/74/31
f 128/77/32 125/78/32 120/79/32
f 127/80/33 4514/81/33 128/77/33
f 132/82/34 133/83/34 152/84/34
f 135/85/35 1953/86/35 1954/87/35
f 3035/88/36 136/89/36 137/90/36
f 144/91/37 131/92/37 130/93/37
f 138/94/38 166/95/38 139/96/38
f 145/97/39 1841/98/39 146/99/39
f 101/100/40 154/101/40 151/102/40
f 160/103/41 163/104/41 2665/105/41
f 171/106/42 172/107/42 173/108/42
f 175/109/43 172/110/43 171/111/43
f 177/112/44 174/113/44 178/114/44
f 3008/115/45 187/116/45 184/117/45
f 188/118/46 143/119/46 195/120/46
f 198/121/47 1809/122/47 153/123/47
f 199/124/48 2640/125/48 200/126/48
f 188/118/49 195/120/49 201/127/49
f 201/127/50 206/128/50 202/129/50
f 206/128/51 204/130/51 202/129/51
f 208/131/52 210/132/52 211/133/52
f 204/130/53 230/134/53 1857/135/53
f 215/136/54 216/137/54 217/138/54
f 221/139/55 1857/135/55 230/134/55
f 221/139/56 232/140/56 222/141/56
f 214/142/57 225/143/57 245/144/57
f 225/143/58 214/142/58 3802/145/58
f 1470/146/59 3802/145/59 228/147/59
f 227/148/60 1533/149/60 1485/150/60
f 204/130/61 206/128/61 230/134/61
f 1966/151/62 230/134/62 206/128/62
f 231/152/63 221/139/63 230/134/63
f 231/152/64 230/134/64 237/153/64
f 2822/154/65 232/140/65 231/152/65
f 1966/151/66 237/153/66 230/134/66
f 239/155/67 241/156/67 240/157/67
f 2027/158/68 218/159/68 243/160/68
f 246/161/69 247/162/69 248/163/69
f 218/159/70 249/164/70 1399/165/70
f 255/166/71 254/167/71 2843/168/71
f 253/169/72 256/170/72 480/171/72
f 231/152/73 237/153/73 259/172/73
f 2627/173/74 258/174/74 2575/175/74
f 266/176/75 244/177/75 260/178/75
f 255/166/76 270/179/76 254/167/76
f 1528/180/77 278/181/77 279/182/77
f 272/183/78 280/184/78 279/182/78
f 290/185/79 292/186/79 289/187/79
f 295/188/80 2759/189/80 298/190/80
f 289/187/81 294/191/81 298/190/81
f 289/187/82 298/190/82 290/185/82
f 244/177/83 303/192/83 264/193/83
f 2817/194/84 262/195/84 304/196/84
f 310/197/85 311/198/85 4509/199/85
f 307/200/86 2039/201/86 306/202/86
f 337/203/87 321/204/87 324/205/87
f 2041/206/88 297/207/88 404/208/88
f 299/209/89 1542/210/89 296/211/89
f 331/212/90 326/213/90 328/214/90
f 324/205/91 293/215/91 337/203/91
f 313/216/92 343/217/92 344/218/92
f 350/219/93 421/220/93 351/221/93
f 353/222/94 354/223/94 441/224/94
f 391/225/95 269/226/95 286/227/95
f 362/228/96 269/226/96 391/225/96
f 365/229/97 366/230/97 367/231/97
f 418/232/98 451/233/98 369/234/98
f 310/197/99 370/235/99 302/236/99
f 346/237/100 305/238/100 308/239/100
f 312/240/101 252/241/101 314/242/101
f 311/198/102 252/241/102 312/240/102
f 4509/199/103 311/198/103 312/240/103
f 312/240/104 314/242/104 313/216/104
f 320/243/105 317/244/105 374/245/105
f 367/231/106 2828/246/106 348/247/106
f 269/226/107 362/228/107 357/248/107
f 350/219/108 362/228/108 383/249/108
f 392/250/109 393/251/109 394/252/109
f 3821/253/110 395/254/110 396/255/110
f 397/256/111 431/257/111 368/258/111
f 283/259/112 282/260/112 368/258/112
f 399/261/113 400/262/113 282/260/113
f 398/263/114 384/264/114 401/265/114
f 407/266/115 385/267/115 390/268/115
f 414/269/116 408/270/116 390/268/116
f 407/266/117 390/268/117 408/270/117
f 349/271/118 381/272/118 380/273/118
f 415/274/119 416/275/119 417/276/119
f 415/274/120 417/276/120 414/269/120
f 357/248/121 315/277/121 387/278/121
f 423/279/122 425/280/122 424/281/122
f 391/225/123 285/282/123 284/283/123
f 435/284/124 436/285/124 425/280/124
f 431/257/125 397/256/125 412/286/125
f 425/280/126 436/285/126 424/281/126
f 438/287/127 439/288/127 3116/289/127
f 444/290/128 445/291/128 440/292/128
f 440/292/129 360/293/129 359/294/129
f 362/228/130 350/219/130 357/248/130
f 444/290/131 409/295/131 445/291/131
f 455/296/132 369/234/132 453/297/132
f 351/221/133 421/220/133 315/277/133
f 359/294/134 360/293/134 450/298/134
f 378/299/135 410/300/135 355/301/135
f 370/235/136 444/290/136 410/300/136
f 354/223/137 353/222/137 442/302/137
f 414/269/138 417/276/138 479/303/138
f 461/304/139 2900/305/139 4181/306/139
f 2901/307/140 461/304/140 463/308/140
f 464/309/141 466/310/141 462/311/141
f 486/312/142 473/313/142 474/314/142
f 475/315/143 476/316/143 471/317/143
f 476/318/144 475/319/144 2044/320/144
f 1298/321/145 477/322/145 478/323/145
f 477/322/146 1298/321/146 3125/324/146
f 487/325/147 495/326/147 488/327/147
f 4128/328/148 482/329/148 501/330/148
f 489/331/149 504/332/149 505/333/149
f 475/315/150 503/334/150 540/335/150
f 487/325/151 488/327/151 496/336/151
f 506/337/152 540/335/152 595/338/152
f 481/339/153 3813/340/153 501/330/153
f 516/341/154 517/342/154 2067/343/154
f 518/344/155 519/345/155 520/346/155
f 522/347/156 521/348/156 523/349/156
f 529/350/157 532/351/157 531/352/157
f 1350/353/158 530/354/158 1349/355/158
f 3254/356/159 532/351/159 3240/357/159
f 502/358/160 539/359/160 503/334/160
f 558/360/161 541/361/161 542/362/161
f 547/363/162 496/336/162 508/364/162
f 179/365/163 180/366/163 226/367/163
f 551/368/164 499/369/164 510/370/164
f 475/315/165 540/335/165 560/371/165
f 549/372/166 546/373/166 559/374/166
f 546/373/167 550/375/167 562/376/167
f 502/358/168 488/327/168 545/377/168
f 570/378/169 571/379/169 572/380/169
f 549/372/170 554/381/170 557/382/170
f 574/383/171 573/384/171 575/385/171
f 571/379/172 576/386/172 572/380/172
f 503/334/173 539/359/173 540/335/173
f 579/387/174 560/371/174 540/335/174
f 2112/388/175 2114/389/175 580/390/175
f 540/335/176 539/359/176 545/377/176
f 545/377/177 4189/391/177 588/392/177
f 593/393/178 594/394/178 589/395/178
f 606/396/179 607/397/179 1254/398/179
f 612/399/180 608/400/180 609/401/180
f 611/402/181 612/399/181 607/397/181
f 610/403/182 555/404/182 560/405/182
f 621/406/183 622/407/183 619/408/183
f 2175/409/184 622/407/184 2227/410/184
f 617/411/185 616/412/185 620/413/185
f 618/414/186 621/406/186 619/408/186
f 587/415/187 586/416/187 556/417/187
f 555/404/188 610/403/188 625/418/188
f 581/419/189 555/404/189 625/418/189
f 624/420/190 623/421/190 577/422/190
f 2155/423/191 623/421/191 620/413/191
f 628/424/192 677/425/192 626/426/192
f 632/427/193 633/428/193 627/429/193
f 640/430/194 3009/431/194 2150/432/194
f 646/433/195 643/434/195 644/435/195
f 647/436/196 583/437/196 2525/438/196
f 649/439/197 648/440/197 647/436/197
f 595/338/198 540/335/198 545/377/198
f 3223/441/199 649/439/199 3224/442/199
f 658/443/200 506/337/200 669/444/200
f 623/421/201 624/420/201 662/445/201
f 663/446/202 610/403/202 658/447/202
f 665/448/203 666/449/203 656/450/203
f 658/443/204 669/444/204 656/450/204
f 659/451/205 658/443/205 656/450/205
f 651/452/206 671/453/206 668/454/206
f 3223/441/207 654/455/207 651/452/207
f 658/447/208 659/456/208 663/446/208
f 655/457/209 653/458/209 665/448/209
f 620/413/210 662/445/210 676/459/210
f 686/460/211 681/461/211 682/462/211
f 3907/463/212 687/464/212 609/401/212
f 684/465/213 688/466/213 689/467/213
f 695/468/214 696/469/214 697/470/214
f 698/471/215 695/468/215 692/472/215
f 695/468/216 691/473/216 692/472/216
f 660/474/217 717/475/217 708/476/217
f 661/477/218 713/478/218 597/479/218
f 653/458/219 708/476/219 666/449/219
f 717/475/220 718/480/220 709/481/220
f 719/482/221 718/480/221 720/483/221
f 723/484/222 707/485/222 706/486/222
f 722/487/223 659/456/223 670/488/223
f 724/489/224 1167/490/224 714/491/224
f 709/481/225 726/492/225 716/493/225
f 725/494/226 716/493/226 726/492/226
f 727/495/227 728/496/227 711/497/227
f 706/486/228 722/487/228 723/484/228
f 722/498/229 670/499/229 666/449/229
f 3931/500/230 3927/501/230 714/491/230
f 729/502/231 706/503/231 707/504/231
f 750/505/232 734/506/232 722/487/232
f 748/507/233 749/508/233 746/509/233
f 780/510/234 734/506/234 750/505/234
f 761/511/235 3174/512/235 763/513/235
f 3950/514/236 3948/515/236 763/516/236
f 733/517/237 3282/518/237 759/519/237
f 759/519/238 758/520/238 765/521/238
f 766/522/239 759/519/239 3282/518/239
f 2220/523/240 760/524/240 764/525/240
f 1154/526/241 778/527/241 773/528/241
f 724/489/242 804/529/242 3157/530/242
f 724/489/243 3157/530/243 779/531/243
f 781/532/244 3927/501/244 782/533/244
f 732/534/245 780/510/245 783/535/245
f 784/536/246 785/537/246 786/538/246
f 787/539/247 792/540/247 789/541/247
f 836/542/248 791/543/248 3641/544/248
f 790/545/249 794/546/249 795/547/249
f 3658/548/250 836/542/250 3641/544/250
f 797/549/251 798/550/251 3283/551/251
f 795/547/252 800/552/252 3163/553/252
f 781/532/253 782/533/253 4050/554/253
f 801/555/254 2469/556/254 848/557/254
f 807/558/255 783/535/255 806/559/255
f 806/559/256 783/535/256 812/560/256
f 783/535/257 780/510/257 812/560/257
f 806/559/258 805/561/258 807/558/258
f 815/562/259 805/561/259 806/559/259
f 830/563/260 826/564/260 3320/565/260
f 831/566/261 3320/565/261 833/567/261
f 836/542/262 3117/568/262 791/543/262
f 845/569/263 846/570/263 819/571/263
f 4229/572/264 4230/573/264 2408/574/264
f 856/575/265 815/562/265 855/576/265
f 941/577/266 940/578/266 859/579/266
f 856/575/267 4034/580/267 815/562/267
f 864/581/268 855/576/268 812/560/268
f 855/576/269 864/581/269 865/582/269
f 858/583/270 866/584/270 862/585/270
f 863/586/271 868/587/271 862/585/271
f 857/588/272 858/583/272 862/585/272
f 871/589/273 864/581/273 869/590/273
f 865/582/274 864/581/274 871/589/274
f 4035/591/275 871/589/275 2305/592/275
f 869/590/276 2305/592/276 871/589/276
f 873/593/277 4022/594/277 872/595/277
f 2305/592/278 869/590/278 2347/596/278
f 869/590/279 875/597/279 2347/596/279
f 876/598/280 882/599/280 885/600/280
f 876/601/281 906/602/281 879/603/281
f 887/604/282 891/605/282 888/606/282
f 2229/607/283 4037/608/283 902/609/283
f 888/606/284 889/610/284 887/604/284
f 908/611/285 2310/612/285 813/613/285
f 866/584/286 858/583/286 910/614/286
f 872/595/287 908/611/287 3142/615/287
f 927/616/288 863/586/288 866/584/288
f 911/617/289 863/586/289 927/616/289
f 4435/618/290 928/619/290 924/620/290
f 941/577/291 942/621/291 940/578/291
f 860/622/292 868/587/292 3957/623/292
f 862/585/293 866/584/293 863/586/293
f 845/569/294 819/571/294 945/624/294
f 944/625/295 948/626/295 946/627/295
f 3957/623/296 2295/628/296 860/622/296
f 951/629/297 953/630/297 753/631/297
f 947/632/298 948/626/298 949/633/298
f 965/634/299 966/635/299 967/636/299
f 912/637/300 4484/638/300 966/635/300
f 961/639/301 960/640/301 968/641/301
f 963/642/302 3110/643/302 971/644/302
f 915/645/303 976/646/303 916/647/303
f 977/648/304 978/649/304 979/650/304
f 954/651/305 962/652/305 984/653/305
f 988/654/306 917/655/306 987/656/306
f 985/657/307 986/658/307 984/653/307
f 1041/659/308 770/660/308 992/661/308
f 976/646/309 958/662/309 995/663/309
f 995/663/310 974/664/310 938/665/310
f 976/646/311 995/663/311 936/666/311
f 999/667/312 1000/668/312 1001/669/312
f 1004/670/313 1005/671/313 1006/672/313
f 1011/673/314 999/667/314 3104/674/314
f 937/675/315 981/676/315 998/677/315
f 971/644/316 1009/678/316 1016/679/316
f 931/680/317 988/654/317 989/681/317
f 931/680/318 934/682/318 917/655/318
f 1026/683/319 1025/684/319 986/658/319
f 973/685/320 975/686/320 974/664/320
f 1005/671/321 960/640/321 1038/687/321
f 1039/688/322 1004/670/322 1040/689/322
f 1043/690/323 1042/691/323 1005/671/323
f 986/658/324 1035/692/324 1026/683/324
f 1047/693/325 1101/694/325 1073/695/325
f 1021/696/326 1034/697/326 1050/698/326
f 1021/696/327 958/662/327 955/699/327
f 969/700/328 985/657/328 984/653/328
f 1022/701/329 983/702/329 989/681/329
f 1056/703/330 1031/704/330 1057/705/330
f 3387/706/331 990/707/331 985/657/331
f 985/657/332 1058/708/332 3387/706/332
f 1064/709/333 1065/710/333 1066/711/333
f 975/686/334 973/685/334 982/712/334
f 962/652/335 957/713/335 1016/679/335
f 1004/670/336 3291/714/336 1040/689/336
f 1069/715/337 1039/688/337 1070/716/337
f 911/617/338 1083/717/338 1081/718/338
f 1051/719/339 988/654/339 987/656/339
f 1090/720/340 1053/721/340 1054/722/340
f 1023/723/341 1053/721/341 1094/724/341
f 991/725/342 1027/726/342 1060/727/342
f 1136/728/343 1055/729/343 1060/727/343
f 975/686/344 980/730/344 1067/731/344
f 2225/732/345 1152/733/345 1096/734/345
f 1012/735/346 1045/736/346 1014/737/346
f 1062/738/347 1124/739/347 1061/740/347
f 1024/741/348 1008/742/348 1042/691/348
f 770/660/349 1098/743/349 992/661/349
f 1099/744/350 1045/736/350 1012/735/350
f 1074/745/351 1102/746/351 1100/747/351
f 1138/748/352 1131/749/352 1093/750/352
f 1023/723/353 988/654/353 1051/719/353
f 1052/751/354 987/656/354 991/725/354
f 1029/752/355 1055/729/355 1136/728/355
f 1112/753/356 1113/754/356 1105/755/356
f 1121/756/357 1061/740/357 1122/757/357
f 1112/753/358 1105/755/358 1028/758/358
f 1045/736/359 1099/744/359 1047/693/359
f 1066/711/360 1095/759/360 1110/760/360
f 1125/761/361 1064/709/361 1117/762/361
f 4510/763/362 1125/761/362 1140/764/362
f 1119/765/363 1137/766/363 1068/767/363
f 1142/768/364 1143/769/364 1144/770/364
f 801/555/365 2540/771/365 1141/772/365
f 1100/747/366 1126/773/366 1075/774/366
f 1049/775/367 1144/770/367 771/776/367
f 3641/544/368 1139/777/368 677/425/368
f 1161/778/369 1059/779/369 1068/767/369
f 1068/767/370 1059/779/370 1060/727/370
f 1066/711/371 1065/710/371 1095/759/371
f 1117/762/372 1150/780/372 1163/781/372
f 1062/738/373 769/782/373 1024/741/373
f 1155/783/374 1127/784/374 1151/785/374
f 1156/786/375 3626/787/375 1157/788/375
f 1135/789/376 1150/780/376 1134/790/376
f 1064/709/377 1066/711/377 1092/791/377
f 1093/750/378 1134/790/378 1092/791/378
f 1126/773/379 1145/792/379 1151/785/379
f 1145/792/380 1126/773/380 1118/793/380
f 1144/770/381 1074/745/381 1075/774/381
f 1148/794/382 1097/795/382 1121/756/382
f 1127/784/383 1142/768/383 1144/770/383
f 4016/796/384 1164/797/384 3070/798/384
f 3071/799/385 1164/797/385 1165/800/385
f 1169/801/386 1170/802/386 1171/803/386
f 1168/804/387 1166/805/387 584/806/387
f 3044/807/388 1182/808/388 3054/809/388
f 1170/802/389 1169/801/389 1183/810/389
f 1184/811/390 1185/812/390 1183/810/390
f 1186/813/391 3623/814/391 1187/815/391
f 1188/816/392 1183/810/392 1189/817/392
f 1194/818/393 1195/819/393 1191/820/393
f 4100/821/394 3189/822/394 1197/823/394
f 1197/823/395 1167/490/395 4100/821/395
f 1173/824/396 1176/825/396 1190/826/396
f 1205/827/397 1335/828/397 1206/829/397
f 1214/830/398 1211/831/398 1212/832/398
f 1167/490/399 1197/823/399 3239/833/399
f 1231/834/400 1219/835/400 1220/836/400
f 1232/837/401 1233/838/401 4388/839/401
f 2565/840/402 1240/841/402 1239/842/402
f 1248/843/403 1249/844/403 1245/845/403
f 1250/846/404 1251/847/404 1245/845/404
f 1246/848/405 1264/849/405 1252/850/405
f 1306/851/406 1254/398/406 2163/852/406
f 4201/853/407 2163/852/407 3176/854/407
f 1238/855/408 1237/856/408 1255/857/408
f 1237/856/409 1308/858/409 1255/857/409
f 529/350/410 2112/388/410 580/390/410
f 1317/859/411 1258/860/411 1257/861/411
f 529/350/412 580/390/412 582/862/412
f 1263/863/413 1242/864/413 1249/844/413
f 1157/788/414 2588/865/414 1260/866/414
f 1265/867/415 1264/849/415 1266/868/415
f 1321/869/416 1262/870/416 1267/871/416
f 3208/872/417 1274/873/417 1266/868/417
f 1321/869/418 1257/861/418 1262/870/418
f 1265/867/419 1266/868/419 1318/874/419
f 1252/850/420 1264/849/420 1265/867/420
f 10/35/421 11/875/421 1279/876/421
f 1280/877/422 684/465/422 683/878/422
f 1282/879/423 1283/880/423 1284/881/423
f 1282/879/424 1284/881/424 1281/882/424
f 1279/876/425 11/875/425 4213/883/425
f 462/311/426 2118/884/426 1276/885/426
f 1287/886/427 1288/887/427 1285/888/427
f 1285/888/428 1281/882/428 1292/889/428
f 1298/321/429 3250/890/429 1300/891/429
f 1304/892/430 1303/893/430 1300/891/430
f 611/402/431 606/396/431 1304/892/431
f 1302/894/432 1323/895/432 2099/896/432
f 1302/894/433 2099/896/433 1301/897/433
f 1307/898/434 2539/899/434 1312/900/434
f 1352/901/435 531/352/435 3254/356/435
f 1314/902/436 531/352/436 1352/901/436
f 1309/903/437 1269/904/437 1310/905/437
f 1309/903/438 1316/906/438 1315/907/438
f 1265/867/439 1318/874/439 1319/908/439
f 2076/909/440 1307/898/440 1312/900/440
f 1325/910/441 1307/898/441 2076/909/441
f 3822/911/442 1325/910/442 2076/909/442
f 4188/912/443 1341/913/443 1340/914/443
f 688/466/444 1342/915/444 689/467/444
f 3190/916/445 645/917/445 4195/918/445
f 1315/907/446 1343/919/446 1268/920/446
f 4192/921/447 1346/922/447 1336/923/447
f 1315/907/448 1344/924/448 1343/919/448
f 537/925/449 1346/922/449 534/926/449
f 528/927/450 536/928/450 537/925/450
f 1312/900/451 1347/929/451 2076/909/451
f 1350/353/452 1349/355/452 1348/930/452
f 1353/931/453 628/424/453 626/426/453
f 1352/901/454 1351/932/454 1354/933/454
f 1345/934/455 1379/935/455 1344/924/455
f 1362/936/456 1452/937/456 1358/938/456
f 1376/939/457 1366/940/457 1371/941/457
f 1347/929/458 1343/919/458 1378/942/458
f 1359/943/459 1369/944/459 1357/945/459
f 1362/936/460 1358/938/460 1359/946/460
f 1384/947/461 1369/944/461 1359/943/461
f 2096/948/462 2083/949/462 1385/950/462
f 1390/951/463 1391/952/463 1392/953/463
f 1395/954/464 429/955/464 1394/956/464
f 1395/957/465 1396/958/465 429/959/465
f 340/960/466 218/159/466 1399/165/466
f 1369/944/467 1379/935/467 1345/934/467
f 1405/961/468 1400/962/468 4184/963/468
f 1410/964/469 3311/965/469 3827/966/469
f 1418/967/470 1410/964/470 3827/966/470
f 1421/968/471 1422/969/471 1418/967/471
f 1401/970/472 1384/971/472 1364/972/472
f 1426/973/473 1427/974/473 2995/975/473
f 1378/942/474 1343/919/474 1344/924/474
f 3536/976/475 1984/977/475 1426/973/475
f 1411/978/476 1420/979/476 1415/980/476
f 1431/981/477 1432/982/477 1433/983/477
f 1442/984/478 1443/985/478 1506/986/478
f 1436/987/479 1444/988/479 1437/989/479
f 1406/990/480 1409/991/480 1378/942/480
f 1444/988/481 3958/992/481 1445/993/481
f 1409/991/482 1406/990/482 1457/994/482
f 1446/995/483 1445/993/483 1407/996/483
f 1453/997/484 3574/998/484 1987/999/484
f 1451/1000/485 1454/1001/485 1464/1002/485
f 1451/1000/486 1450/1003/486 1456/1004/486
f 1484/1005/487 2586/1006/487 1409/991/487
f 1448/1007/488 2631/1008/488 1449/1009/488
f 1441/1010/489 1460/1011/489 1458/1012/489
f 1466/1013/490 1467/1014/490 1468/1015/490
f 1467/1014/491 3608/1016/491 1468/1015/491
f 225/143/492 2037/1017/492 2030/1018/492
f 1465/1019/493 2022/1020/493 215/136/493
f 1451/1000/494 1448/1007/494 1450/1003/494
f 1495/1021/495 1492/1022/495 1434/1023/495
f 1499/1024/496 1500/1025/496 1503/1026/496
f 3588/1027/66 3533/1028/66 1502/1029/66
f 1505/1030/497 1504/1031/497 1503/1026/497
f 1506/986/498 1443/985/498 1519/1032/498
f 2000/1033/499 1498/1034/499 1499/1024/499
f 1557/1035/500 3812/1036/500 1509/1037/500
f 1483/1038/501 4449/1039/501 1508/1040/501
f 1492/1022/502 2848/1041/502 1489/1042/502
f 2848/1041/503 1492/1022/503 1512/1043/503
f 1514/1044/504 1515/1045/504 1516/1046/504
f 1520/1047/505 1521/1048/505 1522/1049/505
f 280/184/506 272/183/506 273/1050/506
f 342/1051/507 253/169/507 270/179/507
f 1543/1052/508 325/1053/508 402/1054/508
f 1535/1055/509 405/1056/509 1536/1057/509
f 296/211/510 1542/210/510 1543/1052/510
f 1554/1058/511 3025/1059/511 1605/1060/511
f 1957/1061/512 3247/1062/512 1550/1063/512
f 1556/1064/513 348/247/513 2829/1065/513
f 1559/1066/514 1558/1067/514 301/1068/514
f 1518/1069/515 1571/1070/515 1541/1071/515
f 1566/1072/516 1572/1073/516 1573/1074/516
f 1575/1075/517 1517/1076/517 1572/1073/517
f 1576/1077/518 1577/1078/518 1565/1079/518
f 1568/1080/519 3934/1081/519 4175/1082/519
f 1575/1075/520 1572/1073/520 1566/1072/520
f 1583/1083/521 1571/1070/521 1585/1084/521
f 1590/1085/522 129/1086/522 1577/1078/522
f 1594/1087/523 1566/1072/523 1540/1088/523
f 1598/1089/524 1553/1090/524 1548/1091/524
f 1580/1092/525 2860/1093/525 1588/1094/525
f 1551/1095/526 1584/1096/526 1522/1049/526
f 2987/1097/527 1648/1098/527 1675/1099/527
f 1608/1100/528 1509/1037/528 1610/1101/528
f 1608/1100/529 1607/1102/529 1509/1037/529
f 1611/1103/530 1612/1104/530 1613/1105/530
f 1611/1103/531 1613/1105/531 1614/1106/531
f 1658/1107/532 1615/1108/532 129/1086/532
f 1517/1076/533 4476/1109/533 1572/1073/533
f 1518/1069/534 1548/1091/534 1553/1090/534
f 1617/1110/535 1603/1111/535 1618/1112/535
f 53/1113/536 1623/1114/536 1933/1115/536
f 151/102/537 150/1116/537 101/100/537
f 101/100/538 150/1116/538 1624/1117/538
f 1625/67/539 107/66/539 101/100/539
f 1624/1117/540 1625/67/540 101/100/540
f 4268/1118/541 1629/1119/541 1630/1120/541
f 1589/1121/542 1594/1087/542 1635/1122/542
f 1524/1123/543 1643/1124/543 2982/1125/543
f 1616/1126/544 1597/1127/544 1598/1089/544
f 1617/1110/545 1621/1128/545 1603/1111/545
f 1621/1128/546 1604/1129/546 1603/1111/546
f 3640/1130/547 334/1131/547 1647/1132/547
f 2947/1133/548 1649/1134/548 1610/1101/548
f 1646/1135/549 1650/1136/549 1651/1137/549
f 1655/1138/550 1589/1121/550 1614/1106/550
f 1614/1106/551 1589/1121/551 1593/1139/551
f 1613/1105/552 1575/1075/552 1655/1138/552
f 1673/1140/553 1660/1141/553 1698/1142/553
f 1659/1143/554 1620/1144/554 1660/1141/554
f 4139/1145/555 1651/1137/555 1654/1146/555
f 1604/1129/556 1662/1147/556 1663/1148/556
f 1582/1149/557 1620/1144/557 1600/1150/557
f 1657/1151/558 1656/1152/558 1635/1122/558
f 1656/1152/559 1669/1153/559 1593/1139/559
f 1600/1150/560 1620/1144/560 1659/1143/560
f 2982/1125/561 1643/1124/561 1676/1154/561
f 1681/1155/562 2686/1156/562 1680/1157/562
f 1666/1158/563 1667/1159/563 1595/1160/563
f 1666/1158/564 1665/1161/564 1667/1159/564
f 1671/1162/565 1672/1163/565 1670/1164/565
f 1652/1165/566 1667/1159/566 1620/1144/566
f 1688/1166/567 4155/1167/567 1662/1147/567
f 1796/1168/568 1682/1169/568 3902/1170/568
f 1665/1161/569 1691/1171/569 1693/1172/569
f 1708/1173/570 1695/1174/570 1696/1175/570
f 1669/1153/571 1657/1151/571 1671/1162/571
f 3902/1170/572 1682/1169/572 1697/1176/572
f 1687/1177/573 1620/1144/573 1667/1159/573
f 1699/1178/574 1673/1140/574 1698/1142/574
f 1665/1161/575 1706/1179/575 1691/1171/575
f 1706/1179/576 1694/1180/576 1707/1181/576
f 195/120/577 2784/1182/577 1716/1183/577
f 1770/1184/578 1720/1185/578 1929/1186/578
f 3405/1187/579 1928/1188/579 2922/1189/579
f 1770/1184/580 1929/1186/580 1725/1190/580
f 1723/1191/581 2838/1192/581 1724/1193/581
f 1726/1194/582 4525/1195/582 1727/1196/582
f 1731/1197/583 1733/1198/583 1732/1199/583
f 1735/1200/584 1736/1201/584 1737/1202/584
f 3887/1203/585 1745/1204/585 1744/1205/585
f 3563/1206/586 1770/1184/586 1725/1190/586
f 1744/1205/587 1861/1207/587 3887/1203/587
f 1745/1204/588 1758/1208/588 1751/1209/588
f 1765/1210/589 1764/7/589 1761/1211/589
f 4160/1212/590 1768/1213/590 1769/1214/590
f 1761/1211/591 1770/1184/591 1765/1210/591
f 1768/1213/592 1772/1215/592 1767/1216/592
f 1475/1217/593 1643/1124/593 1524/1123/593
f 1771/1218/594 1767/1216/594 1757/1219/594
f 1778/1220/595 1779/1221/595 3555/1222/595
f 1783/1223/596 6/4/596 1784/1224/596
f 1785/1225/597 6/4/597 5/1226/597
f 4/3/598 18/1227/598 32/1228/598
f 2798/1229/599 1837/1230/599 1766/1231/599
f 9/1232/600 14/6/600 13/5/600
f 1787/1233/601 1788/1234/601 19/1235/601
f 1796/1168/602 2753/1236/602 2758/1237/602
f 1794/1238/603 1790/72/603 1791/1239/603
f 87/1240/604 89/45/604 57/41/604
f 117/1241/605 85/38/605 102/37/605
f 2752/1242/606 117/1241/606 102/37/606
f 1803/1243/607 1807/1244/607 1798/1245/607
f 1804/1246/608 1802/1247/608 1807/1244/608
f 1804/1246/609 1805/1248/609 1802/1247/609
f 1804/1246/610 1807/1244/610 1805/1248/610
f 1806/1249/611 1807/1244/611 1808/1250/611
f 1812/1251/612 594/394/612 548/1252/612
f 1815/1253/613 1816/1254/613 1817/1255/613
f 130/93/614 142/1256/614 144/91/614
f 2108/1257/615 3458/1258/615 1282/879/615
f 4482/1259/616 1831/1260/616 1833/1261/616
f 197/1262/617 1840/1263/617 1831/1260/617
f 1843/1264/618 1844/1265/618 3894/1266/618
f 1837/1230/619 1830/1267/619 3886/1268/619
f 140/1269/620 1811/1270/620 1845/1271/620
f 1820/1272/621 1818/1273/621 1860/1274/621
f 1822/1275/622 1823/1276/622 1820/1272/622
f 1858/1277/623 183/1278/623 97/1279/623
f 3442/1280/624 1862/1281/624 1863/1282/624
f 3665/1283/625 3442/1280/625 1863/1282/625
f 177/112/626 1875/1284/626 1871/1285/626
f 178/114/627 2760/1286/627 177/112/627
f 1875/1284/628 1876/1287/628 1877/1288/628
f 1873/1289/629 1878/1290/629 1874/1291/629
f 1883/1292/630 1884/1293/630 2845/1294/630
f 181/1295/631 1870/1296/631 182/1297/631
f 72/55/632 24/51/632 73/1298/632
f 1888/1299/633 27/14/633 26/13/633
f 1893/1300/634 51/23/634 63/36/634
f 58/1301/635 55/1302/635 1896/40/635
f 681/461/636 1872/1303/636 1898/1304/636
f 4160/1212/637 1769/1214/637 1900/1305/637
f 1904/1306/638 1905/1307/638 1906/1308/638
f 2713/1309/639 1937/1310/639 4161/1311/639
f 1916/1312/640 3556/1313/640 1902/1314/640
f 2713/1309/641 1700/44/641 83/1315/641
f 2713/1309/642 83/1315/642 1937/1310/642
f 2945/1316/643 2927/1317/643 2946/1318/643
f 1920/1319/644 1919/1320/644 1924/1321/644
f 1720/1185/645 2712/1322/645 116/1323/645
f 2712/1322/646 1685/1324/646 116/1323/646
f 1934/1325/647 1943/1326/647 1945/1327/647
f 1945/1327/648 1714/1328/648 1934/1325/648
f 1920/1319/649 1561/1329/649 1921/1330/649
f 1561/1329/650 1920/1319/650 1472/1331/650
f 1898/1304/651 1930/1332/651 1948/1333/651
f 1947/1334/652 163/104/652 1946/1335/652
f 3609/1336/653 1920/1319/653 1924/1321/653
f 1955/1337/654 1949/1338/654 693/1339/654
f 2656/1340/655 1969/1341/655 139/96/655
f 126/1342/656 1971/1343/656 125/78/656
f 2656/1340/657 1971/1343/657 1969/1341/657
f 1525/1344/658 1972/1345/658 1973/1346/658
f 1639/1347/659 1594/1087/659 1565/1079/659
f 1969/1341/660 138/94/660 139/96/660
f 331/212/661 328/214/661 1975/1348/661
f 1647/1132/662 329/1349/662 331/212/662
f 4149/1350/663 150/1116/663 151/102/663
f 1532/1351/664 1490/1352/664 151/102/664
f 1976/1353/665 1977/1354/665 3799/1355/665
f 136/89/666 209/1356/666 137/90/666
f 329/1349/667 334/1131/667 338/1357/667
f 138/94/668 1496/1358/668 1526/1359/668
f 1987/999/669 3473/1360/669 1982/1361/669
f 1994/1362/670 1985/1363/670 1986/1364/670
f 4394/1365/671 1484/1005/671 1480/1366/671
f 1992/1367/672 1486/1368/672 1530/1369/672
f 1983/1370/673 1987/999/673 1984/977/673
f 1984/977/674 1987/999/674 2891/1371/674
f 4393/1372/675 1529/1373/675 1992/1367/675
f 1460/1011/676 1481/1374/676 3029/1375/676
f 1994/1362/677 1986/1364/677 3536/976/677
f 3029/1375/678 1995/1376/678 1993/1377/678
f 3029/1375/679 1993/1377/679 1460/1011/679
f 1504/1031/680 1505/1030/680 1998/1378/680
f 2001/1379/681 213/1380/681 2000/1033/681
f 2000/1033/682 213/1380/682 1498/1034/682
f 2003/1381/683 2005/1382/683 2004/1383/683
f 1499/1024/684 1498/1034/684 1500/1025/684
f 1504/1031/685 1499/1024/685 1503/1026/685
f 1500/1025/686 1501/1384/686 1503/1026/686
f 2009/1385/687 3592/1386/687 2794/1387/687
f 2017/1388/688 2003/1381/688 2014/1389/688
f 1500/1025/689 1498/1034/689 3816/1390/689
f 2017/1388/690 2015/1391/690 4498/1392/690
f 2022/1020/691 1465/1019/691 2023/1393/691
f 1498/1034/692 215/136/692 2022/1020/692
f 205/1394/693 3333/1395/693 3331/1396/693
f 2024/1397/694 2025/1398/694 2026/1399/694
f 240/157/695 2027/158/695 243/160/695
f 218/159/696 219/1400/696 249/164/696
f 2028/1401/697 2029/1402/697 1435/1403/697
f 1434/1023/698 1492/1022/698 1488/1404/698
f 249/164/699 219/1400/699 245/144/699
f 2030/1018/700 249/164/700 1477/1405/700
f 2037/1017/701 225/143/701 3802/145/701
f 1591/1406/702 1513/1407/702 1525/1344/702
f 2573/1408/703 2574/1409/703 4403/1410/703
f 3576/1411/704 2893/1412/704 338/1357/704
f 1513/1407/705 1591/1406/705 1578/1413/705
f 461/304/706 2901/307/706 2900/305/706
f 3817/1414/707 379/1415/707 1386/1416/707
f 293/215/708 239/155/708 2040/1417/708
f 293/215/709 2045/1418/709 337/203/709
f 449/1419/710 2046/1420/710 2039/201/710
f 422/1421/711 2049/1422/711 2048/1423/711
f 1385/950/712 2901/307/712 463/308/712
f 2052/1424/713 2053/1425/713 2054/1426/713
f 3288/1427/714 516/341/714 2067/343/714
f 524/1428/715 513/1429/715 2069/1430/715
f 2078/1431/716 2034/1432/716 2080/1433/716
f 2081/1434/717 2080/1433/717 2034/1432/717
f 2082/1435/718 2080/1433/718 2081/1434/718
f 2684/1436/719 1385/950/719 2083/949/719
f 2083/949/720 2084/1437/720 2684/1436/720
f 422/1421/721 2113/1438/721 2049/1422/721
f 462/311/722 3121/1439/722 464/309/722
f 4312/1440/723 3958/992/723 2654/1441/723
f 555/404/724 2085/1442/724 461/304/724
f 2085/1442/725 463/308/725 461/304/725
f 2085/1442/726 1355/1443/726 463/308/726
f 2573/1408/727 3132/1444/727 460/1445/727
f 4129/1446/728 436/285/728 2087/1447/728
f 745/1448/729 2092/1449/729 2088/1450/729
f 2093/1451/730 436/285/730 1303/893/730
f 555/404/731 581/419/731 2085/1442/731
f 1308/858/732 2083/949/732 2096/948/732
f 1308/858/733 2097/1452/733 2083/949/733
f 2097/1452/734 2098/1453/734 2083/949/734
f 3239/833/735 2538/1454/735 1307/898/735
f 2101/1455/736 2102/1456/736 2103/1457/736
f 2104/1458/737 4245/1459/737 2077/1460/737
f 2106/1461/738 4493/1462/738 2107/1463/738
f 2108/1257/739 1288/887/739 1293/1464/739
f 628/424/740 1350/353/740 1277/1465/740
f 646/433/741 641/1466/741 643/434/741
f 641/1466/742 646/433/742 1340/914/742
f 2139/1467/743 2114/389/743 2113/1438/743
f 2116/1468/744 1201/1469/744 2117/1470/744
f 2119/1471/745 2116/1468/745 2117/1470/745
f 2149/1472/746 2172/1473/746 2121/1474/746
f 2129/1475/747 2127/1476/747 2128/1477/747
f 1230/1478/748 1223/1479/748 1220/836/748
f 2137/1480/749 1214/830/749 1233/838/749
f 2126/1481/750 1213/1482/750 1215/1483/750
f 1207/1484/751 2140/1485/751 1205/827/751
f 2141/1486/752 2120/1487/752 3242/1488/752
f 1233/838/753 2127/1476/753 2137/1480/753
f 2122/1489/754 2147/1490/754 1278/1491/754
f 1276/885/755 2178/1492/755 2139/1467/755
f 2151/1493/756 2150/432/756 2165/1494/756
f 4306/1495/757 680/1496/757 1872/1303/757
f 625/418/758 663/446/758 732/534/758
f 734/506/759 732/534/759 663/446/759
f 1275/1497/760 577/422/760 2155/423/760
f 722/487/761 663/446/761 659/456/761
f 578/1498/762 624/420/762 577/422/762
f 3619/1499/763 1089/1500/763 2156/1501/763
f 2157/1502/764 580/390/764 2114/389/764
f 652/1503/765 598/1504/765 597/479/765
f 615/1505/766 2163/852/766 614/1506/766
f 2169/1507/767 2170/1508/767 4503/1509/767
f 2172/1473/768 2141/1486/768 2121/1474/768
f 608/400/769 3170/1510/769 2175/409/769
f 2181/1511/770 2182/1512/770 2179/1513/770
f 2187/1514/771 2185/1515/771 2184/1516/771
f 2188/1517/772 2184/1516/772 2183/1518/772
f 2191/1519/773 2192/1520/773 2193/1521/773
f 2219/1522/774 2197/1523/774 2189/1524/774
f 827/1525/775 2201/1526/775 2200/1527/775
f 2207/1528/776 576/386/776 1033/1529/776
f 2203/1530/777 2205/1531/777 2204/1532/777
f 1096/734/778 2551/1533/778 2224/1534/778
f 2215/1535/779 2211/1536/779 2213/1537/779
f 2213/1537/780 2202/1538/780 2209/1539/780
f 2202/1538/781 2212/1540/781 2217/1541/781
f 4027/1542/782 2219/1522/782 2220/523/782
f 2219/1522/783 4027/1542/783 2197/1523/783
f 607/397/784 613/1543/784 2218/1544/784
f 2220/523/785 764/525/785 4027/1542/785
f 2172/1473/786 3278/1545/786 2221/1546/786
f 764/525/787 778/527/787 910/614/787
f 774/1547/788 775/1548/788 927/616/788
f 774/1547/789 932/1549/789 910/614/789
f 909/1550/790 764/525/790 857/588/790
f 910/614/791 857/588/791 764/525/791
f 2221/1546/792 2223/1551/792 2177/1552/792
f 620/413/793 676/459/793 674/1553/793
f 621/406/794 2227/410/794 622/407/794
f 2237/1554/795 3087/1555/795 2238/1556/795
f 525/1557/796 526/1558/796 2236/1559/796
f 4489/1560/797 2239/1561/797 2253/1562/797
f 2244/1563/798 2245/1564/798 2246/1565/798
f 2247/1566/799 2245/1564/799 4018/1567/799
f 2233/1568/800 2250/1569/800 4017/1570/800
f 705/1571/801 699/1572/801 2252/1573/801
f 699/1572/802 705/1571/802 2265/1574/802
f 3122/1575/803 2266/1576/803 2267/1577/803
f 2290/1578/804 2316/1579/804 2291/1580/804
f 755/1581/805 754/1582/805 2292/1583/805
f 752/1584/806 754/1582/806 687/464/806
f 2294/1585/807 2295/628/807 2296/1586/807
f 2306/1587/808 792/540/808 2304/1588/808
f 2310/612/809 2308/1589/809 2305/592/809
f 2292/1583/810 749/508/810 755/1581/810
f 749/508/811 2292/1583/811 3727/1590/811
f 2311/1591/812 3959/1592/812 2312/1593/812
f 3145/1594/813 2312/1593/813 892/1595/813
f 752/1584/814 753/631/814 754/1582/814
f 2315/1596/815 2313/1597/815 2316/1579/815
f 2318/1598/816 2322/1599/816 2324/1600/816
f 2433/1601/817 3959/1592/817 2311/1591/817
f 2321/1602/818 3141/1603/818 2289/1604/818
f 4050/554/819 4258/1605/819 3157/530/819
f 777/1606/820 2326/1607/820 2330/1608/820
f 2330/1608/821 2326/1607/821 2337/1609/821
f 2326/1607/822 2332/1610/822 2327/1611/822
f 2339/1612/823 2327/1611/823 2332/1610/823
f 3935/1613/824 2342/1614/824 2340/1615/824
f 2348/1616/825 892/1595/825 894/1617/825
f 2360/1618/826 2356/1619/826 2357/1620/826
f 2362/1621/827 2363/1622/827 2364/1623/827
f 2377/1624/828 2378/1625/828 2379/1626/828
f 2358/1627/829 2380/1628/829 2381/1629/829
f 2360/1618/830 2371/1630/830 823/1631/830
f 2390/1632/831 2393/1633/831 2394/1634/831
f 842/1635/832 2390/1632/832 841/1636/832
f 833/567/833 849/1637/833 834/1638/833
f 841/1636/834 849/1637/834 842/1635/834
f 2403/1639/835 889/610/835 2404/1640/835
f 942/621/836 4089/1641/836 939/1642/836
f 2295/628/837 3957/623/837 2406/1643/837
f 3733/1644/838 2407/1645/838 2408/574/838
f 875/597/839 869/590/839 4050/554/839
f 2409/1646/840 2410/1647/840 2411/1648/840
f 4050/554/841 869/590/841 864/581/841
f 4479/1649/842 2414/1650/842 2412/1651/842
f 4479/1649/843 2415/1652/843 2414/1650/843
f 2321/1602/844 2289/1604/844 2416/1653/844
f 2302/1654/845 2415/1652/845 4479/1649/845
f 2423/1655/846 2421/1656/846 3145/1594/846
f 2418/1657/847 884/1658/847 928/619/847
f 884/1658/848 878/1659/848 928/619/848
f 4222/1660/849 2430/1661/849 2432/1662/849
f 2430/1661/850 2434/1663/850 2433/1601/850
f 895/1664/851 892/1595/851 2312/1593/851
f 2312/1593/852 3959/1592/852 895/1664/852
f 2256/1665/853 2253/1562/853 2239/1561/853
f 884/1658/854 880/1666/854 878/1659/854
f 2437/1667/855 2427/1668/855 810/1669/855
f 2233/1568/856 2232/1670/856 2234/1671/856
f 2013/1672/857 2012/1673/857 4459/1674/857
f 3927/501/858 781/532/858 714/491/858
f 897/1675/859 896/1676/859 2231/1677/859
f 2441/1678/860 2445/1679/860 2442/1680/860
f 731/1681/861 724/489/861 779/531/861
f 3959/1592/862 3674/1682/862 895/1664/862
f 3348/1683/863 2447/1684/863 2449/1685/863
f 2451/1686/864 2453/1687/864 2450/1688/864
f 2456/1689/865 2457/1690/865 2458/1691/865
f 2455/1692/866 2444/1693/866 3346/1694/866
f 2463/1695/867 2457/1690/867 2466/1696/867
f 2456/1689/868 2424/1697/868 2423/1655/868
f 2423/1655/869 2466/1696/869 2457/1690/869
f 3378/1698/870 2225/732/870 907/1699/870
f 2221/1546/871 2468/1700/871 2223/1551/871
f 2218/1544/872 749/508/872 748/507/872
f 2218/1544/873 755/1581/873 749/508/873
f 748/507/874 3246/1701/874 2218/1544/874
f 847/1702/875 911/617/875 843/1703/875
f 2481/1704/876 2482/1705/876 2480/1706/876
f 2484/1707/877 2485/1708/877 2486/1709/877
f 4237/1710/878 2171/1711/878 1374/1712/878
f 3278/1545/879 2172/1473/879 2487/1713/879
f 2494/1714/880 2495/1715/880 2496/1716/880
f 3678/1717/881 3652/1718/881 827/1525/881
f 2498/1719/882 2191/1519/882 2193/1521/882
f 2500/1720/883 2272/1721/883 2269/1722/883
f 2551/1533/884 3677/1723/884 2224/1534/884
f 3652/1718/885 2201/1526/885 827/1525/885
f 2501/1724/886 2502/1725/886 2503/1726/886
f 2512/1727/887 2514/1728/887 2513/1729/887
f 2515/1730/888 2516/1731/888 2517/1732/888
f 2523/1733/889 2521/1734/889 2522/1735/889
f 2523/1733/890 1178/1736/890 2524/1737/890
f 2178/1492/891 2157/1502/891 2528/1738/891
f 2528/1738/892 2157/1502/892 2114/389/892
f 2201/1739/893 2174/1740/893 2165/1741/893
f 2534/1742/894 4125/1743/894 3789/1744/894
f 2530/1745/895 2535/1746/895 2536/1747/895
f 732/534/896 734/506/896 780/510/896
f 801/555/897 848/557/897 2540/771/897
f 2538/1454/898 3189/822/898 2539/899/898
f 1081/718/899 1082/1748/899 911/617/899
f 1152/733/900 4392/1749/900 1096/734/900
f 462/311/901 1276/885/901 2139/1467/901
f 3071/799/902 1165/800/902 783/535/902
f 1295/1750/903 417/276/903 4419/1751/903
f 478/323/904 1295/1750/904 1291/1752/904
f 2543/1753/905 2544/1754/905 2541/1755/905
f 3077/1756/906 2543/1753/906 2541/1755/906
f 2548/1757/907 2055/1758/907 1373/1759/907
f 2554/1760/908 1372/1761/908 1373/1759/908
f 1373/1759/909 513/1429/909 2548/1757/909
f 2055/1758/910 2553/1762/910 2052/1424/910
f 2053/1425/911 2052/1424/911 2553/1762/911
f 2552/1763/912 3833/1764/912 2559/1765/912
f 3994/1766/913 2560/1767/913 2562/1768/913
f 3108/1769/914 340/960/914 3831/1770/914
f 2040/1417/915 2564/1771/915 2566/1772/915
f 3818/1773/916 2040/1417/916 2567/1774/916
f 2040/1417/917 2566/1772/917 2567/1774/917
f 2542/1775/918 2569/1776/918 1253/1777/918
f 2571/1778/919 2541/1755/919 2544/1754/919
f 2570/1779/920 2544/1754/920 2543/1753/920
f 1169/801/921 1195/819/921 1189/817/921
f 720/483/922 1198/1780/922 2557/1781/922
f 3462/1782/923 720/483/923 2572/1783/923
f 1239/842/924 2562/1768/924 2565/840/924
f 1253/1777/925 1240/841/925 2563/1784/925
f 1240/841/926 1253/1777/926 1241/1785/926
f 2576/1786/927 3978/1787/927 1164/797/927
f 1164/797/928 3984/1788/928 1165/800/928
f 2579/1789/929 2581/1790/929 2578/1791/929
f 2584/1792/930 2583/1793/930 306/202/930
f 2576/1786/931 1164/797/931 4016/796/931
f 2586/1006/932 4410/1794/932 2587/1795/932
f 1409/991/933 2587/1795/933 4410/1794/933
f 2562/1768/934 1239/842/934 2588/865/934
f 3815/1796/935 2591/1797/935 2590/1798/935
f 4031/1799/936 2599/1800/936 1203/1801/936
f 2601/1802/937 2602/1803/937 1226/1804/937
f 4033/1805/938 2605/1806/938 2603/1807/938
f 2361/1808/939 2373/1809/939 2280/1810/939
f 2367/1811/940 2611/1812/940 2282/1813/940
f 626/426/941 3040/1814/941 2649/1815/941
f 2621/1816/942 211/133/942 2623/1817/942
f 683/878/943 684/465/943 689/467/943
f 4144/1818/944 2624/1819/944 3038/1820/944
f 2625/1821/945 3190/916/945 4195/918/945
f 2367/1811/946 2368/1822/946 2611/1812/946
f 2613/1823/947 2367/1811/947 2282/1813/947
f 1348/930/948 1277/1465/948 1350/353/948
f 3728/1824/949 2309/1825/949 2627/173/949
f 3266/1826/950 2091/1827/950 4423/1828/950
f 2630/1829/951 3728/1824/951 2627/173/951
f 1510/1830/952 2629/1831/952 3043/1832/952
f 1485/150/953 1533/149/953 1988/1833/953
f 2633/1834/954 2632/1835/954 2569/1776/954
f 1493/1836/955 1484/1005/955 1526/1359/955
f 200/126/956 2640/125/956 2641/1837/956
f 2640/125/957 199/124/957 3815/1796/957
f 199/124/958 1509/1037/958 3815/1796/958
f 2643/1838/959 2644/1839/959 2645/1840/959
f 2630/1829/960 2629/1831/960 1510/1830/960
f 3978/1787/961 2648/1841/961 1355/1443/961
f 1353/931/962 2649/1815/962 3575/1842/962
f 1557/1035/963 3845/1843/963 2651/76/963
f 1557/1035/964 1509/1037/964 1607/1102/964
f 2647/1844/965 3558/1845/965 2662/1846/965
f 1947/1334/966 166/95/966 165/1847/966
f 1540/1088/967 1546/1848/967 1565/1079/967
f 2667/1849/968 1658/1107/968 129/1086/968
f 1970/1850/969 1951/1851/969 2669/1852/969
f 1951/1851/970 1952/1853/970 2669/1852/970
f 3544/1854/971 2918/1855/971 3000/1856/971
f 1610/1101/972 1649/1134/972 1608/1100/972
f 2678/1857/973 2734/1858/973 2673/1859/973
f 2734/1858/974 2672/1860/974 2673/1859/974
f 86/43/975 1677/42/975 1678/73/975
f 1681/1155/976 3667/1861/976 1678/73/976
f 1385/950/977 2684/1436/977 2696/1862/977
f 44/1863/978 41/56/978 2690/1864/978
f 2693/1865/979 2695/1866/979 2692/8/979
f 2696/1862/980 2901/307/980 1385/950/980
f 2700/1867/981 1702/1868/981 2701/1869/981
f 1923/1870/982 2703/1871/982 2707/1872/982
f 2706/1873/983 47/22/983 2709/21/983
f 1931/1874/984 1925/1875/984 2708/1876/984
f 2705/1877/985 2706/1873/985 2707/1872/985
f 1927/1878/986 39/20/986 2711/1879/986
f 36/17/987 1915/1880/987 2718/1881/987
f 1781/1882/988 2716/1883/988 2717/1884/988
f 21/1885/989 17/1886/989 1895/1887/989
f 171/111/990 1870/1296/990 175/109/990
f 87/1240/991 1889/1888/991 2727/1889/991
f 2728/1890/992 134/1891/992 2731/1892/992
f 2725/1893/993 2729/1894/993 2720/1895/993
f 1849/1896/994 2733/1897/994 2730/1898/994
f 1849/1896/995 2739/1899/995 89/45/995
f 2486/1709/996 2482/1705/996 2484/1707/996
f 1835/1900/997 1834/1901/997 1840/1263/997
f 2485/1708/998 2749/1902/998 4426/1903/998
f 2753/1236/999 2752/1242/999 102/37/999
f 102/37/1000 2758/1237/1000 2753/1236/1000
f 455/296/1001 380/273/1001 442/302/1001
f 2757/1904/1002 290/185/1002 298/190/1002
f 201/127/727 202/129/727 188/118/727
f 1489/1042/1003 2763/1905/1003 327/1906/1003
f 153/1907/1004 1809/1908/1004 3706/1909/1004
f 2768/1910/1005 202/129/1005 2767/1911/1005
f 2766/1912/1006 2769/1913/1006 2768/1914/1006
f 2485/1708/1007 2484/1707/1007 2749/1902/1007
f 2770/1915/1008 1850/1916/1008 1854/1917/1008
f 1854/1917/1009 1851/1918/1009 2774/1919/1009
f 2777/1920/1010 2009/1385/1010 2778/1921/1010
f 3537/1922/1011 2781/1923/1011 2782/1924/1011
f 195/120/1012 169/1925/1012 2784/1182/1012
f 2788/1926/1013 1994/1362/1013 2789/1927/1013
f 2782/1924/1014 2787/1928/1014 2786/1929/1014
f 2790/1930/1015 2791/1931/1015 2780/1932/1015
f 2014/1389/1016 2796/1933/1016 3485/1934/1016
f 2799/1935/1017 2798/1229/1017 1766/1231/1017
f 2799/1935/1018 1766/1231/1018 1762/1936/1018
f 2005/1382/1019 336/1937/1019 2862/1938/1019
f 1909/1939/1020 2803/1940/1020 1901/1941/1020
f 1908/1942/1021 1910/1943/1021 1907/1944/1021
f 262/195/1022 318/1945/1022 319/1946/1022
f 2816/1947/1023 2815/1948/1023 1744/1205/1023
f 305/238/1024 346/237/1024 318/1945/1024
f 2817/194/1025 250/1949/1025 260/178/1025
f 2811/1950/1026 2820/1951/1026 2821/1952/1026
f 2822/154/1027 3628/1953/1027 1734/1954/1027
f 294/191/1028 1539/1955/1028 298/190/1028
f 2833/1956/1029 2835/1957/1029 292/186/1029
f 292/186/1030 2834/1958/1030 289/187/1030
f 1721/1959/1031 2854/1960/1031 1722/1961/1031
f 401/265/1032 384/264/1032 4339/1962/1032
f 275/1963/1033 279/182/1033 278/181/1033
f 1885/1964/1034 2844/1965/1034 2845/1966/1034
f 1974/1967/1035 2849/1968/1035 1519/1032/1035
f 1921/1330/1036 1941/1969/1036 1883/1292/1036
f 2852/1970/1037 4451/1971/1037 2855/1972/1037
f 2857/1973/1038 2856/1974/1038 4346/1975/1038
f 2854/1960/1039 3618/1976/1039 2853/1977/1039
f 1651/1137/1040 1650/1136/1040 1654/1146/1040
f 1647/1132/1041 1650/1136/1041 1646/1135/1041
f 336/1937/1042 334/1131/1042 3640/1130/1042
f 3640/1130/1043 3480/1978/1043 2862/1938/1043
f 274/1979/1044 2835/1957/1044 2840/1980/1044
f 322/1981/1045 1556/1064/1045 2814/1982/1045
f 300/1983/1046 1559/1066/1046 301/1068/1046
f 1567/1984/1047 1574/1985/1047 2823/1986/1047
f 1588/1094/1048 2860/1093/1048 1563/1987/1048
f 1924/1321/1049 1919/1320/1049 1714/1328/1049
f 1714/1328/1050 3422/1988/1050 1934/1325/1050
f 4338/1989/1051 1943/1326/1051 2865/1990/1051
f 3901/1991/1052 1880/1992/1052 2354/1993/1052
f 2868/1994/1053 1881/1995/1053 1536/1057/1053
f 2870/1996/1054 3929/1997/1054 2359/1998/1054
f 2353/1999/1055 2872/2000/1055 2355/2001/1055
f 4347/2002/1056 2865/1990/1056 2873/2003/1056
f 2866/2004/1057 2873/2003/1057 2865/1990/1057
f 2874/2005/1058 2875/2006/1058 2876/2007/1058
f 2879/2008/1059 2880/2009/1059 2885/2010/1059
f 278/181/1060 1528/180/1060 1527/2011/1060
f 1528/180/1061 2831/2012/1061 1527/2011/1061
f 1502/1029/1062 3533/1028/1062 1966/151/1062
f 2887/2013/1063 2886/2014/1063 2888/2015/1063
f 2886/2014/1064 2887/2013/1064 2882/2016/1064
f 630/2017/1065 3892/2018/1065 2533/2019/1065
f 1801/2020/1066 1800/2021/1066 2889/2022/1066
f 2894/2023/1067 1762/1936/1067 2895/2024/1067
f 3576/1411/1068 338/1357/1068 2005/1382/1068
f 2896/2025/1069 1797/2026/1069 2887/2013/1069
f 2897/2027/1070 2898/2028/1070 2894/2023/1070
f 2802/2029/1071 1800/2021/1071 2892/2030/1071
f 2901/307/1072 2899/2031/1072 2900/305/1072
f 2042/2032/1073 2041/206/1073 404/208/1073
f 476/318/1074 298/190/1074 2759/189/1074
f 2759/2033/1075 472/2034/1075 476/316/1075
f 2910/2035/1076 2911/2036/1076 2912/2037/1076
f 298/190/1077 476/318/1077 2044/320/1077
f 1461/2038/1078 2684/1436/1078 2918/1855/1078
f 2917/26/1079 58/1301/1079 1896/40/1079
f 1894/2039/1080 21/1885/1080 1895/1887/1080
f 1768/1213/1081 1773/2040/1081 1772/1215/1081
f 1770/1184/1082 1900/2041/1082 1769/2042/1082
f 2684/1436/1083 2084/1437/1083 2918/1855/1083
f 2921/2043/1084 3380/2044/1084 2920/2045/1084
f 2919/2046/1085 2920/2045/1085 1738/2047/1085
f 2921/2043/1086 2920/2045/1086 2919/2046/1086
f 2924/2048/1087 2691/2049/1087 2923/2050/1087
f 39/20/1088 1931/1874/1088 2709/21/1088
f 2710/2051/1089 46/2052/1089 2711/1879/1089
f 2702/2053/1090 4158/2054/1090 1705/2055/1090
f 1703/2056/1091 2927/2057/1091 1704/2058/1091
f 2928/2059/1092 2929/2060/1092 2677/2061/1092
f 2673/1859/1093 2925/2062/1093 2934/2063/1093
f 1404/2064/1094 1400/962/1094 1403/2065/1094
f 1404/2064/1095 2928/2059/1095 2925/2062/1095
f 2932/2066/1096 2931/2067/1096 2929/2060/1096
f 2713/1309/1097 2714/2068/1097 37/2069/1097
f 1701/2070/1098 2701/1869/1098 1702/1868/1098
f 2945/1316/1099 2946/1318/1099 2947/1133/1099
f 1701/2070/1100 2948/2071/1100 2949/2072/1100
f 1528/180/1101 255/166/1101 2843/168/1101
f 2950/2073/1102 2698/2074/1102 2951/2075/1102
f 3269/2076/1103 2695/1866/1103 2953/2077/1103
f 2960/2078/1104 2939/2079/1104 2943/2080/1104
f 2943/2080/1105 2940/2081/1105 1382/2082/1105
f 2938/2083/1106 2940/2081/1106 2943/2080/1106
f 2957/2084/1107 2943/2080/1107 1382/2082/1107
f 2965/2085/1108 2941/2086/1108 2964/2087/1108
f 2959/2088/1109 1368/2089/1109 1381/2090/1109
f 1382/2082/1110 1366/940/1110 1365/2091/1110
f 1382/2082/1111 2940/2081/1111 2944/2092/1111
f 2965/2085/1112 2963/2093/1112 2944/2092/1112
f 159/2094/1113 105/2095/1113 148/2096/1113
f 2965/2085/1114 2935/2097/1114 2963/2093/1114
f 2970/2098/1115 629/2099/1115 2533/2019/1115
f 1947/1334/1116 1944/2100/1116 166/95/1116
f 3574/998/1117 2971/2101/1117 2972/2102/1117
f 165/1847/1118 163/104/1118 1947/1334/1118
f 2605/1806/1119 2598/2103/1119 2610/2104/1119
f 2982/1125/1120 2986/2105/1120 2977/2106/1120
f 2065/2107/1121 2064/2108/1121 2984/2109/1121
f 2983/2110/1122 2658/2111/1122 2661/2112/1122
f 2663/2113/1123 1957/1061/1123 2658/2111/1123
f 3009/431/1124 1427/974/1124 2986/2105/1124
f 2992/2114/1125 2993/2115/1125 3001/2116/1125
f 2997/2117/1126 2998/2118/1126 2999/2119/1126
f 2659/2120/1127 1622/2121/1127 3001/2116/1127
f 1952/1853/1128 3003/2122/1128 4167/2123/1128
f 3005/2124/1129 2656/1340/1129 1944/2100/1129
f 2657/2125/1130 3005/2124/1130 3002/2126/1130
f 2098/1453/1131 3000/1856/1131 2083/949/1131
f 2993/2115/1132 4505/2127/1132 2991/2128/1132
f 2669/1852/1133 1590/1085/1133 1970/1850/1133
f 2098/1453/1134 2099/896/1134 3000/1856/1134
f 3011/2129/1135 3012/2130/1135 2990/2131/1135
f 3013/2132/1136 3014/2133/1136 3012/2130/1136
f 521/348/1137 1337/2134/1137 528/927/1137
f 518/344/1138 520/346/1138 3018/2135/1138
f 184/117/1139 1957/1061/1139 1956/2136/1139
f 1957/1061/1140 1550/1063/1140 2660/2137/1140
f 3009/2138/1141 640/2139/1141 3011/2129/1141
f 3023/2140/1142 3021/2141/1142 3012/2130/1142
f 2990/2142/1143 3009/431/1143 3011/2143/1143
f 3022/2144/1144 3021/2141/1144 3023/2140/1144
f 3025/1059/1145 2661/2112/1145 2660/2137/1145
f 3022/2144/1146 2626/2145/1146 3024/2146/1146
f 2119/1471/1147 3028/2147/1147 4057/2148/1147
f 1481/2149/1148 1989/2150/1148 1529/1373/1148
f 149/2151/1149 4393/1372/1149 1992/1367/1149
f 189/2152/1150 190/2153/1150 193/2154/1150
f 2650/2155/1151 1509/1037/1151 199/124/1151
f 3031/2156/1152 1260/866/1152 2588/865/1152
f 2622/2157/1153 3038/1820/1153 3035/88/1153
f 3009/431/1154 3028/2147/1154 2150/432/1154
f 1157/788/1155 1260/866/1155 3993/2158/1155
f 1147/2159/1156 3039/2160/1156 3040/1814/1156
f 3040/1814/1157 2540/771/1157 1147/2159/1157
f 2576/1786/1158 4016/796/1158 1255/857/1158
f 1509/1037/1159 3812/1036/1159 3815/1796/1159
f 2569/1776/1160 1241/1785/1160 1253/1777/1160
f 3812/1036/1161 1557/1035/1161 170/2161/1161
f 1165/800/1162 3984/1788/1162 625/418/1162
f 1174/2162/1163 4024/2163/1163 1196/2164/1163
f 4001/2165/1164 3436/2166/1164 3051/2167/1164
f 1182/808/1165 1196/2164/1165 3053/2168/1165
f 803/2169/1166 1149/2170/1166 1147/2159/1166
f 2629/1831/1167 3056/2171/1167 3043/1832/1167
f 1139/777/1168 1141/772/1168 3040/1814/1168
f 1498/1034/1169 2022/1020/1169 3816/1390/1169
f 1458/1012/1170 1457/994/1170 1406/990/1170
f 2519/2172/1171 3019/2173/1171 3032/2174/1171
f 3062/2175/1172 3063/2176/1172 3064/2177/1172
f 3054/809/1173 3045/2178/1173 3044/807/1173
f 2606/2179/1174 3312/2180/1174 2607/2181/1174
f 3065/2182/1175 3064/2177/1175 3063/2176/1175
f 3061/2183/1176 3064/2177/1176 3065/2182/1176
f 3052/2184/1177 3032/2174/1177 3891/2185/1177
f 249/164/1178 2030/1018/1178 251/2186/1178
f 3374/2187/1179 2158/2188/1179 2156/1501/1179
f 1469/2189/1180 3073/2190/1180 2554/1760/1180
f 1455/2191/1181 3073/2190/1181 3074/2192/1181
f 3075/2193/1182 2025/1398/1182 3076/2194/1182
f 3077/1756/1183 2541/1755/1183 3080/2195/1183
f 3401/2196/1184 1109/2197/1184 3085/2198/1184
f 243/160/1185 218/159/1185 3081/2199/1185
f 3084/2200/1186 3085/2198/1186 3062/2175/1186
f 2180/2201/1187 3080/2195/1187 2541/1755/1187
f 2237/1554/1188 2558/2202/1188 3088/2203/1188
f 3087/1555/1189 3088/2203/1189 3089/2204/1189
f 1469/2189/1190 4132/2205/1190 2037/1017/1190
f 1455/2191/1191 1456/1004/1191 3095/2206/1191
f 3098/2207/1192 3099/2208/1192 3100/2209/1192
f 3104/674/1193 3103/2210/1193 3101/2211/1193
f 243/160/1194 3108/1769/1194 239/155/1194
f 1002/2212/1195 3106/2213/1195 3107/2214/1195
f 3103/2210/1196 999/667/1196 1001/669/1196
f 3100/2209/1197 3103/2210/1197 3098/2207/1197
f 1010/2215/1198 3102/2216/1198 1009/678/1198
f 1010/2215/1199 3104/674/1199 3102/2216/1199
f 2040/1417/1200 239/155/1200 3108/1769/1200
f 3093/2217/1201 1352/901/1201 1354/933/1201
f 3113/2218/1202 3350/2219/1202 3969/2220/1202
f 3112/2221/1203 4218/2222/1203 3114/2223/1203
f 812/560/1204 780/510/1204 3701/2224/1204
f 3115/2225/1205 907/1699/1205 4230/573/1205
f 2040/1417/1206 3108/1769/1206 2564/1771/1206
f 953/630/1207 2477/2226/1207 2476/2227/1207
f 3143/2228/1208 4274/2229/1208 3117/568/1208
f 2476/2227/1209 4274/2229/1209 3143/2228/1209
f 953/630/1210 847/1702/1210 2477/2226/1210
f 1303/893/1211 436/285/1211 435/284/1211
f 3128/2230/1212 852/2231/1212 853/2232/1212
f 850/2233/1213 4486/2234/1213 3133/2235/1213
f 3139/2236/1214 3140/2237/1214 2290/1578/1214
f 2289/1604/1215 3141/1603/1215 3134/2238/1215
f 3141/1603/1216 821/2239/1216 3133/2235/1216
f 908/611/1217 872/595/1217 2308/1589/1217
f 3142/615/1218 873/593/1218 872/595/1218
f 2310/612/1219 908/611/1219 2308/1589/1219
f 861/2240/1220 941/577/1220 859/579/1220
f 1347/929/1221 1312/900/1221 1268/920/1221
f 874/2241/1222 3142/615/1222 2414/1650/1222
f 1318/874/1223 1383/2242/1223 1319/908/1223
f 1263/863/1224 1249/844/1224 1268/920/1224
f 861/2240/1225 868/587/1225 860/622/1225
f 953/630/1226 951/629/1226 2406/1643/1226
f 753/631/1227 953/630/1227 3143/2228/1227
f 1325/910/1228 1351/932/1228 3254/356/1228
f 1352/901/1229 3254/356/1229 1351/932/1229
f 813/613/1230 2347/596/1230 814/2243/1230
f 2615/2244/1231 2086/2245/1231 3144/2246/1231
f 3144/2246/1232 4129/1446/1232 2087/1447/1232
f 436/285/1233 2093/1451/1233 2087/1447/1233
f 811/2247/1234 3146/2248/1234 894/1617/1234
f 897/1675/1235 810/1669/1235 896/1676/1235
f 3163/553/1236 787/539/1236 795/547/1236
f 2118/884/1237 466/310/1237 470/2249/1237
f 3285/2250/1238 779/531/1238 3152/2251/1238
f 1020/2252/1239 3154/2253/1239 1019/2254/1239
f 3160/2255/1240 3158/2256/1240 541/361/1240
f 3161/2257/1241 542/362/1241 541/361/1241
f 577/422/1242 2110/2258/1242 2111/2259/1242
f 577/422/1243 2111/2259/1243 578/1498/1243
f 2527/2260/1244 2525/438/1244 4126/2261/1244
f 3167/2262/1245 2527/2260/1245 3847/2263/1245
f 3169/2264/1246 2527/2260/1246 3167/2262/1246
f 3167/2262/1247 3165/2265/1247 3169/2264/1247
f 3748/2266/1248 3927/501/1248 673/2267/1248
f 673/2267/1249 2428/2268/1249 3748/2266/1249
f 1306/851/1250 1304/892/1250 1254/398/1250
f 1101/694/1251 776/2269/1251 1077/2270/1251
f 1254/398/1252 1304/892/1252 606/396/1252
f 771/776/1253 1143/769/1253 1098/743/1253
f 478/323/1254 1297/2271/1254 3250/890/1254
f 3173/2272/1255 3174/512/1255 3175/2273/1255
f 3180/2274/1256 2362/1621/1256 3177/2275/1256
f 819/571/1257 2363/1622/1257 832/2276/1257
f 779/531/1258 3282/518/1258 731/1681/1258
f 3151/2277/1259 3182/2278/1259 3183/2279/1259
f 3185/2280/1260 3186/2281/1260 2145/2282/1260
f 2149/1472/1261 3248/2283/1261 3187/2284/1261
f 3239/833/1262 1197/823/1262 2538/1454/1262
f 2538/1454/1263 1197/823/1263 3189/822/1263
f 2490/2285/1264 3193/2286/1264 2489/2287/1264
f 2490/2285/1265 2286/2288/1265 2288/2289/1265
f 2214/2290/1266 2496/1716/1266 2215/1535/1266
f 2499/2291/1267 2269/1722/1267 2258/2292/1267
f 2191/1519/1268 2498/1719/1268 2500/1720/1268
f 2257/2293/1269 2258/2292/1269 2269/1722/1269
f 2486/1709/1270 2680/2294/1270 2482/1705/1270
f 3176/854/1271 2362/1621/1271 2364/1623/1271
f 3176/854/1272 3177/2275/1272 2362/1621/1272
f 3179/2295/1273 3177/2275/1273 2159/2296/1273
f 4272/2297/1274 3767/2298/1274 3205/2299/1274
f 2155/423/1275 577/422/1275 623/421/1275
f 2146/2300/1276 2145/2282/1276 3186/2281/1276
f 3212/2301/1277 2217/1541/1277 2192/1520/1277
f 2523/1733/1278 2522/1735/1278 1181/2302/1278
f 2210/2303/1279 3214/2304/1279 3213/2305/1279
f 585/2306/1280 1168/804/1280 582/862/1280
f 582/862/1281 1168/804/1281 584/806/1281
f 3224/442/1282 649/439/1282 647/436/1282
f 3225/2307/1283 2521/1734/1283 2523/1733/1283
f 2523/1733/1284 3864/2308/1284 3225/2307/1284
f 3224/442/1285 647/436/1285 3169/2264/1285
f 4126/2261/1286 2525/438/1286 583/437/1286
f 3189/822/1287 4100/821/1287 3767/2298/1287
f 4272/2297/1288 3189/822/1288 3767/2298/1288
f 3783/2309/1289 2532/2310/1289 2529/2311/1289
f 3228/2312/1290 3229/2313/1290 2509/2314/1290
f 3233/2315/1291 3236/2316/1291 3234/2317/1291
f 3230/2318/1292 3235/2319/1292 3234/2317/1292
f 3899/2320/1293 673/2267/1293 585/2306/1293
f 1346/922/1294 535/2321/1294 1336/923/1294
f 532/351/1295 584/806/1295 3240/357/1295
f 1551/1095/1296 1555/2322/1296 1585/1084/1296
f 3184/2323/1297 3241/2324/1297 10/35/1297
f 3179/2325/1298 2159/2326/1298 3186/2281/1298
f 1297/2271/1299 478/323/1299 1291/1752/1299
f 612/399/1300 3250/890/1300 3170/1510/1300
f 3250/890/1301 1297/2271/1301 3170/1510/1301
f 2118/884/1302 1278/1491/1302 1276/885/1302
f 184/117/1303 187/116/1303 3041/2327/1303
f 184/117/1304 3041/2327/1304 3247/1062/1304
f 3243/2328/1305 748/507/1305 3184/2323/1305
f 468/2329/1306 3183/2279/1306 2120/1487/1306
f 2172/1473/1307 2147/1490/1307 2141/1486/1307
f 3245/2330/1308 3172/2331/1308 3252/2332/1308
f 3205/2299/1309 759/519/1309 765/521/1309
f 758/520/1310 763/513/1310 765/521/1310
f 532/351/1311 3254/356/1311 531/352/1311
f 2271/2333/1312 2270/2334/1312 4098/2335/1312
f 2265/1574/1313 2306/1587/1313 2304/1588/1313
f 2438/2336/1314 4088/2337/1314 3256/2338/1314
f 477/322/1315 479/303/1315 478/323/1315
f 2227/410/1316 2401/2339/1316 2294/1585/1316
f 466/310/1317 2118/884/1317 462/311/1317
f 1526/1359/1318 1496/1358/1318 1493/1836/1318
f 2387/2340/1319 3273/2341/1319 4262/2342/1319
f 3275/2343/1320 2334/2344/1320 3276/2345/1320
f 784/536/1321 786/538/1321 437/2346/1321
f 3285/2250/1322 3281/2347/1322 779/531/1322
f 479/303/1323 386/2348/1323 414/269/1323
f 386/2348/1324 408/270/1324 414/269/1324
f 3286/2349/1325 923/2350/1325 3281/2347/1325
f 1370/2351/1326 1356/2352/1326 1359/946/1326
f 3287/2353/1327 3951/2354/1327 1039/688/1327
f 1322/2355/1328 1370/2351/1328 1318/874/1328
f 1370/2351/1329 1322/2355/1329 516/341/1329
f 3287/2353/1330 3286/2349/1330 3281/2347/1330
f 3286/2349/1331 3291/714/1331 930/2356/1331
f 3282/518/1332 3281/2347/1332 923/2350/1332
f 1410/964/1333 3126/2357/1333 3132/1444/1333
f 2413/2358/1334 3294/2359/1334 3297/2360/1334
f 3296/2361/1335 2088/1450/1335 2092/1449/1335
f 2413/2358/1336 3297/2360/1336 2381/1629/1336
f 2386/2362/1337 2370/2363/1337 2374/2364/1337
f 3126/2357/1338 1410/964/1338 1418/967/1338
f 781/532/1339 4050/554/1339 804/529/1339
f 2088/1450/1340 3118/2365/1340 742/2366/1340
f 425/280/1341 1387/2367/1341 435/284/1341
f 1391/952/1342 3299/2368/1342 1392/953/1342
f 439/288/1343 438/287/1343 425/280/1343
f 3274/2369/1344 1352/901/1344 3093/2217/1344
f 3297/2360/1345 3145/1594/1345 2346/2370/1345
f 3302/2371/1346 3295/2372/1346 3294/2359/1346
f 3310/2373/1347 2049/1422/1347 3274/2369/1347
f 3300/2374/1348 1828/2375/1348 142/1256/1348
f 218/159/1349 340/960/1349 3081/2199/1349
f 271/2376/1350 2579/1789/1350 379/1415/1350
f 3303/2377/1351 952/2378/1351 3143/2228/1351
f 3129/2379/1352 3304/2380/1352 1389/2381/1352
f 3733/1644/1353 2408/574/1353 3277/2382/1353
f 3306/2383/1354 3307/2384/1354 3308/2385/1354
f 3309/2386/1355 3306/2383/1355 2620/2387/1355
f 3069/2388/1356 3311/965/1356 258/174/1356
f 3305/2389/1357 1389/2381/1357 2611/1812/1357
f 3069/2388/1358 2608/2390/1358 2607/2181/1358
f 1421/968/1359 1417/2391/1359 3316/2392/1359
f 2379/1626/1360 2378/1625/1360 3315/2393/1360
f 3305/2389/1361 2619/2394/1361 2620/2387/1361
f 3319/2395/1362 2621/1816/1362 3309/2386/1362
f 3321/2396/1363 2336/2397/1363 2335/2398/1363
f 3382/2399/1364 1828/2375/1364 3300/2374/1364
f 1513/1407/1365 138/94/1365 1969/1341/1365
f 1484/1005/1366 4394/1365/1366 1526/1359/1366
f 2590/1798/1367 3817/1414/1367 2641/1837/1367
f 3323/2400/1368 2267/1577/1368 2261/2401/1368
f 2309/1825/1369 258/174/1369 2627/173/1369
f 2309/1825/1370 3069/2388/1370 258/174/1370
f 3328/2402/1371 2274/2403/1371 3329/2404/1371
f 3323/2400/1372 3325/2405/1372 3324/2406/1372
f 3718/2407/1373 2267/1577/1373 2161/2408/1373
f 3718/2407/1374 3303/2377/1374 3122/1575/1374
f 2267/1577/1375 3718/2407/1375 3122/1575/1375
f 1501/1384/1376 2026/1399/1376 1503/1026/1376
f 3331/1396/1377 3333/1395/1377 2025/1398/1377
f 1505/1030/1378 1503/1026/1378 2026/1399/1378
f 2259/2409/1379 3326/2410/1379 3332/2411/1379
f 2276/2412/1380 3322/2413/1380 3332/2411/1380
f 3336/2414/1381 3337/2415/1381 3680/2416/1381
f 2026/1399/1382 3333/1395/1382 1505/1030/1382
f 205/1394/1383 3331/1396/1383 207/2417/1383
f 4229/572/1384 2407/1645/1384 3339/2418/1384
f 3701/2224/1385 884/1658/1385 2418/1657/1385
f 203/2419/1386 205/1394/1386 207/2417/1386
f 1480/1366/1387 1460/1011/1387 1993/1377/1387
f 1480/1366/1388 1993/1377/1388 4394/1365/1388
f 3348/1683/1389 944/625/1389 2447/1684/1389
f 2441/1678/1390 2448/2420/1390 2445/1679/1390
f 2630/1829/1391 1510/1830/1391 3787/2421/1391
f 2451/1686/1392 3347/2422/1392 2443/2423/1392
f 193/2154/1393 2630/1829/1393 3787/2421/1393
f 2449/1685/1394 2448/2420/1394 2452/2424/1394
f 3355/2425/1395 3138/2426/1395 3140/2237/1395
f 3352/2427/1396 3130/2428/1396 3353/2429/1396
f 3354/75/1397 203/2419/1397 170/2161/1397
f 3130/2428/1398 3131/2430/1398 3356/2431/1398
f 3359/2432/1399 3366/2433/1399 3358/2434/1399
f 1828/2375/1400 3382/2399/1400 168/2435/1400
f 3110/643/1401 1011/673/1401 1010/2215/1401
f 4218/2222/1402 996/2436/1402 3361/2437/1402
f 2666/2438/1403 155/2439/1403 3030/2440/1403
f 1950/2441/1404 163/104/1404 160/103/1404
f 1950/2441/1405 1946/1335/1405 163/104/1405
f 1658/1107/1406 2668/2442/1406 1672/1163/1406
f 3366/2433/1407 3107/2214/1407 3106/2213/1407
f 3096/2443/1408 3367/2444/1408 3368/2445/1408
f 3367/2444/1409 2245/1564/1409 3368/2445/1409
f 3370/2446/1410 3371/2447/1410 3372/2448/1410
f 3115/2225/1411 2200/1527/1411 3374/2187/1411
f 1913/2449/1412 3396/2450/1412 1939/2451/1412
f 1710/2452/1413 3377/2453/1413 80/30/1413
f 70/28/1414 3379/2454/1414 71/29/1414
f 78/2455/1415 4319/2456/1415 3379/2454/1415
f 2690/1864/1416 41/56/1416 2687/2457/1416
f 2687/2457/1417 2686/1156/1417 2690/1864/1417
f 2689/2458/1418 3380/2044/1418 2686/1156/1418
f 802/2459/1419 848/557/1419 843/1703/1419
f 1016/679/1420 3383/2460/1420 972/2461/1420
f 15/9/1421 1685/1324/1421 2712/1322/1421
f 4442/2462/1422 990/707/1422 3386/2463/1422
f 2690/1864/1423 2691/2049/1423 44/1863/1423
f 2690/1864/1424 3380/2044/1424 2691/2049/1424
f 3391/2464/1425 3392/2465/1425 3389/2466/1425
f 3389/2466/1426 3384/2467/1426 3391/2464/1426
f 3393/2468/1427 3380/2469/1427 2689/2470/1427
f 3386/2463/1428 3387/706/1428 3390/2471/1428
f 990/707/1429 1123/2472/1429 1035/692/1429
f 3385/2473/1430 3387/706/1430 1058/708/1430
f 3399/2474/1431 4006/2475/1431 3398/2476/1431
f 1911/2477/1432 1905/1307/1432 1904/1306/1432
f 1683/2478/1433 35/16/1433 38/2479/1433
f 1114/2480/1434 3401/2196/1434 3992/2481/1434
f 1116/2482/1435 1115/2483/1435 1120/2484/1435
f 3396/2450/1436 1916/2485/1436 1906/2486/1436
f 1939/2451/1437 1937/1310/1437 1938/2487/1437
f 1928/1188/1438 1926/2488/1438 1927/1878/1438
f 3300/2374/1439 3364/2489/1439 3382/2399/1439
f 3382/2399/1440 3364/2489/1440 3407/2490/1440
f 807/558/1441 3071/799/1441 783/535/1441
f 3407/2490/1442 3409/2491/1442 3382/2399/1442
f 1109/2197/1443 3062/2175/1443 3085/2198/1443
f 3060/2492/1444 3084/2200/1444 3062/2175/1444
f 3061/2183/1445 3058/2493/1445 3060/2492/1445
f 3411/2494/1446 3410/2495/1446 3409/2491/1446
f 2741/2496/1447 3413/2497/1447 2916/2498/1447
f 3414/2499/1448 2916/2498/1448 3412/2500/1448
f 1128/2501/1449 3062/2175/1449 1109/2197/1449
f 3070/798/1450 1164/797/1450 3071/799/1450
f 2758/1237/1451 4324/2502/1451 2747/2503/1451
f 3658/548/1452 4305/2504/1452 1130/2505/1452
f 174/113/1453 3420/2506/1453 1873/1289/1453
f 3641/544/1454 677/425/1454 4305/2504/1454
f 3422/1988/1455 117/1241/1455 2752/1242/1455
f 1796/1168/1456 2758/1237/1456 2748/2507/1456
f 2165/1494/1457 2150/432/1457 2158/2188/1457
f 1898/1304/1458 1948/1333/1458 3423/2508/1458
f 2151/2509/1459 2165/1741/1459 2154/2510/1459
f 167/2511/1460 1861/1207/1460 1892/2512/1460
f 169/1925/1461 1892/2512/1461 2784/1182/1461
f 3424/2513/1462 1879/2514/1462 4334/2515/1462
f 1892/2512/1463 1861/1207/1463 1890/2516/1463
f 3427/2517/1464 3428/2518/1464 3429/2519/1464
f 3429/2519/1465 2571/1778/1465 3430/2520/1465
f 3452/2521/1466 3432/2522/1466 3433/2523/1466
f 1861/1207/1467 2815/1948/1467 3434/2524/1467
f 1296/2525/1468 3438/2526/1468 3046/2527/1468
f 3436/2166/1469 3053/2168/1469 3049/2528/1469
f 1865/2529/1470 1752/2530/1470 1866/2531/1470
f 3437/2532/1471 3439/2533/1471 168/2435/1471
f 3431/2534/1472 2571/1778/1472 3429/2519/1472
f 3627/2535/1473 2822/154/1473 231/152/1473
f 231/152/1474 232/140/1474 221/139/1474
f 718/480/1475 604/2536/1475 2572/1783/1475
f 661/477/1476 3464/2537/1476 713/478/1476
f 610/403/1477 579/2538/1477 658/447/1477
f 206/128/1478 1609/2539/1478 1601/2540/1478
f 658/443/1479 579/387/1479 506/337/1479
f 3437/2532/1480 3466/2541/1480 3439/2533/1480
f 591/2542/1481 655/457/1481 657/2543/1481
f 2864/2544/1482 3628/1953/1482 3627/2535/1482
f 506/337/1483 595/338/1483 669/444/1483
f 2542/1775/1484 3447/2545/1484 2569/1776/1484
f 3482/2546/1485 3447/2545/1485 3475/2547/1485
f 1308/858/1486 2648/1841/1486 2576/1786/1486
f 3484/2548/1487 3485/1934/1487 2797/2549/1487
f 2792/2550/1488 3490/2551/1488 3478/2552/1488
f 3644/2553/1489 3491/2554/1489 3493/2555/1489
f 3497/2556/1490 3622/2557/1490 3483/2558/1490
f 403/2559/1491 3930/2560/1491 3501/2561/1491
f 3505/2562/1492 1240/841/1492 3510/2563/1492
f 3515/2564/1493 3508/2565/1493 3511/2566/1493
f 3515/2564/1494 3511/2566/1494 3514/2567/1494
f 3517/2568/1495 3521/2569/1495 3523/2570/1495
f 259/172/1496 1497/2571/1496 2863/2572/1496
f 2864/2544/1497 2863/2572/1497 1982/1361/1497
f 2967/2573/1498 3527/2574/1498 1368/2089/1498
f 2967/2573/1499 1368/2089/1499 3526/2575/1499
f 3522/2576/1500 3516/2577/1500 3521/2569/1500
f 3516/2577/1501 2103/1457/1501 2102/1456/1501
f 3532/2578/1502 2969/2579/1502 3530/2580/1502
f 1408/2581/1503 3506/2582/1503 3505/2562/1503
f 3510/2563/1504 1408/2581/1504 3505/2562/1504
f 3533/1028/1505 3588/1027/1505 1497/2571/1505
f 1985/1363/1506 2788/1926/1506 3535/2583/1506
f 1985/1363/1507 1994/1362/1507 2788/1926/1507
f 2786/1929/1508 2780/1932/1508 2782/1924/1508
f 2787/1928/1509 2781/1923/1509 3538/2584/1509
f 3543/2585/1510 2776/2586/1510 2010/2587/1510
f 3544/1854/1511 2099/896/1511 1323/895/1511
f 2765/2588/1512 2863/2572/1512 1497/2571/1512
f 3545/2589/1513 3546/2590/1513 3547/2591/1513
f 2099/896/1514 3544/1854/1514 3000/1856/1514
f 2732/2592/1515 2721/2593/1515 3551/2594/1515
f 3553/2595/1516 2726/2596/1516 2729/1894/1516
f 2722/2597/1517 2732/2592/1517 3515/2564/1517
f 2084/1437/1518 2083/949/1518 3000/1856/1518
f 2722/2597/1519 3515/2564/1519 1476/2598/1519
f 3403/2599/1520 3556/1313/1520 3404/2600/1520
f 2965/2085/1521 2964/2087/1521 2956/2601/1521
f 491/2602/1522 3552/2603/1522 3548/2604/1522
f 2901/307/1523 2696/1862/1523 2899/2031/1523
f 471/317/1524 2041/206/1524 474/314/1524
f 484/2605/1525 486/312/1525 2043/2606/1525
f 2765/2588/1526 2070/2607/1526 2073/2608/1526
f 473/313/1527 475/315/1527 471/317/1527
f 2672/1860/1528 2723/2609/1528 2671/2610/1528
f 2671/2610/1529 2723/2609/1529 2722/2597/1529
f 3958/992/1530 1407/996/1530 1445/993/1530
f 4184/963/1531 1400/962/1531 1471/2611/1531
f 1400/962/1532 2722/2597/1532 1471/2611/1532
f 1434/1023/1533 2079/2612/1533 1320/2613/1533
f 2029/1402/1534 1434/1023/1534 1320/2613/1534
f 2678/1857/1535 2677/2061/1535 2675/2614/1535
f 1427/974/1536 1426/973/1536 3565/2615/1536
f 2732/2592/1537 2722/2597/1537 2723/2609/1537
f 3567/2616/1538 1428/2617/1538 3536/976/1538
f 3567/2616/1539 1426/973/1539 2995/975/1539
f 1427/974/1540 3009/431/1540 2990/2142/1540
f 4495/2618/1541 2999/2119/1541 3570/2619/1541
f 2734/1858/1542 2736/2620/1542 2679/2621/1542
f 2652/2622/1543 3572/2623/1543 3575/1842/1543
f 2618/2624/1544 2662/1846/1544 3554/2625/1544
f 3573/2626/1545 2081/1434/1545 3559/2627/1545
f 3574/998/1546 1453/997/1546 2971/2101/1546
f 2060/2628/1547 3579/2629/1547 2058/2630/1547
f 3560/2631/1548 3580/2632/1548 3587/2633/1548
f 2066/2634/1549 3581/2635/1549 3577/2636/1549
f 2062/2637/1550 3586/2638/1550 3581/2635/1550
f 2059/2639/1551 3562/2640/1551 3564/2641/1551
f 4069/2642/1552 2974/2643/1552 3578/2644/1552
f 2765/2588/1553 2068/2645/1553 2070/2607/1553
f 3590/2646/1554 3562/2640/1554 2059/2639/1554
f 3955/2647/1555 1471/2611/1555 1466/1013/1555
f 1419/2648/1556 1432/982/1556 2632/1835/1556
f 3512/2649/1557 1408/2581/1557 3510/2563/1557
f 2765/2588/1558 1497/2571/1558 3588/1027/1558
f 3013/2132/1559 3191/2650/1559 3016/2651/1559
f 1425/2652/1560 4496/2653/1560 2785/2654/1560
f 3191/2650/1561 3024/2146/1561 3026/2655/1561
f 1425/2656/1562 1428/2617/1562 3568/2657/1562
f 2569/1776/1563 2632/1835/1563 1431/981/1563
f 2899/2031/1564 2696/1862/1564 4173/2658/1564
f 3529/2659/1565 1360/2660/1565 3528/2661/1565
f 4173/2658/1566 1588/1094/1566 2899/2031/1566
f 595/338/1567 545/377/1567 588/392/1567
f 3595/2662/1568 2899/2031/1568 1588/1094/1568
f 579/387/1569 540/335/1569 506/337/1569
f 579/2538/1570 610/403/1570 560/405/1570
f 4464/2663/1571 290/185/1571 2757/1904/1571
f 2703/1871/1572 4440/2664/1572 2707/1872/1572
f 4464/2663/1573 2757/1904/1573 3595/2662/1573
f 2732/2592/1574 3551/2594/1574 3515/2564/1574
f 3515/2564/1575 3551/2594/1575 3508/2565/1575
f 2806/2665/1576 3552/2603/1576 3598/2666/1576
f 2806/2665/1577 3550/2667/1577 2805/2668/1577
f 402/2669/1578 3547/2591/1578 3546/2590/1578
f 1229/2670/1579 1228/2671/1579 3602/2672/1579
f 3605/2673/1580 2604/2674/1580 2134/2675/1580
f 4450/2676/1581 3606/2677/1581 2135/2678/1581
f 1232/837/1582 1234/2679/1582 2127/1476/1582
f 2129/1475/1583 1216/2680/1583 2137/1480/1583
f 3478/2552/1584 2788/2681/1584 2789/2682/1584
f 1210/2683/1585 1215/1483/1585 1208/2684/1585
f 3610/2685/1586 1212/832/1586 1211/831/1586
f 3612/2686/1587 4036/2687/1587 1222/2688/1587
f 3614/2689/1588 720/483/1588 3462/1782/1588
f 1983/1370/1589 1984/977/1589 1986/1364/1589
f 626/426/1590 677/425/1590 1139/777/1590
f 679/2690/1591 3615/2691/1591 3596/2692/1591
f 698/471/1592 692/472/1592 3617/2693/1592
f 713/478/1593 3464/2537/1593 660/474/1593
f 1647/1132/1594 334/1131/1594 329/1349/1594
f 329/1349/1595 335/2694/1595 331/212/1595
f 625/418/1596 610/403/1596 663/446/1596
f 1975/1348/1597 2861/2695/1597 331/212/1597
f 1664/2696/1598 1975/1348/1598 2763/1905/1598
f 2156/1501/1599 2117/1470/1599 3619/1499/1599
f 3620/2697/1600 3621/2698/1600 4390/2699/1600
f 2594/2700/1601 1202/2701/1601 2600/2702/1601
f 4004/2703/1602 4445/2704/1602 1187/815/1602
f 4010/2705/1603 3623/814/1603 3624/2706/1603
f 1176/825/1604 3624/2706/1604 1192/2707/1604
f 1634/2708/1605 3468/2709/1605 3473/1360/1605
f 1175/2710/1606 3045/2178/1606 3065/2182/1606
f 4012/2711/1607 3624/2706/1607 1176/825/1607
f 1483/1038/1608 1697/1176/1608 1682/1169/1608
f 2549/2712/1609 4400/2713/1609 3676/2714/1609
f 3468/2709/1610 1901/1941/1610 3628/1953/1610
f 2180/2201/1611 2541/1755/1611 2542/1775/1611
f 760/524/1612 3626/787/1612 764/525/1612
f 4185/2715/1613 3630/2716/1613 1627/2717/1613
f 1631/2718/1614 3487/2719/1614 1632/2720/1614
f 3635/2721/1615 3636/2722/1615 3633/2723/1615
f 778/527/1616 3626/787/1616 773/528/1616
f 3499/2724/1617 3494/2725/1617 3495/2726/1617
f 3640/1130/1618 1646/1135/1618 4140/2727/1618
f 791/543/1619 1141/772/1619 3641/544/1619
f 3644/2553/1620 236/2728/1620 235/2729/1620
f 1881/1995/1621 2868/1994/1621 2354/1993/1621
f 2870/1996/1622 1742/2730/1622 3649/2731/1622
f 692/472/1623 4396/2732/1623 3617/2693/1623
f 4298/2733/1624 3991/2734/1624 3654/2735/1624
f 1744/1205/1625 2813/2736/1625 3923/2737/1625
f 3659/2738/1626 3657/2739/1626 3663/2740/1626
f 3659/2738/1627 3664/2741/1627 3657/2739/1627
f 3662/2742/1628 3663/2740/1628 3661/2743/1628
f 3444/2744/1629 1760/2745/1629 3443/2746/1629
f 3982/2747/1630 2266/1576/1630 3658/548/1630
f 3444/2744/1631 1759/2748/1631 1760/2745/1631
f 3673/2749/1632 3790/2750/1632 3036/2751/1632
f 3674/1682/1633 2179/1513/1633 2180/2201/1633
f 4037/608/1634 3677/1723/1634 3676/2714/1634
f 806/559/1635 812/560/1635 855/576/1635
f 855/576/1636 815/562/1636 806/559/1636
f 2898/2028/1637 1722/1961/1637 1723/1191/1637
f 2894/2023/1638 2895/2024/1638 2897/2027/1638
f 1723/1191/1639 1724/1193/1639 2894/2023/1639
f 2888/2015/1640 1721/1959/1640 1722/1961/1640
f 1525/1344/1641 1513/1407/1641 1969/1341/1641
f 1732/1199/1642 1734/1954/1642 1728/2752/1642
f 2802/2029/1643 2889/2022/1643 1800/2021/1643
f 3687/2753/1644 3688/2754/1644 3689/2755/1644
f 2267/1577/1645 2266/1576/1645 2260/2756/1645
f 1820/1272/1646 3687/2753/1646 1822/1275/1646
f 1459/2757/1647 1991/2758/1647 1482/2759/1647
f 1825/2760/1648 3700/2761/1648 3699/2762/1648
f 1822/1275/1649 3687/2753/1649 3689/2755/1649
f 870/2763/1650 4028/2764/1650 909/1550/1650
f 1856/2765/1651 1859/2766/1651 1855/2767/1651
f 867/2768/1652 870/2763/1652 909/1550/1652
f 1829/2769/1653 1830/1267/1653 1837/1230/1653
f 3701/2224/1654 2418/1657/1654 2419/2770/1654
f 3420/2506/1655 174/113/1655 3419/2771/1655
f 1862/1281/1656 1864/2772/1656 1867/2773/1656
f 3703/2774/1657 2771/2775/1657 2770/1915/1657
f 196/2776/1658 1839/2777/1658 1843/1264/1658
f 877/2778/1659 878/1659/1659 880/1666/1659
f 2256/2779/1660 2248/2780/1660 2439/2781/1660
f 2402/2782/1661 889/610/1661 890/2783/1661
f 3709/2784/1662 2745/2785/1662 2742/2786/1662
f 3707/2787/1663 2748/2507/1663 2747/2503/1663
f 813/613/1664 2310/612/1664 2347/596/1664
f 3709/2784/1665 3710/2788/1665 3708/2789/1665
f 2742/2786/1666 1834/1901/1666 3709/2784/1666
f 26/13/1667 108/69/1667 1888/1299/1667
f 108/69/1668 4504/2790/1668 1888/1299/1668
f 2277/2791/1669 3716/2792/1669 4244/2793/1669
f 3327/2794/1670 2161/2408/1670 3324/2406/1670
f 3722/2795/1671 3723/2796/1671 2173/2797/1671
f 3718/2407/1672 3727/1590/1672 3303/2377/1672
f 1487/2798/1673 1988/1833/1673 1530/1369/1673
f 117/1241/1674 118/2799/1674 85/38/1674
f 1810/2800/1675 1858/1277/1675 97/1279/1675
f 1571/1070/1676 1583/1083/1676 1541/1071/1676
f 1957/1061/1677 184/117/1677 3247/1062/1677
f 753/631/1678 3143/2228/1678 952/2378/1678
f 3303/2377/1679 2292/1583/1679 952/2378/1679
f 81/2801/1680 2915/2802/1680 2910/2035/1680
f 3731/2803/1681 123/2804/1681 3732/2805/1681
f 3744/70/1682 1790/72/1682 3741/2806/1682
f 111/2807/1683 1790/72/1683 112/71/1683
f 3735/2808/1684 3736/2809/1684 2077/2810/1684
f 2412/1651/1685 2414/1650/1685 3142/615/1685
f 3142/615/1686 908/611/1686 2412/1651/1686
f 1790/72/1687 99/61/1687 1791/1239/1687
f 99/61/1688 1790/72/1688 3739/62/1688
f 135/85/1689 3740/2811/1689 77/2812/1689
f 3742/2813/1690 2408/574/1690 2415/1652/1690
f 1791/1239/1691 99/61/1691 1792/2814/1691
f 1794/1238/1692 3743/2815/1692 1790/72/1692
f 1791/1239/1693 1795/2816/1693 1794/1238/1693
f 3743/2815/1694 3741/2806/1694 1790/72/1694
f 1764/7/1695 3747/2817/1695 1774/2818/1695
f 2428/2268/1696 814/2243/1696 3748/2266/1696
f 3749/2819/1697 2329/2820/1697 2325/2821/1697
f 2392/2822/1698 797/549/1698 2394/1634/1698
f 3751/2823/1699 3752/2824/1699 3753/2825/1699
f 1720/1185/1700 116/1323/1700 1929/1186/1700
f 798/550/1701 794/546/1701 3754/2826/1701
f 3279/2827/1702 3277/2382/1702 3278/1545/1702
f 77/2812/1703 3740/2811/1703 2978/2828/1703
f 4237/1710/1704 3758/2829/1704 2171/1711/1704
f 3272/2830/1705 2488/2831/1705 3249/2832/1705
f 3271/2833/1706 3270/2834/1706 3249/2835/1706
f 1956/2136/1707 3008/115/1707 184/117/1707
f 2438/2336/1708 662/445/1708 3766/2836/1708
f 83/1315/1709 1608/1100/1709 1649/1134/1709
f 3205/2299/1710 733/517/1710 759/519/1710
f 86/43/1711 1608/1100/1711 83/1315/1711
f 731/1681/1712 733/517/1712 3767/2298/1712
f 116/1323/1713 1685/1324/1713 3008/115/1713
f 701/2837/1714 2251/2838/1714 703/2839/1714
f 701/2837/1715 1180/2840/1715 4421/2841/1715
f 3770/2842/1716 2251/2838/1716 701/2837/1716
f 1944/2100/1717 2656/1340/1717 139/96/1717
f 105/2095/1718 100/2843/1718 1690/2844/1718
f 1944/2100/1719 139/96/1719 166/95/1719
f 1624/1117/1720 3778/2845/1720 1626/2846/1720
f 714/491/1721 1167/490/1721 1166/805/1721
f 2500/1720/1722 2196/2847/1722 2191/1519/1722
f 2521/1734/1723 2199/2848/1723 2522/1735/1723
f 2199/2848/1724 2191/1519/1724 2196/2847/1724
f 1181/2302/1725 3780/2849/1725 3204/2850/1725
f 3204/2850/1726 3780/2849/1726 3769/2851/1726
f 3780/2849/1727 3202/2852/1727 2198/2853/1727
f 2216/2854/1728 2192/1520/1728 2217/1541/1728
f 3783/2309/1729 4474/2855/1729 3216/2856/1729
f 612/399/1730 3170/1510/1730 608/400/1730
f 3202/2852/1731 2522/1735/1731 2199/2848/1731
f 578/1498/1732 583/437/1732 624/420/1732
f 1992/1367/1733 1989/2150/1733 1486/1368/1733
f 1490/1352/1734 1532/1351/1734 1533/149/1734
f 3010/2857/1735 3019/2173/1735 2970/2098/1735
f 2536/1747/1736 3793/2858/1736 3238/2859/1736
f 629/2099/1737 2536/1747/1737 3795/2860/1737
f 1460/1011/1738 1459/2757/1738 1481/1374/1738
f 1242/864/1739 4272/2297/1739 3205/2299/1739
f 3209/2861/1740 3208/872/1740 1264/849/1740
f 3091/2862/1741 3173/2272/1741 3175/2273/1741
f 3344/2863/1742 3345/2864/1742 1997/2865/1742
f 3091/2866/1743 1247/2867/1743 1250/2868/1743
f 2002/2869/1744 3800/2870/1744 3801/2871/1744
f 578/1498/1745 4126/2261/1745 583/437/1745
f 2000/1033/1746 2002/2869/1746 2001/1379/1746
f 3801/2871/1747 2001/1379/1747 2002/2869/1747
f 3194/2872/1748 3196/2873/1748 553/2874/1748
f 3806/2875/1749 3807/2876/1749 3197/2877/1749
f 541/361/1750 3196/2873/1750 3197/2877/1750
f 227/148/1751 1490/1352/1751 1533/149/1751
f 3195/2878/1752 3864/2308/1752 3158/2256/1752
f 1487/2798/1753 1530/1369/1753 1486/1368/1753
f 1487/2798/1754 1990/2879/1754 1464/1002/1754
f 3158/2256/1755 3160/2255/1755 3195/2878/1755
f 2539/899/1756 1243/2880/1756 1263/863/1756
f 1480/1366/1757 1458/1012/1757 1460/1011/1757
f 563/2881/1758 3809/2882/1758 3810/2883/1758
f 3812/1036/1759 2591/1797/1759 3815/1796/1759
f 3814/2884/1760 3813/340/1760 564/2885/1760
f 512/2886/1761 514/2887/1761 563/2881/1761
f 3814/2884/1762 544/2888/1762 3159/2889/1762
f 563/2881/1763 3810/2883/1763 564/2885/1763
f 4197/2890/1764 2112/388/1764 529/350/1764
f 3828/2891/1765 3816/1390/1765 2023/1393/1765
f 241/156/1766 2023/1393/1766 220/2892/1766
f 3818/1773/1767 2567/1774/1767 2111/2259/1767
f 2589/2893/1768 238/2894/1768 1493/1836/1768
f 446/2895/1769 2111/2259/1769 2110/2258/1769
f 2623/1817/1770 3817/1414/1770 3318/2896/1770
f 3274/2369/1771 4197/2890/1771 1314/902/1771
f 271/2376/1772 3817/1414/1772 2590/1798/1772
f 2581/1790/1773 2585/2897/1773 3075/2193/1773
f 3821/253/1774 386/2348/1774 3129/2379/1774
f 376/2898/1775 377/2899/1775 392/250/1775
f 3820/2900/1776 388/2901/1776 389/2902/1776
f 1378/942/1777 1379/935/1777 1406/990/1777
f 2038/2903/1778 3289/2904/1778 3095/2206/1778
f 2038/2903/1779 1456/1004/1779 1450/1003/1779
f 389/2902/1780 395/254/1780 3308/2385/1780
f 1448/1007/1781 1440/2905/1781 1447/2906/1781
f 2621/1816/1782 3318/2896/1782 3820/2900/1782
f 3820/2900/1783 3318/2896/1783 1386/1416/1783
f 1409/991/1784 4410/1794/1784 3822/911/1784
f 3304/2380/1785 3124/2907/1785 3314/2908/1785
f 1409/991/1786 3822/911/1786 1378/942/1786
f 1369/944/1787 1384/947/1787 1379/935/1787
f 1398/2909/1788 2036/2910/1788 356/2911/1788
f 3824/2912/1789 3826/2913/1789 1397/2914/1789
f 4303/2915/1790 2379/1626/1790 3317/2916/1790
f 243/160/1791 3081/2199/1791 3108/1769/1791
f 1394/956/1792 3826/2917/1792 1395/954/1792
f 3314/2908/1793 435/284/1793 1387/2367/1793
f 2582/2918/1794 2585/2897/1794 2579/1789/1794
f 3312/2180/1795 3316/2392/1795 2607/2181/1795
f 2585/2897/1796 2582/2918/1796 2591/1797/1796
f 3118/2365/1797 3296/2361/1797 3120/2919/1797
f 2582/2918/1798 271/2376/1798 2591/1797/1798
f 1418/967/1799 469/2920/1799 3121/1439/1799
f 291/2921/1800 3829/2922/1800 242/2923/1800
f 307/200/1801 3828/2891/1801 321/204/1801
f 2581/1790/1802 3076/2194/1802 3819/2924/1802
f 241/156/1803 220/2892/1803 240/157/1803
f 210/132/1804 2623/1817/1804 211/133/1804
f 1484/1005/1805 1409/991/1805 1480/1366/1805
f 1457/994/1806 1458/1012/1806 1480/1366/1806
f 2564/1771/1807 3831/1770/1807 1313/2925/1807
f 3043/1832/1808 3041/2327/1808 1511/2926/1808
f 529/350/1809 1314/902/1809 4197/2890/1809
f 2553/1762/1810 482/329/1810 4128/328/1810
f 1511/2926/1811 3041/2327/1811 187/116/1811
f 1511/2926/1812 1510/1830/1812 3043/1832/1812
f 482/329/1813 2548/1757/1813 511/2927/1813
f 446/2895/1814 2110/2258/1814 2105/2928/1814
f 3155/2929/1815 446/2895/1815 2105/2928/1815
f 1515/1045/1816 3247/1062/1816 3330/2930/1816
f 3041/2327/1817 3330/2930/1817 3247/1062/1817
f 1511/2926/1811 187/116/1811 1510/1830/1811
f 1979/2931/1818 3365/2932/1818 1980/2933/1818
f 2067/343/1819 514/2887/1819 524/1428/1819
f 3673/2749/1820 3836/2934/1820 3790/2750/1820
f 3841/2935/1821 3837/2936/1821 3838/2937/1821
f 3839/2938/1822 136/2939/1822 3033/2940/1822
f 4387/2941/1823 209/2942/1823 3841/2935/1823
f 3846/2943/1824 3847/2263/1824 2527/2260/1824
f 3848/2944/1825 3005/2124/1825 3765/2945/1825
f 3847/2263/1826 3849/2946/1826 3167/2262/1826
f 3166/2947/1827 3168/2948/1827 2524/1737/1827
f 1946/2949/1828 1950/2950/1828 105/2095/1828
f 485/2951/1829 3864/2308/1829 3168/2948/1829
f 550/375/1830 3159/2889/1830 562/376/1830
f 105/2095/1831 106/2952/1831 4384/2953/1831
f 1925/2954/1832 1929/1186/1832 2674/2955/1832
f 3803/2956/1833 3197/2877/1833 566/2957/1833
f 3853/2958/1834 568/2959/1834 3850/2960/1834
f 2712/1322/1835 1720/1185/1835 1770/1184/1835
f 3403/2599/1836 3404/2600/1836 3534/2961/1836
f 3805/2962/1837 3807/2876/1837 4208/2963/1837
f 4384/2953/1838 106/2952/1838 104/2964/1838
f 1756/2965/1839 3861/2966/1839 1757/1219/1839
f 1754/18/1840 3860/2967/1840 1756/2965/1840
f 3863/2968/1841 3865/2969/1841 3864/2308/1841
f 1912/2970/1842 1904/1306/1842 1915/1880/1842
f 1915/1880/1843 3867/2971/1843 1781/1882/1843
f 3865/2969/1844 3225/2307/1844 3864/2308/1844
f 1774/2818/1845 3869/2972/1845 1764/7/1845
f 1776/2973/1846 1774/2818/1846 1782/2974/1846
f 2517/1732/1847 2518/2975/1847 3237/2976/1847
f 3415/2977/1848 89/45/1848 2916/2498/1848
f 88/39/1849 3871/2978/1849 66/25/1849
f 3792/2979/1850 3788/2980/1850 3903/2981/1850
f 3221/2982/1851 636/2983/1851 4475/2984/1851
f 636/2983/1852 3785/2985/1852 635/2986/1852
f 2747/2503/1853 2743/2987/1853 3707/2787/1853
f 2147/1490/1854 2172/1473/1854 1278/1491/1854
f 2148/2988/1855 2172/1473/1855 2149/1472/1855
f 1824/2989/1856 3879/2990/1856 3885/2991/1856
f 3880/2992/1857 3881/2993/1857 3883/2994/1857
f 3878/2995/1858 3883/2994/1858 3881/2993/1858
f 3882/2996/1859 3880/2992/1859 3695/2997/1859
f 614/1506/1860 2163/852/1860 1254/398/1860
f 1254/398/1861 2218/1544/1861 614/1506/1861
f 3884/2998/1862 2744/2999/1862 3885/2991/1862
f 1254/398/1863 607/397/1863 2218/1544/1863
f 3887/1203/1864 3714/3000/1864 2909/3001/1864
f 109/68/1865 185/3002/1865 93/3003/1865
f 1278/1491/1866 2172/1473/1866 2221/1546/1866
f 1811/1270/1867 140/1269/1867 3706/1909/1867
f 198/121/1868 153/123/1868 2764/3004/1868
f 3894/1266/1869 1844/1265/1869 2764/3005/1869
f 3890/3006/1870 4220/3007/1870 4217/3008/1870
f 1841/98/1871 1842/3009/1871 1838/3010/1871
f 1844/1265/1872 1843/1264/1872 1839/2777/1872
f 3704/3011/1873 3893/3012/1873 3894/1266/1873
f 1827/3013/1874 1852/3014/1874 2770/1915/1874
f 3703/2774/1875 3702/3015/1875 3708/2789/1875
f 3897/3016/1876 61/3017/1876 3898/3018/1876
f 3019/2173/1877 3794/3019/1877 3032/2174/1877
f 2798/1229/1878 1829/2769/1878 1837/1230/1878
f 3916/3020/1879 2157/1502/1879 2178/1492/1879
f 1805/1248/1880 3695/2997/1880 3697/3021/1880
f 3265/3022/1881 2157/1502/1881 3916/3020/1881
f 1802/1247/1882 1805/1248/1882 1727/1196/1882
f 3265/3022/1883 3899/2320/1883 2157/1502/1883
f 1798/1245/1884 1807/1244/1884 1802/1247/1884
f 1802/1247/1885 1800/2021/1885 1798/1245/1885
f 2801/3023/1886 1731/1197/1886 1719/3024/1886
f 3444/2744/1887 1868/3025/1887 2876/2007/1887
f 3665/1283/1888 1869/3026/1888 1877/1288/1888
f 1876/1287/1889 2354/1993/1889 2867/3027/1889
f 2760/1286/1890 178/114/1890 3900/3028/1890
f 1921/1330/1891 1883/1292/1891 1922/3029/1891
f 3795/2860/1892 4472/3030/1892 630/2017/1892
f 3902/1170/1893 2753/1236/1893 1796/1168/1893
f 3904/3031/1894 627/429/1894 3222/3032/1894
f 631/3033/1895 3905/3034/1895 635/2986/1895
f 3906/3035/1896 2249/3036/1896 3903/2981/1896
f 687/464/1897 754/1582/1897 609/401/1897
f 2176/3037/1898 2227/410/1898 2294/1585/1898
f 2227/410/1899 621/406/1899 2226/3038/1899
f 4526/3039/1900 3910/3040/1900 3911/3041/1900
f 3908/3042/1901 2177/1552/1901 2223/1551/1901
f 1763/3043/1902 1724/1193/1902 2838/1192/1902
f 3910/3040/1903 3909/3044/1903 3911/3041/1903
f 1763/3043/1904 2799/1935/1904 1762/1936/1904
f 4220/3007/1905 2749/1902/1905 3201/3045/1905
f 586/416/1906 650/3046/1906 180/366/1906
f 3915/3047/1907 3916/3020/1907 3908/3042/1907
f 3668/3048/1908 2857/1973/1908 3434/2524/1908
f 1744/1205/1909 3923/2737/1909 3666/3049/1909
f 4236/3050/1910 3926/3051/1910 3895/3052/1910
f 2353/1999/1911 2349/3053/1911 2352/3054/1911
f 2868/1994/1912 1536/1057/1912 405/1056/1912
f 1941/1969/1913 1561/1329/1913 1562/3055/1913
f 1561/1329/1914 1941/1969/1914 1921/1330/1914
f 4175/1082/1915 3934/1081/1915 1570/3056/1915
f 2860/1093/1916 2859/3057/1916 1563/1987/1916
f 2437/1667/1917 2425/3058/1917 2427/1668/1917
f 2437/1667/1918 3763/3059/1918 2425/3058/1918
f 2425/3058/1919 3763/3059/1919 2426/3060/1919
f 2458/1691/1920 2457/1690/1920 2463/1695/1920
f 3940/3061/1921 3941/3062/1921 3935/1613/1921
f 2796/1933/1922 2862/1938/1922 3480/1978/1922
f 1508/1040/1923 1974/1967/1923 1507/3063/1923
f 3935/1613/1924 2340/1615/1924 3940/3061/1924
f 3533/1028/1925 259/172/1925 237/153/1925
f 1512/1043/1926 2855/1972/1926 2848/1041/1926
f 2342/1614/1927 3935/1613/1927 3936/3064/1927
f 1489/1042/1928 2848/1041/1928 2853/1977/1928
f 1489/1042/1929 2853/1977/1929 3618/1976/1929
f 3944/3065/1930 793/3066/1930 3761/3067/1930
f 1476/2598/1931 3515/2564/1931 3514/2567/1931
f 1476/2598/1932 1561/1329/1932 1472/1331/1932
f 4515/3068/1933 3403/2599/1933 1776/3069/1933
f 3157/530/1934 3152/2251/1934 779/531/1934
f 788/3070/1935 3163/553/1935 793/3066/1935
f 800/552/1936 3947/3071/1936 3163/553/1936
f 788/3070/1937 787/539/1937 3163/553/1937
f 4255/3072/1938 3949/3073/1938 766/522/1938
f 881/3074/1939 4255/3072/1939 766/522/1939
f 4179/3075/1940 3946/3076/1940 1461/2038/1940
f 3287/2353/1941 3285/2250/1941 3951/2354/1941
f 1070/716/1942 1079/3077/1942 1069/715/1942
f 4253/3078/1943 3953/3079/1943 1019/2254/1943
f 3951/2354/1944 3953/3079/1944 1070/716/1944
f 1426/973/1945 1984/977/1945 2891/1371/1945
f 2412/1651/1946 814/2243/1946 2428/2268/1946
f 2782/1924/1947 2785/2654/1947 3537/1922/1947
f 908/611/1948 814/2243/1948 2412/1651/1948
f 2068/2645/1949 2765/2588/1949 3588/1027/1949
f 899/3080/1950 809/3081/1950 810/1669/1950
f 3955/2647/1951 4184/963/1951 1471/2611/1951
f 1419/2648/1952 3955/2647/1952 1468/1015/1952
f 864/581/1953 3701/2224/1953 4050/554/1953
f 3701/2224/1954 4258/1605/1954 4050/554/1954
f 3544/1854/1955 2670/3082/1955 2918/1855/1955
f 2397/3083/1956 3321/2396/1956 4044/3084/1956
f 2918/1855/1957 2084/1437/1957 3000/1856/1957
f 3957/623/1958 911/617/1958 3956/3085/1958
f 868/587/1959 861/2240/1959 862/585/1959
f 2408/574/1960 874/2241/1960 2414/1650/1960
f 2080/1433/1961 2079/2612/1961 2078/1431/1961
f 2311/1591/1962 2312/1593/1962 2324/1600/1962
f 2311/1591/1963 2430/1661/1963 2433/1601/1963
f 2431/3086/1964 2429/3087/1964 3960/3088/1964
f 2416/1653/1965 2320/3089/1965 2321/1602/1965
f 2291/1580/1966 2416/1653/1966 2289/1604/1966
f 2290/1578/1967 2417/3090/1967 2316/1579/1967
f 3575/1842/1968 3576/1411/1968 1353/931/1968
f 1348/930/1969 1349/355/1969 533/3091/1969
f 2261/2401/1970 3325/2405/1970 3323/2400/1970
f 3532/2578/1971 3964/3092/1971 3965/3093/1971
f 3527/2574/1972 1381/2090/1972 1368/2089/1972
f 3530/2580/1973 3527/2574/1973 3523/2570/1973
f 3523/2570/1974 3527/2574/1974 2967/2573/1974
f 3523/2570/1975 3521/2569/1975 3516/2577/1975
f 3336/2414/1976 3968/3094/1976 3337/2415/1976
f 3705/3095/1977 3137/3096/1977 3349/3097/1977
f 3114/2223/1978 3113/2218/1978 3106/2213/1978
f 3977/3098/1979 3373/3099/1979 4017/3100/1979
f 1258/860/1980 1317/859/1980 3971/3101/1980
f 3042/3102/1981 3039/2160/1981 1258/860/1981
f 2116/1468/1982 4057/2148/1982 1324/3103/1982
f 2189/1524/1983 2197/1523/1983 2231/1677/1983
f 4057/2148/1984 2116/1468/1984 2119/1471/1984
f 2230/3104/1985 2187/1514/1985 2231/1677/1985
f 2230/3104/1986 895/1664/1986 2187/1514/1986
f 3040/1814/1987 2652/2622/1987 2649/1815/1987
f 2235/3105/1988 2250/1569/1988 2233/1568/1988
f 750/505/1989 751/3106/1989 780/510/1989
f 780/510/1990 751/3106/1990 880/1666/1990
f 3465/3107/1991 3974/3108/1991 596/3109/1991
f 599/3110/1992 3467/3111/1992 3465/3107/1992
f 2235/3105/1993 880/1666/1993 751/3106/1993
f 1282/879/1994 1285/888/1994 2108/1257/1994
f 2185/1515/1995 2183/1518/1995 2184/1516/1995
f 3966/3112/1996 2102/1456/1996 2101/1455/1996
f 581/419/1997 625/418/1997 3984/1788/1997
f 3981/3113/1998 3983/3114/1998 3987/3115/1998
f 3984/1788/1999 3978/1787/1999 581/419/1999
f 4270/3116/2000 3679/3117/2000 3654/2735/2000
f 2117/1470/2001 2156/1501/2001 2119/1471/2001
f 4400/2713/2002 4034/580/2002 3676/2714/2002
f 642/3118/2003 3011/2129/2003 640/2139/2003
f 2151/1493/2004 640/430/2004 2150/432/2004
f 643/434/2005 641/1466/2005 3022/2144/2005
f 2179/1513/2006 3080/2195/2006 2180/2201/2006
f 1028/758/2007 1105/755/2007 3997/3119/2007
f 1786/3120/2008 3999/3121/2008 8/3122/2008
f 2201/1526/2009 2165/1494/2009 2200/1527/2009
f 3048/3123/2010 3059/3124/2010 3053/2168/2010
f 43/19/2011 74/3125/2011 1786/3120/2011
f 2174/1740/2012 2526/3126/2012 2165/1741/2012
f 2200/1527/2013 2165/1494/2013 2158/2188/2013
f 2544/1754/2014 4000/3127/2014 2571/1778/2014
f 2570/1779/2015 2543/1753/2015 2547/3128/2015
f 1159/3129/2016 3995/3130/2016 1083/717/2016
f 3998/3131/2017 2906/3132/2017 4003/3133/2017
f 773/528/2018 3626/787/2018 1156/786/2018
f 726/492/2019 718/480/2019 719/482/2019
f 4011/3134/2020 2556/3135/2020 4008/3136/2020
f 3067/3137/2021 4012/2711/2021 1172/3138/2021
f 1114/2480/2022 1116/2482/2022 1129/3139/2022
f 1115/2483/2023 4009/3140/2023 4010/2705/2023
f 3388/3141/2024 1111/3142/2024 1123/2472/2024
f 760/524/2025 2219/1522/2025 2190/3143/2025
f 760/524/2026 2190/3143/2026 2565/840/2026
f 1120/2484/2027 1115/2483/2027 4012/2711/2027
f 3066/3144/2028 1128/2501/2028 1129/3139/2028
f 3066/3144/2029 1129/3139/2029 1116/2482/2029
f 990/707/2030 3398/2476/2030 1123/2472/2030
f 760/524/2031 2565/840/2031 2560/1767/2031
f 2565/840/2032 2562/1768/2032 2560/1767/2032
f 2563/1784/2033 2183/1518/2033 2568/3145/2033
f 2186/3146/2034 2542/1775/2034 1253/1777/2034
f 2186/3146/2035 2180/2201/2035 2542/1775/2035
f 3374/2187/2036 1089/1500/2036 3378/1698/2036
f 2200/1527/2037 2158/2188/2037 3374/2187/2037
f 2571/1778/2038 2542/1775/2038 2541/1755/2038
f 2469/556/2039 801/555/2039 4274/2229/2039
f 4274/2229/2040 801/555/2040 1141/772/2040
f 751/3106/2041 750/505/2041 3975/3147/2041
f 3975/3147/2042 2235/3105/2042 751/3106/2042
f 2235/3105/2043 3975/3147/2043 3086/3148/2043
f 3090/3149/2044 3372/2448/2044 3970/3150/2044
f 3970/3150/2045 3371/2447/2045 3373/3099/2045
f 2158/2188/2046 2150/432/2046 2156/1501/2046
f 3371/2447/2047 3970/3150/2047 3372/2448/2047
f 2150/432/2048 3028/2147/2048 2156/1501/2048
f 3097/3151/2049 3400/3152/2049 3105/3153/2049
f 3674/1682/2050 3671/3154/2050 3672/3155/2050
f 2593/3156/2051 2600/2702/2051 1217/3157/2051
f 1218/3158/2052 1225/3159/2052 4020/3160/2052
f 2144/3161/2053 3605/2673/2053 3621/2698/2053
f 4035/591/2054 3676/2714/2054 4034/580/2054
f 4035/591/2055 4037/608/2055 3676/2714/2055
f 1201/1469/2056 1302/894/2056 1237/856/2056
f 2229/607/2057 3677/1723/2057 4037/608/2057
f 895/1664/2058 2180/2201/2058 2185/1515/2058
f 2229/607/2059 4022/594/2059 2224/1534/2059
f 3457/3162/2060 3461/3163/2060 4026/3164/2060
f 897/1675/2061 2231/1677/2061 2197/1523/2061
f 4028/2764/2062 898/3165/2062 4027/1542/2062
f 3461/3163/2063 1286/3166/2063 1287/886/2063
f 2197/1523/2064 4027/1542/2064 898/3165/2064
f 1292/889/2065 1287/886/2065 1285/888/2065
f 909/1550/2066 4028/2764/2066 4027/1542/2066
f 2225/732/2067 2224/1534/2067 4022/594/2067
f 2597/3167/2068 4033/1805/2068 4032/3168/2068
f 3606/2677/2069 1231/834/2069 2609/3169/2069
f 4034/580/2070 856/575/2070 4035/591/2070
f 1239/842/2071 3505/2562/2071 3031/2156/2071
f 4022/594/2072 902/609/2072 872/595/2072
f 3513/3170/2073 3510/2563/2073 1241/1785/2073
f 898/3165/2074 4028/2764/2074 870/2763/2074
f 2099/896/2075 2098/1453/2075 1301/897/2075
f 2098/1453/2076 2097/1452/2076 1301/897/2076
f 1308/858/2077 1301/897/2077 2097/1452/2077
f 3961/3171/2078 2316/1579/2078 2313/1597/2078
f 2289/1604/2079 2290/1578/2079 2291/1580/2079
f 3339/2418/2080 2407/1645/2080 3733/1644/2080
f 3340/3172/2081 4038/3173/2081 3338/3174/2081
f 3340/3172/2082 4039/3175/2082 4038/3173/2082
f 1777/3176/2083 4040/3177/2083 4041/3178/2083
f 1679/3179/2084 4045/3180/2084 4042/3181/2084
f 4042/3181/2085 2020/3182/2085 2021/3183/2085
f 2020/3182/2086 4043/3184/2086 2595/3185/2086
f 2335/2398/2087 2400/3186/2087 4044/3084/2087
f 4045/3180/2088 1474/3187/2088 4043/3184/2088
f 4044/3084/2089 3321/2396/2089 2335/2398/2089
f 2021/3183/2090 1203/1801/2090 4042/3181/2090
f 2336/2397/2091 3321/2396/2091 2397/3083/2091
f 2975/3188/2092 1375/3189/2092 4046/3190/2092
f 4029/3191/2093 2595/3185/2093 2596/3192/2093
f 4043/3184/2094 2596/3192/2094 2595/3185/2094
f 1227/3193/2095 2125/3194/2095 4450/2676/2095
f 626/426/2096 2649/1815/2096 1353/931/2096
f 804/529/2097 4050/554/2097 3157/530/2097
f 4052/3195/2098 4053/3196/2098 4054/3197/2098
f 2075/3198/2099 2070/2607/2099 4057/2148/2099
f 2339/1612/2100 2332/1610/2100 2341/3199/2100
f 1328/3200/2101 1332/3201/2101 1329/3202/2101
f 4059/3203/2102 4070/3204/2102 4064/3205/2102
f 4061/3206/2103 4152/3207/2103 4003/3208/2103
f 2057/3209/2104 3584/3210/2104 3561/3211/2104
f 4049/3212/2105 4061/3206/2105 4048/3213/2105
f 2125/3194/2106 4071/3214/2106 4072/3215/2106
f 798/550/2107 3750/3216/2107 3283/551/2107
f 3586/2638/2108 4073/3217/2108 4074/3218/2108
f 4065/3219/2109 4076/3220/2109 3579/2629/2109
f 3162/3221/2110 2327/1611/2110 2339/1612/2110
f 2326/1607/2111 2327/1611/2111 2340/1615/2111
f 4066/3222/2112 4064/3205/2112 2422/3223/2112
f 1365/2091/2113 2959/2088/2113 2966/3224/2113
f 4060/3225/2114 4066/3222/2114 4062/3226/2114
f 4048/3213/2115 4061/3206/2115 4003/3208/2115
f 592/3227/2116 4080/3228/2116 596/3109/2116
f 797/549/2117 3283/551/2117 2390/1632/2117
f 2428/2268/2118 3265/3022/2118 3263/3229/2118
f 1371/941/2119 1366/940/2119 2935/2097/2119
f 2964/2087/2120 2933/3230/2120 2956/2601/2120
f 2227/410/2121 2228/3231/2121 2401/2339/2121
f 2401/2339/2122 2295/628/2122 2294/1585/2122
f 2998/2118/2123 4086/3232/2123 737/3233/2123
f 2904/3234/2124 4049/3212/2124 3745/3235/2124
f 3943/3236/2125 2304/1588/2125 792/540/2125
f 3255/3237/2126 796/3238/2126 2307/3239/2126
f 2271/2333/2127 2254/3240/2127 2257/2293/2127
f 2904/3234/2128 4082/3241/2128 4091/3242/2128
f 4344/3243/2129 4092/3244/2129 3260/3245/2129
f 4094/3246/2130 2301/3247/2130 4092/3244/2130
f 1324/3103/2131 2068/2645/2131 2670/3082/2131
f 2459/3248/2132 4097/3249/2132 3762/3250/2132
f 2462/3251/2133 2459/3248/2133 3762/3250/2133
f 4096/3252/2134 4097/3249/2134 4225/3253/2134
f 3948/515/2135 762/3254/2135 3771/3255/2135
f 3253/3256/2136 3773/3257/2136 3771/3255/2136
f 3776/3258/2137 3777/3259/2137 4098/2335/2137
f 2270/2334/2138 2273/3260/2138 4098/2335/2138
f 2307/3239/2139 2265/1574/2139 2254/3240/2139
f 3751/2823/2140 4090/3261/2140 3777/3259/2140
f 4099/3262/2141 499/369/2141 508/364/2141
f 724/489/2142 731/1681/2142 4100/821/2142
f 493/3263/2143 489/331/2143 484/2605/2143
f 505/333/2144 504/332/2144 503/334/2144
f 486/312/2145 474/314/2145 2043/2606/2145
f 3767/2298/2146 4100/821/2146 731/1681/2146
f 710/3264/2147 703/2839/2147 2251/2838/2147
f 4104/3265/2148 534/926/2148 2003/1381/2148
f 710/3264/2149 2251/2838/2149 3768/3266/2149
f 2019/3267/2150 4497/3268/2150 4113/3269/2150
f 3218/3270/2151 3219/3271/2151 2473/3272/2151
f 4115/3273/2152 4413/3274/2152 4116/3275/2152
f 3767/2298/2153 733/517/2153 3205/2299/2153
f 3574/998/2154 1426/973/2154 2891/1371/2154
f 2891/1371/2155 1987/999/2155 3574/998/2155
f 3135/3276/2156 3185/2280/2156 3147/3277/2156
f 4118/3278/2157 4503/1509/2157 4119/3279/2157
f 2166/3280/2158 4120/3281/2158 4119/3279/2158
f 2670/3082/2159 3588/1027/2159 1502/1029/2159
f 2164/3282/2160 614/1506/2160 4122/3283/2160
f 607/397/2161 606/396/2161 611/402/2161
f 1278/1491/2162 2221/1546/2162 2177/1552/2162
f 4180/3284/2163 1461/2038/2163 1502/1029/2163
f 2177/1552/2164 2178/1492/2164 1276/885/2164
f 2007/3285/2165 4114/3286/2165 2019/3267/2165
f 1278/1491/2166 2177/1552/2166 1276/885/2166
f 3542/3287/2167 2781/1923/2167 3537/1922/2167
f 3224/442/2168 3165/2265/2168 2524/1737/2168
f 3169/2264/2169 2525/438/2169 2527/2260/2169
f 3230/2318/2170 3236/2316/2170 3229/2313/2170
f 1507/3063/2171 1437/989/2171 1444/988/2171
f 1445/993/2172 1508/1040/2172 1444/988/2172
f 1445/993/2173 1483/1038/2173 1508/1040/2173
f 2122/1489/2174 1278/1491/2174 470/2249/2174
f 470/2249/2175 1278/1491/2175 2118/884/2175
f 1495/1021/2176 1512/1043/2176 1492/1022/2176
f 3242/1488/2177 2120/1487/2177 3183/2279/2177
f 259/172/2178 3533/1028/2178 1497/2571/2178
f 512/2886/2179 3813/340/2179 511/2927/2179
f 481/339/2180 511/2927/2180 3813/340/2180
f 3813/340/2181 3814/2884/2181 501/330/2181
f 1507/3063/2182 1444/988/2182 1508/1040/2182
f 485/2951/2183 4128/328/2183 3158/2256/2183
f 1983/1370/2184 1638/3288/2184 1987/999/2184
f 1325/910/2185 3254/356/2185 1307/898/2185
f 1638/3288/2186 3473/1360/2186 1987/999/2186
f 3473/1360/2187 2864/2544/2187 1982/1361/2187
f 3468/2709/2188 2864/2544/2188 3473/1360/2188
f 2055/1758/2189 2548/1757/2189 482/329/2189
f 2553/1762/2190 2055/1758/2190 482/329/2190
f 2552/1763/2191 2053/1425/2191 2553/1762/2191
f 2553/1762/2192 4128/328/2192 485/2951/2192
f 2051/3289/2193 2561/3290/2193 3832/3291/2193
f 3832/3291/2194 3833/1764/2194 494/3292/2194
f 2053/1425/2195 2552/1763/2195 2559/1765/2195
f 2053/1425/2196 2559/1765/2196 2561/3290/2196
f 3514/2567/2197 1562/3055/2197 1561/1329/2197
f 422/1421/2198 460/1445/2198 2113/1438/2198
f 3509/3293/2199 4131/3294/2199 3507/3295/2199
f 3511/2566/2200 3508/2565/2200 3507/3295/2200
f 3502/3296/2201 2851/3297/2201 3504/3298/2201
f 1716/1183/2202 1619/3299/2202 1609/2539/2202
f 3729/3300/2203 123/2804/2203 3525/3301/2203
f 3823/3302/2204 4132/2205/2204 2052/1424/2204
f 1562/3055/2205 3511/2566/2205 4131/3294/2205
f 2850/3303/2206 1562/3055/2206 4131/3294/2206
f 1396/958/2207 1387/2367/2207 1393/3304/2207
f 1714/1328/2208 1945/1327/2208 1924/1321/2208
f 3487/3305/2209 3488/3306/2209 4500/3307/2209
f 1644/3308/2210 1634/2708/2210 1633/3309/2210
f 1647/1132/2211 1646/1135/2211 3640/1130/2211
f 4139/1145/2212 4141/3310/2212 1651/1137/2212
f 1410/964/2213 2575/175/2213 258/174/2213
f 1668/3311/2214 1918/3312/2214 4139/1145/2214
f 1668/3311/2215 1664/2696/2215 1918/3312/2215
f 3821/253/2216 3129/2379/2216 3305/2389/2216
f 3308/2385/2217 3821/253/2217 3305/2389/2217
f 3635/2721/2218 3642/3313/2218 3637/3314/2218
f 3305/2389/2219 2620/2387/2219 3308/2385/2219
f 3480/1978/2220 4351/3315/2220 3639/3316/2220
f 4140/2727/2221 3480/1978/2221 3640/1130/2221
f 3820/2900/2222 3307/2384/2222 3306/2383/2222
f 4140/2727/2223 4351/3315/2223 3480/1978/2223
f 1646/1135/2224 1651/1137/2224 4141/3310/2224
f 236/2728/2225 3644/2553/2225 3638/3317/2225
f 3311/965/2226 1410/964/2226 258/174/2226
f 4142/3318/2227 3643/3319/2227 3646/3320/2227
f 1744/1205/2228 1745/1204/2228 2813/2736/2228
f 3315/2393/2229 2611/1812/2229 1389/2381/2229
f 2813/2736/2230 1751/1209/2230 1752/2530/2230
f 2375/3321/2231 2613/3322/2231 2284/3323/2231
f 3330/2930/2232 2031/3324/2232 4304/3325/2232
f 3688/3326/2233 3690/3327/2233 222/141/2233
f 3330/2930/2234 3041/2327/2234 2031/3324/2234
f 1859/2766/2235 1860/1274/2235 1818/1273/2235
f 2772/3328/2236 1851/3329/2236 2773/3330/2236
f 2024/1397/2237 2026/1399/2237 1501/1384/2237
f 204/130/2238 2767/1911/2238 202/129/2238
f 2616/3331/2239 2617/3332/2239 4144/1818/2239
f 2821/1952/2240 2812/3333/2240 2811/1950/2240
f 3319/2395/2241 212/3334/2241 2621/1816/2241
f 3690/3327/2242 1856/3335/2242 222/141/2242
f 3720/3336/2243 3889/3337/2243 3719/3338/2243
f 2367/1811/2244 2613/1823/2244 2376/3339/2244
f 2372/3340/2245 2367/1811/2245 1737/1202/2245
f 4144/1818/2246 2372/3340/2246 2624/1819/2246
f 3719/3338/2247 3887/1203/2247 2909/3001/2247
f 1758/1208/2248 3889/3337/2248 1755/3341/2248
f 1751/1209/2249 1755/3341/2249 1752/2530/2249
f 1977/1354/2250 228/147/2250 2001/1379/2250
f 1557/1035/2251 2651/76/2251 170/2161/2251
f 1510/1830/2252 187/116/2252 3008/115/2252
f 3787/2421/1391 1510/1830/1391 3007/3342/1391
f 193/2154/2253 3787/2421/2253 4143/3343/2253
f 2758/1237/2254 102/37/2254 103/64/2254
f 4324/2502/2255 2758/1237/2255 103/64/2255
f 3667/1861/2256 1958/3344/2256 115/74/2256
f 3005/2124/2257 1944/2100/2257 3765/2945/2257
f 1873/1289/2258 1874/1291/2258 173/108/2258
f 100/2843/2259 154/101/2259 101/100/2259
f 75/48/2260 28/15/2260 27/14/2260
f 2911/2036/2261 3437/2532/2261 3411/2494/2261
f 2952/3345/2262 2955/3346/2262 2953/2077/2262
f 1703/3347/2263 1940/3348/2263 2946/1318/2263
f 1789/3349/2264 1788/1234/2264 1787/1233/2264
f 4061/3206/2265 1789/3349/2265 4152/3207/2265
f 65/24/2266 88/39/2266 66/25/2266
f 4154/3350/2267 1673/1140/2267 1699/1178/2267
f 1932/3351/2268 4155/1167/2268 4156/3352/2268
f 1698/1142/2269 1695/1174/2269 1699/1178/2269
f 1893/1300/2270 63/36/2270 85/38/2270
f 1683/2478/2271 33/3353/2271 35/16/2271
f 2912/2037/2272 2911/2036/2272 3409/2491/2272
f 4158/2054/2273 4159/3354/2273 3394/3355/2273
f 1700/44/2274 86/43/2274 83/1315/2274
f 2936/3356/2275 1677/42/2275 1700/44/2275
f 1917/3357/2276 3408/3358/2276 3563/1206/2276
f 1754/18/2277 36/17/2277 3860/2967/2277
f 1740/3359/2278 1739/3360/2278 1738/3361/2278
f 36/17/2279 1912/2970/2279 1915/1880/2279
f 1740/3359/2280 1738/3361/2280 3393/2468/2280
f 30/3362/2281 1886/3363/2281 1887/3364/2281
f 1738/3361/2282 2920/3365/2282 3380/2469/2282
f 183/1278/2283 32/1228/2283 1891/3366/2283
f 183/1278/2284 1891/3366/2284 97/1279/2284
f 2691/2049/2285 3380/2044/2285 2921/2043/2285
f 2691/2049/2286 2921/2043/2286 2923/2050/2286
f 1799/3367/2287 1797/2026/2287 4164/3368/2287
f 3421/3369/2288 3420/2506/2288 3419/2771/2288
f 110/3370/2289 3715/3371/2289 3714/3000/2289
f 2902/3372/2290 110/3370/2290 3714/3000/2290
f 110/3370/2291 2902/3372/2291 114/3373/2291
f 143/119/2292 169/1925/2292 195/120/2292
f 3005/2124/2293 3848/2944/2293 2663/2113/2293
f 2753/1236/2294 1934/1325/2294 3422/1988/2294
f 2978/2828/2295 61/3017/2295 77/2812/2295
f 2651/76/2296 3354/75/2296 170/2161/2296
f 1714/1328/2297 1919/1320/2297 3422/1988/2297
f 1879/2514/2298 3424/2513/2298 4166/3374/2298
f 1879/2514/2299 4166/3374/2299 1919/1320/2299
f 3269/2076/2300 4143/3343/2300 3787/2421/2300
f 1719/3024/2301 1728/2752/2301 1901/1941/2301
f 1728/2752/2302 1719/3024/2302 1731/1197/2302
f 3007/3342/2303 1510/1830/2303 3008/115/2303
f 1664/2696/2304 1721/1959/2304 2888/2015/2304
f 1664/2696/2305 3618/1976/2305 1721/1959/2305
f 1664/2696/2306 2888/2015/2306 1918/3312/2306
f 1963/3375/2307 1962/3376/2307 1964/3377/2307
f 1580/1092/2308 1579/3378/2308 1892/2512/2308
f 1978/3379/2309 3796/3380/2309 3797/3381/2309
f 3778/2845/2310 1978/3379/2310 1963/3375/2310
f 3637/3314/2311 4142/3318/2311 3638/3317/2311
f 4269/3382/2312 1085/3383/2312 3479/3384/2312
f 4170/3385/2313 3797/3381/2313 3345/2864/2313
f 1634/2708/2314 1644/3308/2314 1909/1939/2314
f 234/3386/2315 233/3387/2315 3645/3388/2315
f 236/2728/2316 4142/3318/2316 233/3387/2316
f 2862/1938/2317 336/1937/2317 3640/1130/2317
f 3799/1355/2318 3268/3389/2318 1976/1353/2318
f 3483/2558/2319 3622/2557/2319 4171/3390/2319
f 4134/3391/2320 1631/3392/2320 4172/3393/2320
f 210/132/2321 3365/2932/2321 200/126/2321
f 235/2729/2322 2792/2550/2322 3491/2554/2322
f 4142/3318/2323 3646/3320/2323 233/3387/2323
f 2641/1837/2324 210/132/2324 200/126/2324
f 3636/2722/2325 3644/2553/2325 3493/2555/2325
f 3499/2724/2326 3496/3394/2326 3498/3395/2326
f 3033/2940/2327 3036/2751/2327 3034/3396/2327
f 2365/3397/2328 189/2152/2328 3037/3398/2328
f 1256/3399/2329 2365/3397/2329 3036/2751/2329
f 3033/2940/2330 161/3400/2330 3038/3401/2330
f 3728/1824/2331 193/2154/2331 190/2153/2331
f 2763/1905/2332 3618/1976/2332 1664/2696/2332
f 1653/3402/2333 1975/1348/2333 1654/1146/2333
f 1650/1136/2334 1653/3402/2334 1654/1146/2334
f 1650/1136/2335 1647/1132/2335 2861/2695/2335
f 1650/1136/2336 2861/2695/2336 1653/3402/2336
f 331/212/2337 2861/2695/2337 1647/1132/2337
f 4173/2658/2338 1580/1092/2338 1588/1094/2338
f 2641/1837/2339 2640/125/2339 2590/1798/2339
f 4173/2658/2308 1579/3378/2308 1580/1092/2308
f 2832/3403/2340 1568/1080/2340 1569/3404/2340
f 292/186/2341 4464/2663/2341 2833/1956/2341
f 4304/3325/2342 229/3405/2342 3330/2930/2342
f 4464/2663/2343 1563/1987/2343 2841/3406/2343
f 4179/3075/2344 1619/3299/2344 3946/3076/2344
f 229/3405/2345 2589/2893/2345 1515/1045/2345
f 1461/2038/2346 4180/3284/2346 4179/3075/2346
f 2032/3407/2347 328/214/2347 333/3408/2347
f 333/3408/2348 332/3409/2348 2032/3407/2348
f 330/3410/2349 329/1349/2349 2893/1412/2349
f 330/3410/2350 335/2694/2350 329/1349/2350
f 2893/1412/2351 329/1349/2351 338/1357/2351
f 3076/2194/2352 2024/1397/2352 3830/3411/2352
f 1982/1361/2353 1453/997/2353 1987/999/2353
f 3819/2924/2354 3076/2194/2354 3830/3411/2354
f 2754/3412/2355 455/296/2355 453/297/2355
f 442/302/2356 456/3413/2356 455/296/2356
f 1451/1000/2357 1462/3414/2357 2631/1008/2357
f 4181/306/2358 298/190/2358 2044/320/2358
f 2621/1816/2359 2623/1817/2359 3318/2896/2359
f 2670/3082/2360 1502/1029/2360 2918/1855/2360
f 2068/2645/2361 3588/1027/2361 2670/3082/2361
f 3305/2389/2362 2611/1812/2362 2368/1822/2362
f 2765/2588/2363 2073/2608/2363 3564/2641/2363
f 271/2376/2364 2582/2918/2364 2579/1789/2364
f 2033/3415/2365 3559/2627/2365 2034/1432/2365
f 3572/2623/2366 3559/2627/2366 2035/3416/2366
f 330/3410/2367 2035/3416/2367 332/3409/2367
f 2079/2612/2368 1434/1023/2368 2078/1431/2368
f 2575/175/2369 2573/1408/2369 4403/1410/2369
f 2654/1441/2370 3958/992/2370 1444/988/2370
f 2654/1441/2371 1444/988/2371 1436/987/2371
f 4183/3417/2372 1267/871/2372 4378/3418/2372
f 1438/3419/2373 2653/3420/2373 1436/987/2373
f 4184/963/2374 3955/2647/2374 1419/2648/2374
f 1419/2648/2375 2632/1835/2375 4184/963/2375
f 4184/963/2376 2632/1835/2376 1405/961/2376
f 2584/1792/2377 306/202/2377 459/3421/2377
f 2049/1422/2378 3310/2373/2378 2048/1423/2378
f 416/275/2379 415/274/2379 2577/3422/2379
f 4186/3423/2380 1403/2065/2380 1400/962/2380
f 337/203/2381 2045/1418/2381 452/3424/2381
f 3016/2651/2382 3015/3425/2382 4087/3426/2382
f 293/215/2383 3818/1773/2383 2045/1418/2383
f 4187/3427/2384 4087/3426/2384 3015/3425/2384
f 739/3428/2385 738/3429/2385 737/3233/2385
f 4187/3427/2386 3015/3425/2386 737/3233/2386
f 3015/3425/2387 527/3430/2387 737/3233/2387
f 3017/3431/2388 527/3430/2388 3015/3425/2388
f 526/1558/2389 522/347/2389 523/349/2389
f 4087/3426/2390 3014/2133/2390 3016/2651/2390
f 2222/3432/2391 527/3430/2391 515/3433/2391
f 528/927/2392 1337/2134/2392 520/346/2392
f 1350/353/2393 1353/931/2393 530/354/2393
f 487/325/2394 548/1252/2394 569/3434/2394
f 4081/3435/2395 3974/3108/2395 3973/3436/2395
f 552/3437/2396 4191/3438/2396 4081/3435/2396
f 602/3439/2397 3463/3440/2397 3976/3441/2397
f 3530/2580/2398 2969/2579/2398 3527/2574/2398
f 2968/3442/2399 2969/2579/2399 4079/3443/2399
f 1377/3444/2400 1368/2089/2400 2959/2088/2400
f 3522/2576/2401 2103/1457/2401 3516/2577/2401
f 1308/858/2402 2096/948/2402 2648/1841/2402
f 1271/3445/2403 1348/930/2403 533/3091/2403
f 744/3446/2404 3144/2246/2404 2086/2245/2404
f 467/3447/2405 2092/1449/2405 465/3448/2405
f 424/281/2406 436/285/2406 4129/1446/2406
f 1271/3445/2407 1270/3449/2407 1348/930/2407
f 1271/3445/2408 533/3091/2408 4192/921/2408
f 2049/1422/2409 2113/1438/2409 2114/389/2409
f 2588/865/2410 1239/842/2410 3031/2156/2410
f 4198/3450/2411 3846/2943/2411 1313/2925/2411
f 4198/3450/2412 1313/2925/2412 2051/3289/2412
f 2571/1778/2413 3447/2545/2413 2542/1775/2413
f 3431/2534/2414 3447/2545/2414 2571/1778/2414
f 3258/3451/2415 494/3292/2415 3257/3452/2415
f 4465/3453/2416 3438/2526/2416 1292/889/2416
f 2111/2259/2417 2567/1774/2417 4199/3454/2417
f 2566/1772/2418 1313/2925/2418 4199/3454/2418
f 3050/3455/2419 4024/2163/2419 4025/3456/2419
f 1201/1469/2420 1237/856/2420 1238/855/2420
f 1275/1497/2421 2105/2928/2421 2110/2258/2421
f 1637/3457/2422 4200/3458/2422 1908/3459/2422
f 4199/3454/2423 4126/2261/2423 2111/2259/2423
f 3436/2166/2424 3048/3123/2424 3053/2168/2424
f 1171/803/2425 3045/2178/2425 1175/2710/2425
f 1303/893/2426 1304/892/2426 1306/851/2426
f 707/504/2427 730/3460/2427 4447/3461/2427
f 4203/3462/2428 616/412/2428 617/411/2428
f 4202/3463/2429 616/412/2429 4203/3462/2429
f 734/506/2430 663/446/2430 722/487/2430
f 2105/2928/2431 1275/1497/2431 616/412/2431
f 3858/3464/2432 3864/2308/2432 3805/2962/2432
f 3857/3465/2433 3864/2308/2433 3858/3464/2433
f 3195/2878/2434 3807/2876/2434 3805/2962/2434
f 3641/544/2435 1141/772/2435 1139/777/2435
f 3864/2308/2436 3195/2878/2436 3805/2962/2436
f 3859/3466/2437 3858/3464/2437 3805/2962/2437
f 3807/2876/2438 3806/2875/2438 4208/2963/2438
f 3189/822/2439 4272/2297/2439 1243/2880/2439
f 2185/1515/2440 2186/3146/2440 2568/3145/2440
f 2185/1515/2441 2180/2201/2441 2186/3146/2441
f 2219/1522/2442 2189/1524/2442 2188/1517/2442
f 4210/3467/2443 561/3468/2443 4276/3469/2443
f 2189/1524/2444 2184/1516/2444 2188/1517/2444
f 3086/3148/2445 2250/1569/2445 2235/3105/2445
f 580/390/2446 585/2306/2446 582/862/2446
f 4034/580/2447 4400/2713/2447 805/561/2447
f 4212/3470/2448 4213/3471/2448 4120/3281/2448
f 4213/883/2449 4212/3472/2449 4121/3473/2449
f 4122/3283/2450 614/1506/2450 4121/3473/2450
f 848/557/2451 2469/556/2451 2476/2227/2451
f 4119/3279/2452 3188/3474/2452 2166/3280/2452
f 2294/1585/2453 4214/3475/2453 2176/3037/2453
f 815/562/2454 4034/580/2454 805/561/2454
f 618/414/2455 675/3476/2455 621/406/2455
f 621/406/2456 675/3476/2456 2226/3038/2456
f 3347/2422/2457 2452/2424/2457 2443/2423/2457
f 2445/1679/2458 3674/1682/2458 3959/1592/2458
f 3106/2213/2459 3112/2221/2459 3114/2223/2459
f 3350/2219/2460 3113/2218/2460 3351/3477/2460
f 3969/2220/2461 3350/2219/2461 3349/3097/2461
f 4218/2222/2462 4216/3478/2462 3114/2223/2462
f 900/3479/2463 901/3480/2463 3359/2432/2463
f 3895/3052/2464 3926/3051/2464 3264/3481/2464
f 3892/2018/2465 633/428/2465 3926/3051/2465
f 3359/2432/2466 3360/3482/2466 853/2232/2466
f 3357/3483/2467 3969/2220/2467 3355/2425/2467
f 4223/3484/2468 4224/3485/2468 4225/3253/2468
f 3138/2426/2469 3349/3097/2469 3137/3096/2469
f 2305/592/2470 902/609/2470 4037/608/2470
f 672/3486/2471 4227/3487/2471 2466/1696/2471
f 613/1543/2472 754/1582/2472 755/1581/2472
f 613/1543/2473 609/401/2473 754/1582/2473
f 687/464/2474 4214/3475/2474 752/1584/2474
f 3907/463/2475 4214/3475/2475 687/464/2475
f 3907/463/2476 2176/3037/2476 4214/3475/2476
f 3957/623/2477 863/586/2477 911/617/2477
f 2223/1551/2478 2468/1700/2478 3909/3044/2478
f 3139/2236/2479 2290/1578/2479 2289/1604/2479
f 4232/3488/2480 4233/3489/2480 3924/3490/2480
f 864/581/2481 812/560/2481 3701/2224/2481
f 4237/3491/2482 2387/2340/2482 3758/3492/2482
f 3760/3493/2483 2387/2340/2483 4262/2342/2483
f 3278/1545/2484 2171/1711/2484 3757/3494/2484
f 3280/3495/2485 3756/3496/2485 2468/1700/2485
f 2415/1652/2486 2300/3497/2486 3756/3496/2486
f 2479/3498/2487 2680/2294/2487 4501/3499/2487
f 1628/3500/2488 2818/3501/2488 1636/3502/2488
f 4241/3503/2489 1636/3502/2489 2818/3501/2489
f 3963/3504/2490 3325/2405/2490 2261/2401/2490
f 2077/1460/2491 2094/3505/2491 2104/1458/2491
f 1636/3502/2492 4241/3503/2492 4242/3506/2492
f 3716/2792/2493 4039/3175/2493 4245/1459/2493
f 2402/2782/2494 767/3507/2494 906/3508/2494
f 4249/3509/2495 4244/2793/2495 4245/1459/2495
f 3950/3510/2496 758/520/2496 766/522/2496
f 3721/3511/2497 4246/3512/2497 3718/2407/2497
f 4247/3513/2498 4248/3514/2498 4249/3509/2498
f 4243/3515/2499 4250/3516/2499 2173/2797/2499
f 3721/3511/2500 2275/3517/2500 3723/2796/2500
f 2152/3518/2501 3722/2795/2501 2173/2797/2501
f 3727/1590/2502 3718/2407/2502 4246/3512/2502
f 4252/3519/2503 762/3254/2503 3948/515/2503
f 2399/3520/2504 3283/551/2504 3750/3216/2504
f 4088/2337/2505 809/3081/2505 808/3521/2505
f 929/3522/2506 4435/618/2506 4254/3523/2506
f 2423/1655/2507 892/1595/2507 2348/1616/2507
f 4088/2337/2508 810/1669/2508 809/3081/2508
f 2423/1655/2509 3145/1594/2509 892/1595/2509
f 2348/1616/2510 3146/2248/2510 2426/3060/2510
f 929/3522/2511 4254/3523/2511 923/2350/2511
f 3263/3229/2512 2412/1651/2512 2428/2268/2512
f 3758/2829/2513 3759/3524/2513 4256/3525/2513
f 4258/1605/2514 4260/3526/2514 4257/3527/2514
f 1046/3528/2515 4409/3529/2515 998/677/2515
f 822/3530/2516 2356/1619/2516 2360/1618/2516
f 749/508/2517 3727/1590/2517 746/509/2517
f 817/3531/2518 2391/3532/2518 2356/1619/2518
f 4250/3516/2519 2385/3533/2519 2152/3518/2519
f 3271/2833/2520 3241/2324/2520 3746/3534/2520
f 2323/3535/2521 2312/1593/2521 3145/1594/2521
f 779/531/2522 3281/2347/2522 3282/518/2522
f 3961/3171/2523 2318/1598/2523 2323/3535/2523
f 4266/3536/2524 3294/2359/2524 2413/2358/2524
f 2319/3537/2525 4266/3536/2525 2380/1628/2525
f 2320/3089/2526 2291/1580/2526 2319/3537/2526
f 2319/3537/2527 2317/3538/2527 4265/3539/2527
f 4242/3506/2528 4268/1118/2528 1084/3540/2528
f 1180/2840/2529 704/3541/2529 4226/3542/2529
f 829/3543/2530 3136/3544/2530 3127/3545/2530
f 829/3543/2531 4267/3546/2531 825/3547/2531
f 2403/1639/2532 837/3548/2532 2399/3520/2532
f 3772/3549/2533 3773/3257/2533 3253/3256/2533
f 3292/3550/2534 2492/3551/2534 3772/3549/2534
f 3754/2826/2535 3752/2824/2535 799/3552/2535
f 2287/3553/2536 3776/3258/2536 2273/3260/2536
f 856/575/2537 871/589/2537 4035/591/2537
f 651/452/2538 672/3486/2538 671/453/2538
f 639/3554/2539 668/454/2539 648/440/2539
f 3766/2836/2540 664/3555/2540 3764/3556/2540
f 2305/592/2541 4037/608/2541 4035/591/2541
f 855/576/2542 865/582/2542 871/589/2542
f 871/589/2543 856/575/2543 855/576/2543
f 780/510/2544 884/1658/2544 3701/2224/2544
f 780/510/2545 880/1666/2545 884/1658/2545
f 3343/3557/2546 4270/3558/2546 3652/1718/2546
f 4274/2229/2547 791/543/2547 3117/568/2547
f 576/386/2548 1036/3559/2548 1033/1529/2548
f 2206/3560/2549 4277/3561/2549 1036/3559/2549
f 847/1702/2550 843/1703/2550 844/3562/2550
f 3362/3563/2551 1000/668/2551 999/667/2551
f 3859/3466/2552 4209/3564/2552 3862/3565/2552
f 4280/3566/2553 3859/3466/2553 4279/3567/2553
f 1085/3383/2554 4269/3382/2554 4185/2715/2554
f 3858/3464/2555 3859/3466/2555 4280/3566/2555
f 2204/1532/2556 4280/3566/2556 1032/3568/2556
f 3674/1682/2557 3672/3155/2557 2179/1513/2557
f 956/3569/2558 984/653/2558 1030/3570/2558
f 984/653/2559 956/3569/2559 954/651/2559
f 619/408/2560 622/407/2560 4204/3571/2560
f 3675/3572/2561 1025/684/2561 3671/3154/2561
f 622/407/2562 2175/409/2562 1297/2271/2562
f 1030/3570/2563 949/633/2563 956/3569/2563
f 1030/3570/2564 984/653/2564 986/658/2564
f 529/350/2565 582/862/2565 532/351/2565
f 582/862/2566 584/806/2566 532/351/2566
f 4126/2261/2567 578/1498/2567 2111/2259/2567
f 3659/2738/2568 3658/548/2568 3664/2741/2568
f 2093/1451/2569 1303/893/2569 1306/851/2569
f 4201/853/2570 2093/1451/2570 1306/851/2570
f 4294/3573/2571 4300/3574/2571 4395/3575/2571
f 4127/3576/2572 3266/1826/2572 4423/1828/2572
f 4143/3343/2573 4169/3577/2573 189/2152/2573
f 4295/3578/2574 4169/3577/2574 4287/3579/2574
f 2383/3580/2575 4201/853/2575 4285/3581/2575
f 1470/146/2576 1491/3582/2576 3074/2192/2576
f 1610/1101/2577 1509/1037/2577 2650/2155/2577
f 1485/150/2578 1487/2798/2578 3072/3583/2578
f 1339/3584/2579 1088/3585/2579 4297/3586/2579
f 3664/2741/2580 1130/2505/2580 3656/3587/2580
f 3658/548/2581 1130/2505/2581 3664/2741/2581
f 4292/3588/2582 3991/2734/2582 4299/3589/2582
f 4399/3590/2583 690/3591/2583 741/3592/2583
f 681/461/2584 3423/2508/2584 682/462/2584
f 2526/3126/2585 2174/1740/2585 3650/3593/2585
f 3274/2369/2586 1314/902/2586 1352/901/2586
f 2045/1418/2587 3818/1773/2587 446/2895/2587
f 446/2895/2588 447/3594/2588 2045/1418/2588
f 2579/1789/2589 411/3595/2589 379/1415/2589
f 3078/3596/2590 3082/3597/2590 3084/2200/2590
f 2546/3598/2591 3058/2493/2591 3068/3599/2591
f 4301/3600/2592 3264/3481/2592 2241/3601/2592
f 2573/1408/2593 422/1421/2593 2574/1409/2593
f 2584/1792/2594 416/275/2594 2577/3422/2594
f 415/274/2595 414/269/2595 419/3602/2595
f 2580/3603/2596 2578/1791/2596 2581/1790/2596
f 411/3595/2597 2578/1791/2597 419/3602/2597
f 411/3595/2598 2579/1789/2598 2578/1791/2598
f 3274/2369/2599 3093/2217/2599 3310/2373/2599
f 422/1421/2600 2048/1423/2600 2574/1409/2600
f 3313/3604/2601 1389/2381/2601 3304/2380/2601
f 2241/3601/2602 632/427/2602 4301/3600/2602
f 2037/1017/2603 4132/2205/2603 3823/3302/2603
f 2037/1017/2604 2036/2910/2604 2030/1018/2604
f 1139/777/2605 3040/1814/2605 626/426/2605
f 2283/3605/2606 3312/2180/2606 2606/2179/2606
f 1149/2170/2607 3039/2160/2607 1147/2159/2607
f 2616/3331/2608 3319/2395/2608 2620/2387/2608
f 1493/1836/955 238/2894/955 1484/1005/955
f 1500/1025/2609 2006/3606/2609 1501/1384/2609
f 4305/2504/2610 1277/1465/2610 1348/930/2610
f 2608/2390/2611 2309/1825/2611 2373/1809/2611
f 191/3607/2612 2309/1825/2612 3728/1824/2612
f 4144/1818/2613 3038/1820/2613 2622/2157/2613
f 2622/2157/2614 212/3334/2614 3319/2395/2614
f 685/3608/2615 684/465/2615 3616/3609/2615
f 682/462/2616 4300/3574/2616 692/472/2616
f 210/132/2617 2641/1837/2617 2623/1817/2617
f 227/148/2618 1537/3610/2618 1490/1352/2618
f 3802/145/2619 214/142/2619 213/1380/2619
f 2001/1379/2620 3802/145/2620 213/1380/2620
f 170/2161/2621 203/2419/2621 207/2417/2621
f 4308/3611/2622 3344/2863/2622 205/1394/2622
f 3449/3612/2623 3456/3613/2623 3474/3614/2623
f 203/2419/2624 4308/3611/2624 205/1394/2624
f 1299/3615/2625 3472/3616/2625 1284/881/2625
f 3604/3617/2626 3602/2672/2626 2132/3618/2626
f 1227/3193/2627 4047/3619/2627 2125/3194/2627
f 2945/1316/2628 4151/3620/2628 3376/3621/2628
f 4078/3622/2629 2136/3623/2629 3583/3624/2629
f 1958/3344/2630 1962/3376/2630 4170/3385/2630
f 1260/866/2631 3031/2156/2631 4312/1440/2631
f 4065/3219/2632 4058/3625/2632 4067/3626/2632
f 1334/3627/2633 1333/3628/2633 4314/3629/2633
f 116/1323/2634 3008/115/2634 1956/2136/2634
f 4074/3218/2635 4075/3630/2635 4072/3215/2635
f 2131/3631/2636 2136/3623/2636 4077/3632/2636
f 3845/1843/2637 86/43/2637 2651/76/2637
f 115/74/2638 2651/76/2638 86/43/2638
f 1649/1134/2639 2947/1133/2639 1938/2487/2639
f 1257/861/2640 2080/1433/2640 1317/859/2640
f 1257/861/2641 1321/869/2641 2080/1433/2641
f 3848/2944/2642 3765/2945/2642 2708/3633/2642
f 2652/2622/2643 3042/3102/2643 3572/2623/2643
f 95/59/2644 4163/3634/2644 98/65/2644
f 1710/2452/2645 1715/3635/2645 3377/2453/2645
f 1321/869/2646 2079/2612/2646 2080/1433/2646
f 4318/3636/2647 56/3637/2647 4322/3638/2647
f 2713/1309/2648 37/2069/2648 1700/44/2648
f 4312/1440/2649 1407/996/2649 3958/992/2649
f 2699/3639/2650 2693/1865/2650 7/3640/2650
f 3512/2649/2651 1412/3641/2651 1408/2581/2651
f 5/1226/2652 20/3642/2652 16/3643/2652
f 118/2799/2653 1894/2039/2653 1893/1300/2653
f 118/2799/2654 1893/1300/2654 85/38/2654
f 534/926/2655 533/3091/2655 1349/355/2655
f 1891/3366/2656 118/2799/2656 97/1279/2656
f 88/39/2657 57/41/2657 64/46/2657
f 3999/3121/2658 4327/3644/2658 2907/3645/2658
f 4153/3646/2659 2908/3647/2659 2906/3132/2659
f 530/354/2660 1353/931/2660 3576/1411/2660
f 3745/3648/2661 2909/3001/2661 3714/3000/2661
f 2236/1559/2662 2012/1673/2662 4085/3649/2662
f 122/3650/2663 4082/3651/2663 3745/3648/2663
f 4104/3265/2664 736/3652/2664 523/349/2664
f 141/3653/2665 140/1269/2665 4330/3654/2665
f 1434/1023/2666 2029/1402/2666 1439/3655/2666
f 4332/3656/2667 4329/3657/2667 4084/3658/2667
f 2740/3659/2668 1813/3660/2668 158/3661/2668
f 157/3662/2669 1845/1271/2669 1853/3663/2669
f 1853/3663/2670 147/3664/2670 2730/1898/2670
f 2733/1897/2671 1813/3660/2671 2740/3659/2671
f 1845/1271/2672 4330/3654/2672 140/1269/2672
f 1848/3665/2673 4333/3666/2673 147/3664/2673
f 182/1297/2674 183/1278/2674 1858/1277/2674
f 3424/2513/2675 182/1297/2675 1858/1277/2675
f 2971/2101/2676 1453/997/2676 2765/2588/2676
f 3564/2641/2677 2971/2101/2677 2765/2588/2677
f 3708/2789/2678 3710/2788/2678 2771/2775/2678
f 2771/2775/2679 3703/2774/2679 3708/2789/2679
f 1829/2769/2680 3707/2787/2680 1830/1267/2680
f 1827/3013/2681 1814/3667/2681 1852/3014/2681
f 1810/2800/2682 4166/3374/2682 3424/2513/2682
f 1461/2038/2683 2696/1862/2683 2684/1436/2683
f 3901/1991/2684 2760/1286/2684 3900/3028/2684
f 2696/1862/2685 1461/2038/2685 3946/3076/2685
f 3424/2513/2686 4334/2515/2686 182/1297/2686
f 2035/3416/2687 330/3410/2687 2893/1412/2687
f 2815/1948/2688 1861/1207/2688 1744/1205/2688
f 3559/2627/2689 3572/2623/2689 3573/2626/2689
f 332/3409/2690 3559/2627/2690 2033/3415/2690
f 332/3409/2691 2033/3415/2691 2032/3407/2691
f 3442/1280/2692 1865/2529/2692 1862/1281/2692
f 3665/1283/2693 1868/3025/2693 3442/1280/2693
f 4282/3668/2694 4301/3600/2694 4329/3657/2694
f 1966/151/2695 4180/3284/2695 1502/1029/2695
f 3628/1953/2696 2822/154/2696 3627/2535/2696
f 1728/2752/2697 3628/1953/2697 1901/1941/2697
f 2838/1192/2698 2854/1960/2698 4133/3669/2698
f 3509/3293/2699 2851/3297/2699 4131/3294/2699
f 2863/2572/2700 1453/997/2700 1982/1361/2700
f 1453/997/2701 2863/2572/2701 2765/2588/2701
f 4451/1971/2702 2852/1970/2702 4335/3670/2702
f 327/1906/2703 2763/1905/2703 1975/1348/2703
f 1974/1967/2704 3629/3671/2704 2849/1968/2704
f 1489/1042/2705 3618/1976/2705 2763/1905/2705
f 2864/2544/2706 3468/2709/2706 3628/1953/2706
f 3483/2558/2707 2775/3672/2707 3497/2556/2707
f 3543/2585/2708 3541/3673/2708 3542/3287/2708
f 3538/2584/2709 3634/3674/2709 2787/1928/2709
f 1609/2539/2710 4180/3284/2710 1601/2540/2710
f 3496/3394/2711 3495/2726/2711 3492/3675/2711
f 3593/3676/2712 2790/1930/2712 2786/1929/2712
f 2783/3677/2713 3593/3676/2713 3634/3674/2713
f 3490/2551/2714 4172/3393/2714 3477/3678/2714
f 3536/976/2715 1986/1364/2715 1984/977/2715
f 4137/3679/2716 1644/3680/2716 3486/3681/2716
f 2243/3682/2717 638/3683/2717 637/3684/2717
f 638/3683/2718 2243/3682/2718 4301/3600/2718
f 4173/2658/2719 3946/3076/2719 1579/3378/2719
f 1609/2539/2720 1619/3299/2720 4179/3075/2720
f 352/3685/2721 344/218/2721 343/217/2721
f 3627/2535/2722 2863/2572/2722 2864/2544/2722
f 268/3686/2723 272/183/2723 275/1963/2723
f 2863/2572/2724 3627/2535/2724 259/172/2724
f 231/152/2725 259/172/2725 3627/2535/2725
f 1638/3288/2726 1986/1364/2726 1632/2720/2726
f 3486/3687/2727 1638/3288/2727 1632/2720/2727
f 4329/3657/2728 4301/3600/2728 2243/3682/2728
f 299/209/2729 2759/189/2729 295/188/2729
f 298/190/2730 1539/1955/2730 295/188/2730
f 1633/3309/2731 1638/3288/2731 3486/3687/2731
f 1633/3309/2732 1634/2708/2732 1638/3288/2732
f 1638/3288/2733 1634/2708/2733 3473/1360/2733
f 1654/1146/2734 1668/3311/2734 4139/1145/2734
f 3930/2560/2735 403/2559/2735 1535/1055/2735
f 2876/2007/2736 2875/2006/2736 3928/3688/2736
f 2351/3689/2737 3666/3049/2737 1552/3690/2737
f 404/208/2738 402/2669/2738 3546/2590/2738
f 472/2034/2739 297/207/2739 2041/206/2739
f 297/3691/2740 299/209/2740 296/211/2740
f 404/3692/2741 296/211/2741 1543/1052/2741
f 404/208/2742 3546/2590/2742 2043/2606/2742
f 4363/3693/2743 1829/2769/2743 2798/1229/2743
f 3902/1170/2744 1934/1325/2744 2753/1236/2744
f 1416/3694/2745 4347/2002/2745 2873/2003/2745
f 1682/1169/2746 1796/1168/2746 4363/3693/2746
f 1416/3694/2747 1408/2581/2747 1412/3641/2747
f 4348/3695/2748 4349/3696/2748 3632/3697/2748
f 1408/2581/2749 1416/3694/2749 2873/2003/2749
f 1408/2581/2750 2873/2003/2750 1446/995/2750
f 1408/2581/2751 1446/995/2751 1407/996/2751
f 3645/3388/2752 3646/3320/2752 3632/3697/2752
f 4352/3698/2753 4351/3315/2753 4141/3310/2753
f 4353/3699/2754 4354/3700/2754 4135/3701/2754
f 1086/3702/2755 4356/3703/2755 1084/3540/2755
f 4360/3704/2756 4355/3705/2756 4350/3706/2756
f 4352/3698/2757 4350/3706/2757 4349/3696/2757
f 1502/1029/1078 1461/2038/1078 2918/1855/1078
f 4351/3315/2758 4140/2727/2758 4141/3310/2758
f 2078/1431/2759 1434/1023/2759 1488/1404/2759
f 2028/1401/2760 1435/1403/2760 1437/989/2760
f 4360/3704/2761 4357/3707/2761 4358/3708/2761
f 4358/3708/2762 4355/3705/2762 4360/3704/2762
f 2880/2009/2763 2879/2008/2763 4362/3709/2763
f 1423/3710/2764 1468/1015/2764 1424/3711/2764
f 4358/3708/2765 2880/2009/2765 2884/3712/2765
f 1829/2769/2766 4363/3693/2766 3707/2787/2766
f 4363/3693/2767 2748/2507/2767 3707/2787/2767
f 1808/1250/2768 1807/1244/2768 1803/1243/2768
f 2895/2024/2769 1762/1936/2769 4367/3713/2769
f 3506/2582/2770 1408/2581/2770 1407/996/2770
f 3882/2996/2771 3695/2997/2771 4364/3714/2771
f 2652/2622/2772 3575/1842/2772 2649/1815/2772
f 1806/1249/2773 4367/3713/2773 4365/3715/2773
f 4364/3714/2774 3695/2997/2774 1807/1244/2774
f 4370/3716/2775 4368/3717/2775 4046/3190/2775
f 3883/2994/2776 3878/2995/2776 3879/2990/2776
f 1824/2989/2777 1825/2760/2777 3883/2994/2777
f 3879/2990/2778 1824/2989/2778 3883/2994/2778
f 3582/3718/2779 2062/2637/2779 4375/3719/2779
f 2125/3194/2780 4047/3619/2780 4071/3214/2780
f 2070/2607/2781 2068/2645/2781 4057/2148/2781
f 2744/2999/2782 2750/3720/2782 2751/3721/2782
f 1324/3103/2783 4057/2148/2783 2068/2645/2783
f 1825/2760/2784 1824/2989/2784 1823/1276/2784
f 2074/3722/2785 2071/3723/2785 2070/2607/2785
f 253/169/2786 480/171/2786 254/167/2786
f 1407/996/2787 3031/2156/2787 3506/2582/2787
f 82/3724/2788 2914/3725/2788 84/3726/2788
f 118/2799/2789 1891/3366/2789 1894/2039/2789
f 1260/866/2790 2654/1441/2790 2653/3420/2790
f 3747/3727/2791 1771/1218/2791 4377/3728/2791
f 4193/3729/2792 2653/3420/2792 4378/3418/2792
f 1317/859/2793 2080/1433/2793 2082/1435/2793
f 1767/1216/2794 1772/1215/2794 1757/1219/2794
f 2082/1435/2795 3971/3101/2795 1317/859/2795
f 2716/1883/2796 1781/1882/2796 4376/3730/2796
f 3042/3102/2797 3573/2626/2797 3572/2623/2797
f 1765/1210/2798 1770/1184/2798 1769/2042/2798
f 1761/1211/2799 1764/7/2799 15/9/2799
f 2652/2622/2800 3040/1814/2800 3042/3102/2800
f 1332/3201/2801 3610/2685/2801 4314/3629/2801
f 1329/3202/2802 1332/3201/2802 4313/3731/2802
f 4381/3732/2803 1326/3733/2803 1335/828/2803
f 2116/1468/2804 1323/895/2804 1201/1469/2804
f 1700/44/2805 37/2069/2805 2936/3356/2805
f 2116/1468/2806 1324/3103/2806 1323/895/2806
f 35/16/2807 37/3734/2807 1911/2477/2807
f 38/2479/2808 1740/3359/2808 3393/2468/2808
f 1201/1469/2809 1323/895/2809 1302/894/2809
f 4156/3352/2810 1713/3735/2810 54/3736/2810
f 1708/1173/2811 1709/3737/2811 1935/3738/2811
f 44/1863/2812 94/57/2812 41/56/2812
f 2576/1786/2813 2648/1841/2813 3978/1787/2813
f 3007/3342/2814 1685/1324/2814 2692/8/2814
f 3451/3739/2815 3454/3740/2815 3455/3741/2815
f 3269/2076/2816 3007/3342/2816 2692/8/2816
f 3470/3742/2817 3456/3613/2817 3471/3743/2817
f 3455/3741/2818 4383/3744/2818 3471/3743/2818
f 3472/3616/2819 3455/3741/2819 3454/3740/2819
f 3451/3739/2820 3445/3745/2820 3425/3746/2820
f 3440/3747/2821 3452/2521/2821 3441/3748/2821
f 3451/3739/2822 3453/3749/2822 3454/3740/2822
f 4319/2456/2823 4316/3750/2823 4315/3751/2823
f 4316/3750/2824 4157/3752/2824 4323/3753/2824
f 79/32/2825 4319/2456/2825 4315/3751/2825
f 1281/882/2826 3450/3754/2826 4465/3453/2826
f 3450/3754/2827 1281/882/2827 1284/881/2827
f 67/3755/2828 1694/1180/2828 1669/1153/2828
f 3472/3616/2829 3454/3740/2829 3453/3749/2829
f 3474/3614/2830 3594/3756/2830 3481/3757/2830
f 677/425/2831 628/424/2831 1277/1465/2831
f 4151/3620/2832 2945/1316/2832 4150/3758/2832
f 2947/1133/2833 1979/2931/2833 3842/3759/2833
f 2951/2075/2834 4151/3760/2834 4150/3761/2834
f 4385/3762/2835 4386/3763/2835 2954/3764/2835
f 3024/2146/2836 3021/2141/2836 3022/2144/2836
f 643/434/2837 3596/2692/2837 3615/2691/2837
f 3842/3759/2838 3844/3765/2838 2945/1316/2838
f 1193/3766/2839 3613/3767/2839 1188/816/2839
f 3460/3768/2840 1294/3769/2840 1288/887/2840
f 1979/2931/2841 2947/1133/2841 1610/1101/2841
f 1171/803/2842 1185/812/2842 1174/2162/2842
f 250/1949/2843 261/3770/2843 3919/3771/2843
f 4387/3772/2844 3844/3765/2844 209/1356/2844
f 4295/3578/2845 3834/3773/2845 3037/3398/2845
f 3612/2686/2846 1236/3774/2846 2138/3775/2846
f 3612/2686/2847 1222/2688/2847 1236/3774/2847
f 1223/1479/2848 1224/3776/2848 1225/3159/2848
f 189/2152/2849 4295/3578/2849 3037/3398/2849
f 4390/2699/2850 1221/3777/2850 1218/3158/2850
f 4020/3160/2851 1236/3774/2851 4391/3778/2851
f 1530/1369/2852 1533/149/2852 1532/1351/2852
f 154/101/2853 100/2843/2853 159/2094/2853
f 1224/3776/2854 4388/839/2854 1236/3774/2854
f 2593/3156/2855 4391/3778/2855 2594/2700/2855
f 2117/1470/2856 1201/1469/2856 4392/1749/2856
f 3029/1375/2857 1481/1374/2857 1529/3779/2857
f 2666/3780/2858 1529/1373/2858 4393/1372/2858
f 1995/1376/2859 165/1847/2859 4394/1365/2859
f 165/1847/2860 166/95/2860 4394/1365/2860
f 3029/1375/2861 2666/2438/2861 3030/2440/2861
f 165/1847/2862 1995/1376/2862 164/3781/2862
f 1152/733/2863 3619/1499/2863 2117/1470/2863
f 741/3592/2864 690/3591/2864 4292/3588/2864
f 148/2096/2865 1534/3782/2865 159/2094/2865
f 166/95/2866 1526/1359/2866 4394/1365/2866
f 1955/1337/2867 4397/3783/2867 741/3592/2867
f 2549/2712/2868 4016/796/2868 4400/2713/2868
f 4016/796/2869 3070/798/2869 4400/2713/2869
f 1089/1500/2870 1152/733/2870 3378/1698/2870
f 3378/1698/2871 1152/733/2871 2225/732/2871
f 4170/3385/2872 3345/2864/2872 3344/2863/2872
f 4170/3385/2873 3344/2863/2873 4308/3611/2873
f 911/617/2874 775/1548/2874 1083/717/2874
f 4170/3385/2875 4308/3611/2875 203/2419/2875
f 843/1703/2876 1080/3784/2876 802/2459/2876
f 2220/523/2877 2219/1522/2877 760/524/2877
f 1082/1748/2878 843/1703/2878 911/617/2878
f 909/1550/2879 4027/1542/2879 764/525/2879
f 1513/1407/2880 1496/1358/2880 138/94/2880
f 3989/3785/2881 3341/3786/2881 3684/3787/2881
f 4402/3788/2882 3691/3789/2882 3981/3113/2882
f 3684/3787/2883 3680/2416/2883 3337/2415/2883
f 3681/3790/2884 3682/3791/2884 4402/3788/2884
f 1515/1045/2885 2589/2893/2885 1513/1407/2885
f 3982/2747/2886 3981/3113/2886 3691/3789/2886
f 3980/3792/2887 3979/3793/2887 3694/3794/2887
f 1496/1358/2888 1513/1407/2888 2589/2893/2888
f 2260/2756/2889 2266/1576/2889 3980/3792/2889
f 2229/607/2890 902/609/2890 4022/594/2890
f 3812/1036/2891 207/2417/2891 3331/1396/2891
f 2464/3795/2892 4405/3796/2892 4406/3797/2892
f 4403/1410/2893 2629/1831/2893 2630/1829/2893
f 3960/3088/2894 4221/3798/2894 2431/3086/2894
f 2629/1831/2895 4403/1410/2895 3056/2171/2895
f 2442/1680/2896 3959/1592/2896 4405/3796/2896
f 2441/1678/2897 2464/3795/2897 2448/2420/2897
f 4405/3796/2898 2433/1601/2898 4406/3797/2898
f 2442/1680/2899 2445/1679/2899 3959/1592/2899
f 867/2768/2900 909/1550/2900 857/588/2900
f 4230/573/2901 4229/572/2901 3115/2225/2901
f 3701/2224/2902 2419/2770/2902 4260/3526/2902
f 4260/3526/2903 4258/1605/2903 3701/2224/2903
f 2277/2791/2904 3324/2406/2904 3322/2413/2904
f 2278/3799/2905 3327/2794/2905 2279/3800/2905
f 2623/1817/2906 2641/1837/2906 3817/1414/2906
f 2275/3517/2907 3718/2407/2907 2161/2408/2907
f 3318/2896/2908 3817/1414/2908 1386/1416/2908
f 4425/3801/2909 2300/3497/2909 4401/3802/2909
f 271/2376/2910 379/1415/2910 3817/1414/2910
f 2627/173/2911 4403/1410/2911 2630/1829/2911
f 3820/2900/2912 3309/2386/2912 2621/1816/2912
f 881/3074/2913 878/1659/2913 877/2778/2913
f 881/3074/2914 879/603/2914 4255/3072/2914
f 2586/1006/2915 1351/932/2915 4410/1794/2915
f 878/1659/2916 881/3074/2916 924/620/2916
f 882/599/2917 889/610/2917 885/600/2917
f 867/2768/2918 940/578/2918 939/1642/2918
f 808/3521/2919 809/3081/2919 939/1642/2919
f 942/621/2920 939/1642/2920 940/578/2920
f 814/2243/2921 908/611/2921 813/613/2921
f 2415/1652/2922 2408/574/2922 2414/1650/2922
f 2397/3083/2923 4044/3084/2923 833/567/2923
f 457/3803/2924 416/275/2924 459/3421/2924
f 2396/3804/2925 3149/3805/2925 3148/3806/2925
f 448/3807/2926 447/3594/2926 446/2895/2926
f 4408/3808/2927 4411/3809/2927 4401/3802/2927
f 2332/1610/2928 2335/2398/2928 2341/3199/2928
f 3945/3810/2929 3947/3071/2929 2331/3811/2929
f 2328/3812/2930 2331/3811/2930 3148/3806/2930
f 2398/3813/2931 2331/3811/2931 3947/3071/2931
f 753/631/2932 752/1584/2932 951/629/2932
f 754/1582/2933 753/631/2933 952/2378/2933
f 952/2378/2934 2292/1583/2934 754/1582/2934
f 4197/2890/2935 3274/2369/2935 2049/1422/2935
f 810/1669/2936 4088/2337/2936 2438/2336/2936
f 2424/1697/2937 2422/3223/2937 2421/1656/2937
f 4063/3814/2938 2422/3223/2938 4064/3205/2938
f 1821/3815/2939 3260/3245/2939 4240/3816/2939
f 4412/3817/2940 4239/3818/2940 4413/3274/2940
f 2299/3819/2941 2302/1654/2941 4414/3820/2941
f 2415/1652/2942 3280/3495/2942 3742/2813/2942
f 524/1428/2943 514/2887/2943 513/1429/2943
f 3757/3494/2944 3279/2827/2944 3278/1545/2944
f 513/1429/2945 514/2887/2945 512/2886/2945
f 3758/2829/2946 3757/3494/2946 2171/1711/2946
f 3280/3495/2947 2415/1652/2947 3756/3496/2947
f 1370/2351/2948 1383/2242/2948 1318/874/2948
f 793/3066/2949 3942/3821/2949 3761/3067/2949
f 2460/3822/2950 3749/2819/2950 3938/3823/2950
f 3808/3824/2951 517/342/2951 1322/2355/2951
f 4098/2335/2952 3255/3237/2952 2271/2333/2952
f 4090/3261/2953 3753/2825/2953 796/3238/2953
f 3255/3237/2954 4090/3261/2954 796/3238/2954
f 3255/3237/2955 2254/3240/2955 2271/2333/2955
f 3192/3825/2956 3777/3259/2956 3776/3258/2956
f 3899/2320/2957 3265/3022/2957 2428/2268/2957
f 1268/920/2958 1312/900/2958 1263/863/2958
f 1315/907/2959 1268/920/2959 1309/903/2959
f 3906/3035/2960 3261/3826/2960 2249/3036/2960
f 4235/3827/2961 4329/3657/2961 4332/3656/2961
f 4332/3656/2962 3263/3229/2962 3262/3828/2962
f 676/459/2963 2438/2336/2963 3256/2338/2963
f 3254/356/2964 3239/833/2964 1307/898/2964
f 2228/3231/2965 2226/3038/2965 2297/3829/2965
f 4202/3463/2966 4417/3830/2966 3153/3831/2966
f 3153/3831/2967 4417/3830/2967 4418/3832/2967
f 4205/3833/2968 1291/1752/2968 1295/1750/2968
f 674/1553/2969 676/459/2969 3256/2338/2969
f 2299/3819/2970 4408/3808/2970 2300/3497/2970
f 4111/3834/2971 4094/3246/2971 4093/3835/2971
f 2249/3036/2972 632/427/2972 627/429/2972
f 2114/389/2973 2112/388/2973 4197/2890/2973
f 3916/3020/2974 3263/3229/2974 3265/3022/2974
f 3916/3020/2975 3262/3828/2975 3263/3229/2975
f 2228/3231/2976 2227/410/2976 2226/3038/2976
f 3927/501/2977 3931/500/2977 1168/804/2977
f 673/2267/2978 3927/501/2978 1168/804/2978
f 4414/3820/2979 4408/3808/2979 2299/3819/2979
f 3206/3836/2980 3173/2272/2980 3205/2299/2980
f 3168/2948/2981 2523/1733/2981 2524/1737/2981
f 2523/1733/2982 3168/2948/2982 3864/2308/2982
f 2492/3551/2983 3774/3837/2983 3772/3549/2983
f 4275/3838/2984 2491/3839/2984 2489/2287/2984
f 3240/357/2985 584/806/2985 1166/805/2985
f 3240/357/2986 1166/805/2986 3239/833/2986
f 2534/1742/2987 2242/3840/2987 3226/3841/2987
f 3856/3842/2988 3213/2305/2988 3214/2304/2988
f 3212/2301/2989 4281/3843/2989 3210/3844/2989
f 1166/805/2990 1167/490/2990 3239/833/2990
f 3866/3845/2991 4207/3846/2991 3865/2969/2991
f 2524/1737/2992 1178/1736/2992 654/455/2992
f 3174/512/2993 3173/2272/2993 3206/3836/2993
f 3773/3257/2994 3207/3847/2994 757/3848/2994
f 4279/3567/2995 1032/3568/2995 4280/3566/2995
f 3855/3849/2996 3862/3565/2996 3803/2956/2996
f 4279/3567/2997 3862/3565/2997 3855/3849/2997
f 616/412/2998 1275/1497/2998 2155/423/2998
f 1178/1736/2999 4224/3485/2999 672/3486/2999
f 4224/3485/3000 4227/3487/3000 672/3486/3000
f 4224/3485/3001 1178/1736/3001 4226/3542/3001
f 1178/1736/3002 4422/3850/3002 4226/3542/3002
f 622/407/3003 1291/1752/3003 4204/3571/3003
f 1291/1752/3004 622/407/3004 1297/2271/3004
f 701/2837/3005 4421/2841/3005 3770/2842/3005
f 1168/804/3006 3931/500/3006 1166/805/3006
f 485/2951/3007 3158/2256/3007 3864/2308/3007
f 1274/873/3008 561/3468/3008 570/378/3008
f 570/378/3009 3808/3824/3009 1274/873/3009
f 703/2839/3010 1180/2840/3010 701/2837/3010
f 702/3851/3011 1180/2840/3011 700/3852/3011
f 558/360/3012 554/381/3012 553/2874/3012
f 562/376/3013 3159/2889/3013 544/2888/3013
f 562/376/3014 544/2888/3014 3809/2882/3014
f 550/375/3015 3161/2257/3015 3159/2889/3015
f 3161/2257/3016 550/375/3016 549/372/3016
f 1166/805/3017 3931/500/3017 714/491/3017
f 3168/2948/3018 3166/2947/3018 3849/2946/3018
f 3847/2263/3019 3257/3452/3019 3849/2946/3019
f 1313/2925/3020 3846/2943/3020 2527/2260/3020
f 2095/3853/3021 1303/893/3021 1305/3854/3021
f 672/3486/3022 2466/1696/3022 2423/1655/3022
f 671/453/3023 2423/1655/3023 2426/3060/3023
f 671/453/3024 672/3486/3024 2423/1655/3024
f 2091/1827/3025 3266/1826/3025 2612/3855/3025
f 2460/3822/3026 3938/3823/3026 2465/3856/3026
f 3899/2320/3027 2428/2268/3027 673/2267/3027
f 2093/1451/3028 4201/853/3028 2383/3580/3028
f 2087/1447/3029 2093/1451/3029 2383/3580/3029
f 2049/1422/3030 2114/389/3030 4197/2890/3030
f 2749/1902/3031 3912/3857/3031 4426/1903/3031
f 4106/3858/3032 4107/3859/3032 3218/3270/3032
f 2566/1772/3033 2564/1771/3033 1313/2925/3033
f 2095/3853/3034 1305/3854/3034 3123/3860/3034
f 4262/2342/3035 3273/2341/3035 3276/2345/3035
f 746/509/3036 3727/1590/3036 2388/3861/3036
f 746/509/3037 2388/3861/3037 4263/3862/3037
f 469/2920/3038 467/3447/3038 464/309/3038
f 3812/1036/3039 2585/2897/3039 2591/1797/3039
f 4247/3513/3040 3759/3863/3040 4248/3514/3040
f 3757/3494/3041 3733/1644/3041 3279/2827/3041
f 2039/201/3042 321/204/3042 337/203/3042
f 337/203/3043 452/3424/3043 2039/201/3043
f 3282/518/3044 924/620/3044 766/522/3044
f 449/1419/3045 2039/201/3045 452/3424/3045
f 2045/1418/3046 447/3594/3046 452/3424/3046
f 448/3807/3047 2046/1420/3047 443/3864/3047
f 3282/518/3048 923/2350/3048 924/620/3048
f 416/275/3049 2584/1792/3049 459/3421/3049
f 306/202/3050 2039/201/3050 459/3421/3050
f 881/3074/3051 766/522/3051 924/620/3051
f 758/520/3052 3950/3510/3052 763/513/3052
f 293/215/3053 2040/1417/3053 3818/1773/3053
f 1018/3865/3054 4432/3866/3054 1017/3867/3054
f 1073/695/3055 1046/3528/3055 1014/737/3055
f 919/3868/3056 920/3869/3056 967/636/3056
f 4410/1794/3057 1325/910/3057 3822/911/3057
f 4410/1794/3058 1351/932/3058 1325/910/3058
f 875/597/3059 4050/554/3059 782/533/3059
f 2586/1006/3060 1354/933/3060 1351/932/3060
f 3093/2217/3061 1354/933/3061 238/2894/3061
f 936/666/3062 916/647/3062 976/646/3062
f 229/3405/2599 3310/2373/2599 3093/2217/2599
f 240/157/3063 243/160/3063 239/155/3063
f 928/619/3064 878/1659/3064 924/620/3064
f 3310/2373/3065 229/3405/3065 4304/3325/3065
f 242/2923/3066 241/156/3066 239/155/3066
f 2276/2412/3067 3332/2411/3067 3326/2410/3067
f 3716/2792/3068 2277/2791/3068 3326/2410/3068
f 3680/2416/3069 3343/3870/3069 3338/3174/3069
f 2586/1006/3070 2587/1795/3070 1409/991/3070
f 238/2894/3071 2586/1006/3071 1484/1005/3071
f 939/1642/3072 870/2763/3072 867/2768/3072
f 1500/1025/3073 3816/1390/3073 306/202/3073
f 1500/1025/3074 306/202/3074 2006/3606/3074
f 870/2763/3075 899/3080/3075 898/3165/3075
f 892/1595/3076 895/1664/3076 894/1617/3076
f 1496/1358/3077 2589/2893/3077 1493/1836/3077
f 3143/2228/3078 3117/568/3078 3122/1575/3078
f 3330/2930/1756 229/3405/1756 1515/1045/1756
f 907/1699/3079 873/593/3079 874/2241/3079
f 1481/2149/3080 1482/3871/3080 1989/2150/3080
f 1980/2933/3081 3365/2932/3081 210/132/3081
f 2197/1523/3082 898/3165/3082 897/1675/3082
f 2266/1576/3083 3122/1575/3083 836/542/3083
f 189/2152/3084 193/2154/3084 4143/3343/3084
f 3115/2225/3085 3378/1698/3085 907/1699/3085
f 2266/1576/3086 836/542/3086 3658/548/3086
f 3681/3790/3087 3683/3872/3087 3684/3787/3087
f 3354/75/3088 4170/3385/3088 203/2419/3088
f 1961/3873/3089 4170/3385/3089 3354/75/3089
f 3990/3874/3090 3988/3875/3090 4283/3876/3090
f 4298/2733/3091 3655/3877/3091 1339/3584/3091
f 4149/1350/3092 1624/1117/3092 150/1116/3092
f 4149/1350/3093 3779/3878/3093 1624/1117/3093
f 1624/1117/3094 3779/3878/3094 3778/2845/3094
f 3374/2187/3095 3378/1698/3095 3115/2225/3095
f 848/557/3096 844/3562/3096 843/1703/3096
f 775/1548/3097 911/617/3097 927/616/3097
f 92/58/3098 1968/3879/3098 2687/2457/3098
f 1108/3880/3099 1114/2480/3099 3992/2481/3099
f 3992/2481/3100 3996/3881/3100 1108/3880/3100
f 3085/2198/3101 3084/2200/3101 3083/3882/3101
f 2950/2073/3102 3730/3883/3102 2954/3764/3102
f 2692/8/3103 2695/1866/3103 3269/2076/3103
f 2698/2074/3104 2701/1869/3104 2697/3884/3104
f 2701/1869/3105 2698/2074/3105 2700/1867/3105
f 4400/2713/3106 3070/798/3106 805/561/3106
f 3071/799/3107 805/561/3107 3070/798/3107
f 805/561/3108 3071/799/3108 807/558/3108
f 3394/3355/3109 3397/3885/3109 3395/3886/3109
f 1105/755/3110 1113/754/3110 1108/3880/3110
f 1111/3142/3111 4014/3887/3111 1113/754/3111
f 3408/3888/3112 1917/3889/3112 3405/1187/3112
f 4014/3887/3113 1111/3142/3113 4006/2475/3113
f 4442/2462/3114 3398/2476/3114 990/707/3114
f 3398/2476/3115 4006/2475/3115 3388/3141/3115
f 1/3890/3116 2692/8/3116 1764/7/3116
f 1/3890/3117 2693/1865/3117 2692/8/3117
f 3386/2463/3118 1960/3891/3118 4442/2462/3118
f 1749/3892/3119 3563/3893/3119 1746/3894/3119
f 1013/3895/3120 4261/3896/3120 1015/3897/3120
f 1749/3892/3121 1739/3360/3121 1899/3898/3121
f 3402/3899/3122 4443/3900/3122 3397/3901/3122
f 1/3890/3123 1764/7/3123 3869/2972/3123
f 1959/3902/3124 3391/2464/3124 3400/3152/3124
f 7/3640/3125 1/3890/3125 1775/3903/3125
f 1130/2505/3126 1955/1337/3126 1087/3904/3126
f 3650/3593/3127 4294/3573/3127 4395/3575/3127
f 3658/548/3128 3641/544/3128 4305/2504/3128
f 114/3373/3129 3525/3905/3129 110/3370/3129
f 3732/2805/3130 123/2804/3130 3729/3300/3130
f 3382/2399/3131 3410/2495/3131 168/2435/3131
f 3407/2490/3132 4331/3906/3132 2912/2037/3132
f 1115/2483/3133 4014/3887/3133 4009/3140/3133
f 4015/3907/3134 3399/2474/3134 4442/2462/3134
f 1200/3908/3135 4445/2704/3135 1199/3909/3135
f 3439/2533/3136 2902/3910/3136 167/3911/3136
f 4009/3140/3137 3623/814/3137 4010/2705/3137
f 4441/3912/3138 4005/3913/3138 4004/2703/3138
f 3411/2494/3139 3437/2532/3139 168/2435/3139
f 3409/2491/3140 2911/2036/3140 3411/2494/3140
f 1200/3908/3141 1186/813/3141 4445/2704/3141
f 1810/2800/3142 117/1241/3142 4166/3374/3142
f 2557/1781/3143 3088/2203/3143 721/3914/3143
f 730/3460/3144 725/494/3144 4013/3915/3144
f 117/1241/3145 3422/1988/3145 4166/3374/3145
f 1141/772/3146 2540/771/3146 3040/1814/3146
f 3714/3000/3147 3887/1203/3147 1861/1207/3147
f 1152/733/3148 2117/1470/3148 4392/1749/3148
f 3626/787/3149 2560/1767/3149 1157/788/3149
f 167/2511/3150 2902/3372/3150 1861/1207/3150
f 1083/717/3151 1262/870/3151 1081/718/3151
f 2560/1767/3152 3994/1766/3152 1157/788/3152
f 4363/3693/3153 1796/1168/3153 2748/2507/3153
f 4002/3916/3154 2570/1779/3154 2547/3128/3154
f 4001/2165/3155 3051/2167/3155 4002/3916/3155
f 3059/3124/3156 4001/2165/3156 2547/3128/3156
f 2279/3800/3157 3327/2794/3157 2277/2791/3157
f 3436/2166/3158 4001/2165/3158 3048/3123/3158
f 3057/3917/3159 3055/3918/3159 3068/3599/3159
f 2571/1778/3160 4000/3127/3160 3426/3919/3160
f 3047/3920/3161 3046/2527/3161 3438/2526/3161
f 3452/2521/3162 3440/3747/3162 3432/2522/3162
f 3051/2167/3163 3046/2527/3163 3047/3920/3163
f 3047/3920/3164 3438/2526/3164 3432/2522/3164
f 3995/3130/3165 1261/3921/3165 1262/870/3165
f 4166/3374/3166 3422/1988/3166 1919/1320/3166
f 698/471/3167 693/1339/3167 696/469/3167
f 4305/2504/3168 1348/930/3168 1270/3449/3168
f 2007/3285/3169 4117/3922/3169 4114/3286/3169
f 1271/3445/3170 1342/915/3170 696/469/3170
f 201/127/3171 195/120/3171 1716/1183/3171
f 201/127/3172 1716/1183/3172 206/128/3172
f 1164/797/3173 3978/1787/3173 3984/1788/3173
f 2859/3057/3174 1890/2516/3174 2857/1973/3174
f 2859/3057/3175 2857/1973/3175 2858/3923/3175
f 2859/3057/3176 2860/1093/3176 1890/2516/3176
f 1580/1092/3177 1892/2512/3177 1890/2516/3177
f 2860/1093/3178 1580/1092/3178 1890/2516/3178
f 2784/1182/3179 1892/2512/3179 1579/3378/3179
f 2784/1182/3180 1579/3378/3180 1619/3299/3180
f 1716/1183/3181 2784/1182/3181 1619/3299/3181
f 3618/1976/3182 2854/1960/3182 1721/1959/3182
f 3448/3924/3183 3447/2545/3183 3431/2534/3183
f 1901/1941/3184 3468/2709/3184 1634/2708/3184
f 4449/1039/3185 1682/1169/3185 4448/3925/3185
f 1508/1040/3186 4449/1039/3186 4448/3925/3186
f 1207/1484/3187 4036/2687/3187 1210/2683/3187
f 4314/3629/3188 4313/3731/3188 1332/3201/3188
f 4068/3926/3189 4311/3927/3189 2129/1475/3189
f 1974/1967/3190 4448/3925/3190 3629/3671/3190
f 1508/1040/3191 4448/3925/3191 1974/1967/3191
f 4047/3619/3192 1227/3193/3192 2973/3928/3192
f 2132/3618/3193 2125/3194/3193 4072/3215/3193
f 3604/3617/3194 4075/3630/3194 3601/3929/3194
f 2852/1970/3195 3629/3671/3195 2799/1935/3195
f 1234/2679/3196 3599/3930/3196 2128/1477/3196
f 4451/1971/3197 2853/1977/3197 2848/1041/3197
f 4077/3632/3198 3599/3930/3198 2131/3631/3198
f 4310/3931/3199 3601/3929/3199 2131/3631/3199
f 250/1949/3200 304/196/3200 261/3770/3200
f 3471/3743/3201 2100/3932/3201 4452/3933/3201
f 4452/3933/3202 3522/2576/3202 3521/2569/3202
f 248/163/3203 1558/1067/3203 339/3934/3203
f 2107/1463/3204 4493/1462/3204 1283/880/3204
f 2100/3932/3205 2106/1461/3205 2101/1455/3205
f 325/1053/3206 1535/1055/3206 403/2559/3206
f 2107/1463/3207 3458/1258/3207 2109/3935/3207
f 343/217/3208 314/242/3208 341/3936/3208
f 3463/3440/3209 3966/3112/3209 3976/3441/3209
f 1528/180/3210 280/184/3210 255/166/3210
f 1528/180/3211 2843/168/3211 2831/2012/3211
f 1744/1205/3212 2351/3689/3212 294/191/3212
f 294/191/3213 289/187/3213 1744/1205/3213
f 4192/921/3214 1272/3937/3214 1271/3445/3214
f 628/424/3215 1353/931/3215 1350/353/3215
f 2873/2003/3216 2866/2004/3216 1483/1038/3216
f 4180/3284/3217 1966/151/3217 206/128/3217
f 206/128/3218 1601/2540/3218 4180/3284/3218
f 1355/1443/3219 581/419/3219 3978/1787/3219
f 1438/3419/3220 4378/3418/3220 2653/3420/3220
f 4183/3417/3221 4378/3418/3221 1438/3419/3221
f 1438/3419/3222 1435/1403/3222 2664/3938/3222
f 1588/1094/3223 4464/2663/3223 3595/2662/3223
f 3946/3076/3224 4173/2658/3224 2696/1862/3224
f 3031/2156/3225 1407/996/3225 4312/1440/3225
f 1543/1052/3226 402/1054/3226 404/3692/3226
f 2047/3939/3227 3545/2589/3227 2810/3940/3227
f 555/404/3228 475/319/3228 560/405/3228
f 2677/2061/3229 2934/2063/3229 2928/2059/3229
f 2925/2062/3230 2928/2059/3230 2934/2063/3230
f 2678/1857/3231 2673/1859/3231 2934/2063/3231
f 1488/1404/3232 1492/1022/3232 1489/1042/3232
f 1446/995/3233 1483/1038/3233 1445/993/3233
f 2734/1858/3234 2682/3941/3234 3566/3942/3234
f 530/354/3235 3576/1411/3235 2005/1382/3235
f 4372/3943/3236 4457/3944/3236 4182/3945/3236
f 491/2602/3237 4101/3946/3237 2913/3947/3237
f 493/3263/3238 491/2602/3238 492/3948/3238
f 492/3948/3239 3558/1845/3239 2647/1844/3239
f 3575/1842/3240 2035/3416/3240 2893/1412/3240
f 3572/2623/3241 2035/3416/3241 3575/1842/3241
f 2893/1412/3242 3576/1411/3242 3575/1842/3242
f 461/304/3243 4181/306/3243 2044/320/3243
f 490/3949/3244 4099/3262/3244 497/3950/3244
f 534/926/3245 1349/355/3245 2003/1381/3245
f 4103/3951/3246 2013/1672/3246 4459/1674/3246
f 3018/2135/3247 525/1557/3247 2222/3432/3247
f 3536/976/3248 1426/973/3248 3567/2616/3248
f 1425/2656/3249 2793/3952/3249 1428/2617/3249
f 4257/3527/3250 4436/3953/3250 1015/3897/3250
f 2008/3954/3251 2007/3285/3251 2016/3955/3251
f 2007/3285/3252 2019/3267/3252 2015/1391/3252
f 2008/3954/3253 2010/2587/3253 4124/3956/3253
f 4087/3426/3254 4187/3427/3254 3571/3957/3254
f 3537/1922/3255 3543/2585/3255 3542/3287/3255
f 523/349/3256 534/926/3256 4104/3265/3256
f 1471/2611/3257 1476/2598/3257 1466/1013/3257
f 2670/3082/3258 1323/895/3258 1324/3103/3258
f 1446/995/3259 2873/2003/3259 1483/1038/3259
f 1385/950/3260 1355/1443/3260 2648/1841/3260
f 2096/948/3261 1385/950/3261 2648/1841/3261
f 4338/1989/3262 1945/1327/3262 1943/1326/3262
f 3608/1016/3263 3954/3958/3263 1424/3711/3263
f 1424/3711/3264 1468/1015/3264 3608/1016/3264
f 2642/3959/3265 4083/3960/3265 2639/3961/3265
f 1371/941/3266 1360/2660/3266 1376/939/3266
f 2642/3959/3267 1361/3962/3267 1360/2660/3267
f 3529/2659/3268 1376/939/3268 1360/2660/3268
f 2633/1834/3269 2637/3963/3269 2639/3961/3269
f 2635/3964/3270 4492/3965/3270 2645/1840/3270
f 2636/3966/3271 2642/3959/3271 2639/3961/3271
f 2637/3963/3272 2644/1839/3272 2636/3966/3272
f 4347/2002/3273 4338/1989/3273 2865/1990/3273
f 2653/3420/3274 4193/3729/3274 1260/866/3274
f 1227/3193/3275 2601/1802/3275 1226/1804/3275
f 2605/1806/3276 1226/1804/3276 2603/1807/3276
f 4031/1799/3277 4462/3967/3277 4030/3968/3277
f 1203/1801/3278 1206/829/3278 2592/3969/3278
f 1430/3970/3279 4463/3971/3279 1375/3189/3279
f 4040/3177/3280 4057/2148/3280 3028/2147/3280
f 3020/3972/3281 4040/3177/3281 3028/2147/3281
f 1563/1987/3282 4464/2663/3282 1588/1094/3282
f 3009/431/3283 3020/3972/3283 3028/2147/3283
f 4464/2663/3284 292/186/3284 290/185/3284
f 4464/2663/3285 2841/3406/3285 2833/1956/3285
f 4177/3973/3286 4176/3974/3286 2823/1986/3286
f 1255/857/3287 1308/858/3287 2576/1786/3287
f 2824/3975/3288 2823/1986/3288 366/230/3288
f 366/230/3289 2827/3976/3289 2828/246/3289
f 2563/1784/3290 1240/841/3290 2565/840/3290
f 1240/841/3291 3505/2562/3291 1239/842/3291
f 2004/1383/3292 2862/1938/3292 2796/1933/3292
f 3438/2526/3293 4465/3453/3293 3433/2523/3293
f 1281/882/3294 4465/3453/3294 1292/889/3294
f 3050/3455/3295 4023/3977/3295 3435/3978/3295
f 3050/3455/3296 3435/3978/3296 3436/2166/3296
f 1196/2164/3297 4024/2163/3297 3050/3455/3297
f 3438/2526/3298 1296/2525/3298 1292/889/3298
f 3450/3754/3299 3433/2523/3299 4465/3453/3299
f 3046/2527/3300 3051/2167/3300 3435/3978/3300
f 1255/857/3301 4016/796/3301 2549/2712/3301
f 1255/857/3302 2549/2712/3302 1238/855/3302
f 289/187/3303 2816/1947/3303 1744/1205/3303
f 2550/3979/3304 1238/855/3304 2549/2712/3304
f 1881/1995/3305 3930/2560/3305 1536/1057/3305
f 405/1056/3306 3649/2731/3306 2868/1994/3306
f 4342/3980/3307 3649/2731/3307 4341/3981/3307
f 1238/855/3308 2550/3979/3308 2551/1533/3308
f 3666/3049/3309 2351/3689/3309 1744/1205/3309
f 4342/3980/3310 4341/3981/3310 1547/3982/3310
f 2825/3983/3311 1574/1985/3311 3932/3984/3311
f 4012/2711/3312 3067/3137/3312 3066/3144/3312
f 206/128/3313 1716/1183/3313 1609/2539/3313
f 3066/3144/3314 1120/2484/3314 4012/2711/3314
f 3625/3985/3315 3063/2176/3315 1128/2501/3315
f 775/1548/3316 1154/526/3316 1083/717/3316
f 1156/786/3317 1154/526/3317 773/528/3317
f 1919/1320/3318 1922/3029/3318 1879/2514/3318
f 3619/1499/3319 1152/733/3319 1089/1500/3319
f 4136/3986/3320 1636/3502/3320 4242/3506/3320
f 1149/2170/3321 1080/3784/3321 1082/1748/3321
f 1147/2159/3322 2540/771/3322 803/2169/3322
f 1080/3784/3323 1149/2170/3323 803/2169/3323
f 4013/3915/3324 2558/2202/3324 4447/3461/3324
f 3090/3149/3325 4011/3134/3325 3092/3987/3325
f 4008/3136/3326 3094/3988/3326 4011/3134/3326
f 1918/3312/3327 2888/2015/3327 2886/2014/3327
f 1965/3989/3328 4005/3913/3328 3094/3988/3328
f 2883/3990/3329 2819/3991/3329 4136/3986/3329
f 3979/3793/3330 3692/3992/3330 3693/3993/3330
f 2808/3994/3331 1910/3995/3331 2807/3996/3331
f 2804/3997/3332 4466/3998/3332 2808/3994/3332
f 4467/3999/3333 1726/1194/3333 1733/4000/3333
f 232/140/3334 2811/4001/3334 4148/4002/3334
f 4290/4003/3335 1955/1337/3335 741/3592/3335
f 1857/135/3336 221/139/3336 222/141/3336
f 1822/1275/3337 3689/2755/3337 1823/1276/3337
f 1130/2505/3338 1949/1338/3338 1955/1337/3338
f 3677/1723/3339 2229/607/3339 2224/1534/3339
f 2753/1236/3340 3422/1988/3340 2752/1242/3340
f 1871/1285/3341 3419/2771/3341 174/113/3341
f 3653/4004/3342 4270/3116/3342 3654/2735/3342
f 3652/1718/3343 3678/1717/3343 3343/3557/3343
f 3654/2735/3344 3655/3877/3344 4298/2733/3344
f 3348/1683/3345 2449/1685/3345 3363/4005/3345
f 3362/3563/3346 4468/4006/3346 2452/2424/3346
f 1861/1207/3347 2902/3372/3347 3714/3000/3347
f 3421/3369/3348 3419/2771/3348 68/50/3348
f 4468/4006/3349 2449/1685/3349 2452/2424/3349
f 964/4007/3350 3363/4005/3350 4468/4006/3350
f 24/51/3351 4165/4008/3351 73/1298/3351
f 3348/1683/3352 3363/4005/3352 944/625/3352
f 3678/1717/3353 827/1525/3353 4229/572/3353
f 4229/572/3354 827/1525/3354 3115/2225/3354
f 172/107/3355 176/4009/3355 173/108/3355
f 844/3562/3356 848/557/3356 2477/2226/3356
f 1870/1296/3357 183/1278/3357 182/1297/3357
f 4230/573/3358 907/1699/3358 874/2241/3358
f 1810/2800/3359 97/1279/3359 118/2799/3359
f 1215/1483/3360 3612/2686/3360 2138/3775/3360
f 3137/3096/3361 2417/3090/3361 2290/1578/3361
f 87/1240/3362 2727/1889/3362 89/45/3362
f 4215/4010/3363 2455/1692/3363 2434/1663/3363
f 4222/1660/3364 2431/3086/3364 4404/4011/3364
f 4221/3798/3365 4404/4011/3365 2431/3086/3365
f 2431/3086/3366 2314/4012/3366 2315/1596/3366
f 2314/4012/3367 2431/3086/3367 2432/1662/3367
f 1793/4013/3368 17/1886/3368 16/3643/3368
f 22/54/3369 34/4014/3369 25/4015/3369
f 4405/3796/3370 3959/1592/3370 2433/1601/3370
f 1761/1211/3371 15/9/3371 2712/1322/3371
f 3395/3886/3372 1942/4016/3372 3394/3355/3372
f 3457/3162/3373 1183/810/3373 1188/816/3373
f 2310/612/3374 2305/592/3374 2347/596/3374
f 2708/3633/3375 2674/2955/3375 3848/2944/3375
f 2400/3186/3376 842/1635/3376 4044/3084/3376
f 2391/3532/3377 817/3531/3377 816/4017/3377
f 816/4017/3378 2358/1627/3378 2391/3532/3378
f 4267/3546/3379 816/4017/3379 817/3531/3379
f 2674/2955/3380 116/1323/3380 3848/2944/3380
f 96/60/3381 95/59/3381 98/65/3381
f 101/100/3382 107/66/3382 1690/2844/3382
f 116/1323/3383 1956/2136/3383 3848/2944/3383
f 2341/3199/3384 2336/2397/3384 2369/4018/3384
f 1956/2136/3385 2663/2113/3385 3848/2944/3385
f 1962/3376/3386 1958/3344/3386 1964/3377/3386
f 92/58/3387 96/60/3387 1968/3879/3387
f 2332/1610/3388 3149/3805/3388 2335/2398/3388
f 2381/1629/3389 2386/2362/3389 2374/2364/3389
f 2343/4019/3390 4070/3204/3390 4059/3203/3390
f 4163/3634/3391 2704/4020/3391 107/66/3391
f 2357/1620/3392 2343/4019/3392 2360/1618/3392
f 4070/3204/3393 4063/3814/3393 4064/3205/3393
f 1626/2846/3394 1625/67/3394 1624/1117/3394
f 4064/3205/3395 4060/3225/3395 4059/3203/3395
f 2360/1618/3396 2343/4019/3396 4059/3203/3396
f 4089/1641/3397 808/3521/3397 939/1642/3397
f 4089/1641/3398 3256/2338/3398 808/3521/3398
f 2298/4021/3399 860/622/3399 2401/2339/3399
f 942/621/3400 2297/3829/3400 943/4022/3400
f 4089/1641/3401 943/4022/3401 674/1553/3401
f 1607/1102/3402 3845/1843/3402 1557/1035/3402
f 2401/2339/3403 860/622/3403 2295/628/3403
f 2406/1643/3404 2296/1586/3404 2295/628/3404
f 2302/1654/3405 2300/3497/3405 2415/1652/3405
f 4414/3820/3406 2302/1654/3406 1821/3815/3406
f 3280/3495/3407 3277/2382/3407 3742/2813/3407
f 1737/1202/3408 1736/1201/3408 2624/1819/3408
f 2650/2155/3409 199/124/3409 200/126/3409
f 3748/2266/3410 782/533/3410 3927/501/3410
f 2426/3060/3411 2423/1655/3411 2348/1616/3411
f 3282/518/3412 733/517/3412 731/1681/3412
f 191/3607/3413 3728/1824/3413 190/2153/3413
f 3728/1824/3414 2630/1829/3414 193/2154/3414
f 207/2417/3415 3812/1036/3415 170/2161/3415
f 4225/3253/3416 4097/3249/3416 2461/4023/3416
f 4096/3252/3417 3762/3250/3417 4097/3249/3417
f 671/453/3418 3763/3059/3418 668/454/3418
f 662/445/3419 2438/2336/3419 676/459/3419
f 765/521/3420 3206/3836/3420 3205/2299/3420
f 1480/1366/3421 1409/991/3421 1457/994/3421
f 1374/1712/3422 3187/2284/3422 4271/4024/3422
f 3611/4025/3423 4036/2687/3423 1207/1484/3423
f 40/4026/3424 4470/4027/3424 4271/4024/3424
f 220/2892/3425 1479/4028/3425 240/157/3425
f 3246/1701/3426 3243/2328/3426 1279/876/3426
f 3248/2283/3427 40/4026/3427 4271/4024/3427
f 115/74/3428 1961/3873/3428 3354/75/3428
f 4121/3473/3429 614/1506/3429 3246/1701/3429
f 614/1506/3430 2218/1544/3430 3246/1701/3430
f 1247/2867/3431 3773/3257/3431 3774/3837/3431
f 1469/2189/3432 2037/1017/3432 3802/145/3432
f 2492/3551/3433 2491/3839/3433 4275/3838/3433
f 4276/3469/3434 4275/3838/3434 3193/2286/3434
f 3074/2192/3435 1491/3582/3435 3072/3583/3435
f 2006/3606/3436 306/202/3436 2583/1793/3436
f 3193/2286/3437 2490/2285/3437 2496/1716/3437
f 2212/1540/3438 2213/1537/3438 2211/1536/3438
f 2496/1716/3439 2495/1715/3439 2211/1536/3439
f 3193/2286/3440 2206/3560/3440 4276/3469/3440
f 2213/1537/3441 2212/1540/3441 2202/1538/3441
f 4281/3843/3442 3215/4029/3442 3210/3844/3442
f 291/2921/3443 3828/2891/3443 3829/2922/3443
f 2208/4030/3444 2214/2290/3444 2209/1539/3444
f 306/202/3445 3816/1390/3445 307/200/3445
f 2210/2303/3446 3213/2305/3446 2203/1530/3446
f 2212/1540/3447 2216/2854/3447 2217/1541/3447
f 2202/1538/3448 3211/4031/3448 2210/2303/3448
f 2585/2897/3449 3331/1396/3449 3075/2193/3449
f 2585/2897/3450 3812/1036/3450 3331/1396/3450
f 617/411/3451 619/408/3451 4204/3571/3451
f 616/412/3452 2155/423/3452 620/413/3452
f 4204/3571/3453 4203/3462/3453 617/411/3453
f 2024/1397/3454 3076/2194/3454 2025/1398/3454
f 4132/2205/3455 1469/2189/3455 2554/1760/3455
f 3095/2206/3456 1456/1004/3456 2038/2903/3456
f 1447/2906/3457 3289/2904/3457 2038/2903/3457
f 2536/1747/3458 2535/1746/3458 3795/2860/3458
f 1242/864/3459 1243/2880/3459 4272/2297/3459
f 571/379/3460 570/378/3460 561/3468/3460
f 1358/938/3461 1452/937/3461 1440/2905/3461
f 1378/942/3462 3822/911/3462 1347/929/3462
f 1306/851/3463 2163/852/3463 4201/853/3463
f 3176/854/3464 4285/3581/3464 4201/853/3464
f 1330/4032/3465 4055/4033/3465 1331/4034/3465
f 4473/4035/3466 2090/4036/3466 2614/4037/3466
f 3822/911/3467 2076/909/3467 1347/929/3467
f 4386/3763/3468 4169/3577/3468 4143/3343/3468
f 3126/2357/3469 1418/967/3469 3121/1439/3469
f 2528/1738/3470 2114/389/3470 2139/1467/3470
f 4199/3454/3471 2527/2260/3471 4126/2261/3471
f 4199/3454/3472 1313/2925/3472 2527/2260/3472
f 1331/4034/3473 4055/4033/3473 2074/3722/3473
f 3257/3452/3474 3847/2263/3474 3258/3451/3474
f 3258/3451/3475 3847/2263/3475 3846/2943/3475
f 1316/906/3476 1344/924/3476 1315/907/3476
f 1268/920/3477 1343/919/3477 1347/929/3477
f 3153/3831/3478 3155/2929/3478 4206/4038/3478
f 4418/3832/3479 3156/4039/3479 3155/2929/3479
f 460/1445/3480 3132/1444/3480 2113/1438/3480
f 2539/899/3481 1263/863/3481 1312/900/3481
f 3818/1773/3482 2111/2259/3482 446/2895/3482
f 1266/868/3483 3808/3824/3483 1318/874/3483
f 1269/904/3484 1309/903/3484 1268/920/3484
f 3240/357/3485 3239/833/3485 3254/356/3485
f 477/322/3486 3129/2379/3486 479/303/3486
f 4417/3830/3487 4202/3463/3487 4419/1751/3487
f 468/2329/3488 3266/1826/3488 3150/4040/3488
f 3126/2357/3489 3121/1439/3489 462/311/3489
f 3132/1444/3490 3126/2357/3490 462/311/3490
f 4204/3571/3491 1291/1752/3491 4205/3833/3491
f 3158/2256/3492 4128/328/3492 541/361/3492
f 379/1415/3493 376/2898/3493 1386/1416/3493
f 2055/1758/3494 2052/1424/3494 4132/2205/3494
f 1373/1759/3495 2055/1758/3495 4132/2205/3495
f 1410/964/3496 3132/1444/3496 2575/175/3496
f 2139/1467/3497 2178/1492/3497 2528/1738/3497
f 745/1448/3498 2088/1450/3498 742/2366/3498
f 1418/967/3499 1422/969/3499 3120/2919/3499
f 3118/2365/3500 1422/969/3500 3298/4041/3500
f 2589/2893/3501 3093/2217/3501 238/2894/3501
f 2110/2258/3502 577/422/3502 1275/1497/3502
f 3056/2171/3503 2574/1409/3503 2031/3324/3503
f 3056/2171/3504 4403/1410/3504 2574/1409/3504
f 2515/1730/3505 2531/4042/3505 2537/4043/3505
f 4474/2855/3506 3783/2309/3506 2529/2311/3506
f 2627/173/3507 2575/175/3507 4403/1410/3507
f 2529/2311/3508 3231/4044/3508 4474/2855/3508
f 2207/1528/3509 3851/4045/3509 576/386/3509
f 2213/1537/3510 2209/1539/3510 2214/2290/3510
f 4273/4046/3511 4276/3469/3511 3208/872/3511
f 2031/3324/3512 3043/1832/3512 3056/2171/3512
f 3041/2327/3513 3043/1832/3513 2031/3324/3513
f 2640/125/3514 3815/1796/3514 2590/1798/3514
f 3907/463/3515 608/400/3515 2175/409/3515
f 3907/463/3516 2175/409/3516 2176/3037/3516
f 3908/3042/3517 2178/1492/3517 2177/1552/3517
f 208/131/3518 1980/2933/3518 210/132/3518
f 2175/409/3519 2227/410/3519 2176/3037/3519
f 3033/2940/3520 3034/3396/3520 3839/2938/3520
f 1981/4047/3521 1980/2933/3521 208/131/3521
f 1490/1352/3522 1537/3610/3522 3268/3389/3522
f 3908/3042/3523 3916/3020/3523 2178/1492/3523
f 138/94/3524 1526/1359/3524 166/95/3524
f 623/421/3525 662/445/3525 620/413/3525
f 120/79/3526 1951/1851/3526 128/77/3526
f 1972/1345/3527 1969/1341/3527 1971/1343/3527
f 1610/1101/3528 3365/2932/3528 1979/2931/3528
f 2650/2155/3529 200/126/3529 3365/2932/3529
f 3365/2932/3530 1610/1101/3530 2650/2155/3530
f 4385/3762/3531 2954/3764/3531 3730/3883/3531
f 3844/3765/3532 4150/3758/3532 2945/1316/3532
f 1971/1343/3533 2656/1340/3533 2657/2125/3533
f 4100/821/3534 1167/490/3534 724/489/3534
f 3269/2076/3535 4386/3763/3535 4143/3343/3535
f 2171/1711/3536 3278/1545/3536 2487/1713/3536
f 2387/2340/3537 2488/4048/3537 3272/4049/3537
f 3269/2076/3538 3787/2421/3538 3007/3342/3538
f 3280/3495/3539 3278/1545/3539 3277/2382/3539
f 3007/3342/3540 3008/115/3540 1685/1324/3540
f 2221/1546/3541 3280/3495/3541 2468/1700/3541
f 4056/4050/3542 4055/4033/3542 4313/3731/3542
f 2304/1588/3543 700/3852/3543 699/1572/3543
f 3845/1843/3544 1607/1102/3544 86/43/3544
f 2687/2457/3545 41/56/3545 92/58/3545
f 1968/3879/3546 1964/3377/3546 2687/2457/3546
f 1677/42/3547 2688/4051/3547 1678/73/3547
f 86/43/3548 1607/1102/3548 1608/1100/3548
f 4384/2953/3549 104/2964/3549 1689/4052/3549
f 107/66/3550 98/65/3550 4163/3634/3550
f 1953/86/3551 4167/2123/3551 1954/87/3551
f 2296/1586/3552 2293/4053/3552 2294/1585/3552
f 4322/3638/3553 4478/4054/3553 50/4055/3553
f 4313/3731/3554 4058/3625/3554 4056/4050/3554
f 781/532/3555 804/529/3555 714/491/3555
f 3936/3064/3556 3938/3823/3556 2342/1614/3556
f 1929/1186/3557 116/1323/3557 2674/2955/3557
f 3941/3062/3558 2458/1691/3558 3935/1613/3558
f 2424/1697/3559 2421/1656/3559 2423/1655/3559
f 2422/3223/3560 2345/4056/3560 2421/1656/3560
f 1925/1875/3561 1725/4057/3561 1929/4058/3561
f 3941/3062/3562 3940/3061/3562 3939/4059/3562
f 2422/3223/3563 2424/1697/3563 3941/3062/3563
f 1761/1211/3564 2712/1322/3564 1770/1184/3564
f 1891/3366/3565 32/1228/3565 18/1227/3565
f 1891/3366/3566 18/1227/3566 1894/2039/3566
f 3263/3229/3567 4479/1649/3567 2412/1651/3567
f 2741/2496/3568 4333/3666/3568 3416/4060/3568
f 3418/4061/3569 4480/4062/3569 3416/4060/3569
f 4480/4062/3570 4483/4063/3570 3417/4064/3570
f 3416/4060/3571 3417/4064/3571 3413/2497/3571
f 4482/1259/3572 1846/4065/3572 146/99/3572
f 2746/4066/3573 4483/4063/3573 3877/4067/3573
f 3748/2266/3574 814/2243/3574 2347/596/3574
f 3748/2266/3575 2347/596/3575 782/533/3575
f 117/1241/3576 1810/2800/3576 118/2799/3576
f 1810/2800/3577 3424/2513/3577 1858/1277/3577
f 3727/1590/3578 2292/1583/3578 3303/2377/3578
f 3277/2382/3579 2408/574/3579 3742/2813/3579
f 169/1925/3580 167/2511/3580 1892/2512/3580
f 894/1617/3581 893/4068/3581 811/2247/3581
f 1745/1204/3582 3887/1203/3582 1758/1208/3582
f 3719/3338/3583 3889/3337/3583 3887/1203/3583
f 939/1642/3584 809/3081/3584 870/2763/3584
f 899/3080/3585 870/2763/3585 809/3081/3585
f 921/4069/3586 4484/638/3586 913/4070/3586
f 1890/2516/3587 1861/1207/3587 3434/2524/3587
f 2857/1973/3588 1890/2516/3588 3434/2524/3588
f 2259/2409/3589 3336/2414/3589 3335/4071/3589
f 3340/4072/3590 3338/4073/3590 3339/2418/3590
f 3680/2416/3591 4038/3173/3591 3335/4071/3591
f 3342/4074/3592 3339/2418/3592 3338/4073/3592
f 3122/1575/3593 3303/2377/3593 3143/2228/3593
f 2404/1640/3594 889/610/3594 888/606/3594
f 4448/3925/3595 4363/3693/3595 2798/1229/3595
f 2799/1935/3596 3629/3671/3596 2798/1229/3596
f 2838/1192/3597 4133/3669/3597 1763/3043/3597
f 3128/2230/3598 3131/2430/3598 850/2233/3598
f 4486/2234/3599 850/2233/3599 3131/2430/3599
f 4486/2234/3600 3139/2236/3600 3134/2238/3600
f 4058/3625/3601 2057/3209/3601 4056/4050/3601
f 257/4075/3602 254/167/3602 480/171/3602
f 852/2231/3603 3127/3545/3603 3136/3544/3603
f 667/4076/3604 587/415/3604 556/417/3604
f 226/367/3605 4488/4077/3605 384/264/3605
f 4056/4050/3606 2057/3209/3606 3589/4078/3606
f 3131/2430/3607 3128/2230/3607 4487/4079/3607
f 1483/1038/3608 1682/1169/3608 4449/1039/3608
f 3960/3088/3609 3705/3095/3609 4221/3798/3609
f 4221/3798/3610 4216/3478/3610 4404/4011/3610
f 4216/3478/3611 4221/3798/3611 3350/2219/3611
f 2865/1990/3612 1943/1326/3612 1934/1325/3612
f 4216/3478/3613 4215/4010/3613 4404/4011/3613
f 3122/1575/3614 3117/568/3614 836/542/3614
f 1697/1176/3615 2865/1990/3615 1934/1325/3615
f 1966/151/3616 3533/1028/3616 237/153/3616
f 2476/2227/3617 2469/556/3617 4274/2229/3617
f 1619/3299/3618 1579/3378/3618 3946/3076/3618
f 901/3480/3619 2245/1564/3619 4485/4080/3619
f 891/605/3620 2246/1565/3620 2245/1564/3620
f 2057/3209/3621 4065/3219/3621 2056/4081/3621
f 2253/1562/3622 2232/4082/3622 4490/4083/3622
f 3372/2448/3623 2244/1563/3623 3370/2446/3623
f 3503/4084/3624 3598/2666/3624 2810/3940/3624
f 3504/3298/3625 3598/2666/3625 3503/4084/3625
f 3598/2666/3626 3552/2603/3626 2810/3940/3626
f 3508/2565/3627 3551/2594/3627 3507/3295/3627
f 413/4085/3628 397/256/3628 400/262/3628
f 1096/734/3629 2224/1534/3629 2225/732/3629
f 1009/678/3630 3383/2460/3630 1016/679/3630
f 3507/3295/3631 3504/3298/3631 3509/3293/3631
f 2806/2665/3632 3597/4086/3632 3550/2667/3632
f 3553/2595/3633 3550/2667/3633 3551/2594/3633
f 1009/678/3634 3102/2216/3634 3105/3153/3634
f 969/700/3635 1058/708/3635 985/657/3635
f 3099/2208/3636 3109/4087/3636 3367/2444/3636
f 2219/1522/3637 2188/1517/3637 2190/3143/3637
f 2568/3145/3638 2183/1518/3638 2185/1515/3638
f 4181/306/3639 2757/1904/3639 298/190/3639
f 1089/1500/3640 3374/2187/3640 2156/1501/3640
f 2900/305/3641 3595/2662/3641 2757/1904/3641
f 2900/305/3642 2757/1904/3642 4181/306/3642
f 2900/305/3643 2899/2031/3643 3595/2662/3643
f 760/524/3644 2560/1767/3644 3626/787/3644
f 500/4088/3645 492/3948/3645 2647/1844/3645
f 2720/1895/3646 2719/4089/3646 2725/1893/3646
f 3044/807/3647 3045/2178/3647 1171/803/3647
f 625/418/3648 732/534/3648 783/535/3648
f 1476/2598/3649 1471/2611/3649 2722/2597/3649
f 783/535/3650 1165/800/3650 625/418/3650
f 1201/1469/3651 2551/1533/3651 4392/1749/3651
f 1087/3904/3652 4444/4090/3652 1088/3585/3652
f 1081/718/3653 1262/870/3653 1257/861/3653
f 1290/4091/3654 2555/4092/3654 1289/4093/3654
f 499/369/3655 498/4094/3655 552/3437/3655
f 2551/1533/3656 1201/1469/3656 1238/855/3656
f 555/404/3657 461/304/3657 2044/320/3657
f 475/319/3658 555/404/3658 2044/320/3658
f 1130/2505/3659 1270/3449/3659 1949/1338/3659
f 1270/3449/3660 696/469/3660 1949/1338/3660
f 1130/2505/3661 4305/2504/3661 1270/3449/3661
f 1385/950/3662 463/308/3662 1355/1443/3662
f 1403/2065/3663 4186/3423/3663 2931/2067/3663
f 2931/2067/3664 4186/3423/3664 4083/3960/3664
f 2965/2085/3665 2956/2601/3665 2935/2097/3665
f 1371/941/3666 4083/3960/3666 2642/3959/3666
f 2642/3959/3667 1360/2660/3667 1371/941/3667
f 4083/3960/3668 2935/2097/3668 2931/2067/3668
f 4186/3423/3669 1400/962/3669 1405/961/3669
f 2633/1834/3670 4186/3423/3670 1405/961/3670
f 2156/1501/3671 3028/2147/3671 2119/1471/3671
f 2633/1834/3672 1405/961/3672 2632/1835/3672
f 2143/4095/3673 2144/3161/3673 3621/2698/3673
f 2020/3182/3674 4045/3180/3674 4043/3184/3674
f 1777/3176/3675 1676/1154/3675 1679/3179/3675
f 4040/3177/3676 1777/3176/3676 4052/3195/3676
f 1301/897/3677 1237/856/3677 1302/894/3677
f 3020/3972/3678 2986/2105/3678 2982/1125/3678
f 3009/431/3679 2986/2105/3679 3020/3972/3679
f 1301/897/3680 1308/858/3680 1237/856/3680
f 487/325/3681 569/3434/3681 495/326/3681
f 3972/4096/3682 589/395/3682 3973/3436/3682
f 509/4097/3683 510/370/3683 4190/4098/3683
f 3972/4096/3684 3973/3436/3684 3974/3108/3684
f 1258/860/3685 3971/3101/3685 3042/3102/3685
f 4491/4099/3686 2646/4100/3686 4492/3965/3686
f 3481/3757/3687 3594/3756/3687 4491/4099/3687
f 2634/4101/3688 2633/1834/3688 3447/2545/3688
f 2644/1839/3689 2637/3963/3689 2634/4101/3689
f 3526/2575/3690 4491/4099/3690 3524/4102/3690
f 4491/4099/3691 3482/2546/3691 3481/3757/3691
f 4491/4099/3692 3594/3756/3692 3524/4102/3692
f 2634/4101/3693 2638/4103/3693 2635/3964/3693
f 3447/2545/3694 2638/4103/3694 2634/4101/3694
f 3520/4104/3695 4452/3933/3695 3521/2569/3695
f 3517/2568/3696 4309/4105/3696 3521/2569/3696
f 3471/3743/3697 4383/3744/3697 2100/3932/3697
f 4368/3717/3698 4370/3716/3698 4369/4106/3698
f 3526/2575/3699 3528/2661/3699 2646/4100/3699
f 4493/1462/3700 2106/1461/3700 2100/3932/3700
f 1283/880/3701 1282/879/3701 3458/1258/3701
f 3517/2568/3702 3524/4102/3702 4309/4105/3702
f 4383/3744/3703 4493/1462/3703 2100/3932/3703
f 2569/1776/3704 3447/2545/3704 2633/1834/3704
f 1299/3615/3705 4493/1462/3705 4383/3744/3705
f 2572/1783/3706 3976/3441/3706 4454/4107/3706
f 4312/1440/3707 2654/1441/3707 1260/866/3707
f 1188/816/3708 3613/3767/3708 3457/3162/3708
f 1296/2525/3709 4023/3977/3709 4025/3456/3709
f 3031/2156/3710 3505/2562/3710 3506/2582/3710
f 1157/788/3711 3994/1766/3711 2588/865/3711
f 2562/1768/3712 2588/865/3712 3994/1766/3712
f 677/425/3713 1277/1465/3713 4305/2504/3713
f 698/471/3714 694/4108/3714 693/1339/3714
f 1355/1443/3715 2085/1442/3715 581/419/3715
f 1267/871/3716 4193/3729/3716 4378/3418/3716
f 2654/1441/3717 1436/987/3717 2653/3420/3717
f 1930/1332/3718 2526/3126/3718 1948/1333/3718
f 682/462/3719 4395/3575/3719 4300/3574/3719
f 4398/4109/3720 740/4110/3720 3617/2693/3720
f 3617/2693/3721 740/4110/3721 694/4108/3721
f 696/469/3722 695/468/3722 698/471/3722
f 2670/3082/3723 3544/1854/3723 1323/895/3723
f 2551/1533/3724 1096/734/3724 4392/1749/3724
f 1427/974/3725 3565/2615/3725 2986/2105/3725
f 4373/4111/3726 3565/2615/3726 4457/3944/3726
f 2681/4112/3727 2678/1857/3727 2675/2614/3727
f 3677/1723/3728 2549/2712/3728 3676/2714/3728
f 2938/2083/3729 2958/4113/3729 2940/2081/3729
f 2550/3979/3730 2549/2712/3730 3677/1723/3730
f 1400/962/3731 2671/2610/3731 2722/2597/3731
f 2550/3979/3732 3677/1723/3732 2551/1533/3732
f 2672/1860/3733 2671/2610/3733 2925/2062/3733
f 2933/3230/3734 2964/2087/3734 2675/2614/3734
f 2925/2062/3735 2673/1859/3735 2672/1860/3735
f 3567/4114/3736 3569/4115/3736 3568/4116/3736
f 3970/3150/3737 3977/3098/3737 3087/1555/3737
f 530/354/3738 2003/1381/3738 1349/355/3738
f 530/354/3739 2005/1382/3739 2003/1381/3739
f 1426/973/3740 3574/998/3740 3565/2615/3740
f 4274/2229/3741 1141/772/3741 791/543/3741
f 2200/1527/3742 3115/2225/3742 827/1525/3742
f 4461/4117/3743 4102/4118/3743 735/4119/3743
f 4498/1392/3744 4113/3269/3744 4102/4118/3744
f 3110/643/3745 964/4007/3745 4468/4006/3745
f 2449/1685/3746 4468/4006/3746 3363/4005/3746
f 3570/2619/3747 2776/2586/3747 4458/4120/3747
f 999/667/3748 1011/673/3748 3362/3563/3748
f 1010/2215/3749 971/644/3749 3110/643/3749
f 3362/3563/3750 1011/673/3750 4468/4006/3750
f 3361/2437/3751 3362/3563/3751 2450/1688/3751
f 3109/4087/3752 1002/2212/3752 3107/2214/3752
f 3952/4121/3753 4347/2002/3753 1416/3694/3753
f 1420/979/3754 1419/2648/3754 1423/3710/3754
f 3674/1682/3755 2180/2201/3755 895/1664/3755
f 2225/732/3756 4022/594/3756 873/593/3756
f 873/593/3757 907/1699/3757 2225/732/3757
f 859/579/3758 940/578/3758 867/2768/3758
f 857/588/3759 910/614/3759 858/583/3759
f 3373/3099/3760 4489/1560/3760 4017/3100/3760
f 4229/572/3761 3339/2418/3761 3678/1717/3761
f 3341/3786/3762 3654/2735/3762 3679/3117/3762
f 4017/3100/3763 4489/1560/3763 4490/4083/3763
f 2267/1577/3764 2260/2756/3764 2261/2401/3764
f 872/595/3765 902/609/3765 2308/1589/3765
f 2308/1589/3766 902/609/3766 2305/592/3766
f 4123/4122/3767 2011/4123/3767 3541/3673/3767
f 2407/1645/3768 4229/572/3768 2408/574/3768
f 2862/1938/683 2004/1383/683 2005/1382/683
f 874/2241/3769 873/593/3769 3142/615/3769
f 336/1937/3770 2005/1382/3770 338/1357/3770
f 338/1357/3771 334/1131/3771 336/1937/3771
f 874/2241/3772 2408/574/3772 4230/573/3772
f 868/587/3773 863/586/3773 3957/623/3773
f 3956/3085/3774 2406/1643/3774 3957/623/3774
f 2333/4124/3775 2380/1628/3775 2358/1627/3775
f 4179/3075/3776 4180/3284/3776 1609/2539/3776
f 2347/596/3777 875/597/3777 782/533/3777
f 3279/2827/3778 3733/1644/3778 3277/2382/3778
f 4499/4125/3779 2279/3800/3779 4244/2793/3779
f 4256/3525/3780 3757/3494/3780 3758/2829/3780
f 4245/1459/3781 2104/1458/3781 4249/3509/3781
f 2104/1458/3782 2094/3505/3782 4247/3513/3782
f 3723/2796/3783 3722/2795/3783 3721/3511/3783
f 1483/1038/3784 2866/2004/3784 1697/1176/3784
f 2865/1990/3785 1697/1176/3785 2866/2004/3785
f 2388/3861/3786 3727/1590/3786 4246/3512/3786
f 3722/2795/3787 4246/3512/3787 3721/3511/3787
f 384/264/3788 398/263/3788 257/4075/3788
f 266/176/3789 250/1949/3789 4374/4126/3789
f 943/4022/3790 4089/1641/3790 942/621/3790
f 1763/3043/3791 4335/3670/3791 2799/1935/3791
f 4088/2337/3792 808/3521/3792 3256/2338/3792
f 4335/3670/3793 2852/1970/3793 2799/1935/3793
f 4448/3925/3794 2798/1229/3794 3629/3671/3794
f 4448/3925/3795 1682/1169/3795 4363/3693/3795
f 3367/2444/3796 4485/4080/3796 2245/1564/3796
f 788/3070/3797 3943/3236/3797 792/540/3797
f 714/491/3798 804/529/3798 724/489/3798
f 3902/1170/3799 1697/1176/3799 1934/1325/3799
f 3486/3687/3800 1632/2720/3800 3487/2719/3800
f 1086/3702/3801 1084/3540/3801 1630/1120/3801
f 1637/3457/3802 1628/3500/3802 4200/3458/3802
f 3218/3270/3803 4116/3275/3803 4106/3858/3803
f 3786/4127/3804 3874/4128/3804 4108/4129/3804
f 4111/3834/3805 4093/3835/3805 638/3683/3805
f 2506/4130/3806 2473/3272/3806 3784/4131/3806
f 2507/4132/3807 2470/4133/3807 3198/4134/3807
f 4412/3817/3808 4115/3273/3808 2474/4135/3808
f 2680/2294/3809 2478/4136/3809 3200/4137/3809
f 2480/1706/3810 3870/4138/3810 2514/1728/3810
f 4501/3499/3811 4502/4139/3811 4238/4140/3811
f 4140/2727/3812 1646/1135/3812 4141/3310/3812
f 4348/3695/3813 3639/3316/3813 4351/3315/3813
f 3278/1545/3814 3280/3495/3814 2221/1546/3814
f 3632/3697/3815 3630/2716/3815 3645/3388/3815
f 2218/1544/3816 613/1543/3816 755/1581/3816
f 4268/1118/3817 4242/3506/3817 4241/3503/3817
f 4355/3705/3818 2884/3712/3818 4361/4141/3818
f 2198/2853/3819 2196/2847/3819 2499/2291/3819
f 2819/3991/3820 1636/3502/3820 4136/3986/3820
f 2499/2291/3821 2258/2292/3821 728/496/3821
f 1918/3312/3822 2886/2014/3822 2881/4142/3822
f 2881/4142/3823 2886/2014/3823 2882/2016/3823
f 2506/4130/3824 2471/4143/3824 2473/3272/3824
f 4111/3834/3825 4095/4144/3825 4429/4145/3825
f 3906/3035/3826 635/2986/3826 3905/3034/3826
f 1179/4146/3827 3769/2851/3827 3770/2842/3827
f 654/455/3828 672/3486/3828 651/452/3828
f 1178/1736/3829 672/3486/3829 654/455/3829
f 585/2306/3830 673/2267/3830 1168/804/3830
f 3899/2320/3831 585/2306/3831 580/390/3831
f 580/390/3832 2157/1502/3832 3899/2320/3832
f 91/4147/3833 1866/2531/3833 3888/4148/3833
f 2802/2029/3834 2885/2010/3834 2889/2022/3834
f 2890/4149/3835 2889/2022/3835 2885/2010/3835
f 3232/4150/3836 2520/4151/3836 3052/2184/3836
f 2885/2010/3837 2882/2016/3837 2890/4149/3837
f 2514/1728/3838 3868/4152/3838 2480/1706/3838
f 3032/2174/3839 3794/3019/3839 3891/2185/3839
f 4367/3713/3840 1806/1249/3840 4366/4153/3840
f 1762/1936/3841 4365/3715/3841 4367/3713/3841
f 3205/2299/3842 3173/2272/3842 1242/864/3842
f 1762/1936/3843 1766/1231/3843 4365/3715/3843
f 1797/2026/3844 1801/2020/3844 2890/4149/3844
f 4164/3368/3845 1808/1250/3845 1799/3367/3845
f 1808/1250/3846 4366/4153/3846 1806/1249/3846
f 3207/4154/3847 3175/2273/3847 757/4155/3847
f 4365/3715/3848 1766/1231/3848 3886/1268/3848
f 561/3468/3849 3208/872/3849 4276/3469/3849
f 3886/1268/3850 1766/1231/3850 1837/1230/3850
f 4365/3715/3851 3886/1268/3851 3881/2993/3851
f 3176/854/3852 2163/852/3852 615/1505/3852
f 3695/2997/3853 3699/2762/3853 3697/3021/3853
f 1242/864/3854 1244/4156/3854 1245/845/3854
f 3699/2762/3855 3700/2761/3855 3696/4157/3855
f 1251/847/3856 1252/4158/3856 1310/905/3856
f 3699/2762/3857 3695/2997/3857 3880/2992/3857
f 1242/864/3858 1245/845/3858 1249/844/3858
f 3696/4157/3859 3697/3021/3859 3699/2762/3859
f 1263/863/3860 1243/2880/3860 1242/864/3860
f 1245/845/3861 1244/4156/3861 3091/2862/3861
f 2748/2507/3862 2758/1237/3862 2747/2503/3862
f 4481/4159/3863 1846/4065/3863 4482/1259/3863
f 3189/822/3864 1243/2880/3864 2539/899/3864
f 4482/1259/3865 1833/1261/3865 4481/4159/3865
f 2727/1889/3866 1889/1888/3866 2731/1892/3866
f 1889/1888/3867 84/3726/3867 2728/1890/3867
f 4206/4038/3868 616/412/3868 4202/3463/3868
f 1817/1255/3869 133/83/3869 1815/1253/3869
f 1816/1254/3870 1826/4160/3870 3364/2489/3870
f 914/4161/3871 4407/4162/3871 913/4070/3871
f 2105/2928/3872 616/412/3872 4206/4038/3872
f 1817/1255/3873 1816/1254/3873 142/1256/3873
f 2912/2037/3874 4331/3906/3874 84/3726/3874
f 2915/2802/3875 3732/2805/3875 2910/2035/3875
f 2911/2036/3876 3729/3300/3876 3466/2541/3876
f 2539/899/3877 1307/898/3877 2538/1454/3877
f 3712/4163/3878 4504/2790/3878 93/3003/3878
f 90/47/3879 3713/4164/3879 3725/4165/3879
f 3726/4166/3880 4049/3212/3880 4048/3213/3880
f 52/4167/3881 1792/2814/3881 2914/3725/3881
f 529/350/3882 531/352/3882 1314/902/3882
f 1300/891/3883 1303/893/3883 2095/3853/3883
f 3999/3121/3884 4153/3646/3884 3998/3131/3884
f 74/3125/3885 28/15/3885 75/48/3885
f 1789/3349/3886 1787/1233/3886 4152/3207/3886
f 2591/1797/3887 271/2376/3887 2590/1798/3887
f 2139/1467/3888 2113/1438/3888 3132/1444/3888
f 3132/1444/3889 462/311/3889 2139/1467/3889
f 3861/2966/3890 3860/2967/3890 36/17/3890
f 36/17/3891 2718/1881/3891 3861/2966/3891
f 2717/1884/3892 2718/1881/3892 1781/1882/3892
f 479/303/3893 1295/1750/3893 478/323/3893
f 1776/2973/3894 1/3890/3894 3869/2972/3894
f 479/303/3895 417/276/3895 1295/1750/3895
f 1754/18/3896 38/2479/3896 35/16/3896
f 1740/3359/3897 38/2479/3897 1754/18/3897
f 1754/18/3898 1747/4168/3898 1740/3359/3898
f 2567/1774/3899 2566/1772/3899 4199/3454/3899
f 1685/1324/3900 15/9/3900 2692/8/3900
f 494/3292/3901 2051/3289/3901 3832/3291/3901
f 2051/3289/3902 1313/2925/3902 3831/1770/3902
f 1925/2954/3903 2674/2955/3903 2708/3633/3903
f 2564/1771/3904 3108/1769/3904 3831/1770/3904
f 1705/2055/3905 2948/2071/3905 1701/2070/3905
f 3831/1770/3906 340/960/3906 2051/3289/3906
f 1937/1310/3907 83/1315/3907 1649/1134/3907
f 1938/2487/3908 1937/1310/3908 1649/1134/3908
f 1675/1099/3909 1674/4169/3909 1623/1114/3909
f 422/1421/3910 2573/1408/3910 460/1445/3910
f 3375/4170/3911 2996/4171/3911 1622/2121/3911
f 61/3017/3912 60/4172/3912 76/4173/3912
f 4157/3752/3913 4477/4174/3913 76/4173/3913
f 1950/2950/3914 148/2096/3914 105/2095/3914
f 3081/2199/3915 340/960/3915 3108/1769/3915
f 3740/2811/3916 135/85/3916 4505/2127/3916
f 1954/87/3917 4167/2123/3917 3003/2122/3917
f 3132/1444/3918 2573/1408/3918 2575/175/3918
f 61/3017/3919 3897/3016/3919 60/4172/3919
f 516/341/3920 3290/4175/3920 1452/937/3920
f 1947/1334/3921 3765/2945/3921 1944/2100/3921
f 3095/2206/3922 3289/2904/3922 2554/1760/3922
f 1704/2058/3923 2927/2057/3923 1701/2070/3923
f 933/4176/3924 2419/2770/3924 4407/4162/3924
f 238/2894/3925 1354/933/3925 2586/1006/3925
f 2698/2074/3926 2697/3884/3926 4151/3760/3926
f 2955/3346/3927 4386/3763/3927 2953/2077/3927
f 3269/2076/3928 2953/2077/3928 4386/3763/3928
f 2048/1423/3929 3310/2373/3929 2031/3324/3929
f 4287/3579/3930 3837/2936/3930 3836/2934/3930
f 4304/3325/3931 2031/3324/3931 3310/2373/3931
f 2031/3324/3932 2574/1409/3932 2048/1423/3932
f 1956/2136/3933 1957/1061/3933 2663/2113/3933
f 229/3405/3934 3093/2217/3934 2589/2893/3934
f 1967/4177/3935 1968/3879/3935 96/60/3935
f 1964/3377/3936 1968/3879/3936 1963/3375/3936
f 96/60/3937 4469/4178/3937 1967/4177/3937
f 748/507/3938 746/509/3938 747/4179/3938
f 747/4179/3939 3184/2323/3939 748/507/3939
f 3251/4180/3940 1177/33/3940 4264/4181/3940
f 1177/33/3941 3241/2324/3941 4264/4181/3941
f 1177/33/3942 10/35/3942 3241/2324/3942
f 4118/3278/3943 4120/3281/3943 11/4182/3943
f 2693/1865/3944 1/3890/3944 7/3640/3944
f 13/5/3945 6/4/3945 1783/1223/3945
f 6/4/3946 1785/1225/3946 1784/1224/3946
f 21/1885/3947 16/3643/3947 17/1886/3947
f 20/3642/3948 19/1235/3948 1794/1238/3948
f 1793/4013/3949 20/3642/3949 1794/1238/3949
f 20/3642/3950 1793/4013/3950 16/3643/3950
f 45/4183/3951 42/10/3951 34/4014/3951
f 74/3125/3952 42/10/3952 45/4183/3952
f 25/4015/3953 1887/3364/3953 23/53/3953
f 22/54/3954 45/4183/3954 34/4014/3954
f 46/2052/3955 94/57/3955 44/1863/3955
f 2710/2051/3956 94/57/3956 46/2052/3956
f 1886/3363/3957 23/53/3957 1887/3364/3957
f 62/4184/3958 4478/4054/3958 4322/3638/3958
f 50/4055/3959 4478/4054/3959 48/4185/3959
f 56/3637/3960 4323/3753/3960 4322/3638/3960
f 4319/2456/3961 4477/4174/3961 4316/3750/3961
f 23/53/3962 22/54/3962 25/4015/3962
f 23/53/3963 24/51/3963 22/54/3963
f 45/4183/3964 28/15/3964 74/3125/3964
f 1886/3363/3965 29/52/3965 23/53/3965
f 52/4167/3966 1896/40/3966 55/1302/3966
f 1896/40/3967 88/39/3967 65/24/3967
f 1896/40/3968 52/4167/3968 57/41/3968
f 63/36/3969 51/23/3969 66/25/3969
f 28/15/3970 45/4183/3970 22/54/3970
f 26/13/3971 28/15/3971 72/55/3971
f 2914/3725/3972 82/3724/3972 52/4167/3972
f 52/4167/3973 82/3724/3973 87/1240/3973
f 52/4167/3974 87/1240/3974 57/41/3974
f 108/69/3975 26/13/3975 72/55/3975
f 24/51/3976 72/55/3976 22/54/3976
f 1590/1085/3977 1577/1078/3977 1576/1077/3977
f 129/1086/3978 1590/1085/3978 2669/1852/3978
f 154/101/3979 159/2094/3979 1531/4186/3979
f 1531/4186/3980 159/2094/3980 1534/3782/3980
f 2665/105/3981 165/1847/3981 164/3781/3981
f 109/68/3982 93/3003/3982 108/69/3982
f 73/1298/3983 109/68/3983 72/55/3983
f 73/1298/3984 91/4147/3984 109/68/3984
f 4165/4008/3985 24/51/3985 68/50/3985
f 69/49/3986 3421/3369/3986 68/50/3986
f 121/4187/3987 122/3650/3987 3734/4188/3987
f 113/4189/3988 3731/2803/3988 3734/4190/3988
f 142/1256/3989 1816/1254/3989 3300/2374/3989
f 130/93/3990 1817/1255/3990 142/1256/3990
f 130/93/3991 131/92/3991 133/83/3991
f 141/3653/3992 4330/3654/3992 152/84/3992
f 4330/3654/3993 158/3661/3993 152/84/3993
f 157/3662/3994 4330/3654/3994 1845/1271/3994
f 1853/3663/3995 1845/1271/3995 156/4191/3995
f 156/4191/3996 147/3664/3996 1853/3663/3996
f 1811/1270/3997 162/4192/3997 1845/1271/3997
f 91/4147/3998 4165/4008/3998 1864/2772/3998
f 168/2435/3999 167/3911/3999 1828/2375/3999
f 167/3911/4000 169/4193/4000 1828/2375/4000
f 142/1256/4001 1828/2375/4001 143/4194/4001
f 212/3334/4002 3035/88/4002 208/131/4002
f 174/113/4003 176/4009/4003 178/114/4003
f 208/131/4004 211/133/4004 212/3334/4004
f 2762/4195/4005 176/4009/4005 175/4196/4005
f 1870/1296/4006 2762/4197/4006 175/109/4006
f 176/4009/4007 2762/4195/4007 178/114/4007
f 215/136/4008 213/1380/4008 216/137/4008
f 213/1380/4009 214/142/4009 216/137/4009
f 144/91/4010 188/4198/4010 194/4199/4010
f 3894/1266/4011 2769/1913/4011 3704/3011/4011
f 232/140/4012 2822/154/4012 2811/4001/4012
f 3828/2891/4013 324/205/4013 321/204/4013
f 324/205/4014 3828/2891/4014 291/2921/4014
f 3900/3028/4015 3648/4200/4015 3901/1991/4015
f 239/155/4016 324/205/4016 291/2921/4016
f 293/215/4017 324/205/4017 239/155/4017
f 233/3387/4018 3646/3320/4018 3645/3388/4018
f 411/3595/4019 377/2899/4019 379/1415/4019
f 385/267/4020 377/2899/4020 411/3595/4020
f 377/2899/4021 385/267/4021 382/4201/4021
f 396/255/4022 388/2901/4022 392/250/4022
f 392/250/4023 388/2901/4023 376/2898/4023
f 392/250/4024 394/252/4024 396/255/4024
f 396/255/4025 394/252/4025 386/2348/4025
f 386/2348/4026 394/252/4026 393/251/4026
f 392/250/4027 382/4201/4027 393/251/4027
f 385/267/4028 407/266/4028 382/4201/4028
f 382/4201/4029 407/266/4029 393/251/4029
f 408/270/4030 393/251/4030 407/266/4030
f 419/3602/4031 390/268/4031 385/267/4031
f 419/3602/4032 385/267/4032 411/3595/4032
f 447/3594/4033 443/3864/4033 449/1419/4033
f 2817/194/4034 304/196/4034 250/1949/4034
f 266/176/4035 260/178/4035 250/1949/4035
f 267/4202/4036 244/177/4036 266/176/4036
f 244/177/4037 264/193/4037 260/178/4037
f 267/4202/4038 480/171/4038 256/170/4038
f 254/167/4039 270/179/4039 253/169/4039
f 2046/1420/4040 448/3807/4040 457/3803/4040
f 2817/194/4041 263/4203/4041 262/195/4041
f 303/192/4042 256/170/4042 252/241/4042
f 256/170/4043 303/192/4043 244/177/4043
f 256/170/4044 265/4204/4044 252/241/4044
f 341/3936/4045 265/4204/4045 253/169/4045
f 253/169/4046 342/1051/4046 341/3936/4046
f 270/179/4047 280/184/4047 273/1050/4047
f 352/3685/4048 342/1051/4048 273/1050/4048
f 273/1050/4049 342/1051/4049 270/179/4049
f 275/1963/4050 272/183/4050 279/182/4050
f 278/181/4051 4507/4205/4051 286/227/4051
f 278/181/4052 286/227/4052 275/1963/4052
f 269/226/4053 275/1963/4053 286/227/4053
f 4507/4205/4054 288/4206/4054 286/227/4054
f 399/261/4055 4337/4207/4055 4178/4208/4055
f 287/4209/4056 399/261/4056 363/4210/4056
f 4178/4208/4057 400/262/4057 399/261/4057
f 2837/4211/4058 4337/4207/4058 2839/4212/4058
f 158/3661/4059 157/3662/4059 1853/3663/4059
f 348/247/4060 2828/246/4060 2829/1065/4060
f 302/236/4061 264/193/4061 303/192/4061
f 303/192/4062 311/198/4062 302/236/4062
f 263/4203/4063 264/193/4063 302/236/4063
f 263/4203/4064 305/238/4064 262/195/4064
f 305/238/4065 318/1945/4065 262/195/4065
f 303/192/4066 252/241/4066 311/198/4066
f 313/216/4067 314/242/4067 343/217/4067
f 352/3685/4068 343/217/4068 342/1051/4068
f 318/1945/4069 317/244/4069 319/1946/4069
f 320/243/4070 319/1946/4070 317/244/4070
f 320/243/4071 374/245/4071 322/1981/4071
f 322/1981/4072 374/245/4072 1556/1064/4072
f 1556/1064/4073 349/271/4073 348/247/4073
f 482/329/4074 481/339/4074 501/330/4074
f 335/2694/4075 326/213/4075 331/212/4075
f 511/2927/4076 2548/1757/4076 512/2886/4076
f 512/2886/4077 2548/1757/4077 513/1429/4077
f 311/198/4078 310/197/4078 302/236/4078
f 263/4203/4079 308/239/4079 305/238/4079
f 313/216/4080 371/4213/4080 312/240/4080
f 352/3685/4081 277/4214/4081 373/4215/4081
f 346/237/4082 316/4216/4082 318/1945/4082
f 317/244/4083 318/1945/4083 316/4216/4083
f 374/245/4084 317/244/4084 316/4216/4084
f 373/4215/4085 344/218/4085 352/3685/4085
f 315/277/4086 277/4214/4086 387/278/4086
f 574/383/4087 543/4217/4087 3811/4218/4087
f 549/372/4088 550/375/4088 546/373/4088
f 387/278/4089 269/226/4089 357/248/4089
f 276/4219/4090 268/3686/4090 387/278/4090
f 283/259/4091 391/225/4091 284/283/4091
f 362/228/4092 391/225/4092 283/259/4092
f 283/259/4093 284/283/4093 282/260/4093
f 554/381/4094 558/360/4094 557/382/4094
f 558/360/4095 553/2874/4095 3196/2873/4095
f 282/260/4096 400/262/4096 397/256/4096
f 282/260/4097 363/4210/4097 399/261/4097
f 3811/4218/4098 543/4217/4098 546/373/4098
f 554/381/4099 549/372/4099 559/374/4099
f 370/235/4100 309/4220/4100 308/239/4100
f 4509/199/4101 312/240/4101 371/4213/4101
f 4509/199/4102 370/235/4102 310/197/4102
f 409/295/4103 370/235/4103 4509/199/4103
f 371/4213/4104 409/295/4104 4509/199/4104
f 313/216/4105 344/218/4105 373/4215/4105
f 373/4215/4106 371/4213/4106 313/216/4106
f 371/4213/4107 373/4215/4107 372/4221/4107
f 316/4216/4108 346/237/4108 345/4222/4108
f 345/4222/4109 375/4223/4109 316/4216/4109
f 347/4224/4110 316/4216/4110 375/4223/4110
f 316/4216/4111 347/4224/4111 374/245/4111
f 554/381/4112 559/374/4112 553/2874/4112
f 374/245/4113 347/4224/4113 381/272/4113
f 347/4224/4114 380/273/4114 381/272/4114
f 546/373/4115 543/4217/4115 559/374/4115
f 543/4217/4116 3853/2958/4116 559/374/4116
f 373/4215/4117 315/277/4117 421/220/4117
f 315/277/4118 373/4215/4118 277/4214/4118
f 351/221/4119 315/277/4119 357/248/4119
f 3853/2958/4120 574/383/4120 568/2959/4120
f 574/383/4121 3853/2958/4121 543/4217/4121
f 570/378/4122 567/4225/4122 575/385/4122
f 568/2959/4123 574/383/4123 567/4225/4123
f 351/221/4124 357/248/4124 350/219/4124
f 3850/2960/4125 565/4226/4125 559/374/4125
f 567/4225/4126 570/378/4126 568/2959/4126
f 283/259/4127 383/249/4127 362/228/4127
f 413/4085/4128 412/286/4128 397/256/4128
f 397/256/4129 368/258/4129 282/260/4129
f 368/258/4130 431/257/4130 432/4227/4130
f 370/235/4131 410/300/4131 309/4220/4131
f 409/295/4132 444/290/4132 370/235/4132
f 421/220/4133 372/4221/4133 373/4215/4133
f 375/4223/4134 354/223/4134 347/4224/4134
f 347/4224/4135 354/223/4135 380/273/4135
f 420/4228/4136 380/273/4136 455/296/4136
f 412/286/4137 2754/3412/4137 453/297/4137
f 426/4229/4138 350/219/4138 383/249/4138
f 431/257/4139 361/4230/4139 364/4231/4139
f 412/286/4140 361/4230/4140 431/257/4140
f 360/293/4141 440/292/4141 445/291/4141
f 355/301/4142 410/300/4142 444/290/4142
f 360/293/4143 372/4221/4143 421/220/4143
f 421/220/4144 450/298/4144 360/293/4144
f 441/224/4145 375/4223/4145 345/4222/4145
f 441/224/4146 355/301/4146 454/4232/4146
f 418/232/4147 353/222/4147 454/4232/4147
f 458/4233/4148 430/4234/4148 451/233/4148
f 369/234/4149 430/4234/4149 453/297/4149
f 361/4230/4150 430/4234/4150 364/4231/4150
f 442/302/4151 353/222/4151 456/3413/4151
f 418/232/4152 456/3413/4152 353/222/4152
f 442/302/4153 380/273/4153 354/223/4153
f 369/234/4154 455/296/4154 456/3413/4154
f 450/298/4155 421/220/4155 350/219/4155
f 350/219/4156 426/4229/4156 450/298/4156
f 426/4229/4157 458/4233/4157 450/298/4157
f 458/4233/4158 364/4231/4158 430/4234/4158
f 355/301/4159 444/290/4159 440/292/4159
f 454/4232/4160 359/294/4160 451/233/4160
f 359/294/4161 454/4232/4161 440/292/4161
f 418/232/4162 369/234/4162 456/3413/4162
f 454/4232/4163 451/233/4163 418/232/4163
f 359/294/4164 450/298/4164 458/4233/4164
f 458/4233/4165 451/233/4165 359/294/4165
f 369/234/4166 451/233/4166 430/4234/4166
f 619/408/4167 617/411/4167 618/414/4167
f 4472/3030/4168 3904/3031/4168 3222/3032/4168
f 647/436/4169 624/420/4169 583/437/4169
f 647/436/4170 648/440/4170 624/420/4170
f 651/452/4171 649/439/4171 3223/441/4171
f 473/313/4172 503/334/4172 475/315/4172
f 505/333/4173 486/312/4173 507/4235/4173
f 486/312/4174 505/333/4174 473/313/4174
f 503/334/4175 473/313/4175 505/333/4175
f 624/420/4176 648/440/4176 664/3555/4176
f 649/439/4177 639/3554/4177 648/440/4177
f 505/333/4178 507/4235/4178 489/331/4178
f 504/332/4179 489/331/4179 490/3949/4179
f 668/454/4180 639/3554/4180 651/452/4180
f 490/3949/4181 497/3950/4181 504/332/4181
f 508/364/4182 497/3950/4182 4099/3262/4182
f 496/336/4183 497/3950/4183 508/364/4183
f 498/4094/4184 499/369/4184 500/4088/4184
f 500/4088/4185 499/369/4185 4099/3262/4185
f 503/334/4186 504/332/4186 502/358/4186
f 497/3950/4187 496/336/4187 504/332/4187
f 496/336/4188 488/327/4188 504/332/4188
f 496/336/4189 547/363/4189 487/325/4189
f 522/347/4190 4110/4236/4190 1337/2134/4190
f 523/349/4191 538/4237/4191 534/926/4191
f 521/348/4192 522/347/4192 1337/2134/4192
f 521/348/4193 538/4237/4193 523/349/4193
f 515/3433/4194 527/3430/4194 3191/2650/4194
f 1337/2134/4195 4110/4236/4195 3018/2135/4195
f 704/3541/4196 1180/2840/4196 702/3851/4196
f 2252/1573/4197 699/1572/4197 710/3264/4197
f 521/348/4198 528/927/4198 537/925/4198
f 537/925/4199 534/926/4199 538/4237/4199
f 700/3852/4200 2304/1588/4200 702/3851/4200
f 504/332/4201 488/327/4201 502/358/4201
f 545/377/4202 488/327/4202 495/326/4202
f 547/363/4203 548/1252/4203 487/325/4203
f 547/363/4204 508/364/4204 548/1252/4204
f 508/364/4205 551/368/4205 548/1252/4205
f 508/364/4206 499/369/4206 551/368/4206
f 552/3437/4207 510/370/4207 499/369/4207
f 737/3233/4208 527/3430/4208 4085/3649/4208
f 740/4110/4209 4399/3590/4209 4397/3783/4209
f 427/4238/4210 743/4239/4210 428/4240/4210
f 743/4239/4211 786/538/4211 785/537/4211
f 742/2366/4212 428/4241/4212 745/1448/4212
f 4129/1446/4213 785/537/4213 784/536/4213
f 785/537/4214 4129/1446/4214 743/4239/4214
f 1086/3702/4215 4185/2715/4215 4353/3699/4215
f 539/359/4216 502/358/4216 545/377/4216
f 545/377/4217 495/326/4217 4189/391/4217
f 4189/391/4218 495/326/4218 569/3434/4218
f 766/522/4219 758/520/4219 759/519/4219
f 768/4242/4220 776/2269/4220 1049/775/4220
f 2329/2820/4221 3945/3810/4221 2325/2821/4221
f 2906/3132/4222 4326/4243/4222 2905/4244/4222
f 594/394/4223 593/393/4223 4189/391/4223
f 594/394/4224 4189/391/4224 569/3434/4224
f 4325/4245/4225 2905/4244/4225 4326/4243/4225
f 593/393/4226 3972/4096/4226 588/392/4226
f 588/392/4227 4189/391/4227 593/393/4227
f 789/541/4228 790/545/4228 787/539/4228
f 788/3070/4229 792/540/4229 787/539/4229
f 3467/3111/4230 3974/3108/4230 3465/3107/4230
f 3974/3108/4231 3467/3111/4231 3972/4096/4231
f 4185/2715/4232 1086/3702/4232 1085/3383/4232
f 3755/4246/4233 3754/2826/4233 790/545/4233
f 790/545/4234 795/547/4234 787/539/4234
f 599/3110/4235 596/3109/4235 598/1504/4235
f 596/3109/4236 599/3110/4236 3465/3107/4236
f 596/3109/4237 605/4247/4237 598/1504/4237
f 605/4247/4238 597/479/4238 598/1504/4238
f 605/4247/4239 661/477/4239 597/479/4239
f 600/4248/4240 605/4247/4240 596/3109/4240
f 821/2239/4241 816/4017/4241 818/4249/4241
f 821/2239/4242 820/4250/4242 816/4017/4242
f 817/3531/4243 825/3547/4243 4267/3546/4243
f 825/3547/4244 817/3531/4244 826/564/4244
f 830/563/4245 3320/565/4245 831/566/4245
f 830/563/4246 825/3547/4246 826/564/4246
f 835/4251/4247 839/4252/4247 831/566/4247
f 834/1638/4248 840/4253/4248 835/4251/4248
f 835/4251/4249 840/4253/4249 838/4254/4249
f 3022/2144/4250 2153/4255/4250 643/434/4250
f 838/4254/4251 839/4252/4251 835/4251/4251
f 838/4254/4252 840/4253/4252 837/3548/4252
f 838/4254/4253 837/3548/4253 854/4256/4253
f 3615/2691/4254 644/435/4254 643/434/4254
f 656/450/4255 669/444/4255 657/2543/4255
f 657/2543/4256 665/448/4256 656/450/4256
f 861/2240/4257 859/579/4257 862/585/4257
f 655/457/4258 665/448/4258 657/2543/4258
f 655/457/4259 652/1503/4259 653/458/4259
f 659/456/4260 656/4257/4260 670/488/4260
f 656/450/4261 666/449/4261 670/499/4261
f 679/2690/4262 680/1496/4262 4306/1495/4262
f 681/461/4263 685/3608/4263 4306/1495/4263
f 681/461/4264 686/460/4264 685/3608/4264
f 691/473/4265 685/3608/4265 686/460/4265
f 691/473/4266 695/468/4266 688/466/4266
f 688/466/4267 695/468/4267 697/470/4267
f 686/460/4268 692/472/4268 691/473/4268
f 665/448/4269 653/458/4269 666/449/4269
f 708/476/4270 653/458/4270 660/474/4270
f 723/4258/4271 666/449/4271 708/476/4271
f 709/481/4272 708/476/4272 717/475/4272
f 708/476/4273 709/481/4273 716/493/4273
f 718/480/4274 726/492/4274 709/481/4274
f 716/493/4275 715/4259/4275 708/476/4275
f 715/4259/4276 723/4258/4276 708/476/4276
f 866/584/4277 932/1549/4277 927/616/4277
f 723/4258/4278 722/498/4278 666/449/4278
f 946/627/4279 948/626/4279 950/4260/4279
f 950/4260/4280 948/626/4280 947/632/4280
f 947/632/4281 3674/1682/4281 950/4260/4281
f 948/626/4282 944/625/4282 956/3569/4282
f 723/4258/4283 715/4259/4283 707/504/4283
f 715/4259/4284 716/493/4284 730/3460/4284
f 707/504/4285 715/4259/4285 730/3460/4285
f 725/494/4286 730/3460/4286 716/493/4286
f 956/3569/4287 949/633/4287 948/626/4287
f 947/632/4288 949/633/4288 3674/1682/4288
f 957/713/4289 944/625/4289 3363/4005/4289
f 971/644/4290 957/713/4290 963/642/4290
f 1010/2215/4291 1011/673/4291 3104/674/4291
f 1009/678/4292 971/644/4292 1010/2215/4292
f 957/713/4293 971/644/4293 1016/679/4293
f 707/504/4294 4447/3461/4294 729/502/4294
f 750/505/4295 706/486/4295 729/4261/4295
f 722/487/4296 706/486/4296 750/505/4296
f 984/653/4297 962/652/4297 969/700/4297
f 3675/3572/4298 986/658/4298 1025/684/4298
f 1026/683/4299 1028/758/4299 1025/684/4299
f 2532/2310/4300 3782/4262/4300 4475/2984/4300
f 990/707/4301 986/658/4301 985/657/4301
f 986/658/4302 990/707/4302 1035/692/4302
f 843/1703/4303 1082/1748/4303 1080/3784/4303
f 778/527/4304 1154/526/4304 774/1547/4304
f 1115/2483/4305 1114/2480/4305 1108/3880/4305
f 1108/3880/4306 1113/754/4306 1115/2483/4306
f 1116/2482/4307 1114/2480/4307 1115/2483/4307
f 1156/786/4308 1159/3129/4308 1154/526/4308
f 1190/826/4309 1175/2710/4309 1173/824/4309
f 1169/801/4310 1171/803/4310 1175/2710/4310
f 1170/802/4311 1185/812/4311 1171/803/4311
f 1192/2707/4312 1191/820/4312 1195/819/4312
f 1176/825/4313 1192/2707/4313 1190/826/4313
f 1190/826/4314 1192/2707/4314 1195/819/4314
f 1190/826/4315 1169/801/4315 1175/2710/4315
f 1195/819/4316 1169/801/4316 1190/826/4316
f 1193/3766/4317 1195/819/4317 1194/818/4317
f 1195/819/4318 1193/3766/4318 1189/817/4318
f 1189/817/4319 1193/3766/4319 1188/816/4319
f 1183/810/4320 1169/801/4320 1189/817/4320
f 1202/2701/4321 4036/2687/4321 3611/4025/4321
f 3612/2686/4322 1215/1483/4322 4036/2687/4322
f 2126/1481/4323 1215/1483/4323 2138/3775/4323
f 2138/3775/4324 1233/838/4324 2126/1481/4324
f 1218/3158/4325 1231/834/4325 1220/836/4325
f 1221/3777/4326 1231/834/4326 1218/3158/4326
f 2138/3775/4327 4388/839/4327 1233/838/4327
f 1225/3159/4328 1220/836/4328 1223/1479/4328
f 1218/3158/4329 1220/836/4329 1225/3159/4329
f 1220/836/4330 1219/835/4330 1230/1478/4330
f 1224/3776/4331 1223/1479/4331 2123/4263/4331
f 1230/1478/4332 2130/4264/4332 1223/1479/4332
f 1232/837/4333 1224/3776/4333 2123/4263/4333
f 1224/3776/4334 1232/837/4334 4388/839/4334
f 2123/4263/4335 1223/1479/4335 2130/4264/4335
f 1260/866/4336 1259/4265/4336 3993/2158/4336
f 883/4266/4337 879/603/4337 881/3074/4337
f 1271/3445/4338 1272/3937/4338 689/467/4338
f 879/603/4339 883/4266/4339 876/601/4339
f 882/599/4340 887/604/4340 889/610/4340
f 900/3479/4341 2404/1640/4341 888/606/4341
f 893/4068/4342 896/1676/4342 811/2247/4342
f 678/4267/4343 644/435/4343 3616/3609/4343
f 899/3080/4344 897/1675/4344 898/3165/4344
f 1285/888/4345 1282/879/4345 1281/882/4345
f 2108/1257/4346 1285/888/4346 1288/887/4346
f 885/600/4347 906/3508/4347 876/598/4347
f 879/603/4348 906/602/4348 903/4268/4348
f 934/682/4349 918/4269/4349 915/645/4349
f 925/4270/4350 912/637/4350 926/4271/4350
f 970/4272/4351 921/4069/4351 919/3868/4351
f 929/3522/4352 921/4069/4352 4435/618/4352
f 970/4272/4353 4484/638/4353 921/4069/4353
f 919/3868/4354 921/4069/4354 920/3869/4354
f 913/4070/4355 4435/618/4355 921/4069/4355
f 4435/618/4356 924/620/4356 4254/3523/4356
f 995/663/4357 938/665/4357 936/666/4357
f 938/665/4358 4261/3896/4358 936/666/4358
f 937/675/4359 4261/3896/4359 938/665/4359
f 938/665/4360 974/664/4360 937/675/4360
f 941/577/4361 2298/4021/4361 942/621/4361
f 1267/871/4362 4183/3417/4362 1321/869/4362
f 934/682/4363 931/680/4363 918/4269/4363
f 935/4273/4364 915/645/4364 918/4269/4364
f 917/655/4365 934/682/4365 912/637/4365
f 912/637/4366 966/635/4366 959/4274/4366
f 4484/638/4367 970/4272/4367 966/635/4367
f 921/4069/4368 929/3522/4368 922/4275/4368
f 935/4273/4369 958/662/4369 976/646/4369
f 958/662/4370 935/4273/4370 955/699/4370
f 997/4276/4371 937/675/4371 974/664/4371
f 4314/3629/4372 3610/2685/4372 1334/3627/4372
f 4289/4277/4373 1339/3584/4373 1103/4278/4373
f 983/702/4374 1034/697/4374 955/699/4374
f 535/2321/4375 536/928/4375 2625/1821/4375
f 536/928/4376 4188/912/4376 2625/1821/4376
f 959/4274/4377 987/656/4377 917/655/4377
f 918/4269/4378 983/702/4378 935/4273/4378
f 931/680/4379 989/681/4379 983/702/4379
f 918/4269/4380 931/680/4380 983/702/4380
f 955/699/4381 935/4273/4381 983/702/4381
f 917/655/4382 988/654/4382 931/680/4382
f 535/2321/4383 1346/922/4383 537/925/4383
f 534/926/4384 1346/922/4384 4192/921/4384
f 966/635/4385 965/634/4385 959/4274/4385
f 987/656/4386 965/634/4386 991/725/4386
f 959/4274/4387 965/634/4387 987/656/4387
f 4192/921/4388 533/3091/4388 534/926/4388
f 967/636/4389 1027/726/4389 965/634/4389
f 1027/726/4390 920/3869/4390 1037/4279/4390
f 967/636/4391 920/3869/4391 1027/726/4391
f 958/662/4392 973/685/4392 995/663/4392
f 974/664/4393 995/663/4393 973/685/4393
f 975/686/4394 997/4276/4394 974/664/4394
f 997/4276/4395 981/676/4395 937/675/4395
f 960/640/4396 1007/4280/4396 1038/687/4396
f 929/3522/4397 930/2356/4397 922/4275/4397
f 1005/671/4398 1004/670/4398 1043/690/4398
f 1046/3528/4399 981/676/4399 1014/737/4399
f 1048/4281/4400 1076/4282/4400 1018/3865/4400
f 1018/3865/4401 1076/4282/4401 4431/4283/4401
f 4432/3866/4402 4431/4283/4402 4433/4284/4402
f 987/656/4403 1052/751/4403 1051/719/4403
f 1052/751/4404 1054/722/4404 1051/719/4404
f 983/702/4405 1022/701/4405 1034/697/4405
f 991/725/4406 965/634/4406 1027/726/4406
f 1031/704/4407 1037/4279/4407 961/639/4407
f 982/712/4408 973/685/4408 1021/696/4408
f 958/662/4409 1021/696/4409 973/685/4409
f 1365/2091/4410 1376/939/4410 1363/4285/4410
f 1366/940/4411 1376/939/4411 1365/2091/4411
f 1365/2091/4412 1363/4285/4412 1377/3444/4412
f 975/686/4413 1067/731/4413 997/4276/4413
f 981/676/4414 997/4276/4414 1012/735/4414
f 981/676/4415 1012/735/4415 1014/737/4415
f 1067/731/4416 1012/735/4416 997/4276/4416
f 2959/2088/4417 1365/2091/4417 1377/3444/4417
f 3872/4286/4418 2505/4287/4418 2509/2314/4418
f 1005/671/4419 968/641/4419 960/640/4419
f 1043/690/4420 1004/670/4420 1069/715/4420
f 1041/659/4421 1043/690/4421 1069/715/4421
f 1046/3528/4422 1073/695/4422 1048/4281/4422
f 1073/695/4423 1101/694/4423 1048/4281/4423
f 1076/4282/4424 1048/4281/4424 1101/694/4424
f 4252/3519/4425 767/3507/4425 2402/2782/4425
f 955/699/4426 1034/697/4426 1021/696/4426
f 988/654/4427 1023/723/4427 989/681/4427
f 991/725/4428 1055/729/4428 1052/751/4428
f 1029/752/4429 1052/751/4429 1055/729/4429
f 1060/727/4430 1055/729/4430 991/725/4430
f 1060/727/4431 1027/726/4431 1056/703/4431
f 980/730/4432 975/686/4432 982/712/4432
f 1065/710/4433 1067/731/4433 980/730/4433
f 1067/731/4434 1072/4288/4434 1012/735/4434
f 1031/704/4435 1008/742/4435 1071/4289/4435
f 968/641/4436 1042/691/4436 1008/742/4436
f 1042/691/4437 1041/659/4437 1062/738/4437
f 968/641/4438 1008/742/4438 1031/704/4438
f 1042/691/4439 1062/738/4439 1024/741/4439
f 1043/690/4440 1041/659/4440 1042/691/4440
f 772/4290/4441 770/660/4441 1041/659/4441
f 1014/737/4442 1045/736/4442 1073/695/4442
f 1045/736/4443 1047/693/4443 1073/695/4443
f 1102/746/4444 776/2269/4444 1101/694/4444
f 1338/4291/4445 4289/4277/4445 4288/4292/4445
f 2274/2403/4446 2275/3517/4446 3327/2794/4446
f 2284/3323/4447 2283/3605/4447 2375/3321/4447
f 1023/723/4448 1051/719/4448 1053/721/4448
f 1052/751/4449 1029/752/4449 1054/722/4449
f 1132/4293/4450 1054/722/4450 1029/752/4450
f 1094/724/4451 1063/4294/4451 1023/723/4451
f 1136/728/4452 1060/727/4452 1059/779/4452
f 1119/765/4453 1060/727/4453 1057/705/4453
f 982/712/4454 1021/696/4454 1110/760/4454
f 1050/698/4455 1110/760/4455 1021/696/4455
f 980/730/4456 982/712/4456 1095/759/4456
f 1095/759/4457 1065/710/4457 980/730/4457
f 1072/4288/4458 1099/744/4458 1012/735/4458
f 1072/4288/4459 1125/761/4459 1099/744/4459
f 1008/742/4460 1024/741/4460 1071/4289/4460
f 1119/765/4461 1071/4289/4461 1137/766/4461
f 769/782/4462 1137/766/4462 1024/741/4462
f 992/661/4463 1062/738/4463 1041/659/4463
f 1118/793/4464 1100/747/4464 1047/693/4464
f 1047/693/4465 1099/744/4465 1118/793/4465
f 1100/747/4466 1102/746/4466 1047/693/4466
f 1735/4295/4467 2375/3321/4467 2361/1808/4467
f 2309/1825/4468 2280/1810/4468 2373/1809/4468
f 1050/698/4469 1138/748/4469 1110/760/4469
f 1063/4294/4470 1050/698/4470 1034/697/4470
f 1054/722/4471 1053/721/4471 1051/719/4471
f 1412/3641/4472 1433/983/4472 1411/978/4472
f 1132/4293/4473 1029/752/4473 1136/728/4473
f 1433/983/4474 1420/979/4474 1411/978/4474
f 1132/4293/4475 1090/720/4475 1054/722/4475
f 1432/982/4476 1420/979/4476 1433/983/4476
f 3567/2616/4477 3568/2657/4477 1428/2617/4477
f 1060/727/4478 1119/765/4478 1068/767/4478
f 1137/766/4479 1097/795/4479 1068/767/4479
f 1110/760/4480 1095/759/4480 982/712/4480
f 1411/978/4481 1415/980/4481 1412/3641/4481
f 1416/3694/4482 1412/3641/4482 1415/980/4482
f 1072/4288/4483 1067/731/4483 1065/710/4483
f 1420/979/4484 1423/3710/4484 1415/980/4484
f 769/782/4485 1062/738/4485 1061/740/4485
f 1024/741/4486 1137/766/4486 1071/4289/4486
f 1435/1403/4487 1436/987/4487 1437/989/4487
f 992/661/4488 1124/739/4488 1062/738/4488
f 2028/1401/4489 1439/3655/4489 2029/1402/4489
f 1099/744/4490 1145/792/4490 1118/793/4490
f 1075/774/4491 1074/745/4491 1100/747/4491
f 1063/4294/4492 1131/749/4492 1138/748/4492
f 1131/749/4493 1063/4294/4493 1094/724/4493
f 1091/4296/4494 1053/721/4494 1090/720/4494
f 1059/779/4495 1132/4293/4495 1136/728/4495
f 1132/4293/4496 1059/779/4496 1133/4297/4496
f 1065/710/4497 1125/761/4497 1072/4288/4497
f 1125/761/4498 1065/710/4498 1064/709/4498
f 4510/763/4499 1145/792/4499 1125/761/4499
f 1097/795/4500 1137/766/4500 769/782/4500
f 1061/740/4501 1121/756/4501 769/782/4501
f 1122/757/4502 1124/739/4502 1143/769/4502
f 1124/739/4503 1098/743/4503 1143/769/4503
f 1122/757/4504 1061/740/4504 1124/739/4504
f 1125/761/4505 1145/792/4505 1099/744/4505
f 1118/793/4506 1126/773/4506 1100/747/4506
f 1075/774/4507 1126/773/4507 1151/785/4507
f 1127/784/4508 1144/770/4508 1075/774/4508
f 1091/4296/4509 1146/4298/4509 1131/749/4509
f 1131/749/4510 1134/790/4510 1093/750/4510
f 1146/4298/4511 1134/790/4511 1131/749/4511
f 1134/790/4512 1146/4298/4512 1135/789/4512
f 1090/720/4513 1146/4298/4513 1091/4296/4513
f 1133/4297/4514 1059/779/4514 1161/778/4514
f 1132/4293/4515 1133/4297/4515 1090/720/4515
f 1161/778/4516 1068/767/4516 1097/795/4516
f 1092/791/4517 1066/711/4517 1093/750/4517
f 1117/762/4518 1064/709/4518 1092/791/4518
f 1125/761/4519 1117/762/4519 1140/764/4519
f 1150/780/4520 1092/791/4520 1134/790/4520
f 1092/791/4521 1150/780/4521 1117/762/4521
f 1097/795/4522 1148/794/4522 1161/778/4522
f 1097/795/4523 769/782/4523 1121/756/4523
f 1122/757/4524 1153/4299/4524 1121/756/4524
f 1153/4299/4525 1142/768/4525 1155/783/4525
f 1143/769/4526 1142/768/4526 1122/757/4526
f 1160/4300/4527 1135/789/4527 1146/4298/4527
f 1133/4297/4528 1160/4300/4528 1146/4298/4528
f 1135/789/4529 1107/4301/4529 1150/780/4529
f 1160/4300/4530 1107/4301/4530 1135/789/4530
f 1160/4300/4531 1161/778/4531 1148/794/4531
f 1163/781/4532 1150/780/4532 1107/4301/4532
f 1140/764/4533 1162/4302/4533 1151/785/4533
f 1140/764/4534 1151/785/4534 1145/792/4534
f 1163/781/4535 1158/4303/4535 1162/4302/4535
f 1107/4301/4536 1158/4303/4536 1163/781/4536
f 1158/4303/4537 1155/783/4537 1162/4302/4537
f 1153/4299/4538 1158/4303/4538 1106/4304/4538
f 1155/783/4539 1151/785/4539 1162/4302/4539
f 1127/784/4540 1155/783/4540 1142/768/4540
f 1153/4299/4541 1122/757/4541 1142/768/4541
f 1495/1021/4542 1506/986/4542 1494/4305/4542
f 1178/1736/4543 1181/2302/4543 1179/4146/4543
f 1181/2302/4544 3204/2850/4544 1179/4146/4544
f 1179/4146/4545 3204/2850/4545 3769/2851/4545
f 1443/985/4546 1974/1967/4546 1519/1032/4546
f 2855/1972/4547 1512/1043/4547 1494/4305/4547
f 280/184/4548 1528/180/4548 279/182/4548
f 405/1056/4549 325/1053/4549 406/4306/4549
f 1547/3982/4550 1542/210/4550 1538/4307/4550
f 247/162/4551 301/1068/4551 248/163/4551
f 301/1068/4552 247/162/4552 2814/1982/4552
f 319/1946/4553 246/161/4553 304/196/4553
f 3934/1081/4554 1563/1987/4554 1570/3056/4554
f 1567/1984/4555 2823/1986/4555 4176/3974/4555
f 4176/3974/4556 4174/4308/4556 4175/1082/4556
f 3091/2862/4557 1250/846/4557 1245/845/4557
f 1247/2867/4558 1246/848/4558 1250/2868/4558
f 1251/847/4559 1250/846/4559 1246/4309/4559
f 3209/2861/4560 1264/849/4560 1246/848/4560
f 1736/1201/4561 3038/1820/4561 2624/1819/4561
f 2350/4310/4562 2871/4311/4562 4511/4312/4562
f 2877/4313/4563 2867/3027/4563 1742/2730/4563
f 3479/3384/4564 3488/3306/4564 4134/3391/4564
f 1248/843/4565 1251/847/4565 1269/904/4565
f 1668/3311/4566 1654/1146/4566 1664/2696/4566
f 1265/867/4567 1310/4314/4567 1252/850/4567
f 3208/872/4568 1266/868/4568 1264/849/4568
f 1269/904/4569 1251/847/4569 1310/905/4569
f 1298/321/4570 478/323/4570 3250/890/4570
f 1300/891/4571 2095/3853/4571 1298/321/4571
f 2801/3023/4572 1719/3024/4572 2830/4315/4572
f 1743/4316/4573 1732/1199/4573 1726/4317/4573
f 1734/1954/4574 1732/1199/4574 1743/4316/4574
f 1730/4318/4575 1743/4316/4575 1729/4319/4575
f 1734/1954/4576 1743/4316/4576 1741/4320/4576
f 1730/4318/4577 1741/4320/4577 1743/4316/4577
f 1523/4321/4578 1549/4322/4578 1555/2322/4578
f 1798/1245/4579 1801/2020/4579 1799/3367/4579
f 141/3653/4580 192/4323/4580 140/1269/4580
f 141/3653/4581 131/92/4581 192/4323/4581
f 194/4199/4582 192/4323/4582 144/91/4582
f 188/4198/4583 144/91/4583 143/4194/4583
f 1309/903/4584 1265/4324/4584 1319/4325/4584
f 1310/905/4585 1265/4324/4585 1309/903/4585
f 144/91/4586 142/1256/4586 143/4194/4586
f 169/4193/4587 143/4194/4587 1828/2375/4587
f 197/1262/4588 1835/1900/4588 1840/1263/4588
f 196/2776/4589 1835/1900/4589 197/1262/4589
f 1835/1900/4590 196/2776/4590 1834/1901/4590
f 516/341/4591 1322/2355/4591 517/342/4591
f 197/1262/4592 1832/4326/4592 196/2776/4592
f 1831/1260/4593 1836/4327/4593 197/1262/4593
f 1832/4326/4594 1836/4327/4594 1841/98/4594
f 1836/4327/4595 1832/4326/4595 197/1262/4595
f 1839/2777/4596 196/2776/4596 1832/4326/4596
f 1838/3010/4597 1832/4326/4597 1841/98/4597
f 1841/98/4598 145/97/4598 1842/3009/4598
f 1842/3009/4599 145/97/4599 162/4192/4599
f 1847/4328/4600 1842/3009/4600 162/4192/4600
f 146/99/4601 1848/3665/4601 145/97/4601
f 1848/3665/4602 156/4191/4602 145/97/4602
f 156/4191/4603 1848/3665/4603 147/3664/4603
f 145/97/4604 1845/1271/4604 162/4192/4604
f 145/97/4605 156/4191/4605 1845/1271/4605
f 1383/2242/4606 1380/4329/4606 1319/908/4606
f 1878/1290/4607 29/52/4607 1886/3363/4607
f 2284/4330/4608 2282/1813/4608 2378/1625/4608
f 59/4331/4609 51/23/4609 1893/1300/4609
f 51/23/4610 59/4331/4610 58/1301/4610
f 2377/1624/4611 2284/4330/4611 2378/1625/4611
f 1895/1887/4612 1893/1300/4612 1894/2039/4612
f 55/1302/4613 17/1886/4613 1795/2816/4613
f 1916/1312/4614 1904/1306/4614 1906/1308/4614
f 1345/934/4615 1380/4332/4615 1383/4333/4615
f 2714/2068/4616 1906/2486/4616 1905/4334/4616
f 2714/2068/4617 4161/1311/4617 1906/2486/4617
f 1359/946/4618 1357/4335/4618 1370/2351/4618
f 1357/4335/4619 1345/4336/4619 1370/2351/4619
f 1362/936/4620 1356/2352/4620 516/341/4620
f 1362/936/4621 1359/946/4621 1356/2352/4621
f 3290/4175/4622 516/341/4622 3288/1427/4622
f 1926/2488/4623 1925/1875/4623 1927/1878/4623
f 1926/2488/4624 1917/3889/4624 1925/1875/4624
f 1927/1878/4625 1925/1875/4625 39/20/4625
f 1344/924/4626 1379/935/4626 1378/942/4626
f 1357/945/4627 1369/944/4627 1345/934/4627
f 2409/1646/4628 2411/1648/4628 3252/2332/4628
f 39/20/4629 1925/1875/4629 1931/1874/4629
f 1359/943/4630 1358/4337/4630 1384/947/4630
f 1712/4338/4631 1713/3735/4631 4154/3350/4631
f 1452/937/4632 1362/936/4632 516/341/4632
f 1712/4338/4633 4154/3350/4633 1699/1178/4633
f 3299/4339/4634 429/959/4634 1396/958/4634
f 1398/2909/4635 1399/165/4635 251/2186/4635
f 358/4340/4636 1399/165/4636 1398/2909/4636
f 70/28/4637 4513/27/4637 1952/1853/4637
f 1429/4341/4638 1379/935/4638 1384/947/4638
f 2384/4342/4639 3266/1826/4639 2409/1646/4639
f 3827/966/4640 1421/968/4640 1418/967/4640
f 1967/4177/4641 1963/3375/4641 1968/3879/4641
f 1417/2391/4642 3827/966/4642 3311/965/4642
f 4469/4178/4643 3778/2845/4643 1967/4177/4643
f 1626/2846/4644 3778/2845/4644 4469/4178/4644
f 3298/4041/4645 1421/968/4645 3316/2392/4645
f 1421/968/4646 3298/4041/4646 1422/969/4646
f 3312/2180/4647 1391/952/4647 1390/951/4647
f 126/1342/4648 1972/1345/4648 1971/1343/4648
f 1972/1345/4649 126/1342/4649 4514/81/4649
f 1379/935/4650 1429/4341/4650 1406/990/4650
f 1384/947/4651 1401/4343/4651 1429/4341/4651
f 1979/2931/4652 1981/4047/4652 3842/3759/4652
f 1980/2933/4653 1981/4047/4653 1979/2931/4653
f 1981/4047/4654 209/1356/4654 3844/3765/4654
f 1364/972/4655 1384/971/4655 1358/938/4655
f 1429/4341/4656 1441/1010/4656 1406/990/4656
f 1401/4343/4657 1441/1010/4657 1429/4341/4657
f 2207/1528/4658 1032/3568/4658 3855/3849/4658
f 1402/4344/4659 1441/1010/4659 1401/4343/4659
f 1402/4344/4660 1401/4343/4660 1449/4345/4660
f 1482/2759/4661 1481/1374/4661 1459/2757/4661
f 1504/1031/4662 1998/1378/4662 1999/4346/4662
f 1448/1007/4663 1447/2906/4663 1450/1003/4663
f 1450/1003/4664 1447/2906/4664 2038/2903/4664
f 1036/3559/4665 576/386/4665 2206/3560/4665
f 1456/1004/4666 1454/1001/4666 1451/1000/4666
f 2631/1008/4667 1448/1007/4667 1451/1000/4667
f 1441/1010/4668 1402/4344/4668 1460/1011/4668
f 1402/4347/4669 1449/1009/4669 1463/4348/4669
f 1463/4349/4670 1459/2757/4670 1402/4344/4670
f 2492/3551/4671 4273/4046/4671 3774/3837/4671
f 1991/4350/4672 2631/1008/4672 1462/3414/4672
f 215/136/4673 217/138/4673 1465/1019/4673
f 213/1380/4674 215/136/4674 1498/1034/4674
f 217/138/4675 1479/4028/4675 1465/1019/4675
f 3774/3837/4676 4273/4046/4676 3209/2861/4676
f 1477/1405/4677 245/144/4677 225/143/4677
f 1478/4351/4678 245/144/4678 219/1400/4678
f 214/142/4679 245/144/4679 1478/4351/4679
f 1478/4351/4680 216/137/4680 214/142/4680
f 216/137/4681 1478/4351/4681 217/138/4681
f 1402/4344/4682 1459/2757/4682 1460/1011/4682
f 2027/158/4683 219/1400/4683 218/159/4683
f 2631/1008/4684 1991/4350/4684 1463/4348/4684
f 1464/1002/4685 1462/3414/4685 1451/1000/4685
f 1464/1002/4686 1990/2879/4686 1462/3414/4686
f 1464/1002/4687 1454/1001/4687 1487/2798/4687
f 227/148/4688 1491/3582/4688 1470/146/4688
f 1991/2758/4689 1459/2757/4689 1463/4349/4689
f 251/2186/4690 2036/2910/4690 1398/2909/4690
f 358/4340/4691 2054/1426/4691 2561/3290/4691
f 2052/1424/4692 2054/1426/4692 2061/4352/4692
f 1372/1761/4693 2069/1430/4693 1373/1759/4693
f 1523/4321/4694 1555/2322/4694 1514/1044/4694
f 1551/1095/4695 1514/1044/4695 1555/2322/4695
f 1514/1044/4696 1551/1095/4696 1515/1045/4696
f 1513/1407/4697 1516/1046/4697 1515/1045/4697
f 1513/1407/4698 1578/1413/4698 1516/1046/4698
f 466/310/4699 464/309/4699 467/3447/4699
f 1530/1369/4700 1532/1351/4700 1992/1367/4700
f 1546/1848/4701 1573/1074/4701 1545/4353/4701
f 2050/4354/4702 1545/4353/4702 1578/1413/4702
f 1545/4353/4703 2050/4354/4703 1546/1848/4703
f 1583/1083/4704 1585/1084/4704 1549/4322/4704
f 1541/1071/4705 1583/1083/4705 1549/4322/4705
f 1585/1084/4706 1571/1070/4706 1553/1090/4706
f 1553/1090/4707 1584/1096/4707 1585/1084/4707
f 1584/1096/4708 1553/1090/4708 1520/1047/4708
f 1585/1084/4709 1584/1096/4709 1551/1095/4709
f 1522/1049/4710 1584/1096/4710 1520/1047/4710
f 1522/1049/4711 1521/1048/4711 1550/1063/4711
f 1566/1072/4712 1573/1074/4712 1540/1088/4712
f 2086/2245/4713 4130/4355/4713 744/3446/4713
f 4130/4356/4714 2086/4357/4714 3267/4358/4714
f 1566/1072/4715 1655/1138/4715 1575/1075/4715
f 3267/4358/4716 2086/4357/4716 2089/4359/4716
f 1596/4360/4717 1517/1076/4717 1575/1075/4717
f 1518/1069/4718 1541/1071/4718 1517/1076/4718
f 3119/4361/4719 3267/4358/4719 2089/4359/4719
f 1573/1074/4720 1572/1073/4720 4476/1109/4720
f 1553/1090/4721 1571/1070/4721 1518/1069/4721
f 1586/4362/4722 1520/1047/4722 1553/1090/4722
f 1602/4363/4723 1587/4364/4723 1597/1127/4723
f 1596/4360/4724 1575/1075/4724 1613/1105/4724
f 1655/1138/4725 1566/1072/4725 1594/1087/4725
f 1546/1848/4726 1540/1088/4726 1573/1074/4726
f 1576/1077/4727 1565/1079/4727 1546/1848/4727
f 1517/1076/4728 1596/4360/4728 1518/1069/4728
f 1548/1091/4729 1518/1069/4729 1596/4360/4729
f 1586/4362/4730 1553/1090/4730 1598/1089/4730
f 1598/1089/4731 1597/1127/4731 1586/4362/4731
f 1586/4362/4732 1597/1127/4732 1587/4364/4732
f 1602/4363/4733 1605/1060/4733 1587/4364/4733
f 1605/1060/4734 4438/4365/4734 4437/4366/4734
f 1648/1098/4735 4438/4365/4735 1605/1060/4735
f 1613/1105/4736 1612/1104/4736 1596/4360/4736
f 1652/1165/4737 1612/1104/4737 1611/1103/4737
f 1594/1087/4738 1589/1121/4738 1655/1138/4738
f 1655/1138/4739 1614/1106/4739 1613/1105/4739
f 1565/1079/4740 1594/1087/4740 1540/1088/4740
f 1565/1079/4741 1615/1108/4741 1639/1347/4741
f 1612/1104/4742 1581/4367/4742 1596/4360/4742
f 1652/1165/4743 1581/4367/4743 1612/1104/4743
f 1598/1089/4744 1581/4367/4744 1582/1149/4744
f 1598/1089/4745 1548/1091/4745 1581/4367/4745
f 1616/1126/4746 1661/4368/4746 1617/1110/4746
f 1597/1127/4747 1616/1126/4747 1602/4363/4747
f 1616/1126/4748 1617/1110/4748 1602/4363/4748
f 1618/1112/4749 1602/4363/4749 1617/1110/4749
f 1604/1129/4750 1648/1098/4750 1618/1112/4750
f 1614/1106/4751 1592/4369/4751 1611/1103/4751
f 1656/1152/4752 1593/1139/4752 1589/1121/4752
f 1639/1347/4753 1635/1122/4753 1594/1087/4753
f 1639/1347/4754 1657/1151/4754 1635/1122/4754
f 1582/1149/4755 1581/4367/4755 1652/1165/4755
f 1582/1149/4756 1616/1126/4756 1598/1089/4756
f 1600/1150/4757 1599/4370/4757 1616/1126/4757
f 1616/1126/4758 1582/1149/4758 1600/1150/4758
f 1599/4370/4759 1661/4368/4759 1616/1126/4759
f 1661/4368/4760 1621/1128/4760 1617/1110/4760
f 1603/1111/4761 1604/1129/4761 1618/1112/4761
f 1652/1165/4762 1611/1103/4762 1595/1160/4762
f 1592/4369/4763 1595/1160/4763 1611/1103/4763
f 1593/1139/4764 1592/4369/4764 1614/1106/4764
f 1635/1122/4765 1656/1152/4765 1589/1121/4765
f 1657/1151/4766 1669/1153/4766 1656/1152/4766
f 1658/1107/4767 1657/1151/4767 1639/1347/4767
f 1658/1107/4768 1672/1163/4768 1657/1151/4768
f 1620/1144/4769 1582/1149/4769 1652/1165/4769
f 1599/4370/4770 1600/1150/4770 1659/1143/4770
f 1599/4370/4771 1645/4371/4771 1661/4368/4771
f 1621/1128/4772 1661/4368/4772 1645/4371/4772
f 1621/1128/4773 1662/1147/4773 1604/1129/4773
f 1592/4369/4774 1593/1139/4774 1686/4372/4774
f 1592/4369/4775 1686/4372/4775 1595/1160/4775
f 2120/1487/4776 2141/1486/4776 2122/1489/4776
f 1652/1165/4777 1595/1160/4777 1667/1159/4777
f 1667/1159/4778 1665/1161/4778 1687/1177/4778
f 1659/1143/4779 1645/4371/4779 1599/4370/4779
f 1680/1157/4780 2686/1156/4780 3381/4373/4780
f 1681/1155/4781 1680/1157/4781 3667/1861/4781
f 1686/4372/4782 1666/1158/4782 1595/1160/4782
f 1694/1180/4783 1593/1139/4783 1669/1153/4783
f 1672/1163/4784 1671/1162/4784 1657/1151/4784
f 1672/1163/4785 1640/31/4785 1670/1164/4785
f 80/30/4786 1711/4374/4786 1670/1164/4786
f 1665/1161/4787 1660/1141/4787 1687/1177/4787
f 1660/1141/4788 1620/1144/4788 1687/1177/4788
f 1659/1143/4789 1673/1140/4789 1645/4371/4789
f 1673/1140/4790 1659/1143/4790 1660/1141/4790
f 1688/1166/4791 1645/4371/4791 1673/1140/4791
f 2147/1490/4792 2122/1489/4792 2141/1486/4792
f 104/2964/4793 106/2952/4793 107/66/4793
f 1665/1161/4794 1666/1158/4794 1706/1179/4794
f 67/3755/4795 1669/1153/4795 1671/1162/4795
f 67/3755/4796 1671/1162/4796 1711/4374/4796
f 1640/31/4797 80/30/4797 1670/1164/4797
f 1698/1142/4798 1660/1141/4798 1665/1161/4798
f 1688/1166/4799 1673/1140/4799 4154/3350/4799
f 1705/2055/4800 1701/2070/4800 1702/1868/4800
f 1704/2058/4801 1701/2070/4801 2949/2072/4801
f 1707/1181/4802 1691/1171/4802 1706/1179/4802
f 1691/1171/4803 1696/1175/4803 1693/1172/4803
f 1665/1161/4804 1693/1172/4804 1698/1142/4804
f 1694/1180/4805 67/3755/4805 1707/1181/4805
f 1692/4375/4806 1707/1181/4806 67/3755/4806
f 1691/1171/4807 1707/1181/4807 1692/4375/4807
f 3377/2453/4808 1717/4376/4808 4382/4377/4808
f 1696/1175/4809 1691/1171/4809 1709/3737/4809
f 1696/1175/4810 1709/3737/4810 1708/1173/4810
f 1692/4375/4811 1709/3737/4811 1691/1171/4811
f 1692/4375/4812 1717/4376/4812 1718/4378/4812
f 1715/3635/4813 4321/4379/4813 1718/4378/4813
f 4320/4380/4814 1718/4378/4814 4321/4379/4814
f 1735/4295/4815 2376/4381/4815 2375/3321/4815
f 2368/1822/4816 2367/1811/4816 2372/3340/4816
f 2367/1811/4817 4512/4382/4817 1737/1202/4817
f 2164/3282/4818 3178/4383/4818 615/1505/4818
f 191/3607/4819 2280/1810/4819 2309/1825/4819
f 4503/1509/4820 2145/2282/4820 3188/3474/4820
f 2145/2282/4821 4503/1509/4821 3147/3277/4821
f 2919/4384/4822 1738/3361/4822 1739/3360/4822
f 1739/3360/4823 1740/3359/4823 1747/4168/4823
f 2170/1508/4824 2169/1507/4824 2149/1472/4824
f 3135/3276/4825 2149/1472/4825 2121/1474/4825
f 1756/2965/4826 1753/4385/4826 1754/18/4826
f 31/4386/4827 25/4015/4827 2/4387/4827
f 25/4015/4828 31/4386/4828 1887/3364/4828
f 1753/4385/4829 1756/2965/4829 1897/4388/4829
f 1769/1214/4830 1768/1213/4830 1765/4389/4830
f 1767/1216/4831 1765/4389/4831 1768/1213/4831
f 1773/2040/4832 1756/2965/4832 1772/1215/4832
f 3869/2972/4833 1774/2818/4833 1776/2973/4833
f 4376/3730/4834 1780/4390/4834 3747/3727/4834
f 4379/4391/4835 1780/4390/4835 4376/3730/4835
f 4379/4392/4836 1782/2974/4836 1780/4393/4836
f 4376/3730/4837 3962/4394/4837 4379/4391/4837
f 12/4395/4838 34/4014/4838 13/12/4838
f 3/2/4839 2/1/4839 12/4396/4839
f 18/1227/4840 4/3/4840 1784/1224/4840
f 3/2/4841 1784/1224/4841 4/3/4841
f 1787/1233/4842 14/6/4842 8/4397/4842
f 9/1232/4843 8/4397/4843 14/6/4843
f 8/3122/4844 9/11/4844 43/19/4844
f 74/3125/4845 43/19/4845 42/10/4845
f 19/1235/4846 14/6/4846 1787/1233/4846
f 3852/4398/4847 1033/1529/4847 2208/4030/4847
f 3743/2815/4848 19/1235/4848 1788/1234/4848
f 20/3642/4849 14/6/4849 19/1235/4849
f 2209/1539/4850 2202/1538/4850 2210/2303/4850
f 1794/1238/4851 1795/2816/4851 1793/4013/4851
f 2216/2854/4852 2212/1540/4852 2497/4399/4852
f 1819/4400/4853 1814/3667/4853 1818/1273/4853
f 1818/1273/4854 1820/1272/4854 1819/4400/4854
f 1820/1272/4855 1824/2989/4855 1819/4400/4855
f 4256/3525/4856 3759/3524/4856 2094/4401/4856
f 1823/1276/4857 1824/2989/4857 1820/1272/4857
f 1825/2760/4858 1823/1276/4858 3700/2761/4858
f 1819/4400/4859 2750/3720/4859 1814/3667/4859
f 2751/3721/4860 2750/3720/4860 1819/4400/4860
f 2774/1919/4861 1827/3013/4861 1854/1917/4861
f 1859/2766/4862 1814/3667/4862 2774/1919/4862
f 1818/1273/4863 1814/3667/4863 1859/2766/4863
f 3926/3051/4864 633/428/4864 2241/3601/4864
f 1860/1274/4865 3687/2753/4865 1820/1272/4865
f 3261/3826/4866 3906/3035/4866 3905/3034/4866
f 2252/1573/4867 710/3264/4867 711/497/4867
f 728/496/4868 2257/2293/4868 711/497/4868
f 2257/2293/4869 2272/1721/4869 2271/2333/4869
f 2272/1721/4870 2257/2293/4870 2269/1722/4870
f 1862/1281/4871 1865/2529/4871 1864/2772/4871
f 1863/1282/4872 1862/1281/4872 1867/2773/4872
f 711/497/4873 2254/3240/4873 2252/1573/4873
f 2257/2293/4874 2254/3240/4874 711/497/4874
f 2812/3333/4875 4148/4402/4875 2811/1950/4875
f 1869/3026/4876 1863/1282/4876 1871/1285/4876
f 1867/2773/4877 1871/1285/4877 1863/1282/4877
f 3419/2771/4878 1871/1285/4878 1867/2773/4878
f 1863/1282/4879 1869/3026/4879 3665/1283/4879
f 2272/1721/4880 2270/2334/4880 2271/2333/4880
f 1877/1288/4881 2869/4403/4881 3665/1283/4881
f 1875/1284/4882 1869/3026/4882 1871/1285/4882
f 2273/3260/4883 2270/2334/4883 2272/1721/4883
f 1877/1288/4884 1869/3026/4884 1875/1284/4884
f 3776/3258/4885 2287/3553/4885 2286/2288/4885
f 177/112/4886 1876/1287/4886 1875/1284/4886
f 177/112/4887 2760/1286/4887 1876/1287/4887
f 1882/4404/4888 4334/2515/4888 2845/1294/4888
f 1882/4404/4889 2845/1294/4889 2844/4405/4889
f 4334/2515/4890 1879/2514/4890 1922/3029/4890
f 752/1584/4891 2293/4053/4891 2296/1586/4891
f 4506/4406/4892 2303/4407/4892 3260/3245/4892
f 951/629/4893 752/1584/4893 2296/1586/4893
f 3164/4408/4894 2330/1608/4894 2337/1609/4894
f 2326/1607/4895 2328/3812/4895 2332/1610/4895
f 1634/2708/4896 1909/1939/4896 1901/1941/4896
f 777/1606/4897 2331/3811/4897 2328/3812/4897
f 2328/3812/4898 2326/1607/4898 777/1606/4898
f 2331/3811/4899 777/1606/4899 3945/3810/4899
f 3686/4409/4900 2821/1952/4900 4145/4410/4900
f 3149/3805/4901 2332/1610/4901 2328/3812/4901
f 2339/1612/4902 2341/3199/4902 2338/4411/4902
f 3293/4412/4903 2344/4413/4903 4070/3204/4903
f 4070/3204/4904 2344/4413/4904 4063/3814/4904
f 1921/1330/4905 1922/3029/4905 1919/1320/4905
f 4516/4414/4906 1742/2730/4906 2870/1996/4906
f 1743/4415/4907 1726/1194/4907 1727/1196/4907
f 1727/1196/4908 1729/4416/4908 1743/4415/4908
f 3673/2749/4909 3037/3398/4909 3834/3773/4909
f 3834/3773/4910 3836/2934/4910 3673/2749/4910
f 4296/4417/4911 4473/4035/4911 2628/4418/4911
f 2086/4357/4912 2090/4419/4912 2089/4359/4912
f 2090/4036/4913 2086/2245/4913 2614/4037/4913
f 4127/3576/4914 4296/4420/4914 945/4421/4914
f 945/4421/4915 2410/1647/4915 4127/3576/4915
f 2334/2344/4916 4251/4422/4916 2152/3518/4916
f 2394/1634/4917 2393/1633/4917 2398/3813/4917
f 2400/3186/4918 2393/1633/4918 2390/1632/4918
f 2393/1633/4919 2400/3186/4919 2395/4423/4919
f 2390/1632/4920 842/1635/4920 2400/3186/4920
f 849/1637/4921 4044/3084/4921 842/1635/4921
f 1921/1330/4922 1919/1320/4922 1920/1319/4922
f 2317/3538/4923 2291/1580/4923 2316/1579/4923
f 2320/3089/4924 2416/1653/4924 2291/1580/4924
f 2432/1662/4925 2322/1599/4925 2313/1597/4925
f 2313/1597/4926 2314/4012/4926 2432/1662/4926
f 904/4424/4927 2255/4425/4927 891/605/4927
f 2435/4426/4928 2255/4425/4928 904/4424/4928
f 2435/4426/4929 2440/4427/4929 2436/4428/4929
f 2439/2781/4930 2234/1671/4930 2232/1670/4930
f 2232/1670/4931 2256/2779/4931 2439/2781/4931
f 2448/2420/4932 2464/3795/4932 2467/4429/4932
f 4145/4410/4933 2821/1952/4933 2820/1951/4933
f 2453/1687/4934 2451/1686/4934 2444/1693/4934
f 2453/1687/4935 2455/1692/4935 3361/2437/4935
f 1038/687/4936 3291/714/4936 1006/672/4936
f 2453/1687/4937 3361/2437/4937 2450/1688/4937
f 2444/1693/4938 2443/2423/4938 2464/3795/4938
f 2467/4429/4939 2464/3795/4939 2443/2423/4939
f 1472/1331/4940 1466/1013/4940 1476/2598/4940
f 3541/3673/4941 3543/2585/4941 4123/4122/4941
f 2008/3954/4942 2795/4430/4942 4123/4122/4942
f 2010/2587/4943 2008/3954/4943 4123/4122/4943
f 2010/2587/4944 2776/2586/4944 4124/3956/4944
f 2004/1383/4945 2014/1389/4945 2003/1381/4945
f 2008/3954/4946 4117/3922/4946 2007/3285/4946
f 2017/1388/4947 2016/3955/4947 2015/1391/4947
f 2016/3955/4948 2007/3285/4948 2015/1391/4948
f 1439/3655/4949 2028/1401/4949 1437/989/4949
f 1439/3655/4950 1495/1021/4950 1434/1023/4950
f 848/557/4951 803/2169/4951 2540/771/4951
f 803/2169/4952 848/557/4952 802/2459/4952
f 802/2459/4953 1080/3784/4953 803/2169/4953
f 1488/1404/4954 2033/3415/4954 2034/1432/4954
f 473/313/4955 471/317/4955 474/314/4955
f 2043/2606/4956 474/314/4956 2042/2032/4956
f 471/317/4957 476/316/4957 472/2034/4957
f 2547/3128/4958 2543/1753/4958 2545/4431/4958
f 2047/3939/4959 4101/3946/4959 484/2605/4959
f 719/482/4960 2557/1781/4960 721/3914/4960
f 4518/4432/4961 3587/2633/4961 2066/2634/4961
f 4371/4433/4962 2063/4434/4962 4518/4432/4962
f 1253/1777/4963 2563/1784/4963 2568/3145/4963
f 2073/2608/4964 2070/2607/4964 2071/3723/4964
f 2059/2639/4965 3564/2641/4965 2073/2608/4965
f 2059/2639/4966 2072/4435/4966 3585/4436/4966
f 2071/3723/4967 2074/3722/4967 3589/4078/4967
f 1198/1780/4968 1194/818/4968 4008/3136/4968
f 1198/1780/4969 1193/3766/4969 1194/818/4969
f 2557/1781/4970 1198/1780/4970 4008/3136/4970
f 719/482/4971 720/483/4971 2557/1781/4971
f 4032/3168/4972 2596/3192/4972 2597/3167/4972
f 646/433/4973 645/917/4973 3190/916/4973
f 2645/1840/4974 2644/1839/4974 2635/3964/4974
f 2635/3964/4975 2644/1839/4975 2634/4101/4975
f 2107/1463/4976 1283/880/4976 3458/1258/4976
f 2633/1834/4977 2634/4101/4977 2637/3963/4977
f 2569/1776/4978 1431/981/4978 3513/3170/4978
f 1360/2660/4979 2643/1838/4979 2645/1840/4979
f 2645/1840/4980 3528/2661/4980 1360/2660/4980
f 678/4267/4981 646/433/4981 644/435/4981
f 4195/918/4982 678/4267/4982 4196/4437/4982
f 678/4267/4983 4195/918/4983 645/917/4983
f 645/917/4984 646/433/4984 678/4267/4984
f 2123/4263/4985 1235/4438/4985 1234/2679/4985
f 1229/2670/4986 1235/4438/4986 2130/4264/4986
f 2128/1477/4987 2127/1476/4987 1234/2679/4987
f 1234/2679/4988 1232/837/4988 2123/4263/4988
f 2127/1476/4989 1233/838/4989 1232/837/4989
f 3603/4439/4990 1235/4438/4990 1229/2670/4990
f 1233/838/4991 1214/830/4991 2126/1481/4991
f 2126/1481/4992 1214/830/4992 1213/1482/4992
f 1212/832/4993 1213/1482/4993 1214/830/4993
f 2140/1485/4994 1210/2683/4994 1208/2684/4994
f 2734/1858/4995 2678/1857/4995 2682/3941/4995
f 2115/4440/4996 642/3118/4996 2151/2509/4996
f 3596/2692/4997 2115/4440/4997 4494/4441/4997
f 2115/4440/4998 1930/1332/4998 4494/4441/4998
f 3596/2692/4999 4494/4441/4999 679/2690/4999
f 2723/2609/5000 2719/4089/5000 2720/1895/5000
f 2683/4442/5001 2719/4089/5001 2724/4443/5001
f 2725/1893/5002 2719/4089/5002 2683/4442/5002
f 2736/2620/5003 2683/4442/5003 2679/2621/5003
f 2735/4444/5004 2683/4442/5004 2736/2620/5004
f 2679/2621/5005 2683/4442/5005 2724/4443/5005
f 2526/3126/5006 1930/1332/5006 2154/2510/5006
f 257/4075/5007 398/263/5007 2843/168/5007
f 433/4445/5008 2754/3412/5008 412/286/5008
f 2754/3412/5009 434/4446/5009 2756/4447/5009
f 420/4228/5010 2756/4447/5010 365/229/5010
f 380/273/5011 420/4228/5011 349/271/5011
f 433/4445/5012 2761/4448/5012 434/4446/5012
f 2761/4448/5013 413/4085/5013 2755/4449/5013
f 433/4445/5014 413/4085/5014 2761/4448/5014
f 365/229/5015 434/4446/5015 1564/4450/5015
f 434/4446/5016 365/229/5016 2756/4447/5016
f 367/231/5017 420/4228/5017 365/229/5017
f 367/231/5018 349/271/5018 420/4228/5018
f 297/3691/5019 2759/189/5019 299/209/5019
f 327/1906/5020 1975/1348/5020 328/214/5020
f 2779/4451/5021 3592/1386/5021 2777/1920/5021
f 3592/1386/5022 2779/4451/5022 3540/4452/5022
f 4455/4453/5023 2843/168/5023 398/263/5023
f 2781/1923/5024 2787/1928/5024 2782/1924/5024
f 2786/1929/5025 2790/1930/5025 2780/1932/5025
f 3593/3676/5026 2789/2682/5026 2791/1931/5026
f 3593/3676/5027 4519/4454/5027 2789/2682/5027
f 2789/2682/5028 4519/4454/5028 3478/2552/5028
f 2014/1389/5029 3485/1934/5029 3484/2548/5029
f 2795/4430/5030 3484/2548/5030 2794/1387/5030
f 3484/2548/5031 2797/2549/5031 2794/1387/5031
f 406/4306/5032 1543/1052/5032 1542/210/5032
f 1542/210/5033 299/209/5033 1538/4307/5033
f 1538/4307/5034 295/188/5034 1539/1955/5034
f 299/209/5035 295/188/5035 1538/4307/5035
f 322/1981/5036 2814/1982/5036 320/243/5036
f 246/161/5037 319/1946/5037 247/162/5037
f 320/243/5038 247/162/5038 319/1946/5038
f 262/195/5039 319/1946/5039 304/196/5039
f 341/3936/5040 342/1051/5040 343/217/5040
f 341/3936/5041 314/242/5041 265/4204/5041
f 252/241/5042 265/4204/5042 314/242/5042
f 2823/1986/5043 2827/3976/5043 366/230/5043
f 2828/246/5044 2827/3976/5044 2829/1065/5044
f 2825/3983/5045 2829/1065/5045 2827/3976/5045
f 927/616/5046 932/1549/5046 774/1547/5046
f 910/614/5047 778/527/5047 774/1547/5047
f 2837/4211/5048 2840/1980/5048 2833/1956/5048
f 2839/4212/5049 2840/1980/5049 2837/4211/5049
f 274/1979/5050 2840/1980/5050 2839/4212/5050
f 287/4209/5051 288/4206/5051 2836/4455/5051
f 2836/4455/5052 4337/4207/5052 287/4209/5052
f 4337/4207/5053 2836/4455/5053 2839/4212/5053
f 2836/4455/5054 288/4206/5054 4507/4205/5054
f 274/1979/5055 4507/4205/5055 4508/4456/5055
f 4451/1971/5056 2848/1041/5056 2855/1972/5056
f 880/1666/5057 2235/3105/5057 2233/1568/5057
f 2232/4082/5058 2233/4457/5058 4490/4083/5058
f 2232/1670/5059 2253/4458/5059 2256/2779/5059
f 2256/1665/5060 2239/1561/5060 2436/4428/5060
f 2436/4428/5061 2255/4425/5061 2435/4426/5061
f 2436/4428/5062 2246/1565/5062 2255/4425/5062
f 2234/1671/5063 880/1666/5063 2233/1568/5063
f 2246/1565/5064 891/605/5064 2255/4425/5064
f 2245/1564/5065 901/3480/5065 891/605/5065
f 2262/4459/5066 3967/4460/5066 2264/4461/5066
f 2262/4459/5067 2264/4461/5067 2263/4462/5067
f 2260/2756/5068 3963/3504/5068 2261/2401/5068
f 4456/4463/5069 4340/4464/5069 2930/4465/5069
f 2264/4461/5070 3322/2413/5070 3963/3504/5070
f 3332/2411/5071 3967/4460/5071 2259/2409/5071
f 3967/4460/5072 3332/2411/5072 2264/4461/5072
f 896/1676/5073 893/4068/5073 2231/1677/5073
f 2831/2012/5074 2930/4465/5074 4340/4464/5074
f 2354/1993/5075 2868/1994/5075 2867/3027/5075
f 1876/1287/5076 2867/3027/5076 4345/4466/5076
f 2871/4311/5077 4345/4466/5077 2867/3027/5077
f 2355/2001/5078 4345/4466/5078 2350/4310/5078
f 2874/2005/5079 2353/1999/5079 2878/4467/5079
f 4520/4468/5080 2878/4467/5080 2353/1999/5080
f 400/262/5081 2842/4469/5081 2755/4449/5081
f 2882/2016/5082 2885/2010/5082 2880/2009/5082
f 2883/3990/5083 2879/2008/5083 2160/4470/5083
f 4188/912/5084 3190/916/5084 2625/1821/5084
f 3531/4471/5085 2102/1456/5085 3463/3440/5085
f 2879/2008/5086 2802/2029/5086 2160/4470/5086
f 2882/2016/5087 2887/2013/5087 2890/4149/5087
f 3603/4439/5088 3601/3929/5088 4310/3931/5088
f 2897/2027/5089 2896/2025/5089 1722/1961/5089
f 2888/2015/5090 1722/1961/5090 2896/2025/5090
f 2887/2013/5091 2888/2015/5091 2896/2025/5091
f 2896/2025/5092 2897/2027/5092 4164/3368/5092
f 2898/2028/5093 2897/2027/5093 1722/1961/5093
f 3961/3171/5094 2313/1597/5094 2322/1599/5094
f 2322/1599/5095 2318/1598/5095 3961/3171/5095
f 3961/3171/5096 2323/3535/5096 4265/3539/5096
f 3961/3171/5097 2317/3538/5097 2316/1579/5097
f 3961/3171/5098 4265/3539/5098 2317/3538/5098
f 2291/1580/5099 2317/3538/5099 2319/3537/5099
f 2323/3535/5100 2324/1600/5100 2312/1593/5100
f 2318/1598/5101 2324/1600/5101 2323/3535/5101
f 820/4250/5102 3141/1603/5102 2321/1602/5102
f 2358/1627/5103 816/4017/5103 820/4250/5103
f 3726/4472/5104 4325/4245/5104 2909/3001/5104
f 2914/3725/5105 2915/2802/5105 81/2801/5105
f 2100/3932/5106 2101/1455/5106 2103/1457/5106
f 3738/63/5107 2915/2802/5107 99/61/5107
f 58/1301/5108 17/1886/5108 55/1302/5108
f 17/1886/5109 58/1301/5109 59/4331/5109
f 1895/1887/5110 17/1886/5110 59/4331/5110
f 1768/1213/5111 4160/1212/5111 1897/4388/5111
f 2922/1189/5112 2923/2050/5112 2921/2043/5112
f 2922/1189/5113 2924/2048/5113 2923/2050/5113
f 4196/4437/5114 4194/4473/5114 4195/918/5114
f 46/2052/5115 2924/2048/5115 1927/1878/5115
f 2358/1627/5116 2357/1620/5116 2391/3532/5116
f 1927/1878/5117 2711/1879/5117 46/2052/5117
f 2371/1630/5118 2360/1618/5118 2389/4474/5118
f 2371/1630/5119 2369/4018/5119 823/1631/5119
f 4196/4437/5120 1273/4475/5120 4194/4473/5120
f 37/2069/5121 33/4476/5121 2936/3356/5121
f 2357/1620/5122 2358/1627/5122 2374/2364/5122
f 2374/2364/5123 2370/2363/5123 2357/1620/5123
f 2374/2364/5124 2358/1627/5124 2381/1629/5124
f 2370/2363/5125 2343/4019/5125 2357/1620/5125
f 33/4476/5126 1683/4477/5126 2936/3356/5126
f 2389/4474/5127 2338/4411/5127 2371/1630/5127
f 2695/1866/5128 2955/3346/5128 2952/3345/5128
f 2667/1849/5129 4513/27/5129 71/29/5129
f 1952/1853/5130 4167/2123/5130 70/28/5130
f 2983/2110/5131 2991/2128/5131 2658/2111/5131
f 2663/2113/5132 2658/2111/5132 2989/4478/5132
f 2989/4478/5133 2658/2111/5133 2991/2128/5133
f 4505/2127/5134 3004/4479/5134 2989/4478/5134
f 3001/2116/5135 2993/2115/5135 2991/2128/5135
f 3001/2116/5136 2983/2110/5136 2659/2120/5136
f 1622/2121/5137 2659/2120/5137 4437/4366/5137
f 3027/4480/5138 1622/2121/5138 4437/4366/5138
f 3004/4479/5139 4521/4481/5139 2988/4482/5139
f 2989/4478/5140 2988/4482/5140 3002/2126/5140
f 2988/4482/5141 2989/4478/5141 3004/4479/5141
f 2657/2125/5142 2656/1340/5142 3005/2124/5142
f 2988/4482/5143 2657/2125/5143 3002/2126/5143
f 2655/4483/5144 125/78/5144 3006/4484/5144
f 2989/4478/5145 2991/2128/5145 4505/2127/5145
f 2993/2115/5146 3740/2811/5146 4505/2127/5146
f 4522/4485/5147 124/4486/5147 2655/4483/5147
f 2426/3060/5148 3146/2248/5148 2425/3058/5148
f 2661/2112/5149 3025/1059/5149 1554/1058/5149
f 1550/1063/5150 3025/1059/5150 2660/2137/5150
f 1606/4487/5151 3025/1059/5151 1520/1047/5151
f 3029/1375/5152 3030/2440/5152 1995/1376/5152
f 4394/1365/5153 1993/1377/5153 1995/1376/5153
f 2365/3397/5154 2366/4488/5154 190/2153/5154
f 2465/3856/5155 3938/3823/5155 2463/1695/5155
f 2465/3856/5156 2459/3248/5156 2460/3822/5156
f 2466/1696/5157 2459/3248/5157 2465/3856/5157
f 2465/3856/5158 2463/1695/5158 2466/1696/5158
f 2466/1696/5159 2461/4023/5159 2459/3248/5159
f 2457/1690/5160 2456/1689/5160 2423/1655/5160
f 1465/1019/5161 1479/4028/5161 220/2892/5161
f 2023/1393/5162 3816/1390/5162 2022/1020/5162
f 2631/1008/5163 1463/4348/5163 1449/1009/5163
f 2506/4130/5164 2470/4133/5164 2471/4143/5164
f 2470/4133/5165 2475/4489/5165 2471/4143/5165
f 4420/4490/5166 2475/4489/5166 2470/4133/5166
f 1406/990/5167 1441/1010/5167 1458/1012/5167
f 2475/4489/5168 4420/4490/5168 2478/4136/5168
f 2607/2181/5169 2608/2390/5169 2606/2179/5169
f 2482/1705/5170 2680/2294/5170 2480/1706/5170
f 3200/4137/5171 2480/1706/5171 2680/2294/5171
f 2481/1704/5172 2484/1707/5172 2482/1705/5172
f 4217/3008/5173 3201/3045/5173 2481/1704/5173
f 251/2186/5174 1399/165/5174 249/164/5174
f 251/2186/5175 2030/1018/5175 2036/2910/5175
f 2487/1713/5176 1374/1712/5176 2171/1711/5176
f 1374/1712/5177 2488/2831/5177 4237/1710/5177
f 1374/1712/5178 4470/4027/5178 2488/2831/5178
f 2489/2287/5179 3193/2286/5179 4275/3838/5179
f 2490/2285/5180 2494/1714/5180 2496/1716/5180
f 2211/1536/5181 2215/1535/5181 2496/1716/5181
f 2497/4399/5182 2211/1536/5182 2495/1715/5182
f 728/496/5183 2198/2853/5183 2499/2291/5183
f 2500/1720/5184 2499/2291/5184 2196/2847/5184
f 2499/2291/5185 2500/1720/5185 2269/1722/5185
f 1186/813/5186 3624/2706/5186 3623/814/5186
f 2193/1521/5187 2497/4399/5187 2498/1719/5187
f 2193/1521/5188 2216/2854/5188 2497/4399/5188
f 2211/1536/5189 2497/4399/5189 2212/1540/5189
f 620/413/5190 618/414/5190 617/411/5190
f 2504/4491/5191 3198/4134/5191 2506/4130/5191
f 2510/4492/5192 3198/4134/5192 3872/4286/5192
f 2507/4132/5193 3198/4134/5193 2510/4492/5193
f 2510/4492/5194 4211/4493/5194 2511/4494/5194
f 2514/1728/5195 3870/4138/5195 2483/4495/5195
f 2514/1728/5196 2512/1727/5196 3868/4152/5196
f 2518/2975/5197 2513/1729/5197 2514/1728/5197
f 2517/1732/5198 2516/1731/5198 3232/4150/5198
f 2520/4151/5199 3232/4150/5199 2516/1731/5199
f 3791/4496/5200 3792/2979/5200 2534/1742/5200
f 3227/4497/5201 2534/1742/5201 2535/1746/5201
f 742/2366/5202 1390/951/5202 438/4498/5202
f 1569/3404/5203 4174/4308/5203 323/4499/5203
f 2537/4043/5204 2530/1745/5204 2536/1747/5204
f 2535/1746/5205 2530/1745/5205 3227/4497/5205
f 3121/1439/5206 469/2920/5206 464/309/5206
f 469/2920/5207 2092/1449/5207 467/3447/5207
f 2092/1449/5208 469/2920/5208 3296/2361/5208
f 2516/1731/5209 2537/4043/5209 3238/2859/5209
f 2536/1747/5210 3238/2859/5210 2537/4043/5210
f 2515/1730/5211 2537/4043/5211 2516/1731/5211
f 4178/4208/5212 4337/4207/5212 2837/4211/5212
f 3125/324/5213 3123/3860/5213 3124/2907/5213
f 1319/4325/5214 1316/906/5214 1309/903/5214
f 1319/4325/5215 1380/4332/5215 1316/906/5215
f 3144/2246/5216 2087/1447/5216 2615/2244/5216
f 2086/2245/5217 2615/2244/5217 2614/4037/5217
f 465/3448/5218 2089/4359/5218 4517/4500/5218
f 2089/4359/5219 2090/4419/5219 4517/4500/5219
f 2612/3855/5220 465/3448/5220 4517/4500/5220
f 2069/1430/5221 3288/1427/5221 524/1428/5221
f 4418/3832/5222 3155/2929/5222 3153/3831/5222
f 2561/3290/5223 2054/1426/5223 2053/1425/5223
f 358/4340/5224 2561/3290/5224 2051/3289/5224
f 3161/2257/5225 541/361/5225 4128/328/5225
f 3167/2262/5226 3166/2947/5226 3165/2265/5226
f 1297/2271/5227 2175/409/5227 3170/1510/5227
f 3186/2281/5228 3171/4501/5228 3179/2325/5228
f 419/3602/5229 2578/1791/5229 2580/3603/5229
f 615/1505/5230 3177/2275/5230 3176/854/5230
f 2159/2296/5231 3178/4383/5231 2162/4502/5231
f 3186/2281/5232 2168/4503/5232 3171/4501/5232
f 2121/1474/5233 2167/4504/5233 3135/3276/5233
f 2167/4504/5234 2121/1474/5234 2141/1486/5234
f 2039/201/5235 307/200/5235 321/204/5235
f 566/2957/5236 3194/2872/5236 553/2874/5236
f 3197/2877/5237 3194/2872/5237 566/2957/5237
f 3178/4383/5238 3177/2275/5238 615/1505/5238
f 2309/1825/5239 2608/2390/5239 3069/2388/5239
f 2606/2179/5240 2608/2390/5240 2283/3605/5240
f 3315/2393/5241 2282/1813/5241 2611/1812/5241
f 3203/4505/5242 2164/3282/5242 4122/3283/5242
f 2616/3331/5243 2619/2394/5243 2617/3332/5243
f 2368/1822/5244 2372/3340/5244 2617/3332/5244
f 4176/3974/5245 2842/4469/5245 4174/4308/5245
f 528/927/5246 519/345/5246 1341/913/5246
f 536/928/5247 528/927/5247 4188/912/5247
f 518/344/5248 4524/4506/5248 519/345/5248
f 4524/4506/5249 3026/2655/5249 519/345/5249
f 1988/1833/5250 1487/2798/5250 1485/150/5250
f 4175/1082/5251 1567/1984/5251 4176/3974/5251
f 3246/1701/5252 748/507/5252 3243/2328/5252
f 3184/2323/5253 10/35/5253 3243/2328/5253
f 40/4026/5254 1177/4507/5254 4470/4027/5254
f 4384/4508/5255 4440/4509/5255 3765/2945/5255
f 233/3387/5256 234/3386/5256 235/2729/5256
f 1689/4052/5257 4440/2664/5257 4384/2953/5257
f 1177/4507/5258 3251/4510/5258 4470/4027/5258
f 763/513/5259 3174/512/5259 765/521/5259
f 765/521/5260 3174/512/5260 3206/3836/5260
f 1144/770/5261 1143/769/5261 771/776/5261
f 2252/1573/5262 2254/3240/5262 705/1571/5262
f 705/1571/5263 2254/3240/5263 2265/1574/5263
f 4098/2335/5264 2273/3260/5264 3776/3258/5264
f 637/3684/5265 3259/4511/5265 2243/3682/5265
f 3259/4511/5266 4328/4512/5266 2243/3682/5266
f 3636/2722/5267 3494/2725/5267 3633/2723/5267
f 2659/2120/5268 2661/2112/5268 4437/4366/5268
f 2983/2110/5269 2661/2112/5269 2659/2120/5269
f 1957/1061/5270 2660/2137/5270 2658/2111/5270
f 2660/2137/5271 2661/2112/5271 2658/2111/5271
f 160/4513/5272 148/2096/5272 1950/2950/5272
f 62/4184/5273 4157/3752/5273 76/4173/5273
f 4478/4054/5274 3897/3016/5274 48/4185/5274
f 1615/1108/5275 1565/1079/5275 1577/1078/5275
f 1577/1078/5276 129/1086/5276 1615/1108/5276
f 4264/4181/5277 3271/2833/5277 3249/2835/5277
f 3897/3016/5278 62/4184/5278 60/4172/5278
f 1590/1085/5279 1576/1077/5279 119/4514/5279
f 1590/1085/5280 127/80/5280 1970/1850/5280
f 3272/4049/5281 3270/2834/5281 3273/2341/5281
f 3273/2341/5282 2387/2340/5282 3272/4049/5282
f 2655/4483/5283 124/4486/5283 120/79/5283
f 3281/2347/5284 3285/2250/5284 3287/2353/5284
f 1039/688/5285 1040/689/5285 3287/2353/5285
f 926/4271/5286 4434/4515/5286 914/4161/5286
f 3286/2349/5287 3287/2353/5287 3291/714/5287
f 3293/4412/5288 2346/2370/5288 2344/4413/5288
f 2346/2370/5289 3145/1594/5289 2344/4413/5289
f 3145/1594/5290 3297/2360/5290 3295/2372/5290
f 2346/2370/5291 3293/4412/5291 2386/2362/5291
f 3297/2360/5292 2346/2370/5292 2381/1629/5292
f 2694/4516/5293 2695/1866/5293 2693/1865/5293
f 2694/4516/5294 2926/4517/5294 2695/1866/5294
f 2700/1867/5295 2926/4517/5295 2694/4516/5295
f 3297/2360/5296 3294/2359/5296 3295/2372/5296
f 1702/1868/5297 2700/1867/5297 1705/2055/5297
f 2706/1873/5298 1923/1870/5298 2707/1872/5298
f 4484/638/5299 925/4270/5299 913/4070/5299
f 1931/1874/5300 2708/1876/5300 1923/1870/5300
f 2709/21/5301 1923/1870/5301 2706/1873/5301
f 3295/2372/5302 3302/2371/5302 3145/1594/5302
f 3302/2371/5303 2323/3535/5303 3145/1594/5303
f 1931/1874/5304 1923/1870/5304 2709/21/5304
f 2705/1877/5305 4162/4518/5305 2706/1873/5305
f 2706/1873/5306 4162/4518/5306 47/22/5306
f 4162/4518/5307 2710/2051/5307 47/22/5307
f 926/4271/5308 915/645/5308 933/4176/5308
f 2380/1628/5309 2413/2358/5309 2381/1629/5309
f 47/22/5310 2710/2051/5310 2711/1879/5310
f 36/17/5311 35/16/5311 1911/2477/5311
f 36/17/5312 1911/2477/5312 1912/2970/5312
f 1904/1306/5313 1912/2970/5313 1911/2477/5313
f 2715/4519/5314 3396/4520/5314 1913/4521/5314
f 3397/3885/5315 3396/4520/5315 2715/4519/5315
f 1765/1210/5316 1767/4522/5316 1764/7/5316
f 1757/1219/5317 3861/2966/5317 2717/1884/5317
f 1757/1219/5318 1772/1215/5318 1756/2965/5318
f 933/4176/5319 4434/4515/5319 926/4271/5319
f 21/1885/5320 1785/1225/5320 16/3643/5320
f 1894/2039/5321 18/1227/5321 21/1885/5321
f 34/4014/5322 12/4395/5322 25/4015/5322
f 13/12/5323 1783/4523/5323 12/4395/5323
f 13/12/5324 34/4014/5324 42/10/5324
f 30/4524/5325 31/4525/5325 1870/1296/5325
f 134/1891/5326 2728/1890/5326 4331/3906/5326
f 134/1891/5327 2733/1897/5327 2731/1892/5327
f 1813/3660/5328 2733/1897/5328 134/1891/5328
f 1889/1888/5329 2728/1890/5329 2731/1892/5329
f 2733/1897/5330 2727/1889/5330 2731/1892/5330
f 2733/1897/5331 1849/1896/5331 2727/1889/5331
f 1038/687/5332 1007/4280/5332 922/4275/5332
f 4333/3666/5333 2739/1899/5333 1849/1896/5333
f 2741/2496/5334 2739/1899/5334 4333/3666/5334
f 2742/2786/5335 1840/1263/5335 1834/1901/5335
f 1833/1261/5336 1840/1263/5336 2742/2786/5336
f 2744/2999/5337 2742/2786/5337 2745/2785/5337
f 2743/2987/5338 2742/2786/5338 2744/2999/5338
f 3320/565/5339 822/3530/5339 2397/3083/5339
f 3320/565/5340 826/564/5340 822/3530/5340
f 2747/2503/5341 2746/4066/5341 2743/2987/5341
f 3884/2998/5342 3707/2787/5342 2743/2987/5342
f 2750/3720/5343 2744/2999/5343 2745/2785/5343
f 2743/2987/5344 2744/2999/5344 3884/2998/5344
f 76/4173/5345 60/4172/5345 62/4184/5345
f 62/4184/5346 3897/3016/5346 4478/4054/5346
f 3325/2405/5347 3322/2413/5347 3324/2406/5347
f 3323/2400/5348 3324/2406/5348 2161/2408/5348
f 2334/2344/5349 2385/3533/5349 3276/2345/5349
f 3322/2413/5350 3325/2405/5350 3963/3504/5350
f 3335/4071/5351 3334/4526/5351 2259/2409/5351
f 3336/2414/5352 3680/2416/5352 3335/4071/5352
f 3343/3870/5353 3680/2416/5353 4270/3116/5353
f 3343/3557/5354 3342/4074/5354 3338/4073/5354
f 3678/1717/5355 3339/2418/5355 3342/4074/5355
f 3270/2834/5356 4263/3862/5356 3275/2343/5356
f 3900/3028/5357 178/114/5357 2762/4195/5357
f 2762/4195/5358 181/4527/5358 3900/3028/5358
f 3648/4200/5359 3900/3028/5359 181/4527/5359
f 2448/2420/5360 2467/4429/5360 2443/2423/5360
f 2447/1684/5361 2448/2420/5361 2449/1685/5361
f 2443/2423/5362 2444/1693/5362 2451/1686/5362
f 2443/2423/5363 2452/2424/5363 2448/2420/5363
f 2445/1679/5364 2448/2420/5364 2446/4528/5364
f 3358/2434/5365 3352/2427/5365 3353/2429/5365
f 3113/2218/5366 3111/4529/5366 3106/2213/5366
f 202/129/5367 153/123/5367 188/118/5367
f 3358/2434/5368 3360/3482/5368 3359/2432/5368
f 3358/2434/5369 3366/2433/5369 3111/4529/5369
f 3111/4529/5370 3357/3483/5370 3358/2434/5370
f 31/4386/5371 30/3362/5371 1887/3364/5371
f 3896/4530/5372 2766/4531/5372 2767/1911/5372
f 2766/4531/5373 3896/4530/5373 1850/4532/5373
f 1851/3329/5374 2772/3328/5374 2774/4533/5374
f 996/2436/5375 3112/2221/5375 1001/669/5375
f 4218/2222/5376 3112/2221/5376 996/2436/5376
f 3109/4087/5377 3107/2214/5377 3367/2444/5377
f 4485/4080/5378 3367/2444/5378 3107/2214/5378
f 3372/2448/5379 2245/1564/5379 2244/1563/5379
f 2245/1564/5380 3372/2448/5380 4018/1567/5380
f 3370/2446/5381 4489/1560/5381 3371/2447/5381
f 972/2461/5382 3383/2460/5382 3390/2471/5382
f 3390/2471/5383 3385/2473/5383 972/2461/5383
f 3390/2471/5384 3387/706/5384 3385/2473/5384
f 3384/2467/5385 3389/2466/5385 3383/2460/5385
f 3389/2466/5386 3390/2471/5386 3383/2460/5386
f 1719/3024/5387 1901/1941/5387 2803/1940/5387
f 4466/4534/5388 2803/1940/5388 1907/1944/5388
f 1910/3995/5389 4466/3998/5389 1907/4535/5389
f 4413/3274/5390 4239/3818/5390 2472/4536/5390
f 2809/4537/5391 4200/3458/5391 1628/3500/5391
f 1730/4318/5392 2820/4538/5392 1741/4320/5392
f 4238/4140/5393 4415/4539/5393 3199/4540/5393
f 3384/2467/5394 3105/3153/5394 3400/3152/5394
f 3400/3152/5395 3391/2464/5395 3384/2467/5395
f 3392/2465/5396 3391/2464/5396 1959/3902/5396
f 2803/1940/5397 1909/1939/5397 1907/1944/5397
f 1909/1939/5398 1908/1942/5398 1907/1944/5398
f 4502/4139/5399 4501/3499/5399 4427/4541/5399
f 1908/3459/5400 4200/3458/5400 1910/3995/5400
f 1109/2197/5401 3401/2196/5401 1129/3139/5401
f 1129/3139/5402 3401/2196/5402 1114/2480/5402
f 1741/4320/5403 2822/154/5403 1734/1954/5403
f 3628/1953/5404 1728/2752/5404 1734/1954/5404
f 1728/2752/5405 1731/1197/5405 1732/1199/5405
f 2485/1708/5406 4426/1903/5406 4424/4542/5406
f 2838/1192/5407 1723/1191/5407 2854/1960/5407
f 1722/1961/5408 2854/1960/5408 1723/1191/5408
f 2847/4543/5409 2846/4544/5409 1885/4545/5409
f 1129/3139/5410 1128/2501/5410 1109/2197/5410
f 2815/1948/5411 2816/1947/5411 4339/1962/5411
f 4456/4463/5412 4339/1962/5412 2816/1947/5412
f 4456/4463/5413 2816/1947/5413 4340/4464/5413
f 2845/1966/5414 2847/4546/5414 1885/1964/5414
f 1884/1293/5415 1883/1292/5415 2850/3303/5415
f 3647/4547/5416 2850/3303/5416 4131/3294/5416
f 1884/1293/5417 2850/3303/5417 3647/4547/5417
f 1883/1292/5418 1941/1969/5418 2850/3303/5418
f 2850/3303/5419 1941/1969/5419 1562/3055/5419
f 228/147/5420 1977/1354/5420 1537/3610/5420
f 1537/3610/5421 1977/1354/5421 1976/1353/5421
f 1560/4548/5422 4346/1975/5422 2856/1974/5422
f 1570/3056/5423 2858/3923/5423 1567/1984/5423
f 1570/3056/5424 2859/3057/5424 2858/3923/5424
f 1930/1332/5425 2115/4440/5425 2151/2509/5425
f 281/4549/5426 274/1979/5426 4508/4456/5426
f 2834/1958/5427 292/186/5427 2835/1957/5427
f 300/1983/5428 2829/1065/5428 2825/3983/5428
f 2825/3983/5429 2826/4550/5429 300/1983/5429
f 3932/3984/5430 3933/4551/5430 4346/1975/5430
f 2823/1986/5431 1574/1985/5431 2827/3976/5431
f 3440/3747/5432 3426/3919/5432 3432/2522/5432
f 3440/3747/5433 3446/4552/5433 3430/2520/5433
f 3429/2519/5434 3430/2520/5434 3446/4552/5434
f 3051/2167/5435 3436/2166/5435 3435/3978/5435
f 3446/4552/5436 3427/2517/5436 3429/2519/5436
f 3427/2517/5437 3446/4552/5437 3445/3745/5437
f 3429/2519/5438 3428/2518/5438 3431/2534/5438
f 3448/3924/5439 3431/2534/5439 3449/3612/5439
f 3451/3739/5440 3425/3746/5440 3440/3747/5440
f 3433/2523/5441 3441/3748/5441 3452/2521/5441
f 3441/3748/5442 3451/3739/5442 3440/3747/5442
f 3425/3746/5443 3446/4552/5443 3440/3747/5443
f 3425/3746/5444 3445/3745/5444 3446/4552/5444
f 3427/2517/5445 3445/3745/5445 3428/2518/5445
f 3428/2518/5446 3449/3612/5446 3431/2534/5446
f 3460/3768/5447 1288/887/5447 1286/3166/5447
f 1286/3166/5448 1288/887/5448 1287/886/5448
f 1293/1464/5449 1288/887/5449 1294/3769/5449
f 4453/4553/5450 1294/3769/5450 3462/1782/5450
f 3462/1782/5451 4454/4107/5451 4453/4553/5451
f 1294/3769/5452 4453/4553/5452 3459/4554/5452
f 3462/1782/5453 2572/1783/5453 4454/4107/5453
f 3464/2537/5454 661/477/5454 604/2536/5454
f 655/457/5455 598/1504/5455 652/1503/5455
f 655/457/5456 599/3110/5456 598/1504/5456
f 599/3110/5457 591/2542/5457 590/4555/5457
f 655/457/5458 591/2542/5458 599/3110/5458
f 657/2543/5459 590/4555/5459 591/2542/5459
f 657/2543/5460 669/444/5460 3469/4556/5460
f 657/2543/5461 3469/4556/5461 590/4555/5461
f 669/444/5462 595/338/5462 3469/4556/5462
f 3520/4104/5463 3519/4557/5463 3471/3743/5463
f 3475/2547/5464 3447/2545/5464 3476/4558/5464
f 3447/2545/5465 3482/2546/5465 2638/4103/5465
f 3481/3757/5466 3482/2546/5466 3475/2547/5466
f 332/3409/5467 335/2694/5467 330/3410/5467
f 3524/4102/5468 3517/2568/5468 2967/2573/5468
f 3529/2659/5469 3526/2575/5469 1367/4559/5469
f 3517/2568/5470 3523/2570/5470 2967/2573/5470
f 1368/2089/5471 1367/4559/5471 3526/2575/5471
f 3516/2577/5472 2102/1456/5472 3531/4471/5472
f 3531/4471/5473 3463/3440/5473 3965/3093/5473
f 297/207/5474 472/2034/5474 2759/2033/5474
f 2962/4560/5475 3965/3093/5475 601/4561/5475
f 471/317/5476 472/2034/5476 2041/206/5476
f 2043/2606/5477 2042/2032/5477 404/208/5477
f 2047/3939/5478 2043/2606/5478 3546/2590/5478
f 1376/939/5479 3529/2659/5479 1363/4285/5479
f 3510/2563/5480 3513/3170/5480 3512/2649/5480
f 3591/4562/5481 3513/3170/5481 1431/981/5481
f 786/538/5482 427/4238/5482 3116/289/5482
f 2671/2610/5483 1404/2064/5483 2925/2062/5483
f 1404/2064/5484 2929/2060/5484 2928/2059/5484
f 1404/2064/5485 2932/2066/5485 2929/2060/5485
f 2933/3230/5486 2677/2061/5486 2956/2601/5486
f 2956/2601/5487 2677/2061/5487 2929/2060/5487
f 2938/2083/5488 1311/4563/5488 1289/4093/5488
f 2942/4564/5489 2958/4113/5489 2938/2083/5489
f 2676/4565/5490 2958/4113/5490 2942/4564/5490
f 2676/4565/5491 2941/2086/5491 2958/4113/5491
f 2958/4113/5492 2944/2092/5492 2940/2081/5492
f 2063/4434/5493 4182/3945/5493 2972/2102/5493
f 3560/2631/5494 3562/2640/5494 3590/2646/5494
f 2941/2086/5495 2676/4565/5495 2675/2614/5495
f 2672/1860/5496 2719/4089/5496 2723/2609/5496
f 2929/2060/5497 2931/2067/5497 2956/2601/5497
f 2938/2083/5498 2961/4566/5498 1311/4563/5498
f 2939/2079/5499 2961/4566/5499 2938/2083/5499
f 2961/4566/5500 592/3227/5500 4191/3438/5500
f 2938/2083/5501 2943/2080/5501 2939/2079/5501
f 2944/2092/5502 2958/4113/5502 2941/2086/5502
f 2941/2086/5503 2965/2085/5503 2944/2092/5503
f 2944/2092/5504 2963/2093/5504 1366/940/5504
f 1366/940/5505 1382/2082/5505 2944/2092/5505
f 2734/1858/5506 2679/2621/5506 2672/1860/5506
f 2960/2078/5507 2943/2080/5507 2957/2084/5507
f 2672/1860/5508 2679/2621/5508 2724/4443/5508
f 1365/2091/5509 2966/3224/5509 1382/2082/5509
f 2719/4089/5510 2672/1860/5510 2724/4443/5510
f 3578/2644/5511 2974/2643/5511 4368/3717/5511
f 3578/2644/5512 4369/4106/5512 3577/2636/5512
f 2976/4567/5513 4368/3717/5513 2974/2643/5513
f 2976/4567/5514 4046/3190/5514 4368/3717/5514
f 3578/2644/5515 4368/3717/5515 4369/4106/5515
f 4370/3716/5516 1375/3189/5516 2064/2108/5516
f 2065/2107/5517 4370/3716/5517 2064/2108/5517
f 2736/2620/5518 2734/1858/5518 2738/4568/5518
f 2738/4568/5519 2734/1858/5519 3566/3942/5519
f 1475/1217/5520 4463/3971/5520 1430/3970/5520
f 1430/3970/5521 2985/4569/5521 1473/4570/5521
f 1475/1217/5522 2977/2106/5522 4463/3971/5522
f 1524/1123/5523 2977/2106/5523 1475/1217/5523
f 2990/2142/5524 3014/4571/5524 4087/4572/5524
f 1466/1013/5525 1468/1015/5525 3955/2647/5525
f 3012/2130/5526 3014/2133/5526 2990/2131/5526
f 4458/4120/5527 3543/2585/5527 3537/1922/5527
f 3191/2650/5528 3013/2132/5528 3024/2146/5528
f 3026/2655/5529 3024/2146/5529 2626/2145/5529
f 1425/2652/5530 2785/2654/5530 2780/1932/5530
f 2793/4573/5531 1425/2652/5531 2780/1932/5531
f 1428/2617/5532 2793/3952/5532 3536/976/5532
f 3012/2130/5533 3021/2141/5533 3013/2132/5533
f 3012/2130/5534 3011/2129/5534 3023/2140/5534
f 3021/2141/5535 3024/2146/5535 3013/2132/5535
f 2626/2145/5536 641/1466/5536 1340/914/5536
f 642/3118/5537 3023/2140/5537 3011/2129/5537
f 642/3118/5538 3022/2144/5538 3023/2140/5538
f 3022/2144/5539 642/3118/5539 2153/4255/5539
f 3597/4086/5540 3507/3295/5540 3551/2594/5540
f 3597/4086/5541 2806/2665/5541 3504/3298/5541
f 2806/2665/5542 3598/2666/5542 3504/3298/5542
f 3545/4574/5543 3503/4575/5543 2810/4576/5543
f 3545/4574/5544 3547/4577/5544 403/2559/5544
f 1945/1327/5545 4338/1989/5545 3607/4578/5545
f 2301/3247/5546 4240/3816/5546 4092/3244/5546
f 3608/1016/5547 3609/1336/5547 3607/4578/5547
f 3042/3102/5548 3040/1814/5548 3039/2160/5548
f 3485/1934/5549 3497/2556/5549 2797/2549/5549
f 3622/2557/5550 3497/2556/5550 3485/1934/5550
f 1174/2162/5551 1196/2164/5551 1182/808/5551
f 1182/808/5552 1171/803/5552 1174/2162/5552
f 3053/2168/5553 1196/2164/5553 3049/2528/5553
f 4098/2335/5554 2285/4579/5554 3255/3237/5554
f 2796/1933/5555 3480/1978/5555 3639/3316/5555
f 3639/3316/5556 3633/2723/5556 2796/1933/5556
f 3638/3317/5557 3636/2722/5557 3637/3314/5557
f 3635/2721/5558 3633/2723/5558 3639/3316/5558
f 236/2728/5559 3638/3317/5559 4142/3318/5559
f 3054/809/5560 1182/808/5560 3055/3918/5560
f 2844/1965/5561 1885/1964/5561 3901/1991/5561
f 1885/1964/5562 1880/1992/5562 3901/1991/5562
f 3055/3918/5563 3061/2183/5563 3054/809/5563
f 3045/2178/5564 3061/2183/5564 3065/2182/5564
f 3045/2178/5565 3054/809/5565 3061/2183/5565
f 2354/1993/5566 1880/1992/5566 1881/1995/5566
f 4286/4580/5567 3837/2936/5567 4287/3579/5567
f 3062/2175/5568 1128/2501/5568 3063/2176/5568
f 3060/2492/5569 3064/2177/5569 3061/2183/5569
f 3418/4061/5570 4481/4159/5570 4480/4062/5570
f 2867/3027/5571 2877/4313/5571 2871/4311/5571
f 1742/2730/5572 2867/3027/5572 2868/1994/5572
f 4516/4414/5573 2359/1998/5573 2352/3054/5573
f 3055/3918/5574 3057/3917/5574 3061/2183/5574
f 3417/4064/5575 3416/4060/5575 4480/4062/5575
f 2871/4311/5576 2350/4310/5576 4345/4466/5576
f 53/1113/5577 1933/1115/5577 49/4581/5577
f 48/4185/5578 53/1113/5578 49/4581/5578
f 3897/3016/5579 53/1113/5579 48/4185/5579
f 53/1113/5580 3897/3016/5580 3898/3018/5580
f 3068/3599/5581 3058/2493/5581 3057/3917/5581
f 3058/2493/5582 3061/2183/5582 3057/3917/5582
f 3062/2175/5583 3064/2177/5583 3060/2492/5583
f 3923/2737/5584 1759/2748/5584 3444/2744/5584
f 1759/2748/5585 3923/2737/5585 2813/2736/5585
f 3668/3048/5586 3670/4582/5586 3669/4583/5586
f 3083/3882/5587 3084/2200/5587 3082/3597/5587
f 3079/4584/5588 3078/3596/5588 3077/1756/5588
f 3079/4584/5589 3082/3597/5589 3078/3596/5589
f 3077/1756/5590 3080/2195/5590 3079/4584/5590
f 3080/2195/5591 3082/3597/5591 3079/4584/5591
f 3085/2198/5592 3083/3882/5592 3401/2196/5592
f 729/4261/5593 3086/3148/5593 3975/3147/5593
f 729/502/5594 2558/2202/5594 3086/4585/5594
f 2237/1554/5595 2238/1556/5595 2558/2202/5595
f 3086/4585/5596 2558/2202/5596 2238/1556/5596
f 4011/3134/5597 3090/3149/5597 3089/2204/5597
f 3092/3987/5598 4011/3134/5598 3094/3988/5598
f 1762/1936/5599 2894/2023/5599 1724/1193/5599
f 2898/2028/5600 1723/1191/5600 2894/2023/5600
f 3092/3987/5601 3094/3988/5601 2247/1566/5601
f 3094/3988/5602 3369/4586/5602 2247/1566/5602
f 4467/3999/5603 2801/4587/5603 2800/4588/5603
f 1733/4000/5604 2801/4587/5604 4467/3999/5604
f 3367/2444/5605 3096/2443/5605 3099/2208/5605
f 1800/2021/5606 1727/1196/5606 4525/1195/5606
f 1729/4416/5607 3685/4589/5607 1730/4590/5607
f 3379/2454/5608 70/28/5608 78/2455/5608
f 3103/2210/5609 3100/2209/5609 3101/2211/5609
f 3109/4087/5610 3098/2207/5610 1002/2212/5610
f 1002/2212/5611 1003/4591/5611 1001/669/5611
f 3104/674/5612 3101/2211/5612 3102/2216/5612
f 3103/2210/5613 3104/674/5613 999/667/5613
f 1003/4591/5614 3098/2207/5614 3103/2210/5614
f 3103/2210/5615 1001/669/5615 1003/4591/5615
f 2774/1919/5616 2772/4592/5616 1855/2767/5616
f 3686/4409/5617 3697/3021/5617 3696/4157/5617
f 1805/1248/5618 3697/3021/5618 3686/4409/5618
f 4147/4593/5619 3696/4157/5619 3698/4594/5619
f 3700/2761/5620 3698/4594/5620 3696/4157/5620
f 1823/1276/5621 3698/4594/5621 3700/2761/5621
f 1936/4595/5622 1713/3735/5622 1712/4338/5622
f 1838/3010/5623 1842/3009/5623 1847/4328/5623
f 1809/1908/5624 1844/1265/5624 1847/4328/5624
f 1838/3010/5625 1844/1265/5625 1839/2777/5625
f 1935/3738/5626 1718/4378/5626 4320/4380/5626
f 3737/4596/5627 3735/4597/5627 3340/3172/5627
f 3340/3172/5628 3735/4597/5628 4039/3175/5628
f 2745/2785/5629 3702/3015/5629 2750/3720/5629
f 2745/2785/5630 3708/2789/5630 3702/3015/5630
f 2745/2785/5631 3709/2784/5631 3708/2789/5631
f 3710/2788/5632 3709/2784/5632 1834/1901/5632
f 1834/1901/5633 196/2776/5633 3710/2788/5633
f 108/69/5634 93/3003/5634 4504/2790/5634
f 3715/3371/5635 3745/3648/5635 3714/3000/5635
f 3719/3338/5636 2909/3001/5636 4325/4245/5636
f 2908/3647/5637 3717/4598/5637 3724/4599/5637
f 3724/4599/5638 3717/4598/5638 3713/4164/5638
f 3712/4163/5639 3724/4599/5639 3713/4164/5639
f 4326/4243/5640 2908/3647/5640 3720/3336/5640
f 2912/2037/5641 81/2801/5641 2910/2035/5641
f 900/3479/5642 3359/2432/5642 853/2232/5642
f 2910/2035/5643 3729/3300/5643 2911/2036/5643
f 854/4256/5644 900/3479/5644 853/2232/5644
f 3732/2805/5645 3729/3300/5645 2910/2035/5645
f 3732/2805/5646 2915/2802/5646 3738/63/5646
f 3732/2805/5647 3738/63/5647 3731/2803/5647
f 111/2807/5648 3738/63/5648 3739/62/5648
f 3127/3545/5649 852/2231/5649 3128/2230/5649
f 1795/2816/5650 1791/1239/5650 1792/2814/5650
f 829/3543/5651 3127/3545/5651 851/4600/5651
f 3134/2238/5652 3133/2235/5652 4486/2234/5652
f 3133/2235/5653 828/4601/5653 850/2233/5653
f 851/4600/5654 828/4601/5654 829/3543/5654
f 3141/1603/5655 3133/2235/5655 3134/2238/5655
f 2289/1604/5656 3134/2238/5656 3139/2236/5656
f 850/2233/5657 828/4601/5657 851/4600/5657
f 3133/2235/5658 818/4249/5658 828/4601/5658
f 3133/2235/5659 821/2239/5659 818/4249/5659
f 1794/1238/5660 19/1235/5660 3743/2815/5660
f 2917/26/5661 1896/40/5661 65/24/5661
f 2917/26/5662 51/23/5662 58/1301/5662
f 20/3642/5663 5/1226/5663 14/6/5663
f 14/6/5664 5/1226/5664 6/4/5664
f 941/577/5665 861/2240/5665 860/622/5665
f 2708/3633/5666 3765/2945/5666 4440/4509/5666
f 953/630/5667 2406/1643/5667 3956/3085/5667
f 3145/1594/5668 2421/1656/5668 2344/4413/5668
f 2348/1616/5669 894/1617/5669 3146/2248/5669
f 811/2247/5670 2427/1668/5670 3146/2248/5670
f 2427/1668/5671 811/2247/5671 810/1669/5671
f 2392/2822/5672 800/552/5672 795/547/5672
f 2392/2822/5673 3947/3071/5673 800/552/5673
f 3947/3071/5674 2392/2822/5674 2398/3813/5674
f 4356/3703/5675 1086/3702/5675 4135/3701/5675
f 4353/3699/5676 4185/2715/5676 1627/2717/5676
f 1992/1367/5677 1529/1373/5677 1989/2150/5677
f 2325/2821/5678 777/1606/5678 2330/1608/5678
f 777/1606/5679 2325/2821/5679 3945/3810/5679
f 4352/3698/5680 4349/3696/5680 4351/3315/5680
f 1997/2865/5681 3345/2864/5681 3797/3381/5681
f 1997/2865/5682 1996/4602/5682 1998/1378/5682
f 1999/4346/5683 1499/1024/5683 1504/1031/5683
f 2000/1033/5684 1499/1024/5684 1999/4346/5684
f 1998/1378/5685 3800/2870/5685 1999/4346/5685
f 1999/4346/5686 3800/2870/5686 2002/2869/5686
f 2002/2869/5687 2000/1033/5687 1999/4346/5687
f 2001/1379/5688 3801/2871/5688 1977/1354/5688
f 667/4076/5689 1559/1066/5689 712/4603/5689
f 228/147/5690 3802/145/5690 2001/1379/5690
f 1537/3610/5691 227/148/5691 228/147/5691
f 1487/2798/5692 1486/1368/5692 1990/2879/5692
f 1990/2879/5693 1482/3871/5693 1991/4350/5693
f 1991/4350/5694 1462/3414/5694 1990/2879/5694
f 1074/745/5695 1144/770/5695 1049/775/5695
f 1044/4604/5696 1049/775/5696 771/776/5696
f 1049/775/5697 1044/4604/5697 768/4242/5697
f 1102/746/5698 1049/775/5698 776/2269/5698
f 1074/745/5699 1049/775/5699 1102/746/5699
f 763/516/5700 3771/3255/5700 761/4605/5700
f 115/74/5701 1678/73/5701 3667/1861/5701
f 3381/4373/5702 3667/1861/5702 1680/1157/5702
f 3651/4606/5703 3922/4607/5703 2875/2006/5703
f 2685/4608/5704 3667/1861/5704 3381/4373/5704
f 2686/1156/5705 2685/4608/5705 3381/4373/5705
f 2687/2457/5706 2685/4608/5706 2686/1156/5706
f 2490/2285/5707 2288/2289/5707 2494/1714/5707
f 2288/2289/5708 2286/2288/5708 2281/4609/5708
f 2288/2289/5709 2493/4610/5709 2494/1714/5709
f 2494/1714/5710 2493/4610/5710 2495/1715/5710
f 2493/4610/5711 2288/2289/5711 2281/4609/5711
f 2500/1720/5712 2498/1719/5712 2287/3553/5712
f 2287/3553/5713 2272/1721/5713 2500/1720/5713
f 2498/1719/5714 2493/4610/5714 2281/4609/5714
f 2497/4399/5715 2493/4610/5715 2498/1719/5715
f 728/496/5716 2258/2292/5716 2257/2293/5716
f 4455/4453/5717 401/265/5717 4456/4463/5717
f 1465/1019/5718 220/2892/5718 2023/1393/5718
f 2493/4610/5719 2497/4399/5719 2495/1715/5719
f 3200/4137/5720 4420/4490/5720 2507/4132/5720
f 4420/4490/5721 3200/4137/5721 2478/4136/5721
f 3868/4152/5722 2481/1704/5722 2480/1706/5722
f 3868/4152/5723 4217/3008/5723 2481/1704/5723
f 4217/3008/5724 3868/4152/5724 2512/1727/5724
f 3207/3847/5725 3773/3257/5725 3091/2866/5725
f 3207/4154/5726 3091/2862/5726 3175/2273/5726
f 3774/3837/5727 3773/3257/5727 3772/3549/5727
f 3211/4031/5728 2217/1541/5728 3210/3844/5728
f 3210/3844/5729 2217/1541/5729 3212/2301/5729
f 2194/4611/5730 3212/2301/5730 2192/1520/5730
f 3212/2301/5731 2195/4612/5731 2521/1734/5731
f 1181/2302/5732 3202/2852/5732 3780/2849/5732
f 3202/2852/5733 1181/2302/5733 2522/1735/5733
f 2199/2848/5734 2521/1734/5734 2195/4612/5734
f 2194/4611/5735 2195/4612/5735 3212/2301/5735
f 2210/2303/5736 3211/4031/5736 3214/2304/5736
f 2581/1790/5737 3819/2924/5737 2580/3603/5737
f 3874/4128/5738 3220/4613/5738 3217/4614/5738
f 3874/4128/5739 3221/2982/5739 3220/4613/5739
f 3221/2982/5740 3874/4128/5740 3786/4127/5740
f 636/2983/5741 3221/2982/5741 3785/2985/5741
f 3819/2924/5742 2583/1793/5742 2584/1792/5742
f 634/4615/5743 3788/2980/5743 636/2983/5743
f 635/2986/5744 634/4615/5744 636/2983/5744
f 2580/3603/5745 3819/2924/5745 2584/1792/5745
f 1452/937/5746 3289/2904/5746 1447/2906/5746
f 3824/2912/5747 3825/4616/5747 4302/4617/5747
f 3826/2913/5748 4302/4617/5748 1395/957/5748
f 2524/1737/5749 3223/441/5749 3224/442/5749
f 1395/957/5750 4302/4617/5750 3825/4616/5750
f 3224/442/5751 3169/2264/5751 3165/2265/5751
f 647/436/5752 2525/438/5752 3169/2264/5752
f 3825/4616/5753 1387/2367/5753 1396/958/5753
f 435/284/5754 3314/2908/5754 1388/4618/5754
f 1391/952/5755 429/955/5755 3299/2368/5755
f 3299/4339/5756 1393/3304/5756 1392/4619/5756
f 1418/967/5757 3120/2919/5757 469/2920/5757
f 2531/4042/5758 3235/2319/5758 4125/1743/5758
f 3228/2312/5759 3231/4044/5759 3229/2313/5759
f 3234/2317/5760 3236/2316/5760 3230/2318/5760
f 3229/2313/5761 3236/2316/5761 2508/4620/5761
f 3233/2315/5762 2508/4620/5762 3236/2316/5762
f 3237/2976/5763 2508/4620/5763 3233/2315/5763
f 2517/1732/5764 3237/2976/5764 3233/2315/5764
f 2515/1730/5765 2517/1732/5765 3233/2315/5765
f 2141/1486/5766 3242/1488/5766 2167/4504/5766
f 3242/1488/5767 2168/4503/5767 2167/4504/5767
f 3182/2278/5768 2168/4503/5768 3242/1488/5768
f 3182/2278/5769 3171/4501/5769 2168/4503/5769
f 3151/2277/5770 3171/4501/5770 3182/2278/5770
f 3172/2331/5771 3179/2325/5771 3171/4501/5771
f 3151/2277/5772 3172/2331/5772 3171/4501/5772
f 3151/2277/5773 3183/2279/5773 3150/4040/5773
f 3179/2325/5774 3172/2331/5774 3245/2330/5774
f 3177/2275/5775 3179/2295/5775 3180/2274/5775
f 3180/4621/5776 3245/2330/5776 2411/1648/5776
f 3176/854/5777 2364/1623/5777 3181/4622/5777
f 2778/1921/5778 4336/4623/5778 3539/4624/5778
f 358/4340/5779 2051/3289/5779 340/960/5779
f 612/399/5780 611/402/5780 3250/890/5780
f 2120/1487/5781 2122/1489/5781 470/2249/5781
f 3183/2279/5782 3182/2278/5782 3242/1488/5782
f 3150/4040/5783 3172/2331/5783 3151/2277/5783
f 3150/4040/5784 3252/2332/5784 3172/2331/5784
f 2411/1648/5785 3245/2330/5785 3252/2332/5785
f 3252/2332/5786 3150/4040/5786 2384/4342/5786
f 511/2927/5787 481/339/5787 482/329/5787
f 494/3292/5788 483/4625/5788 3257/3452/5788
f 483/4625/5789 494/3292/5789 3833/1764/5789
f 514/2887/5790 517/342/5790 573/384/5790
f 3125/324/5791 1298/321/5791 2095/3853/5791
f 467/3447/5792 468/2329/5792 470/2249/5792
f 467/3447/5793 470/2249/5793 466/310/5793
f 468/2329/5794 467/3447/5794 2612/3855/5794
f 468/2329/5795 2612/3855/5795 3266/1826/5795
f 2612/3855/5796 467/3447/5796 465/3448/5796
f 3166/2947/5797 3167/2262/5797 3849/2946/5797
f 3235/2319/5798 2529/2311/5798 4125/1743/5798
f 4125/1743/5799 2529/2311/5799 3789/1744/5799
f 3231/4044/5800 2529/2311/5800 3230/2318/5800
f 2532/2310/5801 4475/2984/5801 3789/1744/5801
f 559/374/5802 566/2957/5802 553/2874/5802
f 559/374/5803 565/4226/5803 566/2957/5803
f 3850/2960/5804 3854/4626/5804 565/4226/5804
f 3804/4627/5805 566/2957/5805 4278/4628/5805
f 3854/4626/5806 4278/4628/5806 565/4226/5806
f 565/4226/5807 4278/4628/5807 566/2957/5807
f 3854/4626/5808 572/380/5808 3851/4045/5808
f 4278/4628/5809 3854/4626/5809 3851/4045/5809
f 576/386/5810 3851/4045/5810 572/380/5810
f 427/4629/5811 742/2366/5811 3116/4630/5811
f 3863/2968/5812 3857/3465/5812 3856/3842/5812
f 438/4498/5813 3116/4630/5813 742/2366/5813
f 3459/4554/5814 3458/1258/5814 1293/1464/5814
f 3856/3842/5815 4207/3846/5815 3863/2968/5815
f 423/279/5816 424/281/5816 437/2346/5816
f 3865/2969/5817 3863/2968/5817 3866/3845/5817
f 4207/3846/5818 3866/3845/5818 3863/2968/5818
f 2518/2975/5819 2517/1732/5819 2513/1729/5819
f 3232/4150/5820 2513/1729/5820 2517/1732/5820
f 393/251/5821 408/270/5821 386/2348/5821
f 2518/2975/5822 2514/1728/5822 2483/4495/5822
f 4211/4493/5823 2483/4495/5823 3870/4138/5823
f 2510/4492/5824 2509/2314/5824 4211/4493/5824
f 3872/4286/5825 2509/2314/5825 2510/4492/5825
f 3872/4286/5826 3198/4134/5826 2504/4491/5826
f 392/250/5827 377/2899/5827 382/4201/5827
f 3221/2982/5828 3782/4262/5828 3220/4613/5828
f 3873/4631/5829 2502/1725/5829 2501/1724/5829
f 1344/924/5830 1316/906/5830 1380/4332/5830
f 1345/934/5831 1344/924/5831 1380/4332/5831
f 1345/4336/5832 1383/2242/5832 1370/2351/5832
f 2572/1783/5833 602/3439/5833 3976/3441/5833
f 516/341/5834 1356/2352/5834 1370/2351/5834
f 3794/3019/5835 3019/2173/5835 4219/4632/5835
f 3010/2857/5836 4219/4632/5836 3019/2173/5836
f 4472/3030/5837 3892/2018/5837 630/2017/5837
f 3120/2919/5838 3296/2361/5838 469/2920/5838
f 2088/1450/5839 3296/2361/5839 3118/2365/5839
f 3118/2365/5840 1390/951/5840 742/2366/5840
f 1392/953/5841 438/4498/5841 1390/951/5841
f 1393/3304/5842 1387/2367/5842 425/280/5842
f 1393/3304/5843 3299/4339/5843 1396/958/5843
f 3892/2018/5844 3222/3032/5844 633/428/5844
f 3222/3032/5845 3892/2018/5845 4472/3030/5845
f 633/428/5846 3222/3032/5846 627/429/5846
f 2249/3036/5847 627/429/5847 3904/3031/5847
f 3903/2981/5848 2249/3036/5848 3904/3031/5848
f 3903/2981/5849 634/4615/5849 3906/3035/5849
f 4231/4633/5850 3909/3044/5850 2468/1700/5850
f 2223/1551/5851 3909/3044/5851 3908/3042/5851
f 3911/3041/5852 2749/1902/5852 4526/3039/5852
f 3909/3044/5853 3910/3040/5853 3908/3042/5853
f 3910/3040/5854 3920/4634/5854 3921/4635/5854
f 3908/3042/5855 3921/4635/5855 3914/4636/5855
f 3921/4635/5856 3908/3042/5856 3910/3040/5856
f 1389/2381/5857 3305/2389/5857 3129/2379/5857
f 1367/4559/5858 1377/3444/5858 1363/4285/5858
f 3921/4635/5859 3895/3052/5859 3914/4636/5859
f 2620/2387/5860 3306/2383/5860 3308/2385/5860
f 3910/3040/5861 4526/3039/5861 3794/3019/5861
f 3920/4634/5862 4232/3488/5862 3921/4635/5862
f 3925/4637/5863 3895/3052/5863 3921/4635/5863
f 3895/3052/5864 4234/4638/5864 4236/3050/5864
f 2368/1822/5865 2619/2394/5865 3305/2389/5865
f 2619/2394/5866 2616/3331/5866 2620/2387/5866
f 1389/2381/5867 3313/3604/5867 3315/2393/5867
f 3315/2393/5868 3313/3604/5868 2379/1626/5868
f 3312/2180/5869 2283/3605/5869 1414/4639/5869
f 2379/1626/5870 4303/2915/5870 2377/1624/5870
f 2377/4640/5871 2283/3605/5871 2284/3323/5871
f 2283/3605/5872 2377/4640/5872 1414/4639/5872
f 3309/2386/5873 2620/2387/5873 3319/2395/5873
f 2437/1667/5874 3766/2836/5874 3763/3059/5874
f 3766/2836/5875 2437/1667/5875 2438/2336/5875
f 2463/1695/5876 3936/3064/5876 2458/1691/5876
f 2424/1697/5877 2456/1689/5877 3937/4641/5877
f 2456/1689/5878 2458/1691/5878 3937/4641/5878
f 3940/3061/5879 2340/1615/5879 3162/3221/5879
f 3940/3061/5880 3162/3221/5880 3939/4059/5880
f 3164/4408/5881 2325/2821/5881 2330/1608/5881
f 3749/2819/5882 2325/2821/5882 3164/4408/5882
f 3945/3810/5883 2329/2820/5883 3163/553/5883
f 2026/1399/5884 2025/1398/5884 3333/1395/5884
f 3942/3821/5885 793/3066/5885 3163/553/5885
f 1570/3056/5886 1567/1984/5886 4175/1082/5886
f 3942/3821/5887 3163/553/5887 2329/2820/5887
f 3944/3065/5888 788/3070/5888 793/3066/5888
f 3943/3236/5889 788/3070/5889 3944/3065/5889
f 1505/1030/5890 3333/1395/5890 3344/2863/5890
f 3344/2863/5891 1998/1378/5891 1505/1030/5891
f 1998/1378/5892 3344/2863/5892 1997/2865/5892
f 3163/553/5893 3947/3071/5893 3945/3810/5893
f 762/3254/5894 2402/2782/5894 890/2783/5894
f 4252/3519/5895 2402/2782/5895 762/3254/5895
f 2405/4642/5896 3950/3510/5896 3949/3073/5896
f 1559/1066/5897 2826/4550/5897 3932/3984/5897
f 903/4268/5898 2405/4642/5898 3949/3073/5898
f 3152/2251/5899 1020/2252/5899 3285/2250/5899
f 1020/2252/5900 1019/2254/5900 3951/2354/5900
f 3951/2354/5901 3285/2250/5901 1020/2252/5901
f 3951/2354/5902 1019/2254/5902 3953/3079/5902
f 1019/2254/5903 4433/4284/5903 4253/3078/5903
f 4431/4283/5904 1076/4282/5904 1077/2270/5904
f 1039/688/5905 3951/2354/5905 1070/716/5905
f 1070/716/5906 3953/3079/5906 1079/3077/5906
f 860/622/5907 2298/4021/5907 941/577/5907
f 1992/1367/5908 1532/1351/5908 1534/3782/5908
f 3836/2934/5909 4295/3578/5909 4287/3579/5909
f 3834/3773/5910 4295/3578/5910 3836/2934/5910
f 163/104/5911 165/1847/5911 2665/105/5911
f 2668/2442/5912 1658/1107/5912 2667/1849/5912
f 1615/1108/5913 1658/1107/5913 1639/1347/5913
f 2669/1852/5914 2667/1849/5914 129/1086/5914
f 2669/1852/5915 1952/1853/5915 4513/27/5915
f 2669/1852/5916 4513/27/5916 2667/1849/5916
f 824/4643/5917 2397/3083/5917 823/1631/5917
f 3320/565/5918 2397/3083/5918 833/567/5918
f 1662/1147/5919 1621/1128/5919 1688/1166/5919
f 1674/4169/5920 1663/1148/5920 1932/3351/5920
f 1604/1129/5921 1663/1148/5921 1675/1099/5921
f 1675/1099/5922 1663/1148/5922 1674/4169/5922
f 587/415/5923 2856/1974/5923 3669/4583/5923
f 2947/1133/5924 1940/3348/5924 1938/2487/5924
f 71/29/5925 1640/31/5925 1641/4644/5925
f 3379/2454/5926 1640/31/5926 71/29/5926
f 2476/2227/5927 3143/2228/5927 953/630/5927
f 79/32/5928 1640/31/5928 3379/2454/5928
f 3379/2454/5929 4319/2456/5929 79/32/5929
f 2686/1156/5930 3380/2044/5930 2690/1864/5930
f 1681/4645/5931 1684/4646/5931 2689/2470/5931
f 1678/73/5932 2688/4051/5932 1681/1155/5932
f 2688/4051/5933 1684/4647/5933 1681/1155/5933
f 2689/2470/5934 1684/4646/5934 3393/2468/5934
f 1684/4646/5935 1683/2478/5935 3393/2468/5935
f 2315/1596/5936 2316/1579/5936 2429/3087/5936
f 3669/4583/5937 3670/4582/5937 3917/4648/5937
f 3394/3355/5938 2948/2071/5938 1705/2055/5938
f 3394/3355/5939 2949/2072/5939 2948/2071/5939
f 1942/4016/5940 2949/2072/5940 3394/3355/5940
f 2316/1579/5941 2417/3090/5941 2429/3087/5941
f 1942/4649/5942 2715/4650/5942 1913/2449/5942
f 1942/4649/5943 1913/2449/5943 1914/4651/5943
f 1914/4651/5944 1913/2449/5944 1939/2451/5944
f 2230/3104/5945 894/1617/5945 895/1664/5945
f 3670/4582/5946 2815/1948/5946 4488/4077/5946
f 2161/2408/5947 2267/1577/5947 3323/2400/5947
f 2815/1948/5948 4339/1962/5948 384/264/5948
f 3918/4652/5949 3670/4582/5949 4488/4077/5949
f 3322/2413/5950 2264/4461/5950 3332/2411/5950
f 3334/4526/5951 3326/2410/5951 2259/2409/5951
f 2713/1309/5952 4161/1311/5952 2714/2068/5952
f 3396/2450/5953 4161/1311/5953 1939/2451/5953
f 3405/1187/5954 1926/2488/5954 1928/1188/5954
f 2921/2043/5955 1750/4653/5955 1746/4654/5955
f 2919/2046/5956 1750/4653/5956 2921/2043/5956
f 3140/2237/5957 3137/3096/5957 2290/1578/5957
f 3140/2237/5958 3138/2426/5958 3137/3096/5958
f 55/1302/5959 1795/2816/5959 1792/2814/5959
f 4298/2733/5960 1339/3584/5960 4291/4655/5960
f 52/4167/5961 55/1302/5961 1792/2814/5961
f 4490/4083/5962 2233/4457/5962 4017/3100/5962
f 89/45/5963 2741/2496/5963 2916/2498/5963
f 2739/1899/5964 2741/2496/5964 89/45/5964
f 3413/2497/5965 3412/2500/5965 2916/2498/5965
f 3413/2497/5966 4324/2502/5966 3412/2500/5966
f 4324/2502/5967 3413/2497/5967 3417/4064/5967
f 3416/4060/5968 3413/2497/5968 2741/2496/5968
f 2189/1524/5969 2231/1677/5969 2187/1514/5969
f 3420/2506/5970 3421/3369/5970 1873/1289/5970
f 2187/1514/5971 895/1664/5971 2185/1515/5971
f 3979/3793/5972 3982/2747/5972 3691/3789/5972
f 3981/3113/5973 4284/4656/5973 3983/3114/5973
f 3663/2740/5974 3987/3115/5974 3983/3114/5974
f 3987/3115/5975 3663/2740/5975 3684/3787/5975
f 3988/3875/5976 3990/3874/5976 3662/2742/5976
f 3660/4657/5977 3990/3874/5977 1103/4278/5977
f 3652/1718/5978 4270/3558/5978 3653/4658/5978
f 4527/4659/5979 3664/2741/5979 3656/3587/5979
f 2201/1526/5980 3652/1718/5980 3653/4658/5980
f 4439/4660/5981 2181/1511/5981 3672/3155/5981
f 4439/4660/5982 2182/1512/5982 2181/1511/5982
f 3671/3154/5983 3997/3119/5983 4439/4660/5983
f 3664/2741/5984 4527/4659/5984 3985/4661/5984
f 3996/3881/5985 1105/755/5985 1108/3880/5985
f 1105/755/5986 3996/3881/5986 3997/3119/5986
f 1123/2472/5987 1112/753/5987 1035/692/5987
f 1882/4404/5988 2844/4405/5988 3648/4662/5988
f 1035/692/5989 1112/753/5989 1026/683/5989
f 1112/753/5990 1028/758/5990 1026/683/5990
f 962/652/5991 972/2461/5991 969/700/5991
f 1016/679/5992 972/2461/5992 962/652/5992
f 969/700/5993 972/2461/5993 3385/2473/5993
f 4004/2703/5994 4007/4663/5994 4441/3912/5994
f 4004/2703/5995 4005/3913/5995 1965/3989/5995
f 2770/1915/5996 2771/2775/5996 1850/1916/5996
f 4446/4664/5997 3094/3988/5997 4008/3136/5997
f 4446/4664/5998 4445/2704/5998 4004/2703/5998
f 3442/1280/5999 3443/2746/5999 1865/2529/5999
f 1760/2745/6000 1865/2529/6000 3443/2746/6000
f 1752/2530/6001 1759/2748/6001 2813/2736/6001
f 1868/3025/6002 3443/2746/6002 3442/1280/6002
f 3443/2746/6003 1868/3025/6003 3444/2744/6003
f 2186/3146/6004 1253/1777/6004 2568/3145/6004
f 2766/1912/6005 1850/1916/6005 2771/2775/6005
f 2764/3005/6006 2768/1914/6006 2769/1913/6006
f 2600/2702/6007 2143/4095/6007 1217/3157/6007
f 3620/2697/6008 1217/3157/6008 3621/2698/6008
f 3621/2698/6009 1217/3157/6009 2143/4095/6009
f 2769/1913/6010 2766/1912/6010 3704/3011/6010
f 3485/1934/6011 2796/1933/6011 3622/2557/6011
f 4134/3391/6012 3487/3305/6012 1631/3392/6012
f 4172/3393/6013 3489/4665/6013 4134/3391/6013
f 3489/4665/6014 3479/3384/6014 4134/3391/6014
f 3489/4665/6015 4172/3393/6015 3490/2551/6015
f 234/3386/6016 3489/4665/6016 3490/2551/6016
f 2783/3677/6017 3491/2554/6017 2792/2550/6017
f 3491/2554/6018 3644/2553/6018 235/2729/6018
f 3493/2555/6019 3491/2554/6019 3634/3674/6019
f 2783/3677/6020 3634/3674/6020 3491/2554/6020
f 3493/2555/6021 3492/3675/6021 3495/2726/6021
f 3499/2724/6022 3495/2726/6022 3496/3394/6022
f 3539/4624/6023 3498/3395/6023 3496/3394/6023
f 3498/3395/6024 3483/2558/6024 3500/4666/6024
f 3500/4666/6025 3499/2724/6025 3498/3395/6025
f 3483/2558/6026 3498/3395/6026 4336/4623/6026
f 2775/3672/6027 3483/2558/6027 4336/4623/6027
f 4171/3390/6028 2796/1933/6028 3633/2723/6028
f 4024/2163/6029 4026/3164/6029 4025/3456/6029
f 1287/886/6030 1296/2525/6030 4025/3456/6030
f 4025/3456/6031 3461/3163/6031 1287/886/6031
f 1296/2525/6032 1287/886/6032 1292/889/6032
f 3502/3296/6033 3503/4084/6033 3501/4667/6033
f 3503/4084/6034 3502/3296/6034 3504/3298/6034
f 1184/811/6035 4026/3164/6035 4024/2163/6035
f 4025/3456/6036 4026/3164/6036 3461/3163/6036
f 4462/3967/6037 2595/3185/6037 4021/4668/6037
f 4030/3968/6038 4462/3967/6038 4021/4668/6038
f 4021/4668/6039 2595/3185/6039 4029/3191/6039
f 2142/4669/6040 1206/829/6040 2599/1800/6040
f 2142/4669/6041 3611/4025/6041 1205/827/6041
f 4032/3168/6042 4029/3191/6042 2596/3192/6042
f 4033/1805/6043 3605/2673/6043 4032/3168/6043
f 4033/1805/6044 2603/1807/6044 3605/2673/6044
f 2604/2674/6045 3605/2673/6045 2603/1807/6045
f 2135/2678/6046 2604/2674/6046 2602/1803/6046
f 2604/2674/6047 2135/2678/6047 2134/2675/6047
f 2604/2674/6048 2603/1807/6048 2602/1803/6048
f 2602/1803/6049 2601/1802/6049 2135/2678/6049
f 186/4670/6050 91/4147/6050 3888/4148/6050
f 1240/841/6051 1241/1785/6051 3510/2563/6051
f 2791/4671/6052 2789/1927/6052 1994/1362/6052
f 1994/1362/6053 3536/976/6053 2793/3952/6053
f 1994/1362/6054 2793/3952/6054 2791/4671/6054
f 2791/1931/6055 2790/1930/6055 3593/3676/6055
f 2780/1932/6056 2791/1931/6056 2793/4573/6056
f 2780/1932/6057 2785/2654/6057 2782/1924/6057
f 3540/4452/6058 2781/1923/6058 3542/3287/6058
f 3540/4452/6059 3542/3287/6059 3541/3673/6059
f 3541/3673/6060 3592/1386/6060 3540/4452/6060
f 3541/3673/6061 2011/4123/6061 3592/1386/6061
f 1473/4570/6062 2985/4569/6062 4043/3184/6062
f 4053/3196/6063 1679/3179/6063 1203/1801/6063
f 1204/4672/6064 1203/1801/6064 2592/3969/6064
f 2598/2103/6065 2597/3167/6065 2985/4569/6065
f 2610/2104/6066 2598/2103/6066 2975/3188/6066
f 2610/2104/6067 1226/1804/6067 2605/1806/6067
f 2610/2104/6068 2973/3928/6068 1226/1804/6068
f 2913/3947/6069 3552/2603/6069 491/2602/6069
f 1779/1221/6070 3557/4673/6070 3556/1313/6070
f 2806/2665/6071 2805/2668/6071 3548/2604/6071
f 4040/3177/6072 2075/3198/6072 4057/2148/6072
f 4054/3197/6073 1328/3200/6073 4052/3195/6073
f 4052/3195/6074 1328/3200/6074 1327/4674/6074
f 4052/3195/6075 4051/4675/6075 4040/3177/6075
f 4040/3177/6076 4051/4675/6076 2075/3198/6076
f 3548/2604/6077 2805/2668/6077 3558/1845/6077
f 1327/4674/6078 4051/4675/6078 4052/3195/6078
f 2805/2668/6079 3550/2667/6079 3554/2625/6079
f 2805/2668/6080 3554/2625/6080 3558/1845/6080
f 2726/2596/6081 3553/2595/6081 2721/2593/6081
f 3551/2594/6082 2721/2593/6082 3553/2595/6082
f 2721/2593/6083 2732/2592/6083 2723/2609/6083
f 3549/4676/6084 3550/2667/6084 3553/2595/6084
f 3549/4676/6085 3554/2625/6085 3550/2667/6085
f 2729/1894/6086 3549/4676/6086 3553/2595/6086
f 1331/4034/6087 2074/3722/6087 2075/3198/6087
f 3549/4676/6088 993/4677/6088 2618/2624/6088
f 2618/2624/6089 3554/2625/6089 3549/4676/6089
f 4314/3629/6090 4058/3625/6090 4313/3731/6090
f 4073/3217/6091 3582/3718/6091 3583/3624/6091
f 4072/3215/6092 4071/3214/6092 3586/2638/6092
f 3586/2638/6093 4074/3218/6093 4072/3215/6093
f 4067/3626/6094 4076/3220/6094 4065/3219/6094
f 3583/3624/6095 4074/3218/6095 4073/3217/6095
f 4078/3622/6096 3583/3624/6096 3582/3718/6096
f 4076/3220/6097 3582/3718/6097 2058/2630/6097
f 2959/2088/6098 1381/2090/6098 2966/3224/6098
f 3557/4673/6099 1902/1314/6099 3556/1313/6099
f 2966/3224/6100 2968/3442/6100 2957/2084/6100
f 839/4252/6101 3136/3544/6101 829/3543/6101
f 2729/1894/6102 2726/2596/6102 2720/1895/6102
f 2729/1894/6103 2725/1893/6103 3549/4676/6103
f 4079/3443/6104 2960/2078/6104 2957/2084/6104
f 2957/2084/6105 2968/3442/6105 4079/3443/6105
f 839/4252/6106 829/3543/6106 830/563/6106
f 2962/4560/6107 2960/2078/6107 4079/3443/6107
f 2939/2079/6108 592/3227/6108 2961/4566/6108
f 2939/2079/6109 2960/2078/6109 2962/4560/6109
f 552/3437/6110 4190/4098/6110 510/370/6110
f 552/3437/6111 498/4094/6111 4191/3438/6111
f 4101/3946/6112 2047/3939/6112 2913/3947/6112
f 491/2602/6113 3548/2604/6113 3558/1845/6113
f 2931/2067/6114 2935/2097/6114 2956/2601/6114
f 2662/1846/6115 3558/1845/6115 3554/2625/6115
f 2737/4678/6116 2618/2624/6116 993/4677/6116
f 993/4677/6117 994/4679/6117 2735/4444/6117
f 1366/940/6118 2963/2093/6118 2935/2097/6118
f 3571/3957/6119 4187/3427/6119 4086/3232/6119
f 4087/4572/6120 2994/4680/6120 2990/2142/6120
f 4087/3426/6121 3571/3957/6121 2994/4681/6121
f 2990/2142/6122 2994/4680/6122 1427/974/6122
f 2995/975/6123 1427/974/6123 2994/4680/6123
f 2041/206/6124 2042/2032/6124 474/314/6124
f 2047/3939/6125 484/2605/6125 2043/2606/6125
f 1290/4091/6126 1289/4093/6126 1311/4563/6126
f 2647/1844/6127 1290/4091/6127 500/4088/6127
f 4099/3262/6128 490/3949/6128 493/3263/6128
f 492/3948/6129 4099/3262/6129 493/3263/6129
f 4099/3262/6130 492/3948/6130 500/4088/6130
f 489/331/6131 493/3263/6131 490/3949/6131
f 484/2605/6132 489/331/6132 507/4235/6132
f 484/2605/6133 4101/3946/6133 493/3263/6133
f 507/4235/6134 486/312/6134 484/2605/6134
f 4459/1674/6135 4460/4682/6135 4103/3951/6135
f 2236/1559/6136 4460/4682/6136 4459/1674/6136
f 2268/4683/6137 4460/4682/6137 2236/1559/6137
f 735/4119/6138 4460/4682/6138 736/3652/6138
f 2013/1672/6139 4103/3951/6139 4105/4684/6139
f 4497/3268/6140 2018/4685/6140 739/3428/6140
f 2998/2118/6141 738/3429/6141 4112/4686/6141
f 2997/2117/6142 3568/4116/6142 3569/4115/6142
f 2997/2117/6143 4495/2618/6143 3568/4116/6143
f 2997/2117/6144 3569/4115/6144 3571/3957/6144
f 4495/2618/6145 2997/2117/6145 2999/2119/6145
f 4375/3719/6146 2062/2637/6146 2066/2634/6146
f 4375/3719/6147 2060/2628/6147 2058/2630/6147
f 2066/2634/6148 3587/2633/6148 4375/3719/6148
f 3585/4436/6149 2072/4435/6149 3579/2629/6149
f 2060/2628/6150 3585/4436/6150 3579/2629/6150
f 3580/2632/6151 2060/2628/6151 4375/3719/6151
f 4069/2642/6152 3578/2644/6152 3577/2636/6152
f 3581/2635/6153 2066/2634/6153 2062/2637/6153
f 4065/3219/6154 3579/2629/6154 2056/4081/6154
f 2072/4435/6155 3561/3211/6155 3584/3210/6155
f 3589/4078/6156 3561/3211/6156 2071/3723/6156
f 2072/4435/6157 2056/4081/6157 3579/2629/6157
f 1433/983/6158 3591/4562/6158 1431/981/6158
f 2010/2587/6159 4123/4122/6159 3543/2585/6159
f 2016/3955/6160 2795/4430/6160 2008/3954/6160
f 1442/984/6161 1507/3063/6161 1443/985/6161
f 3013/2132/6162 3016/2651/6162 3014/2133/6162
f 3016/2651/6163 3017/3431/6163 3015/3425/6163
f 3016/2651/6164 3191/2650/6164 3017/3431/6164
f 4524/4506/6165 518/344/6165 3191/2650/6165
f 515/3433/6166 3191/2650/6166 518/344/6166
f 3026/2655/6167 4524/4506/6167 3191/2650/6167
f 520/346/6168 519/345/6168 528/927/6168
f 3526/2575/6169 3529/2659/6169 3528/2661/6169
f 2967/2573/6170 3526/2575/6170 3524/4102/6170
f 1494/4305/6171 1512/1043/6171 1495/1021/6171
f 3953/3079/6172 4528/4687/6172 1079/3077/6172
f 1506/986/6173 1519/1032/6173 1494/4305/6173
f 4253/3078/6174 4431/4283/6174 2454/4688/6174
f 2454/4688/6175 4431/4283/6175 1077/2270/6175
f 1507/3063/6176 1974/1967/6176 1443/985/6176
f 2626/2145/6177 3022/2144/6177 641/1466/6177
f 4310/3931/6178 3599/3930/6178 1234/2679/6178
f 4310/3931/6179 1235/4438/6179 3603/4439/6179
f 1209/4689/6180 2128/1477/6180 3599/3930/6180
f 2127/1476/6181 2129/1475/6181 2137/1480/6181
f 2129/1475/6182 2128/1477/6182 2124/4690/6182
f 3604/3617/6183 3603/4439/6183 3602/2672/6183
f 2133/4691/6184 2132/3618/6184 3602/2672/6184
f 3606/2677/6185 2133/4691/6185 1228/2671/6185
f 2133/4691/6186 4450/2676/6186 2132/3618/6186
f 3606/2677/6187 4450/2676/6187 2133/4691/6187
f 2601/1802/6188 1227/3193/6188 4450/2676/6188
f 2135/2678/6189 2601/1802/6189 4450/2676/6189
f 1214/830/6190 2137/1480/6190 1216/2680/6190
f 1216/2680/6191 1211/831/6191 1214/830/6191
f 1213/1482/6192 1212/832/6192 1208/2684/6192
f 1211/831/6193 1334/3627/6193 3610/2685/6193
f 1335/828/6194 2140/1485/6194 1212/832/6194
f 1212/832/6195 2140/1485/6195 1208/2684/6195
f 1205/827/6196 2140/1485/6196 1335/828/6196
f 2592/3969/6197 1335/828/6197 4380/4692/6197
f 1205/827/6198 3611/4025/6198 1207/1484/6198
f 3460/3768/6199 3613/3767/6199 1294/3769/6199
f 3613/3767/6200 3460/3768/6200 3457/3162/6200
f 1184/811/6201 3457/3162/6201 4026/3164/6201
f 3514/2567/6202 3511/2566/6202 1562/3055/6202
f 679/2690/6203 3616/3609/6203 644/435/6203
f 4306/1495/6204 3616/3609/6204 679/2690/6204
f 3616/3609/6205 4306/1495/6205 685/3608/6205
f 688/466/6206 684/465/6206 691/473/6206
f 685/3608/6207 691/473/6207 684/465/6207
f 713/478/6208 660/474/6208 652/1503/6208
f 653/458/6209 652/1503/6209 660/474/6209
f 3464/2537/6210 717/475/6210 660/474/6210
f 2851/3297/6211 3509/3293/6211 3504/3298/6211
f 717/475/6212 3464/2537/6212 718/480/6212
f 4131/3294/6213 3511/2566/6213 3507/3295/6213
f 1218/3158/6214 3620/2697/6214 4390/2699/6214
f 4389/4693/6215 1217/3157/6215 3620/2697/6215
f 4389/4693/6216 4020/3160/6216 4391/3778/6216
f 4389/4693/6217 2593/3156/6217 1217/3157/6217
f 4391/3778/6218 1222/2688/6218 2594/2700/6218
f 2594/2700/6219 2600/2702/6219 2593/3156/6219
f 3479/3384/6220 3631/4694/6220 4269/3382/6220
f 3488/3306/6221 3479/3384/6221 1629/1119/6221
f 1085/3383/6222 1630/1120/6222 1629/1119/6222
f 1629/1119/6223 3479/3384/6223 1085/3383/6223
f 1629/1119/6224 4500/3307/6224 3488/3306/6224
f 4241/3503/6225 4137/3679/6225 4268/1118/6225
f 1637/3457/6226 1642/4695/6226 2818/3501/6226
f 4008/3136/6227 1194/818/6227 1199/3909/6227
f 1192/2707/6228 1199/3909/6228 1191/820/6228
f 1192/2707/6229 3624/2706/6229 1200/3908/6229
f 1199/3909/6230 1194/818/6230 1191/820/6230
f 4411/3809/6231 4408/3808/6231 4415/4539/6231
f 1200/3908/6232 1199/3909/6232 1192/2707/6232
f 1176/825/6233 1172/3138/6233 4012/2711/6233
f 1172/3138/6234 1176/825/6234 1173/824/6234
f 4269/3382/6235 3645/3388/6235 3630/2716/6235
f 3645/3388/6236 4269/3382/6236 3631/4694/6236
f 3635/2721/6237 3637/3314/6237 3636/2722/6237
f 4411/3809/6238 4502/4139/6238 4401/3802/6238
f 1173/824/6239 3625/3985/6239 1172/3138/6239
f 3625/3985/6240 3067/3137/6240 1172/3138/6240
f 3067/3137/6241 3625/3985/6241 3066/3144/6241
f 1175/2710/6242 3625/3985/6242 1173/824/6242
f 3643/3319/6243 3637/3314/6243 3642/3313/6243
f 4142/3318/6244 3637/3314/6244 3643/3319/6244
f 3635/2721/6245 4348/3695/6245 3642/3313/6245
f 3643/3319/6246 3642/3313/6246 3646/3320/6246
f 1745/1204/6247 1751/1209/6247 2813/2736/6247
f 1760/2745/6248 1759/2748/6248 1752/2530/6248
f 1762/1936/6249 1724/1193/6249 1763/3043/6249
f 3688/3326/6250 222/141/6250 224/4696/6250
f 2772/3328/6251 1856/3335/6251 1855/4697/6251
f 2543/1753/6252 3077/1756/6252 2545/4431/6252
f 1857/135/6253 2772/3328/6253 2773/3330/6253
f 1856/3335/6254 2772/3328/6254 222/141/6254
f 2772/3328/6255 1857/135/6255 222/141/6255
f 1857/135/6256 2773/3330/6256 204/130/6256
f 3686/4409/6257 4145/4410/6257 1805/1248/6257
f 4146/4698/6258 3686/4409/6258 3696/4157/6258
f 2812/3333/6259 3686/4409/6259 4146/4698/6259
f 3696/4157/6260 4147/4593/6260 4146/4698/6260
f 3689/2755/6261 3698/4594/6261 1823/1276/6261
f 4147/4593/6262 3689/2755/6262 3688/2754/6262
f 1752/2530/6263 3888/4148/6263 1866/2531/6263
f 3888/4148/6264 1755/3341/6264 186/4670/6264
f 3889/3337/6265 1758/1208/6265 3887/1203/6265
f 186/4670/6266 1755/3341/6266 3889/3337/6266
f 3654/2735/6267 4293/4699/6267 3653/4004/6267
f 3660/4657/6268 1339/3584/6268 3655/3877/6268
f 1339/3584/6269 3660/4657/6269 1103/4278/6269
f 4283/3876/6270 1104/4700/6270 1103/4278/6270
f 1103/4278/6271 3990/3874/6271 4283/3876/6271
f 3985/4661/6272 3988/3875/6272 3986/4701/6272
f 3985/4661/6273 3986/4701/6273 3657/2739/6273
f 3986/4701/6274 3988/3875/6274 3662/2742/6274
f 3659/2738/6275 3983/3114/6275 4284/4656/6275
f 4284/4656/6276 3982/2747/6276 3658/548/6276
f 4284/4656/6277 3658/548/6277 3659/2738/6277
f 2179/1513/6278 3672/3155/6278 2181/1511/6278
f 4439/4660/6279 3672/3155/6279 3671/3154/6279
f 3724/4599/6280 3711/4702/6280 2908/3647/6280
f 3712/4163/6281 3711/4702/6281 3724/4599/6281
f 3712/4163/6282 185/3002/6282 3711/4702/6282
f 3889/3337/6283 3720/3336/6283 3711/4702/6283
f 2908/3647/6284 3711/4702/6284 3720/3336/6284
f 3912/3857/6285 3913/4703/6285 4231/4633/6285
f 1878/1290/6286 24/51/6286 29/52/6286
f 90/47/6287 27/14/6287 1888/1299/6287
f 3679/3117/6288 3680/2416/6288 3341/3786/6288
f 1789/3349/6289 3741/2806/6289 3743/2815/6289
f 3337/2415/6290 3681/3790/6290 3684/3787/6290
f 2904/3234/6291 2903/4704/6291 4049/3212/6291
f 2903/4704/6292 3741/2806/6292 1789/3349/6292
f 1786/3120/6293 4327/3644/6293 3999/3121/6293
f 3999/3121/6294 3998/3131/6294 8/3122/6294
f 3681/3790/6295 3337/2415/6295 3968/3094/6295
f 3682/3791/6296 3692/3992/6296 4402/3788/6296
f 3692/3992/6297 3682/3791/6297 3968/3094/6297
f 66/25/6298 3871/2978/6298 63/36/6298
f 2240/4705/6299 3924/3490/6299 3010/2857/6299
f 2262/4459/6300 3693/3993/6300 2259/2409/6300
f 3693/3993/6301 2262/4459/6301 3694/3794/6301
f 88/39/6302 64/46/6302 3415/2977/6302
f 2263/4462/6303 3694/3794/6303 2262/4459/6303
f 1746/4654/6304 3408/3888/6304 3406/4706/6304
f 3408/3358/6305 1746/4707/6305 3563/1206/6305
f 1917/3357/6306 3563/1206/6306 1725/1190/6306
f 4219/4632/6307 4233/3489/6307 3794/3019/6307
f 4232/3488/6308 3920/4634/6308 4233/3489/6308
f 3891/2185/6309 4220/3007/6309 3890/3006/6309
f 3393/2468/6310 1738/3361/6310 3380/2469/6310
f 2691/2049/6311 2924/2048/6311 46/2052/6311
f 46/2052/6312 44/1863/6312 2691/2049/6312
f 2710/2051/6313 4162/4518/6313 95/59/6313
f 95/59/6314 94/57/6314 2710/2051/6314
f 2705/1877/6315 95/59/6315 4162/4518/6315
f 95/59/6316 2705/1877/6316 4163/3634/6316
f 2707/1872/6317 1689/4052/6317 2705/1877/6317
f 1923/1870/6318 2708/1876/6318 2703/1871/6318
f 877/2778/6319 2248/2780/6319 883/4266/6319
f 2248/4708/6320 2440/4427/6320 886/4709/6320
f 886/4709/6321 883/4710/6321 2248/4708/6321
f 877/2778/6322 883/4266/6322 881/3074/6322
f 883/4266/6323 905/4711/6323 876/601/6323
f 905/4712/6324 883/4710/6324 886/4709/6324
f 2435/4426/6325 905/4712/6325 886/4709/6325
f 876/598/6326 905/4712/6326 882/599/6326
f 905/4712/6327 887/604/6327 882/599/6327
f 905/4712/6328 904/4424/6328 887/604/6328
f 4039/3175/6329 3735/4597/6329 4245/1459/6329
f 4039/3175/6330 3716/2792/6330 3326/2410/6330
f 4244/2793/6331 2279/3800/6331 2277/2791/6331
f 3718/2407/6332 2275/3517/6332 3721/3511/6332
f 4499/4125/6333 4244/2793/6333 4430/4713/6333
f 2278/3799/6334 3329/2404/6334 2274/2403/6334
f 3027/4480/6335 3375/4170/6335 1622/2121/6335
f 2663/2113/6336 2989/4478/6336 3002/2126/6336
f 3005/2124/6337 2663/2113/6337 3002/2126/6337
f 2987/1097/6338 1675/1099/6338 3027/4480/6338
f 3733/1644/6339 3737/4714/6339 3339/2418/6339
f 3797/3381/6340 4170/3385/6340 1962/3376/6340
f 4526/3039/6341 3891/2185/6341 3794/3019/6341
f 1963/3375/6342 3797/3381/6342 1962/3376/6342
f 3779/3878/6343 3796/3380/6343 1978/3379/6343
f 3779/3878/6344 3799/1355/6344 3796/3380/6344
f 3799/1355/6345 3779/3878/6345 4149/1350/6345
f 2392/2822/6346 795/547/6346 794/546/6346
f 3798/4715/6347 1996/4602/6347 3796/3380/6347
f 1977/1354/6348 3798/4715/6348 3799/1355/6348
f 3798/4715/6349 3800/2870/6349 1996/4602/6349
f 1998/1378/6350 1996/4602/6350 3800/2870/6350
f 3798/4715/6351 1977/1354/6351 3801/2871/6351
f 747/4179/6352 3746/3534/6352 3241/2324/6352
f 3801/2871/6353 3800/2870/6353 3798/4715/6353
f 3038/3401/6354 3036/2751/6354 3033/2940/6354
f 2365/3397/6355 1256/3399/6355 2366/4488/6355
f 190/2153/6356 2366/4488/6356 2280/1810/6356
f 2361/1808/6357 2280/1810/6357 2366/4488/6357
f 3749/2819/6358 3164/4408/6358 3938/3823/6358
f 3164/4408/6359 2342/1614/6359 3938/3823/6359
f 756/4716/6360 3750/3216/6360 798/550/6360
f 798/550/6361 799/3552/6361 756/4716/6361
f 3292/3550/6362 756/4716/6362 799/3552/6362
f 3754/2826/6363 799/3552/6363 798/550/6363
f 3754/2826/6364 3755/4246/6364 3752/2824/6364
f 789/541/6365 3755/4246/6365 790/545/6365
f 789/541/6366 3753/2825/6366 3755/4246/6366
f 3755/4246/6367 3753/2825/6367 3752/2824/6367
f 789/541/6368 2306/1587/6368 3753/2825/6368
f 792/540/6369 2306/1587/6369 789/541/6369
f 3758/3492/6370 2387/2340/6370 3760/3493/6370
f 3763/3059/6371 671/453/6371 2426/3060/6371
f 3768/3266/6372 2251/2838/6372 3769/2851/6372
f 3769/2851/6373 727/495/6373 3768/3266/6373
f 3830/3411/6374 1501/1384/6374 3819/2924/6374
f 3769/2851/6375 2251/2838/6375 3770/2842/6375
f 3819/2924/6376 2006/3606/6376 2583/1793/6376
f 2006/3606/6377 3819/2924/6377 1501/1384/6377
f 3174/512/6378 761/4717/6378 757/4155/6378
f 761/4605/6379 3771/3255/6379 3773/3257/6379
f 1449/1009/6380 1401/970/6380 1364/972/6380
f 3217/4614/6381 3781/4718/6381 4107/3859/6381
f 3775/4719/6382 2491/3839/6382 2492/3551/6382
f 3775/4719/6383 3192/3825/6383 2491/3839/6383
f 2286/2288/6384 2490/2285/6384 3192/3825/6384
f 2286/2288/6385 2287/3553/6385 2281/4609/6385
f 2287/3553/6386 2273/3260/6386 2272/1721/6386
f 2498/1719/6387 2281/4609/6387 2287/3553/6387
f 3192/3825/6388 2489/2287/6388 2491/3839/6388
f 2490/2285/6389 2489/2287/6389 3192/3825/6389
f 2192/1520/6390 2191/1519/6390 2199/2848/6390
f 3038/1820/6391 1256/4720/6391 3036/4721/6391
f 2195/4612/6392 2192/1520/6392 2199/2848/6392
f 2195/4612/6393 2194/4611/6393 2192/1520/6393
f 2196/2847/6394 2198/2853/6394 3202/2852/6394
f 2199/2848/6395 2196/2847/6395 3202/2852/6395
f 3219/3271/6396 2501/1724/6396 3784/4131/6396
f 3785/2985/6397 3221/2982/6397 3786/4127/6397
f 4108/4129/6398 3874/4128/6398 3217/4614/6398
f 3792/2979/6399 3791/4496/6399 3788/2980/6399
f 3795/2860/6400 3226/3841/6400 4472/3030/6400
f 2242/3840/6401 4472/3030/6401 3226/3841/6401
f 629/2099/6402 3795/2860/6402 630/2017/6402
f 3793/2858/6403 629/2099/6403 2970/2098/6403
f 3793/2858/6404 2970/2098/6404 2519/2172/6404
f 2519/2172/6405 2520/4151/6405 3793/2858/6405
f 3209/2861/6406 4273/4046/6406 3208/872/6406
f 3197/2877/6407 3160/2255/6407 541/361/6407
f 558/360/6408 3196/2873/6408 541/361/6408
f 3807/2876/6409 3160/2255/6409 3197/2877/6409
f 3807/2876/6410 3195/2878/6410 3160/2255/6410
f 3119/4361/6411 4130/4356/6411 3267/4358/6411
f 2092/1449/6412 3119/4361/6412 465/3448/6412
f 3119/4361/6413 2089/4359/6413 465/3448/6413
f 3746/3534/6414 3270/2834/6414 3271/2833/6414
f 3123/3860/6415 3125/324/6415 2095/3853/6415
f 1274/873/6416 3808/3824/6416 1266/868/6416
f 570/378/6417 575/385/6417 3808/3824/6417
f 517/342/6418 3808/3824/6418 575/385/6418
f 573/384/6419 3809/2882/6419 563/2881/6419
f 574/383/6420 3809/2882/6420 573/384/6420
f 3809/2882/6421 544/2888/6421 3810/2883/6421
f 514/2887/6422 573/384/6422 563/2881/6422
f 564/2885/6423 3810/2883/6423 3814/2884/6423
f 544/2888/6424 3814/2884/6424 3810/2883/6424
f 3813/340/6425 512/2886/6425 564/2885/6425
f 494/3292/6426 4198/3450/6426 2051/3289/6426
f 483/4625/6427 3849/2946/6427 3257/3452/6427
f 3849/2946/6428 483/4625/6428 485/2951/6428
f 1304/892/6429 1300/891/6429 611/402/6429
f 3250/890/6430 611/402/6430 1300/891/6430
f 4202/3463/6431 4203/3462/6431 4205/3833/6431
f 1386/1416/6432 376/2898/6432 3820/2900/6432
f 389/2902/6433 388/2901/6433 396/255/6433
f 388/2901/6434 3820/2900/6434 376/2898/6434
f 3779/3878/6435 1978/3379/6435 3778/2845/6435
f 3864/2308/6436 3857/3465/6436 3863/2968/6436
f 3857/3465/6437 3858/3464/6437 3856/3842/6437
f 3197/2877/6438 3196/2873/6438 3194/2872/6438
f 3736/2809/6439 3735/2808/6439 3737/4714/6439
f 4208/2963/6440 3806/2875/6440 4209/3564/6440
f 3821/253/6441 3308/2385/6441 395/254/6441
f 4208/2963/6442 3859/3466/6442 3805/2962/6442
f 3859/3466/6443 4208/2963/6443 4209/3564/6443
f 3308/2385/6444 3307/2384/6444 389/2902/6444
f 3125/324/6445 3124/2907/6445 3129/2379/6445
f 571/379/6446 4210/3467/6446 576/386/6446
f 77/2812/6447 1953/86/6447 135/85/6447
f 3232/4150/6448 3052/2184/6448 2513/1729/6448
f 4121/3473/6449 4471/4722/6449 4122/3283/6449
f 4471/4722/6450 4121/3473/6450 4212/3472/6450
f 3816/1390/6451 3828/2891/6451 307/200/6451
f 2166/3280/6452 4471/4723/6452 4212/3470/6452
f 4120/3281/6453 2166/3280/6453 4212/3470/6453
f 4119/3279/6454 4120/3281/6454 4118/3278/6454
f 2993/2115/6455 2992/2114/6455 3740/2811/6455
f 2023/1393/6456 241/156/6456 242/2923/6456
f 3201/3045/6457 4217/3008/6457 4220/3007/6457
f 4526/3039/6458 4220/3007/6458 3891/2185/6458
f 3052/2184/6459 3891/2185/6459 3890/3006/6459
f 3924/3490/6460 2240/4705/6460 4234/4638/6460
f 1456/1004/6461 3072/3583/6461 1454/1001/6461
f 1455/2191/6462 3072/3583/6462 1456/1004/6462
f 4219/4632/6463 3010/2857/6463 3924/3490/6463
f 3010/2857/6464 2533/2019/6464 2240/4705/6464
f 225/143/6465 2030/1018/6465 1477/1405/6465
f 4234/4638/6466 2240/4705/6466 4236/3050/6466
f 3924/3490/6467 4233/3489/6467 4219/4632/6467
f 3924/3490/6468 4234/4638/6468 3925/4637/6468
f 3892/2018/6469 3926/3051/6469 4236/3050/6469
f 4236/3050/6470 2240/4705/6470 3892/2018/6470
f 3072/3583/6471 1455/2191/6471 3074/2192/6471
f 4225/3253/6472 4226/3542/6472 4228/4724/6472
f 4226/3542/6473 4225/3253/6473 4224/3485/6473
f 4228/4724/6474 4226/3542/6474 704/3541/6474
f 3912/3857/6475 2749/1902/6475 3913/4703/6475
f 3912/3857/6476 4231/4633/6476 4426/1903/6476
f 2468/1700/6477 4426/1903/6477 4231/4633/6477
f 2749/1902/6478 2484/1707/6478 3201/3045/6478
f 3916/3020/6479 3915/3047/6479 3262/3828/6479
f 3915/3047/6480 3914/4636/6480 4235/3827/6480
f 3262/3828/6481 3915/3047/6481 4235/3827/6481
f 4235/3827/6482 3895/3052/6482 4282/3668/6482
f 3895/3052/6483 4235/3827/6483 3914/4636/6483
f 3264/3481/6484 4282/3668/6484 3895/3052/6484
f 3249/2832/6485 3251/4510/6485 4264/4725/6485
f 2387/4726/6486 4237/1710/6486 2488/2831/6486
f 4412/3817/6487 4415/4539/6487 4408/3808/6487
f 762/3254/6488 2399/3520/6488 3750/3216/6488
f 767/3507/6489 3950/514/6489 2405/4727/6489
f 4252/3519/6490 3950/514/6490 767/3507/6490
f 3950/3510/6491 766/522/6491 3949/3073/6491
f 4253/3078/6492 4528/4687/6492 3953/3079/6492
f 1077/2270/6493 1076/4282/6493 1101/694/6493
f 2454/4688/6494 1079/3077/6494 4528/4687/6494
f 1069/715/6495 1079/3077/6495 772/4290/6495
f 772/4290/6496 1041/659/6496 1069/715/6496
f 4253/3078/6497 2454/4688/6497 4528/4687/6497
f 3293/4412/6498 4070/3204/6498 2343/4019/6498
f 3293/4412/6499 2343/4019/6499 2386/2362/6499
f 3835/4728/6500 3840/4729/6500 3790/2750/6500
f 3835/4728/6501 3837/2936/6501 3841/2935/6501
f 3841/2935/6502 3840/4729/6502 3835/4728/6502
f 885/600/6503 889/610/6503 2402/2782/6503
f 885/600/6504 2402/2782/6504 906/3508/6504
f 3841/2935/6505 209/2942/6505 3840/4729/6505
f 3844/3765/6506 3842/3759/6506 1981/4047/6506
f 903/4268/6507 4255/3072/6507 879/603/6507
f 1017/3867/6508 3154/2253/6508 3284/4730/6508
f 4259/4731/6509 1017/3867/6509 3284/4730/6509
f 3284/4730/6510 3154/2253/6510 4258/1605/6510
f 1017/3867/6511 4259/4731/6511 1018/3865/6511
f 822/3530/6512 2360/1618/6512 823/1631/6512
f 3328/2402/6513 2275/3517/6513 2274/2403/6513
f 2391/3532/6514 2357/1620/6514 2356/1619/6514
f 3294/2359/6515 3301/4732/6515 3302/2371/6515
f 4266/3536/6516 3301/4732/6516 3294/2359/6516
f 3301/4732/6517 4265/3539/6517 3302/2371/6517
f 3302/2371/6518 4265/3539/6518 2323/3535/6518
f 4266/3536/6519 2413/2358/6519 2380/1628/6519
f 4265/3539/6520 3301/4732/6520 2319/3537/6520
f 2319/3537/6521 2380/1628/6521 2333/4124/6521
f 3027/4480/6522 4437/4366/6522 2987/1097/6522
f 4266/3536/6523 2319/3537/6523 3301/4732/6523
f 830/563/6524 829/3543/6524 825/3547/6524
f 830/563/6525 831/566/6525 839/4252/6525
f 3136/3544/6526 838/4254/6526 852/2231/6526
f 838/4254/6527 3136/3544/6527 839/4252/6527
f 853/2232/6528 852/2231/6528 854/4256/6528
f 838/4254/6529 854/4256/6529 852/2231/6529
f 828/4601/6530 4267/3546/6530 829/3543/6530
f 818/4249/6531 4267/3546/6531 828/4601/6531
f 2714/2068/6532 1905/4334/6532 1911/4733/6532
f 3534/4734/6533 3402/4735/6533 3397/3885/6533
f 3556/1313/6534 4443/3900/6534 3402/3899/6534
f 1756/2965/6535 3860/2967/6535 3861/2966/6535
f 1779/1221/6536 1903/4736/6536 3557/4673/6536
f 3557/4673/6537 1903/4736/6537 1902/1314/6537
f 1903/4736/6538 3867/2971/6538 1902/1314/6538
f 3962/4394/6539 3867/2971/6539 1903/4736/6539
f 88/39/6540 3415/2977/6540 3871/2978/6540
f 103/64/6541 63/36/6541 3871/2978/6541
f 2746/4066/6542 2742/2786/6542 2743/2987/6542
f 2996/4171/6543 2978/2828/6543 2992/2114/6543
f 1825/2760/6544 3699/2762/6544 3883/2994/6544
f 3880/2992/6545 3883/2994/6545 3699/2762/6545
f 3878/2995/6546 3881/2993/6546 3886/1268/6546
f 2476/2227/6547 2477/2226/6547 848/557/6547
f 2705/1877/6548 2704/4020/6548 4163/3634/6548
f 1001/669/6549 1000/668/6549 996/2436/6549
f 3112/2221/6550 3106/2213/6550 1002/2212/6550
f 3112/2221/6551 1002/2212/6551 1001/669/6551
f 3406/4706/6552 3408/3888/6552 3405/1187/6552
f 3674/1682/6553 949/633/6553 3675/3572/6553
f 3671/3154/6554 3674/1682/6554 3675/3572/6554
f 944/625/6555 954/651/6555 956/3569/6555
f 957/713/6556 954/651/6556 944/625/6556
f 3711/4702/6557 185/3002/6557 186/4670/6557
f 957/713/6558 962/652/6558 954/651/6558
f 186/4670/6559 109/68/6559 91/4147/6559
f 3889/3337/6560 3711/4702/6560 186/4670/6560
f 153/123/6561 3706/4737/6561 194/4738/6561
f 188/118/6562 153/123/6562 194/4738/6562
f 949/633/6563 1030/3570/6563 3675/3572/6563
f 1809/122/6564 198/121/6564 1844/4739/6564
f 2764/3005/6565 1844/1265/6565 198/4740/6565
f 153/123/6566 202/129/6566 2768/1910/6566
f 2768/1910/6567 2764/3004/6567 153/123/6567
f 2769/1913/6568 3894/1266/6568 2764/3005/6568
f 2771/2775/6569 3704/3011/6569 2766/1912/6569
f 3968/3094/6570 3693/3993/6570 3692/3992/6570
f 3675/3572/6571 1030/3570/6571 986/658/6571
f 1851/1918/6572 1854/1917/6572 1850/1916/6572
f 1854/1917/6573 1827/3013/6573 2770/1915/6573
f 3968/3094/6574 3682/3791/6574 3681/3790/6574
f 1789/3349/6575 4061/3206/6575 2903/4704/6575
f 4145/4410/6576 3685/4589/6576 1805/1248/6576
f 1727/1196/6577 1805/1248/6577 3685/4589/6577
f 1800/2021/6578 1802/1247/6578 1727/1196/6578
f 2892/2030/6579 1800/2021/6579 4525/1195/6579
f 1800/2021/6580 1801/2020/6580 1798/1245/6580
f 1868/3025/6581 3665/1283/6581 2872/2000/6581
f 2869/4403/6582 1877/1288/6582 1876/1287/6582
f 3665/1283/6583 2869/4403/6583 2872/2000/6583
f 2354/1993/6584 1876/1287/6584 2760/1286/6584
f 3901/1991/6585 2354/1993/6585 2760/1286/6585
f 4289/4277/6586 1103/4278/6586 4288/4292/6586
f 1104/4700/6587 4288/4292/6587 1103/4278/6587
f 1104/4700/6588 1338/4291/6588 4288/4292/6588
f 4527/4659/6589 1104/4700/6589 3985/4661/6589
f 4293/4699/6590 3654/2735/6590 3991/2734/6590
f 3650/3593/6591 3653/4004/6591 4293/4699/6591
f 2174/1740/6592 2201/1739/6592 3653/4004/6592
f 3650/3593/6593 2174/1740/6593 3653/4004/6593
f 4527/4659/6594 3656/3587/6594 1338/4291/6594
f 1088/3585/6595 1338/4291/6595 3656/3587/6595
f 1088/3585/6596 1339/3584/6596 4289/4277/6596
f 4297/3586/6597 4291/4655/6597 1339/3584/6597
f 3725/4165/6598 4327/3644/6598 1786/3120/6598
f 4290/4003/6599 4291/4655/6599 4523/4741/6599
f 4291/4655/6600 4299/3589/6600 4298/2733/6600
f 4298/2733/6601 4299/3589/6601 3991/2734/6601
f 4290/4003/6602 4299/3589/6602 4291/4655/6602
f 2904/3234/6603 3741/2806/6603 2903/4704/6603
f 4488/4077/6604 2815/1948/6604 384/264/6604
f 3991/2734/6605 4292/3588/6605 4294/3573/6605
f 3918/4652/6606 650/3046/6606 3917/4648/6606
f 650/3046/6607 587/415/6607 3917/4648/6607
f 587/415/6608 3669/4583/6608 3917/4648/6608
f 3668/3048/6609 3669/4583/6609 2856/1974/6609
f 667/4076/6610 712/4603/6610 587/415/6610
f 2856/1974/6611 587/415/6611 712/4603/6611
f 3923/2737/6612 3444/2744/6612 2876/2007/6612
f 2876/2007/6613 3928/3688/6613 3923/2737/6613
f 3928/3688/6614 3666/3049/6614 3923/2737/6614
f 2872/2000/6615 2876/2007/6615 1868/3025/6615
f 2876/2007/6616 2872/2000/6616 2874/2005/6616
f 4343/4742/6617 2875/2006/6617 2874/2005/6617
f 2874/2005/6618 2878/4467/6618 4343/4742/6618
f 2874/2005/6619 2872/2000/6619 2353/1999/6619
f 3929/1997/6620 4343/4742/6620 2878/4467/6620
f 2878/4467/6621 4520/4468/6621 3929/1997/6621
f 2359/1998/6622 4516/4414/6622 2870/1996/6622
f 3929/1997/6623 4520/4468/6623 2359/1998/6623
f 1742/2730/6624 2868/1994/6624 3649/2731/6624
f 119/4514/6625 2050/4354/6625 1591/1406/6625
f 2565/840/6626 2190/3143/6626 2563/1784/6626
f 3084/2200/6627 3060/2492/6627 3078/3596/6627
f 3060/2492/6628 3058/2493/6628 3078/3596/6628
f 3058/2493/6629 3077/1756/6629 3078/3596/6629
f 2546/3598/6630 3077/1756/6630 3058/2493/6630
f 3077/1756/6631 2546/3598/6631 2545/4431/6631
f 2165/1741/6632 2526/3126/6632 2154/2510/6632
f 2154/2510/6633 1930/1332/6633 2151/2509/6633
f 3932/3984/6634 1574/1985/6634 3933/4551/6634
f 4346/1975/6635 1560/4548/6635 3932/3984/6635
f 1567/1984/6636 3933/4551/6636 1574/1985/6636
f 1567/1984/6637 2858/3923/6637 3933/4551/6637
f 1563/1987/6638 2859/3057/6638 1570/3056/6638
f 2855/1972/6639 1519/1032/6639 2849/1968/6639
f 1494/4305/6640 1519/1032/6640 2855/1972/6640
f 3993/2158/6641 3995/3130/6641 1159/3129/6641
f 112/71/6642 3744/70/6642 4091/3242/6642
f 696/469/6643 1270/3449/6643 1271/3445/6643
f 697/470/6644 1342/915/6644 688/466/6644
f 696/469/6645 1342/915/6645 697/470/6645
f 679/2690/6646 644/435/6646 3615/2691/6646
f 684/465/6647 1280/877/6647 3616/3609/6647
f 678/4267/6648 3616/3609/6648 1280/877/6648
f 1149/2170/6649 1258/860/6649 3039/2160/6649
f 4307/4743/6650 3481/3757/6650 3475/2547/6650
f 4307/4743/6651 3474/3614/6651 3481/3757/6651
f 4307/4743/6652 3449/3612/6652 3474/3614/6652
f 3518/4744/6653 3474/3614/6653 3456/3613/6653
f 93/3003/6654 185/3002/6654 3712/4163/6654
f 3952/4121/6655 1424/3711/6655 3954/3958/6655
f 3518/4744/6656 3470/3742/6656 3519/4557/6656
f 3470/3742/6657 3471/3743/6657 3519/4557/6657
f 1334/3627/6658 1216/2680/6658 4311/3927/6658
f 2132/3618/6659 4072/3215/6659 4075/3630/6659
f 2124/4690/6660 4068/3926/6660 2129/1475/6660
f 1209/4689/6661 4077/3632/6661 3600/4745/6661
f 1333/3628/6662 4058/3625/6662 4314/3629/6662
f 1333/3628/6663 1334/3627/6663 4311/3927/6663
f 1333/3628/6664 4067/3626/6664 4058/3625/6664
f 4495/2618/6665 2785/2654/6665 4496/2653/6665
f 3537/1922/6666 2785/2654/6666 4458/4120/6666
f 4067/3626/6667 1333/3628/6667 4311/3927/6667
f 4068/3926/6668 4067/3626/6668 4311/3927/6668
f 4458/4120/6669 2785/2654/6669 4495/2618/6669
f 4458/4120/6670 2776/2586/6670 3543/2585/6670
f 4075/3630/6671 3583/3624/6671 3601/3929/6671
f 4075/3630/6672 4074/3218/6672 3583/3624/6672
f 2124/4690/6673 3600/4745/6673 4068/3926/6673
f 4067/3626/6674 3600/4745/6674 4076/3220/6674
f 3600/4745/6675 4067/3626/6675 4068/3926/6675
f 4078/3622/6676 3600/4745/6676 4077/3632/6676
f 1209/4689/6677 3600/4745/6677 2124/4690/6677
f 3583/3624/6678 2136/3623/6678 3601/3929/6678
f 4077/3632/6679 2136/3623/6679 4078/3622/6679
f 3971/3101/6680 2082/1435/6680 3573/2626/6680
f 1104/4700/6681 4283/3876/6681 3985/4661/6681
f 3985/4661/6682 4283/3876/6682 3988/3875/6682
f 1423/3710/6683 1424/3711/6683 3952/4121/6683
f 1423/3710/6684 3952/4121/6684 1415/980/6684
f 2555/4092/6685 2937/4746/6685 1289/4093/6685
f 2937/4746/6686 3566/3942/6686 2682/3941/6686
f 1289/4093/6687 2681/4112/6687 2942/4564/6687
f 2937/4746/6688 2681/4112/6688 1289/4093/6688
f 2682/3941/6689 2678/1857/6689 2681/4112/6689
f 3573/2626/6690 2082/1435/6690 2081/1434/6690
f 3591/4562/6691 3512/2649/6691 3513/3170/6691
f 1433/983/6692 1412/3641/6692 3591/4562/6692
f 1431/981/6693 2632/1835/6693 1432/982/6693
f 525/1557/6694 3018/2135/6694 4110/4236/6694
f 538/4237/6695 521/348/6695 537/925/6695
f 537/925/6696 536/928/6696 535/2321/6696
f 526/1558/6697 4110/4236/6697 522/347/6697
f 525/1557/6698 4110/4236/6698 526/1558/6698
f 3532/2578/6699 3530/2580/6699 3964/3092/6699
f 3965/3093/6700 3964/3092/6700 3531/4471/6700
f 3516/2577/6701 3964/3092/6701 3530/2580/6701
f 3964/3092/6702 3516/2577/6702 3531/4471/6702
f 1367/4559/6703 1368/2089/6703 1377/3444/6703
f 3689/2755/6704 4147/4593/6704 3698/4594/6704
f 1367/4559/6705 1363/4285/6705 3529/2659/6705
f 3042/3102/6706 3971/3101/6706 3573/2626/6706
f 3559/2627/6707 332/3409/6707 2035/3416/6707
f 2032/3407/6708 2033/3415/6708 1488/1404/6708
f 3972/4096/6709 595/338/6709 588/392/6709
f 3467/3111/6710 595/338/6710 3972/4096/6710
f 595/338/6711 3467/3111/6711 3469/4556/6711
f 590/4555/6712 3467/3111/6712 599/3110/6712
f 590/4555/6713 3469/4556/6713 3467/3111/6713
f 605/4247/6714 603/4747/6714 661/477/6714
f 603/4747/6715 2572/1783/6715 604/2536/6715
f 602/3439/6716 2572/1783/6716 603/4747/6716
f 603/4747/6717 604/2536/6717 661/477/6717
f 3976/3441/6718 4453/4553/6718 4454/4107/6718
f 2109/3935/6719 4453/4553/6719 3976/3441/6719
f 3459/4554/6720 1293/1464/6720 1294/3769/6720
f 2153/4255/6721 642/3118/6721 2115/4440/6721
f 2153/4255/6722 2115/4440/6722 3596/2692/6722
f 3993/2158/6723 1259/4265/6723 3995/3130/6723
f 3993/2158/6724 1159/3129/6724 1156/786/6724
f 1157/788/6725 3993/2158/6725 1156/786/6725
f 1258/860/6726 1081/718/6726 1257/861/6726
f 1082/1748/6727 1081/718/6727 1258/860/6727
f 2775/3672/6728 2797/2549/6728 3497/2556/6728
f 2009/1385/6729 2797/2549/6729 2775/3672/6729
f 2797/2549/6730 2009/1385/6730 2794/1387/6730
f 2778/1921/6731 2009/1385/6731 2775/3672/6731
f 2778/1921/6732 2775/3672/6732 4336/4623/6732
f 2777/1920/6733 3539/4624/6733 2779/4451/6733
f 4002/3916/6734 4000/3127/6734 2570/1779/6734
f 2544/1754/6735 2570/1779/6735 4000/3127/6735
f 2778/1921/6736 3539/4624/6736 2777/1920/6736
f 3540/4452/6737 3492/3675/6737 3538/2584/6737
f 2779/4451/6738 3492/3675/6738 3540/4452/6738
f 3538/2584/6739 2781/1923/6739 3540/4452/6739
f 3593/3676/6740 2787/1928/6740 3634/3674/6740
f 2786/1929/6741 2787/1928/6741 3593/3676/6741
f 3593/3676/6742 2783/3677/6742 4519/4454/6742
f 3053/2168/6743 3059/3124/6743 3055/3918/6743
f 2783/3677/6744 3478/2552/6744 4519/4454/6744
f 2788/2681/6745 3478/2552/6745 3535/4748/6745
f 3535/4748/6746 3478/2552/6746 3477/3678/6746
f 3493/2555/6747 3634/3674/6747 3538/2584/6747
f 3055/3918/6748 3059/3124/6748 3068/3599/6748
f 3538/2584/6749 3492/3675/6749 3493/2555/6749
f 3539/4624/6750 3496/3394/6750 2779/4451/6750
f 3496/3394/6751 3492/3675/6751 2779/4451/6751
f 3068/3599/6752 3059/3124/6752 2547/3128/6752
f 2792/2550/6753 3478/2552/6753 2783/3677/6753
f 3478/2552/6754 3490/2551/6754 3477/3678/6754
f 3477/3678/6755 4172/3393/6755 1631/3392/6755
f 3535/2583/6756 1631/4749/6756 1985/1363/6756
f 1631/3392/6757 3535/4748/6757 3477/3678/6757
f 1632/2720/6758 1986/1364/6758 1985/1363/6758
f 1632/2720/6759 1985/1363/6759 1631/4749/6759
f 1986/1364/6760 1638/3288/6760 1983/1370/6760
f 1083/717/6761 1154/526/6761 1159/3129/6761
f 4442/2462/6762 4441/3912/6762 4007/4663/6762
f 4007/4663/6763 4015/3907/6763 4442/2462/6763
f 4442/2462/6764 1960/3891/6764 4441/3912/6764
f 1115/2483/6765 4010/2705/6765 4012/2711/6765
f 1909/1939/6766 1644/3308/6766 1637/4750/6766
f 1637/3457/6767 1644/3680/6767 1642/4695/6767
f 4006/2475/6768 1187/815/6768 4014/3887/6768
f 1111/3142/6769 3388/3141/6769 4006/2475/6769
f 2818/3501/6770 1642/4695/6770 4138/4751/6770
f 4137/3679/6771 4138/4751/6771 1644/3680/6771
f 1120/2484/6772 3066/3144/6772 1116/2482/6772
f 1644/3680/6773 4138/4751/6773 1642/4695/6773
f 1113/754/6774 4014/3887/6774 1115/2483/6774
f 2930/4465/6775 4455/4453/6775 4456/4463/6775
f 3502/4752/6776 1880/1992/6776 1885/1964/6776
f 1880/1992/6777 3930/2560/6777 1881/1995/6777
f 3502/4752/6778 3930/2560/6778 1880/1992/6778
f 4342/3980/6779 2870/1996/6779 3649/2731/6779
f 2870/1996/6780 4342/3980/6780 3929/1997/6780
f 1552/3690/6781 3666/3049/6781 3928/3688/6781
f 3651/4606/6782 3929/1997/6782 4342/3980/6782
f 4343/4742/6783 3929/1997/6783 3651/4606/6783
f 1552/3690/6784 2875/2006/6784 3922/4607/6784
f 4343/4742/6785 3651/4606/6785 2875/2006/6785
f 3928/3688/6786 2875/2006/6786 1552/3690/6786
f 712/4603/6787 1560/4548/6787 2856/1974/6787
f 3486/3681/6788 1644/3680/6788 1633/4753/6788
f 4351/3315/6789 4349/3696/6789 4348/3695/6789
f 3632/3697/6790 1627/2717/6790 3630/2716/6790
f 3090/3149/6791 3970/3150/6791 3089/2204/6791
f 4017/3100/6792 2250/4754/6792 3977/3098/6792
f 4354/3700/6793 4353/3699/6793 1627/2717/6793
f 4349/3696/6794 4350/3706/6794 3632/3697/6794
f 3632/3697/6795 4354/3700/6795 1627/2717/6795
f 4350/3706/6796 4355/3705/6796 4354/3700/6796
f 4135/3701/6797 4354/3700/6797 4355/3705/6797
f 1086/3702/6798 4353/3699/6798 4135/3701/6798
f 4356/3703/6799 4135/3701/6799 4361/4141/6799
f 4355/3705/6800 4361/4141/6800 4135/3701/6800
f 3970/3150/6801 3373/3099/6801 3977/3098/6801
f 4018/1567/6802 3372/2448/6802 3090/3149/6802
f 4138/4751/6803 4241/3503/6803 2818/3501/6803
f 4141/3310/6804 4357/3707/6804 4352/3698/6804
f 1918/3312/6805 4359/4755/6805 4357/3707/6805
f 1918/3312/6806 2881/4142/6806 4359/4755/6806
f 2247/1566/6807 3368/2445/6807 2245/1564/6807
f 3369/4586/6808 3368/2445/6808 2247/1566/6808
f 4352/3698/6809 4357/3707/6809 4360/3704/6809
f 4360/3704/6810 4350/3706/6810 4352/3698/6810
f 3099/2208/6811 3097/3151/6811 3100/2209/6811
f 3099/2208/6812 3096/2443/6812 3097/3151/6812
f 4357/3707/6813 4359/4755/6813 4358/3708/6813
f 4359/4755/6814 2881/4142/6814 4358/3708/6814
f 4358/3708/6815 2884/3712/6815 4355/3705/6815
f 4361/4141/6816 2884/3712/6816 4362/3709/6816
f 4137/3679/6817 4241/3503/6817 4138/4751/6817
f 4350/3706/6818 4354/3700/6818 3632/3697/6818
f 2880/2009/6819 2881/4142/6819 2882/2016/6819
f 2880/2009/6820 4358/3708/6820 2881/4142/6820
f 2884/3712/6821 2880/2009/6821 4362/3709/6821
f 4137/3679/6822 4500/3307/6822 4268/1118/6822
f 4500/3307/6823 1629/1119/6823 4268/1118/6823
f 4367/3713/6824 4366/4153/6824 2895/2024/6824
f 1806/1249/6825 4364/3714/6825 1807/1244/6825
f 4365/3715/6826 4364/3714/6826 1806/1249/6826
f 4365/3715/6827 3882/2996/6827 4364/3714/6827
f 3695/2997/6828 1805/1248/6828 1807/1244/6828
f 1830/1267/6829 3878/2995/6829 3886/1268/6829
f 1830/1267/6830 3879/2990/6830 3878/2995/6830
f 1830/1267/6831 3885/2991/6831 3879/2990/6831
f 2751/3721/6832 1819/4400/6832 1824/2989/6832
f 1824/2989/6833 2744/2999/6833 2751/3721/6833
f 3885/2991/6834 2744/2999/6834 1824/2989/6834
f 1205/827/6835 1206/829/6835 2142/4669/6835
f 1228/2671/6836 2133/4691/6836 3602/2672/6836
f 1852/3014/6837 2750/3720/6837 3702/3015/6837
f 1814/3667/6838 2750/3720/6838 1852/3014/6838
f 3884/2998/6839 1830/1267/6839 3707/2787/6839
f 3884/2998/6840 3885/2991/6840 1830/1267/6840
f 84/3726/6841 87/1240/6841 82/3724/6841
f 3603/4439/6842 1229/2670/6842 3602/2672/6842
f 81/2801/6843 84/3726/6843 2914/3725/6843
f 1235/4438/6844 4310/3931/6844 1234/2679/6844
f 4376/3730/6845 3747/3727/6845 2716/1883/6845
f 2717/1884/6846 2716/1883/6846 4377/3728/6846
f 4377/3728/6847 2716/1883/6847 3747/3727/6847
f 3747/2817/6848 1764/7/6848 1771/4756/6848
f 4377/3728/6849 1771/1218/6849 2717/1884/6849
f 2717/1884/6850 1771/1218/6850 1757/1219/6850
f 1767/4522/6851 1771/4756/6851 1764/7/6851
f 1774/2818/6852 3747/2817/6852 1780/4393/6852
f 2718/1881/6853 2717/1884/6853 3861/2966/6853
f 1773/2040/6854 1768/1213/6854 1897/4388/6854
f 2311/1591/6855 2322/1599/6855 2432/1662/6855
f 2432/1662/6856 2430/1661/6856 2311/1591/6856
f 1917/3889/6857 1926/2488/6857 3405/1187/6857
f 2322/1599/6858 2311/1591/6858 2324/1600/6858
f 4056/4050/6859 3589/4078/6859 4055/4033/6859
f 3141/1603/6860 820/4250/6860 821/2239/6860
f 1725/4057/6861 1925/1875/6861 1917/3889/6861
f 2056/4081/6862 2072/4435/6862 3584/3210/6862
f 3737/4714/6863 3340/4072/6863 3339/2418/6863
f 50/4055/6864 54/3736/6864 1713/3735/6864
f 1713/3735/6865 4317/4757/6865 50/4055/6865
f 4317/4757/6866 4318/3636/6866 50/4055/6866
f 1936/4595/6867 4317/4757/6867 1713/3735/6867
f 1936/4595/6868 1935/3738/6868 4320/4380/6868
f 4317/4757/6869 4320/4380/6869 4318/3636/6869
f 4320/4380/6870 4317/4757/6870 1936/4595/6870
f 1718/4378/6871 1935/3738/6871 1709/3737/6871
f 1708/1173/6872 1936/4595/6872 1712/4338/6872
f 1936/4595/6873 1708/1173/6873 1935/3738/6873
f 1695/1174/6874 1708/1173/6874 1712/4338/6874
f 1939/2451/6875 4161/1311/6875 1937/1310/6875
f 824/4643/6876 2336/2397/6876 2397/3083/6876
f 3584/3210/6877 2057/3209/6877 2056/4081/6877
f 4369/4106/6878 4518/4432/6878 3577/2636/6878
f 3149/3805/6879 2400/3186/6879 2335/2398/6879
f 2396/3804/6880 2395/4423/6880 2400/3186/6880
f 3149/3805/6881 2396/3804/6881 2400/3186/6881
f 2395/4423/6882 2331/3811/6882 2398/3813/6882
f 2393/1633/6883 2395/4423/6883 2398/3813/6883
f 1684/4647/6884 2688/4051/6884 1683/4477/6884
f 823/1631/6885 2336/2397/6885 824/4643/6885
f 2369/4018/6886 2336/2397/6886 823/1631/6886
f 4258/1605/6887 3152/2251/6887 3157/530/6887
f 3154/2253/6888 3152/2251/6888 4258/1605/6888
f 4384/4508/6889 1947/1334/6889 1946/1335/6889
f 78/2455/6890 4167/2123/6890 4168/4758/6890
f 78/2455/6891 70/28/6891 4167/2123/6891
f 1020/2252/6892 3152/2251/6892 3154/2253/6892
f 71/29/6893 1641/4644/6893 2668/2442/6893
f 1641/4644/6894 1640/31/6894 1672/1163/6894
f 1672/1163/6895 2668/2442/6895 1641/4644/6895
f 159/2094/6896 100/2843/6896 105/2095/6896
f 2339/1612/6897 2338/4411/6897 4062/3226/6897
f 4060/3225/6898 4062/3226/6898 2338/4411/6898
f 4060/3225/6899 4064/3205/6899 4066/3222/6899
f 4063/3814/6900 2344/4413/6900 2345/4056/6900
f 2422/3223/6901 4063/3814/6901 2345/4056/6901
f 794/546/6902 798/550/6902 797/549/6902
f 3843/4759/6903 2951/2075/6903 4150/3761/6903
f 4386/3763/6904 4385/3762/6904 4286/4580/6904
f 2340/1615/6905 2327/1611/6905 3162/3221/6905
f 2326/1607/6906 2340/1615/6906 2337/1609/6906
f 2342/1614/6907 2337/1609/6907 2340/1615/6907
f 2339/1612/6908 4062/3226/6908 3939/4059/6908
f 2337/1609/6909 2342/1614/6909 3164/4408/6909
f 4286/4580/6910 4169/3577/6910 4386/3763/6910
f 3939/4059/6911 3162/3221/6911 2339/1612/6911
f 2422/3223/6912 3939/4059/6912 4066/3222/6912
f 4062/3226/6913 4066/3222/6913 3939/4059/6913
f 3730/3883/6914 3843/4759/6914 4387/2941/6914
f 4150/3761/6915 4387/2941/6915 3843/4759/6915
f 3841/2935/6916 3838/2937/6916 3730/3883/6916
f 3754/2826/6917 794/546/6917 790/545/6917
f 3730/3883/6918 3838/2937/6918 4286/4580/6918
f 4286/4580/6919 4287/3579/6919 4169/3577/6919
f 154/101/6920 1531/4186/6920 151/102/6920
f 2303/4407/6921 3263/3229/6921 4328/4512/6921
f 2303/4407/6922 4328/4512/6922 3259/4511/6922
f 2297/3829/6923 2298/4021/6923 2401/2339/6923
f 2228/3231/6924 2297/3829/6924 2401/2339/6924
f 149/2151/6925 1534/3782/6925 148/2096/6925
f 1534/3782/6926 149/2151/6926 1992/1367/6926
f 149/2151/6927 148/2096/6927 155/4760/6927
f 3587/2633/6928 3580/2632/6928 4375/3719/6928
f 3030/2440/6929 155/2439/6929 164/3781/6929
f 164/3781/6930 1995/1376/6930 3030/2440/6930
f 674/1553/6931 3256/2338/6931 4089/1641/6931
f 1490/1352/6932 3268/3389/6932 151/102/6932
f 1531/4186/6933 1532/1351/6933 151/102/6933
f 1531/4186/6934 1534/3782/6934 1532/1351/6934
f 149/2151/6935 2666/3780/6935 4393/1372/6935
f 155/4760/6936 2666/3780/6936 149/2151/6936
f 3753/2825/6937 2306/1587/6937 796/3238/6937
f 2307/3239/6938 796/3238/6938 2306/1587/6938
f 2307/3239/6939 2306/1587/6939 2265/1574/6939
f 3255/3237/6940 2285/4579/6940 4090/3261/6940
f 699/1572/6941 2265/1574/6941 2304/1588/6941
f 4094/3246/6942 4092/3244/6942 4344/3243/6942
f 3260/3245/6943 4092/3244/6943 4240/3816/6943
f 4344/3243/6944 3259/4511/6944 637/3684/6944
f 4344/3243/6945 3260/3245/6945 3259/4511/6945
f 3942/3821/6946 2462/3251/6946 3762/3250/6946
f 3762/3250/6947 4096/3252/6947 3761/3067/6947
f 2459/3248/6948 2462/3251/6948 2460/3822/6948
f 762/3254/6949 3253/3256/6949 3771/3255/6949
f 3772/3549/6950 3253/3256/6950 756/4716/6950
f 3751/2823/6951 3775/4719/6951 3292/3550/6951
f 3753/2825/6952 4090/3261/6952 3751/2823/6952
f 3192/3825/6953 3775/4719/6953 3777/3259/6953
f 3255/3237/6954 2307/3239/6954 2254/3240/6954
f 711/497/6955 710/3264/6955 727/495/6955
f 710/3264/6956 3768/3266/6956 727/495/6956
f 3781/4718/6957 3219/3271/6957 4107/3859/6957
f 3218/3270/6958 4107/3859/6958 3219/3271/6958
f 4108/4129/6959 4107/3859/6959 4109/4761/6959
f 4106/3858/6960 4109/4761/6960 4107/3859/6960
f 4109/4761/6961 4095/4144/6961 4108/4129/6961
f 4108/4129/6962 3217/4614/6962 4107/3859/6962
f 4429/4145/6963 4094/3246/6963 4111/3834/6963
f 631/3033/6964 3786/4127/6964 4095/4144/6964
f 3261/3826/6965 3905/3034/6965 4111/3834/6965
f 4095/4144/6966 4111/3834/6966 631/3033/6966
f 3905/3034/6967 631/3033/6967 4111/3834/6967
f 4111/3834/6968 638/3683/6968 3261/3826/6968
f 2473/3272/6969 3219/3271/6969 3784/4131/6969
f 2473/3272/6970 2471/4143/6970 2474/4135/6970
f 2149/1472/6971 2169/1507/6971 3248/2283/6971
f 4118/3278/6972 2169/1507/6972 4503/1509/6972
f 3188/3474/6973 4119/3279/6973 4503/1509/6973
f 615/1505/6974 614/1506/6974 2164/3282/6974
f 3244/4762/6975 2166/3280/6975 3188/3474/6975
f 3244/4762/6976 4471/4723/6976 2166/3280/6976
f 3166/2947/6977 2524/1737/6977 3165/2265/6977
f 2529/2311/6978 3235/2319/6978 3230/2318/6978
f 3227/4497/6979 2530/1745/6979 2531/4042/6979
f 2531/4042/6980 2515/1730/6980 3234/2317/6980
f 2531/4042/6981 3234/2317/6981 3235/2319/6981
f 2531/4042/6982 2530/1745/6982 2537/4043/6982
f 2585/2897/6983 2581/1790/6983 2579/1789/6983
f 2120/1487/6984 470/2249/6984 468/2329/6984
f 3266/1826/6985 2384/4342/6985 3150/4040/6985
f 468/2329/6986 3150/4040/6986 3183/2279/6986
f 2067/343/6987 517/342/6987 514/2887/6987
f 3161/2257/6988 4128/328/6988 3159/2889/6988
f 3814/2884/6989 4128/328/6989 501/330/6989
f 4128/328/6990 3814/2884/6990 3159/2889/6990
f 3288/1427/6991 2069/1430/6991 1372/1761/6991
f 3144/2246/6992 744/3446/6992 743/4239/6992
f 428/4240/6993 744/3446/6993 4130/4355/6993
f 743/4239/6994 4129/1446/6994 3144/2246/6994
f 1373/1759/6995 2069/1430/6995 513/1429/6995
f 485/2951/6996 2552/1763/6996 2553/1762/6996
f 483/4625/6997 2552/1763/6997 485/2951/6997
f 3833/1764/6998 2552/1763/6998 483/4625/6998
f 452/3424/6999 447/3594/6999 449/1419/6999
f 3832/3291/7000 2559/1765/7000 3833/1764/7000
f 443/3864/7001 2046/1420/7001 449/1419/7001
f 3832/3291/7002 2561/3290/7002 2559/1765/7002
f 416/275/7003 457/3803/7003 417/276/7003
f 2054/1426/7004 358/4340/7004 2061/4352/7004
f 3823/3302/7005 2061/4352/7005 356/2911/7005
f 358/4340/7006 356/2911/7006 2061/4352/7006
f 3289/2904/7007 3288/1427/7007 1372/1761/7007
f 3288/1427/7008 3289/2904/7008 3290/4175/7008
f 744/3446/7009 428/4240/7009 743/4239/7009
f 437/2346/7010 786/538/7010 3116/289/7010
f 4129/1446/7011 784/536/7011 424/281/7011
f 3396/4763/7012 3397/3901/7012 4443/3900/7012
f 428/4241/7013 4130/4356/7013 3119/4361/7013
f 358/4340/7014 1398/2909/7014 356/2911/7014
f 1399/165/7015 358/4340/7015 340/960/7015
f 1318/874/7016 3808/3824/7016 1322/2355/7016
f 2725/1893/7017 994/4679/7017 3549/4676/7017
f 3304/2380/7018 3129/2379/7018 3124/2907/7018
f 3314/2908/7019 3124/2907/7019 1388/4618/7019
f 3306/2383/7020 3309/2386/7020 3820/2900/7020
f 4206/4038/7021 3155/2929/7021 2105/2928/7021
f 1295/1750/7022 4419/1751/7022 4205/3833/7022
f 3311/965/7023 3069/2388/7023 1417/2391/7023
f 1417/2391/7024 3069/2388/7024 2607/2181/7024
f 1417/2391/7025 2607/2181/7025 3316/2392/7025
f 3600/4745/7026 4078/3622/7026 4076/3220/7026
f 3304/2380/7027 3314/2908/7027 3313/3604/7027
f 3313/3604/7028 3317/2916/7028 2379/1626/7028
f 3317/2916/7029 3313/3604/7029 3314/2908/7029
f 3316/2392/7030 3312/2180/7030 3298/4041/7030
f 1414/4639/7031 1413/4764/7031 3312/2180/7031
f 1413/4764/7032 1414/4639/7032 1397/4765/7032
f 2024/1397/7033 1501/1384/7033 3830/3411/7033
f 2622/2157/7034 2616/3331/7034 4144/1818/7034
f 2622/2157/7035 3319/2395/7035 2616/3331/7035
f 212/3334/7036 211/133/7036 2621/1816/7036
f 4205/3833/7037 4203/3462/7037 4204/3571/7037
f 1256/3399/7038 2361/1808/7038 2366/4488/7038
f 1735/4295/7039 4512/4766/7039 2376/4381/7039
f 3038/1820/7040 161/4767/7040 3035/88/7040
f 3858/3464/7041 3213/2305/7041 3856/3842/7041
f 1530/1369/7042 1988/1833/7042 1533/149/7042
f 2205/1531/7043 3213/2305/7043 3858/3464/7043
f 4055/4033/7044 1330/4032/7044 1329/3202/7044
f 3268/3389/7045 1537/3610/7045 1976/1353/7045
f 3225/2307/7046 3212/2301/7046 2521/1734/7046
f 3865/2969/7047 4207/3846/7047 4281/3843/7047
f 3225/2307/7048 4281/3843/7048 3212/2301/7048
f 3865/2969/7049 4281/3843/7049 3225/2307/7049
f 1247/2867/7050 3091/2866/7050 3773/3257/7050
f 4227/3487/7051 4224/3485/7051 4223/3484/7051
f 3770/2842/7052 4422/3850/7052 1179/4146/7052
f 3770/2842/7053 4421/2841/7053 4422/3850/7053
f 4226/3542/7054 4422/3850/7054 4421/2841/7054
f 4226/3542/7055 4421/2841/7055 1180/2840/7055
f 1961/3873/7056 115/74/7056 1958/3344/7056
f 3549/4676/7057 994/4679/7057 993/4677/7057
f 703/2839/7058 710/3264/7058 699/1572/7058
f 700/3852/7059 703/2839/7059 699/1572/7059
f 1180/2840/7060 703/2839/7060 700/3852/7060
f 2954/3764/7061 4386/3763/7061 2955/3346/7061
f 2955/3346/7062 2950/2073/7062 2954/3764/7062
f 4151/3760/7063 2951/2075/7063 2698/2074/7063
f 3376/4768/7064 2701/1869/7064 2927/2057/7064
f 2697/3884/7065 2701/1869/7065 3376/4768/7065
f 4223/3484/7066 2466/1696/7066 4227/3487/7066
f 2466/1696/7067 4223/3484/7067 2461/4023/7067
f 1331/4034/7068 4051/4675/7068 1330/4032/7068
f 2947/1133/7069 2946/1318/7069 1940/3348/7069
f 2459/3248/7070 2461/4023/7070 4097/3249/7070
f 4155/1167/7071 1688/1166/7071 4154/3350/7071
f 1932/3351/7072 1663/1148/7072 1662/1147/7072
f 4156/3352/7073 54/3736/7073 1932/3351/7073
f 54/3736/7074 49/4581/7074 1933/1115/7074
f 1933/1115/7075 1932/3351/7075 54/3736/7075
f 1933/1115/7076 1674/4169/7076 1932/3351/7076
f 1677/42/7077 2936/3356/7077 2688/4051/7077
f 2075/3198/7078 4051/4675/7078 1331/4034/7078
f 1328/3200/7079 1329/3202/7079 1327/4674/7079
f 1327/4674/7080 1329/3202/7080 1330/4032/7080
f 3756/3496/7081 4425/3801/7081 4426/1903/7081
f 1330/4032/7082 4051/4675/7082 1327/4674/7082
f 4426/1903/7083 4425/3801/7083 4424/4542/7083
f 2485/1708/7084 4424/4542/7084 2486/1709/7084
f 2486/1709/7085 4427/4541/7085 4501/3499/7085
f 4424/4542/7086 4425/3801/7086 4427/4541/7086
f 4424/4542/7087 4427/4541/7087 2486/1709/7087
f 4501/3499/7088 2680/2294/7088 2486/1709/7088
f 4238/4140/7089 2479/3498/7089 4501/3499/7089
f 4502/4139/7090 4411/3809/7090 4238/4140/7090
f 2474/4135/7091 3199/4540/7091 4412/3817/7091
f 3199/4540/7092 4415/4539/7092 4412/3817/7092
f 4412/3817/7093 4413/3274/7093 4115/3273/7093
f 3393/2468/7094 1683/2478/7094 38/2479/7094
f 4344/3243/7095 4093/3835/7095 4094/3246/7095
f 2936/3356/7096 1683/4477/7096 2688/4051/7096
f 4116/3275/7097 2301/3247/7097 4429/4145/7097
f 2472/4536/7098 2301/3247/7098 4116/3275/7098
f 1916/1312/7099 4443/3900/7099 3556/1313/7099
f 1904/1306/7100 1916/1312/7100 1902/1314/7100
f 3867/2971/7101 1915/1880/7101 1904/1306/7101
f 1904/1306/7102 1902/1314/7102 3867/2971/7102
f 1895/1887/7103 59/4331/7103 1893/1300/7103
f 30/3362/7104 1874/1291/7104 1886/3363/7104
f 31/4525/7105 4/3/7105 32/1228/7105
f 2385/3533/7106 4262/2342/7106 3276/2345/7106
f 2385/3533/7107 2334/2344/7107 2152/3518/7107
f 747/4179/7108 4263/3862/7108 3746/3534/7108
f 4248/3514/7109 2385/3533/7109 4250/3516/7109
f 3552/2603/7110 2806/2665/7110 3548/2604/7110
f 906/4769/7111 2405/4642/7111 903/4268/7111
f 903/4268/7112 3949/3073/7112 4255/3072/7112
f 1019/2254/7113 3154/2253/7113 4433/4284/7113
f 4432/3866/7114 3154/2253/7114 1017/3867/7114
f 4432/3866/7115 1018/3865/7115 4431/4283/7115
f 4432/3866/7116 4433/4284/7116 3154/2253/7116
f 1018/3865/7117 4259/4731/7117 1048/4281/7117
f 937/675/7118 4409/3529/7118 4261/3896/7118
f 4409/3529/7119 937/675/7119 998/677/7119
f 930/2356/7120 1038/687/7120 922/4275/7120
f 1013/3895/7121 978/649/7121 4261/3896/7121
f 978/649/7122 1013/3895/7122 979/650/7122
f 916/647/7123 936/666/7123 977/648/7123
f 933/4176/7124 915/645/7124 916/647/7124
f 4254/3523/7125 924/620/7125 923/2350/7125
f 914/4161/7126 913/4070/7126 925/4270/7126
f 913/4070/7127 928/619/7127 4435/618/7127
f 928/619/7128 913/4070/7128 4407/4162/7128
f 925/4270/7129 926/4271/7129 914/4161/7129
f 4039/3175/7130 3326/2410/7130 3334/4526/7130
f 1203/1801/7131 1679/3179/7131 4042/3181/7131
f 894/1617/7132 2230/3104/7132 893/4068/7132
f 1679/3179/7133 1643/1124/7133 4045/3180/7133
f 3638/3317/7134 3644/2553/7134 3636/2722/7134
f 234/3386/7135 3631/4694/7135 3489/4665/7135
f 3479/3384/7136 3489/4665/7136 3631/4694/7136
f 3645/3388/7137 3631/4694/7137 234/3386/7137
f 233/3387/7138 235/2729/7138 236/2728/7138
f 3487/3305/7139 4134/3391/7139 3488/3306/7139
f 2477/2226/7140 847/1702/7140 844/3562/7140
f 4171/3390/7141 3494/2725/7141 3500/4666/7141
f 3500/4666/7142 3483/2558/7142 4171/3390/7142
f 847/1702/7143 3956/3085/7143 911/617/7143
f 4171/3390/7144 3622/2557/7144 2796/1933/7144
f 4045/3180/7145 2020/3182/7145 4042/3181/7145
f 3636/2722/7146 3493/2555/7146 3494/2725/7146
f 3495/2726/7147 3494/2725/7147 3493/2555/7147
f 3494/2725/7148 3499/2724/7148 3500/4666/7148
f 2260/2756/7149 2263/4462/7149 2264/4461/7149
f 1654/1146/7150 1975/1348/7150 1664/2696/7150
f 1975/1348/7151 1653/3402/7151 2861/2695/7151
f 2824/3975/7152 4177/3973/7152 2823/1986/7152
f 4178/4208/7153 2842/4469/7153 400/262/7153
f 4178/4208/7154 323/4499/7154 2842/4469/7154
f 4178/4208/7155 2837/4211/7155 323/4499/7155
f 2833/1956/7156 323/4499/7156 2837/4211/7156
f 4174/4308/7157 2842/4469/7157 323/4499/7157
f 2841/3406/7158 2832/3403/7158 2833/1956/7158
f 1568/1080/7159 2841/3406/7159 1563/1987/7159
f 2832/3403/7160 2841/3406/7160 1568/1080/7160
f 3982/2747/7161 3980/3792/7161 2266/1576/7161
f 3982/2747/7162 3979/3793/7162 3980/3792/7162
f 323/4499/7163 2833/1956/7163 2832/3403/7163
f 3987/3115/7164 3684/3787/7164 3683/3872/7164
f 3684/3787/7165 3663/2740/7165 3662/2742/7165
f 3981/3113/7166 3681/3790/7166 4402/3788/7166
f 3987/3115/7167 3683/3872/7167 3681/3790/7167
f 3681/3790/7168 3981/3113/7168 3987/3115/7168
f 3662/2742/7169 3989/3785/7169 3684/3787/7169
f 3990/3874/7170 3989/3785/7170 3662/2742/7170
f 3660/4657/7171 3989/3785/7171 3990/3874/7171
f 3989/3785/7172 3655/3877/7172 3654/2735/7172
f 3660/4657/7173 3655/3877/7173 3989/3785/7173
f 3671/3154/7174 1028/758/7174 3997/3119/7174
f 1025/684/7175 1028/758/7175 3671/3154/7175
f 3080/2195/7176 2179/1513/7176 2182/1512/7176
f 4439/4660/7177 3997/3119/7177 3996/3881/7177
f 3996/3881/7178 3992/2481/7178 2182/1512/7178
f 2182/1512/7179 4439/4660/7179 3996/3881/7179
f 3083/3882/7180 3080/2195/7180 2182/1512/7180
f 3992/2481/7181 3083/3882/7181 2182/1512/7181
f 1489/1042/7182 327/1906/7182 1488/1404/7182
f 328/214/7183 326/213/7183 335/2694/7183
f 3083/3882/7184 3992/2481/7184 3401/2196/7184
f 335/2694/7185 333/3408/7185 328/214/7185
f 327/1906/7186 2032/3407/7186 1488/1404/7186
f 328/214/7187 2032/3407/7187 327/1906/7187
f 332/3409/7188 333/3408/7188 335/2694/7188
f 3387/706/7189 3386/2463/7189 990/707/7189
f 1111/3142/7190 1112/753/7190 1123/2472/7190
f 1123/2472/7191 3398/2476/7191 3388/3141/7191
f 1112/753/7192 1111/3142/7192 1113/754/7192
f 455/296/7193 2756/4447/7193 420/4228/7193
f 2756/4447/7194 455/296/7194 2754/3412/7194
f 2754/3412/7195 433/4445/7195 434/4446/7195
f 412/286/7196 413/4085/7196 433/4445/7196
f 3386/2463/7197 3390/2471/7197 3389/2466/7197
f 3389/2466/7198 3392/2465/7198 3386/2463/7198
f 4297/3586/7199 4444/4090/7199 4523/4741/7199
f 4297/3586/7200 4523/4741/7200 4291/4655/7200
f 1088/3585/7201 4444/4090/7201 4297/3586/7201
f 3656/3587/7202 1130/2505/7202 1087/3904/7202
f 1087/3904/7203 1088/3585/7203 3656/3587/7203
f 1955/1337/7204 4290/4003/7204 4523/4741/7204
f 4299/3589/7205 741/3592/7205 4292/3588/7205
f 741/3592/7206 4299/3589/7206 4290/4003/7206
f 4292/3588/7207 690/3591/7207 4300/3574/7207
f 4294/3573/7208 4292/3588/7208 4300/3574/7208
f 3991/2734/7209 4294/3573/7209 3650/3593/7209
f 4054/3197/7210 4053/3196/7210 1203/1801/7210
f 4395/3575/7211 2526/3126/7211 3650/3593/7211
f 1948/1333/7212 2526/3126/7212 4395/3575/7212
f 4015/3907/7213 4006/2475/7213 3399/2474/7213
f 4015/3907/7214 1187/815/7214 4006/2475/7214
f 4014/3887/7215 1187/815/7215 3623/814/7215
f 2034/1432/7216 2078/1431/7216 1488/1404/7216
f 2081/1434/7217 2034/1432/7217 3559/2627/7217
f 3624/2706/7218 4012/2711/7218 4010/2705/7218
f 4007/4663/7219 4004/2703/7219 1187/815/7219
f 4445/2704/7220 1186/813/7220 1187/815/7220
f 1200/3908/7221 3624/2706/7221 1186/813/7221
f 4446/4664/7222 4008/3136/7222 1199/3909/7222
f 4008/3136/7223 2556/3135/7223 2557/1781/7223
f 3088/2203/7224 2557/1781/7224 2556/3135/7224
f 3088/2203/7225 4013/3915/7225 721/3914/7225
f 2558/2202/7226 4013/3915/7226 3088/2203/7226
f 726/492/7227 721/3914/7227 4013/3915/7227
f 721/3914/7228 726/492/7228 719/482/7228
f 1320/2613/7229 2664/3938/7229 2029/1402/7229
f 725/494/7230 726/492/7230 4013/3915/7230
f 1082/1748/7231 1258/860/7231 1149/2170/7231
f 4002/3916/7232 2547/3128/7232 4001/2165/7232
f 4002/3916/7233 3051/2167/7233 3047/3920/7233
f 3059/3124/7234 3048/3123/7234 4001/2165/7234
f 3426/3919/7235 4000/3127/7235 3432/2522/7235
f 3426/3919/7236 3430/2520/7236 2571/1778/7236
f 3430/2520/7237 3426/3919/7237 3440/3747/7237
f 3047/3920/7238 4000/3127/7238 4002/3916/7238
f 1204/4672/7239 4380/4692/7239 1328/3200/7239
f 3047/3920/7240 3432/2522/7240 4000/3127/7240
f 3432/2522/7241 3438/2526/7241 3433/2523/7241
f 1400/962/7242 1404/2064/7242 2671/2610/7242
f 2932/2066/7243 1404/2064/7243 1403/2065/7243
f 2931/2067/7244 2932/2066/7244 1403/2065/7244
f 1083/717/7245 3995/3130/7245 1262/870/7245
f 1261/3921/7246 3995/3130/7246 1259/4265/7246
f 3191/2650/7247 527/3430/7247 3017/3431/7247
f 3018/2135/7248 515/3433/7248 518/344/7248
f 680/1496/7249 679/2690/7249 4494/4441/7249
f 1812/1251/7250 548/1252/7250 551/368/7250
f 510/370/7251 509/4097/7251 551/368/7251
f 551/368/7252 509/4097/7252 1812/1251/7252
f 4191/3438/7253 498/4094/7253 2961/4566/7253
f 4081/3435/7254 4191/3438/7254 592/3227/7254
f 4190/4098/7255 4081/3435/7255 3973/3436/7255
f 552/3437/7256 4081/3435/7256 4190/4098/7256
f 592/3227/7257 2939/2079/7257 601/4561/7257
f 592/3227/7258 601/4561/7258 4080/3228/7258
f 4080/3228/7259 601/4561/7259 600/4248/7259
f 2939/2079/7260 2962/4560/7260 601/4561/7260
f 4079/3443/7261 3532/2578/7261 2962/4560/7261
f 3532/2578/7262 3965/3093/7262 2962/4560/7262
f 1381/2090/7263 2968/3442/7263 2966/3224/7263
f 1381/2090/7264 2969/2579/7264 2968/3442/7264
f 3527/2574/7265 2969/2579/7265 1381/2090/7265
f 3523/2570/7266 3516/2577/7266 3530/2580/7266
f 1336/923/7267 4195/918/7267 4194/4473/7267
f 1273/4475/7268 1272/3937/7268 4194/4473/7268
f 3447/2545/7269 3448/3924/7269 3476/4558/7269
f 3476/4558/7270 4307/4743/7270 3475/2547/7270
f 1280/877/7271 1273/4475/7271 4196/4437/7271
f 4196/4437/7272 678/4267/7272 1280/877/7272
f 1273/4475/7273 1280/877/7273 683/878/7273
f 1273/4475/7274 683/878/7274 1272/3937/7274
f 689/467/7275 1272/3937/7275 683/878/7275
f 689/467/7276 1342/915/7276 1271/3445/7276
f 1335/828/7277 2592/3969/7277 1206/829/7277
f 1335/828/7278 1326/3733/7278 4380/4692/7278
f 1212/832/7279 4381/3732/7279 1335/828/7279
f 1212/832/7280 3610/2685/7280 4381/3732/7280
f 1334/3627/7281 1211/831/7281 1216/2680/7281
f 1261/3921/7282 4193/3729/7282 1267/871/7282
f 1261/3921/7283 1260/866/7283 4193/3729/7283
f 2129/1475/7284 4311/3927/7284 1216/2680/7284
f 4450/2676/7285 2125/3194/7285 2132/3618/7285
f 1262/870/7286 1261/3921/7286 1267/871/7286
f 1259/4265/7287 1260/866/7287 1261/3921/7287
f 3604/3617/7288 3601/3929/7288 3603/4439/7288
f 4075/3630/7289 3604/3617/7289 2132/3618/7289
f 2124/4690/7290 2128/1477/7290 1209/4689/7290
f 2131/3631/7291 3601/3929/7291 2136/3623/7291
f 3599/3930/7292 4077/3632/7292 1209/4689/7292
f 4310/3931/7293 2131/3631/7293 3599/3930/7293
f 2100/3932/7294 2103/1457/7294 3522/2576/7294
f 4031/1799/7295 4019/4770/7295 2599/1800/7295
f 3521/2569/7296 4309/4105/7296 3519/4557/7296
f 4452/3933/7297 2100/3932/7297 3522/2576/7297
f 235/2729/7298 234/3386/7298 2792/2550/7298
f 3459/4554/7299 4453/4553/7299 2109/3935/7299
f 3459/4554/7300 2109/3935/7300 3458/1258/7300
f 2107/1463/7301 3966/3112/7301 2106/1461/7301
f 2792/2550/7302 234/3386/7302 3490/2551/7302
f 3621/2698/7303 2134/2675/7303 4390/2699/7303
f 2109/3935/7304 3966/3112/7304 2107/1463/7304
f 3966/3112/7305 2109/3935/7305 3976/3441/7305
f 3966/3112/7306 2101/1455/7306 2106/1461/7306
f 3463/3440/7307 2102/1456/7307 3966/3112/7307
f 603/4747/7308 605/4247/7308 600/4248/7308
f 600/4248/7309 602/3439/7309 603/4747/7309
f 1272/3937/7310 4192/921/7310 4194/4473/7310
f 4194/4473/7311 4192/921/7311 1336/923/7311
f 3441/3748/7312 3453/3749/7312 3451/3739/7312
f 3450/3754/7313 3453/3749/7313 3441/3748/7313
f 3190/916/7314 1340/914/7314 646/433/7314
f 4004/2703/7315 1965/3989/7315 4446/4664/7315
f 3450/3754/7316 3441/3748/7316 3433/2523/7316
f 3094/3988/7317 4446/4664/7317 1965/3989/7317
f 1174/2162/7318 1185/812/7318 4024/2163/7318
f 3044/807/7319 1171/803/7319 1182/808/7319
f 3063/2176/7320 1175/2710/7320 3065/2182/7320
f 1175/2710/7321 3063/2176/7321 3625/3985/7321
f 1182/808/7322 3053/2168/7322 3055/3918/7322
f 3662/2742/7323 3661/2743/7323 3986/4701/7323
f 2675/2614/7324 2677/2061/7324 2933/3230/7324
f 2941/2086/7325 2675/2614/7325 2964/2087/7325
f 4457/3944/7326 3574/998/7326 2972/2102/7326
f 730/3460/7327 4013/3915/7327 4447/3461/7327
f 2647/1844/7328 2555/4092/7328 1290/4091/7328
f 2555/4092/7329 3566/3942/7329 2937/4746/7329
f 1746/4654/7330 3406/4706/7330 2921/2043/7330
f 4495/2618/7331 4496/2653/7331 3568/4116/7331
f 3568/2657/7332 4496/4771/7332 1425/2656/7332
f 2184/1516/7333 2189/1524/7333 2187/1514/7333
f 2017/1388/7334 735/4119/7334 2003/1381/7334
f 3087/1555/7335 3977/3098/7335 2238/1556/7335
f 2250/4754/7336 2238/1556/7336 3977/3098/7336
f 2250/4754/7337 3086/4585/7337 2238/1556/7337
f 3975/3147/7338 750/505/7338 729/4261/7338
f 4498/1392/7339 2015/1391/7339 4113/3269/7339
f 4498/1392/7340 4461/4117/7340 2017/1388/7340
f 4124/3956/7341 4117/3922/7341 2008/3954/7341
f 2450/1688/7342 3347/2422/7342 2451/1686/7342
f 2450/1688/7343 3362/3563/7343 3347/2422/7343
f 3674/1682/7344 2445/1679/7344 950/4260/7344
f 2446/4528/7345 950/4260/7345 2445/1679/7345
f 3114/2223/7346 3351/3477/7346 3113/2218/7346
f 1927/1878/7347 2924/2048/7347 1928/1188/7347
f 4216/3478/7348 3351/3477/7348 3114/2223/7348
f 3705/3095/7349 3349/3097/7349 3350/2219/7349
f 3607/4578/7350 4338/1989/7350 3954/3958/7350
f 4215/4010/7351 4218/2222/7351 3361/2437/7351
f 4215/4010/7352 3361/2437/7352 2455/1692/7352
f 3351/3477/7353 4216/3478/7353 3350/2219/7353
f 4216/3478/7354 4218/2222/7354 4215/4010/7354
f 3705/3095/7355 3350/2219/7355 4221/3798/7355
f 3359/2432/7356 901/3480/7356 4485/4080/7356
f 3130/2428/7357 3352/2427/7357 3140/2237/7357
f 3130/2428/7358 3356/2431/7358 3353/2429/7358
f 3353/2429/7359 3356/2431/7359 3360/3482/7359
f 3360/3482/7360 3356/2431/7360 853/2232/7360
f 3352/2427/7361 3355/2425/7361 3140/2237/7361
f 3138/2426/7362 3355/2425/7362 3969/2220/7362
f 4177/3973/7363 2755/4449/7363 4176/3974/7363
f 2829/1065/7364 300/1983/7364 1556/1064/7364
f 4267/3546/7365 818/4249/7365 816/4017/7365
f 2831/2012/7366 4340/4464/7366 2834/1958/7366
f 289/187/7367 4340/4464/7367 2816/1947/7367
f 2930/4465/7368 2843/168/7368 4455/4453/7368
f 2843/168/7369 2930/4465/7369 2831/2012/7369
f 2851/3297/7370 1885/4545/7370 2846/4544/7370
f 3502/3296/7371 1885/4545/7371 2851/3297/7371
f 3501/2561/7372 3930/2560/7372 3502/4752/7372
f 1536/1057/7373 3930/2560/7373 1535/1055/7373
f 3649/2731/7374 405/1056/7374 4341/3981/7374
f 3922/4607/7375 2351/3689/7375 1552/3690/7375
f 4342/3980/7376 3922/4607/7376 3651/4606/7376
f 4245/1459/7377 3735/4597/7377 2077/1460/7377
f 3716/2792/7378 4245/1459/7378 4244/2793/7378
f 4430/4713/7379 4243/3515/7379 4499/4125/7379
f 4249/3509/7380 4430/4713/7380 4244/2793/7380
f 2173/2797/7381 3328/2402/7381 4243/3515/7381
f 3723/2796/7382 2275/3517/7382 3328/2402/7382
f 2173/2797/7383 3723/2796/7383 3328/2402/7383
f 2173/2797/7384 4250/3516/7384 2152/3518/7384
f 4334/2515/7385 1922/3029/7385 1883/1292/7385
f 906/3508/7386 767/3507/7386 2405/4727/7386
f 890/2783/7387 2403/1639/7387 762/3254/7387
f 2845/1294/7388 4334/2515/7388 1883/1292/7388
f 2847/4543/7389 2845/1294/7389 1884/1293/7389
f 2403/1639/7390 2399/3520/7390 762/3254/7390
f 2819/3991/7391 1628/3500/7391 1636/3502/7391
f 841/1636/7392 2399/3520/7392 837/3548/7392
f 2399/3520/7393 841/1636/7393 3283/551/7393
f 2390/1632/7394 3283/551/7394 841/1636/7394
f 2394/1634/7395 797/549/7395 2390/1632/7395
f 3286/2349/7396 929/3522/7396 923/2350/7396
f 930/2356/7397 929/3522/7397 3286/2349/7397
f 3685/4589/7398 2820/1951/7398 1730/4590/7398
f 2345/4056/7399 2344/4413/7399 2421/1656/7399
f 2819/3991/7400 2883/3990/7400 2160/4470/7400
f 2809/4537/7401 2819/3991/7401 2807/3996/7401
f 2160/4470/7402 2807/3996/7402 2819/3991/7402
f 2808/3994/7403 2160/4470/7403 2804/3997/7403
f 2807/3996/7404 2160/4470/7404 2808/3994/7404
f 2830/4772/7405 2804/3997/7405 2160/4470/7405
f 2160/4470/7406 2800/4588/7406 2830/4772/7406
f 2425/3058/7407 3146/2248/7407 2427/1668/7407
f 2689/2458/7408 2686/1156/7408 1681/1155/7408
f 3686/4409/7409 2812/3333/7409 2821/1952/7409
f 4146/4698/7410 223/4773/7410 4148/4402/7410
f 223/4774/7411 224/4696/7411 222/141/7411
f 1674/4169/7412 1933/1115/7412 1623/1114/7412
f 3759/3863/7413 4247/3513/7413 2094/3505/7413
f 224/4696/7414 223/4774/7414 4147/4775/7414
f 3688/3326/7415 224/4696/7415 4147/4775/7415
f 3760/3493/7416 4248/3514/7416 3759/3863/7416
f 747/4179/7417 746/509/7417 4263/3862/7417
f 2385/3533/7418 4248/3514/7418 4262/2342/7418
f 3760/3493/7419 4262/2342/7419 4248/3514/7419
f 3273/2341/7420 3270/2834/7420 3275/2343/7420
f 174/113/7421 177/112/7421 1871/1285/7421
f 68/50/7422 3419/2771/7422 1867/2773/7422
f 1864/2772/7423 68/50/7423 1867/2773/7423
f 2293/4053/7424 4214/3475/7424 2294/1585/7424
f 752/1584/7425 4214/3475/7425 2293/4053/7425
f 4426/1903/7426 2468/1700/7426 3756/3496/7426
f 1864/2772/7427 1866/2531/7427 91/4147/7427
f 3292/3550/7428 3775/4719/7428 2492/3551/7428
f 3192/3825/7429 3776/3258/7429 2286/2288/7429
f 648/440/7430 668/454/7430 3764/3556/7430
f 3421/3369/7431 1878/1290/7431 1873/1289/7431
f 3421/3369/7432 69/49/7432 1878/1290/7432
f 24/51/7433 1878/1290/7433 69/49/7433
f 1849/1896/7434 89/45/7434 2727/1889/7434
f 648/440/7435 3764/3556/7435 664/3555/7435
f 4433/4284/7436 4431/4283/7436 4253/3078/7436
f 624/420/7437 664/3555/7437 662/445/7437
f 31/4525/7438 32/1228/7438 1870/1296/7438
f 1870/1296/7439 171/111/7439 30/4524/7439
f 171/111/7440 1874/4776/7440 30/4524/7440
f 173/108/7441 1874/1291/7441 171/106/7441
f 1795/2816/7442 17/1886/7442 1793/4013/7442
f 3962/4394/7443 4376/3730/7443 1781/1882/7443
f 4379/4391/7444 1779/1221/7444 1778/1220/7444
f 4515/3068/7445 4379/4391/7445 1778/1220/7445
f 4379/4391/7446 4515/3068/7446 1782/4777/7446
f 1776/3069/7447 3403/2599/7447 3534/2961/7447
f 1776/3069/7448 1782/4777/7448 4515/3068/7448
f 2715/4519/7449 3395/3886/7449 3397/3885/7449
f 3394/3355/7450 1705/2055/7450 4158/2054/7450
f 2702/2053/7451 7/3640/7451 4158/2054/7451
f 2702/2053/7452 2699/3639/7452 7/3640/7452
f 2172/1473/7453 2148/2988/7453 2487/1713/7453
f 1374/1712/7454 2487/1713/7454 3187/2284/7454
f 2487/1713/7455 2148/2988/7455 3187/2284/7455
f 3248/2283/7456 4271/4024/7456 3187/2284/7456
f 2169/1507/7457 40/4026/7457 3248/2283/7457
f 4118/3278/7458 40/4026/7458 2169/1507/7458
f 3209/2861/7459 1247/2867/7459 3774/3837/7459
f 4273/4046/7460 4275/3838/7460 4276/3469/7460
f 4275/3838/7461 4273/4046/7461 2492/3551/7461
f 4210/3467/7462 2206/3560/7462 576/386/7462
f 98/65/7463 4469/4178/7463 96/60/7463
f 4276/3469/7464 2206/3560/7464 4210/3467/7464
f 101/100/7465 1690/2844/7465 100/2843/7465
f 4279/3567/7466 3855/3849/7466 1032/3568/7466
f 2207/1528/7467 3855/3849/7467 3851/4045/7467
f 3855/3849/7468 3804/4627/7468 4278/4628/7468
f 3855/3849/7469 4278/4628/7469 3851/4045/7469
f 1397/2914/7470 1414/4778/7470 2377/1624/7470
f 4280/3566/7471 2205/1531/7471 3858/3464/7471
f 4469/4178/7472 98/65/7472 1625/67/7472
f 1625/67/7473 1626/2846/7473 4469/4178/7473
f 3895/3052/7474 3925/4637/7474 4234/4638/7474
f 3215/4029/7475 3211/4031/7475 3210/3844/7475
f 3215/4029/7476 3214/2304/7476 3211/4031/7476
f 4281/3843/7477 4207/3846/7477 3214/2304/7477
f 3214/2304/7478 3215/4029/7478 4281/3843/7478
f 3214/2304/7479 4207/3846/7479 3856/3842/7479
f 160/103/7480 2665/105/7480 155/2439/7480
f 155/4760/7481 148/2096/7481 160/4513/7481
f 2665/105/7482 164/3781/7482 155/2439/7482
f 151/102/7483 3799/1355/7483 4149/1350/7483
f 209/2942/7484 3839/2938/7484 3840/4729/7484
f 3840/4729/7485 3839/2938/7485 3034/3396/7485
f 3840/4729/7486 3034/3396/7486 3790/2750/7486
f 2628/4418/7487 846/570/7487 845/569/7487
f 4127/3576/7488 2410/1647/7488 2409/1646/7488
f 190/2153/7489 2280/1810/7489 191/3607/7489
f 846/570/7490 2628/4418/7490 4285/3581/7490
f 2628/4418/7491 2382/4779/7491 4285/3581/7491
f 2383/3580/7492 4285/3581/7492 2382/4779/7492
f 205/1394/7493 3344/2863/7493 3333/1395/7493
f 1479/4028/7494 217/138/7494 2027/158/7494
f 2027/158/7495 240/157/7495 1479/4028/7495
f 2027/158/7496 217/138/7496 219/1400/7496
f 1477/1405/7497 249/164/7497 245/144/7497
f 386/2348/7498 3821/253/7498 396/255/7498
f 389/2902/7499 396/255/7499 395/254/7499
f 477/322/7500 3125/324/7500 3129/2379/7500
f 1470/146/7501 1469/2189/7501 3802/145/7501
f 1470/146/7502 3074/2192/7502 1469/2189/7502
f 389/2902/7503 3307/2384/7503 3820/2900/7503
f 3073/2190/7504 1469/2189/7504 3074/2192/7504
f 1388/4618/7505 3124/2907/7505 3123/3860/7505
f 1388/4618/7506 3123/3860/7506 435/284/7506
f 3829/2922/7507 2023/1393/7507 242/2923/7507
f 2023/1393/7508 3829/2922/7508 3828/2891/7508
f 3794/3019/7509 4233/3489/7509 3920/4634/7509
f 2025/1398/7510 3075/2193/7510 3331/1396/7510
f 419/3602/7511 2577/3422/7511 415/274/7511
f 2580/3603/7512 2577/3422/7512 419/3602/7512
f 3075/2193/7513 3076/2194/7513 2581/1790/7513
f 3073/2190/7514 1455/2191/7514 3095/2206/7514
f 1447/2906/7515 1440/2905/7515 1452/937/7515
f 1449/1009/7516 1364/972/7516 1448/1007/7516
f 1364/972/7517 1440/2905/7517 1448/1007/7517
f 3824/2912/7518 1387/2367/7518 3825/4616/7518
f 2580/3603/7519 2584/1792/7519 2577/3422/7519
f 1387/2367/7520 3317/2916/7520 3314/2908/7520
f 1394/956/7521 3312/2180/7521 1413/4764/7521
f 1394/956/7522 1413/4764/7522 3826/2917/7522
f 3317/2916/7523 1387/2367/7523 4303/2915/7523
f 4303/2915/7524 3824/2912/7524 1397/2914/7524
f 4302/4617/7525 3826/2913/7525 3824/2912/7525
f 1413/4780/7526 1397/2914/7526 3826/2913/7526
f 1387/2367/7527 3824/2912/7527 4303/2915/7527
f 2036/2910/7528 3823/3302/7528 356/2911/7528
f 2037/1017/7529 3823/3302/7529 2036/2910/7529
f 2617/3332/7530 2619/2394/7530 2368/1822/7530
f 3914/4636/7531 3915/3047/7531 3908/3042/7531
f 2372/3340/7532 4144/1818/7532 2617/3332/7532
f 1737/1202/7533 4512/4382/7533 1735/1200/7533
f 2372/3340/7534 1737/1202/7534 2624/1819/7534
f 2622/2157/7535 3035/88/7535 212/3334/7535
f 1470/146/7536 228/147/7536 227/148/7536
f 524/1428/7537 3288/1427/7537 2067/343/7537
f 3156/4039/7538 448/3807/7538 3155/2929/7538
f 4417/3830/7539 4428/4781/7539 4418/3832/7539
f 4417/3830/7540 417/276/7540 4428/4781/7540
f 446/2895/7541 3155/2929/7541 448/3807/7541
f 1585/1084/7542 1555/2322/7542 1549/4322/7542
f 3247/1062/7543 1551/1095/7543 1550/1063/7543
f 1551/1095/7544 1522/1049/7544 1550/1063/7544
f 3842/3759/7545 2945/1316/7545 2947/1133/7545
f 1961/3873/7546 1958/3344/7546 4170/3385/7546
f 1269/904/7547 1268/920/7547 1248/843/7547
f 1268/920/7548 1249/844/7548 1248/843/7548
f 2749/1902/7549 4220/3007/7549 4526/3039/7549
f 3153/3831/7550 4206/4038/7550 4202/3463/7550
f 4202/3463/7551 4205/3833/7551 4419/1751/7551
f 2704/4020/7552 1689/4052/7552 104/2964/7552
f 1710/2452/7553 80/30/7553 79/32/7553
f 4315/3751/7554 1710/2452/7554 79/32/7554
f 1710/2452/7555 4315/3751/7555 1715/3635/7555
f 4316/3750/7556 56/3637/7556 4315/3751/7556
f 4322/3638/7557 4323/3753/7557 62/4184/7557
f 56/3637/7558 4316/3750/7558 4323/3753/7558
f 50/4055/7559 4318/3636/7559 4322/3638/7559
f 2483/4495/7560 3237/2976/7560 2518/2975/7560
f 3237/2976/7561 2483/4495/7561 2508/4620/7561
f 1715/3635/7562 56/3637/7562 4321/4379/7562
f 1715/3635/7563 4315/3751/7563 56/3637/7563
f 4321/4379/7564 4318/3636/7564 4320/4380/7564
f 4318/3636/7565 4321/4379/7565 56/3637/7565
f 2505/4287/7566 2504/4491/7566 3876/4782/7566
f 37/3734/7567 35/16/7567 33/3353/7567
f 3789/1744/7568 3788/2980/7568 3791/4496/7568
f 636/2983/7569 3788/2980/7569 4475/2984/7569
f 3788/2980/7570 3789/1744/7570 4475/2984/7570
f 3782/4262/7571 3783/2309/7571 3216/2856/7571
f 3783/2309/7572 3782/4262/7572 2532/2310/7572
f 3876/4782/7573 4474/2855/7573 3231/4044/7573
f 4474/2855/7574 3876/4782/7574 3875/4783/7574
f 3216/2856/7575 4474/2855/7575 3875/4783/7575
f 1753/4385/7576 1739/3360/7576 1747/4168/7576
f 1754/18/7577 1753/4385/7577 1747/4168/7577
f 3913/4703/7578 2749/1902/7578 3911/3041/7578
f 1393/3304/7579 425/280/7579 1392/4619/7579
f 64/46/7580 89/45/7580 3415/2977/7580
f 3871/2978/7581 3415/2977/7581 3414/2499/7581
f 3414/2499/7582 103/64/7582 3871/2978/7582
f 438/287/7583 1392/4619/7583 425/280/7583
f 3412/2500/7584 103/64/7584 3414/2499/7584
f 2916/2498/7585 3414/2499/7585 3415/2977/7585
f 4324/2502/7586 103/64/7586 3412/2500/7586
f 1178/1736/7587 2523/1733/7587 1181/2302/7587
f 3745/3648/7588 3726/4472/7588 2909/3001/7588
f 3998/3131/7589 4153/3646/7589 2906/3132/7589
f 4326/4243/7590 2906/3132/7590 2908/3647/7590
f 4153/3646/7591 2907/3645/7591 2908/3647/7591
f 2907/3645/7592 4153/3646/7592 3999/3121/7592
f 3717/4598/7593 2907/3645/7593 3713/4164/7593
f 2908/3647/7594 2907/3645/7594 3717/4598/7594
f 3725/4165/7595 3713/4164/7595 2907/3645/7595
f 3745/3235/7596 4049/3212/7596 3726/4166/7596
f 609/401/7597 608/400/7597 3907/463/7597
f 4082/3651/7598 122/3650/7598 121/4187/7598
f 3715/3371/7599 122/3650/7599 3745/3648/7599
f 3873/4631/7600 3216/2856/7600 3875/4783/7600
f 3713/4164/7601 4504/2790/7601 3712/4163/7601
f 4504/2790/7602 3713/4164/7602 1888/1299/7602
f 1813/3660/7603 152/84/7603 158/3661/7603
f 152/84/7604 1813/3660/7604 132/82/7604
f 132/82/7605 134/1891/7605 1815/1253/7605
f 132/82/7606 1813/3660/7606 134/1891/7606
f 133/83/7607 132/82/7607 1815/1253/7607
f 2502/1725/7608 3873/4631/7608 3875/4783/7608
f 3216/2856/7609 3220/4613/7609 3782/4262/7609
f 2740/3659/7610 158/3661/7610 1853/3663/7610
f 2740/3659/7611 2730/1898/7611 2733/1897/7611
f 2730/1898/7612 2740/3659/7612 1853/3663/7612
f 2730/1898/7613 147/3664/7613 1849/1896/7613
f 3782/4262/7614 3221/2982/7614 4475/2984/7614
f 1873/1289/7615 173/108/7615 176/4009/7615
f 176/4009/7616 174/113/7616 1873/1289/7616
f 172/107/7617 175/4196/7617 176/4009/7617
f 2762/4197/7618 1870/1296/7618 181/1295/7618
f 3876/4782/7619 2502/1725/7619 3875/4783/7619
f 3703/2774/7620 1852/3014/7620 3702/3015/7620
f 3704/3011/7621 3710/2788/7621 196/2776/7621
f 3893/3012/7622 3704/3011/7622 196/2776/7622
f 2502/1725/7623 3876/4782/7623 2503/1726/7623
f 674/1553/7624 618/414/7624 620/413/7624
f 618/414/7625 674/1553/7625 675/3476/7625
f 3710/2788/7626 3704/3011/7626 2771/2775/7626
f 609/401/7627 613/1543/7627 612/399/7627
f 4334/2515/7628 181/1295/7628 182/1297/7628
f 181/1295/7629 4334/2515/7629 1882/4404/7629
f 1882/4404/7630 3648/4662/7630 181/1295/7630
f 2488/2831/7631 3251/4510/7631 3249/2832/7631
f 3251/4510/7632 2488/2831/7632 4470/4027/7632
f 1865/2529/7633 1760/2745/7633 1752/2530/7633
f 704/3541/7634 702/3851/7634 4416/4784/7634
f 4096/3252/7635 704/3541/7635 4416/4784/7635
f 4416/4784/7636 3761/3067/7636 4096/3252/7636
f 2503/1726/7637 3876/4782/7637 2504/4491/7637
f 439/288/7638 423/279/7638 437/2346/7638
f 232/140/7639 223/4774/7639 222/141/7639
f 223/4774/7640 232/140/7640 4148/4002/7640
f 572/380/7641 3854/4626/7641 3850/2960/7641
f 3789/1744/7642 2529/2311/7642 2532/2310/7642
f 1741/4320/7643 2811/4001/7643 2822/154/7643
f 2811/4001/7644 1741/4320/7644 2820/4538/7644
f 702/3851/7645 2304/1588/7645 3944/3065/7645
f 1908/1942/7646 1909/1939/7646 1637/4750/7646
f 943/4022/7647 2297/3829/7647 674/1553/7647
f 2851/3297/7648 2846/4544/7648 4131/3294/7648
f 3935/1613/7649 2458/1691/7649 3936/3064/7649
f 3941/3062/7650 3937/4641/7650 2458/1691/7650
f 3941/3062/7651 2424/1697/7651 3937/4641/7651
f 4133/3669/7652 2853/1977/7652 4451/1971/7652
f 3941/3062/7653 3939/4059/7653 2422/3223/7653
f 4479/1649/7654 1821/3815/7654 2302/1654/7654
f 1821/3815/7655 4479/1649/7655 4506/4406/7655
f 4479/1649/7656 2303/4407/7656 4506/4406/7656
f 4514/81/7657 1591/1406/7657 1973/1346/7657
f 1846/4065/7658 4481/4159/7658 3418/4061/7658
f 1472/1331/7659 1920/1319/7659 3609/1336/7659
f 3877/4067/7660 4480/4062/7660 4481/4159/7660
f 3877/4067/7661 4483/4063/7661 4480/4062/7661
f 3607/4578/7662 3609/1336/7662 1924/1321/7662
f 3607/4578/7663 1924/1321/7663 1945/1327/7663
f 2363/4785/7664 2362/4786/7664 3180/4621/7664
f 810/1669/7665 811/2247/7665 896/1676/7665
f 899/3080/7666 810/1669/7666 897/1675/7666
f 3514/2567/7667 1561/1329/7667 1476/2598/7667
f 277/4214/7668 352/3685/7668 276/4219/7668
f 272/183/7669 268/3686/7669 276/4219/7669
f 268/3686/7670 275/1963/7670 269/226/7670
f 285/282/7671 391/225/7671 286/227/7671
f 284/283/7672 363/4210/7672 282/260/7672
f 363/4210/7673 284/283/7673 285/282/7673
f 2755/4449/7674 413/4085/7674 400/262/7674
f 4260/3526/7675 1013/3895/7675 4436/3953/7675
f 977/648/7676 936/666/7676 978/649/7676
f 1013/3895/7677 4260/3526/7677 2420/4787/7677
f 979/650/7678 1013/3895/7678 2420/4787/7678
f 4407/4162/7679 914/4161/7679 4434/4515/7679
f 2420/4787/7680 933/4176/7680 979/650/7680
f 916/647/7681 977/648/7681 933/4176/7681
f 979/650/7682 933/4176/7682 977/648/7682
f 4211/4493/7683 2508/4620/7683 2483/4495/7683
f 4407/4162/7684 2419/2770/7684 2418/1657/7684
f 933/4176/7685 4407/4162/7685 4434/4515/7685
f 4407/4162/7686 2418/1657/7686 928/619/7686
f 3334/4526/7687 4038/3173/7687 4039/3175/7687
f 4038/3173/7688 3334/4526/7688 3335/4071/7688
f 4038/3173/7689 3680/2416/7689 3338/3174/7689
f 404/3692/7690 297/3691/7690 296/211/7690
f 2810/3940/7691 2913/3947/7691 2047/3939/7691
f 3545/2589/7692 2047/3939/7692 3546/2590/7692
f 901/3480/7693 900/3479/7693 888/606/7693
f 888/606/7694 891/605/7694 901/3480/7694
f 891/605/7695 887/604/7695 904/4424/7695
f 2508/4620/7696 2509/2314/7696 3229/2313/7696
f 2435/4426/7697 904/4424/7697 905/4712/7697
f 2440/4427/7698 2435/4426/7698 886/4709/7698
f 3230/2318/7699 3229/2313/7699 3231/4044/7699
f 2248/2780/7700 877/2778/7700 2439/2781/7700
f 2248/4708/7701 2256/1665/7701 2440/4427/7701
f 2234/1671/7702 2439/2781/7702 877/2778/7702
f 877/2778/7703 880/1666/7703 2234/1671/7703
f 851/4600/7704 3127/3545/7704 850/2233/7704
f 3130/2428/7705 3139/2236/7705 4486/2234/7705
f 4486/2234/7706 3131/2430/7706 3130/2428/7706
f 3140/2237/7707 3139/2236/7707 3130/2428/7707
f 850/2233/7708 3127/3545/7708 3128/2230/7708
f 3356/2431/7709 3131/2430/7709 4487/4079/7709
f 853/2232/7710 4487/4079/7710 3128/2230/7710
f 3356/2431/7711 4487/4079/7711 853/2232/7711
f 1416/3694/7712 1415/980/7712 3952/4121/7712
f 4125/1743/7713 3227/4497/7713 2531/4042/7713
f 1435/1403/7714 1438/3419/7714 1436/987/7714
f 2664/3938/7715 1435/1403/7715 2029/1402/7715
f 2534/1742/7716 3227/4497/7716 4125/1743/7716
f 1423/3710/7717 1419/2648/7717 1468/1015/7717
f 3359/2432/7718 4485/4080/7718 3366/2433/7718
f 3107/2214/7719 3366/2433/7719 4485/4080/7719
f 2239/1561/7720 2244/1563/7720 2246/1565/7720
f 4489/1560/7721 3370/2446/7721 2239/1561/7721
f 2244/1563/7722 2239/1561/7722 3370/2446/7722
f 1432/982/7723 1419/2648/7723 1420/979/7723
f 2253/1562/7724 4490/4083/7724 4489/1560/7724
f 3591/4562/7725 1412/3641/7725 3512/2649/7725
f 2981/4788/7726 4373/4111/7726 2065/2107/7726
f 2984/2109/7727 2981/4788/7727 2065/2107/7727
f 2977/2106/7728 2986/2105/7728 2980/4789/7728
f 3565/2615/7729 2980/4789/7729 2986/2105/7729
f 3217/4614/7730 3220/4613/7730 3216/2856/7730
f 3383/2460/7731 3105/3153/7731 3384/2467/7731
f 1009/678/7732 3105/3153/7732 3383/2460/7732
f 4375/3719/7733 2058/2630/7733 3582/3718/7733
f 2058/2630/7734 3579/2629/7734 4076/3220/7734
f 4069/2642/7735 3586/2638/7735 4071/3214/7735
f 3586/2638/7736 4069/2642/7736 3581/2635/7736
f 4071/3214/7737 4047/3619/7737 4069/2642/7737
f 4047/3619/7738 2974/2643/7738 4069/2642/7738
f 1058/708/7739 969/700/7739 3385/2473/7739
f 4073/3217/7740 3586/2638/7740 2062/2637/7740
f 4073/3217/7741 2062/2637/7741 3582/3718/7741
f 3099/2208/7742 3098/2207/7742 3109/4087/7742
f 4055/4033/7743 3589/4078/7743 2074/3722/7743
f 2190/3143/7744 2188/1517/7744 2563/1784/7744
f 2188/1517/7745 2183/1518/7745 2563/1784/7745
f 4381/3732/7746 3610/2685/7746 1332/3201/7746
f 1326/3733/7747 4381/3732/7747 1332/3201/7747
f 4380/4692/7748 1204/4672/7748 2592/3969/7748
f 1949/1338/7749 696/469/7749 693/1339/7749
f 3455/3741/7750 3472/3616/7750 4383/3744/7750
f 3456/3613/7751 3428/2518/7751 3455/3741/7751
f 3456/3613/7752 3470/3742/7752 3518/4744/7752
f 3445/3745/7753 3451/3739/7753 3455/3741/7753
f 3453/3749/7754 1284/881/7754 3472/3616/7754
f 3450/3754/7755 1284/881/7755 3453/3749/7755
f 2470/4133/7756 2507/4132/7756 4420/4490/7756
f 3455/3741/7757 3428/2518/7757 3445/3745/7757
f 3448/3924/7758 4307/4743/7758 3476/4558/7758
f 4031/1799/7759 4030/3968/7759 4019/4770/7759
f 4307/4743/7760 3448/3924/7760 3449/3612/7760
f 2599/1800/7761 4019/4770/7761 2142/4669/7761
f 3449/3612/7762 3428/2518/7762 3456/3613/7762
f 2142/4669/7763 4019/4770/7763 3611/4025/7763
f 4019/4770/7764 4030/3968/7764 2600/2702/7764
f 4019/4770/7765 2600/2702/7765 1202/2701/7765
f 2600/2702/7766 4030/3968/7766 4021/4668/7766
f 4019/4770/7767 1202/2701/7767 3611/4025/7767
f 4029/3191/7768 2143/4095/7768 4021/4668/7768
f 2144/3161/7769 4029/3191/7769 4032/3168/7769
f 2144/3161/7770 2143/4095/7770 4029/3191/7770
f 3605/2673/7771 2144/3161/7771 4032/3168/7771
f 4021/4668/7772 2143/4095/7772 2600/2702/7772
f 3621/2698/7773 3605/2673/7773 2134/2675/7773
f 640/2139/7774 2151/2509/7774 642/3118/7774
f 3596/2692/7775 643/434/7775 2153/4255/7775
f 1198/1780/7776 720/483/7776 3614/2689/7776
f 3613/3767/7777 1193/3766/7777 3614/2689/7777
f 3614/2689/7778 1193/3766/7778 1198/1780/7778
f 1184/811/7779 1183/810/7779 3457/3162/7779
f 1170/802/7780 1183/810/7780 1185/812/7780
f 4024/2163/7781 1185/812/7781 1184/811/7781
f 771/776/7782 1098/743/7782 770/660/7782
f 4388/839/7783 2138/3775/7783 1236/3774/7783
f 1236/3774/7784 1225/3159/7784 1224/3776/7784
f 4389/4693/7785 3620/2697/7785 1218/3158/7785
f 4020/3160/7786 4389/4693/7786 1218/3158/7786
f 1236/3774/7787 4020/3160/7787 1225/3159/7787
f 4391/3778/7788 1236/3774/7788 1222/2688/7788
f 4389/4693/7789 4391/3778/7789 2593/3156/7789
f 1202/2701/7790 1222/2688/7790 4036/2687/7790
f 3474/3614/7791 4309/4105/7791 3594/3756/7791
f 3518/4744/7792 4309/4105/7792 3474/3614/7792
f 3423/2508/7793 681/461/7793 1898/1304/7793
f 1948/1333/7794 4395/3575/7794 3423/2508/7794
f 2646/4100/7795 4491/4099/7795 3526/2575/7795
f 4300/3574/7796 690/3591/7796 4396/2732/7796
f 4399/3590/7797 4396/2732/7797 690/3591/7797
f 3520/4104/7798 3521/2569/7798 3519/4557/7798
f 4309/4105/7799 3518/4744/7799 3519/4557/7799
f 770/660/7800 1044/4604/7800 771/776/7800
f 3594/3756/7801 4309/4105/7801 3524/4102/7801
f 4398/4109/7802 4399/3590/7802 740/4110/7802
f 4396/2732/7803 4399/3590/7803 4398/4109/7803
f 1989/2150/7804 1990/2879/7804 1486/1368/7804
f 4397/3783/7805 694/4108/7805 740/4110/7805
f 741/3592/7806 4397/3783/7806 4399/3590/7806
f 1087/3904/7807 1955/1337/7807 4444/4090/7807
f 2973/3928/7808 2610/2104/7808 2976/4567/7808
f 4047/3619/7809 2973/3928/7809 2974/2643/7809
f 2973/3928/7810 1227/3193/7810 1226/1804/7810
f 866/584/7811 910/614/7811 932/1549/7811
f 4183/3417/7812 1438/3419/7812 2664/3938/7812
f 3341/3786/7813 3989/3785/7813 3654/2735/7813
f 3680/2416/7814 3684/3787/7814 3341/3786/7814
f 4183/3417/7815 1320/2613/7815 1321/869/7815
f 2079/2612/7816 1321/869/7816 1320/2613/7816
f 4183/3417/7817 2664/3938/7817 1320/2613/7817
f 3980/3792/7818 2263/4462/7818 2260/2756/7818
f 3692/3992/7819 3691/3789/7819 4402/3788/7819
f 3694/3794/7820 2263/4462/7820 3980/3792/7820
f 3693/3993/7821 3694/3794/7821 3979/3793/7821
f 2444/1693/7822 4406/3797/7822 3346/1694/7822
f 4215/4010/7823 4222/1660/7823 4404/4011/7823
f 2434/1663/7824 2455/1692/7824 3346/1694/7824
f 2455/1692/7825 2453/1687/7825 2444/1693/7825
f 4222/1660/7826 4215/4010/7826 2434/1663/7826
f 3960/3088/7827 3137/3096/7827 3705/3095/7827
f 2980/4789/7828 3565/2615/7828 4373/4111/7828
f 2981/4788/7829 2980/4789/7829 4373/4111/7829
f 2065/2107/7830 4373/4111/7830 4372/3943/7830
f 4457/3944/7831 4372/3943/7831 4373/4111/7831
f 4372/3943/7832 4370/3716/7832 2065/2107/7832
f 1790/72/7833 111/2807/7833 3739/62/7833
f 4182/3945/7834 4371/4433/7834 4372/3943/7834
f 2676/4565/7835 2681/4112/7835 2675/2614/7835
f 2942/4564/7836 2681/4112/7836 2676/4565/7836
f 2942/4564/7837 2938/2083/7837 1289/4093/7837
f 2442/1680/7838 2464/3795/7838 2441/1678/7838
f 4405/3796/7839 2464/3795/7839 2442/1680/7839
f 4406/3797/7840 2444/1693/7840 2464/3795/7840
f 3346/1694/7841 4406/3797/7841 2433/1601/7841
f 2677/2061/7842 2678/1857/7842 2934/2063/7842
f 893/4068/7843 2230/3104/7843 2231/1677/7843
f 857/588/7844 862/585/7844 859/579/7844
f 857/588/7845 859/579/7845 867/2768/7845
f 4112/4686/7846 2999/2119/7846 2998/2118/7846
f 2995/975/7847 3569/4790/7847 3567/2616/7847
f 2420/4787/7848 4260/3526/7848 2419/2770/7848
f 4460/4682/7849 735/4119/7849 4102/4118/7849
f 4102/4118/7850 4103/3951/7850 4460/4682/7850
f 4498/1392/7851 4102/4118/7851 4461/4117/7851
f 4461/4117/7852 735/4119/7852 2017/1388/7852
f 2019/3267/7853 2018/4685/7853 4497/3268/7853
f 738/3429/7854 2018/4685/7854 4112/4686/7854
f 2019/3267/7855 4114/3286/7855 2018/4685/7855
f 854/4256/7856 2404/1640/7856 900/3479/7856
f 4112/4686/7857 4114/3286/7857 4117/3922/7857
f 2018/4685/7858 4114/3286/7858 4112/4686/7858
f 4113/3269/7859 4103/3951/7859 4102/4118/7859
f 4113/3269/7860 4497/3268/7860 4105/4684/7860
f 4113/3269/7861 4105/4684/7861 4103/3951/7861
f 4124/3956/7862 4112/4686/7862 4117/3922/7862
f 4124/3956/7863 2999/2119/7863 4112/4686/7863
f 2776/2586/7864 3570/2619/7864 2999/2119/7864
f 2276/2412/7865 3326/2410/7865 2277/2791/7865
f 4124/3956/7866 2776/2586/7866 2999/2119/7866
f 3327/2794/7867 3324/2406/7867 2277/2791/7867
f 125/78/7868 1971/1343/7868 2657/2125/7868
f 3570/2619/7869 4458/4120/7869 4495/2618/7869
f 2275/3517/7870 2161/2408/7870 3327/2794/7870
f 4436/3953/7871 1013/3895/7871 1015/3897/7871
f 1015/3897/7872 4409/3529/7872 3284/4730/7872
f 3284/4730/7873 4258/1605/7873 4257/3527/7873
f 2403/1639/7874 2404/1640/7874 854/4256/7874
f 2403/1639/7875 890/2783/7875 889/610/7875
f 3731/2803/7876 3738/63/7876 111/2807/7876
f 4338/1989/7877 4347/2002/7877 3952/4121/7877
f 3954/3958/7878 4338/1989/7878 3952/4121/7878
f 1439/3655/7879 1437/989/7879 1442/984/7879
f 1437/989/7880 1507/3063/7880 1442/984/7880
f 1506/986/7881 1439/3655/7881 1442/984/7881
f 2017/1388/7882 2014/1389/7882 2795/4430/7882
f 2794/1387/7883 2011/4123/7883 2795/4430/7883
f 2795/4430/7884 2016/3955/7884 2017/1388/7884
f 3484/2548/7885 2795/4430/7885 2014/1389/7885
f 2796/1933/7886 2014/1389/7886 2004/1383/7886
f 2396/3804/7887 2331/3811/7887 2395/4423/7887
f 3148/3806/7888 2331/3811/7888 2396/3804/7888
f 4326/4243/7889 3719/3338/7889 4325/4245/7889
f 3720/3336/7890 3719/3338/7890 4326/4243/7890
f 2341/3199/7891 2335/2398/7891 2336/2397/7891
f 2328/3812/7892 3148/3806/7892 3149/3805/7892
f 810/1669/7893 2438/2336/7893 2437/1667/7893
f 4239/3818/7894 1821/3815/7894 4240/3816/7894
f 4408/3808/7895 4414/3820/7895 4239/3818/7895
f 2300/3497/7896 4408/3808/7896 4401/3802/7896
f 4425/3801/7897 3756/3496/7897 2300/3497/7897
f 3759/3863/7898 3758/3492/7898 3760/3493/7898
f 1811/1270/7899 1809/1908/7899 1847/4328/7899
f 2463/1695/7900 3938/3823/7900 3936/3064/7900
f 2329/2820/7901 3749/2819/7901 2462/3251/7901
f 3762/3250/7902 3761/3067/7902 3942/3821/7902
f 2462/3251/7903 3749/2819/7903 2460/3822/7903
f 1844/1265/7904 1838/3010/7904 1847/4328/7904
f 3944/3065/7905 3761/3067/7905 4416/4784/7905
f 1558/1067/7906 556/417/7906 339/3934/7906
f 556/417/7907 3919/3771/7907 261/3770/7907
f 257/4075/7908 480/171/7908 226/367/7908
f 257/4075/7909 2843/168/7909 254/167/7909
f 756/4716/7910 3253/3256/7910 3750/3216/7910
f 3292/3550/7911 3772/3549/7911 756/4716/7911
f 179/365/7912 480/171/7912 266/176/7912
f 179/365/7913 4374/4126/7913 3919/3771/7913
f 267/4202/7914 266/176/7914 480/171/7914
f 799/3552/7915 3752/2824/7915 3292/3550/7915
f 3751/2823/7916 3292/3550/7916 3752/2824/7916
f 2285/4579/7917 3777/3259/7917 4090/3261/7917
f 3777/3259/7918 2285/4579/7918 4098/2335/7918
f 4093/3835/7919 637/3684/7919 638/3683/7919
f 4344/3243/7920 637/3684/7920 4093/3835/7920
f 4328/4512/7921 4329/3657/7921 2243/3682/7921
f 4329/3657/7922 4328/4512/7922 4084/3658/7922
f 3263/3229/7923 4332/3656/7923 4084/3658/7923
f 4235/3827/7924 4332/3656/7924 3262/3828/7924
f 4133/3669/7925 4451/1971/7925 4335/3670/7925
f 4335/3670/7926 1763/3043/7926 4133/3669/7926
f 2849/1968/7927 3629/3671/7927 2852/1970/7927
f 632/427/7928 638/3683/7928 4301/3600/7928
f 632/427/7929 3261/3826/7929 638/3683/7929
f 2249/3036/7930 3261/3826/7930 632/427/7930
f 4301/3600/7931 4282/3668/7931 3264/3481/7931
f 2241/3601/7932 3264/3481/7932 3926/3051/7932
f 2226/3038/7933 674/1553/7933 2297/3829/7933
f 675/3476/7934 674/1553/7934 2226/3038/7934
f 1630/1120/7935 1084/3540/7935 4268/1118/7935
f 3642/3313/7936 4348/3695/7936 3632/3697/7936
f 3632/3697/7937 3646/3320/7937 3642/3313/7937
f 3635/2721/7938 3639/3316/7938 4348/3695/7938
f 3769/2851/7939 3780/2849/7939 727/495/7939
f 3630/2716/7940 4185/2715/7940 4269/3382/7940
f 3175/2273/7941 3174/512/7941 757/4155/7941
f 757/3848/7942 761/4605/7942 3773/3257/7942
f 1085/3383/7943 1086/3702/7943 1630/1120/7943
f 4139/1145/7944 4357/3707/7944 4141/3310/7944
f 1918/3312/7945 4357/3707/7945 4139/1145/7945
f 2503/1726/7946 3784/4131/7946 2501/1724/7946
f 2503/1726/7947 2506/4130/7947 3784/4131/7947
f 2506/4130/7948 2503/1726/7948 2504/4491/7948
f 3198/4134/7949 2470/4133/7949 2506/4130/7949
f 2511/4494/7950 2507/4132/7950 2510/4492/7950
f 2511/4494/7951 3200/4137/7951 2507/4132/7951
f 1084/3540/7952 4356/3703/7952 4242/3506/7952
f 2511/4494/7953 3870/4138/7953 2480/1706/7953
f 3200/4137/7954 2511/4494/7954 2480/1706/7954
f 2512/1727/7955 3890/3006/7955 4217/3008/7955
f 4136/3986/7956 4242/3506/7956 4356/3703/7956
f 4361/4141/7957 4136/3986/7957 4356/3703/7957
f 4361/4141/7958 4362/3709/7958 4136/3986/7958
f 3893/3012/7959 196/2776/7959 1843/1264/7959
f 2883/3990/7960 4136/3986/7960 4362/3709/7960
f 1855/2767/7961 1859/2766/7961 2774/1919/7961
f 2879/2008/7962 2883/3990/7962 4362/3709/7962
f 3903/2981/7963 3788/2980/7963 634/4615/7963
f 3903/2981/7964 3904/3031/7964 2242/3840/7964
f 2242/3840/7965 3792/2979/7965 3903/2981/7965
f 1751/1209/7966 1758/1208/7966 1755/3341/7966
f 2879/2008/7967 2885/2010/7967 2802/2029/7967
f 1002/2212/7968 3098/2207/7968 1003/4591/7968
f 654/455/7969 3223/441/7969 2524/1737/7969
f 3859/3466/7970 3862/3565/7970 4279/3567/7970
f 3803/2956/7971 3804/4627/7971 3855/3849/7971
f 3806/2875/7972 3803/2956/7972 3862/3565/7972
f 3804/4627/7973 3803/2956/7973 566/2957/7973
f 3806/2875/7974 3862/3565/7974 4209/3564/7974
f 3197/2877/7975 3803/2956/7975 3806/2875/7975
f 4164/3368/7976 2897/2027/7976 4366/4153/7976
f 1808/1250/7977 4164/3368/7977 4366/4153/7977
f 1797/2026/7978 1799/3367/7978 1801/2020/7978
f 1803/1243/7979 1799/3367/7979 1808/1250/7979
f 1799/3367/7980 1803/1243/7980 1798/1245/7980
f 2889/2022/7981 2890/4149/7981 1801/2020/7981
f 2890/4149/7982 2887/2013/7982 1797/2026/7982
f 3882/2996/7983 4365/3715/7983 3881/2993/7983
f 3882/2996/7984 3881/2993/7984 3880/2992/7984
f 1833/1261/7985 1831/1260/7985 1840/1263/7985
f 517/342/7986 575/385/7986 573/384/7986
f 1831/1260/7987 4482/1259/7987 1836/4327/7987
f 1836/4327/7988 4482/1259/7988 1841/98/7988
f 574/383/7989 575/385/7989 567/4225/7989
f 1841/98/7990 4482/1259/7990 146/99/7990
f 3416/4060/7991 1848/3665/7991 3418/4061/7991
f 4333/3666/7992 1848/3665/7992 3416/4060/7992
f 562/376/7993 3811/4218/7993 546/373/7993
f 4333/3666/7994 1849/1896/7994 147/3664/7994
f 146/99/7995 1846/4065/7995 1848/3665/7995
f 3811/4218/7996 3809/2882/7996 574/383/7996
f 3809/2882/7997 3811/4218/7997 562/376/7997
f 1889/1888/7998 87/1240/7998 84/3726/7998
f 542/362/7999 557/382/7999 558/360/7999
f 557/382/8000 542/362/8000 549/372/8000
f 549/372/8001 542/362/8001 3161/2257/8001
f 1729/4416/8002 1727/1196/8002 3685/4589/8002
f 4331/3906/8003 1826/4160/8003 134/1891/8003
f 2728/1890/8004 84/3726/8004 4331/3906/8004
f 1826/4160/8005 4331/3906/8005 3407/2490/8005
f 3849/2946/8006 485/2951/8006 3168/2948/8006
f 84/3726/8007 81/2801/8007 2912/2037/8007
f 3407/2490/8008 2912/2037/8008 3409/2491/8008
f 3437/2532/8009 2911/2036/8009 3466/2541/8009
f 1726/1194/8010 4467/3999/8010 4525/1195/8010
f 3525/3301/8011 3466/2541/8011 3729/3300/8011
f 4091/3242/8012 121/4791/8012 112/71/8012
f 121/4791/8013 4091/3242/8013 4082/3241/8013
f 90/47/8014 1888/1299/8014 3713/4164/8014
f 90/47/8015 3725/4165/8015 1786/3120/8015
f 4327/3644/8016 3725/4165/8016 2907/3645/8016
f 2905/4792/8017 4048/3213/8017 4003/3208/8017
f 4049/3212/8018 2903/4704/8018 4061/3206/8018
f 4003/3133/8019 2906/3132/8019 2905/4244/8019
f 2091/1827/8020 2612/3855/8020 4517/4500/8020
f 4423/1828/8021 2091/1827/8021 4517/4500/8021
f 4152/4793/8022 3998/3131/8022 4003/3133/8022
f 2614/4037/8023 2383/3580/8023 2382/4779/8023
f 2615/2244/8024 2383/3580/8024 2614/4037/8024
f 2383/3580/8025 2615/2244/8025 2087/1447/8025
f 1792/2814/8026 2915/2802/8026 2914/3725/8026
f 2915/2802/8027 1792/2814/8027 99/61/8027
f 1786/3120/8028 75/48/8028 90/47/8028
f 1786/3120/8029 74/3125/8029 75/48/8029
f 1786/3120/8030 8/3122/8030 43/19/8030
f 8/4397/8031 4152/3207/8031 1787/1233/8031
f 1789/3349/8032 3743/2815/8032 1788/1234/8032
f 18/1227/8033 1784/1224/8033 21/1885/8033
f 16/3643/8034 1785/1225/8034 5/1226/8034
f 21/1885/8035 1784/1224/8035 1785/1225/8035
f 3962/4394/8036 1781/1882/8036 3867/2971/8036
f 3555/1222/8037 1779/1221/8037 3556/1313/8037
f 3962/4394/8038 1779/1221/8038 4379/4391/8038
f 3962/4394/8039 1903/4736/8039 1779/1221/8039
f 3403/2599/8040 4515/3068/8040 3555/1222/8040
f 2718/1881/8041 1915/1880/8041 1781/1882/8041
f 4419/1751/8042 417/276/8042 4417/3830/8042
f 2892/2030/8043 4525/1195/8043 2800/4588/8043
f 2800/4588/8044 4525/1195/8044 4467/3999/8044
f 3534/4734/8045 3394/3355/8045 4159/3354/8045
f 3397/3885/8046 3394/3355/8046 3534/4734/8046
f 1775/3903/8047 4159/3354/8047 7/3640/8047
f 4158/2054/8048 7/3640/8048 4159/3354/8048
f 479/303/8049 3129/2379/8049 386/2348/8049
f 435/284/8050 1305/3854/8050 1303/893/8050
f 1305/3854/8051 435/284/8051 3123/3860/8051
f 1914/4651/8052 2949/4794/8052 1942/4649/8052
f 1938/2487/8053 1914/4651/8053 1939/2451/8053
f 1940/3348/8054 1914/4651/8054 1938/2487/8054
f 1703/3347/8055 1914/4651/8055 1940/3348/8055
f 2949/2072/8056 1703/2056/8056 1704/2058/8056
f 1914/4651/8057 1703/3347/8057 2949/4794/8057
f 745/1448/8058 3119/4361/8058 2092/1449/8058
f 3119/4361/8059 745/1448/8059 428/4241/8059
f 437/2346/8060 424/281/8060 784/536/8060
f 1870/1296/8061 32/1228/8061 183/1278/8061
f 427/4629/8062 428/4241/8062 742/2366/8062
f 459/3421/8063 2039/201/8063 2046/1420/8063
f 1662/1147/8064 4155/1167/8064 1932/3351/8064
f 2815/1948/8065 3670/4582/8065 3668/3048/8065
f 76/4173/8066 4477/4174/8066 4168/4758/8066
f 4168/4758/8067 4477/4174/8067 78/2455/8067
f 4168/4758/8068 77/2812/8068 76/4173/8068
f 457/3803/8069 459/3421/8069 2046/1420/8069
f 1947/1334/8070 4384/4508/8070 3765/2945/8070
f 105/2095/8071 4384/2953/8071 1946/2949/8071
f 3898/3018/8072 2996/4171/8072 53/1113/8072
f 3375/4170/8073 3027/4480/8073 1623/1114/8073
f 1675/1099/8074 1623/1114/8074 3027/4480/8074
f 1623/1114/8075 53/1113/8075 3375/4170/8075
f 4167/2123/8076 1953/86/8076 4168/4758/8076
f 1953/86/8077 77/2812/8077 4168/4758/8077
f 61/3017/8078 76/4173/8078 77/2812/8078
f 2946/1318/8079 2927/1317/8079 1703/3347/8079
f 2927/1317/8080 2945/1316/8080 3376/3621/8080
f 2697/3884/8081 3376/4768/8081 4151/3760/8081
f 2950/2073/8082 2951/2075/8082 3730/3883/8082
f 3843/4759/8083 3730/3883/8083 2951/2075/8083
f 4385/3762/8084 3730/3883/8084 4286/4580/8084
f 239/155/8085 291/2921/8085 242/2923/8085
f 3029/1375/8086 1529/3779/8086 2666/2438/8086
f 189/2152/8087 4169/3577/8087 4295/3578/8087
f 1550/1063/8088 1521/1048/8088 3025/1059/8088
f 1525/1344/8089 1969/1341/8089 1972/1345/8089
f 1340/914/8090 1341/913/8090 2626/2145/8090
f 1515/1045/8091 1551/1095/8091 3247/1062/8091
f 1990/2879/8092 1989/2150/8092 1482/3871/8092
f 3033/4795/8093 136/89/8093 161/4767/8093
f 209/1356/8094 136/89/8094 3839/4796/8094
f 209/1356/8095 1981/4047/8095 137/90/8095
f 190/2153/8096 189/2152/8096 2365/3397/8096
f 3673/2749/8097 3036/2751/8097 2365/3397/8097
f 3790/2750/8098 3034/3396/8098 3036/2751/8098
f 3072/3583/8099 1491/3582/8099 1485/150/8099
f 3072/3583/8100 1487/2798/8100 1454/1001/8100
f 2738/4568/8101 2737/4678/8101 2736/2620/8101
f 1963/3375/8102 1967/4177/8102 3778/2845/8102
f 1604/1129/8103 1675/1099/8103 1648/1098/8103
f 2685/4608/8104 2687/2457/8104 1964/3377/8104
f 1964/3377/8105 3667/1861/8105 2685/4608/8105
f 2980/4789/8106 4463/3971/8106 2977/2106/8106
f 2953/2077/8107 2695/1866/8107 2952/3345/8107
f 2695/1866/8108 2926/4517/8108 2955/3346/8108
f 2950/2073/8109 2955/3346/8109 2926/4517/8109
f 2950/2073/8110 2926/4517/8110 2698/2074/8110
f 3073/2190/8111 3095/2206/8111 2554/1760/8111
f 2700/1867/8112 2698/2074/8112 2926/4517/8112
f 4132/2205/8113 2554/1760/8113 1373/1759/8113
f 1701/2070/8114 2927/2057/8114 2701/1869/8114
f 2707/1872/8115 4440/2664/8115 1689/4052/8115
f 4463/3971/8116 2980/4789/8116 2064/2108/8116
f 3290/4175/8117 3289/2904/8117 1452/937/8117
f 2708/1876/8118 4440/2664/8118 2703/1871/8118
f 2699/3639/8119 2700/1867/8119 2694/4516/8119
f 2700/1867/8120 2699/3639/8120 2702/2053/8120
f 2693/1865/8121 2699/3639/8121 2694/4516/8121
f 2702/2053/8122 1705/2055/8122 2700/1867/8122
f 1942/4016/8123 3395/3886/8123 2715/4519/8123
f 2064/2108/8124 2980/4789/8124 2984/2109/8124
f 1750/4797/8125 1748/4798/8125 1746/3894/8125
f 1750/4797/8126 2919/4384/8126 1748/4798/8126
f 1900/2041/8127 1770/1184/8127 3563/1206/8127
f 1746/3894/8128 1748/4798/8128 1749/3892/8128
f 1900/1305/8129 3563/3893/8129 1749/3892/8129
f 1748/4798/8130 1739/3360/8130 1749/3892/8130
f 1900/1305/8131 1749/3892/8131 1899/3898/8131
f 1900/1305/8132 1899/3898/8132 4160/1212/8132
f 4370/3716/8133 4046/3190/8133 1375/3189/8133
f 1899/3898/8134 1739/3360/8134 4160/1212/8134
f 3404/2600/8135 3402/3899/8135 3534/4799/8135
f 3556/1313/8136 3403/2599/8136 3555/1222/8136
f 1775/3903/8137 1/3890/8137 1776/2973/8137
f 1878/1290/8138 1886/3363/8138 1874/1291/8138
f 3525/3301/8139 114/4800/8139 3439/2533/8139
f 3439/2533/8140 3466/2541/8140 3525/3301/8140
f 3410/2495/8141 3382/2399/8141 3409/2491/8141
f 3300/2374/8142 1816/1254/8142 3364/2489/8142
f 1815/1253/8143 1826/4160/8143 1816/1254/8143
f 4165/4008/8144 91/4147/8144 73/1298/8144
f 4165/4008/8145 68/50/8145 1864/2772/8145
f 114/4800/8146 2902/3910/8146 3439/2533/8146
f 168/2435/8147 3410/2495/8147 3411/2494/8147
f 3439/2533/8148 167/3911/8148 168/2435/8148
f 448/3807/8149 3156/4039/8149 457/3803/8149
f 3156/4039/8150 4428/4781/8150 457/3803/8150
f 4418/3832/8151 4428/4781/8151 3156/4039/8151
f 417/276/8152 457/3803/8152 4428/4781/8152
f 448/3807/8153 443/3864/8153 447/3594/8153
f 1865/2529/8154 1866/2531/8154 1864/2772/8154
f 2090/4419/8155 4423/1828/8155 4517/4500/8155
f 2857/1973/8156 3668/3048/8156 2856/1974/8156
f 1245/845/8157 1251/847/8157 1248/843/8157
f 3178/4383/8158 3203/4505/8158 2162/4502/8158
f 3186/2281/8159 2162/4801/8159 2146/2300/8159
f 2162/4801/8160 3186/2281/8160 2159/2326/8160
f 3185/2280/8161 2145/2282/8161 3147/3277/8161
f 3186/2281/8162 2167/4504/8162 2168/4503/8162
f 3185/2280/8163 3135/3276/8163 2167/4504/8163
f 3135/3276/8164 3147/3277/8164 2170/1508/8164
f 4503/1509/8165 2170/1508/8165 3147/3277/8165
f 2149/1472/8166 3135/3276/8166 2170/1508/8166
f 2854/1960/8167 2853/1977/8167 4133/3669/8167
f 1247/2867/8168 3209/2861/8168 1246/848/8168
f 246/161/8169 339/3934/8169 304/196/8169
f 246/161/8170 248/163/8170 339/3934/8170
f 261/3770/8171 304/196/8171 339/3934/8171
f 339/3934/8172 556/417/8172 261/3770/8172
f 1558/1067/8173 248/163/8173 301/1068/8173
f 1559/1066/8174 300/1983/8174 2826/4550/8174
f 1242/864/8175 3173/2272/8175 1244/4156/8175
f 1539/1955/8176 3922/4607/8176 1538/4307/8176
f 3922/4607/8177 1539/1955/8177 2351/3689/8177
f 294/191/8178 2351/3689/8178 1539/1955/8178
f 4342/3980/8179 1547/3982/8179 3922/4607/8179
f 406/4306/8180 1547/3982/8180 4341/3981/8180
f 1547/3982/8181 406/4306/8181 1542/210/8181
f 406/4306/8182 4341/3981/8182 405/1056/8182
f 1547/3982/8183 1538/4307/8183 3922/4607/8183
f 3173/2272/8184 3091/2862/8184 1244/4156/8184
f 1535/1055/8185 325/1053/8185 405/1056/8185
f 3890/3006/8186 2512/1727/8186 2513/1729/8186
f 2513/1729/8187 3052/2184/8187 3890/3006/8187
f 3052/2184/8188 2519/2172/8188 3032/2174/8188
f 2519/2172/8189 3052/2184/8189 2520/4151/8189
f 2970/2098/8190 3019/2173/8190 2519/2172/8190
f 280/184/8191 270/179/8191 255/166/8191
f 2970/2098/8192 2533/2019/8192 3010/2857/8192
f 630/2017/8193 2533/2019/8193 629/2099/8193
f 3564/2641/8194 3562/2640/8194 2971/2101/8194
f 289/187/8195 2834/1958/8195 4340/4464/8195
f 649/439/8196 651/452/8196 639/3554/8196
f 4422/3850/8197 1178/1736/8197 1179/4146/8197
f 635/2986/8198 3906/3035/8198 634/4615/8198
f 635/2986/8199 3785/2985/8199 631/3033/8199
f 4108/4129/8200 4095/4144/8200 3786/4127/8200
f 3786/4127/8201 631/3033/8201 3785/2985/8201
f 2501/1724/8202 3219/3271/8202 3781/4718/8202
f 3562/2640/8203 3560/2631/8203 2971/2101/8203
f 3780/2849/8204 2198/2853/8204 727/495/8204
f 2216/2854/8205 2193/1521/8205 2192/1520/8205
f 2198/2853/8206 728/496/8206 727/495/8206
f 2063/4434/8207 2972/2102/8207 2971/2101/8207
f 1472/1331/8208 3609/1336/8208 1467/1014/8208
f 1467/1014/8209 3609/1336/8209 3608/1016/8209
f 1466/1013/8210 1472/1331/8210 1467/1014/8210
f 3560/2631/8211 2063/4434/8211 2971/2101/8211
f 3954/3958/8212 3608/1016/8212 3607/4578/8212
f 2810/3940/8213 3552/2603/8213 2913/3947/8213
f 2680/2294/8214 2479/3498/8214 2478/4136/8214
f 2475/4489/8215 4238/4140/8215 3199/4540/8215
f 2478/4136/8216 2479/3498/8216 2475/4489/8216
f 4238/4140/8217 2475/4489/8217 2479/3498/8217
f 2471/4143/8218 2475/4489/8218 3199/4540/8218
f 2474/4135/8219 2471/4143/8219 3199/4540/8219
f 4115/3273/8220 2473/3272/8220 2474/4135/8220
f 4109/4761/8221 4116/3275/8221 4429/4145/8221
f 4109/4761/8222 4429/4145/8222 4095/4144/8222
f 4115/3273/8223 4116/3275/8223 3218/3270/8223
f 3218/3270/8224 2473/3272/8224 4115/3273/8224
f 4106/3858/8225 4116/3275/8225 4109/4761/8225
f 4101/3946/8226 491/2602/8226 493/3263/8226
f 702/3851/8227 3944/3065/8227 4416/4784/8227
f 3558/1845/8228 492/3948/8228 491/2602/8228
f 2738/4568/8229 2555/4092/8229 2737/4678/8229
f 2555/4092/8230 2647/1844/8230 2662/1846/8230
f 2618/2624/8231 2555/4092/8231 2662/1846/8231
f 3942/3821/8232 2329/2820/8232 2462/3251/8232
f 3944/3065/8233 2304/1588/8233 3943/3236/8233
f 762/3254/8234 3750/3216/8234 3253/3256/8234
f 3948/515/8235 3771/3255/8235 763/516/8235
f 3950/514/8236 4252/3519/8236 3948/515/8236
f 768/4242/8237 1077/2270/8237 776/2269/8237
f 2454/4688/8238 1077/2270/8238 768/4242/8238
f 1079/3077/8239 1078/4802/8239 772/4290/8239
f 3565/2615/8240 3574/998/8240 4457/3944/8240
f 1044/4604/8241 772/4290/8241 1078/4802/8241
f 772/4290/8242 1044/4604/8242 770/660/8242
f 1044/4604/8243 2454/4688/8243 768/4242/8243
f 1078/4802/8244 2454/4688/8244 1044/4604/8244
f 2454/4688/8245 1078/4802/8245 1079/3077/8245
f 737/3233/8246 738/3429/8246 2998/2118/8246
f 739/3428/8247 2018/4685/8247 738/3429/8247
f 4105/4684/8248 4497/3268/8248 2013/1672/8248
f 2012/1673/8249 739/3428/8249 737/3233/8249
f 739/3428/8250 2012/1673/8250 2013/1672/8250
f 2003/1381/8251 735/4119/8251 736/3652/8251
f 736/3652/8252 4104/3265/8252 2003/1381/8252
f 2013/1672/8253 4497/3268/8253 739/3428/8253
f 2268/4683/8254 736/3652/8254 4460/4682/8254
f 736/3652/8255 526/1558/8255 523/349/8255
f 3757/3494/8256 4256/3525/8256 3733/1644/8256
f 4256/3525/8257 3736/2809/8257 3733/1644/8257
f 3571/3957/8258 3569/4115/8258 2994/4681/8258
f 2995/975/8259 2994/4680/8259 3569/4790/8259
f 2997/2117/8260 4086/3232/8260 2998/2118/8260
f 3571/3957/8261 4086/3232/8261 2997/2117/8261
f 4187/3427/8262 737/3233/8262 4086/3232/8262
f 4263/3862/8263 2388/3861/8263 4251/4422/8263
f 4246/3512/8264 4251/4422/8264 2388/3861/8264
f 2152/3518/8265 4251/4422/8265 3722/2795/8265
f 4246/3512/8266 3722/2795/8266 4251/4422/8266
f 2222/3432/8267 4085/3649/8267 527/3430/8267
f 2268/4683/8268 2236/1559/8268 526/1558/8268
f 4085/3649/8269 2222/3432/8269 525/1557/8269
f 4250/3516/8270 4249/3509/8270 4248/3514/8270
f 4243/3515/8271 4430/4713/8271 4250/3516/8271
f 4249/3509/8272 4250/3516/8272 4430/4713/8272
f 4247/3513/8273 4249/3509/8273 2104/1458/8273
f 2077/2810/8274 4256/3525/8274 2094/4401/8274
f 3736/2809/8275 3737/4714/8275 3733/1644/8275
f 2835/1957/8276 281/4549/8276 2834/1958/8276
f 2639/3961/8277 4083/3960/8277 4186/3423/8277
f 2746/4066/8278 3877/4067/8278 4481/4159/8278
f 2835/1957/8279 274/1979/8279 281/4549/8279
f 278/181/8280 1527/2011/8280 4508/4456/8280
f 4150/3758/8281 3844/3765/8281 4387/3772/8281
f 3730/3883/8282 4387/2941/8282 3841/2935/8282
f 4186/3423/8283 2633/1834/8283 2639/3961/8283
f 1527/2011/8284 281/4549/8284 4508/4456/8284
f 2637/3963/8285 2636/3966/8285 2639/3961/8285
f 2642/3959/8286 2636/3966/8286 1361/3962/8286
f 2644/1839/8287 1361/3962/8287 2636/3966/8287
f 1361/3962/8288 2644/1839/8288 2643/1838/8288
f 820/4250/8289 2333/4124/8289 2358/1627/8289
f 2603/1807/8290 1226/1804/8290 2602/1803/8290
f 4033/1805/8291 2598/2103/8291 2605/1806/8291
f 2598/2103/8292 4033/1805/8292 2597/3167/8292
f 2597/3167/8293 2596/3192/8293 2985/4569/8293
f 2021/3183/8294 4031/1799/8294 1203/1801/8294
f 1206/829/8295 1203/1801/8295 2599/1800/8295
f 4462/3967/8296 2020/3182/8296 2595/3185/8296
f 4462/3967/8297 4031/1799/8297 2020/3182/8297
f 2596/3192/8298 4043/3184/8298 2985/4569/8298
f 4031/1799/8299 2021/3183/8299 2020/3182/8299
f 3513/3170/8300 1241/1785/8300 2569/1776/8300
f 2259/2409/8301 3967/4460/8301 2262/4459/8301
f 3693/3993/8302 3968/3094/8302 3336/2414/8302
f 3336/2414/8303 2259/2409/8303 3693/3993/8303
f 3680/2416/8304 3679/3117/8304 4270/3116/8304
f 3342/4074/8305 3343/3557/8305 3678/1717/8305
f 1884/1293/8306 3647/4547/8306 2847/4543/8306
f 2847/4543/8307 3647/4547/8307 2846/4544/8307
f 401/265/8308 4339/1962/8308 4456/4463/8308
f 1296/2525/8309 3046/2527/8309 3435/3978/8309
f 4023/3977/8310 1296/2525/8310 3435/3978/8310
f 3050/3455/8311 4025/3456/8311 4023/3977/8311
f 1196/2164/8312 3050/3455/8312 3049/2528/8312
f 3050/3455/8313 3436/2166/8313 3049/2528/8313
f 3366/2433/8314 3106/2213/8314 3111/4529/8314
f 1000/668/8315 3361/2437/8315 996/2436/8315
f 3361/2437/8316 1000/668/8316 3362/3563/8316
f 4015/3907/8317 4007/4663/8317 1187/815/8317
f 4468/4006/8318 1011/673/8318 3110/643/8318
f 3625/3985/8319 1128/2501/8319 3066/3144/8319
f 957/713/8320 3363/4005/8320 963/642/8320
f 964/4007/8321 963/642/8321 3363/4005/8321
f 3110/643/8322 963/642/8322 964/4007/8322
f 3102/2216/8323 3101/2211/8323 3097/3151/8323
f 3101/2211/8324 3100/2209/8324 3097/3151/8324
f 3097/3151/8325 3105/3153/8325 3102/2216/8325
f 3097/3151/8326 3096/2443/8326 3400/3152/8326
f 1959/3902/8327 3400/3152/8327 3096/2443/8327
f 1959/3902/8328 3096/2443/8328 3369/4586/8328
f 3368/2445/8329 3369/4586/8329 3096/2443/8329
f 3092/3987/8330 2247/1566/8330 4018/1567/8330
f 3090/3149/8331 3092/3987/8331 4018/1567/8331
f 729/502/8332 4447/3461/8332 2558/2202/8332
f 3089/2204/8333 3970/3150/8333 3087/1555/8333
f 2237/1554/8334 3088/2203/8334 3087/1555/8334
f 2556/3135/8335 3089/2204/8335 3088/2203/8335
f 3089/2204/8336 2556/3135/8336 4011/3134/8336
f 1960/3891/8337 4005/3913/8337 4441/3912/8337
f 4005/3913/8338 3369/4586/8338 3094/3988/8338
f 4442/2462/8339 3399/2474/8339 3398/2476/8339
f 3392/2465/8340 1959/3902/8340 1960/3891/8340
f 3386/2463/8341 3392/2465/8341 1960/3891/8341
f 1959/3902/8342 3369/4586/8342 4005/3913/8342
f 4005/3913/8343 1960/3891/8343 1959/3902/8343
f 775/1548/8344 774/1547/8344 1154/526/8344
f 3352/2427/8345 3358/2434/8345 3357/3483/8345
f 3357/3483/8346 3355/2425/8346 3352/2427/8346
f 1910/3995/8347 4200/3458/8347 2807/3996/8347
f 2807/3996/8348 4200/3458/8348 2809/4537/8348
f 3969/2220/8349 3357/3483/8349 3113/2218/8349
f 3111/4529/8350 3113/2218/8350 3357/3483/8350
f 946/627/8351 950/4260/8351 2446/4528/8351
f 946/627/8352 2447/1684/8352 944/625/8352
f 946/627/8353 2446/4528/8353 2447/1684/8353
f 2447/1684/8354 2446/4528/8354 2448/2420/8354
f 1955/1337/8355 693/1339/8355 4397/3783/8355
f 693/1339/8356 694/4108/8356 4397/3783/8356
f 2803/4803/8357 4466/3998/8357 2804/3997/8357
f 3837/2936/8358 3835/4728/8358 3836/2934/8358
f 2452/2424/8359 3347/2422/8359 3362/3563/8359
f 4396/2732/8360 4398/4109/8360 3617/2693/8360
f 4396/2732/8361 692/472/8361 4300/3574/8361
f 682/462/8362 3423/2508/8362 4395/3575/8362
f 1719/3024/8363 2803/1940/8363 2830/4315/8363
f 2830/4772/8364 2803/4803/8364 2804/3997/8364
f 3617/2693/8365 694/4108/8365 698/471/8365
f 686/460/8366 682/462/8366 692/472/8366
f 3137/3096/8367 3960/3088/8367 2417/3090/8367
f 1930/1332/8368 1898/1304/8368 4494/4441/8368
f 2417/3090/8369 3960/3088/8369 2429/3087/8369
f 2429/3087/8370 2431/3086/8370 2315/1596/8370
f 4222/1660/8371 2434/1663/8371 2430/1661/8371
f 2433/1601/8372 2434/1663/8372 3346/1694/8372
f 2432/1662/8373 2431/3086/8373 4222/1660/8373
f 2315/1596/8374 2314/4012/8374 2313/1597/8374
f 953/630/8375 3956/3085/8375 847/1702/8375
f 3896/4530/8376 2773/3330/8376 1851/3329/8376
f 3460/3768/8377 3461/3163/8377 3457/3162/8377
f 3461/3163/8378 3460/3768/8378 1286/3166/8378
f 204/130/8379 2773/3330/8379 2767/1911/8379
f 2321/1602/8380 2320/3089/8380 2319/3537/8380
f 2321/1602/8381 2333/4124/8381 820/4250/8381
f 2319/3537/8382 2333/4124/8382 2321/1602/8382
f 3462/1782/8383 3613/3767/8383 3614/2689/8383
f 3613/3767/8384 3462/1782/8384 1294/3769/8384
f 2403/1639/8385 854/4256/8385 837/3548/8385
f 2572/1783/8386 720/483/8386 718/480/8386
f 718/480/8387 3464/2537/8387 604/2536/8387
f 597/479/8388 713/478/8388 652/1503/8388
f 840/4253/8389 834/1638/8389 849/1637/8389
f 833/567/8390 4044/3084/8390 849/1637/8390
f 3472/3616/8391 1299/3615/8391 4383/3744/8391
f 840/4253/8392 849/1637/8392 841/1636/8392
f 841/1636/8393 837/3548/8393 840/4253/8393
f 1284/881/8394 1283/880/8394 1299/3615/8394
f 2108/1257/8395 1293/1464/8395 3458/1258/8395
f 2356/1619/8396 826/564/8396 817/3531/8396
f 2356/1619/8397 822/3530/8397 826/564/8397
f 1283/880/8398 4493/1462/8398 1299/3615/8398
f 823/1631/8399 2397/3083/8399 822/3530/8399
f 2296/1586/8400 2406/1643/8400 951/629/8400
f 3360/3482/8401 3358/2434/8401 3353/2429/8401
f 3471/3743/8402 4452/3933/8402 3520/4104/8402
f 2341/3199/8403 2369/4018/8403 2371/1630/8403
f 2341/3199/8404 2371/1630/8404 2338/4411/8404
f 3482/2546/8405 4492/3965/8405 2638/4103/8405
f 2638/4103/8406 4492/3965/8406 2635/3964/8406
f 2338/4411/8407 2389/4474/8407 4059/3203/8407
f 2389/4474/8408 2360/1618/8408 4059/3203/8408
f 2370/2363/8409 2386/2362/8409 2343/4019/8409
f 4060/3225/8410 2338/4411/8410 4059/3203/8410
f 2297/3829/8411 942/621/8411 2298/4021/8411
f 3482/2546/8412 4491/4099/8412 4492/3965/8412
f 2646/4100/8413 2645/1840/8413 4492/3965/8413
f 2646/4100/8414 3528/2661/8414 2645/1840/8414
f 602/3439/8415 601/4561/8415 3965/3093/8415
f 600/4248/8416 601/4561/8416 602/3439/8416
f 600/4248/8417 596/3109/8417 4080/3228/8417
f 592/3227/8418 596/3109/8418 3974/3108/8418
f 592/3227/8419 3974/3108/8419 4081/3435/8419
f 509/4097/8420 3973/3436/8420 589/395/8420
f 4190/4098/8421 3973/3436/8421 509/4097/8421
f 2299/3819/8422 2300/3497/8422 2302/1654/8422
f 509/4097/8423 589/395/8423 1812/1251/8423
f 589/395/8424 3972/4096/8424 593/393/8424
f 589/395/8425 594/394/8425 1812/1251/8425
f 3020/3972/8426 2982/1125/8426 4041/3178/8426
f 3020/3972/8427 4041/3178/8427 4040/3177/8427
f 1777/3176/8428 4041/3178/8428 1676/1154/8428
f 1777/3176/8429 1679/3179/8429 4053/3196/8429
f 4053/3196/8430 4052/3195/8430 1777/3176/8430
f 4041/3178/8431 2982/1125/8431 1676/1154/8431
f 1679/3179/8432 1676/1154/8432 1643/1124/8432
f 1474/3187/8433 1473/4570/8433 4043/3184/8433
f 1473/4570/8434 1474/3187/8434 1430/3970/8434
f 1474/3187/8435 1475/1217/8435 1430/3970/8435
f 1375/3189/8436 2598/2103/8436 2985/4569/8436
f 1375/3189/8437 2975/3188/8437 2598/2103/8437
f 2976/4567/8438 2975/3188/8438 4046/3190/8438
f 2610/2104/8439 2975/3188/8439 2976/4567/8439
f 2976/4567/8440 2974/2643/8440 2973/3928/8440
f 4083/3960/8441 1371/941/8441 2935/2097/8441
f 4225/3253/8442 4228/4724/8442 4096/3252/8442
f 4228/4724/8443 704/3541/8443 4096/3252/8443
f 4223/3484/8444 4225/3253/8444 2461/4023/8444
f 3763/3059/8445 3764/3556/8445 668/454/8445
f 3766/2836/8446 3764/3556/8446 3763/3059/8446
f 662/445/8447 664/3555/8447 3766/2836/8447
f 4271/4024/8448 4470/4027/8448 1374/1712/8448
f 3246/1701/8449 4213/883/8449 4121/3473/8449
f 1311/4563/8450 500/4088/8450 1290/4091/8450
f 3418/4061/8451 1848/3665/8451 1846/4065/8451
f 10/35/8452 1279/876/8452 3243/2328/8452
f 1311/4563/8453 498/4094/8453 500/4088/8453
f 1279/876/8454 4213/883/8454 3246/1701/8454
f 3836/2934/8455 3835/4728/8455 3790/2750/8455
f 4120/3281/8456 4213/3471/8456 11/4182/8456
f 3193/2286/8457 4277/3561/8457 2206/3560/8457
f 2496/1716/8458 4277/3561/8458 3193/2286/8458
f 2496/1716/8459 2214/2290/8459 4277/3561/8459
f 2213/1537/8460 2214/2290/8460 2215/1535/8460
f 4277/3561/8461 2214/2290/8461 1036/3559/8461
f 2208/4030/8462 1036/3559/8462 2214/2290/8462
f 1036/3559/8463 2208/4030/8463 1033/1529/8463
f 2217/1541/8464 3211/4031/8464 2202/1538/8464
f 2204/1532/8465 2208/4030/8465 2203/1530/8465
f 2209/1539/8466 2203/1530/8466 2208/4030/8466
f 1032/3568/8467 3852/4398/8467 2204/1532/8467
f 3852/4398/8468 1032/3568/8468 1033/1529/8468
f 1033/1529/8469 1032/3568/8469 2207/1528/8469
f 2208/4030/8470 2204/1532/8470 3852/4398/8470
f 2205/1531/8471 4280/3566/8471 2204/1532/8471
f 2210/2303/8472 2203/1530/8472 2209/1539/8472
f 2205/1531/8473 2203/1530/8473 3213/2305/8473
f 2683/4442/8474 994/4679/8474 2725/1893/8474
f 2735/4444/8475 2737/4678/8475 993/4677/8475
f 2737/4678/8476 2735/4444/8476 2736/2620/8476
f 2242/3840/8477 2534/1742/8477 3792/2979/8477
f 2534/1742/8478 3226/3841/8478 2535/1746/8478
f 3795/2860/8479 2535/1746/8479 3226/3841/8479
f 3793/2858/8480 2536/1747/8480 629/2099/8480
f 2726/2596/8481 2723/2609/8481 2720/1895/8481
f 2721/2593/8482 2723/2609/8482 2726/2596/8482
f 3238/2859/8483 2520/4151/8483 2516/1731/8483
f 2520/4151/8484 3238/2859/8484 3793/2858/8484
f 1252/850/8485 1251/4804/8485 1246/848/8485
f 1274/873/8486 3208/872/8486 561/3468/8486
f 571/379/8487 561/3468/8487 4210/3467/8487
f 3551/2594/8488 3550/2667/8488 3597/4086/8488
f 819/571/8489 3181/4622/8489 2364/1623/8489
f 4285/3581/8490 3176/854/8490 3181/4622/8490
f 4285/3581/8491 3181/4622/8491 846/570/8491
f 3181/4622/8492 819/571/8492 846/570/8492
f 845/569/8493 945/624/8493 4296/4417/8493
f 2761/4448/8494 1564/4450/8494 434/4446/8494
f 2755/4449/8495 4177/3973/8495 2761/4448/8495
f 1564/4450/8496 2761/4448/8496 4177/3973/8496
f 2711/1879/8497 39/20/8497 47/22/8497
f 2824/3975/8498 1564/4450/8498 4177/3973/8498
f 366/230/8499 1564/4450/8499 2824/3975/8499
f 1564/4450/8500 366/230/8500 365/229/8500
f 349/271/8501 367/231/8501 348/247/8501
f 3504/3298/8502 3507/3295/8502 3597/4086/8502
f 3545/4574/8503 3501/2561/8503 3503/4575/8503
f 3501/2561/8504 3545/4574/8504 403/2559/8504
f 3547/4577/8505 402/1054/8505 403/2559/8505
f 325/1053/8506 1543/1052/8506 406/4306/8506
f 403/2559/8507 402/1054/8507 325/1053/8507
f 3258/3451/8508 3846/2943/8508 4198/3450/8508
f 3258/3451/8509 4198/3450/8509 494/3292/8509
f 586/416/8510 587/415/8510 650/3046/8510
f 3919/3771/8511 586/416/8511 179/365/8511
f 3919/3771/8512 556/417/8512 586/416/8512
f 3918/4652/8513 180/366/8513 650/3046/8513
f 180/366/8514 179/365/8514 586/416/8514
f 390/268/8515 419/3602/8515 414/269/8515
f 2061/4352/8516 3823/3302/8516 2052/1424/8516
f 1372/1761/8517 2554/1760/8517 3289/2904/8517
f 3118/2365/8518 3120/2919/8518 1422/969/8518
f 3118/2365/8519 3298/4041/8519 1390/951/8519
f 1390/951/8520 3298/4041/8520 3312/2180/8520
f 1394/956/8521 429/955/8521 1391/952/8521
f 1391/952/8522 3312/2180/8522 1394/956/8522
f 1752/2530/8523 1755/3341/8523 3888/4148/8523
f 161/4767/8524 136/89/8524 3035/88/8524
f 3035/88/8525 137/90/8525 208/131/8525
f 208/131/8526 137/90/8526 1981/4047/8526
f 3796/3380/8527 3799/1355/8527 3798/4715/8527
f 1997/2865/8528 3796/3380/8528 1996/4602/8528
f 3796/3380/8529 1997/2865/8529 3797/3381/8529
f 1963/3375/8530 1978/3379/8530 3797/3381/8530
f 3268/3389/8531 3799/1355/8531 151/102/8531
f 2742/2786/8532 2746/4066/8532 1833/1261/8532
f 2746/4066/8533 2747/2503/8533 4483/4063/8533
f 1833/1261/8534 2746/4066/8534 4481/4159/8534
f 4483/4063/8535 2747/2503/8535 3417/4064/8535
f 1006/672/8536 3291/714/8536 1004/670/8536
f 3417/4064/8537 2747/2503/8537 4324/2502/8537
f 3184/2323/8538 747/4179/8538 3241/2324/8538
f 1069/715/8539 1004/670/8539 1039/688/8539
f 3271/2833/8540 4264/4181/8540 3241/2324/8540
f 3287/2353/8541 1040/689/8541 3291/714/8541
f 48/4185/8542 49/4581/8542 54/3736/8542
f 3734/4190/8543 112/71/8543 121/4791/8543
f 110/3370/8544 113/4805/8544 3734/4188/8544
f 1952/1853/8545 1951/1851/8545 3003/2122/8545
f 3003/2122/8546 1951/1851/8546 120/79/8546
f 110/3370/8547 3525/3905/8547 113/4805/8547
f 133/83/8548 1817/1255/8548 130/93/8548
f 3893/3012/8549 1843/1264/8549 3894/1266/8549
f 376/2898/8550 379/1415/8550 377/2899/8550
f 244/177/8551 267/4202/8551 256/170/8551
f 263/4203/8552 260/178/8552 264/193/8552
f 265/4204/8553 256/170/8553 253/169/8553
f 352/3685/8554 273/1050/8554 272/183/8554
f 276/4219/8555 352/3685/8555 272/183/8555
f 277/4214/8556 276/4219/8556 387/278/8556
f 3853/2958/8557 3850/2960/8557 559/374/8557
f 432/4227/8558 283/259/8558 368/258/8558
f 426/4229/8559 383/249/8559 364/4231/8559
f 345/4222/8560 378/299/8560 441/224/8560
f 453/297/8561 361/4230/8561 412/286/8561
f 430/4234/8562 361/4230/8562 453/297/8562
f 364/4231/8563 458/4233/8563 426/4229/8563
f 454/4232/8564 355/301/8564 440/292/8564
f 4306/1495/8565 1872/1303/8565 681/461/8565
f 912/637/8566 925/4270/8566 4484/638/8566
f 915/645/8567 926/4271/8567 934/682/8567
f 922/4275/8568 920/3869/8568 921/4069/8568
f 1326/3733/8569 1328/3200/8569 4380/4692/8569
f 976/646/8570 915/645/8570 935/4273/8570
f 1332/3201/8571 1328/3200/8571 1326/3733/8571
f 960/640/8572 961/639/8572 920/3869/8572
f 960/640/8573 920/3869/8573 1007/4280/8573
f 1005/671/8574 1038/687/8574 1006/672/8574
f 4243/3515/8575 3329/2404/8575 4499/4125/8575
f 1063/4294/8576 1034/697/8576 1023/723/8576
f 1047/693/8577 1102/746/8577 1101/694/8577
f 1091/4296/8578 1094/724/8578 1053/721/8578
f 1158/4303/8579 1107/4301/8579 1106/4304/8579
f 1163/781/8580 1140/764/8580 1117/762/8580
f 1162/4302/8581 1140/764/8581 1163/781/8581
f 4174/4308/8582 1568/1080/8582 4175/1082/8582
f 3486/3681/8583 3487/3305/8583 4137/3679/8583
f 2349/3053/8584 2350/4310/8584 4511/4312/8584
f 2349/3053/8585 4511/4312/8585 4516/4414/8585
f 1970/1850/8586 128/77/8586 1951/1851/8586
f 4156/3352/8587 4155/1167/8587 4154/3350/8587
f 1396/958/8588 1395/957/8588 3825/4616/8588
f 4514/81/8589 1973/1346/8589 1972/1345/8589
f 119/4514/8590 127/80/8590 1590/1085/8590
f 1485/150/8591 1491/3582/8591 227/148/8591
f 1544/4806/8592 1545/4353/8592 1549/4322/8592
f 1587/4364/8593 1520/1047/8593 1586/4362/8593
f 3272/4049/8594 3249/2835/8594 3270/2834/8594
f 1605/1060/8595 4437/4366/8595 1554/1058/8595
f 1666/1158/8596 1686/4372/8596 1706/1179/8596
f 1718/4378/8597 1709/3737/8597 1692/4375/8597
f 3/2/8598 1783/1223/8598 1784/1224/8598
f 632/427/8599 2241/3601/8599 633/428/8599
f 4479/1649/8600 3263/3229/8600 2303/4407/8600
f 2361/1808/8601 1256/3399/8601 1735/4295/8601
f 2410/4807/8602 832/2276/8602 2411/4808/8602
f 4473/4035/8603 2382/4779/8603 2628/4418/8603
f 4296/4417/8604 4423/4809/8604 4473/4035/8604
f 4296/4417/8605 4127/4810/8605 4423/4809/8605
f 2256/1665/8606 2436/4428/8606 2440/4427/8606
f 3580/2632/8607 3560/2631/8607 3590/2646/8607
f 3560/2631/8608 3587/2633/8608 2063/4434/8608
f 1231/834/8609 1228/2671/8609 1219/835/8609
f 4157/3752/8610 62/4184/8610 4323/3753/8610
f 2814/1982/8611 1556/1064/8611 301/1068/8611
f 320/243/8612 2814/1982/8612 247/162/8612
f 2833/1956/8613 2840/1980/8613 2835/1957/8613
f 4507/4205/8614 278/181/8614 4508/4456/8614
f 2849/1968/8615 2852/1970/8615 2855/1972/8615
f 4477/4174/8616 4157/3752/8616 4316/3750/8616
f 2246/1565/8617 2436/4428/8617 2239/1561/8617
f 2264/4461/8618 3963/3504/8618 2260/2756/8618
f 2892/2030/8619 2800/4588/8619 2802/2029/8619
f 2668/2442/8620 2667/1849/8620 71/29/8620
f 4521/4481/8621 4522/4485/8621 3006/4484/8621
f 4521/4481/8622 135/85/8622 4522/4485/8622
f 3006/4484/8623 4522/4485/8623 2655/4483/8623
f 120/79/8624 125/78/8624 2655/4483/8624
f 2146/2300/8625 3244/4762/8625 3188/3474/8625
f 2162/4502/8626 3203/4505/8626 3244/4811/8626
f 797/549/8627 2392/2822/8627 794/546/8627
f 2/4387/8628 25/4015/8628 12/4395/8628
f 3322/2413/8629 2276/2412/8629 2277/2791/8629
f 3969/2220/8630 3349/3097/8630 3138/2426/8630
f 3896/4530/8631 2767/1911/8631 2773/3330/8631
f 3896/4530/8632 1851/3329/8632 1850/4532/8632
f 2768/1910/8633 2767/1911/8633 2766/4531/8633
f 1910/3995/8634 2808/3994/8634 4466/3998/8634
f 1628/3500/8635 2819/3991/8635 2809/4537/8635
f 2857/1973/8636 4346/1975/8636 2858/3923/8636
f 2831/2012/8637 281/4549/8637 1527/2011/8637
f 3932/3984/8638 2826/4550/8638 2825/3983/8638
f 2825/3983/8639 2827/3976/8639 1574/1985/8639
f 2961/4566/8640 498/4094/8640 1311/4563/8640
f 2957/2084/8641 1382/2082/8641 2966/3224/8641
f 2981/4788/8642 2984/2109/8642 2980/4789/8642
f 2064/2108/8643 1375/3189/8643 4463/3971/8643
f 2977/2106/8644 1524/1123/8644 2982/1125/8644
f 2349/3053/8645 4516/4414/8645 2352/3054/8645
f 2547/3128/8646 2546/3598/8646 3068/3599/8646
f 2545/4431/8647 2546/3598/8647 2547/3128/8647
f 3434/2524/8648 2815/1948/8648 3668/3048/8648
f 3690/4812/8649 3688/2754/8649 3687/2753/8649
f 3687/2753/8650 1856/2765/8650 3690/4812/8650
f 1860/1274/8651 1856/2765/8651 3687/2753/8651
f 2657/2125/8652 2988/4482/8652 125/78/8652
f 1859/2766/8653 1856/2765/8653 1860/1274/8653
f 1811/1270/8654 1847/4328/8654 162/4192/8654
f 3734/4190/8655 3731/2803/8655 111/2807/8655
f 111/2807/8656 112/71/8656 3734/4190/8656
f 3217/4614/8657 3216/2856/8657 3873/4631/8657
f 1440/2905/8658 1364/972/8658 1358/938/8658
f 3245/2330/8659 3180/4621/8659 3179/2325/8659
f 2411/1648/8660 2363/4785/8660 3180/4621/8660
f 2534/1742/8661 3789/1744/8661 3791/4496/8661
f 572/380/8662 568/2959/8662 570/378/8662
f 3850/2960/8663 568/2959/8663 572/380/8663
f 3872/4286/8664 2504/4491/8664 2505/4287/8664
f 2533/2019/8665 3892/2018/8665 2240/4705/8665
f 3920/4634/8666 3910/3040/8666 3794/3019/8666
f 4232/3488/8667 3925/4637/8667 3921/4635/8667
f 3924/3490/8668 3925/4637/8668 4232/3488/8668
f 1397/2914/8669 2377/1624/8669 4303/2915/8669
f 78/2455/8670 4477/4174/8670 4319/2456/8670
f 1911/4733/8671 37/2069/8671 2714/2068/8671
f 3405/1187/8672 2922/1189/8672 3406/4706/8672
f 2922/1189/8673 2921/2043/8673 3406/4706/8673
f 4489/1560/8674 3373/3099/8674 3371/2447/8674
f 3659/2738/8675 3663/2740/8675 3983/3114/8675
f 4284/4656/8676 3981/3113/8676 3982/2747/8676
f 1204/4672/8677 4054/3197/8677 1203/1801/8677
f 4313/3731/8678 4055/4033/8678 1329/3202/8678
f 3582/3718/8679 4076/3220/8679 4078/3622/8679
f 3585/4436/8680 2060/2628/8680 3580/2632/8680
f 4069/2642/8681 3577/2636/8681 3581/2635/8681
f 3577/2636/8682 4518/4432/8682 2066/2634/8682
f 3561/3211/8683 3589/4078/8683 2057/3209/8683
f 4131/3294/8684 2846/4544/8684 3647/4547/8684
f 778/527/8685 764/525/8685 3626/787/8685
f 3991/2734/8686 3650/3593/8686 4293/4699/8686
f 3663/2740/8687 3657/2739/8687 3986/4701/8687
f 3986/4701/8688 3661/2743/8688 3663/2740/8688
f 109/68/8689 186/4670/8689 185/3002/8689
f 3715/3371/8690 110/3370/8690 122/3650/8690
f 2904/3234/8691 3744/70/8691 3741/2806/8691
f 4091/3242/8692 3744/70/8692 2904/3234/8692
f 3998/3131/8693 4152/4793/8693 8/3122/8693
f 1689/4052/8694 2704/4020/8694 2705/1877/8694
f 1622/2121/8695 2996/4171/8695 2992/2114/8695
f 1622/2121/8696 2992/2114/8696 3001/2116/8696
f 3328/2402/8697 3329/2404/8697 4243/3515/8697
f 124/4486/8698 135/85/8698 1954/87/8698
f 1736/1201/8699 1256/4720/8699 3038/1820/8699
f 1256/4720/8700 1736/1201/8700 1735/1200/8700
f 439/288/8701 437/2346/8701 3116/289/8701
f 2501/1724/8702 3781/4718/8702 3873/4631/8702
f 3873/4631/8703 3781/4718/8703 3217/4614/8703
f 512/2886/8704 563/2881/8704 564/2885/8704
f 4471/4722/8705 3244/4811/8705 4122/3283/8705
f 11/4182/8706 40/4026/8706 4118/3278/8706
f 3909/3044/8707 3913/4703/8707 3911/3041/8707
f 4231/4633/8708 3913/4703/8708 3909/3044/8708
f 4425/3801/8709 4401/3802/8709 4427/4541/8709
f 4502/4139/8710 4427/4541/8710 4401/3802/8710
f 4415/4539/8711 4238/4140/8711 4411/3809/8711
f 4239/3818/8712 4240/3816/8712 2472/4536/8712
f 4259/4731/8713 3284/4730/8713 4409/3529/8713
f 4409/3529/8714 1015/3897/8714 4261/3896/8714
f 1690/2844/8715 106/2952/8715 105/2095/8715
f 3556/1313/8716 3402/3899/8716 3404/2600/8716
f 3190/916/8717 4188/912/8717 1340/914/8717
f 3648/4200/8718 2844/1965/8718 3901/1991/8718
f 3657/2739/8719 3664/2741/8719 3985/4661/8719
f 1338/4291/8720 1104/4700/8720 4527/4659/8720
f 3670/4582/8721 3918/4652/8721 3917/4648/8721
f 3932/3984/8722 1560/4548/8722 1559/1066/8722
f 3933/4551/8723 2858/3923/8723 4346/1975/8723
f 2682/3941/8724 2681/4112/8724 2937/4746/8724
f 515/3433/8725 3018/2135/8725 2222/3432/8725
f 4336/4623/8726 3498/3395/8726 3539/4624/8726
f 3026/2655/8727 2626/2145/8727 519/345/8727
f 398/263/8728 401/265/8728 4455/4453/8728
f 712/4603/8729 1559/1066/8729 1560/4548/8729
f 2/1/8730 4/3/8730 31/4525/8730
f 1695/1174/8731 1712/4338/8731 1699/1178/8731
f 4286/4580/8732 3838/2937/8732 3837/2936/8732
f 4328/4512/8733 3263/3229/8733 4084/3658/8733
f 4240/3816/8734 2301/3247/8734 2472/4536/8734
f 3751/2823/8735 3777/3259/8735 3775/4719/8735
f 519/345/8736 2626/2145/8736 1341/913/8736
f 3234/2317/8737 2515/1730/8737 3233/2315/8737
f 4188/912/8738 528/927/8738 1341/913/8738
f 1958/3344/8739 3667/1861/8739 1964/3377/8739
f 54/3736/8740 50/4055/8740 48/4185/8740
f 2472/4536/8741 4116/3275/8741 4413/3274/8741
f 4094/3246/8742 4429/4145/8742 2301/3247/8742
f 2334/2344/8743 4263/3862/8743 4251/4422/8743
f 2334/2344/8744 3275/2343/8744 4263/3862/8744
f 4259/4731/8745 4409/3529/8745 1046/3528/8745
f 4171/3390/8746 3633/2723/8746 3494/2725/8746
f 2755/4449/8747 2842/4469/8747 4176/3974/8747
f 1569/3404/8748 1568/1080/8748 4174/4308/8748
f 2832/3403/8749 1569/3404/8749 323/4499/8749
f 3080/2195/8750 3083/3882/8750 3082/3597/8750
f 4444/4090/8751 1955/1337/8751 4523/4741/8751
f 4009/3140/8752 4014/3887/8752 3623/814/8752
f 1199/3909/8753 4445/2704/8753 4446/4664/8753
f 594/394/8754 569/3434/8754 548/1252/8754
f 4079/3443/8755 2969/2579/8755 3532/2578/8755
f 3965/3093/8756 3463/3440/8756 602/3439/8756
f 535/2321/8757 2625/1821/8757 1336/923/8757
f 4195/918/8758 1336/923/8758 2625/1821/8758
f 2972/2102/8759 4182/3945/8759 4457/3944/8759
f 2146/4813/8760 2162/4502/8760 3244/4811/8760
f 2555/4092/8761 2738/4568/8761 3566/3942/8761
f 1506/986/8762 1495/1021/8762 1439/3655/8762
f 1559/1066/8763 667/4076/8763 1558/1067/8763
f 2398/3813/8764 2392/2822/8764 2394/1634/8764
f 930/2356/8765 3291/714/8765 1038/687/8765
f 3685/4589/8766 4145/4410/8766 2820/1951/8766
f 4146/4698/8767 4148/4402/8767 2812/3333/8767
f 4147/4593/8768 223/4773/8768 4146/4698/8768
f 3275/2343/8769 3276/2345/8769 3273/2341/8769
f 4263/3862/8770 3270/2834/8770 3746/3534/8770
f 2146/2300/8771 3188/3474/8771 2145/2282/8771
f 4515/3068/8772 1778/1220/8772 3555/1222/8772
f 612/399/8773 613/1543/8773 607/397/8773
f 3187/2284/8774 2148/2988/8774 2149/1472/8774
f 3252/2332/8775 2384/4342/8775 2409/1646/8775
f 3266/1826/8776 4127/3576/8776 2409/1646/8776
f 3315/2393/8777 2378/1625/8777 2282/1813/8777
f 2613/1823/8778 2282/1813/8778 2284/4330/8778
f 2508/4620/8779 4211/4493/8779 2509/2314/8779
f 3228/2312/8780 2509/2314/8780 2505/4287/8780
f 3228/2312/8781 3876/4782/8781 3231/4044/8781
f 2505/4287/8782 3876/4782/8782 3228/2312/8782
f 1815/1253/8783 134/1891/8783 1826/4160/8783
f 1852/3014/8784 3703/2774/8784 2770/1915/8784
f 3244/4811/8785 3203/4505/8785 4122/3283/8785
f 933/4176/8786 2420/4787/8786 2419/2770/8786
f 4065/3219/8787 2057/3209/8787 4058/3625/8787
f 2070/2607/8788 2075/3198/8788 2074/3722/8788
f 3455/3741/8789 3471/3743/8789 3456/3613/8789
f 2134/2675/8790 2609/3169/8790 4390/2699/8790
f 2135/2678/8791 2609/3169/8791 2134/2675/8791
f 1222/2688/8792 1202/2701/8792 2594/2700/8792
f 3979/3793/8793 3691/3789/8793 3692/3992/8793
f 4371/4433/8794 4370/3716/8794 4372/3943/8794
f 4113/3269/8795 2015/1391/8795 2019/3267/8795
f 3178/4383/8796 2159/2296/8796 3177/2275/8796
f 3284/4730/8797 4257/3527/8797 1015/3897/8797
f 4436/3953/8798 4257/3527/8798 4260/3526/8798
f 2795/4430/8799 2011/4123/8799 4123/4122/8799
f 4239/3818/8800 4414/3820/8800 1821/3815/8800
f 4408/3808/8801 4239/3818/8801 4412/3817/8801
f 3919/3771/8802 4374/4126/8802 250/1949/8802
f 266/176/8803 4374/4126/8803 179/365/8803
f 3186/2281/8804 3185/2280/8804 2167/4504/8804
f 4235/3827/8805 4282/3668/8805 4329/3657/8805
f 2818/3501/8806 1628/3500/8806 1637/3457/8806
f 4164/3368/8807 1797/2026/8807 2896/2025/8807
f 2895/2024/8808 4366/4153/8808 2897/2027/8808
f 3745/3235/8809 4082/4814/8809 2904/3234/8809
f 1776/2973/8810 3534/4734/8810 1775/3903/8810
f 2996/4171/8811 3375/4170/8811 53/1113/8811
f 3898/3018/8812 2978/2828/8812 2996/4171/8812
f 61/3017/8813 2978/2828/8813 3898/3018/8813
f 4211/4493/8814 3870/4138/8814 2511/4494/8814
f 3673/2749/8815 2365/3397/8815 3037/3398/8815
f 1775/3903/8816 3534/4734/8816 4159/3354/8816
f 1826/4160/8817 3407/2490/8817 3364/2489/8817
f 2834/1958/8818 281/4549/8818 2831/2012/8818
f 2618/2624/8819 2737/4678/8819 2555/4092/8819
f 2236/1559/8820 4459/1674/8820 2012/1673/8820
f 736/3652/8821 2268/4683/8821 526/1558/8821
f 4085/3649/8822 2012/1673/8822 737/3233/8822
f 2236/1559/8823 4085/3649/8823 525/1557/8823
f 2077/2810/8824 3736/2809/8824 4256/3525/8824
f 2050/4354/8825 1578/1413/8825 1591/1406/8825
f 1973/1346/8826 1591/1406/8826 1525/1344/8826
f 2643/1838/8827 1360/2660/8827 1361/3962/8827
f 2346/2370/8828 2386/2362/8828 2381/1629/8828
f 1475/1217/8829 4045/3180/8829 1643/1124/8829
f 1474/3187/8830 4045/3180/8830 1475/1217/8830
f 1375/3189/8831 2985/4569/8831 1430/3970/8831
f 2735/4444/8832 994/4679/8832 2683/4442/8832
f 2363/1622/8833 819/571/8833 2364/1623/8833
f 832/2276/8834 945/624/8834 819/571/8834
f 367/231/8835 366/230/8835 2828/246/8835
f 667/4076/8836 556/417/8836 1558/1067/8836
f 180/366/8837 3918/4652/8837 4488/4077/8837
f 4488/4077/8838 226/367/8838 180/366/8838
f 179/365/8839 226/367/8839 480/171/8839
f 226/367/8840 384/264/8840 257/4075/8840
f 2484/1707/8841 2481/1704/8841 3201/3045/8841
f 10/4815/8842 40/4026/8842 11/4182/8842
f 12/4396/8843 1783/1223/8843 3/2/8843
f 104/2964/8844 107/66/8844 2704/4020/8844
f 128/77/8845 2979/4816/8845 125/78/8845
f 127/80/8846 128/77/8846 1970/1850/8846
f 3734/4188/8847 122/3650/8847 110/3370/8847
f 3731/2803/8848 113/4189/8848 3525/3301/8848
f 3731/2803/8849 3525/3301/8849 123/2804/8849
f 1521/1048/8850 1520/1047/8850 3025/1059/8850
f 131/92/8851 152/84/8851 133/83/8851
f 1606/4487/8852 1605/1060/8852 3025/1059/8852
f 131/92/8853 141/3653/8853 152/84/8853
f 4330/3654/8854 157/3662/8854 158/3661/8854
f 120/79/8855 1954/87/8855 3003/2122/8855
f 1954/87/8856 120/79/8856 124/4486/8856
f 439/288/8857 425/280/8857 423/279/8857
f 135/85/8858 124/4486/8858 4522/4485/8858
f 260/178/8859 263/4203/8859 2817/194/8859
f 286/227/8860 288/4206/8860 285/282/8860
f 287/4209/8861 285/282/8861 288/4206/8861
f 363/4210/8862 285/282/8862 287/4209/8862
f 4337/4207/8863 399/261/8863 287/4209/8863
f 381/272/8864 1556/1064/8864 374/245/8864
f 349/271/8865 1556/1064/8865 381/272/8865
f 302/236/8866 308/239/8866 263/4203/8866
f 387/278/8867 268/3686/8867 269/226/8867
f 308/239/8868 302/236/8868 370/235/8868
f 345/4222/8869 308/239/8869 309/4220/8869
f 346/237/8870 308/239/8870 345/4222/8870
f 432/4227/8871 383/249/8871 283/259/8871
f 372/4221/8872 445/291/8872 371/4213/8872
f 409/295/8873 371/4213/8873 445/291/8873
f 383/249/8874 432/4227/8874 364/4231/8874
f 364/4231/8875 432/4227/8875 431/257/8875
f 309/4220/8876 378/299/8876 345/4222/8876
f 410/300/8877 378/299/8877 309/4220/8877
f 378/299/8878 355/301/8878 441/224/8878
f 372/4221/8879 360/293/8879 445/291/8879
f 441/224/8880 354/223/8880 375/4223/8880
f 454/4232/8881 353/222/8881 441/224/8881
f 3904/3031/8882 4472/3030/8882 2242/3840/8882
f 3018/2135/8883 520/346/8883 1337/2134/8883
f 786/538/8884 743/4239/8884 427/4238/8884
f 834/1638/8885 831/566/8885 833/567/8885
f 125/78/8886 2988/4482/8886 3006/4484/8886
f 835/4251/8887 831/566/8887 834/1638/8887
f 4494/4441/8888 1872/1303/8888 680/1496/8888
f 1898/1304/8889 1872/1303/8889 4494/4441/8889
f 1215/1483/8890 1210/2683/8890 4036/2687/8890
f 4390/2699/8891 2609/3169/8891 1221/3777/8891
f 926/4271/8892 912/637/8892 934/682/8892
f 978/649/8893 936/666/8893 4261/3896/8893
f 917/655/8894 912/637/8894 959/4274/8894
f 967/636/8895 966/635/8895 970/4272/8895
f 970/4272/8896 919/3868/8896 967/636/8896
f 1328/3200/8897 4054/3197/8897 1204/4672/8897
f 1007/4280/8898 920/3869/8898 922/4275/8898
f 968/641/8899 1031/704/8899 961/639/8899
f 981/676/8900 1046/3528/8900 998/677/8900
f 1048/4281/8901 4259/4731/8901 1046/3528/8901
f 1037/4279/8902 1056/703/8902 1027/726/8902
f 1031/704/8903 1056/703/8903 1037/4279/8903
f 1037/4279/8904 920/3869/8904 961/639/8904
f 1042/691/8905 968/641/8905 1005/671/8905
f 4521/4481/8906 3006/4484/8906 2988/4482/8906
f 989/681/8907 1023/723/8907 1022/701/8907
f 1023/723/8908 1034/697/8908 1022/701/8908
f 1057/705/8909 1060/727/8909 1056/703/8909
f 1057/705/8910 1071/4289/8910 1119/765/8910
f 1031/704/8911 1071/4289/8911 1057/705/8911
f 4289/4277/8912 1338/4291/8912 1088/3585/8912
f 2830/4772/8913 2800/4588/8913 2801/4587/8913
f 4499/4125/8914 2278/3799/8914 2279/3800/8914
f 3329/2404/8915 2278/3799/8915 4499/4125/8915
f 2278/3799/8916 2274/2403/8916 3327/2794/8916
f 2608/2390/8917 2375/3321/8917 2283/3605/8917
f 2373/1809/8918 2375/3321/8918 2608/2390/8918
f 2373/1809/8919 2361/1808/8919 2375/3321/8919
f 1050/698/8920 1063/4294/8920 1138/748/8920
f 992/661/8921 1098/743/8921 1124/739/8921
f 1138/748/8922 1093/750/8922 1110/760/8922
f 1131/749/8923 1094/724/8923 1091/4296/8923
f 1066/711/8924 1110/760/8924 1093/750/8924
f 1146/4298/8925 1090/720/8925 1133/4297/8925
f 1145/792/8926 4510/763/8926 1140/764/8926
f 1075/774/8927 1151/785/8927 1127/784/8927
f 1160/4300/8928 1133/4297/8928 1161/778/8928
f 1160/4300/8929 1148/794/8929 1107/4301/8929
f 1106/4304/8930 1107/4301/8930 1148/794/8930
f 1155/783/8931 1158/4303/8931 1153/4299/8931
f 1148/794/8932 1121/756/8932 1106/4304/8932
f 1106/4304/8933 1121/756/8933 1153/4299/8933
f 301/1068/8934 1556/1064/8934 300/1983/8934
f 135/85/8935 4521/4481/8935 4505/2127/8935
f 1563/1987/8936 3934/1081/8936 1568/1080/8936
f 2877/4313/8937 4511/4312/8937 2871/4311/8937
f 2877/4313/8938 1742/2730/8938 4511/4312/8938
f 3487/3305/8939 4500/3307/8939 4137/3679/8939
f 1733/1198/8940 1731/1197/8940 2801/3023/8940
f 4505/2127/8941 4521/4481/8941 3004/4479/8941
f 1726/4317/8942 1732/1199/8942 1733/1198/8942
f 1811/1270/8943 3706/1909/8943 1809/1908/8943
f 194/4738/8944 3706/4737/8944 192/4817/8944
f 192/4323/8945 3706/1909/8945 140/1269/8945
f 4438/4365/8946 2987/1097/8946 4437/4366/8946
f 131/92/8947 144/91/8947 192/4323/8947
f 1838/3010/8948 1839/2777/8948 1832/4326/8948
f 1739/3360/8949 1753/4385/8949 4160/1212/8949
f 1897/4388/8950 4160/1212/8950 1753/4385/8950
f 1916/2485/8951 3396/2450/8951 4443/4818/8951
f 4161/1311/8952 3396/2450/8952 1906/2486/8952
f 4156/3352/8953 4154/3350/8953 1713/3735/8953
f 3827/966/8954 1417/2391/8954 1421/968/8954
f 126/1342/8955 125/78/8955 2979/4816/8955
f 4514/81/8956 2979/4816/8956 128/77/8956
f 126/1342/8957 2979/4816/8957 4514/81/8957
f 127/80/8958 119/4514/8958 4514/81/8958
f 4514/81/8959 119/4514/8959 1591/1406/8959
f 119/4514/8960 1576/1077/8960 1546/1848/8960
f 2050/4354/8961 119/4514/8961 1546/1848/8961
f 219/1400/8962 217/138/8962 1478/4351/8962
f 1523/4321/8963 1544/4806/8963 1549/4322/8963
f 1523/4321/8964 1516/1046/8964 1544/4806/8964
f 1516/1046/8965 1578/1413/8965 1544/4806/8965
f 1516/1046/8966 1523/4321/8966 1514/1044/8966
f 4476/1109/8967 1545/4353/8967 1573/1074/8967
f 1541/1071/8968 4476/1109/8968 1517/1076/8968
f 4476/1109/8969 1541/1071/8969 1549/4322/8969
f 1578/1413/8970 1545/4353/8970 1544/4806/8970
f 1549/4322/8971 1545/4353/8971 4476/1109/8971
f 1648/1098/8972 1602/4363/8972 1618/1112/8972
f 1605/1060/8973 1602/4363/8973 1648/1098/8973
f 1587/4364/8974 1605/1060/8974 1606/4487/8974
f 1520/1047/8975 1587/4364/8975 1606/4487/8975
f 4437/4366/8976 2661/2112/8976 1554/1058/8976
f 1548/1091/8977 1596/4360/8977 1581/4367/8977
f 2987/1097/8978 4438/4365/8978 1648/1098/8978
f 1621/1128/8979 1645/4371/8979 1688/1166/8979
f 1593/1139/8980 1694/1180/8980 1686/4372/8980
f 1690/2844/8981 107/66/8981 106/2952/8981
f 1686/4372/8982 1694/1180/8982 1706/1179/8982
f 1670/1164/8983 1711/4374/8983 1671/1162/8983
f 1692/4375/8984 67/3755/8984 1711/4374/8984
f 1711/4374/8985 4382/4377/8985 1692/4375/8985
f 1711/4374/8986 80/30/8986 3377/2453/8986
f 1695/1174/8987 1693/1172/8987 1696/1175/8987
f 1693/1172/8988 1695/1174/8988 1698/1142/8988
f 3377/2453/8989 4382/4377/8989 1711/4374/8989
f 1692/4375/8990 4382/4377/8990 1717/4376/8990
f 1717/4376/8991 3377/2453/8991 1715/3635/8991
f 1718/4378/8992 1717/4376/8992 1715/3635/8992
f 2164/3282/8993 3203/4505/8993 3178/4383/8993
f 2983/2110/8994 3001/2116/8994 2991/2128/8994
f 2919/4384/8995 1739/3360/8995 1748/4798/8995
f 1897/4388/8996 1756/2965/8996 1773/2040/8996
f 1780/4393/8997 1782/2974/8997 1774/2818/8997
f 1827/3013/8998 2774/1919/8998 1814/3667/8998
f 1821/3815/8999 4506/4406/8999 3260/3245/8999
f 3259/4511/9000 3260/3245/9000 2303/4407/9000
f 2978/2828/9001 3740/2811/9001 2992/2114/9001
f 1742/2730/9002 4516/4414/9002 4511/4312/9002
f 2411/4808/9003 832/2276/9003 2363/1622/9003
f 832/2276/9004 2410/4807/9004 945/624/9004
f 2376/3339/9005 4512/4382/9005 2367/1811/9005
f 2375/4819/9006 2376/3339/9006 2613/1823/9006
f 2090/4036/9007 4473/4035/9007 4423/4809/9007
f 2614/4037/9008 2382/4779/9008 4473/4035/9008
f 2628/4418/9009 845/569/9009 4296/4417/9009
f 2059/2639/9010 3585/4436/9010 3590/2646/9010
f 3580/2632/9011 3590/2646/9011 3585/4436/9011
f 3587/2633/9012 4518/4432/9012 2063/4434/9012
f 4369/4106/9013 4371/4433/9013 4518/4432/9013
f 4370/3716/9014 4371/4433/9014 4369/4106/9014
f 2063/4434/9015 4371/4433/9015 4182/3945/9015
f 2072/4435/9016 2073/2608/9016 2071/3723/9016
f 2073/2608/9017 2072/4435/9017 2059/2639/9017
f 2072/4435/9018 2071/3723/9018 3561/3211/9018
f 2123/4263/9019 2130/4264/9019 1235/4438/9019
f 1230/1478/9020 1229/2670/9020 2130/4264/9020
f 1228/2671/9021 1230/1478/9021 1219/835/9021
f 1230/1478/9022 1228/2671/9022 1229/2670/9022
f 3606/2677/9023 1228/2671/9023 1231/834/9023
f 2609/3169/9024 1231/834/9024 1221/3777/9024
f 3606/2677/9025 2609/3169/9025 2135/2678/9025
f 1215/1483/9026 1213/1482/9026 1208/2684/9026
f 1207/1484/9027 1210/2683/9027 2140/1485/9027
f 2011/4123/9028 2794/1387/9028 3592/1386/9028
f 2777/1920/9029 3592/1386/9029 2009/1385/9029
f 4507/4205/9030 274/1979/9030 2836/4455/9030
f 2839/4212/9031 2836/4455/9031 274/1979/9031
f 2922/1189/9032 1928/1188/9032 2924/2048/9032
f 2355/2001/9033 2349/3053/9033 2353/1999/9033
f 2350/4310/9034 2349/3053/9034 2355/2001/9034
f 4345/4466/9035 2355/2001/9035 2869/4403/9035
f 1876/1287/9036 4345/4466/9036 2869/4403/9036
f 2872/2000/9037 2869/4403/9037 2355/2001/9037
f 2352/3054/9038 4520/4468/9038 2353/1999/9038
f 2359/1998/9039 4520/4468/9039 2352/3054/9039
f 2802/2029/9040 2800/4588/9040 2160/4470/9040
f 2905/4244/9041 3726/4472/9041 4048/4820/9041
f 2905/4244/9042 4325/4245/9042 3726/4472/9042
